"alpha","A"
0.9,0.00183722195360347
0.7,-0.0414684809261779
0.5,-0.121848058185085
0.35,-0.292620302332992
0.2,-0.55875682419447
0.1,-0.910316453454209
