"scen","n","rep","m","oracle","G","HL","C","EF","mu","muEF","d","sdHL","sdEF","sdEF_simple","zHL","zEF","pHL_chisq"
"cloglog",16000,701,2,0,8000,6972.00353477217,-1115.96576733378,8087.96930210594,7997.48137781329,7998.74064244952,2.51852927247204,148.991484003221,89.4427167736334,89.4427190999916,-6.88279501276027,0.997606768611969,1
"cloglog",16000,701,2,1,8000,6935.83497528089,-1118.90680151317,8054.74177679406,7996.93325306002,7998.19300878154,2.51951144303557,148.952372905161,89.4348445901101,89.4427190999916,-7.12374201956985,0.632290113229225,1
"cloglog",16000,701,5,0,3200,2825.33670348184,-446.347295185765,3271.68399866761,3197.76149172169,3198.20915077175,2.23829525026482,85.9752832266553,71.5541691391404,71.5541752799933,-4.33176576177172,1.02684230394717,0.999999369251237
"cloglog",16000,701,5,1,3200,2757.89682284807,-446.641776920875,3204.53859976895,3197.41451610237,3197.86228302818,2.23883462908027,85.9524555837342,71.5458232099074,71.5541752799933,-5.11349780840317,0.0933152550523523,0.99999999602332
"cloglog",16000,701,10,0,1600,1459.55607030779,-223.148543687656,1682.70461399544,1597.85583542532,1598.07021429554,2.14378870215247,58.7191050431424,53.6656172041644,53.665631459995,-2.35527712855851,1.57706934363432,0.993989750126452
"cloglog",16000,701,10,1,1600,1487.00793397358,-223.23070124371,1710.23863521729,1597.66153708612,1597.87584367874,2.14306592616366,58.7063232736266,53.6588534822948,53.665631459995,-1.88486685832448,2.09402147542394,0.977186980368891
"cloglog",16000,701,25,0,640,727.281241466091,-89.2812391038085,816.562480569899,637.914874643381,637.998245459937,2.08427041390578,36.3271660709971,35.0541944995504,35.0542436803306,2.46004234539117,5.09394774745865,0.00797751198112257
"cloglog",16000,701,25,1,640,707.351222749725,-89.3400468955924,796.691269645317,637.825586199522,637.909216912883,2.09076783403135,36.3209161094218,35.0496019710581,35.0542436803306,1.9142038251664,4.53020986839014,0.0291280855606356
"cloglog",16000,701,50,0,320,430.130487143692,-44.6270225571707,474.757509700863,317.930892697846,317.972242018726,2.06746604398918,25.4932838578285,25.0438298427217,25.0439613479976,4.40114326077264,6.26043495211265,2.71788785461516e-05
"cloglog",16000,701,50,1,320,414.05338773278,-44.6974223298221,458.750810062602,317.886450178951,317.927841528503,2.06956747758122,25.4893443908475,25.0404952145758,25.0439613479976,3.77282899392107,5.62380924687654,0.000226497714948587
"cloglog",16000,702,2,0,8000,6978.64924551698,-1117.1521147311,8095.80136024809,7997.46188502063,7998.73089571224,2.53802138321193,150.148789332241,89.4427166509717,89.4427190999916,-6.78535367507545,1.08528081626409,1
"cloglog",16000,702,2,1,8000,7047.0945640586,-1115.91274758095,8163.00731163955,7997.09959309847,7998.36466563968,2.53014508242295,150.15249627569,89.4372689810784,89.4427190999916,-6.32693463381124,1.84087291434058,0.999999999999998
"cloglog",16000,702,5,0,3200,2901.86184043209,-446.823836326719,3348.68567675881,3197.75523172411,3198.20414234183,2.24455308860692,86.2968098792195,71.5541688687001,71.5541752799933,-3.42878713252724,2.10304356540161,0.999932013432808
"cloglog",16000,702,5,1,3200,2981.23050577222,-445.841158455853,3427.07166422807,3197.52042360165,3197.9684155427,2.23995970524474,86.2948993881408,71.548405925714,71.5541752799933,-2.50640442671579,3.20207341758589,0.997161393800279
"cloglog",16000,702,10,0,1600,1576.47326698688,-223.44934018369,1799.92260717057,1597.85030359686,1598.0652353815,2.14931784635443,58.8368959128322,53.6656168874547,53.665631459995,-0.3633270633728,3.76139106371219,0.644568686345166
"cloglog",16000,702,10,1,1600,1604.69834836364,-222.951668616241,1827.65001697988,1597.72077689163,1597.93517748739,2.14400595759744,58.8337580700065,53.6609409503262,53.665631459995,0.118598092335163,4.28085746213692,0.448240156383597
"cloglog",16000,702,25,0,640,726.691660752538,-89.406176591315,816.097837343853,637.912723469263,637.996179723467,2.08640635511045,36.357642850676,35.0541933675265,35.0542436803306,2.44182324051914,5.08075184480997,0.00831454000341791
"cloglog",16000,702,25,1,640,741.308111803085,-89.2218209663641,830.529932769449,637.853884940045,637.937382353859,2.08743534534517,36.3548642477777,35.0509874505756,35.0542436803306,2.84567771063438,5.49463979259241,0.00282299501305717
"cloglog",16000,702,50,0,320,436.080108907376,-44.6758342634252,480.755943170801,317.930768963737,317.972120221444,2.06756288533577,25.5041349364478,25.0438273714429,25.0439613479976,4.63255625952608,6.49995787524782,1.17609384371297e-05
"cloglog",16000,702,50,1,320,451.964638042679,-44.5953144483,496.559952490979,317.902690168986,317.944010310618,2.06600708157179,25.5019591510569,25.0414943299698,25.0439613479976,5.25692740230654,7.13279885883618,1.09952146687105e-06
"cloglog",16000,703,2,0,8000,6985.17215655063,-1104.16842234267,8089.3405788933,7997.47126412539,7998.7355850058,2.52864176082161,146.507767120916,89.4427169076666,89.4427190999916,-6.90952519083369,1.01299465199646,1
"cloglog",16000,703,2,1,8000,6907.81379861635,-1103.86302701709,8011.67682563344,7997.4443005982,7998.70458413836,2.52056708031887,146.512503106351,89.4422091975567,89.4427190999916,-7.43711614285167,0.145034895844608,1
"cloglog",16000,703,5,0,3200,2910.20372478056,-441.616787917818,3351.82051269838,3197.75603038512,3198.20478186104,2.24375737958018,85.2896166134613,71.5541690910413,71.5541752799933,-3.37148080882774,2.14684528922263,0.999893959559515
"cloglog",16000,703,5,1,3200,2986.27624751001,-441.322330346145,3427.59857785616,3197.73622555938,3198.18451130651,2.24142873564126,85.2913459489082,71.5536358446794,71.5541752799933,-2.47926651522229,3.20618321964288,0.996530734441083
"cloglog",16000,703,10,0,1600,1484.60705404186,-220.811336612241,1705.4183906541,1597.84939651674,1598.06441949317,2.15022976425895,58.4685830309986,53.6656172182548,53.665631459995,-1.93680668496519,2.00042367395743,0.979494655804931
"cloglog",16000,703,10,1,1600,1591.05364202422,-220.677313342502,1811.73095536672,1597.84026930747,1598.05495896352,2.14689656050881,58.4690773137819,53.6651845212658,53.665631459995,-0.116072077669823,3.98165026933859,0.544292380833802
"cloglog",16000,703,25,0,640,692.645752604048,-88.3323033302198,780.978055934268,637.911569525052,637.9950730103,2.0875871311907,36.2624587482371,35.0541951555413,35.0542436803306,1.50938973716604,4.07891216128424,0.065943011888467
"cloglog",16000,703,25,1,640,757.621065335496,-88.2765689378798,845.897634273375,637.90135759767,637.985057791764,2.09250485235012,36.2624159789304,35.0539013088079,35.0542436803306,3.30148183748669,5.93122501972041,0.00074116176357533
"cloglog",16000,703,50,0,320,388.463652793146,-44.1619621044991,432.625614897645,317.928151606867,317.969555984464,2.07021887984503,25.4702411868983,25.043830739986,25.0439613479976,2.76932992776534,4.57821569326119,0.00418426362300055
"cloglog",16000,703,50,1,320,430.592155938131,-44.1506717232304,474.742827661362,317.926528994108,317.9679107655,2.06908856964233,25.4701163143261,25.0436138816893,25.0439613479976,4.42344375477599,6.26007562792237,2.5494017790288e-05
"cloglog",16000,704,2,0,8000,6881.96309154315,-1072.61215944412,7954.57525098727,7997.47672975407,7998.73831738449,2.52317526083114,148.935926366567,89.4427165511229,89.4427190999916,-7.48988954797505,-0.493758106865897,1
"cloglog",16000,704,2,1,8000,7021.387790626,-1071.17033822109,8092.55812884708,7997.26190586286,7998.52326022363,2.52270872153921,148.939572284454,89.4395944532318,89.4427190999916,-6.5521479635585,1.05137852198812,1
"cloglog",16000,704,5,0,3200,2815.33325556125,-429.093345254387,3244.42660081563,3197.76742623052,3198.21389801164,2.23235890558461,85.9598747190956,71.5541688723081,71.5541752799933,-4.44898473757686,0.645842213421048,0.999999685016317
"cloglog",16000,704,5,1,3200,2972.97445201507,-428.505272709615,3401.47972472469,3197.62007522878,3198.06873123242,2.24328001822078,85.9592786905582,71.5508804382625,71.5541752799933,-2.61339586180569,2.84288596096,0.997974458276531
"cloglog",16000,704,10,0,1600,1451.74575404374,-214.51873748693,1666.26449153067,1597.85778936852,1598.07197270101,2.14183332483048,58.7134599468851,53.6656168906035,53.665631459995,-2.48856114861841,1.27069290880742,0.996076619210056
"cloglog",16000,704,10,1,1600,1529.49861425792,-214.22289040296,1743.72150466088,1597.77859502771,1597.9929672545,2.14372226788601,58.7118852669584,53.6629341769717,53.665631459995,-1.16296692670201,2.7156274557367,0.888317155692663
"cloglog",16000,704,25,0,640,706.251361949718,-85.7836185874846,792.034980537203,637.91180575169,637.995299126465,2.08733436936469,36.3257006839933,35.0541939751482,35.0542436803306,1.88130042672904,4.39432957779445,0.0310906134639085
"cloglog",16000,704,25,1,640,705.03908792459,-85.7149462570766,790.754034181666,637.8810378776,637.96444139333,2.0850878932595,36.324169333271,35.0523618559316,35.0542436803306,1.84885301659127,4.35889579755896,0.0333817316669024
"cloglog",16000,704,50,0,320,401.031436960412,-42.8684275109953,443.899864471407,317.930705111415,317.972057646295,2.06762674402079,25.4927495714014,25.043827285286,25.0439613479976,3.2597790840978,5.02829720835435,0.00107465520694535
"cloglog",16000,704,50,1,320,408.585954178251,-42.8446913434594,451.43064552171,317.915316093833,317.956639505983,2.06617060752388,25.4915311443281,25.042500500683,25.0439613479976,3.55689258409227,5.32989930506685,0.000443381694877862
"cloglog",16000,705,2,0,8000,7080.48757807398,-1103.59470167387,8184.08227974785,7997.47270580051,7998.7363067331,2.52720186517086,149.132241446952,89.4427167912202,89.4427190999916,-6.14880537454212,2.07223102857429,0.999999999999978
"cloglog",16000,705,2,1,8000,6980.5924295303,-1103.57143353397,8084.16386306427,7997.29471715941,7998.55734114358,2.52524796834106,149.11418755712,89.4399516252108,89.4427190999916,-6.81828003280804,0.957139626812579,1
"cloglog",16000,705,5,0,3200,2925.50901917389,-441.423450225566,3366.93246939945,3197.75820674368,3198.20652340549,2.24158330902483,86.0143186944103,71.554169123516,71.5541752799933,-3.16516123945634,2.35801698294777,0.999767974191124
"cloglog",16000,705,5,1,3200,2857.24912586309,-441.870903604563,3299.12002946765,3197.6461057058,3198.09373696663,2.23815630417395,86.0047163735987,71.5513573803146,71.5541752799933,-3.95788736008439,1.41194096380363,0.999994921350222
"cloglog",16000,705,10,0,1600,1566.52715736298,-220.70415072695,1787.23130808993,1597.85402735091,1598.06858719472,2.14559843812472,58.7333951474398,53.6656172503226,53.665631459995,-0.533374069544063,3.52484012273371,0.708359899439837
"cloglog",16000,705,10,1,1600,1479.47645392331,-220.844437115189,1700.3208910385,1597.79185222274,1598.00613240057,2.14280177831548,58.7283420107613,53.6633550787619,53.665631459995,-2.01462180351938,1.90660383585347,0.983776565349164
"cloglog",16000,705,25,0,640,715.677422239459,-88.2899214291548,803.967343668614,637.907937277006,637.991585255748,2.09119946855987,36.3308603274456,35.0541940045295,35.0542436803306,2.14059023820317,4.73483310988177,0.017404956250676
"cloglog",16000,705,25,1,640,706.019590978656,-88.2964564896231,794.316047468279,637.882501663646,637.966061401934,2.08899345719703,36.3285573468925,35.0526583798007,35.0542436803306,1.87557927677627,4.46043162753221,0.0315180970419534
"cloglog",16000,705,50,0,320,404.212014227467,-44.1763411151738,448.388355342641,317.928002417204,317.969409273383,2.07034280892004,25.4945943599092,25.0438285974519,25.0439613479976,3.3844041835765,5.207628121306,0.000744820572604975
"cloglog",16000,705,50,1,320,396.393047644704,-44.1969088417037,440.589956486408,317.913605897737,317.955019547729,2.0706824995946,25.493203277282,25.0427206788368,25.0439613479976,3.07844568975382,4.89702930090642,0.00180478172896929
"cloglog",16000,706,2,0,8000,7003.04385524749,-1024.4042847526,8027.44814000009,7997.46917182414,7998.7345377771,2.53073190590925,151.135611438638,89.4427166335565,89.4427190999916,-6.57968897674649,0.321027841100082,1
"cloglog",16000,706,2,1,8000,6812.48923678345,-1024.84061945811,7837.32985624156,7997.47986698728,7998.73889261879,2.51805126302914,151.13439695854,89.4426876104927,89.4427190999916,-7.84064153528794,-1.80460852294756,1
"cloglog",16000,706,5,0,3200,2947.80496236009,-409.725406073346,3357.53036843344,3197.76750205257,3198.21395831489,2.23228131158072,86.5719984525823,71.55416885745,71.5541752799933,-2.88733706233418,2.22651471832398,0.999325968157086
"cloglog",16000,706,5,1,3200,2935.47685904663,-409.873188590839,3345.35004763747,3197.7649707016,3198.21167838949,2.23353843948284,86.5714357207098,71.554138177727,71.5541752799933,-3.02973041247861,2.0563222895999,0.999622183901006
"cloglog",16000,706,10,0,1600,1577.20177471669,-204.858513817994,1782.06028853469,1597.85682493783,1598.07110450264,2.1427956481,58.9378727554583,53.6656168449212,53.665631459995,-0.350454627143464,3.42843695552255,0.639714876002816
"cloglog",16000,706,10,1,1600,1542.48302358071,-204.898043629391,1747.3810672101,1597.85387006379,1598.06837390966,2.14503845871464,58.9376274901116,53.6655921208536,53.665631459995,-0.939482107459626,2.78227980722155,0.836902261088139
"cloglog",16000,706,25,0,640,734.336844480562,-81.9236717222634,816.260516202826,637.914654076991,637.998033877988,2.08449502493429,36.3838009066585,35.0541944995745,35.0542436803306,2.6501406670221,5.08533956833615,0.00479265585029959
"cloglog",16000,706,25,1,640,649.748129038997,-81.9676520800401,731.715781119037,637.912951437596,637.996386976389,2.08588846982387,36.383723419477,35.0541773489598,35.0542436803306,0.325287697054825,2.67355850943766,0.364850530326465
"cloglog",16000,706,50,0,320,359.518543885522,-40.9989351554568,400.517479040979,317.929850072613,317.971220321018,2.06851242025709,25.5134584598325,25.0438297569287,25.0439613479976,1.63006884693368,3.29607170792733,0.0541548152212198
"cloglog",16000,706,50,1,320,357.286977062011,-41.0128358804144,398.299812942425,317.93014450408,317.971505690163,2.06805930418133,25.5134233899634,25.0438172548372,25.0439613479976,1.54259316581615,3.20751051786032,0.0637401640692738
"cloglog",16000,707,2,0,8000,7094.60428050309,-1056.96918259539,8151.57346309848,7997.49012576701,7998.74501675316,2.50978197231046,145.341575093569,89.4427167763604,89.4427190999916,-6.21216499602852,1.70867401900867,0.999999999999944
"cloglog",16000,707,2,1,8000,7033.9200302623,-1056.82404596266,8090.74407622496,7997.46193831605,7998.72604172095,2.52820680978299,145.343845258908,89.4425754882823,89.4427190999916,-6.62939601148815,1.02879455339553,0.999999999999999
"cloglog",16000,707,5,0,3200,2969.41183459076,-422.807174610553,3392.21900920131,3197.76022391035,3198.20813642396,2.23956256805771,84.9697784756964,71.5541691167264,71.5541752799933,-2.68740713952672,2.71138460794452,0.998255161480811
"cloglog",16000,707,5,1,3200,2979.2455313854,-422.678866099962,3401.92439748536,3197.7408837769,3198.19142803813,2.25272130611132,84.9706762493804,71.5540203561193,71.5541752799933,-2.57142065987847,2.84726097056843,0.997379879579869
"cloglog",16000,707,10,0,1600,1570.69981152446,-211.463947722301,1782.16375924676,1597.8506936338,1598.06558674984,2.14893116042222,58.3520478605591,53.6656171526799,53.665631459995,-0.46529441733078,3.43046781653807,0.682204984347164
"cloglog",16000,707,10,1,1600,1580.01976025589,-211.358723389664,1791.37848364555,1597.84171263043,1598.05715493226,2.15442301824287,58.3523572657969,53.6654961565649,53.665631459995,-0.305419578738908,3.6023393531907,0.620747429194442
"cloglog",16000,707,25,0,640,714.374627154253,-84.5521278184317,798.926754972685,637.906866946515,637.990558784097,2.09229593953246,36.2324150167359,35.0541955751731,35.0542436803306,2.11047925379572,4.5910680176204,0.0189122763352043
"cloglog",16000,707,25,1,640,712.146389626614,-84.559255040985,796.705644667599,637.90143607191,637.98528581736,2.09624363626615,36.2324500061099,35.0541132788517,35.0542436803306,2.04912871037382,4.52786688933292,0.0217526361510077
"cloglog",16000,707,50,0,320,440.413711048972,-42.3001632667979,482.713874315769,317.926691133744,317.968125010124,2.07169381897419,25.4595517964274,25.04383185911,25.0439613479976,4.8110438429798,6.57829641376216,6.27916342966967e-06
"cloglog",16000,707,50,1,320,422.417424757522,-42.3127862970614,464.730211054584,317.925343779514,317.966789407829,2.07228141572304,25.4595350806507,25.0437720007797,25.0439613479976,4.10424152078969,5.86027622525016,7.71859962018549e-05
"cloglog",16000,708,2,0,8000,7101.86117861654,-1099.47875077089,8201.33992938742,7997.47894829962,7998.73942988181,2.52096316438021,146.15894672624,89.4427168348803,89.4427190999916,-6.12769720734647,2.26514250321394,0.999999999999911
"cloglog",16000,708,2,1,8000,6892.33281385682,-1100.71366555387,7993.04647941069,7997.15453416387,7998.41521843615,2.52136854457173,146.131566619884,89.4380066394494,89.4427190999916,-7.56045901554522,-0.0600274897349155,1
"cloglog",16000,708,5,0,3200,2831.3186783031,-439.814701564657,3271.13337986776,3197.76042422647,3198.2082978089,2.23936791210582,85.1938137098162,71.554169245189,71.5541752799933,-4.30127177040735,1.01915909063208,0.99999905344167
"cloglog",16000,708,5,1,3200,2921.65739427243,-439.972854845193,3361.63024911762,3197.55461674369,3198.00243639722,2.23909826762022,85.1785619907058,71.5491871216519,71.5541752799933,-3.23904531871963,2.28692762703502,0.999808720072932
"cloglog",16000,708,10,0,1600,1512.69736591623,-219.945416749899,1732.64278266613,1597.85904318415,1598.07310242299,2.14059238843472,58.4336587979639,53.6656176148868,53.665631459995,-1.45740792241616,2.50755858637152,0.936341268248019
"cloglog",16000,708,10,1,1600,1522.88284266971,-220.173227988181,1743.05607065789,1597.73817565681,1597.95274436692,2.14568710108649,58.4253994598761,53.6615937593018,53.665631459995,-1.28121217277264,2.70404429174865,0.909600235503976
"cloglog",16000,708,25,0,640,705.269409579033,-87.9164125530455,793.185822132079,637.913501850183,637.996928100107,2.0856562481076,36.2534499450885,35.0541952911836,35.0542436803306,1.85791718666419,4.42711329536646,0.0329358450272062
"cloglog",16000,708,25,1,640,689.446820118522,-87.878441937119,777.325262055641,637.859789289426,637.943392617467,2.0900832010267,36.2495602887796,35.0514601069021,35.0542436803306,1.42310776787724,3.97649253449297,0.0775437555554593
"cloglog",16000,708,50,0,320,435.250230277483,-43.9572659442082,479.207496221691,317.929696508644,317.971070255697,2.06868735263731,25.4670349353023,25.0438317871043,25.0439613479976,4.60676062474043,6.43816918020586,1.32406941738524e-05
"cloglog",16000,708,50,1,320,396.809096498847,-43.9604958768097,440.769592375657,317.904141707366,317.945519154504,2.06887235690819,25.4646148543617,25.0418336371016,25.0439613479976,3.09861174978524,4.9047555782488,0.00172414179408497
"cloglog",16000,709,2,0,8000,6798.38817407217,-1226.27313272148,8024.66130679365,7997.47432474004,7998.73711510147,2.52558072284509,158.118475117622,89.4427166152854,89.4427190999916,-7.5834664467634,0.289841282479051,1
"cloglog",16000,709,2,1,8000,6696.71364693051,-1226.19878774604,7922.91243467654,7997.46730856314,7998.72661254229,2.51860795829139,158.121588257691,89.4425004583655,89.4427190999916,-8.22628760541409,-0.8476303488523,1
"cloglog",16000,709,5,0,3200,2786.52911000158,-490.490253414601,3277.01936341618,3197.7591807616,3198.20730082309,2.24060030746493,88.5450536053453,71.5541687688183,71.5541752799933,-4.64430314304077,1.10143215900839,0.999999961799913
"cloglog",16000,709,5,1,3200,2645.8309330504,-490.261985872851,3136.09291892325,3197.75745543932,3198.20413664267,2.23340601676817,88.5463280978917,71.5539508129061,71.5541752799933,-6.23319491892136,-0.868033379202615,0.999999999999892
"cloglog",16000,709,10,0,1600,1496.7137662093,-245.245979828206,1741.9597460375,1597.85997143334,1598.07393545704,2.13964023694249,59.666169159011,53.6656166038132,53.665631459995,-1.69520193184331,2.68115452101676,0.965550812798067
"cloglog",16000,709,10,1,1600,1416.7465110599,-245.100865690753,1661.84737675066,1597.84993871881,1598.06440753542,2.14468816611995,59.6666162768173,53.6654424289978,53.665631459995,-3.03525554086556,1.18852964455888,0.999556585212365
"cloglog",16000,709,25,0,640,727.491924024029,-98.0598313950989,825.551755419128,637.908267473813,637.99190196614,2.09086230818973,36.5732321511977,35.054193426119,35.0542436803306,2.44943231103743,5.35056822369322,0.00786006609818245
"cloglog",16000,709,25,1,640,640.613101192998,-98.0464758765002,738.659577069498,637.906713220116,637.990324455241,2.09028087813429,36.5732878230561,35.0540745759992,35.0542436803306,0.0739990341031416,2.87182742183082,0.46346371536101
"cloglog",16000,709,50,0,320,430.656469949772,-49.0172110253873,479.67368097516,317.92564918189,317.967102558838,2.07266884739627,25.5810731056022,25.0438262127791,25.0439613479976,4.40680577794819,6.45694380093598,2.52674034979063e-05
"cloglog",16000,709,50,1,320,418.771534706648,-49.0244561367383,467.795990843386,317.924961545053,317.966406537019,2.07224959827532,25.5810496520325,25.043738873324,25.0439613479976,3.94223749741958,5.98271628147194,0.000124295036429276
"cloglog",16000,710,2,0,8000,7124.91167283866,-939.473016799456,8064.38468963812,7997.48026819413,7998.74008916661,2.51964194495982,140.443794611879,89.4427170568619,89.4427190999916,-6.21293804946554,0.733928961815608,0.999999999999615
"cloglog",16000,710,2,1,8000,7195.19248460772,-939.705429528703,8134.89791413643,7997.45027417396,7998.71343441328,2.52632047864302,140.439168889436,89.4423901326601,89.4427190999916,-5.71249314497035,1.52259437075816,0.999999999974499
"cloglog",16000,710,5,0,3200,2895.69331224835,-375.767301893071,3271.46061414142,3197.75629686268,3198.20499708612,2.2435011171929,83.6415545951122,71.5541694971884,71.5541752799933,-3.61139849775082,1.02377845442227,0.999951455232045
"cloglog",16000,710,5,1,3200,2895.35662994009,-375.911194765328,3271.26782470542,3197.74233364207,3198.19084115245,2.24253755194183,83.6393543505793,71.5538152442888,71.5541752799933,-3.61535196020888,1.02128703135505,0.999952349046339
"cloglog",16000,710,10,0,1600,1471.46340097114,-187.857069045493,1659.32047001663,1597.85133509725,1598.06616534964,2.14830252390075,57.8703204400492,53.6656178646503,53.665631459995,-2.18398538603301,1.1414068654064,0.98894190311087
"cloglog",16000,710,10,1,1600,1524.40402693907,-187.957511978621,1712.36153891769,1597.83999472604,1598.05512429782,2.15129571779342,57.8692814102164,53.6653301352296,53.665631459995,-1.26899740237677,2.12998623751739,0.904990053948737
"cloglog",16000,710,25,0,640,670.197829111799,-75.1253204598406,745.323149571639,637.907200099548,637.990879274563,2.09197937537612,36.1085897219724,35.0541966632098,35.0542436803306,0.894264474488772,3.06189502296378,0.182673980960263
"cloglog",16000,710,25,1,640,698.559466684164,-75.184666345611,773.744133029775,637.899572382107,637.983414459165,2.09605192643898,36.1081887896897,35.0539999376346,35.0542436803306,1.67994840880465,3.87290234529999,0.0481555221644567
"cloglog",16000,710,50,0,320,442.435871965865,-37.5788103100104,480.014682275875,317.926484205255,317.967923108946,2.07194518453775,25.4155447588548,25.0438356174792,25.0439613479976,4.89894625285301,6.47052478869609,4.66210455123541e-06
"cloglog",16000,710,50,1,320,420.463122969403,-37.6178856894904,458.081008658894,317.922042213679,317.963533714591,2.07457504558863,25.4153290296087,25.0436931466562,25.0439613479976,4.03461551240451,5.59492061030188,9.97805349668183e-05
"cloglog",16000,711,2,0,8000,6971.72396509247,-1054.46535516918,8026.18932026165,7997.47123050443,7998.73556945291,2.52867789694462,146.808408587379,89.4427167035086,89.4427190999916,-6.98697898357404,0.306942273452485,1
"cloglog",16000,711,2,1,8000,7187.26453434468,-1055.10330106678,8242.36783541146,7997.41750535492,7998.68382603975,2.53264136965647,146.801436940243,89.4419837151343,89.4427190999916,-5.51869918916406,2.72449245029972,0.999999999983807
"cloglog",16000,711,5,0,3200,2897.60497690729,-421.806282566517,3319.41125947381,3197.75925997536,3198.20736588153,2.2405295308649,85.3722972441123,71.5541690667872,71.5541752799933,-3.5158276485147,1.6938760546454,0.999946074056044
"cloglog",16000,711,5,1,3200,2874.39968816073,-421.992636951814,3296.39232511255,3197.72164629018,3198.17085520159,2.246044557083,85.3688349349249,71.5533999387639,71.5541752799933,-3.78735352750102,1.37270164653274,0.9999856161548
"cloglog",16000,711,10,0,1600,1524.47656634192,-210.871063785549,1735.34763012747,1597.85840279457,1598.07252564685,2.14122852276962,58.4987445997263,53.6656174170789,53.665631459995,-1.25441728629836,2.55797121299745,0.904766042117211
"cloglog",16000,711,10,1,1600,1524.73312974284,-211.077991926078,1735.81112166891,1597.83450549731,1598.04920039038,2.14694893070633,58.4969910820024,53.6649877272363,53.665631459995,-1.24966044239773,2.56707263176393,0.903970675786408
"cloglog",16000,711,25,0,640,660.696928676573,-84.367443939917,745.06437261649,637.911166838774,637.99468657996,2.08799352964545,36.2702374291804,35.0541952486215,35.0542436803306,0.628222020390383,3.05440433811529,0.258939058375473
"cloglog",16000,711,25,1,640,698.289912011842,-84.3877105282286,782.677622540071,637.901455574124,637.985054917481,2.08998358392129,36.2695011300995,35.05376736676,35.0542436803306,1.66499275027531,4.12773229503986,0.0488708695404868
"cloglog",16000,711,50,0,320,417.271599480921,-42.16793451961,459.439534000531,317.927989729908,317.969397808455,2.07040392735675,25.4730078924899,25.0438323290815,25.0439613479976,3.89995599146743,5.64890126771043,0.000150724977230188
"cloglog",16000,711,50,1,320,406.674638449246,-42.1850480409219,448.859686490168,317.925589715183,317.966966806585,2.06885457014586,25.4725849580883,25.0435215051475,25.0439613479976,3.4841006077745,5.22660998999994,0.00055732831227264
"cloglog",16000,712,2,0,8000,6880.60166361344,-1138.39248258916,8018.9941462026,7997.46639068541,7998.73314730324,2.53351323564869,150.766262722099,89.4427168134831,89.4427190999916,-7.4079220835409,0.226524859945995,1
"cloglog",16000,712,2,1,8000,6807.51828133439,-1138.58793369887,7946.10621503326,7997.44162370889,7998.70814715497,2.53304689216068,150.761911840467,89.4423412786624,89.4427190999916,-7.89273184352854,-0.588109964136839,1
"cloglog",16000,712,5,0,3200,2830.37968475291,-455.410022330406,3285.78970708332,3197.75724661731,3198.20575610024,2.24254741463137,86.4688942537631,71.5541693385889,71.5541752799933,-4.24866728127975,1.22402302748618,0.999999111465464
"cloglog",16000,712,5,1,3200,2878.02954309755,-455.165854709123,3333.19539780668,3197.73888351892,3198.18780931215,2.24462896612479,86.4667245307745,71.5537772186191,71.5541752799933,-3.69748411491616,1.88679890485778,0.999982196653588
"cloglog",16000,712,10,0,1600,1530.50603085231,-227.723908278622,1758.22993913093,1597.85156625841,1598.066372739,2.1480648059385,58.9000274147378,53.6656174489008,53.665631459995,-1.14338716571206,2.98447262894968,0.884790993638716
"cloglog",16000,712,10,1,1600,1526.63190487065,-227.659349294169,1754.29125416482,1597.84415680527,1598.0587798584,2.14623053127252,58.8989545047419,53.6652964695212,53.665631459995,-1.2090579965878,2.91123844615586,0.897934942611795
"cloglog",16000,712,25,0,640,693.112420294447,-91.0743932949872,784.186813589434,637.908336484566,637.991969846901,2.09083405837417,36.3740017165417,35.0541959763882,35.0542436803306,1.5176796944169,4.17053763951702,0.0643721606975168
"cloglog",16000,712,25,1,640,725.069333822738,-91.0442067211354,816.113540543874,637.908208851276,637.991691319407,2.08706170329036,36.3735769286216,35.0539795097872,35.0542436803306,2.39627587747295,5.08135885612457,0.00930832129366742
"cloglog",16000,712,50,0,320,444.550938708135,-45.5267128299252,490.07765153806,317.926549324711,317.96798628496,2.07184801245248,25.509976738996,25.0438329507233,25.0439613479976,4.96372029966843,6.87233721737985,3.4031080315603e-06
"cloglog",16000,712,50,1,320,469.791815441124,-45.5000888200469,515.291904261171,317.928480765349,317.969838902177,2.06790684143996,25.5097424461365,25.0436747020997,25.0439613479976,5.95315044816438,7.87911788929481,6.17560034083407e-08
"cloglog",16000,713,2,0,8000,6988.56128778507,-1076.16909602264,8064.73038380771,7997.47381727036,7998.73686149132,2.52608844191873,155.485111574937,89.4427168027774,89.4427190999916,-6.4888047432055,0.737830028820627,1
"cloglog",16000,713,2,1,8000,7088.14995209132,-1075.02503893898,8163.1749910303,7996.95029666266,7998.20897934325,2.51736536117708,155.433772405302,89.4345771965056,89.4427190999916,-5.84686539165754,1.84454398799913,0.999999999999963
"cloglog",16000,713,5,0,3200,2882.25864291578,-430.463118963772,3312.72176187956,3197.76651405687,3198.21316760181,2.23326772471068,87.7957565963647,71.5541689034665,71.5541752799933,-3.593657408656,1.60030639769191,0.999977244848383
"cloglog",16000,713,5,1,3200,2938.98879849553,-429.229539584585,3368.21833808011,3197.42574324387,3197.87327022393,2.2376349002886,87.7676508098455,71.5459585495662,71.5541752799933,-2.94455807309081,2.38091810228762,0.999553241497283
"cloglog",16000,713,10,0,1600,1471.57117848924,-215.23023795618,1686.80141644542,1597.85878476771,1598.07286716279,2.14082395077429,59.3887136063563,53.6656165807741,53.665631459995,-2.12645801886767,1.65335935624781,0.9888831596332
"cloglog",16000,713,10,1,1600,1550.61008378696,-214.980421750041,1765.590505537,1597.66834994448,1597.8825627729,2.14212828420583,59.3737882453872,53.6590143738102,53.665631459995,-0.792576447422109,3.12543837640733,0.798106789384911
"cloglog",16000,713,25,0,640,612.381414814304,-86.1001842002567,698.481599014561,637.912570425675,637.996032497236,2.086551789014,36.5009106885944,35.054193087444,35.0542436803306,-0.699466263436233,1.72548734373779,0.760616068579785
"cloglog",16000,713,25,1,640,709.232202578109,-86.1935512035518,795.425753781661,637.831047086938,637.914534909691,2.08719556881842,36.4940903751791,35.0496958247437,35.0542436803306,1.95651281500998,4.4939396809479,0.0260147835864298
"cloglog",16000,713,50,0,320,355.82398602195,-42.9982350199946,398.822221041945,317.929462372866,317.970839177789,2.06884024614162,25.5552401124614,25.0438251313886,25.0439613479976,1.48284748968589,3.22839587962226,0.0707330402833701
"cloglog",16000,713,50,1,320,399.35465287824,-43.0406646640235,442.395317542263,317.887583213741,317.928976510965,2.06966486120711,25.5511628704181,25.0405883700648,25.0439613479976,3.18838990137772,4.97058372558423,0.00129907052854129
"cloglog",16000,714,2,0,8000,6938.49758332462,-1054.12443292891,7992.62201625353,7997.47675926203,7998.73833121422,2.52314390439107,157.747862275557,89.442716543929,89.4427190999916,-6.71311268920753,-0.0683824820737504,1
"cloglog",16000,714,2,1,8000,7040.24619210498,-1055.74266885251,8095.98886095748,7996.58381537618,7997.84290188208,2.51817301180323,157.689152525296,89.429093818648,89.4427190999916,-6.06470139483941,1.09747236480366,0.999999999999998
"cloglog",16000,714,5,0,3200,2907.29293749469,-421.698349506448,3328.99128700114,3197.77055755653,3198.21640205897,2.22922251218858,88.4392232268408,71.5541687127214,71.5541752799933,-3.2844885952558,1.82763474574361,0.999909065064183
"cloglog",16000,714,5,1,3200,2903.5532395339,-422.875444904443,3326.42868443834,3197.1956945669,3197.6418903563,2.23097894701558,88.4030505530452,71.5401181428591,71.5541752799933,-3.3216326042596,1.80020382164954,0.999925525452442
"cloglog",16000,714,10,0,1600,1543.12629849973,-210.884050363104,1754.01034886283,1597.86136827531,1598.07519252523,2.13824249923992,59.6269185921822,53.6656164962636,53.665631459995,-0.917959053861892,2.90568089063986,0.834015978953467
"cloglog",16000,714,10,1,1600,1515.9477748545,-211.046437406104,1726.9942122606,1597.54474312436,1597.7578379683,2.13094843934794,59.6062647458651,53.654295990058,53.665631459995,-1.36893275594026,2.40868642310123,0.928562551808825
"cloglog",16000,714,25,0,640,699.887704924044,-84.3519584035216,784.239663327566,637.917734350119,638.000989376008,2.08137564724019,36.562990618728,35.0541923260118,35.0542436803306,1.69488243508681,4.17178842951239,0.0447546274575149
"cloglog",16000,714,25,1,640,706.776004863701,-84.4280447109349,791.204049574636,637.782478379058,637.865649371626,2.07927481421414,36.5527570676633,35.0465514289255,35.0542436803306,1.88750540368071,4.37527785048922,0.0301409826459823
"cloglog",16000,714,50,0,320,422.641236122515,-42.1563313079259,464.79756743044,317.935925215259,317.977172759147,2.06237719439524,25.5774158516799,25.0438249630702,25.0439613479976,4.09366260901524,5.86253876505669,7.49343866654302e-05
"cloglog",16000,714,50,1,320,443.163589969547,-42.1744006343472,485.337990603894,317.869201615865,317.910376364017,2.05873740761003,25.5709176506174,25.0382766097386,25.0439613479976,4.89987845041833,6.68686654634835,4.18516366891671e-06
"cloglog",16000,715,2,0,8000,7070.11283932065,-997.006407091099,8067.11924641175,7997.47064618468,7998.73527615869,2.52925994800733,146.608888487464,89.4427167824013,89.4427190999916,-6.32538597373876,0.764556050096596,0.999999999999989
"cloglog",16000,715,2,1,8000,7190.58845759771,-996.819442947806,8187.40790054551,7997.47316638483,7998.73162895881,2.51692514794288,146.606088476616,89.442577628067,89.4427190999916,-5.50375988590561,2.10946818160014,0.999999999980399
"cloglog",16000,715,5,0,3200,2882.28976426744,-398.83423560951,3281.12399987695,3197.75588841491,3198.20466840777,2.24389996431062,85.3174217503165,71.5541691103245,71.5541752799933,-3.69755810332259,1.15883298625585,0.999977203997611
"cloglog",16000,715,5,1,3200,2867.29148725095,-398.964842889773,3266.25633014073,3197.75786793928,3198.20501094707,2.23571503894804,85.3160821939457,71.5540201142433,71.5541752799933,-3.87343595943714,0.951048160327099,0.999990594185426
"cloglog",16000,715,10,0,1600,1542.2238491363,-199.372083808923,1741.59593294523,1597.85434438833,1598.06887262898,2.14528240644832,58.4787273057152,53.6656172793891,53.665631459995,-0.951294561545509,2.67446956901718,0.838056089869493
"cloglog",16000,715,10,1,1600,1543.44518222431,-199.482911225307,1742.92809344962,1597.8517701607,1598.06620900719,2.14438846497914,58.4781177785796,53.6654970017044,53.665631459995,-0.930375155752968,2.69934860451999,0.832573332897684
"cloglog",16000,715,25,0,640,678.92907359216,-79.7520871714777,758.681160763638,637.91403276297,637.997437954318,2.08512978370407,36.2650771903371,35.0541954753505,35.0542436803306,1.13097900257934,3.44277542738594,0.126989700210267
"cloglog",16000,715,25,1,640,665.726398358831,-79.7654964811342,745.491894839966,637.913886727269,637.997238301485,2.0837893554198,36.2648599226871,35.05411300594,35.0542436803306,0.766927314509305,3.06653477497106,0.216572664253302
"cloglog",16000,715,50,0,320,391.9233254713,-39.7971944197301,431.720519891031,317.93173135697,317.973064603161,2.06666230955391,25.4711755051865,25.0438325321458,25.0439613479976,2.90491477706886,4.54193483133483,0.00291993420047274
"cloglog",16000,715,50,1,320,393.223058816342,-39.8806323856049,433.103691201947,317.933033327551,317.974325323202,2.06459978252482,25.4710670567756,25.0437726478311,25.0439613479976,2.95590386225154,4.59712550092632,0.00254350729626433
"cloglog",16000,716,2,0,8000,6891.62564339259,-1089.85286134553,7981.47850473812,7997.48377390295,7998.74183891439,2.51613002287119,148.368773148732,89.442716730062,89.4427190999916,-7.4534425744816,-0.193009948796239,1
"cloglog",16000,716,2,1,8000,6973.28352718903,-1090.25601122923,8063.53953841826,7997.10694187302,7998.36461774788,2.51535174971208,148.337203663972,89.4371989225954,89.4427190999916,-6.90200023591693,0.72872274015183,1
"cloglog",16000,716,5,0,3200,2877.25484151626,-435.998749085247,3313.25359060151,3197.75055730872,3198.20040403017,2.24923360724945,85.80281338011,71.5541691606955,71.5541752799933,-3.73525882388781,1.60791730126805,0.999982985385052
"cloglog",16000,716,5,1,3200,2888.57095464867,-435.561126227732,3324.1320808764,3197.52951267091,3197.97558031448,2.23033821785089,85.7852896155595,71.5483828257631,71.5541752799933,-3.60153307643785,1.76323343141303,0.999967379863654
"cloglog",16000,716,10,0,1600,1517.68516548586,-217.962195270235,1735.64736075609,1597.85232815034,1598.06705844009,2.14730289748073,58.6559996116898,53.6656174469213,53.665631459995,-1.36673423341523,2.56365823894741,0.924120815826507
"cloglog",16000,716,10,1,1600,1499.47169458656,-217.574827035357,1717.04652162191,1597.72295282171,1597.93726158742,2.14308765704504,58.6464824799682,53.6609736625311,53.665631459995,-1.67531374569169,2.21966266925312,0.961482224365117
"cloglog",16000,716,25,0,640,675.39311713221,-87.1580347112098,762.55115184342,637.913424075194,637.996853534875,2.08573649199963,36.3108548412185,35.054195483709,35.0542436803306,1.03218977412976,3.55319232376709,0.147872377820334
"cloglog",16000,716,25,1,640,718.966964675233,-87.0157533861564,805.98271806139,637.853689745914,637.937236508338,2.08866906058442,36.3063622920347,35.051041611572,35.0542436803306,2.23413390404894,4.79430778164299,0.0140546809947115
"cloglog",16000,716,50,0,320,409.179766873071,-43.572295169742,452.752062042813,317.93187356388,317.97320359448,2.06650152998293,25.4874715954342,25.0438311103049,25.0439613479976,3.58010769987624,5.38171886939755,0.000412701404238365
"cloglog",16000,716,50,1,320,440.019760913421,-43.5346625900312,483.554423503453,317.89982666116,317.941216195029,2.06947669345887,25.4846937309501,25.0415406748487,25.0439613479976,4.79189334357005,6.61353905731378,6.65177091929539e-06
"cloglog",16000,717,2,0,8000,6900.97012001717,-1058.49901063306,7959.46913065023,7997.47363719799,7998.73677085805,2.52626732011614,156.172981751896,89.4427167338157,89.4427190999916,-7.02108331979455,-0.439025575717731,1
"cloglog",16000,717,2,1,8000,6984.24590816677,-1059.61896212023,8043.864870287,7997.42253919744,7998.68408021517,2.52308203545353,156.164350391731,89.4419026959094,89.4427190999916,-6.48788682237119,0.505141200153549,1
"cloglog",16000,717,5,0,3200,2864.03290596983,-423.420383898869,3287.4532898687,3197.76112902928,3198.20886019624,2.2386558348071,87.9908811286614,71.5541690103811,71.5541752799933,-3.79275919025591,1.24722893028796,0.999992282925181
"cloglog",16000,717,5,1,3200,2765.76103291748,-423.718991668047,3189.48002458553,3197.72475592262,3198.17284312817,2.2404360277834,87.9863745517072,71.5533242532845,71.5541752799933,-4.90943882170398,-0.121487277262988,0.999999992473099
"cloglog",16000,717,10,0,1600,1475.92427448007,-211.718062932211,1687.64233741229,1597.85811177503,1598.07226282271,2.14151047675048,59.4608658700599,53.6656170565184,53.665631459995,-2.05065694067458,1.6690402440588,0.986275400867894
"cloglog",16000,717,10,1,1600,1550.78153752897,-211.941177246196,1762.72271477516,1597.83716288784,1598.05146024837,2.14297360523635,59.4586545967312,53.6649369045193,53.665631459995,-0.791400775514063,3.06850737232357,0.79723451380429
"cloglog",16000,717,25,0,640,652.228754982073,-84.6789296760853,736.907684658158,637.911961184117,637.995447988168,2.08717010126657,36.5197015377654,35.0541936857513,35.0542436803306,0.392029321026904,2.82169481793545,0.339424066280924
"cloglog",16000,717,25,1,640,678.63707967158,-84.7620036216307,763.399083293211,637.906074206512,637.989462729112,2.08471306501598,36.5188139794391,35.0537299966864,35.0542436803306,1.11534305270705,3.57763982822808,0.12862952351706
"cloglog",16000,717,50,0,320,369.140699847083,-42.3561183321287,411.496818179212,317.932474777036,317.973791908385,2.06585656745573,25.5619534460101,25.0438274996341,25.0439613479976,2.00329858115912,3.73437431926862,0.0253248000428117
"cloglog",16000,717,50,1,320,388.241327962359,-42.3843069611733,430.625634923532,317.929118622741,317.970418019509,2.06496983844096,25.561461649811,25.0434929301623,25.0439613479976,2.75071161042693,4.49838276226799,0.00428049960394307
"cloglog",16000,718,2,0,8000,7068.01727888743,-1006.28244062317,8074.2997195106,7997.48027930717,7998.74009391422,2.51962921410307,139.800080903957,89.4427170398404,89.4427190999916,-6.64851546873052,0.844782315397757,0.99999999999999
"cloglog",16000,718,2,1,8000,7007.26733558254,-1005.21919241954,8012.48652800208,7996.53653329248,7997.8007616424,2.52845669985159,139.741477665461,89.4294781402238,89.4427190999916,-7.07928107128105,0.164216169713622,1
"cloglog",16000,718,5,0,3200,2882.6988342265,-402.48569926644,3285.18453349294,3197.75878535418,3198.20698712564,2.24100885731388,83.4688335678712,71.554169444298,71.5541752799933,-3.7745819326862,1.21554826284454,0.999976660562335
"cloglog",16000,718,5,1,3200,2880.24243925488,-403.195498030382,3283.43793728526,3197.15839628442,3197.60518174837,2.23392731972073,83.4342890779688,71.5397048803346,71.5541752799933,-3.79838985304217,1.19979185936632,0.999979748896276
"cloglog",16000,718,10,0,1600,1536.60497801403,-201.280067068585,1737.88504508262,1597.85493598019,1598.06940632794,2.1447034775216,57.8079380646116,53.6656178698754,53.665631459995,-1.0595423399758,2.60531126453614,0.861790080905289
"cloglog",16000,718,10,1,1600,1581.38677781998,-201.571266134345,1782.95804395432,1597.51538134037,1597.72987245953,2.14491119163541,57.7880446703723,53.6539004023457,53.665631459995,-0.279099312191408,3.45227784197952,0.611445416991363
"cloglog",16000,718,25,0,640,726.892707129289,-80.4492564474886,807.341963576777,637.914870947194,637.998243514803,2.0843141902174,36.0926006902933,35.0541970409916,35.0542436803306,2.4652653031463,4.83091139882472,0.00819821441270524
"cloglog",16000,718,25,1,640,724.293798380358,-80.6126492658702,804.906447646229,637.766808824262,637.850314524218,2.08764249889828,36.0823650006476,35.0461840657801,35.0542436803306,2.39804096972422,4.76674244501067,0.0098196291259058
"cloglog",16000,718,50,0,320,442.413409974814,-40.2379796811658,482.65138965598,317.931187236007,317.972531282631,2.06720233122726,25.4098604197769,25.0438324516012,25.0439613479976,4.89897310265904,6.57562530381887,4.67763058031547e-06
"cloglog",16000,718,50,1,320,434.177568614849,-40.3474888835933,474.525057498442,317.857422209982,317.898755108847,2.06664494322371,25.4032061113059,25.0379854691733,25.0439613479976,4.57895534505377,6.25554729961936,1.54202014177493e-05
"cloglog",16000,719,2,0,8000,6975.97220278554,-1136.91711224392,8112.88931502946,7997.47628472771,7998.73809653669,2.52362361796433,145.472078153121,89.4427168715576,89.4427190999916,-7.02199415111784,1.27624945311854,1
"cloglog",16000,719,2,1,8000,6952.14308485089,-1136.08887473124,8088.23195958213,7997.37758601032,7998.63953481009,2.52389759954633,145.459784558218,89.4413123906643,89.4427190999916,-7.18572837388666,1.0016895143568,1
"cloglog",16000,719,5,0,3200,2700.15220473592,-454.76996144996,3154.92216618588,3197.75816006156,3198.20648693128,2.24163434860382,85.0055072817252,71.5541693576637,71.5541752799933,-5.85380843239336,-0.60491682223354,0.999999999975271
"cloglog",16000,719,5,1,3200,2861.78920346469,-454.648633402027,3316.43783686672,3197.69636547345,3198.14447542638,2.2405497646237,84.9991329664196,71.5526664773271,71.5541752799933,-3.95188927564077,1.6532348445439,0.999993273765939
"cloglog",16000,719,10,0,1600,1411.59546196388,-227.406515599938,1639.00197756382,1597.85191628989,1598.06668748651,2.14771196623035,58.3650547975679,53.6656173052291,53.665631459995,-3.19123240733721,0.762784295286873,0.999690392127126
"cloglog",16000,719,10,1,1600,1483.00953982325,-227.374340944147,1710.3838807674,1597.81818406849,1598.03279070268,2.14606634189447,58.3618175620506,53.6643935813599,53.665631459995,-1.96718760726,2.09358724783479,0.980919222397314
"cloglog",16000,719,25,0,640,704.9919230618,-90.9746589090952,795.966581970895,637.914107263706,637.997509482083,2.08505545944813,36.2357702285708,35.0541955949861,35.0542436803306,1.8511491648991,4.50642411864121,0.0334736619466468
"cloglog",16000,719,25,1,640,671.386755490496,-90.9595938456278,762.346349336124,637.895063075084,637.978623095216,2.08900050329388,36.2343819277265,35.0533592269585,35.0542436803306,0.924306987827608,3.54795457507138,0.174273619003845
"cloglog",16000,719,50,0,320,417.59166740022,-45.4745307033563,463.066198103576,317.930963946722,317.972312527589,2.06742904332225,25.4607505792409,25.0438325303209,25.0439613479976,3.91428772468142,5.79359750151341,0.000144672706441007
"cloglog",16000,719,50,1,320,417.529762500077,-45.4586354410922,462.988397941169,317.921696666296,317.96307547294,2.06894033221493,25.4599384644436,25.0432222669568,25.0439613479976,3.91234511320168,5.79100089127039,0.000145824997792116
"cloglog",16000,720,2,0,8000,6958.63531091454,-1096.2262222042,8054.86153311874,7997.46953237301,7998.73471772937,2.53037071272405,151.112633554749,89.44271678341,89.4427190999916,-6.87456896899422,0.627516889108865,1
"cloglog",16000,720,2,1,8000,6999.51794578147,-1096.22357668918,8095.74152247065,7997.06920516409,7998.33062994827,2.5228495683692,151.065922578947,89.4365406382702,89.4427190999916,-6.60341685505741,1.08916212352574,1
"cloglog",16000,720,5,0,3200,2775.86034551625,-438.518183912439,3214.37852942869,3197.76108524536,3198.20882614324,2.23870448936371,86.5655792263777,71.5541690919556,71.5541752799933,-4.8737701924896,0.225978492806896,0.99999998323462
"cloglog",16000,720,5,1,3200,2834.09158068324,-439.064594802041,3273.15617548528,3197.49784196853,3197.94642168845,2.24289859962207,86.5415015613135,71.5478973216323,71.5541752799933,-4.19921372669755,1.05118049044459,0.999998860158167
"cloglog",16000,720,10,0,1600,1431.89726716534,-219.275065338458,1651.1723325038,1597.8526815088,1598.06737524292,2.14693734120686,58.9355224115116,53.665616999344,53.665631459995,-2.81588094162786,0.989552719789448,0.998796148019132
"cloglog",16000,720,10,1,1600,1529.98992614454,-219.558063690659,1749.5479898352,1597.70910892183,1597.92352099665,2.1441207481673,58.9229113070981,53.6605235209688,53.665631459995,-1.14928440016053,2.82562410669181,0.886607035391315
"cloglog",16000,720,25,0,640,687.900389258913,-87.7038249007283,775.604214159641,637.911072172161,637.994594568205,2.08805990109851,36.3831970102558,35.054193754119,35.0542436803306,1.37396713852993,3.92562500671597,0.0836941077302634
"cloglog",16000,720,25,1,640,721.827939788557,-87.8814415053347,809.709381293891,637.848311855789,637.931842476857,2.08826552668272,36.3776430052711,35.0507201193535,35.0542436803306,2.30855055454249,4.90082766437049,0.0116146414357977
"cloglog",16000,720,50,0,320,384.188593480904,-43.9061821321404,428.094775613045,317.931044974094,317.972390387219,2.06727065623515,25.5132448540011,25.0438262937067,25.0439613479976,2.59698634516962,4.39718691282803,0.00642664977465872
"cloglog",16000,720,50,1,320,447.027523026298,-43.9535233735008,490.981046399799,317.89423287409,317.935676022821,2.07215743655313,25.509964405023,25.0413104247739,25.0439613479976,5.06207253377357,6.91039595938161,2.34391168059268e-06
"cloglog",16000,721,2,0,8000,6894.0075707884,-996.211175971189,7890.21874675959,7997.47642005766,7998.73816141573,2.52348271614446,157.76085895692,89.4427165489993,89.4427190999916,-6.99456669141602,-1.21328397485209,1
"cloglog",16000,721,2,1,8000,7117.55002374685,-996.267440790393,8113.81746453725,7997.43941801211,7998.70996248603,2.54108894782337,157.764382167998,89.442410780591,89.4427190999916,-5.57723728368737,1.28694543278344,0.999999999999757
"cloglog",16000,721,5,0,3200,2823.47127132878,-398.492175592178,3221.96344692096,3197.75120414704,3198.20091850459,2.24857178774835,88.4429301858105,71.5541686402531,71.5541752799933,-4.23188073972592,0.332091461167576,0.999999445037347
"cloglog",16000,721,5,1,3200,2871.73690142299,-398.737800956252,3270.47470237924,3197.74430678406,3198.19283610399,2.24264659964593,88.4443807231517,71.5538543092248,71.5541752799933,-3.68601603285051,1.01017432216691,0.999987718589386
"cloglog",16000,721,10,0,1600,1497.03284665225,-199.196908456707,1696.22975510896,1597.85035349068,1598.06527918388,2.1492569319581,59.6282895806739,53.6656164585046,53.665631459995,-1.69076637192536,1.8291875208586,0.965098703024208
"cloglog",16000,721,10,1,1600,1514.29073211281,-199.311266392016,1713.60199850483,1597.84226405338,1598.0572797722,2.15015718823076,59.6287719707033,53.6653648260874,53.665631459995,-1.40119491277833,2.15305941005093,0.93261327189157
"cloglog",16000,721,25,0,640,684.909189025031,-79.699621582336,764.608810607367,637.910175669724,637.993733925558,2.08895639585522,36.5633447653654,35.054193470978,35.0542436803306,1.28541340123311,3.61198088287599,0.0966486010737717
"cloglog",16000,721,25,1,640,678.989401816876,-79.6631642041921,758.652566021069,637.902552377273,637.98629128729,2.09347275042474,36.5633753912307,35.0540205244561,35.0542436803306,1.1237159862833,3.44229486171474,0.126652779545405
"cloglog",16000,721,50,0,320,393.790721475091,-39.8409208152193,433.63164229031,317.928566056957,317.969961069297,2.06975061698516,25.5775345211143,25.0438259567097,25.0439613479976,2.96596825450511,4.61837106762138,0.00239355024710144
"cloglog",16000,721,50,1,320,380.785218417231,-39.8005254567605,420.585743873991,317.924129355028,317.965580800427,2.07257226998594,25.5774822971253,25.043698538428,25.0439613479976,2.45767305522751,4.09764408064967,0.00893275078950348
"cloglog",16000,722,2,0,8000,6904.9960992645,-1090.09639226891,7995.0924915334,7997.48463455897,7998.7422695179,2.51526991785511,149.183868694684,89.4427167021687,89.4427190999916,-7.32310098171764,-0.0408057594745448,1
"cloglog",16000,722,2,1,8000,6989.12874874127,-1090.06874089807,8079.19748963934,7997.48050354119,7998.74012648806,2.51924589375359,149.184282886699,89.4427143115359,89.4427190999916,-6.75910179871784,0.899540714641535,1
"cloglog",16000,722,5,0,3200,2767.23179175998,-436.032459793271,3203.26425155325,3197.76134284257,3198.20903190724,2.23844532331204,86.0286335392692,71.5541690188249,71.5541752799933,-5.0044913346912,0.070648848492403,0.999999991531089
"cloglog",16000,722,5,1,3200,2835.92081437165,-436.068520815228,3271.98933518688,3197.75808657703,3198.20640615521,2.24159789086892,86.0288253228802,71.5541664590467,71.5541752799933,-4.20600038239909,1.03114790770297,0.999998712562878
"cloglog",16000,722,10,0,1600,1482.90778055073,-218.021952616894,1700.92973316762,1597.85103622864,1598.06589484605,2.14858617407868,58.7386339894378,53.6656170417706,53.665631459995,-1.95685952959994,1.91675497258342,0.981007075325091
"cloglog",16000,722,10,1,1600,1463.71550956139,-218.032247756922,1681.74775731831,1597.8548170213,1598.06929172887,2.14474707574644,58.738711551547,53.6656149944638,53.665631459995,-2.28366104595598,1.55925662266364,0.992522032566236
"cloglog",16000,722,25,0,640,630.248957941464,-87.1942514301399,717.443209371604,637.907832852937,637.991485556259,2.09131758304045,36.332219910011,35.0541947259082,35.0542436803306,-0.210801182268599,2.26653969479502,0.578942577610144
"cloglog",16000,722,25,1,640,645.846428965216,-87.227245563344,733.07367452856,637.909210756013,637.992807386825,2.08991577028705,36.3322390189122,35.054193394429,35.0542436803306,0.218462126847483,2.71239637643027,0.406169675565692
"cloglog",16000,722,50,0,320,358.403530741164,-43.6067776397333,402.010308380897,317.925970407673,317.967418267027,2.07239296767907,25.4950779494062,25.0438299126738,25.0439613479976,1.5876617601961,3.35583217131417,0.0587860934449424
"cloglog",16000,722,50,1,320,368.18123939975,-43.6421928203794,411.823432220129,317.92692176177,317.968350349266,2.07142937479847,25.4950845792695,25.0438289441768,25.0439613479976,1.97113751404623,3.74763308278731,0.0274322791246921
"cloglog",16000,723,2,0,8000,6822.11277650158,-1068.68520623229,7890.79798273387,7997.48310305882,7998.7415019682,2.51679781877347,149.663973591097,89.442716561583,89.4427190999916,-7.85339516488122,-1.2068452679432,1
"cloglog",16000,723,2,1,8000,6987.34841975383,-1070.03755472042,8057.38597447425,7997.05841118884,7998.32434556893,2.53186876018758,149.622372544606,89.4365323306342,89.4427190999916,-6.74838912298354,0.660374763714826,1
"cloglog",16000,723,5,0,3200,2729.50631577583,-427.449477562254,3156.95579333808,3197.75543910323,3198.2043080861,2.24434491435024,86.1619630299427,71.5541689529151,71.5541752799933,-5.43452246050476,-0.576465569394887,0.9999999996428
"cloglog",16000,723,5,1,3200,2790.8276122155,-427.881867441381,3218.70947965689,3197.48995206067,3197.93914389277,2.24595916050934,86.1392857073669,71.5477357331736,71.5541752799933,-4.72098574425942,0.290300392476025,0.999999947112827
"cloglog",16000,723,10,0,1600,1475.93209089637,-213.747204387184,1689.67929528355,1597.85130942307,1598.06614072211,2.14831299032877,58.7874678422197,53.6656170744967,53.665631459995,-2.07389811131049,1.70711080120949,0.986270285097842
"cloglog",16000,723,10,1,1600,1497.86483252472,-214.034736120955,1711.89956864567,1597.70011454913,1597.9152199255,2.15105376371269,58.7755637361769,53.6604393431445,53.665631459995,-1.69858484850155,2.12417844720346,0.963897219060213
"cloglog",16000,723,25,0,640,653.820084851661,-85.50695279227,739.327037643931,637.909165023755,637.992763962083,2.08997345820409,36.3448493726026,35.0541940810725,35.0542436803306,0.437776469088897,2.89078885817441,0.323513920522584
"cloglog",16000,723,25,1,640,621.777706503459,-85.6979462799459,707.475652783405,637.84167556216,637.925437295778,2.09404334043606,36.3394778029773,35.0506700259048,35.0542436803306,-0.442052831518261,1.98427634724885,0.669792365217271
"cloglog",16000,723,50,0,320,409.704875412108,-42.735374988103,452.440250400211,317.930344913376,317.971704986372,2.06800364979723,25.4995781290589,25.0438288507423,25.0439613479976,3.5990607387401,5.36932855655788,0.00038724588454293
"cloglog",16000,723,50,1,320,392.358534859407,-42.8297628141771,435.188297673584,317.891953503392,317.933433723588,2.07401100980828,25.4963473560137,25.0412761757064,25.0439613479976,2.92067645283516,4.682463590404,0.00278854455547507
"cloglog",16000,724,2,0,8000,6984.49515695946,-1019.64509384484,8004.1402508043,7997.4923822695,7998.7461455115,2.50752648399058,144.776191865947,89.4427168590302,89.4427190999916,-6.99698764178026,0.0603079320734825,1
"cloglog",16000,724,2,1,8000,6894.3441555555,-1023.81407972248,7918.15823527798,7997.02087258709,7998.27828970929,2.51483424441047,144.739573761483,89.4362966672312,89.4427190999916,-7.61834989820192,-0.89583376567366,1
"cloglog",16000,724,5,0,3200,2820.56694369398,-407.789093485109,3228.35603717909,3197.76100712433,3198.20876459749,2.2387873658158,84.8152054626264,71.5541693598717,71.5541752799933,-4.44724576652194,0.421320977537605,0.999999545928593
"cloglog",16000,724,5,1,3200,2902.52900285868,-409.632564147324,3312.16156700601,3197.47276558596,3197.91951543116,2.23374922600625,84.7953337841663,71.5472280255746,71.5541752799933,-3.47830180700754,1.59673623601482,0.999929520303849
"cloglog",16000,724,10,0,1600,1427.44883690994,-203.893377575701,1631.34221448564,1597.8620448198,1598.0758034623,2.1375864250068,58.295805418775,53.6656175649285,53.665631459995,-2.92324990941763,0.619883130629979,0.999094148162169
"cloglog",16000,724,10,1,1600,1573.81659620804,-204.88079542032,1778.69739162836,1597.69682866151,1597.91060391649,2.13775254979088,58.2847235959448,53.6599318469936,53.665631459995,-0.409716834534847,3.36912071054001,0.662078732488005
"cloglog",16000,724,25,0,640,656.233311415621,-81.5851097070923,737.818421122713,637.919042541316,638.002247379479,2.08012095407948,36.2179281205276,35.054195616579,35.0542436803306,0.505668596319427,2.84748150649407,0.300044645054428
"cloglog",16000,724,25,1,640,692.623241992482,-81.8795018040574,774.50274379654,637.848128741091,637.931354752111,2.08065027550078,36.2125383978418,35.0503010730721,35.0542436803306,1.51260076412252,3.89643982685649,0.0660195472223849
"cloglog",16000,724,50,0,320,354.322557224094,-40.8153635293875,395.137920753481,317.936045280185,317.977292084017,2.06234019159106,25.4544053894279,25.0438319958889,25.0439613479976,1.42947797786788,3.08102325084,0.0785300575460546
"cloglog",16000,724,50,1,320,435.571267244496,-40.9716784000251,476.542945644521,317.899663442884,317.940920966602,2.06287618588362,25.4510375161804,25.0410122454498,25.0439613479976,4.62345017277988,6.33369063212445,1.26481749940338e-05
"cloglog",16000,725,2,0,8000,6957.66690712776,-1132.31689144964,8089.9837985774,7997.49142389898,7998.74566311403,2.50847843010136,152.906619355307,89.4427166434252,89.4427190999916,-6.800389160099,1.02007339319871,1
"cloglog",16000,725,2,1,8000,6837.19670843772,-1133.8311794958,7971.02788793351,7997.42195158346,7998.68419605779,2.5244889486685,152.899088493748,89.4419473735226,89.4427190999916,-7.58817632319099,-0.309209592774018,1
"cloglog",16000,725,5,0,3200,2897.4318728549,-452.87177397362,3350.30364682852,3197.76682733847,3198.21341854359,2.23295602558256,87.0681583891536,71.5541689241086,71.5541752799933,-3.44942353255267,2.12552574604343,0.999946583488054
"cloglog",16000,725,5,1,3200,2749.40197703553,-453.467893401385,3202.86987043691,3197.72327807346,3198.17175361068,2.24237768610115,87.0640987575967,71.5533418849074,71.5541752799933,-5.14932454864251,0.0656589434186429,0.999999998032152
"cloglog",16000,725,10,0,1600,1484.12621155297,-226.417862109008,1710.54407366197,1597.86293455348,1598.07660288167,2.13668328184536,59.1203160694831,53.6656168700426,53.665631459995,-1.92381791171155,2.09570815244063,0.979932519145914
"cloglog",16000,725,10,1,1600,1495.12075135495,-226.70839992333,1721.82915127828,1597.83627987078,1598.05068840982,2.14408539039913,59.1182725889846,53.6649463032056,53.665631459995,-1.73745821752859,2.30650492351411,0.967737458723807
"cloglog",16000,725,25,0,640,663.453494614189,-90.5658677663679,754.019362380557,637.916213944556,637.999530449519,2.08291262407782,36.4311297436431,35.0541933247522,35.0542436803306,0.700974162737543,3.30972762249002,0.23517711690287
"cloglog",16000,725,25,1,640,687.351290335193,-90.6866359045856,778.037926239778,637.904006567942,637.987480094973,2.08683817578766,36.4302824841362,35.053732914984,35.0542436803306,1.35731266395706,3.99530761772135,0.0859662303328878
"cloglog",16000,725,50,0,320,402.792158298503,-45.2665042832131,448.058662581717,317.935217519789,317.976478892731,2.06306864708574,25.5303313942265,25.0438238426343,25.0439613479976,3.32376965533258,5.19418218664898,0.000878233654597023
"cloglog",16000,725,50,1,320,410.856779686184,-45.3364695024741,456.193249188658,317.931884748556,317.973130613609,2.06229325263922,25.5298668499013,25.0434998616008,25.0439613479976,3.63985035581914,5.51920136318416,0.000336490068256783
"cloglog",16000,726,2,0,8000,7026.40249296183,-1053.49747121032,8079.89996417215,7997.47664160501,7998.73827431099,2.52326541196347,146.812522912556,89.4427167579121,89.4427190999916,-6.61438227052037,0.907415302252438,0.999999999999999
"cloglog",16000,726,2,1,8000,6940.93602132462,-1051.81096227998,7992.7469836046,7996.92823684617,7998.19104879457,2.52562389679636,146.764218239338,89.4346069049364,89.4427190999916,-7.19516124699738,-0.0608720201091204,1
"cloglog",16000,726,5,0,3200,2838.25819927846,-421.385950440275,3259.64414971873,3197.75807705491,3198.20641909842,2.2417102175078,85.3734255361688,71.5541690532112,71.5541752799933,-4.21091077836808,0.858618462533287,0.999998497238664
"cloglog",16000,726,5,1,3200,2805.70988556183,-421.743662109901,3227.45354767173,3197.41156714649,3197.85887197032,2.23652411912432,85.3473977611803,71.5457115212184,71.5541752799933,-4.58949765147761,0.413647094594014,0.999999841462837
"cloglog",16000,726,10,0,1600,1444.26270771652,-210.699842296503,1654.96255001303,1597.84959208474,1598.06459593502,2.15003850272687,58.4991551014245,53.6656173274198,53.665631459995,-2.62545474549048,1.06023105503234,0.997444730748124
"cloglog",16000,726,10,1,1600,1454.71370405135,-211.109467634273,1665.82317168562,1597.66155854703,1597.87554518318,2.13986636146524,58.4850428893252,53.6587505165688,53.665631459995,-2.44417798865589,1.26629162714963,0.995374693462476
"cloglog",16000,726,25,0,640,615.248909535084,-84.2764357382709,699.525345273355,637.912053807223,637.995538181193,2.08710934924664,36.2703464874746,35.0541954681952,35.0542436803306,-0.624839475409078,1.75527654451485,0.734316265562345
"cloglog",16000,726,25,1,640,662.520719474922,-84.5038744104684,747.02459388539,637.82981451418,637.913210978431,2.0849116062732,36.2636619224581,35.0495134181523,35.0542436803306,0.6808718053223,3.11306412745947,0.243073033159201
"cloglog",16000,726,50,0,320,385.314159181358,-42.1640505336008,427.478209714959,317.930023408531,317.97139127566,2.06839335645474,25.4730492919959,25.0438342534233,25.0439613479976,2.64531093236648,4.3726059408946,0.00574964791866899
"cloglog",16000,726,50,1,320,424.411540640568,-42.2076980800175,466.619238720586,317.889430692815,317.930742697033,2.06560021090982,25.4689045940913,25.0404189033454,25.0439613479976,4.18243782547547,5.93793964060594,5.92042940652552e-05
"cloglog",16000,727,2,0,8000,6937.8200397769,-1006.41336538305,7944.23340515995,7997.476422792,7998.73816248529,2.52347938657104,151.099311338966,89.4427165920208,89.4427190999916,-7.01297956704738,-0.609381729469947,1
"cloglog",16000,727,2,1,8000,7079.29421300111,-1005.44156045752,8084.73577345863,7997.10144975994,7998.3639793661,2.52505921232079,151.063947738283,89.4371341462127,89.4427190999916,-6.07562062623257,0.965726316222615,0.999999999999979
"cloglog",16000,727,5,0,3200,2847.02480607876,-402.606801467228,3249.63160754599,3197.76454089805,3198.21158932916,2.23524215557342,86.5618599251454,71.5541689374671,71.5541752799933,-4.05189693385272,0.718616664554737,0.999997340889236
"cloglog",16000,727,5,1,3200,2913.81768095033,-402.747354292662,3316.56503524299,3197.52404496106,3197.97107384803,2.23514443486391,86.5427108360325,71.5483487927657,71.5541752799933,-3.27822368019245,1.65753596548341,0.999871940283988
"cloglog",16000,727,10,0,1600,1452.72217139891,-201.31518842209,1654.037359821,1597.85891875659,1598.07298856823,2.14069811635203,58.9341545063427,53.6656168527045,53.665631459995,-2.46269329853646,1.04283477084364,0.995856905493547
"cloglog",16000,727,10,1,1600,1497.02264460945,-201.512055750414,1698.53470035986,1597.72251649335,1597.93672599505,2.14209501702088,58.9239273107102,53.6609263525649,53.665631459995,-1.70898099430648,1.8746969387718,0.965113232451137
"cloglog",16000,727,25,0,640,628.550932116099,-80.5378945909169,709.088826707016,637.913549242495,637.996972847289,2.08559011983278,36.3828378351874,35.0541940297712,35.0542436803306,-0.257336087108119,2.02805558157605,0.597605012352854
"cloglog",16000,727,25,1,640,703.846026975373,-80.670758662509,784.516785637882,637.858493826603,637.941813462037,2.08299088584641,36.3781027214311,35.050993243491,35.0542436803306,1.81393553297915,4.18176372799546,0.0357732867000789
"cloglog",16000,727,50,0,320,390.403065026551,-40.308537712223,430.711602738774,317.931304970441,317.972645846137,2.06704378483713,25.5131130366455,25.0438286864566,25.0439613479976,2.84056908116294,4.50166619106465,0.00342471792203513
"cloglog",16000,727,50,1,320,403.889460011911,-40.3406431036244,444.230103115536,317.901685047213,317.94303335513,2.06741539588759,25.5102530645953,25.0415242446001,25.0439613479976,3.37071430639932,5.04310634316269,0.000773349456004941
"cloglog",16000,728,2,0,8000,6870.21305367604,-1123.36617731215,7993.5792309882,7997.47396229739,7998.73693442548,2.52594425618606,151.464722748908,89.4427166247266,89.4427190999916,-7.44239904951383,-0.0576648790636328,1
"cloglog",16000,728,2,1,8000,6968.41562387171,-1122.57966363208,8090.99528750379,7997.20488994496,7998.46582411833,2.52186834675093,151.437855681965,89.4386245037576,89.4427190999916,-6.79347486426253,1.03455821127451,1
"cloglog",16000,728,5,0,3200,2760.04818448468,-449.393547701702,3209.44173218638,3197.76277174053,3198.21017513665,2.2370169806352,86.6639807540888,71.5541690682882,71.5541752799933,-5.05070945792206,0.156965795228571,0.99999999525898
"cloglog",16000,728,5,1,3200,2817.35269919077,-448.647648147773,3266.00034733854,3197.58520354424,3198.03343722513,2.24116840449232,86.649680214363,71.5499713603402,71.5541752799933,-4.38815819530793,0.949922254631107,0.999999637045889
"cloglog",16000,728,10,0,1600,1483.04710379402,-224.678832382379,1707.7259361764,1597.85631916863,1598.07064975047,2.14330581841572,58.9716632225571,53.665617113106,53.665631459995,-1.94685394816346,2.04330616742608,0.98088670571319
"cloglog",16000,728,10,1,1600,1444.47450983258,-224.379508319793,1668.85401815238,1597.75596306567,1597.970565767,2.14602701332995,58.9640752653611,53.6622227846131,53.665631459995,-2.59957359702936,1.32091905081688,0.997412820020713
"cloglog",16000,728,25,0,640,648.314412908636,-89.8659013567311,738.180314265368,637.913498746549,637.996924677116,2.085648264171,36.3925670442167,35.0541945034974,35.0542436803306,0.28579776055506,2.85795725753321,0.379860922471684
"cloglog",16000,728,25,1,640,688.971610807381,-89.7630014240532,778.734612231435,637.870804352631,637.954267357002,2.08657510928471,36.3890976940174,35.0518764937883,35.0542436803306,1.40428891324645,4.016342602924,0.079395094734976
"cloglog",16000,728,50,0,320,404.050442395702,-44.880041329722,448.930483725424,317.932945104217,317.974253363517,2.06541296498966,25.5165889242236,25.0438295353293,25.0439613479976,3.37496118886528,5.22908168565702,0.00075898575161972
"cloglog",16000,728,50,1,320,423.178813575409,-44.8376770565221,468.016490631931,317.909598486311,317.950949529268,2.06755214787473,25.5144943954198,25.0421587066192,25.0439613479976,4.12585934322866,5.99251617485344,6.97791655758967e-05
"cloglog",16000,729,2,0,8000,6985.14847676344,-1128.45435522862,8113.60283199206,7997.45337408786,7998.72663977587,2.54653137601731,148.485968042869,89.4427168771514,89.4427190999916,-6.81751219099816,1.28435490587757,1
"cloglog",16000,729,2,1,8000,6953.81384595995,-1128.47005614292,8082.28390210288,7997.46032264827,7998.72800027569,2.53535525485549,148.484479212319,89.44265316187,89.4427190999916,-7.02865701671078,0.934184070724793,1
"cloglog",16000,729,5,0,3200,3037.97673350218,-451.401108325618,3489.3778418278,3197.7491610615,3198.19928695933,2.25062948915151,85.8352430936017,71.554169250984,71.5541752799933,-1.86138492536332,4.06934435709988,0.978665139969672
"cloglog",16000,729,5,1,3200,2946.0154826969,-451.456197759373,3397.47168045628,3197.75606612282,3198.20426353678,2.24098706979861,85.8345407760715,71.5541029714407,71.5541752799933,-2.93285874369228,2.78484962628956,0.999379269939405
"cloglog",16000,729,10,0,1600,1529.87681940821,-225.662113772467,1755.53893318068,1597.84786414412,1598.06304057734,2.15176433226109,58.6678637819348,53.6656174106137,53.665631459995,-1.15857371232311,2.93439077386247,0.887002341198951
"cloglog",16000,729,10,1,1600,1503.43849601908,-225.686773955146,1729.12526997423,1597.85554209903,1598.06979624599,2.14254146957454,58.6675483524106,53.6655637335548,53.665631459995,-1.60935728066887,2.44207764925237,0.954962484643537
"cloglog",16000,729,25,0,640,726.229311760514,-90.2918128585997,816.521124619114,637.904582885713,637.988366070808,2.09457962738808,36.3139207470083,35.0541955590599,35.0542436803306,2.43225537363871,5.09304965357172,0.00858765312513631
"cloglog",16000,729,25,1,640,687.317753416913,-90.2897788125358,777.607532229449,637.909011073448,637.992591102042,2.08950071484723,36.3138105543838,35.054159384434,35.0542436803306,1.36060472831598,3.9828352349366,0.0861065237505873
"cloglog",16000,729,50,0,320,433.418740949852,-45.1704120825254,478.589153032378,317.927407300311,317.968827260574,2.070998013158,25.4885667922813,25.0438335290804,25.0439613479976,4.53110347830604,6.41356785834305,1.716603259923e-05
"cloglog",16000,729,50,1,320,412.091140996371,-45.1839544693856,457.275095465757,317.928940723376,317.970323331871,2.06913042476387,25.4885140569306,25.0438072077928,25.0439613479976,3.69429932489104,5.56244387995999,0.000289094660054111
"cloglog",16000,730,2,0,8000,6942.40398665558,-1119.29975957222,8061.7037462278,7997.46495900132,7998.73243063917,2.53494327570161,149.943196077585,89.4427167481739,89.4427190999916,-7.03640445145523,0.704040729955898,1
"cloglog",16000,730,2,1,8000,7023.98798535444,-1117.6854471831,8141.67343253754,7997.42656970474,7998.68675037744,2.52036134539472,149.946896922697,89.4419303899719,89.4427190999916,-6.49188882416249,1.5986538029386,0.999999999999999
"cloglog",16000,730,5,0,3200,2840.36616961947,-447.773818268721,3288.13998788819,3197.75215440258,3198.20168080726,2.24763202337351,86.2396033023592,71.5541690819681,71.5541752799933,-4.14410515700202,1.25692616146381,0.99999827388254
"cloglog",16000,730,5,1,3200,2845.75031262914,-447.047023939028,3292.79733656817,3197.73313037082,3198.17968920856,2.23279418867724,86.2407374191305,71.553352499754,71.5541752799933,-4.08139851623771,1.32233702620618,0.999997550364704
"cloglog",16000,730,10,0,1600,1514.83656694154,-223.870771591429,1738.70733853296,1597.84748501901,1598.06269872711,2.15213708098421,58.8159277360075,53.6656171415721,53.665631459995,-1.41136799626908,2.62075882654677,0.931298713508316
"cloglog",16000,730,10,1,1600,1487.51610299205,-223.595250040813,1711.11135303286,1597.83767620049,1598.05197736455,2.14301164061385,58.8160691682634,53.6649592424858,53.665631459995,-1.87570462916897,2.10676346845726,0.976671787820494
"cloglog",16000,730,25,0,640,671.358602164841,-89.5158838555788,760.87448602042,637.910949463226,637.994478004105,2.08821352195126,36.3522198661464,35.0541954787549,35.0542436803306,0.920099317862104,3.50542941688074,0.174469541871724
"cloglog",16000,730,25,1,640,700.049846194696,-89.4645048536016,789.514351048298,637.906831932949,637.990202278772,2.08425864557398,36.3519927301993,35.0537474937904,35.0542436803306,1.70948026764216,4.32262338845134,0.0443533384518324
"cloglog",16000,730,50,0,320,402.033974032428,-44.7375516212036,446.771525653631,317.928347201523,317.969747505498,2.07001519874557,25.5022056299984,25.0438299186043,25.0439613479976,3.29797461643753,5.1430543398017,0.000958304916325451
"cloglog",16000,730,50,1,320,402.195865165853,-44.6984929589976,446.894358124851,317.927615566938,317.96894729396,2.06658635109367,25.5019583843269,25.043502198719,25.0439613479976,3.30438346455405,5.14805835892577,0.000940656579012158
"cloglog",16000,731,2,0,8000,7058.91393618369,-1081.66440278887,8140.57833897256,7997.47968242331,7998.73979265145,2.52022045629871,152.691418691961,89.4427167600751,89.4427190999916,-6.14681397474653,1.58580319850502,0.999999999999995
"cloglog",16000,731,2,1,8000,6947.87632998491,-1082.15449416294,8030.03082414785,7997.40325715661,7998.66779775208,2.52908119093788,152.68090554566,89.4417268761435,89.4427190999916,-6.87398940568788,0.350653184941348,1
"cloglog",16000,731,5,0,3200,2800.89687140685,-432.70560782247,3233.60247922932,3197.75706325192,3198.20560787471,2.2427231139514,87.0077162396028,71.5541689652184,71.5541752799933,-4.56120685609302,0.494686359530125,0.999999888305765
"cloglog",16000,731,5,1,3200,2810.88786511592,-432.744260360008,3243.63212547592,3197.70587148178,3198.15606083369,2.25094675954415,87.0022237468789,71.5531257576707,71.5541752799933,-4.44607033828535,0.635556646347625,0.99999977009788
"cloglog",16000,731,10,0,1600,1459.83202214785,-216.312380727944,1676.14440287579,1597.85091170665,1598.06578308883,2.14871382182654,59.0980644610601,53.6656170855347,53.665631459995,-2.33542148659943,1.45490956830924,0.993900864274886
"cloglog",16000,731,10,1,1600,1409.59545944635,-216.467650617129,1626.06311006347,1597.82847338115,1598.04314147795,2.14668096801666,59.0953635499515,53.6647658325346,53.665631459995,-3.18524166072181,0.522129709332174,0.999731428433876
"cloglog",16000,731,25,0,640,679.729699836961,-86.4734258719967,766.203125708958,637.914427102504,637.997815817124,2.08471786548735,36.4253561475553,35.0541944162801,35.0542436803306,1.14797155489896,3.65734577635287,0.12257059262034
"cloglog",16000,731,25,1,640,622.150738797436,-86.5153718738985,708.666110671335,637.900483004527,637.984013808844,2.08827010790667,36.4242678351143,35.0536172987975,35.0542436803306,-0.43239700186664,2.01639951335112,0.665936132638053
"cloglog",16000,731,50,0,320,421.622176061832,-43.2378440394162,464.860020101248,317.933911430013,317.975199901201,2.06442355941746,25.52827348829,25.0438275505331,25.0439613479976,4.06170298509932,5.86511067062992,8.57192843729124e-05
"cloglog",16000,731,50,1,320,365.571415017851,-43.2766731395201,408.848088157371,317.923561967249,317.964951862036,2.06949473935172,25.5276713655213,25.0434116011387,25.0439613479976,1.86651780212734,3.62902378249465,0.0339377560480902
"cloglog",16000,732,2,0,8000,7103.67364134463,-1072.44550019572,8176.11914154036,7997.47600542002,7998.73795532065,2.5238998012427,149.13405685021,89.4427167470865,89.4427190999916,-5.99328136679825,1.98318200375424,0.999999999999899
"cloglog",16000,732,2,1,8000,6965.81013266878,-1072.59350551116,8038.40363817994,7996.40051630422,7997.66361039321,2.52618817796118,149.066874076752,89.4270430428087,89.4427190999916,-6.91361102202227,0.455567202051342,1
"cloglog",16000,732,5,0,3200,3015.98609054828,-428.95753540063,3444.94362594891,3197.75599411728,3198.20475302351,2.24379453116643,86.0148254502888,71.5541691566702,71.5541752799933,-2.11323923076555,3.44828087354565,0.98961608794871
"cloglog",16000,732,5,1,3200,2885.9259627861,-429.429240131413,3315.35520291751,3197.07171362302,3197.51895994865,2.23623162815396,85.9736378300507,71.5374830972134,71.5541752799933,-3.61908322934971,1.6471958177328,0.999971923897616
"cloglog",16000,732,10,0,1600,1583.30443692452,-214.466688324408,1797.77112524893,1597.86060317188,1598.07450571066,2.13902538773681,58.733579919302,53.6656172850468,53.665631459995,-0.247833799120786,3.72112778424915,0.598298361812241
"cloglog",16000,732,10,1,1600,1564.06372140094,-215.318554131078,1779.38227553202,1597.47005795777,1597.68406939896,2.14011441196555,58.7099407110204,53.6520999138966,53.665631459995,-0.569006477476336,3.38660008507882,0.723335333047628
"cloglog",16000,732,25,0,640,717.897426726758,-85.7768436284018,803.67427035516,637.915097381502,637.998459711156,2.08405824135267,36.3309115513075,35.0541950483629,35.0542436803306,2.20149525376766,4.72627628206631,0.0150760854283863
"cloglog",16000,732,25,1,640,724.967655050703,-86.0097011764374,810.977356227141,637.748516035321,637.831880034815,2.0840999873376,36.3188712691354,35.0449551501378,35.0542436803306,2.40148264435473,4.9406676496102,0.0093739825834175
"cloglog",16000,732,50,0,320,460.064442595745,-42.9118631658534,502.976305761598,317.93429681035,317.97557840791,2.06407987797431,25.4946213655437,25.0438312050627,25.0439613479976,5.57490710481723,7.38707771342469,3.05595226889377e-07
"cloglog",16000,732,50,1,320,422.550288621943,-43.0310283225235,465.581316944467,317.848354174543,317.889650390433,2.06481079448612,25.4868896328501,25.0371201536398,25.0439613479976,4.10807030421042,5.89890792741844,7.58416900015796e-05
"cloglog",16000,733,2,0,8000,6969.99239357857,-1143.80037697561,8113.79277055418,7997.47367003585,7998.73678983431,2.5262395969234,148.996152752732,89.4427169633447,89.4427190999916,-6.89602555149492,1.28636500126693,1
"cloglog",16000,733,2,1,8000,6964.76500009873,-1151.12723691582,8115.89223701455,7996.12072848305,7997.38415937018,2.52686177425984,148.898799233721,89.4226408786285,89.4427190999916,-6.92655504068533,1.32525808318742,1
"cloglog",16000,733,5,0,3200,2815.70195397781,-457.558762437691,3273.26071641551,3197.75282229932,3198.20221708052,2.24697390597803,85.9765840814049,71.5541694684117,71.5541752799933,-4.44366186914068,1.04897450271048,0.999999676738554
"cloglog",16000,733,5,1,3200,2840.65828583719,-460.165170321754,3300.82345615894,3196.89155854448,3197.34045816746,2.2444981149072,85.9206998140902,71.5332856500252,71.5541752799933,-4.14607042864045,1.44664119718711,0.999998240534707
"cloglog",16000,733,10,0,1600,1487.88707878656,-228.771061816075,1716.65814060263,1597.85252634806,1598.06723728605,2.14710937992758,58.7195818656274,53.6656177807776,53.665631459995,-1.87272191094862,2.20981157434953,0.97628960739906
"cloglog",16000,733,10,1,1600,1477.24206395736,-229.530582162087,1706.77264611944,1597.36406841679,1597.57898139209,2.14912975295792,58.6883314561408,53.6487320239234,53.665631459995,-2.04677831996647,2.03534474363091,0.985389620789945
"cloglog",16000,733,25,0,640,739.554918383338,-91.489007925123,831.043926308461,637.909498897295,637.993085859373,2.08967405193445,36.3272966738133,35.0541963074432,35.0542436803306,2.79804523850832,5.50721057062423,0.00323267563565666
"cloglog",16000,733,25,1,640,751.990604359679,-91.982925854143,843.973530213822,637.701241978595,637.784824116643,2.08955345118826,36.3117932687445,35.0426401864555,35.0542436803306,3.14744473056521,5.88393754009646,0.00119427705767321
"cloglog",16000,733,50,0,320,483.993640097557,-45.714845714991,529.708485812548,317.929515486334,317.970893077921,2.0688795793429,25.4933370818246,25.0438329522384,25.0439613479976,6.51402066658499,8.45467996605935,5.32850141763343e-09
"cloglog",16000,733,50,1,320,441.080369069576,-45.9402022697532,487.020571339329,317.821679449267,317.863091834495,2.07061926142513,25.4835446690046,25.0354790215239,25.0439613479976,4.83679532110883,6.75671032135647,5.69400783907455e-06
"cloglog",16000,734,2,0,8000,6984.103612511,-1140.37780974233,8124.48142225332,7997.4784505989,7998.73917544489,2.5214496919915,156.12195731159,89.4427166086551,89.4427190999916,-6.49091809722443,1.40584109669433,1
"cloglog",16000,734,2,1,8000,7030.27599146448,-1139.89298282759,8170.16897429208,7997.14885792786,7998.40975282695,2.52178979818164,156.093704238031,89.4378215676743,89.4427190999916,-6.19418234183854,1.92043163009241,0.999999999999999
"cloglog",16000,734,5,0,3200,2851.24583141319,-456.12381439403,3307.36964580722,3197.77065209907,3198.21647720746,2.22912554194976,87.9763857601589,71.5541686527707,71.5541752799933,-3.93883901562601,1.52546204721414,0.999996518263078
"cloglog",16000,734,5,1,3200,2717.72049875064,-455.00456443405,3172.72506318469,3197.5507882896,3197.99865664941,2.23934179904575,87.9605040718711,71.5490920790742,71.5541752799933,-5.4550652545931,-0.353234300119222,0.999999999875014
"cloglog",16000,734,10,0,1600,1480.13860073896,-228.107401917657,1708.24600265662,1597.86493660592,1598.07840410401,2.13467498086048,59.4554942470457,53.6656164880176,53.665631459995,-1.98007496797164,2.05285256673074,0.983270504017913
"cloglog",16000,734,10,1,1600,1401.39272875427,-227.326167554311,1628.71889630858,1597.73713050002,1597.95157289519,2.14442395170331,59.4466817401246,53.6615000314289,53.665631459995,-3.30286562678285,0.573359361839741,0.999852494704836
"cloglog",16000,734,25,0,640,649.355340874484,-91.2468014492235,740.602142323708,637.917411199138,638.00067974852,2.08171373454671,36.5182957678536,35.0541930551219,35.0542436803306,0.313210938102279,2.92693836694084,0.368941217261993
"cloglog",16000,734,25,1,640,599.365566956144,-91.0298681234174,690.395435079561,637.859573262306,637.943148055542,2.08936983089592,36.514196400761,35.051402687748,35.0542436803306,-1.05422027870124,1.49643902959564,0.861134960723362
"cloglog",16000,734,50,0,320,385.03364991163,-45.6328519024303,430.66650181406,317.935843245547,317.977092107026,2.06244307396193,25.5614392534848,25.0438235857074,25.0439613479976,2.62496199844989,4.49968868856535,0.00591204616702875
"cloglog",16000,734,50,1,320,368.053436119299,-45.5203563312241,413.573792450523,317.90780277394,317.949094602515,2.06459142875516,25.558917540676,25.0417824169612,25.0439613479976,1.96196232745594,3.8186058905791,0.0277240228420347
"cloglog",16000,735,2,0,8000,6936.91291041921,-1050.91152287933,7987.82443329854,7997.47235347026,7998.73612971101,2.52755248149176,158.598173128415,89.4427168026586,89.4427190999916,-6.68708486441602,-0.121996477774119,1
"cloglog",16000,735,2,1,8000,7024.04369982487,-1050.73695890101,8074.78065872588,7997.47892345285,7998.73552491235,2.51320291899637,158.595704099483,89.4425980929029,89.4427190999916,-6.13784105411438,0.850211593077161,0.999999999999999
"cloglog",16000,735,5,0,3200,2895.94802397804,-420.414537740885,3316.36256171892,3197.74937569033,3198.19945746484,2.2504088725879,88.6822193808592,71.5541689275808,71.5541752799933,-3.40317770370808,1.65137973125885,0.999950768585378
"cloglog",16000,735,5,1,3200,2875.74457738567,-420.397748701625,3296.14232608729,3197.75591688193,3198.20372617714,2.23904647600525,88.6810446537341,71.5540510414223,71.5541752799933,-3.63111802249962,1.36873592039478,0.999984428945172
"cloglog",16000,735,10,0,1600,1532.9305098746,-210.223938631318,1743.15444850592,1597.85334081622,1598.06796845631,2.14627640088709,59.7170776522374,53.6656167885795,53.665631459995,-1.08717361086712,2.7035276724983,0.875989120684684
"cloglog",16000,735,10,1,1600,1487.05098493073,-210.179218864176,1697.23020379491,1597.85454237586,1598.0687763328,2.1423395693886,59.7165399948689,53.6655213880324,53.665631459995,-1.85549191990436,1.84776789449447,0.977143704751692
"cloglog",16000,735,25,0,640,704.156844654936,-84.1169302783457,788.273774933282,637.906217041854,637.989933626725,2.09291462175756,36.5865266174247,35.0541935898479,35.0542436803306,1.81079303607708,4.2871858090634,0.0351368404942321
"cloglog",16000,735,25,1,640,658.538701578315,-84.0484318757238,742.587133454039,637.905284678876,637.988992714217,2.09270088353389,36.5863396353474,35.0541298142271,35.0542436803306,0.563965051029731,2.98390350278699,0.278423360917211
"cloglog",16000,735,50,0,320,415.277936825233,-41.9989110180602,457.276847843293,317.926425399171,317.967863336607,2.07189687179076,25.5858280882929,25.043826660272,25.0439613479976,3.8048997706901,5.56260775944747,0.000194181687906784
"cloglog",16000,735,50,1,320,388.672243007199,-41.976515275314,430.648758282513,317.925920965605,317.967357009738,2.07180220666717,25.5857371811049,25.0437794728491,25.0439613479976,2.765068738916,4.49937683706794,0.00409576926713859
"cloglog",16000,736,2,0,8000,6863.37256290479,-1143.25562074191,8006.6281836467,7997.48293732776,7998.74142116632,2.51696767711682,155.835184372865,89.4427168432438,89.4427190999916,-7.27762718661405,0.0881766873674137,1
"cloglog",16000,736,2,1,8000,6991.80626977587,-1143.70787132323,8135.5141410991,7995.6314385714,7996.89298523094,2.52309331907253,155.712944612394,89.4144873809885,89.4427190999916,-6.44663917501711,1.55032098185062,1
"cloglog",16000,736,5,0,3200,2795.13965709033,-457.331511046486,3252.47116813682,3197.76378472042,3198.21098410118,2.23599690380749,87.8950020112879,71.5541689188036,71.5541752799933,-4.58073972827695,0.758309192259749,0.99999992697585
"cloglog",16000,736,5,1,3200,2924.44783883924,-457.729319437344,3382.17715827659,3196.58472223066,3197.03299408982,2.24135929578772,87.8212411682091,71.5253919684022,71.5541752799933,-3.09875924971474,2.58850960605096,0.999779938507855
"cloglog",16000,736,10,0,1600,1517.65703074289,-228.654788515666,1746.31181925856,1597.85637123757,1598.0706960312,2.14324793625294,59.4254052544536,53.6656170026274,53.665631459995,-1.34958003485674,2.7623109824695,0.924194354017824
"cloglog",16000,736,10,1,1600,1519.95221308151,-228.998993425971,1748.95120650748,1597.19237065127,1597.40702282792,2.14652176658887,59.3831166557913,53.6424888394258,53.665631459995,-1.30070905536122,2.82507741453212,0.918018133094486
"cloglog",16000,736,25,0,640,636.902313132863,-91.4467165389024,728.349029671765,637.90937330682,637.992963409755,2.08975257336828,36.5104669475079,35.0541934850462,35.0542436803306,-0.0275827799026789,2.57761075862595,0.504819028755165
"cloglog",16000,736,25,1,640,708.142528706169,-91.4551689683959,799.597697674565,637.627813066912,637.711388634564,2.08938919130523,36.4894045391669,35.0384995308705,35.0542436803306,1.93247098794303,4.62024091235332,0.027781878915397
"cloglog",16000,736,50,0,320,388.501880652906,-45.7337913094484,434.235671962354,317.929975672856,317.971342980481,2.06836538126485,25.5586605805752,25.0438284394443,25.0439613479976,2.76117383998149,4.64243433319308,0.00416791622770763
"cloglog",16000,736,50,1,320,417.20162981186,-45.6777523177762,462.879382129636,317.784132735275,317.825533236188,2.07002504563683,25.5453287622138,25.0324551707346,25.0439613479976,3.89180730465452,5.79463132577705,0.000152079680430319
"cloglog",16000,737,2,0,8000,6877.85071179051,-1124.60588663282,8002.45659842333,7997.47192063988,7998.73591199964,2.52798271952661,148.315600694999,89.4427168255337,89.4427190999916,-7.54891059067883,0.0415985398894197,1
"cloglog",16000,737,2,1,8000,7062.18988470904,-1123.68202407973,8185.87190878876,7997.40125901057,7998.665052799,2.52758757687153,148.318635533395,89.4416880287846,89.4427190999916,-6.30542056254933,2.09306040746361,0.999999999999993
"cloglog",16000,737,5,0,3200,2900.78197089888,-449.855828839853,3350.63779973873,3197.75518139174,3198.20410319235,2.24460900304675,85.7881002634838,71.5541691972994,71.5541752799933,-3.46170633899996,2.13032585321571,0.999935874273176
"cloglog",16000,737,5,1,3200,2821.73578489413,-449.225423177004,3270.96120807113,3197.71222905766,3198.16062803581,2.24199489075092,85.7887840614163,71.5530716949644,71.5541752799933,-4.38258273825597,1.01743472796914,0.999999507643961
"cloglog",16000,737,10,0,1600,1482.30573013252,-224.953867126282,1707.2595972588,1597.84449532352,1598.06000907685,2.15513753330446,58.6506221743835,53.6656174632947,53.665631459995,-1.96994952325434,2.03481471645496,0.981519921905574
"cloglog",16000,737,10,1,1600,1454.09504208856,-224.581532184046,1678.6765742726,1597.82733479152,1598.04200186146,2.14667069939868,58.6504637809085,53.6647293265484,53.665631459995,-2.45065909862,1.50256180219378,0.995529547804961
"cloglog",16000,737,25,0,640,712.615570686563,-90.0343675831547,802.649938269717,637.905929303264,637.989658524756,2.09323053731285,36.3094656794821,35.0541954208776,35.0542436803306,2.05758030268994,4.69730592210062,0.021125825094488
"cloglog",16000,737,25,1,640,706.498303494011,-89.9085593775105,796.406862871521,637.89698444002,637.980632621335,2.09120453289334,36.3090588043004,35.0535870866531,35.0542436803306,1.88937200007691,4.51954403007468,0.0306405388536451
"cloglog",16000,737,50,0,320,449.048508931613,-44.9838957388778,494.032404670491,317.928175196247,317.969579058706,2.07019312294412,25.4869793533435,25.0438305722224,25.0439613479976,5.1446007750685,7.0301875387652,1.72314302454715e-06
"cloglog",16000,737,50,1,320,457.953199270319,-44.9122214193079,502.865420689627,317.922431882649,317.963839201998,2.07036596747425,25.4866134345887,25.0433918513596,25.0439613479976,5.49428694192965,7.3832483469123,4.28607572677729e-07
"cloglog",16000,738,2,0,8000,6893.75599426084,-1110.96433302083,8004.72032728168,7997.47800981953,7998.73895681922,2.52189399938079,150.661635982305,89.4427167693225,89.4427190999916,-7.32583320473378,0.0668737565059069,1
"cloglog",16000,738,2,1,8000,7079.75878361765,-1112.58604791497,8192.34483153263,7997.43598331217,7998.69796811969,2.52396961505181,150.654155576979,89.4421488742062,89.4427190999916,-6.09128368334727,2.16505155399707,0.999999999999979
"cloglog",16000,738,5,0,3200,2853.43883914847,-444.420975466272,3297.85981461474,3197.76689235554,3198.21347131546,2.23289479960776,86.4397138286979,71.5541690660449,71.5541752799933,-3.98344739883624,1.39260010422734,0.999996000256287
"cloglog",16000,738,5,1,3200,2917.26039811594,-444.554171337551,3361.81456945349,3197.73705093836,3198.18447421741,2.23711639522131,86.4358710060703,71.5535513576672,71.5541752799933,-3.2449103544375,2.28682004081343,0.999847059140528
"cloglog",16000,738,10,0,1600,1419.82307251204,-222.251108458748,1642.07418097079,1597.86030133597,1598.07423390192,2.13932565945083,58.889319314698,53.6656172685006,53.665631459995,-3.02325159970885,0.819890822250964,0.999453105277976
"cloglog",16000,738,10,1,1600,1495.71855260814,-222.412349396946,1718.13090200509,1597.83864938802,1598.05331636503,2.14666977011182,58.8874670670253,53.6651195229653,53.665631459995,-1.73415672071007,2.23753504524804,0.966930526523875
"cloglog",16000,738,25,0,640,671.506117670779,-88.8446534701688,760.350771140948,637.911055054984,637.994579109889,2.08810137262481,36.371227101118,35.0541951864027,35.0542436803306,0.92367140988659,3.49048641340709,0.173444575193876
"cloglog",16000,738,25,1,640,685.762443789678,-88.8678376516309,774.630281441309,637.904637797628,637.988175077908,2.0884320070036,36.3705098697831,35.0538569735047,35.0542436803306,1.31584094265918,3.89806195839395,0.0928077201549175
"cloglog",16000,738,50,0,320,406.131501907361,-44.3916460233404,450.523147930702,317.927040339823,317.968466899423,2.07132797997395,25.508987807531,25.0438307119253,25.0439613479976,3.45777975327964,5.29290756498203,0.000594409955360681
"cloglog",16000,738,50,1,320,420.238714299125,-44.5181087931727,464.756823092298,317.926012988412,317.967398972778,2.06929921828444,25.508607504992,25.0435897292814,25.0439613479976,4.01090891734057,5.86135716589747,0.000102745354996491
"cloglog",16000,739,2,0,8000,6977.07783751,-1072.32952581254,8049.40736332254,7997.47435793206,7998.73713106348,2.5255462628335,149.407473837638,89.4427166309121,89.4427190999916,-6.82962166625565,0.566510434473459,1
"cloglog",16000,739,2,1,8000,6829.83412777246,-1072.2785555555,7902.11268332796,7997.4587909291,7998.71861216731,2.5196424764106,149.40238633529,89.4423986591595,89.4427190999916,-7.81530129335586,-1.08009098914591,1
"cloglog",16000,739,5,0,3200,2809.61991675531,-428.944146805282,3238.56406356059,3197.76733113853,3198.21382108277,2.23244972119837,86.090702185884,71.5541687859043,71.5541752799933,-4.50858692667116,0.563911832985683,0.999999789994847
"cloglog",16000,739,5,1,3200,2780.48304709707,-428.955831610535,3209.43887870761,3197.74672481264,3198.19461175452,2.23943470940868,86.088275960219,71.5538398258275,71.5541752799933,-4.84692802894995,0.157144144611378,0.99999997597813
"cloglog",16000,739,10,0,1600,1517.53620423439,-214.521297791028,1732.05750202542,1597.86278010199,1598.07646402672,2.13683924734503,58.761361927964,53.6656168324767,53.665631459995,-1.36699649620226,2.49658991933197,0.924509561965078
"cloglog",16000,739,10,1,1600,1409.68267551527,-214.479817503733,1624.162493019,1597.8503062202,1598.06446855147,2.14162331273272,58.7602100836282,53.6653491706369,53.665631459995,-3.20229676573864,0.48631053129928,0.999729749340099
"cloglog",16000,739,25,0,640,695.300901085587,-85.7812657108523,781.082166796439,637.914911326329,637.998280326408,2.08422500198462,36.3380924234316,35.0541937619552,35.0542436803306,1.57922405751421,4.0817908248491,0.0573987883667698
"cloglog",16000,739,25,1,640,646.666611536898,-85.7603956636712,732.42700720057,637.910813103436,637.994213584104,2.08501201670062,36.3376652172408,35.0540099044686,35.0542436803306,0.240956549660429,2.69392271736727,0.397365531976522
"cloglog",16000,739,50,0,320,395.547020977534,-42.8805776187553,438.427598596289,317.93523236078,317.976494164889,2.06309020543736,25.4971689615342,25.0438266470277,25.0439613479976,3.04393749493686,4.80961260948898,0.00197962177763648
"cloglog",16000,739,50,1,320,376.2670801193,-42.899281169458,419.166361288758,317.932561718991,317.97384290408,2.06405925448225,25.4969472432039,25.0436926259409,25.0439613479976,2.28790207093745,4.040638890443,0.0135950468449159
"cloglog",16000,740,2,0,8000,6951.8245578507,-971.594370131549,7923.41892798225,7997.47676270399,7998.73833454726,2.52314368654318,150.323604170169,89.4427167382764,89.4427190999916,-6.95600807754446,-0.84209658775692,1
"cloglog",16000,740,2,1,8000,7105.9727685043,-971.418662486877,8077.39143099118,7997.46057280458,7998.7264990643,2.53185251943817,150.320670362868,89.4426073995089,89.4427190999916,-5.93057363400698,0.879501774534675,0.999999999999884
"cloglog",16000,740,5,0,3200,2838.77259002546,-388.672517604612,3227.44510763007,3197.75811135073,3198.2064466425,2.24167645885513,86.3454974797288,71.5541690147993,71.5541752799933,-4.15754766378585,0.408622745398947,0.999998445432637
"cloglog",16000,740,5,1,3200,2888.10119276593,-388.587932366209,3276.68912513214,3197.74982589881,3198.19885137651,2.24512738849554,86.3441045852374,71.5540526626035,71.5541752799933,-3.5862162752201,1.09693680280736,0.999968234485864
"cloglog",16000,740,10,0,1600,1445.34452549478,-194.384159960882,1639.72868545566,1597.85386708416,1598.06844218082,2.14575096664763,58.8547488587206,53.6656167917605,53.665631459995,-2.59128353355942,0.776293011529039,0.997277964039219
"cloglog",16000,740,10,1,1600,1452.0637744274,-194.354539756117,1646.41831418351,1597.85167810149,1598.06619626022,2.14518158737785,58.8541261416733,53.6655212636596,53.665631459995,-2.47710590967147,0.900990371187024,0.99600622140992
"cloglog",16000,740,25,0,640,626.372438118445,-77.8000113218916,704.172449440337,637.910686845029,637.994224786976,2.0884485486769,36.3622675706397,35.0541938113413,35.0542436803306,-0.317313784245399,1.88788323044959,0.621268877753579
"cloglog",16000,740,25,1,640,630.769832636088,-77.6785539756572,708.448386611745,637.910976872774,637.994456459336,2.08698966404749,36.3620577900614,35.0541289917417,35.0542436803306,-0.196389991950281,2.00986109707668,0.573186775345694
"cloglog",16000,740,50,0,320,384.671877610759,-38.9557219562846,423.627599567044,317.931254569274,317.97259674073,2.0671085727997,25.5057858266506,25.0438299131517,25.0439613479976,2.61668562165017,4.21880372102468,0.00612760995450832
"cloglog",16000,740,50,1,320,373.508763633529,-38.881976443404,412.390740076933,317.928946327391,317.970322856193,2.06882644008327,25.5056879753192,25.0437834240366,25.0439613479976,2.17911461003995,3.77021377409443,0.0173985216631639
"cloglog",16000,741,2,0,8000,6912.92668405233,-1078.17855244741,7991.10523649974,7997.48435691962,7998.74213184354,2.51554984783931,147.094872966237,89.4427169344972,89.4427190999916,-7.37318474122634,-0.0853830876961032,1
"cloglog",16000,741,2,1,8000,6957.96813087322,-1077.1131192846,8035.08125015781,7995.33297608514,7996.59251596075,2.519079751222,146.961682492062,89.4106977462113,89.4427190999916,-7.05874366447833,0.430471243008459,1
"cloglog",16000,741,5,0,3200,2862.41876736211,-431.265720857435,3293.68448821955,3197.76284728172,3198.21023648319,2.2369460073395,85.4511565787832,71.5541693772203,71.5541752799933,-3.92439486305181,1.33429334121722,0.999993008675938
"cloglog",16000,741,5,1,3200,2866.71541886888,-432.867401923398,3299.58282079227,3196.39691094914,3196.84363495055,2.23362000704493,85.3717752627274,71.5210333161664,71.5541752799933,-3.86171531593064,1.43648911485319,0.999990916235821
"cloglog",16000,741,10,0,1600,1516.36434895839,-215.6127503901,1731.97709934849,1597.8581172846,1598.07226880775,2.14151523149732,58.5275251837045,53.6656176172838,53.665631459995,-1.39240072206052,2.49516984031912,0.927515878447778
"cloglog",16000,741,10,1,1600,1502.79366813499,-216.880826105556,1719.67449424055,1597.09170889159,1597.30543133158,2.13722439990083,58.4812864621985,53.6388069940648,53.665631459995,-1.61244812590697,2.28135318003076,0.956078207578793
"cloglog",16000,741,25,0,640,665.383160229385,-86.1648642153553,751.548024444741,637.914809196092,637.998183661144,2.08436162630311,36.277676059745,35.0541962357998,35.0542436803306,0.757169532801821,3.23926527996187,0.219323702523382
"cloglog",16000,741,25,1,640,672.806313447107,-86.962301895143,759.76861534225,637.586857106149,637.67030021864,2.08607781227847,36.2542998726053,35.0360827818782,35.0542436803306,0.971455978041685,3.4849305467095,0.164583091144314
"cloglog",16000,741,50,0,320,412.955873864922,-43.0998152121125,456.055689077034,317.932881840554,317.974192073845,2.06551166458105,25.4756622475769,25.0438327361389,25.0439613479976,3.72995179088645,5.51359284571222,0.000259724958562052
"cloglog",16000,741,50,1,320,415.981893539635,-43.4338422403302,459.415735779966,317.768303654941,317.809558778651,2.06275618548137,25.4605566610005,25.0306493288326,25.0439613479976,3.85748006975567,5.65731136819531,0.000177633785391057
"cloglog",16000,742,2,0,8000,7036.93975690848,-1087.36139890964,8124.30115581812,7997.48193228213,7998.74091896672,2.51797336918605,146.802012078344,89.4427166948568,89.4427190999916,-6.54311314793852,1.40380616210218,0.999999999999999
"cloglog",16000,742,2,1,8000,7100.10436634316,-1087.52915866105,8187.63352500421,7997.44872817342,7998.70815369482,2.51885104279169,146.795107135125,89.4422432646929,89.4427190999916,-6.11290375641921,2.11226110184078,0.99999999999992
"cloglog",16000,742,5,0,3200,2925.87586103267,-434.905830029145,3360.78169106181,3197.76299512417,3198.21035344204,2.23679158937396,85.370536532951,71.5541690418427,71.5541752799933,-3.1847888643239,2.27200371126809,0.999763699665903
"cloglog",16000,742,5,1,3200,2923.61022606705,-435.268891574968,3358.87911764202,3197.74241968361,3198.18979328073,2.23686798562385,85.3671930539152,71.5536746663478,71.5541752799933,-3.21121245539161,2.24571729000053,0.999788974761208
"cloglog",16000,742,10,0,1600,1542.85803568734,-217.442784111173,1760.30081979851,1597.85776343231,1598.07194990423,2.1418647192822,58.4981020304436,53.6656172633998,53.665631459995,-0.940196789912058,3.02295730799158,0.835223526378883
"cloglog",16000,742,10,1,1600,1555.16681777558,-217.620458486129,1772.78727626171,1597.84652415868,1598.06068734195,2.1416318327144,58.4965276122008,53.6652185810128,53.665631459995,-0.729610938037876,3.25586280163929,0.774191666164739
"cloglog",16000,742,25,0,640,695.332382444927,-87.0087857192464,782.341168164173,637.913357307498,637.996788709766,2.0857850566923,36.2700722048093,35.054194294024,35.0542436803306,1.58309652137431,4.11774916986225,0.057303097004621
"cloglog",16000,742,25,1,640,689.097815893098,-87.0897478470301,776.187563740128,637.909477499331,637.992866903967,2.08473511589927,36.2694741922524,35.0539206824514,35.0542436803306,1.41133389809939,3.94234636656046,0.0789001054510439
"cloglog",16000,742,50,0,320,439.115649951373,-43.4531929701557,482.568842921529,317.930207107218,317.971570194262,2.0681543522039,25.4729495242113,25.0438298858302,25.0439613479976,4.75741698969612,6.5723682630665,7.58922890898624e-06
"cloglog",16000,742,50,1,320,424.63802999525,-43.5547456990155,468.192775694265,317.929772570872,317.971094219855,2.06608244914339,25.4726351270665,25.0436324784657,25.0439613479976,4.18913303991044,5.99839825966067,5.74356114095838e-05
"cloglog",16000,743,2,0,8000,6992.98646513305,-1075.01554114991,8068.00200628296,7997.478869082,7998.73938723373,2.52103630345652,149.715945875824,89.4427167308906,89.4427190999916,-6.70932142914213,0.774379642980081,1
"cloglog",16000,743,2,1,8000,7126.04666086537,-1077.38859682066,8203.43525768602,7996.21765888141,7997.47928318121,2.52324859958457,149.63728312786,89.4236277776894,89.4427190999916,-5.81520179882254,2.30314939824217,0.999999999999587
"cloglog",16000,743,5,0,3200,2938.82625654036,-430.014989913196,3368.84124645356,3197.7625564098,3198.21000263377,2.23723111984761,86.1764098607789,71.5541690909482,71.5541752799933,-3.00472368584117,2.38464433292362,0.999556672642327
"cloglog",16000,743,5,1,3200,2893.23291765786,-431.975228772929,3325.20814643079,3196.95627588516,3197.40309692987,2.23410522352894,86.129919928908,71.5346280211303,71.5541752799933,-3.5263397258235,1.7866179364652,0.999957640072691
"cloglog",16000,743,10,0,1600,1563.91540891002,-214.984668266356,1778.90007717637,1597.85740460952,1598.07162755784,2.14222948322955,58.7927661684639,53.6656175625585,53.665631459995,-0.577315848726061,3.36954008602883,0.724225267250725
"cloglog",16000,743,10,1,1600,1520.2678049461,-216.172943576303,1736.4407485224,1597.40655725779,1597.62023468132,2.13677423525785,58.7656239512407,53.6497673359577,53.665631459995,-1.31265095348424,2.58753244858981,0.917140561158126
"cloglog",16000,743,25,0,640,722.230701256149,-85.9614940408196,808.192195296968,637.914430817885,637.997820529426,2.08474278853123,36.3462288092195,35.0541961610772,35.0542436803306,2.31980794708683,4.85517836396771,0.0113030008025592
"cloglog",16000,743,25,1,640,721.449957270752,-86.2226374166221,807.672594687374,637.723218494452,637.806500341408,2.08204617391788,36.3322908989964,35.0434295985799,35.0542436803306,2.30447177165515,4.84730222731538,0.011913975854407
"cloglog",16000,743,50,0,320,425.287054176094,-42.9754577155561,468.26251189165,317.936188604824,317.977432351786,2.06218734811108,25.5000739919946,25.0438311507543,25.0439613479976,4.2098256501127,6.00088215877218,5.26423577088339e-05
"cloglog",16000,743,50,1,320,426.631281058858,-43.2049528504287,469.836233909287,317.836235839644,317.877498506678,2.06313335171922,25.4911086952457,25.0360306090653,25.0439613479976,4.26796050810867,6.06960175817911,4.39013514124343e-05
"cloglog",16000,744,2,0,8000,6951.91239826652,-1150.22522107281,8102.13761933933,7997.48735372729,7998.74362748349,2.5125475123871,155.026426313017,89.4427164948588,89.4427190999916,-6.74449498919385,1.15598000494305,1
"cloglog",16000,744,2,1,8000,6913.55171534413,-1150.47932271592,8064.03103806004,7997.47554214864,7998.7343037506,2.51752320391824,155.023542910211,89.4426164823878,89.4427190999916,-6.99199493481016,0.730040520698532,1
"cloglog",16000,744,5,0,3200,2891.15765507019,-460.100445399423,3351.25810046961,3197.76643308173,3198.21310154755,2.23334232910297,87.6658722419815,71.5541685741581,71.5541752799933,-3.49747022610144,2.13886908298634,0.999962272463151
"cloglog",16000,744,5,1,3200,2846.07890602194,-460.1914693005,3306.27037532244,3197.76779064434,3198.2133124785,2.2276091707984,87.6645032760217,71.5540630458393,71.5541752799933,-4.01175928089234,1.5101457309939,0.999997497916275
"cloglog",16000,744,10,0,1600,1503.52372845092,-230.034651207531,1733.55837965845,1597.85927460613,1598.07330831475,2.14033708621598,59.3407224007141,53.6656164677751,53.665631459995,-1.58972695880225,2.52461595079318,0.954813342320028
"cloglog",16000,744,10,1,1600,1420.43105494143,-230.110111819606,1650.54116676103,1597.85432623801,1598.06861535054,2.14289112532745,59.3401239215254,53.66553332029,53.665631459995,-2.98993766058221,0.977770053962185,0.999430200024784
"cloglog",16000,744,25,0,640,714.724129062491,-91.9868844492276,806.711013511719,637.917075604658,638.000357629025,2.08205060917514,36.4884172463684,35.054193068624,35.0542436803306,2.10497081688239,4.81285236126866,0.0184972094003735
"cloglog",16000,744,25,1,640,747.322672669798,-92.0117017776367,839.334374447435,637.911358880246,637.994827381648,2.08671253506197,36.4882116179067,35.0541344844273,35.0542436803306,2.99853867696433,5.74367474841608,0.00175193613110261
"cloglog",16000,744,50,0,320,460.238849251051,-45.9431864251288,506.18203567618,317.933756403697,317.975047657522,2.06456269123163,25.5507800389232,25.0438263001578,25.0439613479976,5.56950091662841,7.51510515058446,2.9713148950322e-07
"cloglog",16000,744,50,1,320,465.418630888641,-45.9641130839576,511.382743972599,317.930076861189,317.971430990292,2.06770645513917,25.5506865994743,25.0437840984964,25.0439613479976,5.77239102570678,7.72292686367308,1.27771446837066e-07
"cloglog",16000,745,2,0,8000,6967.103432482,-998.343639035547,7965.44707151755,7997.47749075709,7998.73869775597,2.52241399776859,153.080201283894,89.4427167578362,89.4427190999916,-6.73094266687181,-0.372211706499891,1
"cloglog",16000,745,2,1,8000,7081.91526753627,-999.34382090514,8081.25908844141,7997.08568201262,7998.34952716367,2.52769030209577,153.049961881836,89.4366625805476,89.4427190999916,-5.97955336429887,0.927019847180414,0.999999999999975
"cloglog",16000,745,5,0,3200,2878.12793222569,-399.357642714322,3277.48557494001,3197.7638476096,3198.21103567295,2.23594031675642,87.1169504974931,71.5541690910143,71.5541752799933,-3.66904389511556,1.10789546261412,0.9999820940434
"cloglog",16000,745,5,1,3200,2800.99856608519,-400.625954975356,3201.62452106054,3197.50584186,3197.9553733768,2.24765758402945,87.099744473812,71.5481148378629,71.5541752799933,-4.55233569478529,0.0512822412170178,0.999999887470824
"cloglog",16000,745,10,0,1600,1453.48399352672,-199.708733051533,1653.19272657825,1597.86229236353,1598.0760245854,2.13732221868445,59.138281679852,53.6656167688287,53.665631459995,-2.44136783713816,1.02703938408607,0.995677975886993
"cloglog",16000,745,10,1,1600,1459.69254484594,-200.315776199741,1660.00832104568,1597.71431760253,1597.9288641212,2.14546518669856,59.1287456418593,53.6607265562024,53.665631459995,-2.33425842639356,1.15688811741041,0.993945933937571
"cloglog",16000,745,25,0,640,655.434314485787,-79.8819180996311,735.316232585418,637.914727391189,637.998103582139,2.0844047737487,36.4357945225517,35.054193713699,35.0542436803306,0.480834501461305,2.77621929627346,0.30772358058479
"cloglog",16000,745,25,1,640,620.786566828875,-80.2046727689255,700.991239597801,637.854261582035,637.9376639432,2.08505902912651,36.4311652051924,35.0508654998591,35.0542436803306,-0.468491596604974,1.79891636783845,0.679957559705233
"cloglog",16000,745,50,0,320,371.158017946741,-39.9565735939346,411.114591540676,317.933940679454,317.975228959565,2.06441400552477,25.5320033385597,25.0438293232859,25.0439613479976,2.08460247171068,3.71905435781378,0.0213434615952041
"cloglog",16000,745,50,1,320,371.935705641212,-40.047799308083,411.983504949295,317.899189063308,317.940562995679,2.06869661856709,25.5291268556218,25.0414262056588,25.0439613479976,2.11666136815035,3.75549464240837,0.0199601567987329
"cloglog",16000,746,2,0,8000,7037.55131705758,-1014.32454805646,8051.87586511404,7997.47352193948,7998.7367129472,2.5263820154407,150.180114231596,89.4427167541838,89.4427190999916,-6.391806330641,0.594113798140569,0.999999999999999
"cloglog",16000,746,2,1,8000,7011.10474013222,-1014.31175833078,8025.416498463,7997.4669477898,7998.73341660013,2.53293762066294,150.180240415301,89.4427164754642,89.4427190999916,-6.56785609698011,0.298325933226671,1
"cloglog",16000,746,5,0,3200,2901.63386064181,-405.743211978376,3307.37707262019,3197.75683636819,3198.20542693143,2.242952816172,86.3055377293395,71.554169061318,71.5541752799933,-3.43110052399001,1.52572026369576,0.999932846241889
"cloglog",16000,746,5,1,3200,2894.75572730465,-405.756556378833,3300.51228368348,3197.76294251094,3198.21030962875,2.23683558905681,86.3055949624513,71.5541687862348,71.5541752799933,-3.51086410258938,1.42971368111837,0.99995390597813
"cloglog",16000,746,10,0,1600,1532.31602027284,-202.907003228422,1735.22302350126,1597.84992612271,1598.06489579053,2.14969667823757,58.8401000104018,53.6656170601776,53.665631459995,-1.11376265231171,2.55579149601366,0.878262374505683
"cloglog",16000,746,10,1,1600,1524.08947343891,-202.91296501606,1727.00243845497,1597.84980712992,1598.06478808482,2.14980954899781,58.8401216574523,53.6656168472229,53.665631459995,-1.25357207995624,2.40261191327054,0.90595703107345
"cloglog",16000,746,25,0,640,629.824573301861,-81.1421105693078,710.966683871169,637.909176922938,637.99277591617,2.08997483080624,36.3584700390629,35.0541946846683,35.0542436803306,-0.222358190880724,2.08174538343952,0.583622094448636
"cloglog",16000,746,25,1,640,616.513242507194,-81.1239177311116,697.637160238306,637.908182610535,637.991821258939,2.09096621011728,36.3584773988031,35.05419452046,35.0542436803306,-0.588444336341898,1.70151788666984,0.722299014715223
"cloglog",16000,746,50,0,320,344.36225754297,-40.539107915716,384.901365458686,317.926595421735,317.968030553582,2.07175659238751,25.5044308511236,25.0438290432209,25.0439613479976,1.03651252896203,2.67264781234489,0.148236296109109
"cloglog",16000,746,50,1,320,340.912564286743,-40.5358975759064,381.448461862649,317.926667357853,317.968101019999,2.07168310728382,25.5044330953236,25.0438289211074,25.0439613479976,0.901251043023742,2.53477058330917,0.18039023494321
"cloglog",16000,747,2,0,8000,6824.36376281014,-1103.76739467031,7928.13115748045,7997.47529429915,7998.73759863799,2.52460867768784,151.980846245686,89.4427166714076,89.4427190999916,-7.71881168231293,-0.78940403182219,1
"cloglog",16000,747,2,1,8000,6926.22487855649,-1104.63021098929,8030.85508954578,7997.38311829736,7998.64263217248,2.51902775023596,151.966774412298,89.4412549603484,89.4427190999916,-7.04863443922773,0.360152117583542,1
"cloglog",16000,747,5,0,3200,2776.24813904696,-441.471961107431,3217.72010015439,3197.7621137217,3198.20964806152,2.23767169909786,86.8084318420836,71.5541690389815,71.5541752799933,-4.85568009616321,0.272666880978464,0.999999982718218
"cloglog",16000,747,5,1,3200,2966.88520207872,-441.485076274519,3408.37027835323,3197.70491583175,3198.15139425046,2.23239209358869,86.8012701563555,71.5526566796412,71.5541752799933,-2.65917438002063,2.93796057138693,0.998432374303425
"cloglog",16000,747,10,0,1600,1441.39953472168,-220.720657520183,1662.12019224187,1597.85809585977,1598.07224913664,2.14153276871478,59.0247526117811,53.6656173014695,53.665631459995,-2.65072794403989,1.19346326988898,0.997842808068843
"cloglog",16000,747,10,1,1600,1524.07995639354,-220.785524048743,1744.86548044229,1597.82698154751,1598.04073546702,2.13753919507904,59.0211944401455,53.6643960860303,53.665631459995,-1.2495007234859,2.73598056968524,0.905986176145965
"cloglog",16000,747,25,0,640,651.123607729946,-88.3186434723928,739.442251202339,637.913120153137,637.996561722758,2.08603924052322,36.4063330073904,35.0541952259925,35.0542436803306,0.362862350737924,2.89396715073806,0.350661957513466
"cloglog",16000,747,25,1,640,712.94798185859,-88.2726581119881,801.220639970579,637.898260307599,637.98170279279,2.08606212979664,36.4048709420299,35.0533712879487,35.0542436803306,2.06152966921649,4.65686840323713,0.020691200747543
"cloglog",16000,747,50,0,320,405.657858954808,-44.160880260367,449.818739215175,317.933473832533,317.974771849441,2.06490084538884,25.5214992245616,25.043830978344,25.0439613479976,3.4372739763599,5.26452871686216,0.000628622813973452
"cloglog",16000,747,50,1,320,419.817613839678,-44.1438641058402,463.961477945519,317.924765311033,317.966085545063,2.06601170147201,25.5206672904061,25.0432322817068,25.0439613479976,3.99256208190722,5.82973438724602,0.000108536384211677
"cloglog",16000,748,2,0,8000,6943.35305935444,-964.453425030007,7907.80648438444,7997.47838058082,7998.73914478524,2.52152840885091,143.117280487427,89.442716755849,89.4427190999916,-7.36546500629592,-1.01665807680034,1
"cloglog",16000,748,2,1,8000,7080.26162811069,-967.084911130419,8047.34653924111,7997.4253464136,7998.68033950348,2.50998617976903,143.107772863044,89.4418060065354,89.4427190999916,-6.40890218577182,0.544110208754922,0.999999999999978
"cloglog",16000,748,5,0,3200,2892.9378927325,-385.825687846254,3278.76358057876,3197.76364803121,3198.21087700225,2.23614485523023,84.363522356959,71.554169328379,71.5541752799933,-3.61324120641767,1.1257583496893,0.999958329780785
"cloglog",16000,748,5,1,3200,2925.72901123035,-386.685426456023,3312.41443768637,3197.72162239153,3198.16922029067,2.23798949573915,84.3588329880948,71.5532107388488,71.5541752799933,-3.22423392461535,1.59664697385371,0.999765419492577
"cloglog",16000,748,10,0,1600,1524.67557887838,-192.907914222793,1717.58349310118,1597.85720149957,1598.0714442691,2.14242769530878,58.1317204674135,53.665617381067,53.665631459995,-1.25889311434041,2.22697612856005,0.904149503667344
"cloglog",16000,748,10,1,1600,1567.96402073152,-193.47016960936,1761.43419034088,1597.83463495244,1598.04887465262,2.14239700179361,58.1294070951578,53.6648368089514,53.665631459995,-0.51386407867574,3.04455068539419,0.699461584536435
"cloglog",16000,748,25,0,640,705.756750847157,-77.1593837944008,782.916134641558,637.916340055029,637.999652818987,2.08281909893996,36.1757072232916,35.0541954599149,35.0542436803306,1.87530295878913,4.13406954349547,0.0320088669234024
"cloglog",16000,748,25,1,640,705.3808967649,-77.362601557156,782.743498322056,637.899761262847,637.983353379977,2.08980292823284,36.1747545001681,35.0536639230772,35.0542436803306,1.86542069004888,4.12967230072569,0.0327218174251268
"cloglog",16000,748,50,0,320,415.78230437374,-38.5998840531243,454.382188426864,317.930306769594,317.971667973651,2.06806020283816,25.4393849307242,25.0438305066762,25.0439613479976,3.84647655085268,5.44687125305567,0.000182184544023877
"cloglog",16000,748,50,1,320,425.003872034547,-38.7509008743163,463.754772908863,317.923415219812,317.964817612378,2.0701196283053,25.4388515333148,25.0434501538439,25.0439613479976,4.20932747983932,5.82148044302544,5.46847937715761e-05
"cloglog",16000,749,2,0,8000,6951.65982065306,-1149.91563155931,8101.57545221237,7997.47068183671,7998.73529284877,2.52922202412028,153.584974059365,89.4427166377377,89.4427190999916,-6.80933058451029,1.1497879674219,1
"cloglog",16000,749,2,1,8000,6892.51999882189,-1148.03889357409,8040.55889239597,7997.23877467789,7998.49581400234,2.51407864890144,153.561049219816,89.4390552878711,89.4427190999916,-7.1940038275894,0.470298777846479,1
"cloglog",16000,749,5,0,3200,2898.74413284047,-459.889237325018,3358.63337016549,3197.76643738905,3198.21310659987,2.23334605408277,87.2589837746209,71.5541689144641,71.5541752799933,-3.42683688960807,2.24194153882754,0.999942606068642
"cloglog",16000,749,5,1,3200,2918.09591154782,-459.077908761732,3377.17382030956,3197.60677353311,3198.05438140912,2.23803938007747,87.2459203375349,71.5504066801209,71.5541752799933,-3.20371268827148,2.50340210784851,0.999840375864955
"cloglog",16000,749,10,0,1600,1606.25442790395,-229.949367235077,1836.20379513903,1597.85142216797,1598.06624155536,2.14819387381069,59.1906071887103,53.6656167629394,53.665631459995,0.141965188990017,4.43743253032226,0.437406704524398
"cloglog",16000,749,10,1,1600,1552.76603731204,-229.433444866403,1782.19948217844,1597.77068536846,1597.98484352277,2.14158154307357,59.1837366080855,53.6625779289409,53.665631459995,-0.76042255247312,3.43283244609703,0.786980267359736
"cloglog",16000,749,25,0,640,708.832424466051,-92.0175474945458,800.849971960597,637.909658079099,637.993237299493,2.089480509859,36.4493879686124,35.054193989149,35.0542436803306,1.94578757942455,4.64585591987984,0.0266516471056034
"cloglog",16000,749,25,1,640,717.758308406496,-91.8393325244427,809.597640930938,637.87567699166,637.959123370931,2.0861594817758,36.4462536326981,35.0521225655605,35.0542436803306,2.19179266598661,4.89666545125704,0.0152135970868097
"cloglog",16000,749,50,0,320,449.106496394061,-46.0022447890248,495.108741183085,317.928573048999,317.969968634751,2.06977928759427,25.5368545484147,25.0438290382494,25.0439613479976,5.136808180364,7.07315052653455,1.7079217335028e-06
"cloglog",16000,749,50,1,320,448.425312868526,-45.9642309751187,494.389543843644,317.913298466806,317.954616669583,2.06591013883655,25.5349582782209,25.0423207774436,25.0439613479976,5.11111132353152,7.04547029574759,1.89524497351525e-06
"cloglog",16000,750,2,0,8000,7069.20210695818,-1026.88543961168,8096.08754656986,7997.47266123085,7998.73628232136,2.52724218102666,154.580071507696,89.4427167789512,89.4427190999916,-6.00511143007493,1.08842025102051,0.999999999999989
"cloglog",16000,750,2,1,8000,6915.98498397427,-1029.39313928855,7945.37812326282,7996.67068996579,7997.93177016832,2.52216040504895,154.521931793278,89.4304318333813,89.4427190999916,-6.99373670423229,-0.587648363405089,1
"cloglog",16000,750,5,0,3200,2879.71465196977,-410.764601732681,3290.47925370245,3197.76634690416,3198.21303378702,2.23343441429769,87.5396752379451,71.554168885791,71.5541752799933,-3.63322909377812,1.28945973871486,0.999980360028334
"cloglog",16000,750,5,1,3200,2941.42695133468,-412.818486737517,3354.2454380722,3197.24560959112,3197.69414622999,2.24268319435244,87.505286425309,71.5416417440901,71.5541752799933,-2.92346518372684,2.18825411362807,0.999498747261645
"cloglog",16000,750,10,0,1600,1537.68275817112,-205.362983993252,1743.04574216437,1597.86216054626,1598.07590576264,2.13745216375221,59.2941340066883,53.6656166736312,53.665631459995,-1.01493011717412,2.70135415164179,0.857427420579253
"cloglog",16000,750,10,1,1600,1575.37823126031,-206.55639838983,1781.93462965014,1597.5689545896,1597.782999477,2.14044887400046,59.2748907909422,53.6554781742744,53.665631459995,-0.374369704156135,3.43211236651379,0.651823220851488
"cloglog",16000,750,25,0,640,632.292271661521,-82.1344899088604,714.426761570381,637.920898328186,638.004027791358,2.07823657931514,36.476298965477,35.0541937799574,35.0542436803306,-0.154309149401159,2.18013097830018,0.556296596852274
"cloglog",16000,750,25,1,640,703.888229625004,-82.7649634885636,786.653193113567,637.793294009397,637.876575785093,2.08204439238724,36.4668908810337,35.0473084235308,35.0542436803306,1.81246423862205,4.24502262857326,0.0356863091098931
"cloglog",16000,750,50,0,320,356.605712206284,-41.0675632361248,397.673275442409,317.937192056789,317.978414937633,2.06114404221454,25.5464534895282,25.0438277206,25.0439613479976,1.51365512106585,3.18221564985539,0.0669241796845838
"cloglog",16000,750,50,1,320,408.56909210133,-41.3703400513639,449.939432152694,317.872198443183,317.913457989845,2.06297733311609,25.5405521623933,25.0388477215308,25.0439613479976,3.5510936913765,5.27284544525267,0.000444283447242957
