"scen","n","rep","m","oracle","G","HL","C","EF","mu","muEF","d","sdHL","sdEF","sdEF_simple","zHL","zEF","pHL_chisq"
"cloglog",1000,801,2,0,500,444.900396057501,-53.7573380599276,498.657734117429,497.520753283267,498.759626236968,2.47774590740381,34.0454556788387,22.3605590251479,22.3606797749979,-1.5455912155252,-0.00455677872030217,0.957738496738976
"cloglog",1000,801,2,1,500,460.134160612415,-54.1488325661005,514.282993178515,497.480026745323,498.734094093236,2.50813469582608,34.0384597603194,22.3600054592309,22.3606797749979,-1.09716674596552,0.695388876967405,0.886936546261689
"cloglog",1000,801,5,0,200,182.668811528352,-21.4843830613685,204.15319458972,197.762841674826,198.209668210655,2.23413267914677,20.6250532558427,17.8882029762664,17.8885438199983,-0.731829875018521,0.332259556029811,0.775632210525821
"cloglog",1000,801,5,1,200,176.904786610808,-21.6126309904719,198.51741760128,197.741312144545,198.191299941399,2.24993898427274,20.6222692193191,17.8876641175581,17.8885438199983,-1.01038956053473,0.0182314279683074,0.856886081308061
"cloglog",1000,801,10,0,100,93.8449883672884,-10.6169911120302,104.461979479319,97.8515622113461,98.0658317439575,2.14269532611406,14.363015894336,13.4155474612991,13.4164078649987,-0.278950735244793,0.476771280025109,0.599972338115512
"cloglog",1000,801,10,1,100,83.9437741870338,-10.6662961144423,94.6100703014762,97.8480906043852,98.0623436194354,2.14253015050168,14.3614111464447,13.4150432669606,13.4164078649987,-0.968172018443575,-0.257343435221095,0.84333215018864
"cloglog",1000,801,25,0,40,33.7853729193208,-4.17131001754082,37.9566829368616,37.9023310240495,37.9857223882783,2.08478410572051,8.99585518439271,8.76060911104613,8.76356092008266,-0.457650553542859,-0.00331477538246733,0.664685101141262
"cloglog",1000,801,25,1,40,29.2832782128387,-4.10538828288243,33.3886664957212,37.9083146082015,37.9914101787753,2.0773892643445,8.99520444942281,8.76029312618657,8.76356092008266,-0.958848288980934,-0.525409779873167,0.843849590249195
"cloglog",1000,801,50,0,20,19.867140954996,-2.17855249257259,22.0456934475686,17.9252695506593,17.9662621868506,2.04963180956794,6.33381166454516,6.25298556338184,6.26099033699941,0.30658811900057,0.652397357928922,0.340349042120408
"cloglog",1000,801,50,1,20,18.6345733302633,-2.02560539663207,20.6601787268954,17.9298014324258,17.9706903770645,2.04444723193503,6.33345947609585,6.25277742613856,6.26099033699941,0.111277556996683,0.430126992620577,0.414642809250484
"cloglog",1000,802,2,0,500,424.128606829278,-59.8892460537804,484.017852883059,497.448118191101,498.723192981988,2.55014958177359,44.2625131553939,22.3604781564651,22.3606797749979,-1.65646968811774,-0.65764873166084,0.992781880547675
"cloglog",1000,802,2,1,500,434.687854809404,-60.5755738926729,495.263428702077,497.346064760471,498.596384200551,2.50063888016131,44.2246742997648,22.3507506414216,22.3606797749979,-1.41681563387795,-0.149120517335019,0.981085346431764
"cloglog",1000,802,5,0,200,154.158168855647,-24.0416529767692,178.199821832416,197.73591139129,198.187929925603,2.26009267156593,23.5236026412388,17.8880634566771,17.8885438199983,-1.85251142013629,-1.11739921661145,0.990775173021024
"cloglog",1000,802,5,1,200,162.913101032757,-24.4342799343549,187.347380967112,197.683665158286,198.127245808719,2.2179032521644,23.4984020988001,17.8786614283838,17.8885438199983,-1.47969908674362,-0.602945857260486,0.967524827992079
"cloglog",1000,802,10,0,100,82.0490507756398,-11.9679802131604,94.0170309888002,97.8448494095005,98.0597017950541,2.1485238555359,15.4359253709161,13.4153969392567,13.4164078649987,-1.0233140064037,-0.301345597492091,0.876868713679012
"cloglog",1000,802,10,1,100,97.5580600822858,-12.562506067603,110.120566149889,97.8223133605494,98.0340807142335,2.11767353684026,15.4207746540186,13.4078298281871,13.4164078649987,-0.0171361870069693,0.901449793929071,0.493599093209381
"cloglog",1000,802,25,0,40,31.6031190064547,-5.08787366190202,36.6909926683567,37.9290207500306,38.011274322012,2.05633929953411,9.27353635812026,8.76016065438193,8.76356092008266,-0.682145569854455,-0.150714319719112,0.758610685795397
"cloglog",1000,802,25,1,40,41.4384944341252,-4.89299603400886,46.331490468134,37.8832004023119,37.96630536109,2.07762396945201,9.2657473799677,8.75469049343642,8.76356092008266,0.383702888285053,0.955508948410637,0.323072129165826
"cloglog",1000,802,50,0,20,11.5537172261315,-2.90767993442986,14.4613971605614,17.9412364109018,17.9818489856414,2.03062873697869,6.4288104852301,6.25191460898504,6.26099033699941,-0.99357714766135,-0.563099793464957,0.869401638915286
"cloglog",1000,802,50,1,20,16.7856776060151,-2.75510384727266,19.5407814532878,17.9227507043471,17.9634944868999,2.03718912763626,6.42420170999976,6.24814646563631,6.26099033699941,-0.176998349314291,0.252440779847709,0.537883945052393
"cloglog",1000,803,2,0,500,406.710877422182,-80.3326313933262,487.043508815508,497.401503768931,498.699923736615,2.59683993536921,43.1419776745616,22.3604546878851,22.3606797749979,-2.10214346293689,-0.521295970221153,0.998928234393881
"cloglog",1000,803,2,1,500,428.984137019177,-80.2107218518572,509.194858871034,497.469462389811,498.730783978515,2.52264317740756,43.1397312370242,22.3599790090484,22.3606797749979,-1.58752322758696,0.467982321820806,0.988563203998408
"cloglog",1000,803,5,0,200,147.031037058764,-32.2983858550364,179.329422913801,197.735448038684,198.187640628927,2.26096295121474,23.1871856395382,17.8880764299288,17.8885438199983,-2.18674278837273,-1.05423396355655,0.997341189809686
"cloglog",1000,803,5,1,200,162.099141915276,-32.3167168470723,194.415858762348,197.775414182832,198.218778246222,2.21682031694943,23.1860927153739,17.8876595414093,17.8885438199983,-1.53869272867611,-0.21260017136786,0.970774387758599
"cloglog",1000,803,10,0,100,94.4452511685577,-16.3339316265891,110.779182795147,97.8525396616213,98.0665905245496,2.14050862928305,15.3072598091724,13.4153071341155,13.4164078649987,-0.222592974545441,0.947618428971239,0.582877296563287
"cloglog",1000,803,10,1,100,100.59846147149,-16.3289821116306,116.927443583121,97.8592640748434,98.0723888839689,2.13124809125571,15.306560873433,13.4149503684584,13.4164078649987,0.178955770619999,1.40552549068572,0.408452718896215
"cloglog",1000,803,25,0,40,38.3451748454842,-6.58794701772846,44.9331218632126,37.8838807291005,37.9679244772099,2.101093702734,9.23789837724165,8.76003261190933,8.76356092008266,0.0499349632942581,0.795110896794324,0.453832609847133
"cloglog",1000,803,25,1,40,40.7364004519263,-6.59841475542045,47.3348152073468,37.9043666659404,37.9875571693649,2.0797625856135,9.23761032270852,8.75984294555331,8.76356092008266,0.306576450732503,1.06705771965086,0.350943764058178
"cloglog",1000,803,50,0,20,20.4537042593063,-3.11343045823631,23.5671347175426,17.9206665619955,17.96168116529,2.05073016472475,6.41592172853854,6.25175093070225,6.26099033699941,0.394804956245597,0.896621380855778,0.307863881267248
"cloglog",1000,803,50,1,20,20.0491018708778,-3.03538414783208,23.0844860187099,17.9299069532117,17.9707284879537,2.04107673710383,6.41575550148963,6.25162049197429,6.26099033699941,0.330311047104914,0.817989117752925,0.330062065083921
"cloglog",1000,804,2,0,500,430.590083306562,-70.5020074141958,501.092090720758,497.502915324043,498.750833865859,2.49583708363118,35.0919782306397,22.360574614684,22.3606797749979,-1.90678426783755,0.104704682023749,0.986769363197845
"cloglog",1000,804,2,1,500,433.684766221495,-68.3894412660716,502.074207487567,496.79778732816,498.043041828554,2.49050900078674,34.9890470486603,22.3253510332233,22.3606797749979,-1.80379365630884,0.180564491595869,0.982637060145635
"cloglog",1000,804,5,0,200,217.2176158184,-28.1814469280747,245.399062746475,197.78479793646,198.227181221513,2.21191642526696,20.9042040332687,17.8881876207797,17.8885438199983,0.929612907098175,2.63704085204053,0.166177333271839
"cloglog",1000,804,5,1,200,167.655425419992,-26.6574586183093,194.312884038302,197.34188159827,197.785351446794,2.21734924262203,20.8250672903638,17.8468358254561,17.8885438199983,-1.42551549843079,-0.194570479745195,0.942558108800556
"cloglog",1000,804,10,0,100,120.532167455245,-14.2164491486806,134.748616603926,97.8715511318488,98.0838234048903,2.12272273041475,14.4639044762906,13.4155674912978,13.4164078649987,1.56670118781151,2.73300352167874,0.0609107592940103
"cloglog",1000,804,10,1,100,102.910493228022,-13.3969528615638,116.307446089586,97.6095719981094,97.8242370712672,2.14665073157806,14.4153352414958,13.3826926690906,13.4164078649987,0.367727918991011,1.38112781002652,0.347343111500278
"cloglog",1000,804,25,0,40,45.7253256042951,-5.47892102168373,51.2042466259788,37.9275335657362,38.0099404727361,2.06017267499625,9.02213119119232,8.76076308512593,8.76356092008266,0.864296015355141,1.50606813870405,0.182016874124419
"cloglog",1000,804,25,1,40,37.7060152944931,-5.08851731302803,42.7945326075211,37.792677639011,37.8764849786036,2.09518348981468,8.99574445667701,8.73867882399706,8.76356092008266,-0.00963370457389141,0.562790752237314,0.482928178851858
"cloglog",1000,804,50,0,20,19.0628127320104,-2.72123668193354,21.784049413944,17.9441271950214,17.9847486077825,2.03107063805675,6.344016418532,6.25311643608781,6.26099033699941,0.176337112514587,0.607585168930336,0.38796509584762
"cloglog",1000,804,50,1,20,23.4422219591762,-2.46706225721937,25.9092842163956,17.8757516161352,17.9167556324233,2.05020081440765,6.32662504721222,6.23758766500823,6.26099033699941,0.879848307984351,1.2813492993147,0.174163570065015
"cloglog",1000,805,2,0,500,464.603873799389,-37.4902886504875,502.094162449876,497.507257364098,498.752641294115,2.49076786003255,41.3902711854844,22.3604332486622,22.3606797749979,-0.794954529707186,0.149439016614829,0.855785717908042
"cloglog",1000,805,2,1,500,430.213459296878,-38.8872251849019,469.10068448178,497.396064320078,498.643224687146,2.49432073413477,41.3624032018132,22.3531732287775,22.3606797749979,-1.6242432697976,-1.32162623637401,0.987210131921025
"cloglog",1000,805,5,0,200,187.758158892623,-14.9655994388712,202.723758331494,197.78133926878,198.224296491602,2.21478611410793,22.6708052936528,17.8880703390852,17.8885438199983,-0.442118409396069,0.251534221109391,0.687992394411887
"cloglog",1000,805,5,1,200,158.976416608869,-15.8015390143547,174.777955623223,197.714445813836,198.157951636056,2.21752911109946,22.6555152971548,17.8815058777183,17.8885438199983,-1.70987190963751,-1.30749592191597,0.980911357966676
"cloglog",1000,805,10,0,100,113.589473329787,-7.50664572778046,121.096119057567,97.8625499306944,98.0756209472715,2.13071016577135,15.1123755175344,13.4153573766151,13.4164078649987,1.04066520719028,1.71598098090355,0.13426206244847
"cloglog",1000,805,10,1,100,84.6086292959045,-8.00308189712704,92.6117111930316,97.8290807591417,98.0417557158038,2.12674956662119,15.1034428967146,13.4100307392768,13.4164078649987,-0.875327006805381,-0.404924092147536,0.830395370410922
"cloglog",1000,805,25,0,40,39.174883088049,-2.79882304184518,41.9737061298942,37.9001432378224,37.9835836250927,2.0860096817569,9.18761268518354,8.76033153622677,8.76356092008266,0.138745492861527,0.455476198395128,0.416921140937391
"cloglog",1000,805,25,1,40,38.1918484427835,-3.01185699715941,41.2037054399429,37.8805748945721,37.9641944752251,2.09048951632319,9.18356199024622,8.75695065608852,8.76356092008266,0.0338946422468682,0.369935961951031,0.460766033326232
"cloglog",1000,805,50,0,20,17.532024647922,-1.22026053791523,18.7522851858372,17.9233003477301,17.9642699766671,2.04848144684956,6.39685039189523,6.25187639056778,6.26099033699941,-0.0611669299478809,0.126044592045836,0.48685737168818
"cloglog",1000,805,50,1,20,14.350164675854,-1.35120922566521,15.7013739015192,17.9055226263886,17.9466785417151,2.0577957663246,6.39399004522871,6.2492003282453,6.26099033699941,-0.556046838575814,-0.359294713284761,0.705995765502491
"cloglog",1000,806,2,0,500,431.68148922346,-65.9594877291098,497.64097695257,497.447354721924,498.72299406664,2.55127868943292,39.6482829886663,22.36053198627,22.3606797749979,-1.65873174173174,-0.0483895962195616,0.985418824169203
"cloglog",1000,806,2,1,500,433.618113061656,-65.9839571960459,499.602070257702,497.100553789361,498.352688493656,2.50426940858889,39.6108044770918,22.3362244717428,22.3606797749979,-1.60265466873866,0.0559352260104147,0.982736282146535
"cloglog",1000,806,5,0,200,169.045453814503,-26.3674280137905,195.412881828293,197.751216569005,198.200302495092,2.24542963043511,22.1677003491435,17.8881297877827,17.8885438199983,-1.29493643013863,-0.155825158910857,0.933030937685725
"cloglog",1000,806,5,1,200,177.382344135532,-26.9774492773447,204.359793412877,197.511878568388,197.959227087441,2.23674259526739,22.1403658521025,17.8638864091782,17.8885438199983,-0.909178040115561,0.358296407558136,0.850965867709725
"cloglog",1000,806,10,0,100,93.5206617088396,-13.0598059221672,106.580467631007,97.8235062187565,98.0405674592945,2.17061240537915,14.9261005499777,13.4155112144756,13.4164078649987,-0.288276532474744,0.636569120265621,0.609162135629245
"cloglog",1000,806,10,1,100,96.3517044447817,-13.1703545569372,109.522059001719,97.7234300054368,97.9367782958666,2.13348290429823,14.9051505973569,13.3963939255524,13.4164078649987,-0.0920303053427953,0.864805914952563,0.528178901692576
"cloglog",1000,806,25,0,40,42.2153243415648,-5.22986106845954,47.4451854100244,37.8905265757695,37.9743458722023,2.09548241082068,9.13989953979973,8.76033146284572,8.76356092008266,0.473177822903087,1.08110515886183,0.293698229863985
"cloglog",1000,806,25,1,40,31.732493051517,-5.28478124680483,37.0172742983218,37.8541349786647,37.9370534333666,2.072961367549,9.12606223831253,8.7472311055425,8.76356092008266,-0.67078678265508,-0.105150889915554,0.753356818917158
"cloglog",1000,806,50,0,20,23.7537089155528,-2.61143536973898,26.3651442852918,17.9099067516552,17.9511771787058,2.06352135253011,6.38374974383938,6.25248069294023,6.26099033699941,0.915418429354496,1.34570061385177,0.163263405490809
"cloglog",1000,806,50,1,20,21.7845737908921,-2.67844424286865,24.4630180337607,17.8951598772005,17.9361296524483,2.04848876239067,6.37401023113881,6.24310203238855,6.26099033699941,0.610198881497035,1.04545598445318,0.24168997796822
"cloglog",1000,807,2,0,500,456.321969919521,-40.0979001929766,496.419870112497,497.487834828954,498.743130162603,2.51059066729819,38.4047571348614,22.3605225204587,22.3606797749979,-1.0718949416833,-0.10390007872044,0.909566952482808
"cloglog",1000,807,2,1,500,506.63116563798,-38.8829557710679,545.514121409048,497.374593616069,498.649611053712,2.55003487528566,38.3842395981185,22.3553782741934,22.3606797749979,0.241155539847268,2.09634164005338,0.384753212806496
"cloglog",1000,807,5,0,200,195.385144295841,-15.8991195050745,211.284263800916,197.73531426962,198.187529015005,2.26107372692281,21.8149888729164,17.8881142316362,17.8885438199983,-0.107731889641091,0.732147313926971,0.539207763867479
"cloglog",1000,807,5,1,200,213.892314941721,-15.2443035150574,229.136618456778,197.704276596764,198.152898926411,2.24311164823378,21.8043613479937,17.8833206512089,17.8885438199983,0.742422035967853,1.73254845309014,0.20854195287979
"cloglog",1000,807,10,0,100,110.787965207442,-8.23916255218124,119.027127759624,97.8436097608233,98.0586527368998,2.15042976076498,14.7949671014185,13.4154782845605,13.4164078649987,0.874916135864747,1.56300614692626,0.177843369106135
"cloglog",1000,807,10,1,100,103.041065300209,-8.04587366122998,111.086938961439,97.8424636315559,98.0548384350799,2.12374803524056,14.7884967875632,13.4115986726232,13.4164078649987,0.351530094189481,0.971703735287058,0.344017676150754
"cloglog",1000,807,25,0,40,53.7220666598489,-3.2673680363906,56.9894346962395,37.8870326317818,37.9709930322171,2.09901001088223,9.10491038823676,8.76032184995662,8.76356092008266,1.73917516514225,2.17097522097508,0.0468885696599616
"cloglog",1000,807,25,1,40,41.9525738223096,-3.21224440732451,45.1648182296341,37.8929160597357,37.9762270476895,2.0827746988464,9.10202028992985,8.75801938361525,8.76356092008266,0.446017217415497,0.820801012999946,0.303455083727462
"cloglog",1000,807,50,0,20,23.0861510942937,-1.44809357929423,24.5342446735879,17.904029932867,17.9454114207308,2.06907439318766,6.37066257579566,6.25236337295525,6.26099033699941,0.813435196068193,1.05381483126161,0.187301199571202
"cloglog",1000,807,50,1,20,24.9778859283147,-1.42132552247214,26.3992114507869,17.9102345310867,17.9513866217141,2.05760453136928,6.3688254127784,6.25070211275916,6.26099033699941,1.10972603881518,1.351500147772,0.125526550486324
"cloglog",1000,808,2,0,500,439.769627160226,-56.6549110340806,496.424538194306,497.458319120171,498.728383859491,2.54012947864153,33.0743136199308,22.3605325517126,22.3606797749979,-1.74421433571887,-0.103031788704375,0.971350178691201
"cloglog",1000,808,2,1,500,456.085446579988,-55.8904701903318,511.97591677032,497.336138254117,498.588191958445,2.50410740865654,33.0387161390372,22.3522516225797,22.3606797749979,-1.2485561333719,0.598943007529116,0.910855105218522
"cloglog",1000,808,5,0,200,169.864480160339,-22.8547703269655,192.719250487305,197.750053098266,198.199359145876,2.2465302380528,20.3710685318893,17.8881635145243,17.8885438199983,-1.3688812098528,-0.306353900115139,0.92689845906161
"cloglog",1000,808,5,1,200,201.152053023448,-22.6112131435272,223.763266166975,197.672049290244,198.117080377857,2.22515543806863,20.3501828354357,17.8788839995511,17.8885438199983,0.171006018046412,1.43443996782806,0.424251433660375
"cloglog",1000,808,10,0,100,104.695462988293,-11.3344085903866,116.029871578679,97.8524497575651,98.0666309886127,2.14181231047571,14.2720080186996,13.415539062192,13.4164078649987,0.479470949130748,1.33898761032205,0.303224926622878
"cloglog",1000,808,10,1,100,96.3845325935769,-11.1386705386114,107.523203132188,97.7993265170326,98.0133630155876,2.14036498555068,14.2600297961161,13.4080700068617,13.4164078649987,-0.0992139528236485,0.709262415227092,0.527235712312362
"cloglog",1000,808,25,0,40,39.6784084529099,-4.54676656687958,44.2251750197894,37.9047613504931,37.9880328165863,2.08178665232953,8.97256824469508,8.76048772443696,8.76356092008266,0.197674406485053,0.711962895148513,0.395099090236305
"cloglog",1000,808,25,1,40,33.6539184489738,-4.35002026839576,38.0039387173696,37.8835696968925,37.9668171400515,2.08118607897637,8.96656570864016,8.75567594965235,8.76356092008266,-0.471713628757879,0.00423971576055991,0.670609248443752
"cloglog",1000,808,50,0,20,29.8026942844095,-2.25850763763067,32.0612019220401,17.9208769489308,17.9619653530781,2.05442020736729,6.32618027641182,6.25311282799401,6.26099033699941,1.87819771431142,2.25475486478389,0.0394094557373681
"cloglog",1000,808,50,1,20,16.2640839864815,-2.36509769989696,18.6291816863785,17.9111496540427,17.952208103648,2.05292248026826,6.32224120485577,6.24958206190768,6.26099033699941,-0.2605192706498,0.108323016807273,0.574122695485855
"cloglog",1000,809,2,0,500,462.662072196457,-63.4756252191428,526.1376974156,497.50825382638,498.753323744147,2.49013983553224,34.9628816350115,22.3605468615602,22.3606797749979,-0.996662174293692,1.22467370055826,0.869940477226936
"cloglog",1000,809,2,1,500,458.190079221433,-61.7277658870657,519.917845108499,497.41815926496,498.658727989257,2.4811374485932,34.9591256998698,22.3554089611707,22.3606797749979,-1.12211273188886,0.95096077894022,0.898921091505105
"cloglog",1000,809,5,0,200,203.902731845492,-25.4939903146757,229.396722160167,197.790162774753,198.231516699509,2.20676962378071,20.8693484381042,17.8881989816791,17.8885438199983,0.292896977060309,1.74222153345777,0.37177607378399
"cloglog",1000,809,5,1,200,211.796791597838,-25.1172320997585,236.914023697596,197.705323918356,198.151897077465,2.23286579554762,20.8631208743765,17.8825096911369,17.8885438199983,0.67542472501267,2.16759992247298,0.238494136330703
"cloglog",1000,809,10,0,100,100.061836513269,-12.7937430952591,112.855579608528,97.8640753882414,98.0771003547759,2.13024966534463,14.4508349888316,13.415557079679,13.4164078649987,0.152085407294875,1.10159266335183,0.423161096729163
"cloglog",1000,809,10,1,100,114.032540832086,-12.622231898177,126.654772730263,97.8171522810572,98.0316122017682,2.14459920711004,14.4461787112094,13.4110334773914,13.4164078649987,1.12246905394063,2.13429938690019,0.128163906704002
"cloglog",1000,809,25,0,40,49.7764573860122,-4.96089051583739,54.7373479018496,37.9099692748388,37.9930627263179,2.07733628697748,9.01825626717691,8.76066853639107,8.76356092008266,1.31582955281089,1.91130221466288,0.0956245841356945
"cloglog",1000,809,25,1,40,63.7871551260531,-5.06116085805789,68.848315984111,37.8967079267054,37.9798106440532,2.07756793369401,9.01510688204992,8.75776142905613,8.76356092008266,2.87189575654377,3.52470269829955,0.00548450672641924
"cloglog",1000,809,50,0,20,21.4659848240641,-2.32065454085735,23.7866393649215,17.9247511759654,17.9657720874946,2.05104557646021,6.34176880049538,6.25325840389465,6.26099033699941,0.558398415253182,0.930853468937329,0.256558368528986
"cloglog",1000,809,50,1,20,18.4530068100213,-2.40700655168376,20.860013361705,17.911922371608,17.9530496462706,2.05636373313237,6.33928201984394,6.25088749700538,6.26099033699941,0.0853542146759754,0.465048157853916,0.426206311257322
"cloglog",1000,810,2,0,500,402.935311596658,-77.5540601552402,480.489371751898,497.400387745877,498.699381859031,2.59798822630648,37.1338143772611,22.3604972465802,22.3606797749979,-2.54390984964543,-0.814383057153058,0.999329573535553
"cloglog",1000,810,2,1,500,404.516431959542,-77.6542335499264,482.170665509468,497.467050037311,498.72525259739,2.51640512015742,37.1367815888401,22.3597848063655,22.3606797749979,-2.50292605069746,-0.740373274219037,0.999181974462718
"cloglog",1000,810,5,0,200,189.822221625944,-31.0812985204227,220.903520146367,197.739212659601,198.190662815291,2.2572507784508,21.4610712522373,17.8881418387124,17.8885438199983,-0.36890008614232,1.2697158562284,0.649184894523781
"cloglog",1000,810,5,1,200,183.512792640453,-31.3222010672493,214.834993707702,197.736725376357,198.186725692129,2.25000157885807,21.4617018116332,17.8872124073249,17.8885438199983,-0.662758846467353,0.930735747776765,0.762029351797845
"cloglog",1000,810,10,0,100,90.6199948159718,-15.4710410993416,106.091035915313,97.8403554849673,98.0557044961873,2.15349011219943,14.6655719425697,13.4154787705715,13.4164078649987,-0.492334066292843,0.598959720822829,0.689008401698888
"cloglog",1000,810,10,1,100,110.894454760851,-15.7293018974705,126.623756658322,97.8398154029672,98.0546292627388,2.14813859771551,14.6654031641428,13.4146676454067,13.4164078649987,0.890165733036445,2.12969326939423,0.176024815937149
"cloglog",1000,810,25,0,40,37.4031015490874,-6.31120649044222,43.7143080395296,37.9063620741507,37.9895569319545,2.07987144509582,9.07224510686205,8.76037875296677,8.76356092008266,-0.0554725450134324,0.653482146035792,0.496874083537496
"cloglog",1000,810,25,1,40,42.9018102176239,-6.4581091473074,49.3599193649313,37.9064673405202,37.9895730679857,2.07764318663866,9.07189508216127,8.75990193082529,8.76356092008266,0.550639401344755,1.29799926834048,0.269095853351168
"cloglog",1000,810,50,0,20,23.0019400341536,-3.23681630597188,26.2387563401254,17.9331699759442,17.9740150088433,2.04225164495217,6.35981196201588,6.25307234784646,6.26099033699941,0.796999988125861,1.32170889308974,0.190515589822455
"cloglog",1000,810,50,1,20,23.1191315614926,-3.247968925032,26.3671004865246,17.9308733693251,17.971742757132,2.04346939034578,6.35944775428977,6.25272925244147,6.26099033699941,0.815834706506994,1.34267091864157,0.186053572609266
"cloglog",1000,811,2,0,500,446.661081925629,-85.949870484415,532.610952410044,497.449449282809,498.723741464365,2.548584363112,43.1981526695889,22.360496697708,22.3606797749979,-1.1757069276931,1.51549455290735,0.952038184058252
"cloglog",1000,811,2,1,500,413.719492166481,-85.9331488092387,499.65264097572,497.309201389365,498.561342624112,2.50428246949388,43.155682500497,22.3490947039079,22.3606797749979,-1.93693401145773,0.0488296446037768,0.997573434386416
"cloglog",1000,811,5,0,200,175.814821681951,-34.3044561546098,210.119277836561,197.745365003383,198.195438180655,2.25036588636103,23.2053400019223,17.8880444239204,17.8885438199983,-0.945064511858711,0.66658150960094,0.86983370569667
"cloglog",1000,811,5,1,200,184.029734506065,-34.5844408625526,218.614175368618,197.648346642392,198.095107786498,2.23380572052948,23.1775025837509,17.8766653699551,17.8885438199983,-0.587578928623425,1.14781292581589,0.753500764720974
"cloglog",1000,811,10,0,100,86.6073471973096,-17.3529412500875,103.960288447397,97.8357486671305,98.0514620371925,2.15713370061936,15.3145991535133,13.4153143593502,13.4164078649987,-0.733182851034338,0.440453816580617,0.788000494965492
"cloglog",1000,811,10,1,100,93.9193618673166,-17.5563861632998,111.475748030616,97.7763245967669,97.9917769749128,2.154523781459,15.2987188080209,13.4065193738464,13.4164078649987,-0.252110178496,1.0057771655489,0.597859945326866
"cloglog",1000,811,25,0,40,31.2172267635815,-6.72229001329599,37.9395167768775,37.9144712449098,37.9972820078732,2.07026907408438,9.24188559692392,8.76006088856944,8.76356092008266,-0.724662127775895,-0.00659415861721377,0.773997681663504
"cloglog",1000,811,25,1,40,34.0346359515096,-6.87097830863916,40.9056142601488,37.891756193872,37.9744265739719,2.06675950249593,9.23339930595726,8.75416200384579,8.76356092008266,-0.417735669665435,0.334833612273706,0.653382777507005
"cloglog",1000,811,50,0,20,19.9816617603414,-3.38554245647566,23.3672042168171,17.931302319509,17.9721339625183,2.0415821504647,6.42003519162052,6.25231523492293,6.26099033699941,0.319368878773207,0.862891593207592,0.333853058839758
"cloglog",1000,811,50,1,20,21.0623885378478,-3.33727011434276,24.3996586521905,17.9262001151576,17.9669026257868,2.03512553146158,6.41549627770972,6.24865104937458,6.26099033699941,0.488845801935339,1.02946315541937,0.276277165749196
"cloglog",1000,812,2,0,500,438.868785355712,-64.9418230336164,503.810608389328,497.489118400972,498.743763281266,2.50928976058718,40.2243203661886,22.3604948602079,22.3606797749979,-1.45733557488607,0.226598075746476,0.973324002850534
"cloglog",1000,812,2,1,500,403.533934918428,-65.8132375308831,469.347172449311,497.045907666813,498.299509170105,2.50720300658389,40.1742556815694,22.3349843618097,22.3606797749979,-2.32765912303598,-1.2962774565582,0.999276806116624
"cloglog",1000,812,5,0,200,159.165462483111,-26.2949451494486,185.460407632559,197.777581288799,198.221292940318,2.2185582575978,22.3328171789982,17.888054790396,17.8885438199983,-1.72894080026764,-0.71337467697216,0.980393366418365
"cloglog",1000,812,5,1,200,150.637769728198,-26.3748232343378,177.012592962536,197.499922643296,197.941926733788,2.21002045246106,22.2921097111282,17.8605578416039,17.8885438199983,-2.1021856397784,-1.171818593622,0.994877613622901
"cloglog",1000,812,10,0,100,82.6485876054539,-13.1853007864235,95.8338883918774,97.8732686899277,98.0852978658522,2.12029175924485,14.9867496688849,13.4153968565997,13.4164078649987,-1.01587611862783,-0.167822800774408,0.866795428969655
"cloglog",1000,812,10,1,100,67.3341609677107,-13.0290506505761,80.3632116182868,97.706559109081,97.9190111678428,2.12452058761808,14.9591565306624,13.3929294886208,13.4164078649987,-2.03035499221596,-1.31082595219158,0.992314875093652
"cloglog",1000,812,25,0,40,31.4238164007341,-5.24824108974655,36.6720574904807,37.9073580640062,37.99045764647,2.07748956159483,9.15518731756266,8.76004423352759,8.76356092008266,-0.708182305656876,-0.150501540956083,0.765814077189584
"cloglog",1000,812,25,1,40,27.1045764204917,-5.40967985172915,32.5142562722209,37.8398045810788,37.9229304928205,2.0781477935437,9.13780421989069,8.74516490267121,8.76356092008266,-1.17481485729572,-0.618475955661809,0.90587287539629
"cloglog",1000,812,50,0,20,19.7774911631639,-2.62444893203201,22.4019400951959,17.9318876871508,17.9726350773082,2.03736950787154,6.38660773199869,6.25108345917844,6.26099033699941,0.288980246393734,0.708565970493348,0.34548511434758
"cloglog",1000,812,50,1,20,19.2241823828978,-2.59953489052988,21.8237172734277,17.8895542446854,17.9304352618455,2.04405085800869,6.37468279984729,6.23986771164159,6.26099033699941,0.209363850738487,0.623936626784333,0.378142260015042
"cloglog",1000,813,2,0,500,425.084601890467,-54.9170618490333,480.0016637395,497.451966337502,498.725173946977,2.54641521894972,54.1366386413897,22.3604684892887,22.3606797749979,-1.33675392974449,-0.837348744121601,0.992078494204078
"cloglog",1000,813,2,1,500,452.653171499732,-54.5535006249832,507.206672124715,497.503799546029,498.745601558174,2.48360402428907,54.1319487454168,22.3596661501319,22.3606797749979,-0.828542645993222,0.378407732464811,0.928083491344812
"cloglog",1000,813,5,0,200,178.563607881636,-21.2901757235004,199.853783605136,197.769425651008,198.214698793828,2.2263657140968,26.6222670382246,17.8880144012166,17.8885438199983,-0.721419319466545,0.091630338311719,0.835677788719957
"cloglog",1000,813,5,1,200,166.874677889878,-21.8766876583975,188.751365548275,197.761256694016,198.206793843447,2.22768574715623,26.6193885139804,17.8873001630504,17.8885438199983,-1.1603038434905,-0.528611261005393,0.947442172684075
"cloglog",1000,813,10,0,100,74.2886225037902,-10.7576301078282,85.0462526116184,97.874062079675,98.0859756937854,2.11913614110454,16.6450561146929,13.4153253814504,13.4164078649987,-1.41696365655779,-0.972001998564809,0.964450767084449
"cloglog",1000,813,10,1,100,76.5852344847778,-10.9656247182225,87.5508592030003,97.8599082915077,98.0728498147017,2.12941523194043,16.6436114835123,13.4147684188003,13.4164078649987,-1.27824864379977,-0.784358721910942,0.946220829956488
"cloglog",1000,813,25,0,40,32.2301184161717,-3.98103186266361,36.2111502788353,37.9169754130956,37.9996685600454,2.06732867374596,9.59907975573205,8.75989422872345,8.76356092008266,-0.592437727536124,-0.20417121879687,0.732731078694384
"cloglog",1000,813,25,1,40,26.7916562039178,-3.81324980276188,30.6049060066796,37.9127465472639,37.9955376349365,2.06977719181574,9.59833270622192,8.75949217834149,8.76356092008266,-1.15864814064396,-0.843728320978555,0.913240560831326
"cloglog",1000,813,50,0,20,11.8415679667064,-2.00408561489549,13.8456535816018,17.9449879623825,17.9854883673503,2.02502024839215,6.54429781512015,6.25130643110052,6.26099033699941,-0.932631760977415,-0.662235139386647,0.855308235379099
"cloglog",1000,813,50,1,20,13.0182328909856,-1.88625723178703,14.9044901227726,17.9429142193997,17.9834358305817,2.02608055909852,6.54382167510971,6.25098470507657,6.26099033699941,-0.752569610377028,-0.492553710027242,0.790488723069727
"cloglog",1000,814,2,0,500,443.713747017064,-93.9711913928612,537.684938409925,497.474319122611,498.73630476825,2.52397129127706,45.0373580791452,22.3605165254899,22.3606797749979,-1.19368840443687,1.74184856585384,0.961269074173058
"cloglog",1000,814,2,1,500,400.784702671172,-92.5856400085017,493.370342679674,497.418113373238,498.664477291222,2.49272783596829,45.0273130965972,22.3553372567696,22.3606797749979,-2.14610653082404,-0.236817479009202,0.999491538054899
"cloglog",1000,814,5,0,200,183.404493559048,-37.320301695919,220.724795254966,197.754388328265,198.202800604332,2.2420613803372,23.7576316951427,17.8881166226045,17.8885438199983,-0.604012005630634,1.2590478430901,0.763797381451504
"cloglog",1000,814,5,1,200,183.332202571403,-36.8011163041356,220.133318875538,197.690587897246,198.1412624418,2.25337272277112,23.7499362819545,17.8829630870744,17.8885438199983,-0.604565214633986,1.2297769853159,0.764973913089822
"cloglog",1000,814,10,0,100,117.037713289775,-18.6606419669975,135.698355256773,97.8482907810504,98.0628455863657,2.14554805315253,15.5244186957024,13.4154505227785,13.4164078649987,1.23607993863481,2.80538544766012,0.0921716265109361
"cloglog",1000,814,10,1,100,83.2243435182418,-18.5779336180207,101.802277136263,97.8192587490921,98.033733019426,2.14474270333933,15.5188879902148,13.4112203151975,13.4164078649987,-0.940461406774306,0.280999344449369,0.856651279709663
"cloglog",1000,814,25,0,40,54.8418632223767,-7.60897148703001,62.4508347094067,37.8981746049125,37.9816778066417,2.08758004323019,9.29605763324177,8.76025047142122,8.76356092008266,1.82267465262643,2.79320288644616,0.0377610282739058
"cloglog",1000,814,25,1,40,38.6149478633922,-7.40355005510597,46.0184979184982,37.8874596747778,37.9708956582503,2.08589958681273,9.29220786763035,8.75743732529319,8.76356092008266,0.078290132870215,0.918944887793242,0.441713314175785
"cloglog",1000,814,50,0,20,26.0229742684878,-3.83931758832739,29.8622918568152,17.9243291716645,17.965320671493,2.04957499142621,6.43725092165309,6.25257459718322,6.26099033699941,1.25809063455671,1.90273158687011,0.099233770935597
"cloglog",1000,814,50,1,20,22.2514865250146,-3.64807257618698,25.8995591012016,17.924402685651,17.9652868496762,2.04420820126111,6.43534711198006,6.25088931870577,6.26099033699941,0.67239323133142,1.269302949867,0.221011098971041
"cloglog",1000,815,2,0,500,446.004819594093,-60.0894344607537,506.094254054847,497.488258286816,498.743487869015,2.51045916439821,29.8726541464997,22.3605658411065,22.3606797749979,-1.72343034670574,0.328737932575864,0.954229105202448
"cloglog",1000,815,2,1,500,423.822732736478,-59.7847640249528,483.60749676143,497.48942607164,498.734132041323,2.48941193936677,29.8654575409061,22.359611094403,22.3606797749979,-2.46661860894857,-0.676516027762193,0.992995205448873
"cloglog",1000,815,5,0,200,165.962917209255,-23.9617538155208,189.924671024775,197.744290640326,198.194830963167,2.25270161420561,19.5636305331466,17.8882167020155,17.8885438199983,-1.62451306659181,-0.462324449449434,0.95273952539341
"cloglog",1000,815,5,1,200,168.696061197285,-24.0117712178056,192.707832415091,197.754087572557,198.200372218595,2.23142323019283,19.5603087036447,17.8871628703435,17.8885438199983,-1.48556072480887,-0.307066013951896,0.935528403385169
"cloglog",1000,815,10,0,100,86.718122284533,-11.9984990513221,98.7166213358551,97.8523976258678,98.0666106251468,2.14212999278949,13.9869471378544,13.4155954026506,13.4164078649987,-0.796047574327419,0.0484518719594021,0.785503350273979
"cloglog",1000,815,10,1,100,90.8801102746255,-11.9966605849217,102.876770859547,97.8565241648581,98.0696765665698,2.13152401711772,13.9851212891471,13.4147130651312,13.4164078649987,-0.498845433371144,0.358344920956411,0.682069217152969
"cloglog",1000,815,25,0,40,53.8668768082823,-5.01737151875172,58.884248327034,37.9105186873942,37.9936204481853,2.07754401977538,8.90150862373987,8.76085572749646,8.76356092008266,1.79254537577296,2.38454193615839,0.0456096224692932
"cloglog",1000,815,25,1,40,49.5351503483554,-4.94668853908706,54.4818388874425,37.9094407005266,37.9924921678576,2.07628668327379,8.90072087714263,8.76033677098196,8.76356092008266,1.30615371589554,1.88227315349391,0.0996195289006463
"cloglog",1000,815,50,0,20,41.8650022744029,-2.48107048652944,44.3460727609323,17.931133977521,17.9720780405582,2.04720315185893,6.30202798969026,6.25408652489871,6.26099033699941,3.79780418875261,4.21708184166852,0.00115492100991014
"cloglog",1000,815,50,1,20,42.2182664894267,-2.43756648628325,44.65583297571,17.9319644483469,17.9728689515191,2.04522515861109,6.30156057440134,6.25372331319432,6.26099033699941,3.85401389930891,4.26673242289025,0.00103083370649526
"cloglog",1000,816,2,0,500,463.555058255399,-54.7859108210905,518.340969076489,497.508678189284,498.753614563405,2.48987274824221,43.3426092059456,22.3605352452675,22.3606797749979,-0.783377386731664,0.875978785759594,0.863550184585515
"cloglog",1000,816,2,1,500,437.695951245603,-54.0768521190347,491.772803364637,496.971392670992,498.226459303656,2.51013326532935,43.2092136289325,22.3278763525118,22.3606797749979,-1.37182411914339,-0.289040293717542,0.975726048743303
"cloglog",1000,816,5,0,200,185.379040987245,-22.0951063964147,207.474147383659,197.818943117055,198.254377261514,2.17717072229433,23.2486006034576,17.8881016791908,17.8885438199983,-0.535081760059162,0.515413557430218,0.730569533416484
"cloglog",1000,816,5,1,200,201.416851152712,-20.0535618898685,221.470413042581,197.465434473598,197.903560147483,2.19062836942439,23.1626189831402,17.8543594539491,17.8885438199983,0.17059455504537,1.31994950341863,0.419103734821385
"cloglog",1000,816,10,0,100,100.461556392705,-10.9325891897235,111.394145582428,97.8844967861909,98.0954217002952,2.10924914104305,15.331379490582,13.4154575629181,13.4164078649987,0.168090523628134,0.99129856881602,0.412188832622255
"cloglog",1000,816,10,1,100,95.2769872620524,-10.3701817239055,105.647168985958,97.7015288646882,97.9120753021425,2.1054643745432,15.2828536700358,13.3892315328014,13.4164078649987,-0.158644560432418,0.577710054894916,0.559057059947205
"cloglog",1000,816,25,0,40,47.7672814774644,-4.44206034083967,52.209341818304,37.9251936366306,38.0075952649742,2.06004070859135,9.24678967053155,8.76015429311961,8.76356092008266,1.06437890246378,1.62117539008235,0.133137132453704
"cloglog",1000,816,25,1,40,48.682994414365,-4.24898314832015,52.9319775626852,37.8630611192687,37.9447145250077,2.04133514347629,9.22308761622242,8.74221188489707,8.76356092008266,1.17313569439211,1.71435595876705,0.114816451267483
"cloglog",1000,816,50,0,20,28.7120946756549,-2.24098296415848,30.9530776398134,17.9398180077527,17.9804339047491,2.03079484981721,6.42081145237229,6.25154304321634,6.26099033699941,1.6777126610566,2.07511067993704,0.0520132140394086
"cloglog",1000,816,50,1,20,31.4300615409065,-2.32511597383381,33.7551775147403,17.9047110282537,17.9451942661137,2.02416189300186,6.40521245129623,6.23838502405216,6.26099033699941,2.11161622124112,2.53430706627933,0.0256570425714654
"cloglog",1000,817,2,0,500,437.90123299577,-83.4528183959018,521.354051391672,497.473926381377,498.736148090316,2.52444341787702,41.4473219105348,22.360513654976,22.3606797749979,-1.43731104060707,1.01151090043601,0.975318929315642
"cloglog",1000,817,2,1,500,416.869984614369,-84.3195536797511,501.18953829412,496.292175241364,497.569782141617,2.55521380050533,41.3125974562556,22.2892709536944,22.3606797749979,-1.92246906554575,0.162399037636677,0.996573006754868
"cloglog",1000,817,5,0,200,187.003026066839,-33.5752874926735,220.578313559512,197.727650278313,198.181364674607,2.2685719814711,22.6887022042232,17.8881005114381,17.8885438199983,-0.472685661565878,1.2520585330222,0.701780191341689
"cloglog",1000,817,5,1,200,171.884905006953,-32.9771126720872,204.86201767904,196.971540485541,197.416776453013,2.22617983736018,22.5908234263237,17.8119387128,17.8885438199983,-1.11047902084685,0.417991626070274,0.910044305743966
"cloglog",1000,817,10,0,100,76.4946845410959,-16.8016166146058,93.2963011557016,97.8281218753438,98.044613820807,2.16491945463234,15.1198020473067,13.4153475965882,13.4164078649987,-1.41096009507929,-0.353946301496723,0.94705011667872
"cloglog",1000,817,10,1,100,101.504982761382,-16.0458011278315,117.550783889214,97.4054211772892,97.6201211447575,2.14699967468346,15.0469020605006,13.3540686178384,13.4164078649987,0.272452200965334,1.49247868307588,0.38402208750248
"cloglog",1000,817,25,0,40,35.0269161654784,-6.98461788774955,42.0115340532279,37.8945933413885,37.9782208078591,2.09068666176454,9.19076445873451,8.7601684300782,8.76356092008266,-0.312017263502478,0.460415033975869,0.607683019147069
"cloglog",1000,817,25,1,40,42.1113008108129,-6.66871655281122,48.7800173636242,37.7145985387824,37.7980245477326,2.08565022375318,9.14563721290073,8.71900954467669,8.76356092008266,0.480743131361976,1.25954591053253,0.297538818155413
"cloglog",1000,817,50,0,20,22.5213197215125,-3.40322589159707,25.9245456131095,17.8975654615099,17.9390402281058,2.07373832979446,6.40164218438685,6.25181094335335,6.26099033699941,0.722276273309929,1.27731075961175,0.209659957047506
"cloglog",1000,817,50,1,20,28.3679843391835,-3.35228054888754,31.7202648880711,17.8365908036469,17.8774263610939,2.0417778723517,6.37096094737334,6.22251918733196,6.26099033699941,1.65303062168017,2.22463573196511,0.0566715984147054
"cloglog",1000,818,2,0,500,429.051554747457,-67.7832257099516,496.834780457409,497.542097441033,498.770228456795,2.45626203152287,40.8540989814046,22.3605124215491,22.3606797749979,-1.67646685158203,-0.0865565136835095,0.988492294280057
"cloglog",1000,818,2,1,500,415.791367546381,-67.3810953315877,483.172462877969,497.492801450206,498.736118671413,2.48663444241518,40.8545858666897,22.3592157119642,22.3606797749979,-1.99981060071004,-0.696073421981283,0.996950389807198
"cloglog",1000,818,5,0,200,206.023073717425,-27.5828275796221,233.605901297048,197.780172110982,198.223414313664,2.21621101341191,22.5157566934907,17.8881173611321,17.8885438199983,0.366094807234544,1.97798830749307,0.333142585248667
"cloglog",1000,818,5,1,200,181.33269148351,-27.1600442504149,208.492735733925,197.775298225594,198.217078437038,2.20890105721964,22.5154068492597,17.8868899319335,17.8885438199983,-0.730282461790142,0.574479819353159,0.796317918057964
"cloglog",1000,818,10,0,100,92.7489425868499,-13.9096996093394,106.658642196189,97.8561880097234,98.0699612670401,2.1377325731672,15.0556174944885,13.4154711835073,13.4164078649987,-0.339225237672459,0.6402071765998,0.630860854971046
"cloglog",1000,818,10,1,100,85.9450919041708,-13.5651975871125,99.5102894912832,97.8764947292546,98.0876159202098,2.11121190955213,15.0549812729631,13.4145872881527,13.4164078649987,-0.792521930698853,0.106054218479748,0.802613885359871
"cloglog",1000,818,25,0,40,45.3522909707181,-5.63352049935135,50.9858114700694,37.9215515313101,38.0041398623185,2.0647082752099,9.17397285653086,8.76038105467496,8.76356092008266,0.809980534672948,1.48186152254453,0.192204835903807
"cloglog",1000,818,25,1,40,36.7028657715391,-5.67353860042723,42.3764043719664,37.9235190180474,38.0059379546009,2.06047341383699,9.17347320880591,8.75986256813069,8.76356092008266,-0.133063368554511,0.498919518813651,0.529389025694176
"cloglog",1000,818,50,0,20,19.8574662342651,-2.64693829701877,22.5044045312839,17.9455432454592,17.986104547125,2.028065083291,6.39522186479205,6.25250834151151,6.26099033699941,0.29896116651273,0.722637977811417,0.340901170965274
"cloglog",1000,818,50,1,20,17.5393742614281,-2.62576448282946,20.1651387442575,17.9422988393641,17.9829118617856,2.03065112107478,6.39499572849131,6.25229452609895,6.26099033699941,-0.063006230972272,0.34902816451827,0.486361887287095
"cloglog",1000,819,2,0,500,409.295404650892,-76.1534901324643,485.448894783356,497.471332871795,498.734935752916,2.52720576224293,38.0514753090311,22.3605028018119,22.3606797749979,-2.31728014498232,-0.594174517778888,0.998539652396683
"cloglog",1000,819,2,1,500,419.744347976148,-75.4072433106356,495.151591286784,497.437381704022,498.691935186554,2.50910696506296,38.0529859810975,22.3575974647005,22.3606797749979,-2.04170662892176,-0.158350820358015,0.995358805899584
"cloglog",1000,819,5,0,200,178.897064647393,-30.631409457349,209.528474104742,197.752061565919,198.200966147616,2.24452290848581,21.7156775956276,17.8881230050996,17.8885438199983,-0.868266570798707,0.633241841745876,0.831197238677562
"cloglog",1000,819,5,1,200,187.217084283037,-30.4272350120351,217.644319295072,197.715695560687,198.165183731277,2.24744085294938,21.7135811787152,17.8848966326857,17.8885438199983,-0.483504364906025,1.08913883953882,0.697896200363418
"cloglog",1000,819,10,0,100,108.015509102864,-15.3153663797419,123.330875482606,97.8468303960287,98.0615336431663,2.14703247137675,14.7589658465416,13.4154705510533,13.4164078649987,0.688983145063553,1.88359713088528,0.229762396050947
"cloglog",1000,819,10,1,100,103.179988132122,-15.0135720314859,118.193560163608,97.8245187522787,98.0395780967701,2.15059344491382,14.7567434506159,13.4128656156962,13.4164078649987,0.362916750417596,1.5025858488624,0.340495818826021
"cloglog",1000,819,25,0,40,47.518589878185,-6.208723971166,53.727313849351,37.9137407568386,37.9966481247611,2.07268419806073,9.09676629631985,8.76042822912454,8.76356092008266,1.05585312499806,1.79565031676105,0.138485228921785
"cloglog",1000,819,25,1,40,36.439436775572,-6.31315818293233,42.7525949585043,37.9079274241564,37.9906811167826,2.06884231565577,9.09482791879711,8.7582971122804,8.76356092008266,-0.161464368726466,0.543703162917914,0.541689067829406
"cloglog",1000,819,50,0,20,23.6412539564079,-3.11622595668205,26.75747991309,17.9316230689855,17.9724920924818,2.04345117481457,6.3686887777554,6.2529858651355,6.26099033699941,0.896515921356531,1.40492686375484,0.167135676335722
"cloglog",1000,819,50,1,20,19.248325844984,-3.27715156620132,22.5254774111853,17.9282943118151,17.9691358861526,2.04207871687466,6.36723620534343,6.25150659675206,6.26099033699941,0.207316250033436,0.728838953381249,0.37668387079362
"cloglog",1000,820,2,0,500,425.974749734152,-62.2873430607179,488.26209279487,497.439211646086,498.718765798726,2.55910830528102,34.6305103244204,22.3605244810305,22.3606797749979,-2.06362716698225,-0.467639880841204,0.991371146040918
"cloglog",1000,820,2,1,500,454.929601781706,-62.49634623847,517.425948020176,497.443939020095,498.719841259274,2.55180447835848,34.6286182385454,22.3603623825382,22.3606797749979,-1.22772260058201,0.836574400757925,0.916960278475795
"cloglog",1000,820,5,0,200,174.668126006364,-25.1547916638728,199.822917670236,197.774346773739,198.218787433864,2.22220330062589,20.7796901091143,17.8881348358641,17.8885438199983,-1.1119617591044,0.0896756565785986,0.88260782727872
"cloglog",1000,820,5,1,200,181.207993522575,-25.2486120425216,206.456605565097,197.749738912617,198.198728497712,2.24494792547289,20.778769158618,17.8879503641256,17.8885438199983,-0.796088799281994,0.461644676963453,0.798193725385318
"cloglog",1000,820,10,0,100,103.811964061092,-12.4886564660111,116.300620527103,97.8567254684805,98.0704844342058,2.13758965725319,14.4178368382219,13.4155198382127,13.4164078649987,0.413046607437276,1.35888406209731,0.324692085031045
"cloglog",1000,820,10,1,100,98.7059773100265,-12.5685537333261,111.274531043353,97.8552949177235,98.0691028341461,2.13807916422687,14.4173567904262,13.4153848751227,13.4164078649987,0.0590040466271813,0.984349560756502,0.460997859286266
"cloglog",1000,820,25,0,40,41.3724208199775,-4.94258306627239,46.3150038862499,37.9049766735117,37.9881998355656,2.08057905134801,9.00808026249591,8.76021699821127,8.76356092008266,0.384925982609429,0.95052486169972,0.325642953189348
"cloglog",1000,820,25,1,40,37.5100495537099,-5.00962794420134,42.5196774979112,37.9084304879883,37.9914982147804,2.07669316980215,9.00789103438713,8.76012015221893,8.76356092008266,-0.0442257719101653,0.516908353361322,0.491940387501284
"cloglog",1000,820,50,0,20,23.0249324632259,-2.51473547952801,25.5396679427539,17.9425223988032,17.9831275895486,2.03025953727139,6.33640407590146,6.25225824464187,6.26099033699941,0.802096899683539,1.20860976266954,0.189633846816372
"cloglog",1000,820,50,1,20,22.897979039663,-2.57264192641892,25.470620966082,17.9397112783313,17.9803686327229,2.03286771957855,6.33630433397596,6.25219398309334,6.26099033699941,0.782517300304686,1.19801982369927,0.194541058522282
"cloglog",1000,821,2,0,500,498.340794233948,-51.1708586800247,549.511652913973,497.460908253166,498.729863098141,2.53790968995001,31.9748741823095,22.3605801195314,22.3606797749979,0.0275180435664823,2.27104080235712,0.487267528757817
"cloglog",1000,821,2,1,500,492.28531824774,-51.791149749344,544.076467997084,497.39849879412,498.645635583818,2.49427357939749,31.9425439397009,22.3548140878584,22.3606797749979,-0.160074305792064,2.03226169695324,0.563806596671968
"cloglog",1000,821,5,0,200,208.097618271488,-20.3157403821578,228.413358653646,197.777299506331,198.221226732307,2.21963612988064,20.0883765112105,17.888216952757,17.8885438199983,0.513745785250391,1.68782232466639,0.29721904768898
"cloglog",1000,821,5,1,200,192.071281828887,-20.8311892233991,212.902471052286,197.70136129055,198.147793025127,2.23215867288705,20.0730407537506,17.8822809679625,17.8885438199983,-0.280479650827732,0.825100447397794,0.605404897027213
"cloglog",1000,821,10,0,100,104.826356181695,-10.2549713079453,115.08132748964,97.863688530411,98.0767702641602,2.13081733749259,14.1720075844124,13.4156116328855,13.4164078649987,0.491297200471574,1.26752008710485,0.300109197433254
"cloglog",1000,821,10,1,100,100.905011899094,-10.5275461897504,111.432558088845,97.8297351181884,98.0426345061491,2.12899387960698,14.1633331731168,13.4106918987892,13.4164078649987,0.217129452743714,0.998451361327925,0.400129782465453
"cloglog",1000,821,25,0,40,45.4327406321788,-4.51748553810539,49.9502261702842,37.9175009327134,38.0003390476603,2.07095287367128,8.9484272492918,8.76094786500426,8.76356092008266,0.839839168392428,1.36399477622255,0.189973985188299
"cloglog",1000,821,25,1,40,51.3035730449354,-4.42926442899442,55.7328374739298,37.9069862803863,37.9896516403285,2.06663399855545,8.94395862392002,8.757659834146,8.76356092008266,1.49783639748968,2.02601907011972,0.0732709769039719
"cloglog",1000,821,50,0,20,33.4954885744475,-2.23063544459421,35.7261240190417,17.9279249498235,17.9688960072224,2.04855286994689,6.3184494921294,6.25353751473606,6.26099033699941,2.46382655175385,2.83954929029778,0.0145279104448596
"cloglog",1000,821,50,1,20,32.5189430812388,-2.22117071385256,34.7401137950914,17.9312969057554,17.972062995359,2.03830448018234,6.31594671748298,6.25137294281458,6.26099033699941,2.30965314116787,2.68229890507586,0.0190711432260815
"cloglog",1000,822,2,0,500,439.318589546165,-78.230387252232,517.548976798397,497.503474369439,498.751005092538,2.49506144619728,37.2236781240373,22.3604977573926,22.3606797749979,-1.56311487084618,0.840677694647653,0.972352778722164
"cloglog",1000,822,2,1,500,434.819595441374,-79.349250446013,514.168845887387,497.252177499159,498.507990427177,2.51162585603631,37.2212171519802,22.3469279697633,22.3606797749979,-1.67733854061952,0.700805743026519,0.98087322997173
"cloglog",1000,822,5,0,200,178.574715525794,-30.9371678711423,209.511883396936,197.777259438669,198.221133031504,2.2193679641762,21.4846470854875,17.8881252057156,17.8885438199983,-0.893779815719949,0.631186903914572,0.835529701968633
"cloglog",1000,822,5,1,200,154.084870468167,-31.6468773828806,185.731747851047,197.617186708056,198.063315570509,2.23064431226666,21.4741520766107,17.8737328954819,17.8885438199983,-2.02719604874661,-0.689926821194626,0.990882893111467
"cloglog",1000,822,10,0,100,99.4403501865777,-15.4288574246372,114.869207611215,97.8614514590815,98.0747079815391,2.13256522457582,14.6738574241276,13.4154785300697,13.4164078649987,0.107599432232457,1.25187480953678,0.440395448578603
"cloglog",1000,822,10,1,100,78.2217154446169,-15.8160841587715,94.0377996033884,97.7828674444181,97.9955461265217,2.12678682103561,14.6637902816865,13.4037938576415,13.4164078649987,-1.33397652476188,-0.295270620032474,0.929533225861628
"cloglog",1000,822,25,0,40,36.6840543245281,-6.25638191065358,42.9404362351817,37.9114576952272,37.9944300903583,2.07430987827719,9.07373404938371,8.76025336807218,8.76356092008266,-0.135269930110251,0.564596243625747,0.530266478075866
"cloglog",1000,822,25,1,40,42.9883277271368,-6.24359901362191,49.2319267407587,37.8827391303434,37.9654005275214,2.06653492945056,9.06584667642601,8.75214811419364,8.76356092008266,0.563167322261196,1.28728696843761,0.266088192397182
"cloglog",1000,822,50,0,20,26.1381426959151,-3.099836087491,29.2379787834061,17.9399435310692,17.9806012977879,2.03288833593498,6.35777966351265,6.25219893425527,6.26099033699941,1.28947519397305,1.80054691221356,0.0966410076222206
"cloglog",1000,822,50,1,20,29.6187002483686,-3.16296296319845,32.781663211567,17.9155114450177,17.9563162707976,2.04024128899392,6.3524189286601,6.24680401240042,6.26099033699941,1.84232005709664,2.37326910070172,0.041322597440947
"cloglog",1000,823,2,0,500,465.45822389614,-64.0519574216244,529.510181317765,497.503241940253,498.750742005266,2.49500013002559,45.8756528614598,22.3605111980082,22.3606797749979,-0.698519062843323,1.3756143157961,0.849253902209574
"cloglog",1000,823,2,1,500,472.363078995114,-63.6524329114879,536.015511906602,497.44369662367,498.712754772603,2.53811629786441,45.8650991433652,22.3592688819765,22.3606797749979,-0.546834479745895,1.66833528103726,0.789732238503608
"cloglog",1000,823,5,0,200,180.378861341732,-25.7724211143377,206.151282456069,197.77143604871,198.216384869086,2.22474410187787,24.0131032002233,17.8880910990061,17.8885438199983,-0.724295171763437,0.443585486179918,0.810422277179773
"cloglog",1000,823,5,1,200,205.243683365091,-25.8956194452329,231.139302810324,197.757044054372,198.202827681486,2.22891813556864,24.0073445158929,17.8870314990074,17.8885438199983,0.311847872460974,1.84136060422691,0.347133645630531
"cloglog",1000,823,10,0,100,87.7609252475764,-13.1068198920071,100.867745139584,97.8669054078155,98.0795833350528,2.12677927237261,15.6221787681874,13.4154122797075,13.4164078649987,-0.646899533682117,0.207832733455998,0.761283857852963
"cloglog",1000,823,10,1,100,88.0815996103345,-13.183881807823,101.265481418157,97.81338613589,98.0308637010794,2.17477565189356,15.6194304870373,13.4146096055565,13.4164078649987,-0.623056425369165,0.241126489118124,0.753586770478015
"cloglog",1000,823,25,0,40,34.5317872237753,-5.1899520497293,39.7217392735046,37.9055443562238,37.9887393055613,2.07987373343715,9.32338195679805,8.76019685393107,8.76356092008266,-0.361859800240038,0.197826601027307,0.630606953095555
"cloglog",1000,823,25,1,40,43.740447026854,-5.10079635409448,48.8412433809485,37.8948779562225,37.9783952773669,2.08793302860887,9.32225178361041,8.75961087895653,8.76356092008266,0.627055480405355,1.24010623915701,0.240836388978752
"cloglog",1000,823,50,0,20,17.9906459430033,-2.70289294434021,20.6935388873435,17.9370661500487,17.9777034809201,2.03186654357155,6.44700381433182,6.25104153810005,6.26099033699941,0.00831080522016605,0.434461263754266,0.456268989128011
"cloglog",1000,823,50,1,20,18.989589862175,-2.67579824525086,21.6653881074259,17.9319757521361,17.9726888153126,2.03565315882487,6.44638411648093,6.25062675255205,6.26099033699941,0.164063153999008,0.590772643816183,0.3924648036407
"cloglog",1000,824,2,0,500,448.693289282427,-67.8915213501172,516.584810632544,497.483959099386,498.741235050883,2.51455190299403,35.4010509252691,22.3605140938525,22.3606797749979,-1.37822659332785,0.797994871976882,0.944733150051521
"cloglog",1000,824,2,1,500,442.965221688514,-67.6377658662272,510.602987554741,497.360859902927,498.636615730472,2.55151165509043,35.3948903562272,22.3551263100088,22.3606797749979,-1.53682177475211,0.535285359533429,0.963372841989063
"cloglog",1000,824,5,0,200,170.283390774128,-27.2246605402781,197.508051314406,197.759334394211,198.20669648634,2.23681046064648,20.9866383487181,17.8880908251032,17.8885438199983,-1.30921127831607,-0.0390564414483577,0.923608384168192
"cloglog",1000,824,5,1,200,196.850315185183,-27.0493567005074,223.89967188569,197.64299013306,198.102937752866,2.29973809903131,20.9808461709504,17.8829123687818,17.8885438199983,-0.0377808855476251,1.44253539920363,0.50971745131669
"cloglog",1000,824,10,0,100,74.7172570351229,-13.8705977536096,88.5878547887325,97.857112461979,98.0707733596993,2.13660897720297,14.4926078500007,13.415443281916,13.4164078649987,-1.5966660842793,-0.706865838995401,0.961472491546121
"cloglog",1000,824,10,1,100,97.9008559891121,-13.6749756077668,111.575831596879,97.8157707244205,98.0302055640181,2.14434839597575,14.4875667811498,13.4108310869153,13.4164078649987,0.00587298515871697,1.01005120003912,0.48382249206364
"cloglog",1000,824,25,0,40,35.5035534218627,-5.4830672749467,40.9866206968094,37.9119591262242,37.9949274007055,2.07420686203176,9.02740872594114,8.76034225183724,8.76356092008266,-0.266788153442168,0.341504157040949,0.5854646799262
"cloglog",1000,824,25,1,40,38.91322803648,-5.5840609106502,44.4972889471302,37.8996907825989,37.9825561951675,2.07163531421532,9.02397770892185,8.75705484899475,8.76356092008266,0.112316019229421,0.743941069720554,0.428442006202403
"cloglog",1000,824,50,0,20,22.496743524418,-2.679854844512,25.17659836893,17.9353857456886,17.9761660777876,2.03901660495077,6.3443493010426,6.25278308689681,6.26099033699941,0.718963846769882,1.15155638554478,0.210675748677232
"cloglog",1000,824,50,1,20,29.0965924677266,-2.87923648218388,31.9758289499105,17.9257134465447,17.9665300023676,2.04082779114562,6.34193309464542,6.25031649270109,6.26099033699941,1.76143123152996,2.24137433102827,0.0472112658990016
"cloglog",1000,825,2,0,500,374.570537075545,-77.4905289907791,452.061066066324,497.479618494556,498.738908127841,2.51857926656967,52.4290820295002,22.3604451646602,22.3606797749979,-2.34429207343082,-2.0875184602894,0.999990190729266
"cloglog",1000,825,2,1,500,396.820913478553,-78.5503764593716,475.371289937925,497.416155360778,498.65726974172,2.482228761885,52.3874195579236,22.3527417945995,22.3606797749979,-1.92021753946095,-1.04175049386656,0.999700019852431
"cloglog",1000,825,5,0,200,148.6328106202,-30.6876122355476,179.320422855748,197.80543103069,198.243588994485,2.19078981897553,26.0704507305507,17.8880563045907,17.8885438199983,-1.88614385377186,-1.05786597585123,0.996418027429414
"cloglog",1000,825,5,1,200,150.65534590898,-31.2011930422196,181.8565389512,197.729535300739,198.170197841226,2.20331270243419,26.0485550946441,17.8815755194322,17.8885438199983,-1.80717084770039,-0.912316639677365,0.99486190619612
"cloglog",1000,825,10,0,100,54.6243928480875,-15.574455182099,70.1988480301865,97.8829687587401,98.0939616109172,2.10992852177162,16.4236690925437,13.4152547548609,13.4164078649987,-2.63391667640769,-2.07935772301477,0.9998829816166
"cloglog",1000,825,10,1,100,60.1667665298586,-15.7406846728999,75.9074512027585,97.8320461344672,98.044588373053,2.12542238585785,16.4112260988641,13.4101565443706,13.4164078649987,-2.29509235798145,-1.65077395607192,0.999061568885038
"cloglog",1000,825,25,0,40,20.3067811955619,-5.87076191332074,26.1775431088827,37.9210405425205,38.0035456070431,2.06262661306486,9.53767503470004,8.75971478931929,8.76356092008266,-1.8468085023734,-1.35004424031931,0.991657067544254
"cloglog",1000,825,25,1,40,16.528044557522,-5.98166461645466,22.5097091739767,37.914163944278,37.9963648589851,2.05502286767815,9.53196342934142,8.75643129097424,8.76356092008266,-2.24362163632782,-1.76860357494855,0.999055401726997
"cloglog",1000,825,50,0,20,9.10079127043225,-2.99115474752106,12.0919460179533,17.9317423990087,17.9724810720763,2.03693365337619,6.51783314373992,6.25081116636803,6.26099033699941,-1.35489064138719,-0.940763510144523,0.957361938279249
"cloglog",1000,825,50,1,20,7.53443201428397,-3.02498617232136,10.5594181866053,17.9302180448979,17.9708334415713,2.03076983366857,6.51463100034237,6.24837334176797,6.26099033699941,-1.59575976445444,-1.18613515063568,0.98479211688303
"cloglog",1000,826,2,0,500,405.304661034484,-76.4273519624817,481.732012996966,497.437463321547,498.717912806249,2.56089896940399,36.1737064447324,22.3605254930054,22.3606797749979,-2.54695499417033,-0.759637773924244,0.999097891554558
"cloglog",1000,826,2,1,500,400.76025819229,-73.0809976621493,473.841255854439,496.762650151572,498.013471224301,2.50164214545804,36.0714047916147,22.3170090688183,22.3606797749979,-2.66145420489969,-1.0831297014453,0.99949315354358
"cloglog",1000,826,5,0,200,170.58193896505,-30.5867771864985,201.168716151548,197.722869579659,198.177605141118,2.27367780729828,21.1965473029195,17.8881379890172,17.8885438199983,-1.28044111273116,0.167211982167537,0.921199172844704
"cloglog",1000,826,5,1,200,174.397519814522,-28.9806096315233,203.378129446045,197.301055206835,197.75268273924,2.2581376620259,21.1275740676087,17.8452929078106,17.8885438199983,-1.08405893260726,0.315234204104501,0.885496089216367
"cloglog",1000,826,10,0,100,80.3401417556691,-15.3763656535052,95.7165074091744,97.8075947463888,98.0262017633436,2.18607016954722,14.5692628733969,13.4154575989505,13.4164078649987,-1.19892496569712,-0.172166647103406,0.902841242976899
"cloglog",1000,826,10,1,100,75.3685283328422,-14.8684983162357,90.2370266490779,97.5873559729614,97.803470308924,2.16114335962609,14.5241052746649,13.381240306241,13.4164078649987,-1.52978976810892,-0.565451593924157,0.956586309259505
"cloglog",1000,826,25,0,40,45.8371679607328,-6.05748894166086,51.8946569023936,37.9069933178284,37.9901449553747,2.07879093865907,9.04795565745158,8.76031234528715,8.76356092008266,0.876460378800974,1.5872164597532,0.179039717594501
"cloglog",1000,826,25,1,40,35.5117222065342,-5.71234072577077,41.224062932305,37.7998871061235,37.8829384111342,2.07628262526902,9.0213485563186,8.73601758063116,8.76356092008266,-0.253638897256287,0.382453960323804,0.585083040729475
"cloglog",1000,826,50,0,20,29.9881710569753,-3.05463744497262,33.0428085019479,17.9295553735054,17.9704015071642,2.04230668293949,6.35129460316916,6.25202311401416,6.26099033699941,1.89860751813542,2.41080474590669,0.037561655071082
"cloglog",1000,826,50,1,20,26.3515094563856,-2.89619423747698,29.2477036938626,17.880720672336,17.9215115686783,2.03954481711345,6.33352893583359,6.23572617956576,6.26099033699941,1.33745165923596,1.81633891531347,0.0919881891094624
"cloglog",1000,827,2,0,500,412.772872949695,-55.8947642447014,468.667637194396,497.475427668817,498.737013833126,2.52317232861691,34.686902355937,22.3605455331774,22.3606797749979,-2.44191752408312,-1.34475147728906,0.997818298348172
"cloglog",1000,827,2,1,500,439.359699994439,-51.1482522698483,490.507952264287,496.492490131654,497.772541783872,2.56010330443693,34.6405942739858,22.3127788364329,22.3606797749979,-1.64930167436881,-0.325579775286599,0.972262594932351
"cloglog",1000,827,5,0,200,179.675030605903,-22.2783416828208,201.953372288724,197.7310027167,198.184137056664,2.26567169982021,20.7955336609902,17.8881707972813,17.8885438199983,-0.868262022275855,0.210711048925841,0.820464792347202
"cloglog",1000,827,5,1,200,165.029904355589,-22.509258145621,187.53916250121,197.095761374909,197.549440607732,2.26839616411341,20.7331180309796,17.8292247939835,17.8885438199983,-1.54660080415338,-0.561453356620403,0.957726289175325
"cloglog",1000,827,10,0,100,93.4654914807112,-11.2732072439742,104.738698724685,97.8111259686992,98.0294376003103,2.18311631611074,14.4242955837625,13.4155405529994,13.4164078649987,-0.301271868893198,0.500111128423751,0.610721601769062
"cloglog",1000,827,10,1,100,84.326336638063,-10.5465939246432,94.8729305627062,97.459774137486,97.6776745846955,2.17900447209438,14.3739724880728,13.3668421237531,13.4164078649987,-0.913695744883394,-0.209828469284098,0.835961274121536
"cloglog",1000,827,25,0,40,35.2018406186118,-4.55206521242664,39.7539058310385,37.8707983332818,37.9554106667085,2.11530833566744,9.01104131152418,8.76038243466822,8.76356092008266,-0.296187490701732,0.205298704450688,0.599542147033153
"cloglog",1000,827,25,1,40,30.4979288874889,-4.4081868412483,34.9061157287372,37.7020706370418,37.7877225083365,2.14129678236807,8.9786662719673,8.72886077505209,8.76356092008266,-0.802362124990122,-0.33012403953505,0.801461504447167
"cloglog",1000,827,50,0,20,18.3469479220623,-2.31567205965373,20.662619981716,17.8835978274935,17.9253877313155,2.08949519109893,6.33804180567551,6.25238692733504,6.26099033699941,0.0731061909616652,0.437789964410788,0.433026346711676
"cloglog",1000,827,50,1,20,17.7274727669987,-2.14311696507015,19.8705897320688,17.8214272276123,17.8629442054661,2.07584889268848,6.31347737731681,6.22854868956571,6.26099033699941,-0.0148815708045786,0.322329586981637,0.473737113531667
"cloglog",1000,828,2,0,500,442.424446229835,-51.0546166460211,493.479062875856,497.512531975077,498.755491782219,2.48591961428359,37.6911698866909,22.3604941576649,22.3606797749979,-1.46156476200792,-0.235971033071005,0.964835208765911
"cloglog",1000,828,2,1,500,464.904192358111,-52.8745497122934,517.778742070404,497.373753993869,498.629519628072,2.51153126840719,37.6815739700051,22.3537666114819,22.3606797749979,-0.861682732828618,0.856644107239462,0.853510852816217
"cloglog",1000,828,5,0,200,171.504714012343,-20.326394374186,191.831108386528,197.752602830019,198.201395092513,2.24396131246926,21.6153901728224,17.8881463886295,17.8885438199983,-1.2143148288241,-0.356117764668671,0.913407998533152
"cloglog",1000,828,5,1,200,186.772532947873,-20.8826622194035,207.655195167276,197.695985489999,198.14191603805,2.22965274025454,21.6048573232749,17.8811742757361,17.8885438199983,-0.505601697742223,0.532027650003693,0.705940070494741
"cloglog",1000,828,10,0,100,78.8154987192162,-10.1160634914308,88.931562210647,97.8786711477764,98.0901793477031,2.11508199926746,14.721858050999,13.4154631701193,13.4164078649987,-1.29488902572774,-0.682691087211616,0.92264885851732
"cloglog",1000,828,10,1,100,99.1263213603336,-10.3821104337643,109.508431794098,97.8277085556795,98.0403840360754,2.12675480395905,14.7146217513321,13.4099496299353,13.4164078649987,0.0882532236709774,0.855189473077674,0.449176481423231
"cloglog",1000,828,25,0,40,39.0706227732207,-4.02275384933538,43.0933766225561,37.9184658104607,38.0011744504332,2.06771599931149,9.0864891002487,8.76037301111698,8.76356092008266,0.126798915405997,0.581276866368684,0.421497684095753
"cloglog",1000,828,25,1,40,33.4910836892967,-4.05546092430076,37.5465446135974,37.8974683747122,37.9802809254699,2.07031376894299,9.08194157687171,8.75628273487092,8.76356092008266,-0.485180910724742,-0.0495342972589459,0.677909867693687
"cloglog",1000,828,50,0,20,22.0694596213181,-1.94469270666829,24.0141523279864,17.9419280123414,17.9825430534664,2.03075205625087,6.36301862291828,6.25221433733396,6.26099033699941,0.648675079169214,0.964715690967807,0.228915947379398
"cloglog",1000,828,50,1,20,24.0976379344352,-2.01790533520174,26.115543269637,17.9317536168306,17.9723904635151,2.03184233422504,6.36007058644286,6.24936392284694,6.26099033699941,0.969467906653082,1.30303706211626,0.151854958501946
"cloglog",1000,829,2,0,500,453.490116678666,-52.7755489880164,506.265665666682,497.45099252943,498.724667153848,2.54734924883702,34.5215390696442,22.3604665123469,22.3606797749979,-1.2734332545857,0.337246922315757,0.924130521237106
"cloglog",1000,829,2,1,500,461.55846249563,-52.0308129591917,513.589275454821,497.384453795436,498.659228047948,2.54954850502375,34.5274740094312,22.3567295949167,22.3606797749979,-1.03760823308477,0.667809991773932,0.877558587742805
"cloglog",1000,829,5,0,200,191.201731159079,-21.2531602488331,212.454891407912,197.763611159912,198.210205714647,2.23297277367756,20.7514299573216,17.8881445645673,17.8885438199983,-0.31621338935816,0.79631991131602,0.622483466794838
"cloglog",1000,829,5,1,200,192.769799179195,-20.9485561244736,213.718355303669,197.724015446021,198.16970622433,2.22845389154592,20.751494593028,17.88395426957,17.8885438199983,-0.238740214330895,0.869418968812448,0.591573461649267
"cloglog",1000,829,10,0,100,93.6705023959219,-10.495229460631,104.165731856553,97.85831244523,98.0718832020806,2.13570756850528,14.4078423394725,13.4154788718531,13.4164078649987,-0.29066184586397,0.454240114175706,0.604920988043518
"cloglog",1000,829,10,1,100,94.4342594847666,-10.4765113713576,104.910770856124,97.8299105705386,98.04383280653,2.13922235991354,14.4062512119309,13.412049038207,13.4164078649987,-0.235706780051138,0.511997684323426,0.583191192930246
"cloglog",1000,829,25,0,40,43.0380093039984,-4.50931627341391,47.5473255774123,37.9091064324994,37.9921619712452,2.07638846864453,9.00585155941328,8.76018389939246,8.76356092008266,0.56950781807391,1.0907492029739,0.264370603326512
"cloglog",1000,829,25,1,40,45.2383213997496,-4.14277350118977,49.3810949009393,37.8884471611297,37.9718992244239,2.08630158235345,9.00385130613629,8.75780368022575,8.76356092008266,0.816303378267778,1.30274622417905,0.195397000061605
"cloglog",1000,829,50,0,20,34.0183845013811,-2.37344496644572,36.3918294678268,17.9297334860876,17.9705936650673,2.04300894898477,6.33649313821232,6.25224953646329,6.26099033699941,2.53904654583632,2.94633726554362,0.0125298399777654
"cloglog",1000,829,50,1,20,30.0144759781477,-2.08553097817288,32.1000069563206,17.9116663531861,17.9527829731334,2.05583099736607,6.33499419715988,6.25059418389872,6.26099033699941,1.91046893624426,2.26334066281727,0.0373059933092444
"cloglog",1000,830,2,0,500,461.68564572921,-65.9527572482119,527.638402977421,497.497078682977,498.747547410251,2.50093745454793,43.2718771565998,22.3605051834952,22.3606797749979,-0.827591389764918,1.29204842780098,0.876696358496234
"cloglog",1000,830,2,1,500,464.760800115255,-60.8908286729076,525.651628788163,496.071028739692,497.341308914151,2.54056034891926,42.9177035761464,22.2664282424051,22.3606797749979,-0.729541098788858,1.27143516534441,0.854599891002274
"cloglog",1000,830,5,0,200,154.418749058021,-26.5767082711425,180.995457329163,197.780097928881,198.223216049223,2.215590601711,23.226668062983,17.8880454415849,17.8885438199983,-1.86687770941913,-0.963087821770056,0.990383444806561
"cloglog",1000,830,5,1,200,165.698618204617,-25.7769496055403,191.475567810157,196.839603739848,197.288430608782,2.24413434466744,22.9844849028824,17.7960935683027,17.8885438199983,-1.35486984662971,-0.326637010325573,0.954195824842762
"cloglog",1000,830,10,0,100,66.2004601668987,-13.4297761199227,79.6302362868214,97.8675837752627,98.0801467649216,2.12562989658854,15.3228119637298,13.4153776804488,13.4164078649987,-2.06666528854641,-1.37528073510659,0.994272422229707
"cloglog",1000,830,10,1,100,69.6164981855962,-13.8498705292188,83.466368714815,97.3407917443862,97.553883918137,2.13092173750778,15.1807830269093,13.3414296939978,13.4164078649987,-1.82627559524738,-1.0559224555716,0.986649324399705
"cloglog",1000,830,25,0,40,27.601743719043,-5.32697287029573,32.9287165893387,37.9204940532326,38.0030541915788,2.06400345865629,9.24440480385834,8.76000981601034,8.76356092008266,-1.1162157600328,-0.579261634269626,0.89336833787611
"cloglog",1000,830,25,1,40,27.2591787850913,-5.40403624357576,32.6632150286671,37.7093390484409,37.7910231082121,2.04210149427991,9.17274670131027,8.70800485291348,8.76356092008266,-1.13926183766274,-0.588861417300359,0.902089613053072
"cloglog",1000,830,50,0,20,15.5096399119032,-2.60537746115528,18.1150173730584,17.9338505879119,17.9745666828822,2.03580474851437,6.41812109507631,6.25125371718475,6.26099033699941,-0.377713452285669,0.0224676035448923,0.626727693792869
"cloglog",1000,830,50,1,20,15.0743181003322,-2.65366519882279,17.727983299155,17.8423853152625,17.8825811340859,2.00979094117195,6.37448038382948,6.21420189661142,6.26099033699941,-0.434242016330022,-0.0248781480716347,0.656857960014008
"cloglog",1000,831,2,0,500,427.931989212945,-73.3222361495966,501.254225362541,497.47892051306,498.738552870754,2.51926471538739,40.7405055505037,22.3604918880999,22.3606797749979,-1.70707089566923,0.112505239347002,0.989622543847805
"cloglog",1000,831,2,1,500,452.176787713239,-73.6009731568385,525.777760870077,497.452198667065,498.719880934592,2.53536453505278,40.7337080951451,22.3598604406227,22.3606797749979,-1.11149740770158,1.21010951778248,0.930263966066744
"cloglog",1000,831,5,0,200,190.888743961945,-29.3100861439596,220.198830105904,197.759461425495,198.206921598351,2.23730086427871,22.4828246730393,17.888141844723,17.8885438199983,-0.305598498563649,1.22941268570279,0.628587080050809
"cloglog",1000,831,5,1,200,190.404290581044,-29.3436867270587,219.747977308103,197.744768838468,198.193868351352,2.24549756442222,22.47945161337,17.8875030128118,17.8885438199983,-0.326541696108722,1.20498142984588,0.637983620152017
"cloglog",1000,831,10,0,100,100.924033145575,-14.8332371096107,115.757270255185,97.8427320080611,98.0578551661658,2.15123158104746,15.0429669427355,13.4154618835343,13.4164078649987,0.204833338346308,1.31932953503027,0.39961535235855
"cloglog",1000,831,10,1,100,116.892552003627,-15.0890483102413,131.981600313868,97.861636617913,98.0745003597928,2.12863741879728,15.0411073379213,13.4149424959269,13.4164078649987,1.26526026030899,2.52756207970108,0.0937045700643256
"cloglog",1000,831,25,0,40,57.9174800681998,-5.73090792361717,63.648387991817,37.9145836167108,37.9974346386739,2.07127554907697,9.16982571177233,8.76027222864416,8.76356092008266,2.18138240357273,2.92810002744779,0.0202168687798203
"cloglog",1000,831,25,1,40,61.3679862959666,-5.87536691404601,67.2433532100126,37.9087074509008,37.991729098494,2.07554118983004,9.16921051738664,8.75991616974006,8.76356092008266,2.55848404839025,3.33925845233136,0.00954911244117715
"cloglog",1000,831,50,0,20,28.8593170241964,-3.01309443527174,31.8724114594682,17.9236422257653,17.9646002625224,2.04790183785497,6.39303957112213,6.25186240015834,6.26099033699941,1.71055953537789,2.22458690015212,0.0501257561288782
"cloglog",1000,831,50,1,20,30.5211503923502,-3.1585545144858,33.679704906836,17.9315653126892,17.9723451253518,2.03899063312805,6.39263703698509,6.25155354202184,6.26099033699941,1.96938837710055,2.5125530279637,0.032677579676881
"cloglog",1000,832,2,0,500,459.195217328383,-57.3208719599902,516.516089288373,497.488061251364,498.743201622849,2.51028074296966,46.0005335692421,22.3604302356436,22.3606797749979,-0.832443472972792,0.794836569700396,0.892841466916967
"cloglog",1000,832,2,1,500,453.200403051494,-57.5269939675525,510.727397019047,497.047968684212,498.290902752586,2.48586813674792,45.9283502962989,22.3305701287578,22.3606797749979,-0.954694983596026,0.556926858327053,0.925516618617042
"cloglog",1000,832,5,0,200,143.498977690212,-23.1331705889332,166.632148279145,197.770489771875,198.21560505194,2.22557640032405,24.049730452785,17.8880033929289,17.8885438199983,-2.2566370208685,-1.76562224855569,0.998675869405474
"cloglog",1000,832,5,1,200,151.374814755943,-23.0601859616176,174.43500071756,197.508379399116,197.948170151156,2.19895376020248,24.0005961851163,17.8594389357006,17.8885438199983,-1.9221841110673,-1.31656820341615,0.994182194722595
"cloglog",1000,832,10,0,100,66.1166705306505,-11.4576147898983,77.5742853205487,97.8748154890704,98.0866711169374,2.11855627867029,15.6349829915799,13.4152994527091,13.4164078649987,-2.03122350536121,-1.52902928993108,0.99439854649721
"cloglog",1000,832,10,1,100,75.0090041155019,-11.1248537116039,86.1338578271058,97.7146993330194,97.9266247281955,2.11925395176046,15.6031005467171,13.3928040827702,13.4164078649987,-1.45520405701,-0.880530083782904,0.959338530764535
"cloglog",1000,832,25,0,40,25.7149497878865,-4.63135911568082,30.3463089035673,37.9264378449975,38.0087665354309,2.05821726083598,9.32507757202092,8.75993537401578,8.76356092008266,-1.30953206156166,-0.874716228454429,0.935671107169771
"cloglog",1000,832,25,1,40,22.1788397995548,-4.34449245322547,26.5233322527803,37.845728038619,37.9286329847053,2.0726236521564,9.30623321878579,8.74509614003692,8.76356092008266,-1.68348330315199,-1.30419386468596,0.980979195006169
"cloglog",1000,832,50,0,20,17.8968643765599,-2.28011057304093,20.1769749496009,17.950926639404,17.9913154426075,2.01944016017736,6.44703917300686,6.25139258393493,6.26099033699941,-0.00838559552583272,0.349627619389981,0.462466157035745
"cloglog",1000,832,50,1,20,14.4301363540639,-2.22077025726912,16.650906611333,17.9155984609558,17.9560900403524,2.02457896983106,6.43596887610774,6.2418105107848,6.26099033699941,-0.541559813912555,-0.209103340571501,0.700651563969281
"cloglog",1000,833,2,0,500,446.747018460125,-70.5251548519827,517.272173312107,497.464190446392,498.731399905657,2.5344189185303,42.3726939730731,22.3604802787821,22.3606797749979,-1.19693055198466,0.829175991539113,0.951745335657235
"cloglog",1000,833,2,1,500,445.320878933882,-69.3774646568762,514.698343590758,497.140725570404,498.412812444876,2.54417374894522,42.3247938867457,22.3412910410239,22.3606797749979,-1.22433783789198,0.72894315355266,0.956428261244762
"cloglog",1000,833,5,0,200,213.840119957563,-28.3542660943721,242.194386051935,197.773742424329,198.218226723046,2.2224214935869,22.9597645476321,17.8880564612625,17.8885438199983,0.699762295031512,2.4584090185606,0.209257710738379
"cloglog",1000,833,5,1,200,148.132811846809,-26.5687962842385,174.701608131047,197.552281297626,197.997944852876,2.22831777625122,22.9289709760103,17.8671620700345,17.8885438199983,-2.1553287106745,-1.30386329012483,0.996732368745158
"cloglog",1000,833,10,0,100,90.7171255450053,-14.3382623822266,105.055387927232,97.869058102562,98.0814694030092,2.12411300447184,15.2210540132644,13.4153342512448,13.4164078649987,-0.46987104515391,0.519846795734941,0.686423333174869
"cloglog",1000,833,10,1,100,78.5561633886996,-12.9861368449138,91.5423002336135,97.7450478988496,97.9575139799795,2.1246608112994,15.1999696576721,13.3981515030051,13.4164078649987,-1.2624291325782,-0.478813345626608,0.925711604809493
"cloglog",1000,833,25,0,40,40.6146335802555,-5.71342720326531,46.3280607835208,37.9186945962542,38.0013247057534,2.06575273747855,9.21567672318773,8.75993438902491,8.76356092008266,0.292538363158719,0.950547767595128,0.355898669341017
"cloglog",1000,833,25,1,40,26.0713723586143,-5.19622302273099,31.2675953813453,37.8608242177047,37.9435505213361,2.06815759078508,9.20213719798014,8.74762713228248,8.76356092008266,-1.28116453878542,-0.763173262764448,0.92874031422807
"cloglog",1000,833,50,0,20,19.1340523071592,-2.98523947101621,22.1192917781754,17.94023541914,17.9808719910583,2.03182859591451,6.40796388277492,6.2519337009303,6.26099033699941,0.186302062536317,0.661942366167656,0.383612590689253
"cloglog",1000,833,50,1,20,15.6241895473326,-2.73455762462851,18.3587471719611,17.9126395888333,17.953256083839,2.03082475028479,6.39806435368053,6.24290849076869,6.26099033699941,-0.357678496963583,0.0649522716409626,0.618756869742998
"cloglog",1000,834,2,0,500,432.777842827274,-47.7139847481739,480.491827575448,497.518640179357,498.75871900751,2.48015765630709,34.765626132562,22.3605812231115,22.3606797749979,-1.86220714406882,-0.816923820083078,0.983946991563889
"cloglog",1000,834,2,1,500,442.118435774843,-47.7368432532339,489.855279028077,497.461182792843,498.718610720005,2.51485585432513,34.7657527688714,22.3593099771215,22.3606797749979,-1.59187541216,-0.396404526839046,0.965641788942889
"cloglog",1000,834,5,0,200,181.42536242121,-19.1759408674372,200.601303288648,197.790220567018,198.231636216183,2.20707824582423,20.8165357659823,17.8882386874306,17.8885438199983,-0.786147048182285,0.132470676060995,0.794917741889467
"cloglog",1000,834,5,1,200,207.445822222665,-19.3744404616164,226.820262684282,197.780203015348,198.220721019143,2.20259001897889,20.8153684224946,17.88676837431,17.8885438199983,0.464350138375288,1.59892167588053,0.30828980404918
"cloglog",1000,834,10,0,100,71.768382367937,-9.56815046724595,81.336532835183,97.8653856515337,98.0783605981562,2.12974946622541,14.4320488730743,13.4156865498735,13.4164078649987,-1.80826738553288,-1.24792925809162,0.978529459204695
"cloglog",1000,834,10,1,100,97.0949637926354,-9.47701961425569,106.571983406891,97.8591854991024,98.0719583703679,2.12772871265553,14.4310754485307,13.4145320448407,13.4164078649987,-0.0529566704292136,0.633643052781131,0.506848161485658
"cloglog",1000,834,25,0,40,29.7422186982683,-3.95528748698083,33.6975061852491,37.918130460627,38.0008979170684,2.06918641103633,9.01366744481021,8.7606830445698,8.76356092008266,-0.907057178714322,-0.491216462223994,0.82845477004325
"cloglog",1000,834,25,1,40,27.4337422509909,-3.94321018173262,31.3769524327235,37.9062706937579,37.9893664004382,2.07739266700823,9.01287207647605,8.75987068322919,8.76356092008266,-1.16195241138513,-0.754852920417449,0.897703753560535
"cloglog",1000,834,50,0,20,8.6851241859196,-1.97709898605074,10.6622231719703,17.9248884881591,17.9658967562147,2.0504134027811,6.33992637871243,6.25311645301806,6.26099033699941,-1.45739299643349,-1.16800536806239,0.966596718513699
"cloglog",1000,834,50,1,20,9.19767479156651,-1.89794275400176,11.0956175455683,17.9205318065395,17.9615878851532,2.05280393068216,6.33932401721845,6.25249850641541,6.26099033699941,-1.37599166587488,-1.09811627024621,0.95498611677389
"cloglog",1000,835,2,0,500,456.39670812562,-77.920302611805,534.317010737425,497.450265216026,498.724155704684,2.54778097731514,44.7722608098279,22.3604679563117,22.3606797749979,-0.916941792704699,1.59177594593653,0.909157147576387
"cloglog",1000,835,2,1,500,400.460818350256,-79.2091112020782,479.669929552335,497.475139042854,498.712589937239,2.47490178877019,44.7709785946916,22.3577760874534,22.3606797749979,-2.16690194714886,-0.851724264095765,0.99951256636493
"cloglog",1000,835,5,0,200,186.608901232432,-31.4501431336106,218.059044366042,197.783638945114,198.226213717491,2.21287386188247,23.6775545693572,17.8881086898976,17.8885438199983,-0.471954892129973,1.10871590688356,0.708878946087207
"cloglog",1000,835,5,1,200,185.776841279974,-31.2905242126261,217.067365492601,197.766032177901,198.206317733093,2.20142777596121,23.6754477094116,17.8853472761206,17.8885438199983,-0.506397642193712,1.05455306337213,0.723632627667701
"cloglog",1000,835,10,0,100,88.5033178065972,-15.8245544965348,104.327872303132,97.8577581624871,98.0712965252859,2.13538362798814,15.4941575479122,13.4153348101055,13.4164078649987,-0.603739850131469,0.466374925889528,0.743294774700986
"cloglog",1000,835,10,1,100,87.5557230975999,-15.7598204177124,103.315543515312,97.8844374657668,98.0936632478862,2.09225782119379,15.4921074628021,13.4130496518271,13.4164078649987,-0.666708154004677,0.389313422597736,0.766149149873371
"cloglog",1000,835,25,0,40,48.5297530314558,-6.25355495667492,54.7833079881307,37.9076546274871,37.9907053098877,2.0762670600146,9.28867296844451,8.75981972705709,8.76356092008266,1.14355392207844,1.91700322626213,0.117735269685664
"cloglog",1000,835,25,1,40,43.8896183894768,-6.20954697032866,50.0991653598055,37.9231667166041,38.0053310610521,2.05410861119834,9.28736663422905,8.75835037788584,8.76356092008266,0.64242663263481,1.3808347208042,0.236020494023699
"cloglog",1000,835,50,0,20,25.6216786098819,-3.00994000544594,28.6316186153278,17.9286354633821,17.96945919254,2.04118645789348,6.43466462292956,6.25127230109456,6.26099033699941,1.19556241036806,1.70559830211219,0.108728015264254
"cloglog",1000,835,50,1,20,23.7458277024704,-2.86509666889351,26.6109243713639,17.9351744158372,17.9758007427638,2.0313163463305,6.4336480168755,6.25022509773458,6.26099033699941,0.903166177476887,1.38157002245086,0.163532485203538
"cloglog",1000,836,2,0,500,424.986789575391,-84.8867183966614,509.873507972053,497.532885228837,498.765655693261,2.46554092884949,39.101267600164,22.3605041067947,22.3606797749979,-1.85533871677196,0.49676215821163,0.992153079003559
"cloglog",1000,836,2,1,500,447.513479260559,-82.4787741329878,529.992253393547,497.257134371824,498.502127464219,2.48998618479063,39.0653627796904,22.346056289456,22.3606797749979,-1.27334425106443,1.40920283746829,0.949071483434939
"cloglog",1000,836,5,0,200,176.902406547028,-33.9842387873517,210.88664533438,197.779265805011,198.222783579658,2.21758887323394,22.0119689725764,17.8881434501272,17.8885438199983,-0.948432159067271,0.707947238349792,0.856915209637651
"cloglog",1000,836,5,1,200,189.022714401574,-33.1576604479262,222.1803748495,197.611633892244,198.058348703552,2.23357405654082,21.9871332568824,17.8734023467301,17.8885438199983,-0.390633894392839,1.34960460677823,0.664396534982384
"cloglog",1000,836,10,0,100,84.6675342082478,-17.0119616670914,101.679495875339,97.8749894722761,98.0869808638329,2.11991391556864,14.8683034300936,13.4156182524044,13.4164078649987,-0.888296053825235,0.267786019541991,0.829220457057419
"cloglog",1000,836,10,1,100,102.458382354105,-16.6668856395797,119.125267993684,97.7742149401736,97.9880957644322,2.13880824258539,14.8518725139975,13.4041423274661,13.4164078649987,0.315392379615183,1.57691344308844,0.358969191978906
"cloglog",1000,836,25,0,40,47.8071621200238,-6.70709109267847,54.5142532127023,37.9280248298377,38.0104205469443,2.05989292766458,9.12456835416512,8.76073381119762,8.76356092008266,1.08269639798101,1.88384135637855,0.132294573801575
"cloglog",1000,836,25,1,40,50.7771790184726,-6.82269486383956,57.5998738823122,37.8846945024399,37.9672447698082,2.06375668420809,9.11454666229635,8.75198552295261,8.76356092008266,1.41449542075026,2.24322001687688,0.0804265916021351
"cloglog",1000,836,50,0,20,32.0071730284034,-3.40369760273875,35.4108706311421,17.9417343029284,17.9823964332213,2.03310651464417,6.3774933543712,6.25289871902308,6.26099033699941,2.20548073418757,2.78726315283158,0.021944298837162
"cloglog",1000,836,50,1,20,37.0412347913612,-3.31244524080134,40.3536800321625,17.919093146363,17.9598382990545,2.03725763457115,6.37128573919762,6.24707861150583,6.26099033699941,3.00130027560282,3.5846902409493,0.00517608175292555
"cloglog",1000,837,2,0,500,441.007260740628,-69.1383908212474,510.145651561875,497.504544898521,498.751562190106,2.49403458316935,38.0335345084053,22.3605149896894,22.3606797749979,-1.48545973673331,0.509562922724446,0.968446675110151
"cloglog",1000,837,2,1,500,391.567235187509,-70.0440969276162,461.611332115126,496.342600419052,497.603964827902,2.52272881769881,37.8188749995296,22.2916117300672,22.3606797749979,-2.77045166554653,-1.61462675506001,0.999856328645111
"cloglog",1000,837,5,0,200,167.153282140523,-27.740702411919,194.893984552441,197.750240765245,198.19954784233,2.24653538542466,21.7114199356948,17.888169396604,17.8885438199983,-1.40925645192,-0.184790473334623,0.94573684714942
"cloglog",1000,837,5,1,200,169.917270405646,-27.3346820480011,197.251952453647,197.032746103479,197.481113321413,2.24183608967145,21.5692838400756,17.8167965378442,17.8885438199983,-1.25713379724982,-0.012862069075087,0.92648962579913
"cloglog",1000,837,10,0,100,87.694483806073,-13.9554626746378,101.649946480711,97.8489607265049,98.0634379959758,2.14477269470936,14.7569986608815,13.4154523879926,13.4164078649987,-0.688112613803361,0.267341598405217,0.762864363004388
"cloglog",1000,837,10,1,100,72.660283722368,-13.9588002627318,86.6190839850999,97.4419515033591,97.6563228322273,2.14371328868225,14.6719988104972,13.3583670339237,13.4164078649987,-1.68904510565123,-0.826241622130781,0.974174578274543
"cloglog",1000,837,25,0,40,42.7464472717259,-5.53752408776002,48.283971359486,37.9325301530864,38.0147122512855,2.05455245497673,9.09790603834742,8.76062993400848,8.76356092008266,0.529123635521076,1.17220555891027,0.274549503074247
"cloglog",1000,837,25,1,40,28.0469577437143,-5.53252611175304,33.5794838554673,37.7309639909226,37.8139686033832,2.07511531151401,9.05047041755454,8.72046572786862,8.76356092008266,-1.07000032047229,-0.48558011464725,0.881336786414994
"cloglog",1000,837,50,0,20,19.9896315627235,-2.59955256518588,22.5891841279094,17.9415129426426,17.982170607925,2.0328832641227,6.36846307002211,6.2527743192857,6.26099033699941,0.321603281288055,0.73679510641776,0.333403719269598
"cloglog",1000,837,50,1,20,14.3927077364803,-2.78754888894252,17.1802566254228,17.8405093231871,17.8812801262131,2.03854015129737,6.33580535562889,6.22276128039093,6.26099033699941,-0.544177321300391,-0.112654731429162,0.703155749850996
"cloglog",1000,838,2,0,500,426.41711591354,-71.7577210961607,498.1748370097,497.460020808857,498.729375013501,2.53870840928877,31.958349041934,22.3605864385186,22.3606797749979,-2.22298419740326,-0.0247997969697849,0.990999849773359
"cloglog",1000,838,2,1,500,416.987747965855,-69.5331337492441,486.520881715099,496.992635737133,498.233267810487,2.48126414670913,31.8772711835698,22.3339290305767,22.3606797749979,-2.50977843462692,-0.524421210408298,0.996529404357185
"cloglog",1000,838,5,0,200,179.922439439306,-28.620533986776,208.542973426082,197.760671307592,198.207993370792,2.23661031599757,20.0841713625431,17.8882517137553,17.8885438199983,-0.888173654082352,0.577752382998016,0.816970439529572
"cloglog",1000,838,5,1,200,162.552152176812,-27.3820276185734,189.934179795385,197.45231695066,197.899911320144,2.23797184742091,20.0359208333665,17.8599917671666,17.8885438199983,-1.74187975008005,-0.446009809444754,0.968999504712069
"cloglog",1000,838,10,0,100,94.2396948567662,-14.1745031684857,108.414198025252,97.8532104002815,98.0674137126369,2.14203312355362,14.1705269947872,13.4157111711212,13.4164078649987,-0.255002198919245,0.771243818582474,0.588742576690032
"cloglog",1000,838,10,1,100,87.2329252725896,-13.7608381683761,100.993763440966,97.6786352939336,97.892904592452,2.14269298518356,14.1383586615802,13.3919751185123,13.4164078649987,-0.73882055699502,0.231546043139467,0.773705347950804
"cloglog",1000,838,25,0,40,50.5864395472324,-5.65806437146,56.2445039186924,37.9077188718415,37.9909811061903,2.08155585871895,8.94771360398795,8.76112064724992,8.76356092008266,1.41697882124212,2.08346894734657,0.083158472540729
"cloglog",1000,838,25,1,40,47.8725957455245,-5.47717324214734,53.3497689876718,37.8130569639059,37.8972118043392,2.10387101083051,8.92965524705414,8.74517934441444,8.76356092008266,1.12653159649553,1.76698002119331,0.130921119543513
"cloglog",1000,838,50,0,20,26.7888538717771,-2.66937502057426,29.4582288923514,17.91859271135,17.959796305498,2.06017970739621,6.31831506411664,6.25423573572235,6.26099033699941,1.40389661965475,1.838503227689,0.0830418501653633
"cloglog",1000,838,50,1,20,28.1845075102578,-2.72717183398548,30.9116793442433,17.8873221230418,17.9282887706072,2.04833237826866,6.30404873874243,6.24071392121271,6.26099033699941,1.63342413962208,2.08043354294843,0.0593023422705358
"cloglog",1000,839,2,0,500,415.264092809041,-74.9974945239868,490.261587333028,497.505248616829,498.752080893097,2.49366455253515,34.5487033346172,22.3605552623755,22.3606797749979,-2.38044117057742,-0.379708529615778,0.997121101666666
"cloglog",1000,839,2,1,500,452.930182696671,-74.8489227489201,527.779105445591,497.5133181484,498.752925286594,2.47921427638812,34.5501716349413,22.3601999312717,22.3606797749979,-1.29038824822048,1.29811809591213,0.926792475996494
"cloglog",1000,839,5,0,200,165.247575151497,-29.8870082296229,195.13458338112,197.779681151115,198.223146058077,2.21732453481232,20.7586732844148,17.8882010895706,17.8885438199983,-1.56715728186939,-0.172659210475806,0.956601053498498
"cloglog",1000,839,5,1,200,148.88366954302,-29.7182505467045,178.601920089724,197.774109395467,198.217979172354,2.21934888443335,20.759090257938,17.887856395307,17.8885438199983,-2.35513402779066,-1.09661317986519,0.996250604516302
"cloglog",1000,839,10,0,100,90.8318853159245,-14.8840508253398,105.715936141264,97.8545864358119,98.0685572547894,2.13970818977465,14.4103217708801,13.4155328077112,13.4164078649987,-0.487338258752746,0.570039147612473,0.683359653954379
"cloglog",1000,839,10,1,100,94.3043149514136,-14.9376731768954,109.241988128309,97.8491209875813,98.063428848014,2.1430786043273,14.4103145036263,13.415244958995,13.4164078649987,-0.245990886269389,0.8332728410449,0.586899877128214
"cloglog",1000,839,25,0,40,44.9654145140346,-6.08934914902057,51.0547636630552,37.9098810948098,37.9929680986993,2.07717509723683,9.00846413185855,8.7606082054103,8.76356092008266,0.783211579238338,1.49096903526508,0.203192800039746
"cloglog",1000,839,25,1,40,42.6945201006435,-5.88432591904588,48.5788460196894,37.9129653797836,37.9958944636976,2.07322709785098,9.00836098871108,8.76041600249952,8.76356092008266,0.530790753928711,1.20804212413797,0.276387307457165
"cloglog",1000,839,50,0,20,25.1063027523506,-3.09724903012526,28.2035517824759,17.9377113811489,17.9784382256048,2.03634222279636,6.33734009647108,6.25270336847092,6.26099033699941,1.13116721875058,1.6353108334598,0.122015954557938
"cloglog",1000,839,50,1,20,23.390641079883,-3.05803144316333,26.4486725230464,17.9340295365981,17.9748218789775,2.03961711896847,6.33724390353768,6.25257510943531,6.26099033699941,0.861038588121696,1.35525771314312,0.176021592552903
"cloglog",1000,840,2,0,500,413.279549239241,-63.4988730242074,476.778422263449,497.470693846852,498.734586422224,2.52778515074426,33.903541362586,22.3605593660984,22.3606797749979,-2.4832551770099,-0.981914799146935,0.997690124133904
"cloglog",1000,840,2,1,500,434.751953375351,-63.0012932344721,497.753246609823,497.350340541693,498.618045295916,2.53540950844682,33.8680590805028,22.3544773068578,22.3606797749979,-1.84830158166278,-0.0386857037282464,0.980982386764791
"cloglog",1000,840,5,0,200,172.210657547428,-25.4687528164141,197.679410363843,197.77094609028,198.216052598971,2.22553254345545,20.5872531084175,17.8881254236425,17.8885438199983,-1.24155895923777,-0.0299999146036293,0.907089960857252
"cloglog",1000,840,5,1,200,155.958431061139,-25.5215935623909,181.48002462353,197.659788503457,198.112931380174,2.26571438358633,20.5689758150647,17.8815240427713,17.8885438199983,-2.02739104840484,-0.930172770333194,0.987770412927896
"cloglog",1000,840,10,0,100,99.5031341313668,-12.815300411137,112.318434542504,97.8516605299123,98.0659308738031,2.14270343890792,14.3492562577162,13.4155487529308,13.4164078649987,0.115091233426574,1.06238693110389,0.438645432241875
"cloglog",1000,840,10,1,100,80.6042174886749,-12.6758883686163,93.2801058572912,97.7798264515352,97.9974532372338,2.17626785698606,14.3391952980949,13.410316506991,13.4164078649987,-1.19780842688865,-0.351770025523512,0.899091191493962
"cloglog",1000,840,25,0,40,38.5169770477131,-5.08071610757198,43.5976931552851,37.9169867613306,37.9997900910163,2.07008324214199,8.99279684428719,8.76060800783524,8.76356092008266,0.066718985958594,0.638985679905113,0.446102325168939
"cloglog",1000,840,25,1,40,34.1500014543137,-5.02378460522559,39.1737860595393,37.8861837973587,37.9695305875764,2.08366975544269,8.98741173820544,8.75678502611344,8.76356092008266,-0.415712827216149,0.137522557465063,0.648123497975235
"cloglog",1000,840,50,0,20,23.7327258399403,-2.63526389545044,26.3679897353907,17.9381110885463,17.9788545798246,2.03717456391495,6.3325544889122,6.25308163128146,6.26099033699941,0.915051700153528,1.34160013418007,0.163980573922091
"cloglog",1000,840,50,1,20,24.5299810189043,-2.49111487166073,27.021095890565,17.9234431315243,17.9643166056933,2.04367370844868,6.32948179147047,6.25050927306817,6.26099033699941,1.04377231897293,1.44896661843141,0.138419931622737
"cloglog",1000,841,2,0,500,454.72863012624,-80.7603347188775,535.488964845118,497.476563269729,498.73748581538,2.52184509130192,44.5880313082602,22.3604626660475,22.3606797749979,-0.958731118850023,1.64359206598808,0.917989952847275
"cloglog",1000,841,2,1,500,438.817731147228,-80.8861083578479,519.703839505076,497.399458731759,498.668692610863,2.53846775820769,44.5612529120462,22.3558900272653,22.3606797749979,-1.31463376265828,0.940921916710046,0.973432458416377
"cloglog",1000,841,5,0,200,196.802284242658,-32.2409774244896,229.043261667148,197.758237525958,198.205866646682,2.23814560361898,23.6219142119194,17.8881034821013,17.8885438199983,-0.0404689169016533,1.72390522289416,0.5106835946906
"cloglog",1000,841,5,1,200,182.091356989934,-32.3774360835152,214.468793073449,197.730724847185,198.175607835751,2.22441494283095,23.6073799751289,17.8838910722057,17.8885438199983,-0.662477914691402,0.911053705925335,0.784702573760216
"cloglog",1000,841,10,0,100,97.1407421318205,-16.2913793832874,113.432121515108,97.8491938500621,98.0636086605089,2.14414810446754,15.4721256241486,13.4153535603031,13.4164078649987,-0.0457889068025595,1.14559133946909,0.505536677672915
"cloglog",1000,841,10,1,100,100.99184494016,-16.1596315606434,117.151476500803,97.8363419211841,98.049702144675,2.1336022349096,15.4641415519983,13.4120153314094,13.4164078649987,0.204052905773371,1.42422849095574,0.397783327900604
"cloglog",1000,841,25,0,40,43.5844416420401,-6.6773969225136,50.2618385645537,37.9010822073512,37.9844079960175,2.08314471665626,9.28320280970968,8.75991533210057,8.76356092008266,0.612219677969805,1.40154671627313,0.245941361076179
"cloglog",1000,841,25,1,40,43.901952988639,-6.65359571457212,50.5555487032111,37.8852189929244,37.9687890286733,2.08925089372147,9.27967944097214,8.75772604333988,8.76356092008266,0.648377353332826,1.43721779058274,0.235625149041514
"cloglog",1000,841,50,0,20,30.0308808304282,-3.12963484757696,33.1605156780051,17.909564227264,17.9508067649868,2.06212688613631,6.43365397067065,6.25189859226299,6.26099033699941,1.88404857619357,2.43281439846786,0.0371473448881231
"cloglog",1000,841,50,1,20,27.215842677074,-3.04559950634764,30.2614421834216,17.9018706921865,17.9431770105981,2.06531592058018,6.43179737393462,6.25047413291966,6.26099033699941,1.44811340335956,1.97077292232062,0.0750351499679933
"cloglog",1000,842,2,0,500,420.991621885583,-64.3209719076282,485.312593793211,497.475088169518,498.736845642703,2.52351494636847,36.4946252390503,22.3605525357595,22.3606797749979,-2.09574603884673,-0.600354209853421,0.994724008703813
"cloglog",1000,842,2,1,500,405.740592489889,-64.5243438544946,470.264936344383,497.493462497803,498.740791105106,2.49465721460612,36.4891081738849,22.3599525818443,22.3606797749979,-2.5145276111073,-1.27352035548791,0.999048099165183
"cloglog",1000,842,5,0,200,171.566409275501,-25.6724719491513,197.238881224652,197.774319316199,198.218865364372,2.22273024086458,21.284844427333,17.8882037631676,17.8885438199983,-1.23129441373994,-0.054783820259148,0.912868303375954
"cloglog",1000,842,5,1,200,163.816956809892,-25.7381417341596,189.555098544052,197.760036081661,198.206063104546,2.23013511442507,21.2819826824821,17.8875349991612,17.8885438199983,-1.59492091400432,-0.483630894972363,0.963587693920311
"cloglog",1000,842,10,0,100,84.0125771795212,-12.9422242251277,96.9548014046489,97.8616105375221,98.074864087386,2.13253549863906,14.601785249291,13.4155395111891,13.4164078649987,-0.948447954928888,-0.0834899469978766,0.842021193383542
"cloglog",1000,842,10,1,100,85.3454598726045,-12.7974012454131,98.1428611180176,97.8661746380661,98.0785976744328,2.12423036366709,14.6004365167009,13.4150207363433,13.4164078649987,-0.857557563511177,0.00479040956013107,0.815366989268894
"cloglog",1000,842,25,0,40,32.0548486725452,-5.18822698541116,37.2430756579564,37.9120919400397,37.9950792152055,2.07468187914507,9.05718092757282,8.7605489631517,8.76356092008266,-0.646696065181089,-0.0858397756136332,0.740068888579534
"cloglog",1000,842,25,1,40,34.1657504421592,-5.27011488211868,39.4358653242779,37.9165934577511,37.99933995603,2.06866245697428,9.05669248648232,8.76021394553272,8.76356092008266,-0.41415152619902,0.163982909227965,0.647404233600151
"cloglog",1000,842,50,0,20,18.1593208978118,-2.50575182480855,20.6650727226203,17.9320888118764,17.9729464566781,2.04288224008648,6.35539069947828,6.2529915754514,6.26099033699941,0.0357542276596772,0.430534126498934,0.445204287985341
"cloglog",1000,842,50,1,20,19.4810665380613,-2.48615871847222,21.9672252565335,17.9285116942262,17.9694281488743,2.04582273240656,6.35514121674711,6.25279110519076,6.26099033699941,0.244299031427315,0.639362012964171,0.362779111420795
"cloglog",1000,843,2,0,500,477.537518092183,-72.6651298672793,550.202647959463,497.490614386877,498.744518311916,2.50780785007885,38.0264965775551,22.3605133418351,22.3606797749979,-0.524715608601993,2.30129464654426,0.737702620030069
"cloglog",1000,843,2,1,500,413.996679727862,-73.4739627059144,487.470642433777,497.139526977365,498.389906491399,2.5007590280673,37.9353676182557,22.3361710432207,22.3606797749979,-2.19169741772824,-0.48886015586525,0.997497246439407
"cloglog",1000,843,5,0,200,163.005983509963,-28.9436405055836,191.949624015547,197.797717189351,198.237521552931,2.19902181789911,21.7095468070093,17.8881729777629,17.8885438199983,-1.60260064333334,-0.35151144531088,0.967136497210806
"cloglog",1000,843,5,1,200,148.986992002357,-29.6176695561727,178.60466155853,197.557803231183,198.0010654777,2.21631123258737,21.6588724579998,17.8658803269855,17.8885438199983,-2.24253646273658,-1.08566740424612,0.99617968880299
"cloglog",1000,843,10,0,100,99.7349963675444,-14.3288721358289,114.063868503373,97.8790830402504,98.0905547671147,2.11471726864314,14.756333756966,13.4154671471987,13.4164078649987,0.125770625540234,1.19066399708594,0.432199583851743
"cloglog",1000,843,10,1,100,82.0557207557929,-14.7414784327779,96.7971991885707,97.7467084696881,97.9584544882832,2.11746018595084,14.7257226997873,13.3972030530377,13.4164078649987,-1.06554958515699,-0.0866789355296926,0.876759399872894
"cloglog",1000,843,25,0,40,48.8995381543987,-5.62107591394611,54.5206140683448,37.9273024014896,38.0096306933312,2.05820729603969,9.09503048037193,8.76022959379188,8.76356092008266,1.20639900840227,1.88476605530002,0.110790100429433
"cloglog",1000,843,25,1,40,41.2589341159504,-5.71915549106962,46.97808960702,37.864285148554,37.9470484112994,2.06908156863737,9.07998208560714,8.74854896482629,8.76356092008266,0.373860756044594,1.03229018115233,0.330084303134362
"cloglog",1000,843,50,0,20,23.3210660148037,-2.8027484337126,26.1238144485163,17.9359149759829,17.9766622504135,2.03736372153276,6.36579588235593,6.25239748970409,6.26099033699941,0.845950944444652,1.30304450597053,0.17855188554848
"cloglog",1000,843,50,1,20,25.8193445585694,-2.79853096514484,28.6178755237143,17.8901023166105,17.931178852374,2.05382678817647,6.35526940868561,6.24312844255561,6.26099033699941,1.24766421878547,1.71175345336411,0.103960887784762
"cloglog",1000,844,2,0,500,422.037961183321,-70.6213001529333,492.659261336254,497.447509081384,498.723066879981,2.55111559719376,33.5314732865784,22.3605644090096,22.3606797749979,-2.24891841922876,-0.271183027083318,0.994134230486547
"cloglog",1000,844,2,1,500,401.107268315523,-70.6284772947694,471.735745610292,497.474668939999,498.735832129824,2.52232637965025,33.5321699404212,22.3604860264546,22.3606797749979,-2.87387904796195,-1.2074910396665,0.999469775654485
"cloglog",1000,844,5,0,200,173.986364481324,-28.0864165796332,202.072781060957,197.725723654616,198.179905184401,2.27090764892405,20.4901911972535,17.8881790973011,17.8885438199983,-1.15857187201234,0.217622814227242,0.889792644277006
"cloglog",1000,844,5,1,200,188.129655893872,-28.1484669211915,216.278122815064,197.744841231643,198.195010642504,2.25084705430808,20.4904450864304,17.8880871900372,17.8885438199983,-0.469252146413245,1.01090250625741,0.681123620506814
"cloglog",1000,844,10,0,100,102.288704286131,-14.0273036474658,116.316007933597,97.8302767636583,98.0466345573834,2.16357793725154,14.3143421720884,13.4154889237433,13.4164078649987,0.311465764117774,1.36181196824512,0.363375999329063
"cloglog",1000,844,10,1,100,100.544344876581,-14.211065472025,114.755410348606,97.8503396331441,98.0646268889194,2.14287255775273,14.3144025282501,13.4153983631203,13.4164078649987,0.188202423267035,1.24415116181493,0.409928171960149
"cloglog",1000,844,25,0,40,51.0174125313997,-5.78536877806722,56.802781309467,37.9221604866845,38.0047483746618,2.06469719943349,8.9831115583315,8.76055396761371,8.76356092008266,1.45776348870675,2.1457584764957,0.0770920574752007
"cloglog",1000,844,25,1,40,51.4554678616042,-5.79197701805309,57.2474448796573,37.9244215884338,38.0069108828002,2.06223235915867,8.98309480164085,8.7605094771916,8.76356092008266,1.50627891299765,2.19628025595438,0.0713078957652363
"cloglog",1000,844,50,0,20,32.3542473491978,-2.82749269045338,35.1817400396512,17.932426227855,17.9733021929599,2.04379825524908,6.32907449031633,6.25337732009642,6.26099033699941,2.27866193444376,2.75186302790153,0.0199556162036801
"cloglog",1000,844,50,1,20,31.3169629850051,-2.83104020070141,34.1480031857065,17.9370781045636,17.9778588824633,2.03903889498381,6.32905188808591,6.25334393103917,6.26099033699941,2.11404253228329,2.58583958943644,0.0264486540572282
"cloglog",1000,845,2,0,500,468.381042293693,-53.0700213971857,521.451063690879,497.489717786423,498.744161869522,2.50888816619849,32.5953027262809,22.360543677377,22.3606797749979,-0.893032831668115,1.01548970136759,0.825507410126072
"cloglog",1000,845,2,1,500,474.608419293482,-48.4459934792844,523.054412772766,496.315936546097,497.562951129966,2.49402916773736,32.4541519134111,22.3064130460059,22.3606797749979,-0.668867185638735,1.14278622879552,0.767889502271691
"cloglog",1000,845,5,0,200,180.873818858242,-21.2357868685761,202.109605726818,197.798828368214,198.238492661493,2.19832146639525,20.2470064953427,17.8882188568525,17.8885438199983,-0.835926511598863,0.216405730291185,0.803173591507336
"cloglog",1000,845,5,1,200,181.975072953936,-21.9866855705271,203.961758524463,197.042851874493,197.483070782487,2.20109453997075,20.1278903963868,17.8186242835842,17.8885438199983,-0.748601995729354,0.363590793479201,0.786505317407777
"cloglog",1000,845,10,0,100,94.2675865141037,-10.6304530688117,104.898039582915,97.8890765764126,98.0996778370197,2.10601260607139,14.2282298494493,13.4156755418862,13.4164078649987,-0.254528504292405,0.506747627033014,0.587947355213804
"cloglog",1000,845,10,1,100,106.444584506765,-10.2912449510549,116.73582945782,97.4688606374813,97.6795626397718,2.10702002290458,14.1501920635563,13.3586664594807,13.4164078649987,0.634318165362602,1.42650966515625,0.263043346930357
"cloglog",1000,845,25,0,40,38.4746172451099,-4.21077228755361,42.6853895326635,37.9323527819,38.0145846868073,2.05579762268295,8.96232103247111,8.760875452152,8.76356092008266,0.0605049139888252,0.53314361919263,0.448004393871758
"cloglog",1000,845,25,1,40,36.8193853349903,-4.30380306429136,41.1231883992817,37.7524922384374,37.8348362981032,2.0586014916436,8.91747786693043,8.72188487825887,8.76356092008266,-0.104637983673329,0.377023103042255,0.523957697083726
"cloglog",1000,845,50,0,20,27.5412280904748,-2.23138462501133,29.7726127154861,17.9496352406377,17.9901839271737,2.02743432680303,6.32316622462571,6.25369805211633,6.26099033699941,1.5168971539104,1.88407382162064,0.0693886654078368
"cloglog",1000,845,50,1,20,21.5755511013737,-2.03473325227932,23.610284353653,17.8634585174573,17.9038859419875,2.02137122650957,6.29198973894161,6.2247798875008,6.26099033699941,0.589971175722354,0.916722922705075,0.251375466774596
"cloglog",1000,846,2,0,500,411.894918813769,-80.4398582440842,492.334777057853,497.479623856756,498.738958672149,2.51866963078498,44.643460060443,22.3604825262253,22.3606797749979,-1.91707150223378,-0.286406235052599,0.998025442423276
"cloglog",1000,846,2,1,500,451.092807733866,-80.5059094820111,531.598717215877,497.396230679313,498.656451221188,2.52044108374962,44.6392276401748,22.3557748543954,22.3606797749979,-1.03728100581594,1.47354615124031,0.935040960774019
"cloglog",1000,846,5,0,200,183.90181877565,-32.3430134564181,216.244832232068,197.78576502679,198.227939252552,2.21087112880774,23.6382370727384,17.8881107017297,17.8885438199983,-0.5873511721038,1.00719932249603,0.755624763699579
"cloglog",1000,846,5,1,200,183.025626901553,-32.5301883046425,215.555815206195,197.702997151189,198.151570007968,2.2428642838949,23.6316024752544,17.8830751775912,17.8885438199983,-0.621090773044506,0.973224404941048,0.769930674765667
"cloglog",1000,846,10,0,100,98.3347086261288,-16.1947219768366,114.529430602965,97.8504864028478,98.0648312612096,2.1434485836172,15.478016256625,13.415435418038,13.4164078649987,0.0312845144527904,1.22728773451647,0.471496210180982
"cloglog",1000,846,10,1,100,112.507229368549,-16.1702416726804,128.677471041229,97.8197040605321,98.0342214277789,2.14517367246799,15.4733608725169,13.4113649235388,13.4164078649987,0.949213647185333,2.28487180746735,0.150057551301252
"cloglog",1000,846,25,0,40,47.1592927549678,-6.38315984951382,53.5424526044816,37.8994383638031,37.9828858070562,2.0861860813296,9.28382538332281,8.76021089888141,8.76356092008266,0.997417983302323,1.77616349389627,0.146501470334974
"cloglog",1000,846,25,1,40,46.4547629726481,-6.69222053500076,53.1469835076489,37.8842372489894,37.9678091785991,2.08929824024189,9.28053076218641,8.75750060077745,8.76356092008266,0.923495211995782,1.73327699545944,0.163236115827986
"cloglog",1000,846,50,0,20,24.3219182138415,-3.11273411879186,27.4346523326334,17.9222266890426,17.963200513074,2.04869120157358,6.43232577705855,6.25164972759383,6.26099033699941,0.994926523719306,1.51503238861157,0.144761560941917
"cloglog",1000,846,50,1,20,24.5221320529363,-3.33158914054618,27.8537211934824,17.9219024520496,17.9627419160407,2.04197319955465,6.42998441475152,6.24943065373688,6.26099033699941,1.02647676497389,1.58270086116203,0.138655045504919
"cloglog",1000,847,2,0,500,394.932037845996,-72.8377270544716,467.769764900468,497.483144177697,498.740977645097,2.51566693479983,35.5788748969715,22.3605653402508,22.3606797749979,-2.88235945146286,-1.38508182925403,0.99976865348835
"cloglog",1000,847,2,1,500,438.758118319336,-66.3824686677076,505.140586987044,495.655166651507,496.902140303428,2.49394730384069,35.1717051290862,22.2524359960621,22.3606797749979,-1.61769377183589,0.370226733157399,0.973558639503729
"cloglog",1000,847,5,0,200,172.289495100979,-29.2859897115956,201.575484812575,197.753395367232,198.202073792181,2.24339212474886,21.0354094474583,17.888202615896,17.8885438199983,-1.21052553456853,0.18858300595252,0.906364874223743
"cloglog",1000,847,5,1,200,175.618852857864,-27.8191087735318,203.437961631396,196.632116782637,197.073532576646,2.20707897004099,20.7804796058346,17.776438756894,17.8885438199983,-1.01120206671617,0.358026100828668,0.872078278448921
"cloglog",1000,847,10,0,100,96.130766163416,-14.5491056091446,110.679871772561,97.855309526031,98.0692197300751,2.13910204044019,14.5114613871858,13.4155997221148,13.4164078649987,-0.118840088989103,0.939999128156578,0.534527913981638
"cloglog",1000,847,10,1,100,93.6923555738891,-14.2969871501408,107.98934272403,97.2317048828637,97.4445874750412,2.12882592177423,14.3665228471478,13.327467825798,13.4164078649987,-0.24636088680827,0.791204704961074,0.604301774466933
"cloglog",1000,847,25,0,40,46.6030861035973,-5.83932501796514,52.4424111215624,37.9211981123804,38.0038478875893,2.06624438022282,9.03401582713898,8.76070888625679,8.76356092008266,0.961022003651551,1.64810444239545,0.159599592274363
"cloglog",1000,847,25,1,40,42.9071450049008,-5.8438607068274,48.7510057117282,37.6515554947967,37.7341515169962,2.06490055498738,8.95934340840764,8.70075249425755,8.76356092008266,0.586604315799759,1.26619556205087,0.268909788490092
"cloglog",1000,847,50,0,20,38.61047235437,-3.01712220344456,41.6275945578145,17.9467353617744,17.9873328913195,2.02987647725388,6.34847353719569,6.25356536616388,6.26099033699941,3.25491425167433,3.78028537039131,0.0032132650087218
"cloglog",1000,847,50,1,20,27.2052269432057,-2.90372248449832,30.108949427704,17.8119746960767,17.8525184267036,2.02718653134414,6.29898093801923,6.21028772149326,6.26099033699941,1.4912336359733,1.97356894731011,0.0752258556642761
"cloglog",1000,848,2,0,500,403.483195159413,-76.4139577600029,479.897152919415,497.485214894607,498.741859465412,2.51328914161004,40.9736045438225,22.3605569385169,22.3606797749979,-2.29420918129516,-0.842765526717985,0.999281420835875
"cloglog",1000,848,2,1,500,442.228640923814,-75.9793191834592,518.207960107273,497.414355773976,498.683239450827,2.53776735370229,40.9659205996083,22.3576957155161,22.3606797749979,-1.34711277184601,0.873288593998365,0.965353037401543
"cloglog",1000,848,5,0,200,169.631967013851,-30.521466065862,200.153433079713,197.743573245169,198.194148042144,2.25287398487565,22.5499123090005,17.8881292124191,17.8885438199983,-1.24663927052601,0.109529901886488,0.92867947140387
"cloglog",1000,848,5,1,200,178.23562669908,-30.0093452624067,208.244971961486,197.736498000946,198.182268678448,2.22885338751065,22.5437856933283,17.8850369518003,17.8885438199983,-0.865022031665138,0.562632512874146,0.840014184954992
"cloglog",1000,848,10,0,100,81.1604486860554,-15.4271021330491,96.5875508191045,97.871894869792,98.0840639457586,2.12169075966585,15.0679943273694,13.4154377219861,13.4164078649987,-1.10906905196944,-0.111551568995881,0.890878504298446
"cloglog",1000,848,10,1,100,88.2773242744589,-14.8310713533752,103.108395627834,97.8487159406304,98.0614006392122,2.12684698581823,15.0641125023114,13.4129074276478,13.4164078649987,-0.635377070152848,0.376278969779409,0.748833696965287
"cloglog",1000,848,25,0,40,41.3986600458864,-5.88144586110994,47.2801059069964,37.9180122904634,38.0007378622196,2.06813929390448,9.17705359899913,8.76038062936991,8.76356092008266,0.379277261255465,1.0592425646058,0.324620697734277
"cloglog",1000,848,25,1,40,38.4847380784213,-6.16280650837061,44.6475445867919,37.8961963124129,37.9795159332213,2.08299052020812,9.1752651342574,8.7588277579625,8.76356092008266,0.0641443879164739,0.761292359871878,0.447549704154029
"cloglog",1000,848,50,0,20,16.085492336246,-3.06697330026163,19.1524656365077,17.9329516581299,17.9737485265811,2.03984342255678,6.39604390336358,6.2522760396936,6.26099033699941,-0.288844065143508,0.188526082732645,0.586580778602608
"cloglog",1000,848,50,1,20,13.5283617152947,-3.19932987133326,16.727691586628,17.9287048420555,17.9695086664168,2.04019121806713,6.39471826140558,6.25104671565652,6.26099033699941,-0.688121500726378,-0.198657462705978,0.75927856546916
"cloglog",1000,849,2,0,500,448.586480546286,-80.8085450588722,529.395025605159,497.512715888381,498.755462691273,2.48549360578283,39.2264396992461,22.3604797985998,22.3606797749979,-1.24727698249493,1.37025516401507,0.94513721606413
"cloglog",1000,849,2,1,500,414.229178273925,-82.0443504179153,496.27352869184,497.254768743601,498.510936633106,2.51233577900951,39.2217611682374,22.3471360969847,22.3606797749979,-2.11682464011616,-0.100120567197307,0.997431708569091
"cloglog",1000,849,5,0,200,178.915634004932,-32.5445822232923,211.460216228224,197.795313323802,198.23551764417,2.20102160183658,22.0481410164628,17.8881079523597,17.8885438199983,-0.856293476387585,0.739301139017878,0.830945608588875
"cloglog",1000,849,5,1,200,143.347506730479,-32.4861413562622,175.833648086741,197.639798394634,198.080567327493,2.20384466429275,22.0355299481624,17.8735478750785,17.8885438199983,-2.46385232358266,-1.2446840099257,0.998716490956285
"cloglog",1000,849,10,0,100,85.7862749117272,-16.2429999198536,102.029274831581,97.8798544123969,98.0911966034625,2.11342191065633,14.8815113212162,13.4153801234016,13.4164078649987,-0.812658018371309,0.293549507497642,0.806036539733793
"cloglog",1000,849,10,1,100,68.8885928615622,-16.2600462434678,85.1486391050299,97.7862828885393,97.9984994591155,2.12216570576121,14.8707162245191,13.4036264759676,13.4164078649987,-1.94326148052843,-0.958685351096963,0.988742830474651
"cloglog",1000,849,25,0,40,31.586618448883,-6.36303172184185,37.9496501707249,37.9189192337256,38.0016094961161,2.06725655976359,9.12873777015145,8.76036429378511,8.76356092008266,-0.693666632154505,-0.00593118318471468,0.759277411254936
"cloglog",1000,849,25,1,40,28.7194600677086,-6.65327128492739,35.372731352636,37.8882608182274,37.9706346572079,2.0593459745121,9.12047361905803,8.75184228832886,8.76356092008266,-1.0052987523981,-0.296840735811289,0.861679719250592
"cloglog",1000,849,50,0,20,18.5656900377541,-3.10004000658012,21.6657300443342,17.9282940387148,17.9691757727095,2.04408669973603,6.37840070673316,6.25209790843475,6.26099033699941,0.0999303788434719,0.591250221247761,0.419012822180288
"cloglog",1000,849,50,1,20,18.8808799598251,-3.29632119576485,22.17720115559,17.916211069515,17.9569321800325,2.03605552587858,6.3720018413952,6.24577459374955,6.26099033699941,0.151391809720338,0.67569985311043,0.399193124525271
"cloglog",1000,850,2,0,500,460.583292824863,-58.8163889047832,519.399681729646,497.50719333387,498.752724300838,2.49106193393638,39.4017976470214,22.360485853987,22.3606797749979,-0.937112078991613,0.923368014614339,0.884034299216444
"cloglog",1000,850,2,1,500,465.955157446803,-56.6557233302045,522.610880777007,497.366987335037,498.623059807003,2.51214494393157,39.3781240739035,22.352967667125,22.3606797749979,-0.797697468505135,1.07313808739965,0.845369238848546
"cloglog",1000,850,5,0,200,212.668519833489,-23.5777295098835,236.246249343372,197.75926408567,198.206748503155,2.23742208742546,22.0969798826812,17.888116149166,17.8885438199983,0.674719161938709,2.1265235826407,0.225732860930493
"cloglog",1000,850,5,1,200,197.627198199403,-22.5604658835994,220.187664083003,197.718787492782,198.158523504025,2.19868005621221,22.0813750692037,17.8802730185022,17.8885438199983,-0.0041478075116253,1.23203602966143,0.494108293171235
"cloglog",1000,850,10,0,100,102.716509783503,-11.5801502107421,114.296659994245,97.855481395809,98.069307852178,2.13826456368983,14.8981700431586,13.4154091397711,13.4164078649987,0.326283588763706,1.20960545988564,0.352310438692853
"cloglog",1000,850,10,1,100,101.868010972969,-10.884001662675,112.752012635644,97.8333935357605,98.0450992969765,2.11705761216001,14.889253155955,13.4093434122061,13.4164078649987,0.270975138574693,1.09676610454173,0.374400470042965
"cloglog",1000,850,25,0,40,32.9705866303324,-4.58194412393196,37.5525307542643,37.9163703653251,37.9991865137648,2.07040371099288,9.13038603036145,8.76044507033079,8.76356092008266,-0.541683968076098,-0.0509855099729156,0.700934589406623
"cloglog",1000,850,25,1,40,28.3201383352651,-4.37292358645077,32.6930619217159,37.9078428167576,37.9902251592497,2.05955856230263,9.12526849941578,8.75612502864681,8.76356092008266,-1.05067642471082,-0.604966605684981,0.873565792740664
"cloglog",1000,850,50,0,20,16.5008145834391,-2.23065732414367,18.7314719075828,17.9351483690671,17.9759053146482,2.03784727905378,6.37657941569564,6.25224960603213,6.26099033699941,-0.224937806325671,0.120847157510414,0.557638763490879
"cloglog",1000,850,50,1,20,16.0045939896411,-2.25129504255086,18.255889032192,17.9268166048122,17.9675486176391,2.03660064134257,6.37336281045627,6.24922899229294,6.26099033699941,-0.301602571882062,0.0461401582352811,0.59222671193192
