"scen","n","rep","m","oracle","G","HL","C","EF","mu","muEF","d","sdHL","sdEF","sdEF_simple","zHL","zEF","pHL_chisq"
"cloglog",16000,351,2,0,8000,6892.15113551277,-1052.7827520838,7944.93388759657,7997.4730778705,7998.73649213923,2.52682853745985,146.10530993213,89.4427168391971,89.4427190999916,-7.56524141984422,-0.601531420824208,1
"cloglog",16000,351,2,1,8000,6837.22246551337,-1053.33646574554,7890.55893125891,7997.40645942795,7998.67053118496,2.52814351402805,146.095221530027,89.4417494329636,89.4427190999916,-7.94128638681121,-1.20873753712829,1
"cloglog",16000,351,5,0,3200,2930.52607286282,-421.069414482091,3351.59548734491,3197.76263590917,3198.21006668365,2.23715387240184,85.179093435239,71.5541692053106,71.5541752799933,-3.13734922818266,2.14362660296083,0.99970278889329
"cloglog",16000,351,5,1,3200,2862.89579569726,-421.160692968314,3284.05648866558,3197.72576292906,3198.17205246306,2.23144766996896,85.1740920461926,71.5531483501206,71.5541752799933,-3.93112458481171,1.20028871101899,0.999992801236497
"cloglog",16000,351,10,0,1600,1563.93200852198,-210.525298916474,1774.45730743846,1597.86056250294,1598.07446920767,2.13906704728857,58.4282942737765,53.6656174237845,53.665631459995,-0.580687052440342,3.28670099587109,0.724125730102538
"cloglog",16000,351,10,1,1600,1521.0015979898,-210.527848182937,1731.52944617274,1597.83957716476,1598.0531862169,2.1360905214186,58.4258520405794,53.6647889732781,53.665631459995,-1.31513664741411,2.48722230180199,0.915073277289373
"cloglog",16000,351,25,0,640,691.593781074356,-84.2178277097126,775.811608784069,637.913636255546,637.997057576502,2.08553302389366,36.2520675257709,35.054195841731,35.0542436803306,1.48074712650941,3.93147090949674,0.0695955889823355
"cloglog",16000,351,25,1,640,684.625983263653,-84.2717708212903,768.897754084943,637.904212122694,637.987607187859,2.08487662913051,36.2510619815812,35.0536368567932,35.0542436803306,1.28883868739342,3.73456675642242,0.0979496150558925
"cloglog",16000,351,50,0,320,430.988920372636,-42.1422793464793,473.131199719115,317.931954091068,317.973283087479,2.06644982052103,25.4665491813504,25.0438334341983,25.0439613479976,4.43943015115534,6.19545394435352,2.41264518426109e-05
"cloglog",16000,351,50,1,320,425.901792916268,-42.1593858279448,468.061178744213,317.928382922591,317.969680630185,2.06488537971288,25.4659825821301,25.043429015301,25.0439613479976,4.23990747835679,5.99324868900042,4.84564325794344e-05
"cloglog",16000,352,2,0,8000,6724.97380335907,-1171.7070820937,7896.68088545278,7997.47332342135,7998.73661292679,2.52657901087761,160.236360602367,89.4427165130107,89.4427190999916,-7.94139055129966,-1.14101775362747,1
"cloglog",16000,352,2,1,8000,6690.88829692695,-1173.28348332305,7864.17178025,7996.61752053087,7997.88276110904,2.53048115634962,160.174233882107,89.4293259862153,89.4427190999916,-8.15193050690644,-1.49515809701681,1
"cloglog",16000,352,5,0,3200,2794.11469518891,-468.70857744837,3262.82327263728,3197.76331900531,3198.21061199878,2.23646496733325,89.1521458743451,71.554168806846,71.5541752799933,-4.52763777986144,0.902989465406503,0.999999932343816
"cloglog",16000,352,5,1,3200,2691.60565333072,-467.386281522325,3158.99193485304,3197.20699091387,3197.65555280478,2.24280945453182,89.1150023797384,71.5406127154796,71.5541752799933,-5.67358271987331,-0.540442924433715,0.999999999989024
"cloglog",16000,352,10,0,1600,1484.14734063084,-234.343530107738,1718.49087073857,1597.85827342738,1598.07240804674,2.14134619362075,59.8917452793798,53.6656167914713,53.665631459995,-1.89860776749968,2.24386618269467,0.979913444608924
"cloglog",16000,352,10,1,1600,1401.26610728082,-234.165439016909,1635.43154629773,1597.54461824832,1597.75902441843,2.14406170113959,59.8710028509861,53.6547111993683,53.665631459995,-3.27835682752831,0.702128872510653,0.99985388270254
"cloglog",16000,352,25,0,640,715.853630393684,-93.7478240344499,809.601454428134,637.915575599033,637.998917813201,2.08355535418181,36.6321743333174,35.0541934912921,35.0542436803306,2.12758473153926,4.89534972920035,0.0172093149256458
"cloglog",16000,352,25,1,640,651.272647606244,-93.6098663852548,744.882513991499,637.783156463977,637.866473150841,2.08291717161774,36.6220268370421,35.0467823015822,35.0542436803306,0.368343652913915,3.05351971886521,0.349137763662976
"cloglog",16000,352,50,0,320,451.730204604523,-46.7978190098597,498.528023614383,317.933049654661,317.974355339106,2.06528422223709,25.6021462379979,25.043827468138,25.0439613479976,5.22601322975356,7.20950775215916,1.14022364287024e-06
"cloglog",16000,352,50,1,320,410.696691385341,-46.7773086216507,457.474000006992,317.865441809217,317.906737985005,2.06480878941722,25.5957650669971,25.0384547513302,25.0439613479976,3.62682066088425,5.57411643043076,0.00034314808245606
"cloglog",16000,353,2,0,8000,6892.25591756008,-1078.46827256049,7970.72419012057,7997.47886447503,7998.73938246185,2.52103597365236,151.023220024262,89.4427166883965,89.4427190999916,-7.31823190326224,-0.313219380834346,1
"cloglog",16000,353,2,1,8000,6854.85648292703,-1079.93246381347,7934.78894674051,7997.40835170637,7998.67012032683,2.52353724090939,151.011172106461,89.4416717562612,89.4427190999916,-7.56600887763362,-0.714221596398671,1
"cloglog",16000,353,5,0,3200,2828.7683114011,-431.44582633068,3260.21413773178,3197.76079012031,3198.20858949477,2.23899687233577,86.5406150118601,71.5541691227386,71.5541752799933,-4.26380698436957,0.866553954817723,0.999999203187998
"cloglog",16000,353,5,1,3200,2905.20881002667,-431.730295643031,3336.9391056697,3197.71455310474,3198.16294618164,2.24196538451375,86.5345429542463,71.5531100039291,71.5541752799933,-3.38021942558508,1.9394846636357,0.999918616588068
"cloglog",16000,353,10,0,1600,1445.73669887728,-215.742412142399,1661.47911101968,1597.86253505109,1598.07624349974,2.13708448649532,58.9263528060048,53.6656170150553,53.665631459995,-2.58162653769925,1.18144299919541,0.997215144832801
"cloglog",16000,353,10,1,1600,1395.103256238,-215.870546846274,1610.97380308427,1597.83323762998,1598.04742734957,2.14189719590777,58.9234339908035,53.6647623816165,53.665631459995,-3.44056630208664,0.240872691148387,0.999908468048969
"cloglog",16000,353,25,0,640,652.284163366177,-86.238401716389,738.522565082566,637.911273702442,637.994789123876,2.08788553584341,36.3808177572471,35.0541952526777,35.0542436803306,0.395067800829525,2.86778159458707,0.338864608043644
"cloglog",16000,353,25,1,640,620.475750833388,-86.3491718881631,706.824922721551,637.899308522058,637.98288797829,2.08948640579011,36.3796739387842,35.0536188544444,35.0542436803306,-0.478936609437131,1.96390663768895,0.683120351487827
"cloglog",16000,353,50,0,320,382.722901175334,-43.1171169241744,425.840018099508,317.928336074105,317.969736377451,2.07001516729044,25.5123953636311,25.0438290930175,25.0439613479976,2.53972879369829,4.30725993702507,0.00741576172498621
"cloglog",16000,353,50,1,320,387.129990996367,-43.1479238093685,430.277914805735,317.920842906694,317.962287895925,2.07224946155101,25.5117743795413,25.0434144117748,25.0439613479976,2.71283161492576,4.48483681430445,0.00479245475780428
"cloglog",16000,354,2,0,8000,7020.81247570623,-1110.35152243851,8131.16399814474,7997.46306007687,7998.73147935007,2.53683854641357,156.947235345953,89.4427166703111,89.4427190999916,-6.22279571996182,1.48064061250303,1
"cloglog",16000,354,2,1,8000,6952.09464359764,-1111.04736580654,8063.14200940418,7997.07155534057,7998.33401771583,2.52492475052982,156.907266401102,89.436430051056,89.4427190999916,-6.65983759523062,0.724626325663416,1
"cloglog",16000,354,5,0,3200,2957.11667319396,-444.140824004111,3401.25749719807,3197.7535964538,3198.20283279743,2.24618171814511,88.2110269167031,71.5541688189524,71.5541752799933,-2.72796873215265,2.83777546091567,0.998974425982955
"cloglog",16000,354,5,1,3200,2869.42808791753,-443.229981361034,3312.65806927856,3197.50433818736,3197.95158445374,2.2362313319048,88.1889811314512,71.5478013191817,71.5541752799933,-3.72015013736033,1.60321467200788,0.999989302586241
"cloglog",16000,354,10,0,1600,1496.1652824322,-222.079581862441,1718.24486429464,1597.85109765214,1598.06594863811,2.14850985966557,59.542350317607,53.6656164763243,53.665631459995,-1.70778974423304,2.23940249916915,0.966316864109597
"cloglog",16000,354,10,1,1600,1580.04004593872,-221.97230578279,1802.01235172151,1597.70943302624,1597.92395345136,2.14520425125026,59.5307340500143,53.6605406680672,53.665631459995,-0.296811174420825,3.80332355450153,0.620609848973824
"cloglog",16000,354,25,0,640,645.512966483577,-88.8516468583341,734.364613341911,637.916654593286,637.999953106654,2.08246283419913,36.5409382423429,35.0541928478714,35.0542436803306,0.207884971094924,2.7490195153961,0.409765210234002
"cloglog",16000,354,25,1,640,714.733489242414,-88.7847369815976,803.518226224012,637.852496239326,637.9358723749,2.08440338935495,36.535647767687,35.0507294562947,35.0542436803306,2.1042734343165,4.72407725652555,0.0184862026278404
"cloglog",16000,354,50,0,320,390.828333719765,-44.4461082233287,435.274441943094,317.933509995416,317.974805615397,2.06478099904128,25.5695330311916,25.0438241622053,25.0439613479976,2.85084689014174,4.68377495257769,0.00327601766379042
"cloglog",16000,354,50,1,320,439.792646172802,-44.4126642842566,484.205310457059,317.900461247977,317.941785024827,2.06618884246141,25.5663700029379,25.0413279086456,25.0439613479976,4.76767663578435,6.63956504378624,6.87617456445381e-06
"cloglog",16000,355,2,0,8000,6875.90516720384,-1201.47584511937,8077.38101232321,7997.47598136414,7998.73794161652,2.52392050474964,153.192732194568,89.442716736333,89.4427190999916,-7.32130563959007,0.879256283533131,1
"cloglog",16000,355,2,1,8000,6848.56638641244,-1204.45208286867,8053.01846928111,7995.66968306111,7996.92859720575,2.51782828927939,153.079889588887,89.4158253728096,89.4427190999916,-7.49349440824227,0.627292448976419,1
"cloglog",16000,355,5,0,3200,2715.70578030261,-480.565370748639,3196.27115105125,3197.76919678429,3198.2153144431,2.23058829407568,87.1485938987143,71.5541690493453,71.5541752799933,-5.53151112273753,-0.0271705117630302,0.999999999895859
"cloglog",16000,355,5,1,3200,2867.34709520158,-483.100237211546,3350.44733241312,3196.61409699792,3197.060936117,2.23419559542217,87.0788545935868,71.5262383871382,71.5541752799933,-3.78125095160116,2.14447732405432,0.999990562531019
"cloglog",16000,355,10,0,1600,1474.23211742727,-240.30160250381,1714.53371993108,1597.86405201924,1598.0776091202,2.13557100960653,59.1499350645758,53.6656170539572,53.665631459995,-2.09014489123274,2.17003208392795,0.987345290457775
"cloglog",16000,355,10,1,1600,1530.01129356128,-241.549715698939,1771.56100926022,1597.21414520905,1597.42778882305,2.13643614000696,59.1096211367528,53.6430143320668,53.665631459995,-1.13691900498377,3.24614905790408,0.886532248261949
"cloglog",16000,355,25,0,640,702.349946306714,-96.1340305557477,798.483976862461,637.921195921316,638.004313530535,2.07794023045409,36.438827961655,35.0541939453622,35.0542436803306,1.7681345419012,4.57804460094164,0.0389729928021877
"cloglog",16000,355,25,1,640,683.82452844021,-96.7534911868214,780.578019627031,637.641447085042,637.724672710216,2.08064062933952,36.4184503473047,35.0387957434709,35.0542436803306,1.26812318796495,4.07700504214487,0.101702871738323
"cloglog",16000,355,50,0,320,449.605583163711,-48.0930968545127,497.698680018223,317.938643088156,317.979837217514,2.05970646791204,25.5330840875597,25.0438288280327,25.0439613479976,5.15671900911124,7.17617278231602,1.58218815947875e-06
"cloglog",16000,355,50,1,320,457.567820742354,-48.399856733934,505.967677476288,317.795576440873,317.836797757713,2.0610658419911,25.5201087299077,25.0326603896269,25.0439613479976,5.4769454856467,7.51541693093609,4.55751016901341e-07
"cloglog",16000,356,2,0,8000,7014.8667734002,-1119.66815005336,8134.53492345356,7997.46794598604,7998.7339245119,2.53195705171967,151.789336551666,89.4427167604286,89.4427190999916,-6.47345324057981,1.51830136494402,1
"cloglog",16000,356,2,1,8000,6933.15107983549,-1118.64502775898,8051.79610759447,7997.26643293786,7998.52663388312,2.52040189051584,151.796659141525,89.4396297142683,89.4427190999916,-7.01013684438376,0.595591393675671,1
"cloglog",16000,356,5,0,3200,2810.13806694829,-447.836139428465,3257.97420637676,3197.75501731764,3198.20397082401,2.24476753181893,86.7548061171708,71.5541690527023,71.5541752799933,-4.46795938712417,0.835314508491145,0.999999782072549
"cloglog",16000,356,5,1,3200,2848.46473881676,-447.18761957928,3295.65235839604,3197.62804520843,3198.07523330814,2.23594049850915,86.756072616849,71.5508829547618,71.5541752799933,-4.02465551816437,1.36374452778733,0.999997083680568
"cloglog",16000,356,10,0,1600,1474.94076804155,-223.935131485878,1698.87589952743,1597.84916049041,1598.06420646404,2.15045973632051,59.0050394848748,53.6656169963182,53.665631459995,-2.08301517161701,1.87851549475911,0.986906253040659
"cloglog",16000,356,10,1,1600,1553.14382260226,-223.492987972968,1776.63681057523,1597.77858222242,1597.99307438585,2.14492163421949,59.0042620253241,53.6629728342416,53.665631459995,-0.756466704066311,3.32899440255002,0.784995470679935
"cloglog",16000,356,25,0,640,692.34268144776,-89.5621647546102,781.90484620237,637.908257963516,637.991893326903,2.09088408467504,36.4012226821923,35.0541943632326,35.0542436803306,1.4954009638493,4.10544174498025,0.0669793676145015
"cloglog",16000,356,25,1,640,698.293286799527,-89.4162687954501,787.709555594977,637.876487038464,637.960095437125,2.09020996651098,36.3999346653301,35.0523936528152,35.0542436803306,1.65980517043641,4.27216074431553,0.0488618601507429
"cloglog",16000,356,50,0,320,400.040317133333,-44.8159953512217,444.856312484554,317.927024646949,317.968451307396,2.07133302234941,25.5196793037722,25.0438297501748,25.0439613479976,3.2176459393926,5.06663167905751,0.00120249980525658
"cloglog",16000,356,50,1,320,419.017005490136,-44.671485279873,463.688490770009,317.911541203734,317.952947509623,2.07031529443247,25.5185648855471,25.042529968029,25.0439613479976,3.96203566853652,5.81952156776658,0.000120412905637888
"cloglog",16000,357,2,0,8000,7049.72954692835,-1002.68723540437,8052.41678233272,7997.46993945648,7998.73492115675,2.529963400538,148.132796880498,89.4427167845778,89.4427190999916,-6.39791060782232,0.600181469277864,0.999999999999997
"cloglog",16000,357,2,1,8000,7064.78819973006,-1003.35555330687,8068.14375303693,7997.42850681446,7998.69360955773,2.53020548652773,148.126396680235,89.4421198088005,89.4427190999916,-6.29624650289522,0.776481411975326,0.999999999999992
"cloglog",16000,357,5,0,3200,2911.88493373572,-401.032909683831,3312.91784341955,3197.75148863062,3198.20114852777,2.24829948576414,85.7375508617001,71.5541690753179,71.5541752799933,-3.33420481483101,1.60321468859526,0.999884197658041
"cloglog",16000,357,5,1,3200,2951.2402204508,-401.467622311347,3352.70784276215,3197.73213773869,3198.18032702085,2.24094641080146,85.7342391916402,71.5535255047623,71.5541752799933,-2.87506974590295,2.15960729609348,0.999211708931409
"cloglog",16000,357,10,0,1600,1538.66125278892,-200.522945487315,1739.18419827624,1597.85371120735,1598.06830235147,2.14591144129109,58.6321385308916,53.6656170883709,53.665631459995,-1.00955653164918,2.62954017080228,0.853388640548413
"cloglog",16000,357,10,1,1600,1574.53719475607,-200.619795110977,1775.15698986705,1597.83709544272,1598.05184970929,2.14754266566377,58.6305173405875,53.6650968959864,53.665631459995,-0.397402270072078,3.30019231123397,0.657359979847331
"cloglog",16000,357,25,0,640,602.797354469109,-80.237702408229,683.035056877338,637.907745704136,637.991402726136,2.09142555000045,36.3046845800204,35.0541959324001,35.0542436803306,-0.967103602226295,1.28497182585691,0.837802157897562
"cloglog",16000,357,25,1,640,724.365570893777,-80.3011459783086,804.666716872085,637.904030206128,637.987578314071,2.08870269857526,36.3040235104017,35.0538387430381,35.0542436803306,2.38159664762436,4.75494680567953,0.00977128548639569
"cloglog",16000,357,50,0,320,375.739596311823,-40.1172323974588,415.856828709282,317.928666650401,317.970060829622,2.06970896101004,25.4852686512272,25.0438309029369,25.0439613479976,2.26840573872616,3.90861798496576,0.0142599039904103
"cloglog",16000,357,50,1,320,404.543552644607,-40.1435402161401,444.687092860747,317.923297599551,317.964732628288,2.0717514368539,25.4848959971289,25.0435689116439,25.0439613479976,3.39888595404961,5.06007592925544,0.000716524987679408
"cloglog",16000,358,2,0,8000,7049.88990711225,-1095.7174936621,8145.60740077434,7997.47784423434,7998.73887464974,2.52206083078277,147.198723378532,89.4427168266616,89.4427190999916,-6.43747388138214,1.64204008258423,0.999999999999997
"cloglog",16000,358,2,1,8000,6992.0652199892,-1095.4180192397,8087.4832392289,7997.46546141119,7998.73006602645,2.52920923050581,147.20115762227,89.4426379353689,89.4427190999916,-6.83011096965645,0.99229154295059,1
"cloglog",16000,358,5,0,3200,2842.17647845844,-438.275201145116,3280.45167960355,3197.76368980802,3198.21090993677,2.23610064377502,85.4797613876031,71.5541691123139,71.5541752799933,-4.1598994379171,1.14934979592446,0.999998057070961
"cloglog",16000,358,5,1,3200,2983.01201424644,-438.132417865251,3421.14443211169,3197.75816984308,3198.20581310495,2.23821630932278,85.4807691124574,71.5540870583437,71.5541752799933,-2.51221599695867,3.11566575959471,0.996951544799251
"cloglog",16000,358,10,0,1600,1495.70976929238,-219.127191760029,1714.83696105241,1597.86028431837,1598.07421862,2.1393430162475,58.5379614950812,53.6656172775237,53.665631459995,-1.74503027466333,2.17574581931276,0.966942500222623
"cloglog",16000,358,10,1,1600,1575.90824722568,-219.063886316253,1794.97213354193,1597.85668754167,1598.07079110093,2.14103559263439,58.5383448784816,53.6655512758959,53.665631459995,-0.374941251952878,3.66904537006855,0.648318221984527
"cloglog",16000,358,25,0,640,693.729330494065,-87.6729809745146,781.402311468579,637.911451257663,637.994959692862,2.08771087998448,36.2803648541393,35.0541954402884,35.0542436803306,1.53851482643051,4.09101820693612,0.0623414294340515
"cloglog",16000,358,25,1,640,701.962944616464,-87.6239377031523,789.586882319617,637.912171061646,637.995617212922,2.08615378190319,36.280440369873,35.0541490128852,35.0542436803306,1.76543539443932,4.32448852348329,0.0398383461108609
"cloglog",16000,358,50,0,320,411.969310317295,-43.8983732211338,455.867683538429,317.926702004541,317.968134858779,2.07164271194228,25.4766107473151,25.0438286541324,25.0439613479976,3.69133120749453,5.50632854840649,0.000293476121096136
"cloglog",16000,358,50,1,320,434.795509917256,-43.8456789060948,478.641188823351,317.928953829742,317.970332853285,2.06895117712231,25.4766213150796,25.0437940398296,25.0439613479976,4.58720780287851,6.41559564475476,1.41258036254511e-05
"cloglog",16000,359,2,0,8000,7130.36273563971,-1113.35151344844,8243.71424908815,7997.47875912446,7998.73933161596,2.52114498298042,150.353165882739,89.4427167734483,89.4427190999916,-5.76719497985843,2.73890291249425,0.99999999999946
"cloglog",16000,359,2,1,8000,6910.73899932451,-1113.15586986202,8023.89486918653,7997.42795472417,7998.69451913624,2.53312882413434,150.345288807217,89.4421381154129,89.4427190999916,-7.22795482333395,0.281750308984922,1
"cloglog",16000,359,5,0,3200,2946.15737250233,-445.38177380624,3391.53914630857,3197.75378091113,3198.20298137216,2.24600230516663,86.3537333426769,71.5541688718163,71.5541752799933,-2.91355565844957,2.70195528764721,0.999375189316883
"cloglog",16000,359,5,1,3200,2864.53357841642,-445.397801335745,3309.93137975216,3197.73214773807,3198.18064874073,2.24250501332531,86.3498259858809,71.5535613671617,71.5541752799933,-3.85870574164371,1.56177734379985,0.999992043646636
"cloglog",16000,359,10,0,1600,1513.28524972804,-222.659107074971,1735.94435680301,1597.84815635653,1598.06330304865,2.15146692122204,58.8577720108837,53.6656170085138,53.665631459995,-1.43673305562519,2.56926243357058,0.934984625572917
"cloglog",16000,359,10,1,1600,1535.52923040694,-222.762977642373,1758.29220804931,1597.83599039076,1598.05094234495,2.14951954186585,58.855936465335,53.6651274060664,53.665631459995,-1.05863169844424,2.98594773644847,0.866054836629215
"cloglog",16000,359,25,0,640,727.044152677719,-89.0664906641595,816.110643341878,637.904192420517,637.987990200566,2.09494450121142,36.3630509003492,35.0541939144293,35.0542436803306,2.45138837501519,5.08135071016402,0.00811154826206252
"cloglog",16000,359,25,1,640,704.838609026442,-89.129638060827,793.968247087269,637.901000568594,637.984685868465,2.09213249678789,36.3623510188817,35.0538610512727,35.0542436803306,1.84084930105564,4.4498253984247,0.0337739596357736
"cloglog",16000,359,50,0,320,440.055749927926,-44.5113520734246,484.567102001351,317.924503666383,317.965980043356,2.07381884865337,25.5060614018158,25.0438266269345,25.0439613479976,4.78832244373288,6.65238281831962,6.61686588349039e-06
"cloglog",16000,359,50,1,320,424.44878927385,-44.5346572628018,468.983446536652,317.923051234179,317.964495318262,2.07220420417992,25.5056868199785,25.0435852017951,25.0439613479976,4.17654850040068,6.03024487115224,5.89098862862576e-05
"cloglog",16000,360,2,0,8000,7025.54518739915,-961.115757362225,7986.66094476137,7997.4669890694,7998.73344884897,2.53291955914263,144.563436343862,89.4427168431469,89.4427190999916,-6.72315093118301,-0.134974702398325,0.999999999999999
"cloglog",16000,360,2,1,8000,7186.07574438634,-961.502968218285,8147.57871260463,7995.21587266392,7996.47009767022,2.50845001260204,144.422316861156,89.4102963582423,89.4427190999916,-5.60259761692828,1.69005831642654,0.999999999984879
"cloglog",16000,360,5,0,3200,2945.12966115669,-384.471762554773,3329.60142371146,3197.75916740791,3198.20729380015,2.24063196117011,84.7571248152298,71.5541694691911,71.5541752799933,-2.98062855248991,1.8362889386605,0.999404196820592
"cloglog",16000,360,5,1,3200,3013.3251864534,-385.375078314172,3398.70026476757,3196.34931865858,3196.79658836966,2.23634855539267,84.6763856690575,71.5203667999285,71.5541752799933,-2.16145423259441,2.82302350269985,0.990532014908583
"cloglog",16000,360,10,0,1600,1470.66421761525,-192.273178107254,1662.93739572251,1597.8572942741,1598.07152894479,2.14234670693689,58.2746852981089,53.6656178898273,53.665631459995,-2.18264716502845,1.20870436842606,0.989369217487429
"cloglog",16000,360,10,1,1600,1564.03540677909,-192.329415517508,1756.3648222966,1597.06299620793,1597.27719376661,2.14197558685131,58.2278046074252,53.638154630861,53.665631459995,-0.567213372571918,2.96594149490845,0.723505336375899
"cloglog",16000,360,25,0,640,651.299364219563,-76.885124327407,728.18448854697,637.91585709571,637.999189910682,2.08332037429128,36.2124880460915,35.0541964023921,35.0542436803306,0.369582645269171,2.57273901250048,0.34886482016797
"cloglog",16000,360,25,1,640,725.047247079422,-76.9093292941509,801.956576373573,637.575874997928,637.659283006902,2.08520022434524,36.1883469793919,35.0354651532691,35.0542436803306,2.4171143305138,4.68945660198664,0.00932254946233375
"cloglog",16000,360,50,0,320,373.168078267612,-38.3939739992149,411.562052266826,317.934421359021,317.975700986566,2.06398137728479,25.4524669729427,25.0438333716231,25.0439613479976,2.1700708606088,3.73690201062836,0.0179275408459321
"cloglog",16000,360,50,1,320,446.087446464581,-38.5057253497676,484.593171814349,317.76201104295,317.803273366588,2.0631161818936,25.436863662763,25.0301981298514,25.0439613479976,5.04486076282614,6.66354687176226,2.7017468086677e-06
"cloglog",16000,361,2,0,8000,7216.08193548985,-1067.7770321245,8283.85896761435,7997.47214896699,7998.73603000654,2.52776207910047,148.413262443484,89.4427168649675,89.4427190999916,-5.26496217799067,3.18777143183451,0.999999999917527
"cloglog",16000,361,2,1,8000,7221.93910171773,-1069.80547122432,8291.74457294205,7996.36650687108,7997.62859390502,2.52417406788529,148.332865906844,89.4256932752773,89.4427190999916,-5.22087536311543,3.28894267704085,0.99999999988606
"cloglog",16000,361,5,0,3200,2980.98335645621,-427.110605289622,3408.09396174583,3197.75689793895,3198.20547631008,2.2428918556824,85.8151157263931,71.5541691304467,71.5541752799933,-2.52605312767834,2.93328100914867,0.997189459698703
"cloglog",16000,361,5,1,3200,3017.3134694323,-429.439828488415,3446.75329792071,3197.05125794736,3197.49942923099,2.24085641816095,85.7694926174216,71.536944767243,71.5541752799933,-2.0955911365454,3.48426773747055,0.989131188040386
"cloglog",16000,361,10,0,1600,1516.37053424787,-213.555595518163,1729.92612976604,1597.85591312867,1598.07028471426,2.14371585583397,58.66049928268,53.6656173534618,53.665631459995,-1.38910135231083,2.45698925223068,0.927500250869075
"cloglog",16000,361,10,1,1600,1547.49051758362,-215.465508057981,1762.9560256416,1597.45402562529,1597.66891735091,2.14891725617281,58.6347892650589,53.6517717684708,53.665631459995,-0.852113713853691,3.08073904817098,0.813593117204608
"cloglog",16000,361,25,0,640,661.708602589969,-85.4436142407319,747.152216830701,637.910240318794,637.993796946904,2.08891570274026,36.3120109899473,35.0541950728864,35.0542436803306,0.655385411668968,3.11399019880016,0.250068824949978
"cloglog",16000,361,25,1,640,711.196560934963,-86.0668855065399,797.263446441503,637.744946144544,637.828296150511,2.08375014916216,36.2992487280611,35.0447200605309,35.0542436803306,2.02350234134838,4.54947706860287,0.0230706464826818
"cloglog",16000,361,50,0,320,392.169021054447,-42.7178208533718,434.886841907818,317.931003702051,317.972351429146,2.06738635477013,25.4878829230186,25.043832218218,25.0439613479976,2.91267884337894,4.66839457555635,0.00284507695813314
"cloglog",16000,361,50,1,320,435.557238625824,-43.0386843697553,478.59592299558,317.845004243479,317.886339424166,2.06675903432653,25.4798626360332,25.0370032361976,25.0439613479976,4.61981432411172,6.41888256574834,1.26735252903164e-05
"cloglog",16000,362,2,0,8000,7026.71358246078,-1069.54416799599,8096.25775045677,7997.47465326865,7998.73727838979,2.52525024227942,151.256903141317,89.4427167859024,89.4427190999916,-6.41796209394095,1.09031205190703,0.999999999999999
"cloglog",16000,362,2,1,8000,7049.61101041337,-1070.6324275368,8120.24343795017,7997.17332203783,7998.43543449114,2.52422490661129,151.227380573968,89.4381177784046,89.4427190999916,-6.26581183928522,1.36192494301844,0.999999999999997
"cloglog",16000,362,5,0,3200,2849.6609223039,-427.862814791125,3277.52373709503,3197.76640858339,3198.21308419071,2.2333780366107,86.6058859925698,71.5541690833612,71.5541752799933,-4.01942064664461,1.10840016620025,0.999996852140424
"cloglog",16000,362,5,1,3200,2931.91336298898,-427.741276296663,3359.65463928565,3197.55959185582,3198.00950740598,2.24957775079694,86.5901431313754,71.5495132635533,71.5541752799933,-3.06785760203443,2.25920659004685,0.999681978040687
"cloglog",16000,362,10,0,1600,1463.00907867349,-213.972352644626,1676.98143131811,1597.85953103324,1598.07354035324,2.14009320000233,58.9503213940991,53.6656171480361,53.665631459995,-2.28752700868647,1.47036212678239,0.992791416003724
"cloglog",16000,362,10,1,1600,1608.93162045458,-214.160185052857,1823.09180550744,1597.7453294329,1597.95991147258,2.14582039679269,58.9419597683033,53.661839089564,53.665631459995,0.189784850480823,4.19538163161156,0.418898016531279
"cloglog",16000,362,25,0,640,730.717458239254,-85.5550134966437,816.272471735898,637.917479346373,638.000746134164,2.081669694756,36.3870319948475,35.0541946818911,35.0542436803306,2.5503585702187,5.08560322721747,0.00624494512089036
"cloglog",16000,362,25,1,640,742.098333030219,-85.674807509942,827.773140540161,637.863492742882,637.947065553305,2.0893202605604,36.3831892299253,35.0516206624303,35.0542436803306,2.86491763073927,5.41561478183857,0.00265433229532448
"cloglog",16000,362,50,0,320,442.045742948686,-42.7861875818181,484.831930530505,317.934582497372,317.975857920207,2.06377114173663,25.5146128580012,25.0438292888937,25.0439613479976,4.86431681883796,6.66256228971718,4.93897408793353e-06
"cloglog",16000,362,50,1,320,470.640658361841,-42.8447037714337,513.485362133275,317.905346696083,317.946735962342,2.06946331293572,25.5122926863698,25.041973567459,25.0439613479976,5.98673406358961,7.80843513168736,5.35463308846482e-08
"cloglog",16000,363,2,0,8000,6927.56445625854,-1037.6636370113,7965.22809326983,7997.4758664166,7998.73788380967,2.5240347861509,153.831600676637,89.4427166109126,89.4427190999916,-6.95508208620332,-0.374650858220401,1
"cloglog",16000,363,2,1,8000,6976.25796602401,-1037.69759015694,8013.95555618095,7997.47611073073,7998.73794754104,2.52367362061896,153.831874364163,89.4427149310092,89.4427190999916,-6.63853410697713,0.170138044799453,1
"cloglog",16000,363,5,0,3200,2764.191015247,-415.053203635286,3179.24421888229,3197.7607775318,3198.2085794426,2.23900955403076,87.3284629595511,71.5541689039604,71.5541752799933,-4.96481613887575,-0.265035019633401,0.999999993366594
"cloglog",16000,363,5,1,3200,2737.86941649543,-415.015444700607,3152.88486119604,3197.76586487846,3198.21263474,2.23384930771038,87.3285845805591,71.5541671470782,71.5541752799933,-5.26627622091805,-0.633474965207747,0.999999999260732
"cloglog",16000,363,10,0,1600,1498.44336231146,-207.523401928874,1705.96676424033,1597.85714005751,1598.07138852657,2.14248469059022,59.2162168077176,53.6656169830039,53.665631459995,-1.6788269008955,2.01051216364342,0.963042224406147
"cloglog",16000,363,10,1,1600,1478.02306057894,-207.513750872914,1685.53681145186,1597.85506272976,1598.06951505101,2.14452321246662,59.2162667595127,53.6656156301169,53.665631459995,-2.02363317899584,1.62985731876638,0.984842044958951
"cloglog",16000,363,25,0,640,674.4200478921,-82.9321166127413,757.352164504842,637.911522142576,637.995027196242,2.08762634163992,36.4560417846403,35.0541944644805,35.0542436803306,1.00143965066734,3.4049316817005,0.154015144573812
"cloglog",16000,363,25,1,640,667.051402195213,-82.9707156759432,750.022117871156,637.912197941458,637.99567522549,2.08693210079929,36.4560546408403,35.0541934450067,35.0542436803306,0.799296702312703,3.19580716702025,0.206150427213644
"cloglog",16000,363,50,0,320,385.703300699635,-41.3933983195982,427.096699019233,317.932713829551,317.97402627372,2.06562220843146,25.5392238762178,25.0438276677579,25.0439613479976,2.6535883470285,4.35726815378148,0.00553103907301211
"cloglog",16000,363,50,1,320,384.193865664717,-41.4071593753925,425.60102504011,317.932419614766,317.973737748722,2.0659066978307,25.5392283865355,25.0438269016413,25.0439613479976,2.59449678929553,4.29755754638018,0.00642331771214632
"cloglog",16000,364,2,0,8000,7028.96650392667,-1040.29607345176,8069.26257737844,7997.46458195607,7998.73224119344,2.53531847474203,156.950562186528,89.4427166027707,89.4427190999916,-6.17072066857835,0.788553152944015,0.999999999999999
"cloglog",16000,364,2,1,8000,7008.34965889651,-1040.44405189808,8048.79371079459,7997.2541903382,7998.51460672694,2.52083277748552,156.929568435455,89.4391744385133,89.4427190999916,-6.30158192175511,0.562159751398575,1
"cloglog",16000,364,5,0,3200,2889.98141264572,-416.060262947058,3306.04167559278,3197.76311632078,3198.21044924457,2.23666461893788,88.2119698607224,71.5541688742924,71.5541752799933,-3.48911495980666,1.50698733623264,0.999964681820499
"cloglog",16000,364,5,1,3200,2879.38596834378,-415.503167998036,3294.88913634181,3197.61884568791,3198.06644012766,2.23797219878245,88.2002436615511,71.5506538401298,71.5541752799933,-3.60807254189998,1.35320491173271,0.999980731763808
"cloglog",16000,364,10,0,1600,1531.50903319512,-208.02008837554,1739.52912157066,1597.85638817365,1598.07071078089,2.14322607235057,59.5427023188821,53.6656167516876,53.665631459995,-1.11428189172882,2.63592257672744,0.881203958265181
"cloglog",16000,364,10,1,1600,1532.58822617135,-207.867224994466,1740.45545116582,1597.7734701258,1597.98807874982,2.14608624019778,59.5364722659407,53.6628127810016,53.665631459995,-1.09487918033299,2.65486218542821,0.877258934232946
"cloglog",16000,364,25,0,640,706.301421806836,-83.233974767189,789.535396574025,637.914277949047,637.997671865412,2.0848479091242,36.5410257356777,35.0541933533918,35.0542436803306,1.87151680832588,4.32295569265897,0.0309989267654144
"cloglog",16000,364,25,1,640,695.228436538782,-83.2495169179311,778.477953456713,637.876629467788,637.96016537548,2.08839769229412,36.5381591742948,35.0522941743377,35.0542436803306,1.56964139319151,4.0088043134166,0.0576195417259401
"cloglog",16000,364,50,0,320,397.502470394843,-41.6051976648882,439.107668059732,317.931410729,317.972748465254,2.06688681268624,25.5695685062357,25.0438248615359,25.0439613479976,3.11194377982711,4.83691769385137,0.0015971196773359
"cloglog",16000,364,50,1,320,402.437257354202,-41.6561811626819,444.093438516884,317.910782931359,317.952186109537,2.07015890889579,25.5678488832313,25.0424556090627,25.0439613479976,3.30596738149059,5.03709597718914,0.000914903777859705
"cloglog",16000,365,2,0,8000,6882.95936531661,-1131.06874356634,8014.02810888295,7997.47074854031,7998.73532708873,2.52915709683172,156.089314381755,89.4427167308265,89.4427190999916,-7.1402157645327,0.170978502813575,1
"cloglog",16000,365,2,1,8000,6885.48673360161,-1132.04180659394,8017.52854019555,7997.29967661137,7998.56387028169,2.52838734063901,156.070749304991,89.4400338717222,89.4427190999916,-7.12377526192995,0.212037821240684,1
"cloglog",16000,365,5,0,3200,2970.60543085763,-452.432598047855,3423.03802890548,3197.75725546235,3198.20576175519,2.24253146418318,87.967120188083,71.5541689718634,71.5541752799933,-2.58223554572498,3.1421267325276,0.998165301824975
"cloglog",16000,365,5,1,3200,2816.4049380721,-452.530776275924,3268.93571434802,3197.65119825551,3198.09868854589,2.23745145189869,87.9572019956704,71.5514567580688,71.5541752799933,-4.33445188720515,0.990015144508399,0.999999660373143
"cloglog",16000,365,10,0,1600,1515.37365606651,-226.23963077803,1741.61328684454,1597.84991707688,1598.0648876461,2.14970569217991,59.4520739474101,53.6656169925176,53.665631459995,-1.38727306777098,2.67486721001373,0.929986318059166
"cloglog",16000,365,10,1,1600,1452.55124309404,-226.229479959187,1678.78072305323,1597.78996049637,1598.00471703456,2.14756538181489,59.4468896689177,53.6634487024665,53.665631459995,-2.44316764445073,1.50523322618586,0.995896137941857
"cloglog",16000,365,25,0,640,671.934834182127,-90.4975901703617,762.432424352489,637.912173199566,637.995651857728,2.08696645404888,36.5174019628112,35.0541939303048,35.0542436803306,0.931683503038047,3.54983979212778,0.170488414619569
"cloglog",16000,365,25,1,640,665.446514508249,-90.48071221388,755.927226722129,637.88568407467,637.969155972254,2.0867974395909,36.5150749122957,35.0527115092808,35.0542436803306,0.754779512291192,3.36516251299543,0.218814343641505
"cloglog",16000,365,50,0,320,391.145828428877,-45.2144865341766,436.360314963054,317.932886140895,317.974195014414,2.06544367590825,25.5611255634326,25.0438270895662,25.0439613479976,2.86422998495494,4.72715769539723,0.0031688811628458
"cloglog",16000,365,50,1,320,379.362508270904,-45.2427824940611,424.605290764965,317.917712698708,317.959051567581,2.06694344363157,25.5597362018136,25.042749010902,25.0439613479976,2.40396829947861,4.25856758580927,0.0102173929650839
"cloglog",16000,366,2,0,8000,6891.78177305171,-1109.23301565954,8001.01478871125,7997.47320584559,7998.73655141062,2.5266911300434,152.663188780274,89.4427166350443,89.4427190999916,-7.24268529714322,0.0254714680674322,1
"cloglog",16000,366,2,1,8000,6849.13482236439,-1110.8449158497,7959.97973821409,7997.36838178176,7998.63514333366,2.53352310380478,152.650147858639,89.4412072383972,89.4427190999916,-7.52199441353106,-0.432187873052023,1
"cloglog",16000,366,5,0,3200,2777.08251554727,-443.727887503473,3220.81040305074,3197.76040120747,3198.20827762071,2.23938206622991,86.9997847222194,71.5541689822691,71.5541752799933,-4.83538996105993,0.315874333410712,0.999999981554466
"cloglog",16000,366,5,1,3200,2813.24095090344,-444.373793576408,3257.61474447985,3197.69619358534,3198.14411991938,2.23963167018436,86.9930539692429,71.552616836239,71.5541752799933,-4.41937861864038,0.831145347158713,0.999999728270598
"cloglog",16000,366,10,0,1600,1460.51693746047,-221.879494159918,1682.39643162039,1597.8580334972,1598.07219188929,2.14158392091809,59.0951457920405,53.6656169225819,53.665631459995,-2.32406730190725,1.57128986055913,0.993675247190984
"cloglog",16000,366,10,1,1600,1487.0205437268,-222.263009981044,1709.28355370785,1597.82197591619,1598.03612899476,2.1415307856755,59.0916914757406,53.664358097163,53.665631459995,-1.8750763334449,2.07302255459138,0.977174311880516
"cloglog",16000,366,25,0,640,690.89885157015,-88.7480965082182,779.646948078368,637.915663086062,637.999002761066,2.0834918750847,36.4245994663716,35.0541949891122,35.0542436803306,1.45459906931862,4.04082722085896,0.0720947461902017
"cloglog",16000,366,25,1,640,733.385884435745,-88.906405984723,822.292290420468,637.904119874514,637.987298282851,2.07946020843378,36.4231316224944,35.0533302211576,35.0542436803306,2.62145950410982,5.25784543079942,0.00514127371117849
"cloglog",16000,366,50,0,320,400.517164212468,-44.3769154654132,444.894079677881,317.933313738589,317.974613655029,2.06499582201021,25.5280061678882,25.0438258011115,25.0439613479976,3.23502939989734,5.06789445952859,0.00113932164277492
"cloglog",16000,366,50,1,320,433.035947581153,-44.4190052279267,477.454952809079,317.927931327711,317.969181586691,2.06251294902437,25.5271644202961,25.0432059146168,25.0439613479976,4.50923629268913,6.36842470433475,1.81172629563915e-05
"cloglog",16000,367,2,0,8000,6949.13401075709,-1058.59689802992,8007.73090878701,7997.4706035391,7998.7352561571,2.52930523599553,142.588616317166,89.4427169933217,89.4427190999916,-7.35217593002057,0.100574456281179,1
"cloglog",16000,367,2,1,8000,7053.36139374809,-1058.08314382997,8111.44453757807,7996.70643382065,7997.96882528453,2.52478292776655,142.538060538182,89.4316744920226,89.4427190999916,-6.61819752921262,1.26885371360966,0.999999999999996
"cloglog",16000,367,5,0,3200,2862.64283969024,-423.494293598081,3286.13713328832,3197.75940275221,3198.20748176677,2.24039507280406,84.2201758862766,71.5541695304424,71.5541752799933,-3.97905323202461,1.22885433649175,0.999992911953694
"cloglog",16000,367,5,1,3200,2861.44914662546,-422.940339078789,3284.38948570425,3197.26808706257,3197.71600427748,2.23958607451694,84.1912215425313,71.5424137627894,71.5541752799933,-3.98876431870592,1.2114978635492,0.999993412952498
"cloglog",16000,367,10,0,1600,1536.49721659635,-211.713379985227,1748.21059658158,1597.85541105952,1598.06983413297,2.14423073452983,58.07973734464,53.6656179979306,53.665631459995,-1.05644751971017,2.79770862704685,0.862221331393318
"cloglog",16000,367,10,1,1600,1475.8206766833,-211.707671442681,1687.52834812598,1597.57993761279,1597.7941862858,2.14248673009469,58.0629336095062,53.6560284475119,53.665631459995,-2.09702220263901,1.67239664277358,0.986343051171788
"cloglog",16000,367,25,0,640,682.635073733833,-84.6721355331411,767.307209266974,637.912348290577,637.995822178267,2.08684719225623,36.1623472180447,35.0541975623796,35.0542436803306,1.23672075746621,3.68889879332126,0.107470174360402
"cloglog",16000,367,25,1,640,687.390156298191,-84.6003208653539,771.990477163544,637.794344986036,637.877807298025,2.08655779973101,36.1537835591378,35.0476417283124,35.0542436803306,1.37180141135242,3.82658185407036,0.0858038638900163
"cloglog",16000,367,50,0,320,412.969218904063,-42.3556847365169,455.32490364058,317.928536369721,317.969934263588,2.06989469335999,25.4346447796926,25.0438357875886,25.0439613479976,3.73666246796669,5.48458193632874,0.000259294611368037
"cloglog",16000,367,50,1,320,423.212908720892,-42.2857975268895,465.498706247782,317.868118907533,317.909523202345,2.07021474063569,25.4291850165974,25.0391051705213,25.0439613479976,4.14267267097242,5.89434734349828,6.94638729358777e-05
"cloglog",16000,368,2,0,8000,6956.16714736429,-1057.61729665709,8013.78444402139,7997.47637484823,7998.73813999907,2.52353030168686,155.463503376135,89.4427167714512,89.4427190999916,-6.69809443933955,0.168222797399593,1
"cloglog",16000,368,2,1,8000,7082.8814711853,-1058.20266849129,8141.08413967659,7997.29049111893,7998.55499122132,2.52900020477093,155.444947000218,89.4400087321646,89.4427190999916,-5.88252649944515,1.59357261337132,0.999999999999974
"cloglog",16000,368,5,0,3200,2957.55179755542,-423.05164109794,3380.60343865336,3197.76723844181,3198.21374807381,2.23254815999326,87.7896259079075,71.5541689558508,71.5541752799933,-2.73626226791738,2.54897364110382,0.9989544946291
"cloglog",16000,368,5,1,3200,2861.48941020073,-423.218785601151,3284.70819580188,3197.64519328194,3198.09273421425,2.2377046615613,87.7791990343891,71.5513166000351,71.5541752799933,-3.82956083877579,1.21053623753435,0.999993396616446
"cloglog",16000,368,10,0,1600,1527.65254483044,-211.469002149549,1739.12154697999,1597.86119662405,1598.07503850362,2.13841879563609,59.3864503908197,53.6656168232424,53.665631459995,-1.18223351171142,2.62824722467893,0.894580886232624
"cloglog",16000,368,10,1,1600,1500.21206054515,-211.596883281435,1711.80894382658,1597.78997995381,1598.00438454426,2.1440459045261,59.3809952890091,53.6633284998219,53.665631459995,-1.64325166551599,2.12071376233584,0.960326636459327
"cloglog",16000,368,25,0,640,672.643307784265,-84.6205427142661,757.263850498531,637.911810061355,637.995302608269,2.08731367285372,36.5003188101183,35.0541931425662,35.0542436803306,0.951539571574435,3.40240459693921,0.16567706987632
"cloglog",16000,368,25,1,640,654.944177706035,-84.6956651874828,739.639842893518,637.880451694653,637.964085797894,2.09085258100828,36.4978912236331,35.0526462716767,35.0542436803306,0.467526353970085,2.90065852111658,0.312479592552329
"cloglog",16000,368,50,0,320,398.80577990452,-42.3383029020132,441.144082806533,317.929901804319,317.971270147395,2.068417153801,25.5550280565266,25.0438263977523,25.0439613479976,3.16477359842093,4.91829046819272,0.00138151482125704
"cloglog",16000,368,50,1,320,360.947938916716,-42.3432092438978,403.291148160614,317.912579059112,317.954009265263,2.07151030757999,25.5535861183675,25.0427045757869,25.0439613479976,1.68412212901386,3.40766464089747,0.0486578643450115
"cloglog",16000,369,2,0,8000,6965.90512309043,-1130.470904237,8096.37602732742,7997.46951952177,7998.73471494942,2.53039085529916,146.665351749927,89.4427169263386,89.4427190999916,-7.03345666937216,1.09166308597735,1
"cloglog",16000,369,2,1,8000,6857.02362606717,-1131.80491472765,7988.82854079482,7997.38244430949,7998.63938382205,2.51387902511291,146.649573193237,89.4412249164307,89.4427190999916,-7.77608003495305,-0.109690392057912,1
"cloglog",16000,369,5,0,3200,2923.40247560145,-452.190871201088,3375.59334680254,3197.75781074774,3198.2062061551,2.24197703676539,85.332949649874,71.5541691275922,71.5541752799933,-3.21511603984141,2.47906086829317,0.999791161997416
"cloglog",16000,369,5,1,3200,2819.88801402471,-452.79268974064,3272.68070376535,3197.69822615646,3198.14549580328,2.23634823408704,85.3251562636807,71.5526049636879,71.5541752799933,-4.4278877259153,1.04168405888075,0.999999566837499
"cloglog",16000,369,10,0,1600,1541.72892982294,-226.107709608181,1767.83663943112,1597.85173616194,1598.0665258176,2.14789655654474,58.4843924928834,53.6656174715346,53.665631459995,-0.9596202327968,3.16348011282225,0.840244987043697
"cloglog",16000,369,10,1,1600,1495.12107683853,-226.570501115061,1721.69157795359,1597.81741950059,1598.03199482531,2.14575324719265,58.480570503946,53.6643546686958,53.665631459995,-1.7560762793026,2.30431510621358,0.967737023778861
"cloglog",16000,369,25,0,640,691.615750845194,-90.3975334336897,782.013284278884,637.910899157951,637.994430025876,2.08827169813015,36.2665429912192,35.0541960749719,35.0542436803306,1.48083735745771,4.10846262013794,0.0695177081178854
"cloglog",16000,369,25,1,640,729.268526118362,-90.582508768476,819.851034886838,637.896949086185,637.980417041056,2.0866988717868,36.2649777764083,35.0533353972983,35.0542436803306,2.51955419897203,5.18839693240144,0.00692948309550783
"cloglog",16000,369,50,0,320,448.986923095554,-45.237024989765,494.223948085319,317.928427510166,317.969826937109,2.06997134711685,25.4716990237037,25.0438329660374,25.0439613479976,5.14525927239582,7.03782529564196,1.73945268642162e-06
"cloglog",16000,369,50,1,320,445.343594943361,-45.2913159229097,490.634910866271,317.920258132613,317.961661879756,2.07018735717185,25.4708166028036,25.0432067579591,25.0439613479976,5.00271894685631,6.89501351226261,3.02179245526735e-06
"cloglog",16000,370,2,0,8000,7006.77875059021,-1156.79525587741,8163.57400646762,7997.4740640656,7998.73698317274,2.5258382142854,152.852450351854,89.4427167650037,89.4427190999916,-6.48138326336866,1.84293399459188,1
"cloglog",16000,370,2,1,8000,6899.47927768737,-1158.40714711724,8057.88642480461,7997.0867592952,7998.34803651733,2.52255444425815,152.818608255899,89.4367117534853,89.4427190999916,-7.18242034876967,0.665704128874797,1
"cloglog",16000,370,5,0,3200,2861.46571526982,-462.741432840938,3324.20714811076,3197.76460579687,3198.21164291733,2.23518560227745,87.0529443037699,71.5541692090717,71.5541752799933,-3.86315354657675,1.76084086484582,0.999993406234794
"cloglog",16000,370,5,1,3200,2840.8182983941,-464.416936249388,3305.23523464349,3197.50956437729,3197.95799049297,2.24213057843525,87.0340194465545,71.5480998259708,71.5541752799933,-4.09829705960235,1.49937237203291,0.999998222007785
"cloglog",16000,370,10,0,1600,1578.82779837519,-231.356610918954,1810.18440929414,1597.85872402593,1598.07281383762,2.14089811682226,59.1147135531724,53.6656170100492,53.665631459995,-0.321932130037829,3.95246728304276,0.628806136656037
"cloglog",16000,370,10,1,1600,1528.67355455099,-232.143676429711,1760.8172309807,1597.71535539549,1597.92977598516,2.14420589670147,59.1044149115725,53.6607209495757,53.665631459995,-1.16813271813617,3.03550627187065,0.891148114671922
"cloglog",16000,370,25,0,640,707.081953378865,-92.5368627779322,799.618816156798,637.912574142447,637.996036848702,2.08656765636033,36.4296748054802,35.0541941163687,35.0542436803306,1.89870976355827,4.61065454169507,0.0295985960030835
"cloglog",16000,370,25,1,640,705.106922509151,-92.7448398688562,797.851762378007,637.851704922154,637.935206629919,2.08754269411051,36.4248538218377,35.0508627514564,35.0542436803306,1.84641008900016,4.56241425159911,0.0332498851928959
"cloglog",16000,370,50,0,320,420.507290299588,-46.2427277929232,466.750018092511,317.932788459183,317.974099744905,2.06556428606581,25.5298190076174,25.0438290235533,25.0439613479976,4.017831141294,5.94062186767386,9.92066766428271e-05
"cloglog",16000,370,50,1,320,440.402245051621,-46.3530250220635,486.755270073684,317.900012057826,317.941371978876,2.06799605249194,25.5268776153588,25.0414355529671,25.0439613479976,4.79895092692766,6.74138260714874,6.28971808812351e-06
"cloglog",16000,371,2,0,8000,6986.4237315443,-1106.14701433996,8092.57074588427,7997.47997763174,7998.73994280285,2.51993034222944,147.817464135083,89.4427168407144,89.4427190999916,-6.83989711231602,1.04906029686594,1
"cloglog",16000,371,2,1,8000,7114.17037515331,-1108.66253117094,8222.83290632425,7997.12401294944,7998.38634460668,2.5246633144721,147.783692831193,89.4378108977043,89.4427190999916,-5.97463509593507,2.50952655778085,0.999999999999804
"cloglog",16000,371,5,0,3200,2906.72941187601,-442.438122320894,3349.1675341969,3197.76261416494,3198.21004918332,2.23717509190261,85.6504289217192,71.5541692454666,71.5541752799933,-3.39791879565393,2.10969516668865,0.999911746274979
"cloglog",16000,371,5,1,3200,2881.72166572348,-443.856852917015,3325.57851864049,3197.53625256115,3197.98397517411,2.23861306479514,85.6315489284222,71.5487784190072,71.5541752799933,-3.68806346247057,1.78332245896857,0.999977938905163
"cloglog",16000,371,10,0,1600,1552.44235741907,-221.233920544575,1773.67627796365,1597.85974552162,1598.07373450346,2.1398898184195,58.6003016855546,53.6656176854429,53.665631459995,-0.775036762545288,3.27216104153436,0.788672526743169
"cloglog",16000,371,10,1,1600,1534.91681815844,-221.786242971792,1756.70306113023,1597.7310211854,1597.94522002097,2.14198835568267,58.5904164128968,53.6612373528686,53.665631459995,-1.07209005964907,2.95851994737446,0.868442776239234
"cloglog",16000,371,25,0,640,760.269173474131,-88.4772974958258,848.746470969956,637.913615328598,637.997037381775,2.08555132942499,36.2964669656196,35.0541958503198,35.0542436803306,3.37100462867169,6.01210293021908,0.000588899374788323
"cloglog",16000,371,25,1,640,719.295311499152,-88.7642577561688,808.059569255321,637.8575565672,637.941069564681,2.08782493703626,36.291955115745,35.0512148210033,35.0542436803306,2.24396163480928,4.85342663754699,0.0137535158817688
"cloglog",16000,371,50,0,320,451.205348113968,-44.2481320702907,495.453480184259,317.933882738633,317.975173177674,2.06452195205625,25.4823544510813,25.0438335911079,25.0439613479976,5.22995100908661,7.08670684785257,1.23671450566194e-06
"cloglog",16000,371,50,1,320,436.672486308458,-44.3878791728738,481.060365481332,317.905252428724,317.946569457563,2.06585144191875,25.4796525710859,25.041684554432,25.0439613479976,4.66125798020142,6.51369102862134,1.08033944536828e-05
"cloglog",16000,372,2,0,8000,7032.05184836498,-1061.77580542464,8093.82765378962,7997.47967314405,7998.73978962376,2.5202329594132,144.186006328812,89.442716839604,89.4427190999916,-6.69571097334816,1.06311466741755,0.999999999999999
"cloglog",16000,372,2,1,8000,6987.39669322832,-1062.44852284408,8049.84521607241,7997.38715137986,7998.6493590293,2.52441529888214,144.174579512372,89.4414794507644,89.4427190999916,-7.00532966052363,0.572395015796712,1
"cloglog",16000,372,5,0,3200,2950.247266523,-424.712614447537,3374.95988097053,3197.75944897214,3198.2075179538,2.24034490826936,84.6541920938043,71.5541693208191,71.5541752799933,-2.92380301940488,2.47018957377946,0.999246434914717
"cloglog",16000,372,5,1,3200,2889.29678476136,-424.441581406791,3313.73836616815,3197.70207753505,3198.15036036602,2.24141415486374,84.6481959726376,71.5528209266897,71.5541752799933,-3.64337702924444,1.61542206589669,0.999966016667601
"cloglog",16000,372,10,0,1600,1536.26100756449,-212.370238190248,1748.63124575474,1597.85319309022,1598.06783771343,2.14644623206885,58.2372666213554,53.6656177279462,53.665631459995,-1.05760776731136,2.80558417876755,0.863163472055462
"cloglog",16000,372,10,1,1600,1542.98696962857,-212.304126260827,1755.29109588939,1597.813924816,1598.02935153125,2.15426715251259,58.2343024494136,53.6645303352531,53.665631459995,-0.941489000148287,2.93045971660795,0.834643842821843
"cloglog",16000,372,25,0,640,686.582476309727,-84.9748690761783,771.557345385905,637.906870043765,637.990562317544,2.09230684446909,36.2028566362426,35.0541963913039,35.0542436803306,1.34452390746515,3.81029368288402,0.0892267401615371
"cloglog",16000,372,25,1,640,713.829950976752,-84.9775847119502,798.807535688703,637.895323604509,637.978936753618,2.09032872774105,36.2015956194717,35.0534475377525,35.0542436803306,2.09754918458348,4.58809647073578,0.0195751940860952
"cloglog",16000,372,50,0,320,443.046516325282,-42.4491688303561,485.495685155638,317.93156124857,317.972898415886,2.06685836577862,25.4490411621229,25.0438345822408,25.0439613479976,4.9162934776076,6.68918276830288,4.25857699222995e-06
"cloglog",16000,372,50,1,320,456.591411938759,-42.469519267197,499.060931205956,317.922970934299,317.964339326767,2.06841962337974,25.4483032244447,25.0432817642948,25.0439613479976,5.44902502070393,7.23134426165287,5.32214903539013e-07
"cloglog",16000,373,2,0,8000,6961.00703039681,-1052.15321297604,8013.16024337285,7997.46517102807,7998.73253882815,2.53473560017544,145.421962132805,89.4427167799113,89.4427190999916,-7.12724629368377,0.161306644790356,1
"cloglog",16000,373,2,1,8000,7026.01944361874,-1055.85154224014,8081.87098585888,7996.98601961545,7998.25000552909,2.52797182729182,145.380865777317,89.4356260935113,89.4427190999916,-6.67877833032002,0.934985128212318,0.999999999999999
"cloglog",16000,373,5,0,3200,2875.26485957276,-420.853113557493,3296.11797313025,3197.76176569226,3198.20937067324,2.23802490489766,84.9917877475833,71.5541692036955,71.5541752799933,-3.79444784803537,1.36831443292001,0.999984862676505
"cloglog",16000,373,5,1,3200,2855.65951398942,-421.575680354814,3277.23519434423,3197.4470043435,3197.89488211679,2.23938886646903,84.9688348872178,71.5466295096203,71.5541752799933,-4.0225041429337,1.10893151461131,0.999995401414584
"cloglog",16000,373,10,0,1600,1471.84270885991,-210.361073871307,1682.20378273122,1597.85832869086,1598.07245945201,2.14130761152721,58.3600618571971,53.6656176255608,53.665631459995,-2.1592783801241,1.56769505321284,0.988733972127932
"cloglog",16000,373,10,1,1600,1493.39467995114,-210.968642276116,1704.36332222726,1597.67685641175,1597.89153647895,2.14680067201413,58.3476672448446,53.6595215604775,53.665631459995,-1.78725528174081,1.98421049334759,0.969977738876691
"cloglog",16000,373,25,0,640,679.927131198696,-84.1253220352879,764.052453233983,637.914986503817,637.998353881182,2.08418443412189,36.2344798043832,35.0541960010279,35.0542436803306,1.15945212741253,3.59597747867631,0.121498163895865
"cloglog",16000,373,25,1,640,686.462629611136,-84.3258958357335,770.78852544687,637.836200329696,637.919720096646,2.08799417373375,36.2285759419281,35.0500375779588,35.0542436803306,1.3422119974957,3.79083203704691,0.08974340915635
"cloglog",16000,373,50,0,320,405.501783852624,-42.0295778210512,447.531361673675,317.930976295213,317.972324799959,2.06742523727179,25.4602906691231,25.0438332320006,25.0439613479976,3.43950541238762,5.17329099237764,0.000640295010627355
"cloglog",16000,373,50,1,320,405.1806355679,-42.19180119611,447.37243676401,317.888667919205,317.930096425594,2.07142531946588,25.4566403999075,25.0408167958013,25.0439613479976,3.42904508518777,5.16925391827155,0.00066495385205421
"cloglog",16000,374,2,0,8000,7122.99029054295,-1052.8364438598,8175.82673440276,7997.46900319844,7998.73445525059,2.53090410428962,145.33367808973,89.4427167904532,89.4427190999916,-6.01704108882167,1.9799519234983,0.999999999999659
"cloglog",16000,374,2,1,8000,7046.69214112293,-1051.61411234151,8098.30625346444,7997.26236903017,7998.53072600195,2.5367139435546,145.314513746822,89.4397613334982,89.4427190999916,-6.5414679057,1.11556119979409,0.999999999999998
"cloglog",16000,374,5,0,3200,2951.76786127298,-421.128483092286,3372.89634436526,3197.75142093103,3198.2010964353,2.24837752132971,84.9676178460172,71.5541694555044,71.5541752799933,-2.89502713967855,2.44144050946742,0.999192665584778
"cloglog",16000,374,5,1,3200,2898.14684168655,-421.171002867006,3319.31784455356,3197.62418127166,3198.07312451952,2.24471623930292,84.9574010078728,71.5510342478762,71.5541752799933,-3.5250294386637,1.6945208592514,0.999944449731148
"cloglog",16000,374,10,0,1600,1545.87049557617,-210.580884833446,1756.45138040961,1597.85412425531,1598.06867585144,2.14551596121266,58.3512669289619,53.6656178903044,53.665631459995,-0.890874036075939,2.95128819502124,0.821344636995661
"cloglog",16000,374,10,1,1600,1542.77602110766,-210.498528246434,1753.2745493541,1597.77902799593,1597.99369211098,2.14664115057809,58.3458124938785,53.6630597853814,53.665631459995,-0.94270701764643,2.89362660020021,0.835591592709304
"cloglog",16000,374,25,0,640,719.791483254743,-84.2743663729171,804.065849627661,637.908843339396,637.992457118995,2.09034448997213,36.2322188387863,35.0541970774806,35.0542436803306,2.25993997993004,4.73761792750786,0.0133091511492648
"cloglog",16000,374,25,1,640,719.986663513708,-84.2487325452753,804.235396058983,637.88294349252,637.966326608555,2.08457790087115,36.229665405308,35.0524423222428,35.0542436803306,2.26620144300751,4.74343750206876,0.0131378335751861
"cloglog",16000,374,50,0,320,444.040947164623,-42.1364493956186,486.177396560241,317.929906791374,317.971276888728,2.06850486770803,25.4594837495587,25.0438340315019,25.0439613479976,4.95340131849433,6.71646839137857,3.67259737968885e-06
"cloglog",16000,374,50,1,320,449.182279332284,-42.164449949299,491.346729281583,317.91524693723,317.956585324347,2.06691935581589,25.457910914574,25.0425550388074,25.0439613479976,5.15623740045013,6.92382002110172,1.68822541659697e-06
"cloglog",16000,375,2,0,8000,6993.36164096886,-1074.93079618577,8068.29243715463,7997.4721687768,7998.73603554686,2.52773354011871,154.962708047953,89.4427166397077,89.4427190999916,-6.4796914074141,0.777664232717336,1
"cloglog",16000,375,2,1,8000,6741.81041182058,-1078.15942351624,7819.96983533681,7997.02269917068,7998.29002063604,2.53464293073483,154.917452081603,89.4357862143432,89.4427190999916,-8.10245889332673,-1.99383482660803,1
"cloglog",16000,375,5,0,3200,2905.62142923365,-429.997561269895,3335.61899050355,3197.76582153716,3198.21261420255,2.2339633269228,87.6478512867641,71.5541689725567,71.5541752799933,-3.3331609162634,1.92031265646733,0.999916803569074
"cloglog",16000,375,5,1,3200,2822.77208761343,-431.804556288247,3254.57664390168,3197.46728373244,3197.91633413769,2.24525202624357,87.6233919587334,71.5471646074061,71.5541752799933,-4.27620054123765,0.791929492592623,0.999999471127241
"cloglog",16000,375,10,0,1600,1466.97665495501,-215.061514858088,1682.0381698131,1597.85522479257,1598.06966399828,2.14439205713927,59.3340714174187,53.6656168385232,53.665631459995,-2.20579115356543,1.56466115105821,0.991161547370357
"cloglog",16000,375,10,1,1600,1442.75801544906,-216.181502017094,1658.93951746616,1597.68976179365,1597.90453012858,2.14768334925351,59.3210477280104,53.6599567790665,53.665631459995,-2.61174999900467,1.13744011365643,0.997661463557516
"cloglog",16000,375,25,0,640,587.866601796107,-86.0433983870601,673.910000183167,637.913696037986,637.997113264807,2.08543067053465,36.4866896502423,35.0541933693598,35.0542436803306,-1.3716534638145,1.02449617196869,0.92266378963418
"cloglog",16000,375,25,1,640,634.31862738019,-86.3983849832821,720.717012363472,637.84468169485,637.92807606387,2.08485922549686,36.4807635130043,35.0503247782046,35.0542436803306,-0.0966551676859304,2.36200197354755,0.533703965180877
"cloglog",16000,375,50,0,320,377.44041766749,-43.0527179259963,420.493135593486,317.931159277797,317.972502840606,2.06717814046698,25.5501652850614,25.0438279263043,25.0439613479976,2.32911441964278,4.09364866483527,0.0122133712576935
"cloglog",16000,375,50,1,320,368.078891236674,-43.2093499425246,411.288241179199,317.893965826063,317.935345822974,2.06899984557353,25.5466238934173,25.041039190131,25.0439613479976,1.96444452386301,3.72799605668985,0.0276657043723066
"cloglog",16000,376,2,0,8000,7009.47938138293,-1008.79206528212,8018.27144666505,7997.4700901527,7998.73499704216,2.52981377891589,145.492120105397,89.4427166724024,89.4427190999916,-6.79068191496594,0.218424152907163,1
"cloglog",16000,376,2,1,8000,7081.29719010664,-1012.52376618921,8093.82095629585,7997.06174977934,7998.32209624993,2.52069294117465,145.454640365921,89.4367911289321,89.4427190999916,-6.295877239591,1.06778048318226,0.999999999999976
"cloglog",16000,376,5,0,3200,2995.27835301944,-403.45592984539,3398.73428286483,3197.76831063655,3198.21460699767,2.23148180560915,85.0109968362383,71.5541692413302,71.5541752799933,-2.3819266348233,2.80234789940558,0.995089443125689
"cloglog",16000,376,5,1,3200,3003.91943992565,-403.827860580541,3407.74730050619,3197.50145647525,3197.94748386648,2.23013695617538,84.9898476970385,71.5477377782827,71.5541752799933,-2.2777075356066,2.93230538315336,0.993230987526047
"cloglog",16000,376,10,0,1600,1495.11184447187,-201.732519474128,1696.844363946,1597.86042146642,1598.07434211981,2.13920653389017,58.3670551589382,53.6656172903896,53.665631459995,-1.76038651795532,1.8404711771363,0.967749359172192
"cloglog",16000,376,10,1,1600,1523.52557434217,-201.776098159456,1725.30167250162,1597.70816379232,1597.9223404792,2.14176686877288,58.355812562298,53.6604321471248,53.665631459995,-1.27121166157973,2.37380369343986,0.90767264569831
"cloglog",16000,376,25,0,640,675.753782683214,-80.6493021824316,756.403084865646,637.916937296011,638.000226097757,2.08222004366335,36.2362818045599,35.0541952130344,35.0542436803306,1.04417019359977,3.37770866078425,0.145639279454063
"cloglog",16000,376,25,1,640,691.241542881913,-80.6836693448913,771.925212226804,637.854986303014,637.93818973796,2.080085873646,36.2310457984343,35.0506414439356,35.0542436803306,1.47350305249001,3.82266962797698,0.0708536603982478
"cloglog",16000,376,50,0,320,399.216516875008,-40.3512384936723,439.56775536868,317.934399688614,317.975679374038,2.06398427118485,25.460927996054,25.0438317770575,25.0439613479976,3.19242555491266,4.85517060955634,0.00131937784409123
"cloglog",16000,376,50,1,320,422.274076779544,-40.3233216606163,462.59739844016,317.903399222244,317.944645017391,2.06228975736344,25.4577470901401,25.0412577960215,25.0439613479976,4.09976095637005,5.7765769835152,7.86618338372835e-05
"cloglog",16000,377,2,0,8000,7021.0700073061,-1057.95455078144,8079.02455808754,7997.48045728511,7998.74018282051,2.51945107079508,150.073535193686,89.4427168813657,89.4427190999916,-6.50621342876246,0.89760662540601,1
"cloglog",16000,377,2,1,8000,6891.17254406795,-1064.97946423791,7956.15200830585,7995.37529631408,7996.63529102699,2.51998942581833,149.935397768501,89.411120476054,89.4427190999916,-7.36452344596449,-0.45277681909803,1
"cloglog",16000,377,5,0,3200,2920.2025946726,-423.19979381372,3343.40238848632,3197.77560349793,3198.22044061677,2.2241855942034,86.2758693620447,71.5541692085453,71.5541752799933,-3.21727281194394,2.02897957554942,0.999822297528891
"cloglog",16000,377,5,1,3200,2789.9691145895,-424.864771912689,3214.83388650219,3196.4220097118,3196.86865458561,2.23322436903556,86.1939713657082,71.5215283751963,71.5541752799933,-4.71556059759425,0.251186353601631,0.999999950425159
"cloglog",16000,377,10,0,1600,1510.34384573627,-211.623679438439,1721.96752517471,1597.86411564967,1598.07766669917,2.13551049499141,58.8292205885644,53.6656172648028,53.665631459995,-1.4877006534813,2.30855182125691,0.941556186463404
"cloglog",16000,377,10,1,1600,1433.17062865601,-212.178982137653,1645.34961079366,1597.10607478261,1597.31995847186,2.13883689248108,58.7820422431951,53.6393074994111,53.665631459995,-2.78886952325263,0.89541894854508,0.998695789170886
"cloglog",16000,377,25,0,640,654.011912657585,-84.6113401947555,738.62325285234,637.919764424647,638.002939590335,2.07937914219043,36.3556629121565,35.0541945534208,35.0542436803306,0.442631132096794,2.87042148718223,0.321618630654066
"cloglog",16000,377,25,1,640,627.193216902822,-84.8690861812317,712.062303084053,637.598412448404,637.681488970626,2.07691305555498,36.3319312010111,35.0362037594161,35.0542436803306,-0.286392580895695,2.12297013181507,0.61239476810915
"cloglog",16000,377,50,0,320,415.43594747513,-42.2928374967443,457.728784971874,317.937965609218,317.979173150751,2.06037707664463,25.5034326419574,25.0438285473981,25.0439613479976,3.82293565084688,5.58020158765387,0.000190344944249781
"cloglog",16000,377,50,1,320,379.647590787613,-42.3944167502005,422.042007537813,317.773317756876,317.81453092186,2.06065824917904,25.4883920608521,25.0308749478851,25.0439613479976,2.42754713137709,4.16395658693344,0.00994751297840081
"cloglog",16000,378,2,0,8000,6941.45306775221,-1084.84787215891,8026.30093991112,7997.47218074095,7998.73604488403,2.52772828616298,147.694476591958,89.4427168912388,89.4427190999916,-7.15002441090774,0.308184902976618,1
"cloglog",16000,378,2,1,8000,6920.22369445172,-1086.81982898596,8007.04352343768,7997.01098221148,7998.27034987709,2.51873533121349,147.654953513709,89.4358400309284,89.4427190999916,-7.29259169527148,0.0980946067880111,1
"cloglog",16000,378,5,0,3200,2826.43326994646,-433.992109405817,3260.42537935228,3197.76312415215,3198.21045762779,2.23666737823666,85.6164806017548,71.554169267761,71.5541752799933,-4.33713055705857,0.869480036749139,0.999999320172897
"cloglog",16000,378,5,1,3200,2890.52937005377,-435.272465902022,3325.80183595579,3197.46574527919,3197.91278585086,2.23520285831945,85.5941274691707,71.546937624654,71.5541752799933,-3.58595132984998,1.78748461291051,0.999963578025982
"cloglog",16000,378,10,0,1600,1541.59528574979,-216.956932859003,1758.55221860879,1597.85903398464,1598.07309328607,2.14059301433802,58.5878955789693,53.6656173323783,53.665631459995,-0.960330588406495,2.99035273047902,0.840832804641715
"cloglog",16000,378,10,1,1600,1504.45690946925,-217.678127540706,1722.13503700995,1597.68681560057,1597.90143968153,2.14624080965431,58.5759365313393,53.6598259525704,53.665631459995,-1.59160760633239,2.31520686329149,0.953154689791704
"cloglog",16000,378,25,0,640,657.286727709418,-86.8075721905864,744.094299900005,637.910831445426,637.994364784725,2.08833348247936,36.293257783029,35.0541956754512,35.0542436803306,0.533870405898158,3.026739968522,0.290064610051568
"cloglog",16000,378,25,1,640,631.954416991947,-87.0543212489153,719.008738240862,637.837622330305,637.9212433628,2.09052581235523,36.2876094972358,35.0502525018635,35.0542436803306,-0.16212711225319,2.31346392936118,0.560052418601831
"cloglog",16000,378,50,0,320,397.766705767092,-43.408990410906,441.175696177998,317.929690720076,317.971064417509,2.06868487165913,25.4812095237316,25.0438312565757,25.0439613479976,3.13317211149892,4.9195600504671,0.00155103705013001
"cloglog",16000,378,50,1,320,383.516282100897,-43.4891473912335,427.00542949213,317.890821000464,317.932248423477,2.07137115064976,25.4777412204343,25.0409804516439,25.0439613479976,2.57579588915041,4.35578715774655,0.00686455409267285
"cloglog",16000,379,2,0,8000,7076.29082853016,-1166.75310072316,8243.04392925333,7997.47224322577,7998.73607428087,2.52766211018918,152.393478194366,89.4427166300155,89.4427190999916,-6.04475615105203,2.73144493120721,0.999999999999983
"cloglog",16000,379,2,1,8000,6976.5886764808,-1166.60871084537,8143.19738732616,7997.45622212417,7998.72336344996,2.53428265157766,152.396034981118,89.4425727569109,89.4427190999916,-6.69878022594135,1.6152713347016,1
"cloglog",16000,379,5,0,3200,2950.82716657225,-466.731229426638,3417.55839599889,3197.75741280577,3198.20588788505,2.24237539639425,86.9240963616367,71.5541690512808,71.5541752799933,-2.84075712684085,3.06554476171242,0.999226328656494
"cloglog",16000,379,5,1,3200,2977.26609211333,-466.496688849597,3443.76278096293,3197.75626665899,3198.2037434547,2.23738397855741,86.9251584435486,71.5540203864264,71.5541752799933,-2.53655188548032,3.43179930606399,0.997582599353433
"cloglog",16000,379,10,0,1600,1580.22662850575,-233.324308497968,1813.55093700372,1597.85254546502,1598.0672530019,2.14707536878458,59.0672913784569,53.6656169190009,53.665631459995,-0.298404015960974,4.01530246688595,0.619343762040273
"cloglog",16000,379,10,1,1600,1526.14082296458,-233.25754326158,1759.39836622616,1597.84953799671,1598.06420342177,2.14665425057786,59.0676714487281,53.6654975842601,53.665631459995,-1.21400951270567,3.00629212560793,0.899521319067164
"cloglog",16000,379,25,0,640,767.737021374242,-93.3463159287744,861.083337303016,637.909433289366,637.993021940353,2.08971627466199,36.4173669413072,35.0541945997004,35.0542436803306,3.56499107401462,6.36415464426531,0.000302075066971324
"cloglog",16000,379,25,1,640,740.098069818966,-93.2874907527459,833.385560571712,637.908060023242,637.991645660027,2.08964091963051,36.4174244569911,35.0541141599431,35.0542436803306,2.80607460081121,5.57406511601323,0.00310030272747826
"cloglog",16000,379,50,0,320,455.453120253918,-46.6612105250437,502.114330778961,317.92918277765,317.970566469646,2.06918459979849,25.5254299402712,25.0438301971407,25.0439613479976,5.38772266708416,7.35285948114833,6.37144628519043e-07
"cloglog",16000,379,50,1,320,442.036752528132,-46.6636379789875,488.700390507119,317.927366672309,317.968772442996,2.070288534338,25.5254232738146,25.0437740626558,25.0439613479976,4.86218718195129,6.81732783712942,4.94553789858739e-06
"cloglog",16000,380,2,0,8000,7004.5697989516,-1062.0280015045,8066.5978004561,7997.47322041683,7998.73656322623,2.52668561879573,146.614436668731,89.4427166796007,89.4427190999916,-6.77220773087067,0.758711717947498,1
"cloglog",16000,380,2,1,8000,6940.79041019129,-1064.31791927441,8005.1083294657,7997.29819909267,7998.56292239043,2.52944659552013,146.594521451941,89.4402690374831,89.4427190999916,-7.20700731812643,0.0731818804405444,1
"cloglog",16000,380,5,0,3200,2872.74653932231,-424.864509009953,3297.61104833226,3197.75647069236,3198.20513486387,2.24332085755675,85.3189422626757,71.5541691813756,71.5541752799933,-3.80935256287435,1.38923999266088,0.999986958222292
"cloglog",16000,380,5,1,3200,2932.6651614139,-425.601286739943,3358.26644815384,3197.64870313729,3198.09667134964,2.23984106174013,85.3082173947066,71.5515065709592,71.5541752799933,-3.1061901164499,2.238524169234,0.999670144593218
"cloglog",16000,380,10,0,1600,1503.66816766805,-212.44628249712,1716.11445016517,1597.86028951994,1598.07422396428,2.13934444342775,58.4792792254122,53.6656174038918,53.665631459995,-1.61069225030657,2.1995503249783,0.954559704054094
"cloglog",16000,380,10,1,1600,1571.45870728661,-212.776395565273,1784.23510285188,1597.79537573649,1598.0095206178,2.14144881311986,58.4737890809218,53.6634462819421,53.665631459995,-0.45040126292204,3.47025014486895,0.677348533715316
"cloglog",16000,380,25,0,640,628.024924503185,-85.0023473431794,713.027271846364,637.91637285994,637.999684516405,2.08279141162558,36.2652162038419,35.0541955621463,35.0542436803306,-0.272753050778928,2.14033116797518,0.60335020643509
"cloglog",16000,380,25,1,640,645.193305459586,-85.056981105024,730.25028656461,637.888580728425,637.971933955553,2.08383067821957,36.2628050896074,35.0527127219157,35.0542436803306,0.201438490847888,2.63255952088873,0.413220239278016
"cloglog",16000,380,50,0,320,408.959929498277,-42.5011826687384,451.461112167015,317.933707231074,317.975000340353,2.06465546393257,25.4712221929222,25.0438300458116,25.0439613479976,3.5736888311742,5.33009973244835,0.000423819102507527
"cloglog",16000,380,50,1,320,407.175036564711,-42.5306012591561,449.705637823868,317.917200255652,317.958550937842,2.06753410950183,25.4698109217174,25.0427570405221,25.0439613479976,3.50445618082508,5.26088587901256,0.000525095580625558
"cloglog",16000,381,2,0,8000,7092.52296282652,-1066.93545921634,8159.45842204286,7997.48887132853,7998.74438779086,2.51103292465941,144.499304847431,89.4427168912441,89.4427190999916,-6.26276997981078,1.79683757200054,0.999999999999951
"cloglog",16000,381,2,1,8000,7151.83308470085,-1069.40786495059,8221.24094965144,7996.95127963217,7998.20858887353,2.51461848273201,144.458718832976,89.4350559066803,89.4427190999916,-5.850240136135,2.49379126022609,0.999999999997993
"cloglog",16000,381,5,0,3200,2836.05023375203,-426.79115650748,3262.84139025951,3197.76566144284,3198.21248831178,2.23413434470076,84.7396275966263,71.5541693733299,71.5541752799933,-4.26855106577326,0.903216437473195,0.999998701455599
"cloglog",16000,381,5,1,3200,2950.50309667915,-426.459319871194,3376.96241655034,3197.42732123942,3197.87463720868,2.23657984627404,84.7168400301561,71.5461071106801,71.5541752799933,-2.9147006011128,2.50311004433297,0.999237624546593
"cloglog",16000,381,10,0,1600,1455.07320333044,-213.420248496355,1668.4934518268,1597.86542001347,1598.07884231194,2.13422298472269,58.26832038875,53.6656179175451,53.665631459995,-2.45059778161364,1.31209911014251,0.995282546988012
"cloglog",16000,381,10,1,1600,1507.44199666602,-213.78327522419,1721.22527189021,1597.67104891627,1597.88500755613,2.13958639856444,58.2557154986361,53.6590713236099,53.665631459995,-1.54884463228956,2.29859111034994,0.94752406055763
"cloglog",16000,381,25,0,640,682.637765944961,-85.35422798424,767.991993929201,637.918091973958,638.001335591853,2.08109044736466,36.2108492684416,35.0541966649307,35.0542436803306,1.2349799818138,3.70827663175047,0.107456852164652
"cloglog",16000,381,25,1,640,646.362802262702,-85.442764489012,731.805566751714,637.836089678301,637.919389624028,2.08249864316415,36.2047290355631,35.0497287883506,35.0542436803306,0.235513779871828,2.67865630843029,0.400620031030021
"cloglog",16000,381,50,0,320,425.391146917831,-42.6745527931389,468.06569971097,317.935941291568,317.977190612766,2.06246605992376,25.4518847709014,25.0438337384167,25.0439613479976,4.22189580824733,5.99303248320046,5.19100701809607e-05
"cloglog",16000,381,50,1,320,397.064678052701,-42.7011226800904,439.765800732791,317.892362957489,317.933665886459,2.06514644851069,25.4480613481814,25.0406137109101,25.0439613479976,3.11113345775039,4.8653813461948,0.00167627075102225
"cloglog",16000,382,2,0,8000,7020.34979505938,-955.256942290469,7975.60673734985,7997.47303574211,7998.73646964879,2.52686781337109,152.778687811606,89.4427165787575,89.4427190999916,-6.39567766079806,-0.25859827589851,1
"cloglog",16000,382,2,1,8000,7140.29169510575,-959.74555949546,8100.03725460121,7996.89591832237,7998.15984433533,2.52785202591757,152.727502103106,89.4340607464894,89.4427190999916,-5.608709704676,1.13913434563448,0.999999999999005
"cloglog",16000,382,5,0,3200,2888.4208703241,-382.055059507052,3270.47592983115,3197.76130337351,3198.20899962502,2.23848125753127,87.0322263060079,71.5541690004185,71.5541752799933,-3.55432057961796,1.00996114154734,0.999967655234731
"cloglog",16000,382,5,1,3200,2842.69152043155,-384.290090084987,3226.98161051654,3197.39099970029,3197.83811237498,2.23556337343159,87.0031493264691,71.5450732984444,71.5541752799933,-4.07685793002475,0.407344584301256,0.999997990783197
"cloglog",16000,382,10,0,1600,1478.17530606182,-191.007634046876,1669.1829401087,1597.85974326332,1598.07373049998,2.13987236665607,59.1070856079364,53.6656168243206,53.665631459995,-2.02487461478601,1.32504224895987,0.984733295804552
"cloglog",16000,382,10,1,1600,1468.57809657505,-191.906876163425,1660.48497273848,1597.64717994983,1597.86150635502,2.14326405191784,59.0913969317221,53.6583134123256,53.665631459995,-2.18422799386361,1.16707854572773,0.99041819972085
"cloglog",16000,382,25,0,640,655.991305907999,-76.3037261615782,732.295032069577,637.919046744525,638.002250188745,2.08008610548936,36.4276984600594,35.05419380751,35.0542436803306,0.49611312071469,2.68991443359428,0.302360680480179
"cloglog",16000,382,25,1,640,603.004291851025,-76.7949838242214,679.799275675246,637.825597425402,637.908950707939,2.08383206341593,36.4203737810752,35.0492055189308,35.0542436803306,-0.956094129722295,1.19518614893228,0.836320961867373
"cloglog",16000,382,50,0,320,369.943926861877,-38.1013223514503,408.045249213328,317.936816868023,317.978046593754,2.06148628654923,25.5291087193917,25.0438251269321,25.0439613479976,2.03716904360043,3.59638362602667,0.0236689415244518
"cloglog",16000,382,50,1,320,348.017811657083,-38.3854352164804,386.403246873564,317.88934172605,317.930602138305,2.06302061275439,25.5246354039874,25.0402029289159,25.0439613479976,1.18036827771208,2.7345083795702,0.1188005289848
"cloglog",16000,383,2,0,8000,7120.20049332948,-1016.65863807253,8136.85913140202,7997.45726564616,7998.72858383627,2.54263638022732,149.800791903059,89.4427165864005,89.4427190999916,-5.8561557730908,1.54434651403188,0.999999999999713
"cloglog",16000,383,2,1,8000,7049.21783967091,-1016.3883056999,8065.6061453708,7997.4395346528,7998.70548467222,2.53190003884255,149.803958406928,89.4422991789469,89.4427190999916,-6.32975059581631,0.747975636949295,0.999999999999997
"cloglog",16000,383,5,0,3200,2902.94426965339,-406.654683634958,3309.59895328835,3197.75608765807,3198.20482650289,2.2436942240805,86.1999983109167,71.5541688459202,71.5541752799933,-3.42009076312641,1.55678038864978,0.999927925475059
"cloglog",16000,383,5,1,3200,2941.36928131046,-406.482937958868,3347.85221926933,3197.73950800445,3198.18787571209,2.24183853819396,86.2011399291775,71.5537251058447,71.5541752799933,-2.97409323014318,2.09163594677774,0.999500103964329
"cloglog",16000,383,10,0,1600,1544.30729650908,-203.323747890629,1747.63104439971,1597.85472049527,1598.06921039282,2.1448989754291,58.8014084958724,53.6656168659368,53.665631459995,-0.910648662267229,2.78692098854493,0.828633787251867
"cloglog",16000,383,10,1,1600,1556.99473477317,-203.256051741055,1760.25078651422,1597.84498745202,1598.05941192437,2.14424472349657,58.8016998617257,53.6652571811004,53.665631459995,-0.69471210483572,3.02227890276406,0.764179433237781
"cloglog",16000,383,25,0,640,672.925591459721,-81.37575737334,754.301348833061,637.911033820783,637.994558033535,2.08810531881563,36.3484601783894,35.0541940452833,35.0542436803306,0.963302364586989,3.31791370382898,0.163785665139415
"cloglog",16000,383,25,1,640,694.936238173044,-81.3056403443592,776.241878517404,637.909144802416,637.992565158378,2.08550889905562,36.3483905953609,35.0539454488889,35.0542436803306,1.56890284374535,3.94390165182981,0.0585166220729097
"cloglog",16000,383,50,0,320,390.421732800167,-40.6768728115073,431.098605611674,317.928087705831,317.969492892285,2.07025932268047,25.5008609023985,25.0438285408364,25.0439613479976,2.84279206775787,4.51724513825516,0.00341806307691998
"cloglog",16000,383,50,1,320,415.700867144861,-40.6243805626874,456.325247707549,317.928045956142,317.969406252712,2.06801482850929,25.5007465891139,25.0436484370044,25.0439613479976,3.83411602664439,5.52458807281459,0.000184072908606697
"cloglog",16000,384,2,0,8000,6973.59814296844,-1125.25679522563,8098.85493819407,7997.47018528424,7998.73504404868,2.52971752887877,156.991141941802,89.442716719192,89.4427190999916,-6.52184594399185,1.11937447584159,1
"cloglog",16000,384,2,1,8000,7097.28966093347,-1124.67662839546,8221.96628932894,7997.39809436567,7998.65983329076,2.52347785017853,156.993928691768,89.4415438125604,89.4427190999916,-5.73339644999528,2.49667488416965,0.999999999999933
"cloglog",16000,384,5,0,3200,2940.39123856995,-450.030907317673,3390.42214588762,3197.76106095379,3198.20880581443,2.23872430321182,88.2235235061202,71.5541689553586,71.5541752799933,-2.9172471485565,2.68626332859952,0.99952260369597
"cloglog",16000,384,5,1,3200,2884.7303298601,-449.8618059174,3334.5921357775,3197.70751778529,3198.15602208282,2.24252148767034,88.2239926691871,71.552959508216,71.5541752799933,-3.54752917495765,1.90678505309078,0.99997377573374
"cloglog",16000,384,10,0,1600,1529.94525965754,-225.038127805529,1754.98338746307,1597.85197283764,1598.06673771155,2.14764873910638,59.5469812966377,53.6656169997342,53.665631459995,-1.14038884426091,2.92396991824947,0.886763259225149
"cloglog",16000,384,10,1,1600,1576.06771127548,-224.969644608081,1801.03735588356,1597.81985796844,1598.03504411601,2.15186147572255,59.5466979830004,53.6646455626399,53.665631459995,-0.365295598744467,3.78279423332069,0.647261351243976
"cloglog",16000,384,25,0,640,673.379292124479,-90.0257335435716,763.405025668051,637.904381373093,637.988171612858,2.09475599414576,36.5421440299918,35.0541939619451,35.0542436803306,0.970794453720909,3.57779882747682,0.160776273989419
"cloglog",16000,384,25,1,640,693.144095898222,-89.9724803862354,783.116576284458,637.896110070615,637.979754459272,2.09110971642178,36.5416699198006,35.0535319364146,35.0542436803306,1.51191737949748,4.140433611325,0.0642666254368579
"cloglog",16000,384,50,0,320,418.187541855084,-45.0178006569349,463.205342512019,317.925299603237,317.96676063463,2.07305156966297,25.5699695558606,25.0438289454225,25.0439613479976,3.92109353250548,5.79937605363398,0.00013401437936547
"cloglog",16000,384,50,1,320,416.690084660544,-45.055094934128,461.745179594672,317.921564859443,317.962979282507,2.07072115321906,25.5695611738591,25.0433509016122,25.0439613479976,3.86273816470798,5.74133233515919,0.000162340566127174
"cloglog",16000,385,2,0,8000,7100.32917243659,-1069.3379714194,8169.66714385598,7997.47364576587,7998.73677456612,2.5262576004931,148.798445527303,89.4427165725691,89.4427190999916,-6.02925971538238,1.91105967975805,0.999999999999919
"cloglog",16000,385,2,1,8000,7073.68273613775,-1072.87647820304,8146.55921434079,7996.25744279836,7997.51852394098,2.52216228524166,148.710020726968,89.4242556204325,89.4427190999916,-6.20385029973511,1.66666962297591,0.999999999999986
"cloglog",16000,385,5,0,3200,2956.06888381129,-427.673525377371,3383.74240918866,3197.77474095324,3198.21975099362,2.22505020189811,85.9217746047491,71.5541691275144,71.5541752799933,-2.81309200437058,2.5927581922505,0.999021006675933
"cloglog",16000,385,5,1,3200,2915.26561829725,-428.239005365516,3343.50462366277,3196.98368628669,3197.43102732436,2.23670518832041,85.8727005933564,71.5353271824261,71.5541752799933,-3.28064758698451,2.04197844745861,0.999861975457331
"cloglog",16000,385,10,0,1600,1545.56369299861,-213.807753133913,1759.37144613253,1597.86331465421,1598.07694522466,2.13630570451005,58.6995194686091,53.6656170375906,53.665631459995,-0.890971887488221,3.00554637795151,0.822790044948802
"cloglog",16000,385,10,1,1600,1552.02816009832,-214.333364753578,1766.36152485189,1597.41900504121,1597.63331922932,2.14314188114908,58.671594513666,53.6503984380934,53.665631459995,-0.773642600293028,3.14495717710776,0.790826842418205
"cloglog",16000,385,25,0,640,683.69281652936,-85.4864847417629,769.179301271123,637.917638072866,638.000899128983,2.08152640291887,36.3221023501434,35.0541956005485,35.0542436803306,1.26025685449657,3.74215981553111,0.102329856194875
"cloglog",16000,385,25,1,640,700.665202630276,-85.5475649049222,786.212767535198,637.726075680003,637.809538050526,2.08655926307494,36.3082096467104,35.0438368531793,35.0542436803306,1.73346820354649,4.23478827693515,0.0428572271841609
"cloglog",16000,385,50,0,320,405.550944861478,-42.7878385087493,448.338783370227,317.935424441999,317.976683306394,2.06294321978392,25.4914754697352,25.0438304622427,25.0439613479976,3.43705175181015,5.20535787288502,0.000636596741176826
"cloglog",16000,385,50,1,320,389.923118735316,-42.8430565899065,432.766175325222,317.836805068253,317.87812992478,2.06624282635385,25.4826768006607,25.036319552974,25.0439613479976,2.82883600616064,4.58885520922326,0.0035999347042949
"cloglog",16000,386,2,0,8000,6925.47042505817,-1049.29619790228,7974.76662296044,7997.46472744234,7998.73231478466,2.53517468464787,151.46328386791,89.4427164991006,89.4427190999916,-7.07758524051974,-0.267944588025322,1
"cloglog",16000,386,2,1,8000,7029.50927419726,-1048.47317885148,8077.98245304874,7997.04815819196,7998.31071764405,2.52511890417382,151.469103274466,89.4364009849666,89.4427190999916,-6.38769797323943,0.890820007594963,0.999999999999999
"cloglog",16000,386,5,0,3200,2828.70924247328,-419.795865806807,3248.50510828008,3197.75789953324,3198.20627606666,2.24188266709778,86.6635799356079,71.5541688764243,71.5541752799933,-4.25840540321749,0.70294761302155,0.999999206371717
"cloglog",16000,386,5,1,3200,2862.89626558528,-419.69263094902,3282.5888965343,3197.48275742377,3197.93200341587,2.24622996048726,86.6622150365679,71.5476255778468,71.5541752799933,-3.86081167781488,1.18322435489248,0.999992801029309
"cloglog",16000,386,10,0,1600,1403.39460956727,-209.920635714651,1613.31524528193,1597.85009865372,1598.06505022193,2.1495156820791,58.971513054012,53.6656166565186,53.665631459995,-3.29744785263263,0.284170685256463,0.999828855197869
"cloglog",16000,386,10,1,1600,1502.43193335318,-209.677673051679,1712.10960640486,1597.6988611706,1597.91363919251,2.14778021915349,58.9683615694237,53.6603061995718,53.665631459995,-1.61556002713858,2.12812738689253,0.956694415191721
"cloglog",16000,386,25,0,640,577.676940012799,-83.8849828891388,661.561922901937,637.907498112061,637.991163421157,2.09163272740029,36.3925209821715,35.0541934960787,35.0542436803306,-1.65502571610164,0.67240912227569,0.957850748347616
"cloglog",16000,386,25,1,640,671.023829774607,-83.8885445606269,754.912374335234,637.843236458874,637.926853933453,2.09043686447578,36.3894862002247,35.0505617255336,35.0542436803306,0.911818131565939,3.33762184235009,0.176810405243394
"cloglog",16000,386,50,0,320,362.273843002806,-41.909242652183,404.183085654989,317.923785036415,317.965276271227,2.07456174058822,25.516566297357,25.0438284184918,25.0439613479976,1.73808879492473,3.44267689200826,0.0439779081196809
"cloglog",16000,386,50,1,320,403.761952930127,-41.9103775630767,445.672330493204,317.893523115974,317.934952769251,2.07148266386131,25.5141549128074,25.0412021609994,25.0439613479976,3.36552122175325,5.10108807487279,0.000784906239850313
"cloglog",16000,387,2,0,8000,6991.17699799327,-1023.71013937368,8014.88713736695,7997.4491219312,7998.72451418992,2.55078451743392,147.131928124887,89.4427167478568,89.4427190999916,-6.83925057438106,0.180703625344864,1
"cloglog",16000,387,2,1,8000,7022.7392092348,-1023.66414592644,8046.40335516124,7997.36888745849,7998.63008775598,2.52240059498056,147.118189742052,89.441149953928,89.4427190999916,-6.62480744177551,0.534130737695871,1
"cloglog",16000,387,5,0,3200,2786.99191535916,-409.492292089279,3196.48420744843,3197.74521804708,3198.19613251026,2.2545723159361,85.4613580088188,71.5541691395546,71.5541752799933,-4.80630441942585,-0.023924882119594,0.999999960431141
"cloglog",16000,387,5,1,3200,2852.13748949013,-409.792062935312,3261.92955242545,3197.69152230872,3198.13929978281,2.23888737043202,85.4543662844654,71.5525080855844,71.5541752799933,-4.04372588368728,0.891516654683003,0.999996315866461
"cloglog",16000,387,10,0,1600,1403.00494159966,-204.682499472512,1607.68744107217,1597.84605429446,1598.06141188939,2.15357594935715,58.5312456340136,53.6656173638653,53.665631459995,-3.32883933332139,0.179370510498546,0.999833715900142
"cloglog",16000,387,10,1,1600,1394.78467017666,-205.027317897552,1599.81198807421,1597.81516660569,1598.02971715714,2.14550551457147,58.5276805109835,53.6642676809196,53.665631459995,-3.46896536231131,0.0332115016954517,0.999910690767868
"cloglog",16000,387,25,0,640,660.330491276838,-81.9204998098322,742.250991086671,637.908717609983,637.992335366998,2.0904439253628,36.2786281606039,35.0541953587169,35.0542436803306,0.618043592155545,2.97421334744022,0.262193888309128
"cloglog",16000,387,25,1,640,688.811380020355,-82.0218254928102,770.833205513165,637.890722413227,637.974399598665,2.09192963594451,36.2771025426147,35.0532796989681,35.0542436803306,1.40365834198888,3.79019615441036,0.0800270055215971
"cloglog",16000,387,50,0,320,380.70719403052,-40.9767841679077,421.683978198427,317.926189892282,317.967633550822,2.07218292698244,25.4759963900921,25.0438307733572,25.0439613479976,2.46431987102392,4.14139296764231,0.00899927148684898
"cloglog",16000,387,50,1,320,363.886937453729,-41.023201471322,404.910138925051,317.917809201947,317.95925146151,2.07211297814911,25.4751077193825,25.0431652792295,25.0439613479976,1.80447237978929,3.47204063440245,0.0387943352775748
"cloglog",16000,388,2,0,8000,6960.00203564315,-1151.25056710346,8111.25260274661,7997.48745476765,7998.74368148402,2.51245343275166,147.668688262624,89.4427168219349,89.4427190999916,-7.02576444154064,1.25788801212926,1
"cloglog",16000,388,2,1,8000,6966.19917222389,-1153.8438664161,8120.04303863999,7996.97297390933,7998.2339691393,2.52199045992994,147.633519594462,89.4354827573632,89.4427190999916,-6.98197675241298,1.3619769888329,1
"cloglog",16000,388,5,0,3200,3007.21834774083,-460.513708960874,3467.73205670171,3197.76230518131,3198.20980270253,2.23748760610442,85.6093548024291,71.5541692108152,71.5541752799933,-2.22573757132293,3.76668832818248,0.992373124058799
"cloglog",16000,388,5,1,3200,2861.8821308508,-460.346302920852,3322.22843377165,3197.44189519552,3197.88864282368,2.23373814078131,85.5886603780252,71.5463911074626,71.5541752799933,-3.92061007687976,1.73789046551926,0.999993235246984
"cloglog",16000,388,10,0,1600,1551.72369561231,-230.258486215422,1781.98218182773,1597.85699935332,1598.07126292149,2.14263568169878,58.585287229877,53.6656174955143,53.665631459995,-0.787455450376117,3.42697852906672,0.792402383168577
"cloglog",16000,388,10,1,1600,1518.14420186978,-229.971234902878,1748.11543677266,1597.67340230967,1597.88795380644,2.14551496776445,58.5736962542638,53.6593557900818,53.665631459995,-1.35776304938399,2.79965125846681,0.922913436436798
"cloglog",16000,388,25,0,640,739.947384357198,-92.0967432121837,832.044127569382,637.913291035451,637.996726471843,2.08588590982231,36.2925844888926,35.0541962929607,35.0542436803306,2.81143089583425,5.5356397127412,0.0031365222928747
"cloglog",16000,388,25,1,640,695.535287877365,-92.1370617555998,787.672349632964,637.830931600535,637.914591571908,2.09149928433495,36.2868216953285,35.0499368183456,35.0542436803306,1.59022900273072,4.27269694770665,0.0566894185653646
"cloglog",16000,388,50,0,320,457.672946940751,-46.0527159413573,503.725662882108,317.928835322447,317.970226679022,2.06956782877295,25.4809657179521,25.043833227062,25.0439613479976,5.48425492052092,7.41721263350218,4.48185293773544e-07
"cloglog",16000,388,50,1,320,452.545368082145,-46.0868973572105,498.632265439355,317.886531962101,317.927982315502,2.0725176700514,25.4773158203906,25.0407329225024,25.0439613479976,5.28544047062724,7.21641350047972,1.00466924364429e-06
"cloglog",16000,389,2,0,8000,7120.00559403567,-1076.00849516106,8196.01408919673,7997.48559326426,7998.74274825791,2.51430998729093,153.555757301218,89.4427166528423,89.4427190999916,-5.71440638013533,2.2055607021028,0.999999999999717
"cloglog",16000,389,2,1,8000,7110.20461202492,-1075.60649677287,8185.81110879778,7997.28053802012,7998.5386664294,2.51625681855226,153.530492704691,89.4396138520795,89.4427190999916,-5.7778484935983,2.09384225068445,0.999999999999848
"cloglog",16000,389,5,0,3200,2976.92651851137,-430.43920119974,3407.36571971111,3197.76798910722,3198.21434813096,2.23179511870373,87.2507477635398,71.5541688119918,71.5541752799933,-2.53111264094093,2.92297954197049,0.997615922613863
"cloglog",16000,389,5,1,3200,2971.32980005691,-430.863858530882,3402.19365858779,3197.63897535815,3198.08538598024,2.23205311044265,87.2376512917321,71.5510281017044,71.5541752799933,-2.59416859521407,2.85262529446007,0.998108748829317
"cloglog",16000,389,10,0,1600,1534.58072816971,-215.149545781174,1749.73027395088,1597.86825249516,1598.08138843949,2.13135944334132,59.1875670797006,53.6656165971869,53.665631459995,-1.06927058245569,2.82581092191051,0.86974097552538
"cloglog",16000,389,10,1,1600,1557.91659727218,-215.603835055463,1773.52043232764,1597.79248397768,1598.00593402691,2.13450049231651,59.1809345222685,53.6630832317611,53.665631459995,-0.673796164717376,3.27067487983725,0.759041698260396
"cloglog",16000,389,25,0,640,696.098813213586,-86.1014971417266,782.200310355312,637.92137859502,638.00448839603,2.07774502524713,36.4485976792604,35.0541930057709,35.0542436803306,1.59615014905413,4.1135113832329,0.0550128013533206
"cloglog",16000,389,25,1,640,634.79225088534,-86.3136621223516,721.105913007692,637.891268862143,637.974341287858,2.07681064285896,36.4457366036394,35.0524679961748,35.0542436803306,-0.085031015026694,2.37163248330778,0.528411890414801
"cloglog",16000,389,50,0,320,415.851004149348,-43.0102020903648,458.861206239713,317.938789082097,317.979979627049,2.05952724763427,25.5365650855768,25.0438260632566,25.0439613479976,3.83419675822232,5.62538752093315,0.000180605821514869
"cloglog",16000,389,50,1,320,397.05566204725,-43.1148298225702,440.170491869821,317.921777432951,317.962990617526,2.06065922875955,25.5348992359172,25.042574330202,25.0439613479976,3.0990482430802,4.87998955861774,0.00167793832284377
"cloglog",16000,390,2,0,8000,7049.90918174642,-1051.86663694452,8101.77581869094,7997.46694737828,7998.73342781611,2.5329608756729,146.739623801451,89.4427165997833,89.4427190999916,-6.45740898800428,1.15204898500454,0.999999999999997
"cloglog",16000,390,2,1,8000,7076.47544503403,-1052.2876662313,8128.76311126533,7997.45314773795,7998.71549199656,2.52468851722215,146.735390904604,89.4424019426303,89.4427190999916,-6.27645244290566,1.45398174069811,0.999999999999983
"cloglog",16000,390,5,0,3200,2980.27016774421,-420.798090217008,3401.06825796122,3197.76090480573,3198.20868174459,2.23888469427702,85.3533756953773,71.5541691182215,71.5541752799933,-2.54812109409405,2.83504900855551,0.997269058770187
"cloglog",16000,390,5,1,3200,2888.99119678533,-420.802275241714,3309.79347202704,3197.75140213759,3198.19824256277,2.2342021258653,85.35123438397,71.5538279532435,71.5541752799933,-3.61752477958601,1.55959831439342,0.999966597013398
"cloglog",16000,390,10,0,1600,1511.24584400347,-210.387540645854,1721.63338464933,1597.85200560458,1598.066768029,2.14762424423013,58.4918423608218,53.6656174040446,53.665631459995,-1.48065367930892,2.30252855734423,0.939598016125461
"cloglog",16000,390,10,1,1600,1514.28153220214,-210.335031249499,1724.61656345164,1597.84683373114,1598.06132206412,2.14488332977755,58.4908356104334,53.6653431278066,53.665631459995,-1.42869050607462,2.35823035895114,0.932635263357551
"cloglog",16000,390,25,0,640,675.162906006992,-84.1553422577243,759.318248264716,637.910316494733,637.993870602249,2.08885268789805,36.268460524818,35.054195861805,35.0542436803306,1.02713456742303,3.46105151408313,0.149310096830611
"cloglog",16000,390,25,1,640,661.765504809715,-84.1725606867791,745.938065496494,637.906385844726,637.989962743017,2.08942245726373,36.2680711647742,35.0540093549237,35.0542436803306,0.657854641803011,3.0794794872249,0.249575011271824
"cloglog",16000,390,50,0,320,388.361596566417,-42.0821642893038,430.443760855721,317.929252163127,317.970634879416,2.06913581448348,25.4723790926118,25.04383213442,25.0439613479976,2.76504774631432,4.49105094510366,0.00422819249193594
"cloglog",16000,390,50,1,320,391.487185664001,-42.1174807424921,433.604666406493,317.927432445662,317.968816913344,2.0692233841189,25.4721700998307,25.043695794655,25.0439613479976,2.88784791127113,4.61736360484895,0.00305727998822968
"cloglog",16000,391,2,0,8000,6942.31953622386,-984.087435575539,7926.4069717994,7997.49085857968,7998.74537975988,2.50904236039332,153.693196251409,89.4427168060254,89.4427190999916,-6.86543938242908,-0.808768008661472,1
"cloglog",16000,391,2,1,8000,7064.00420585202,-983.566861441578,8047.5710672936,7997.25946234632,7998.51951663753,2.52010858241533,153.698118264443,89.4394745996745,89.4427190999916,-6.07200183731982,0.548432902536852,0.999999999999993
"cloglog",16000,391,5,0,3200,2919.43282697286,-393.631432678473,3313.06425965133,3197.76364553718,3198.21087170333,2.2361308307533,87.2894704153825,71.5541688246388,71.5541752799933,-3.18859556874193,1.6051250379203,0.999829113433568
"cloglog",16000,391,5,1,3200,2872.93388488369,-393.539764678327,3266.47364956202,3197.62488245013,3198.07167295179,2.23395250827274,87.2896917406761,71.5507665041967,71.5541752799933,-3.71969462936179,0.955992226948698,0.999986812313309
"cloglog",16000,391,10,0,1600,1511.75974427671,-196.890187784796,1708.64993206151,1597.85571797308,1598.07010825066,2.14390277583217,59.2018463870445,53.665617005982,53.665631459995,-1.45427852255652,2.06053391314811,0.938459993137441
"cloglog",16000,391,10,1,1600,1480.21795438875,-196.629400599,1676.84735498775,1597.77670223668,1597.99113054314,2.14428306456949,59.2005736891582,53.6628824058805,53.665631459995,-1.98577041609763,1.46947426059178,0.983208969753039
"cloglog",16000,391,25,0,640,659.940037614634,-78.7033898262876,738.643427440922,637.908409173228,637.992038039741,2.09072166284284,36.4523114292596,35.054193683097,35.0542436803306,0.604395923812999,2.87130807546471,0.265686297080595
"cloglog",16000,391,25,1,640,656.791153327918,-78.6190729143215,735.41022624224,637.876636399224,637.960189245061,2.08882114592677,36.4508515288939,35.0523241320311,35.0542436803306,0.518904665744243,2.78013054512775,0.294738963822991
"cloglog",16000,391,50,0,320,404.1794646785,-39.4016277950419,443.581092473542,317.927665686171,317.969079346144,2.07068299862871,25.5378989148263,25.0438288647723,25.0439613479976,3.3774038843209,5.01568724996716,0.00074765418650103
"cloglog",16000,391,50,1,320,395.528628371684,-39.3540516825402,434.882680054225,317.911865282982,317.953249482649,2.06920998337536,25.5366879977346,25.0424680856234,25.0439613479976,3.03942167815921,4.66924546621279,0.00198359090313879
"cloglog",16000,392,2,0,8000,7010.38051233632,-1049.34360475347,8059.72411708979,7997.47079367863,7998.73534996938,2.52911258150925,146.424459179807,89.4427166727353,89.4427190999916,-6.74129368051942,0.681875164230132,1
"cloglog",16000,392,2,1,8000,7043.17755184729,-1049.76350562369,8092.94105747097,7997.3219477124,7998.58625644497,2.52861746512764,146.406188340896,89.4404732964672,89.4427190999916,-6.51710427460529,1.05494523394627,0.999999999999998
"cloglog",16000,392,5,0,3200,2856.80697547244,-419.704604634504,3276.51158010695,3197.75662360053,3198.20525659703,2.24316498253385,85.2667264152199,71.5541691468752,71.5541752799933,-3.99862481488707,1.09436423402774,0.999995059462678
"cloglog",16000,392,5,1,3200,2918.60421419324,-420.337560732299,3338.94177492554,3197.66215567763,3198.11045313069,2.2414872653087,85.257346210927,71.5518414101146,71.5541752799933,-3.27312488467565,1.96824175338327,0.999836177877352
"cloglog",16000,392,10,0,1600,1474.91209079352,-209.82082399615,1684.73291478967,1597.85252986136,1598.06723949165,2.14709630294458,58.4602380809071,53.6656172294362,53.665631459995,-2.1029753402251,1.61491993891541,0.986924269287209
"cloglog",16000,392,10,1,1600,1456.87340533909,-210.06014866465,1666.93355400374,1597.80093898446,1598.01538633275,2.14447348291063,58.4554156762082,53.6637311593563,53.665631459995,-2.41085504251623,1.28425970729347,0.994796299126696
"cloglog",16000,392,25,0,640,695.790652973184,-83.97004007325,779.760693046434,637.911652315031,637.995152385568,2.08750176341101,36.2603075419921,35.0541950525814,35.0542436803306,1.59620821172365,4.04418188602583,0.0559246157938271
"cloglog",16000,392,25,1,640,660.274888476216,-84.0960171801295,744.370905656346,637.886742228359,637.97031288514,2.08926641952013,36.2582191048112,35.0529102283854,35.0542436803306,0.617464034379066,3.03542821631522,0.262689703297215
"cloglog",16000,392,50,0,320,418.533860919988,-41.9506072263779,460.484468146366,317.930991559152,317.972338997303,2.06737190758708,25.4694764550857,25.0438301995733,25.0439613479976,3.94993864668735,5.69050852099656,0.000128166938053256
"cloglog",16000,392,50,1,320,409.12018378299,-42.014183964132,451.134367747122,317.919157234378,317.960507068232,2.06749169270937,25.4682606175302,25.0429071453737,25.0439613479976,3.58096801027068,5.31782751522487,0.000415687245432819
"cloglog",16000,393,2,0,8000,6980.14907854037,-1102.89505445216,8083.04413299253,7997.46300428812,7998.73145572875,2.53690288127053,150.337209897835,89.4427168926202,89.4427190999916,-6.7668804445625,0.942644411897716,1
"cloglog",16000,393,2,1,8000,7049.8626222954,-1108.70271650278,8158.56533879817,7996.59089746388,7997.85884932435,2.535903720936,150.270691145121,89.429522019192,89.4427190999916,-6.30015253110266,1.79701832063174,0.999999999999997
"cloglog",16000,393,5,0,3200,2907.08040820198,-441.178848675515,3348.25925687749,3197.7610200209,3198.20877356891,2.23876774003526,86.3492910081488,71.5541691362327,71.5541752799933,-3.36633466731639,2.09701943464542,0.999910085092025
"cloglog",16000,393,5,1,3200,2930.37784241189,-441.563723063313,3371.9415654752,3197.18521206129,3197.63540184994,2.2509489432505,86.3105618084455,71.540444030068,71.5541752799933,-3.091248209478,2.43647025103737,0.999704936291791
"cloglog",16000,393,10,0,1600,1506.42463404736,-220.616154444304,1727.04078849166,1597.86048891937,1598.0744020842,2.13913164832052,58.8561464033417,53.6656170974794,53.665631459995,-1.55354810770996,2.4031473666501,0.949499661657848
"cloglog",16000,393,10,1,1600,1602.98999799831,-220.911111651185,1823.90110964949,1597.52561137026,1597.74127880962,2.15667439363127,58.8346746471673,53.6545559913873,53.665631459995,0.0928769753690146,4.21510954030027,0.460186140809081
"cloglog",16000,393,25,0,640,703.986282124256,-88.2200586466874,792.206340770943,637.916190493442,637.999507988982,2.08293738850141,36.3626334462525,35.0541936448196,35.0542436803306,1.81697763250485,4.39909798937138,0.0354849099827919
"cloglog",16000,393,25,1,640,719.686246434773,-88.4098733971732,808.096119831947,637.771223820462,637.854863896089,2.0910018906935,36.3521752264985,35.0465906893793,35.0542436803306,2.2533733429685,4.85756966903626,0.0134023327772205
"cloglog",16000,393,50,0,320,439.64382223608,-44.0827654465188,483.726587682598,317.934672469727,317.975946211481,2.06368708767066,25.5059256763449,25.0438299670761,25.0439613479976,4.77179896588617,6.61842224967274,7.02716091569452e-06
"cloglog",16000,393,50,1,320,452.083500752962,-44.1637517847185,496.24725253768,317.859335111992,317.900716876405,2.06908822061528,25.4993678065424,25.0383188260718,25.0439613479976,5.26382327041579,7.12294371280102,1.07942638124922e-06
"cloglog",16000,394,2,0,8000,6998.0813448727,-1109.32102234361,8107.40236721632,7997.46641536705,7998.73316027199,2.53348980987499,158.49758864006,89.4427167002433,89.4427190999916,-6.30536451102671,1.21495870153992,1
"cloglog",16000,394,2,1,8000,7010.15512231619,-1109.37155912687,8119.52668144305,7997.45866350494,7998.72370254305,2.53007807621793,158.493958573239,89.4425485507699,89.4427190999916,-6.22928186081316,1.35062093888611,1
"cloglog",16000,394,5,0,3200,2870.99498029291,-443.770876464909,3314.76585675782,3197.75424774324,3198.20335526367,2.2455376021102,88.6534431655039,71.5541689902153,71.5541752799933,-3.685804586747,1.62901062424606,0.999988250356854
"cloglog",16000,394,5,1,3200,2894.05605406097,-443.839550518391,3337.89560457937,3197.74773433709,3198.19670957639,2.24487619651586,88.6516600184375,71.5539944798618,71.5541752799933,-3.42567392661288,1.95235634318492,0.999955658528282
"cloglog",16000,394,10,0,1600,1523.49567948175,-221.85040419633,1745.34608367808,1597.84788598086,1598.06305899537,2.15173014512338,59.7063977097883,53.6656168376499,53.665631459995,-1.24529714320575,2.7444578738054,0.907762959198088
"cloglog",16000,394,10,1,1600,1548.13955780424,-221.861245051015,1770.00080285526,1597.84590842748,1598.06087419891,2.14965771431646,59.7055814406354,53.6654757854482,53.665631459995,-0.832524354069937,3.20392069836026,0.810431544218726
"cloglog",16000,394,25,0,640,664.899972316306,-88.7915352218915,753.691507538197,637.909465217297,637.99305198651,2.08966923031726,36.5837370215977,35.0541937613149,35.0542436803306,0.737773374083521,3.30055959465169,0.223231881953909
"cloglog",16000,394,25,1,640,700.342254502118,-88.7460580776321,789.088312579751,637.906622928757,637.990254804319,2.09079688905413,36.5834542884446,35.0540984341966,35.0542436803306,1.7066631018789,4.31042487254587,0.0436371332188099
"cloglog",16000,394,50,0,320,399.099251125733,-44.417029917053,443.516281042786,317.928246305663,317.969648114648,2.07009044925168,25.5848329442952,25.0438278403331,25.0439613479976,3.17262203731409,5.01307682390092,0.00133684798568828
"cloglog",16000,394,50,1,320,434.034997738273,-44.3906980919636,478.425695830237,317.925468151616,317.966907935563,2.07198919733035,25.5846951897833,25.0437585058148,25.0439613479976,4.5382416607028,6.407136846389,1.57346332772879e-05
"cloglog",16000,395,2,0,8000,7089.55927892017,-1063.53933645338,8153.09861537355,7997.47490470692,7998.73740500266,2.52500059149449,149.047493953911,89.4427168534877,89.4427190999916,-6.09145180305748,1.72581084073887,0.99999999999996
"cloglog",16000,395,2,1,8000,7044.22897996832,-1061.77773450563,8106.00671447395,7997.14019960575,7998.40426930001,2.52813938852555,149.020029368659,89.4378554986961,89.4427190999916,-6.39451772808357,1.20309733025197,0.999999999999998
"cloglog",16000,395,5,0,3200,2878.57344910829,-425.38521980851,3303.9586689168,3197.75783092611,3198.20622229993,2.24195686912344,85.990811788492,71.5541690853663,71.5541752799933,-3.71184287226989,1.47793549933763,0.999981622374274
"cloglog",16000,395,5,1,3200,2873.28638259411,-425.722159804656,3299.00854239876,3197.54650538343,3197.99446094469,2.23977780630914,85.9754293499317,71.5490147959502,71.5541752799933,-3.77154409394736,1.41181652524708,0.999986533579364
"cloglog",16000,395,10,0,1600,1530.65507174526,-212.684268262534,1743.33934000779,1597.85624553201,1598.07058391872,2.14338386703875,58.7247841609848,53.6656172749908,53.665631459995,-1.14434092431118,2.70692416234952,0.884262806550797
"cloglog",16000,395,10,1,1600,1552.06928059961,-212.566451987395,1764.63573258701,1597.73584337334,1597.95019320837,2.14349835033229,58.7163647390738,53.6614386238522,53.665631459995,-0.777748468875155,3.1062443283908,0.790613529921076
"cloglog",16000,395,25,0,640,677.580188935063,-85.0508482068783,762.631037141941,637.914177525716,637.997576877435,2.08498379296269,36.3286379949856,35.0541954234947,35.0542436803306,1.09186618597762,3.55545060323855,0.134691593912573
"cloglog",16000,395,25,1,640,692.499446429113,-85.0541782739757,777.553624703089,637.860352698903,637.943861465987,2.0877191770844,36.3246266650978,35.0513595791266,35.0542436803306,1.5041887211661,3.98300564980768,0.0664417082434144
"cloglog",16000,395,50,0,320,400.695425894318,-42.5447895644168,443.240215458735,317.93230411303,317.973625740544,2.06608137569352,25.49380805672,25.0438319363161,25.0439613479976,3.24640091418091,5.00189388096563,0.00111650712501896
"cloglog",16000,395,50,1,320,421.661190697003,-42.4790604312849,464.140251128288,317.903512370521,317.94488564511,2.06866372948122,25.4913099522929,25.0417671085221,25.0439613479976,4.07031566916982,5.83806106212947,8.52804805628325e-05
"cloglog",16000,396,2,0,8000,6968.23466532338,-1105.80212919833,8074.03679452171,7997.47083664087,7998.73537015927,2.52906703681203,154.896932201144,89.4427165830951,89.4427190999916,-6.64465174804723,0.841895542075633,1
"cloglog",16000,396,2,1,8000,7053.80286553913,-1106.26007396479,8160.06293950392,7997.30825835325,7998.57165739332,2.5267980801507,154.878946616594,89.4401883617809,89.4427190999916,-6.09188926852523,1.80557851082976,0.999999999999996
"cloglog",16000,396,5,0,3200,2947.34123798879,-442.339141081577,3389.68037907037,3197.76197670555,3198.20953824588,2.23780770164237,87.6292441709293,71.5541689256626,71.5541752799933,-2.85773021422268,2.6758865863344,0.999340169764484
"cloglog",16000,396,5,1,3200,2820.79730835186,-443.227514277441,3264.0248226293,3197.65377850896,3198.10177756494,2.23999527990549,87.6195506756974,71.5515753888097,71.5541752799933,-4.30105458486016,0.921336039159733,0.999999538616589
"cloglog",16000,396,10,0,1600,1513.46995767599,-221.136372001775,1734.60632967776,1597.8540433886,1598.06860079679,2.1455740819607,59.327198115269,53.6656167583049,53.665631459995,-1.42235076648415,2.54423105758567,0.934553852905793
"cloglog",16000,396,10,1,1600,1551.14361505776,-221.713618805373,1772.85723386313,1597.79379575783,1598.00841009549,2.14614337651038,59.3222035605295,53.6635346636293,53.665631459995,-0.786386511291317,3.25824276883029,0.795385265028128
"cloglog",16000,396,25,0,640,726.268346870848,-88.4555626714772,814.723909542325,637.910201560408,637.993758961802,2.08893503486097,36.4848974827084,35.0541937925937,35.0542436803306,2.42177315565479,5.04162644921141,0.00856428990197649
"cloglog",16000,396,25,1,640,680.889815548964,-88.7200413279808,769.609856876944,637.889122150673,637.972503191075,2.08452601004642,36.482680211462,35.0527773428441,35.0542436803306,1.1786604807829,3.75540438346301,0.116366342059234
"cloglog",16000,396,50,0,320,443.650425324872,-44.2738177379434,487.924243062815,317.931255512111,317.972596907077,2.06706974828943,25.5495166935593,25.0438267100702,25.0439613479976,4.92060853129376,6.78616922738089,3.89277960439177e-06
"cloglog",16000,396,50,1,320,424.183431854473,-44.3879995174537,468.571431371927,317.920757760199,317.96205057298,2.06464063906662,25.5482047483695,25.0428075108696,25.0439613479976,4.15930102098685,6.01407732473989,6.10380945622336e-05
"cloglog",16000,397,2,0,8000,7092.85049747601,-1061.0273732947,8153.87787077071,7997.47589790231,7998.73790164124,2.5240074778532,152.80484291536,89.4427166700345,89.4427190999916,-5.92013566564366,1.73451763212656,0.99999999999995
"cloglog",16000,397,2,1,8000,7081.73233974594,-1061.09546403769,8142.82780378363,7997.25551931734,7998.51867493988,2.52631124508916,152.777262525761,89.4394354949576,89.4427190999916,-5.99253556737227,1.61348434328931,0.999999999999976
"cloglog",16000,397,5,0,3200,2929.39662030702,-424.362289853242,3353.75891016026,3197.76114909379,3198.20887554378,2.23863224998217,87.0395654690835,71.5541688773054,71.5541752799933,-3.08324757069346,2.17387801517481,0.999718792658769
"cloglog",16000,397,5,1,3200,2897.75127297619,-424.583183161992,3322.33445613818,3197.61691179081,3198.06562363799,2.24355923589593,87.0250281487214,71.5507840506338,71.5541752799933,-3.44574021053074,1.73679204426681,0.999945639963288
"cloglog",16000,397,10,0,1600,1558.04104306698,-212.161205053503,1770.20224812048,1597.86330792078,1598.07693930289,2.13631382113435,59.1097899552279,53.6656169916575,53.665631459995,-0.673699989188945,3.20736662441334,0.758343658240497
"cloglog",16000,397,10,1,1600,1412.03861123078,-212.249197708818,1624.2878089396,1597.7756362949,1597.99016049519,2.14524200291453,59.1024417726188,53.6628763621239,53.665631459995,-3.14262862063616,0.490052904860194,0.999680548542231
"cloglog",16000,397,25,0,640,711.179724477827,-84.8653026779701,796.045027155797,637.918279423284,638.001513853768,2.08086076209063,36.4284010404844,35.0541941769783,35.0542436803306,2.01110789828861,4.50854789313126,0.0230946136223824
"cloglog",16000,397,25,1,640,648.945175644175,-84.9420783675989,733.887254011774,637.877782019176,637.961288223444,2.08765510669322,36.4252260160257,35.0523213037803,35.0542436803306,0.303838708375597,2.73665087561502,0.37323054235423
"cloglog",16000,397,50,0,320,404.048409013729,-42.5014919627226,446.549900976452,317.93411278515,317.975397054436,2.06421346431428,25.5293646264226,25.0438270567558,25.0439613479976,3.37314686396277,5.13397986779866,0.000759165614916205
"cloglog",16000,397,50,1,320,355.189092369811,-42.5318657023309,397.720958072142,317.91410846336,317.955450268344,2.06709024920309,25.527538477344,25.0424768437881,25.0439613479976,1.46018715982088,3.18520840815249,0.0739516001892401
"cloglog",16000,398,2,0,8000,6961.5863418015,-1052.40466149589,8013.99100329739,7997.47725148974,7998.73857755344,2.52265212739578,154.250935082313,89.4427166387607,89.4427190999916,-6.71562158852039,0.170527308618708,1
"cloglog",16000,398,2,1,8000,6902.33552296599,-1052.40550439394,7954.74102735994,7997.48218781419,7998.73966782843,2.51496002846966,154.24922785064,89.4426766971393,89.4427190999916,-7.09985184437118,-0.491919988234162,1
"cloglog",16000,398,5,0,3200,2894.98962382237,-420.91372489829,3315.90334872066,3197.76572092146,3198.21253298186,2.23406030196393,87.4467327045699,71.5541688738371,71.5541752799933,-3.46240605834856,1.64477929925113,0.999953305728679
"cloglog",16000,398,5,1,3200,2971.79351694406,-420.954075412866,3392.74759235692,3197.7637014168,3198.21056936057,2.23433971882777,87.4459315520681,71.5541267404779,71.5541752799933,-2.58411318242058,2.71873939153679,0.998071723563676
"cloglog",16000,398,10,0,1600,1508.12250451031,-210.444849546314,1718.56735405663,1597.86155204191,1598.07535831833,2.13806276413596,59.2598405454951,53.6656167644561,53.665631459995,-1.51433157270654,2.24523639162023,0.946169209126603
"cloglog",16000,398,10,1,1600,1541.70885189975,-210.481273584742,1752.1901254845,1597.85169374903,1598.06638745977,2.14693710742053,59.2594888398001,53.6655825857174,53.665631459995,-0.947406785790056,2.8719289085989,0.840333385776369
"cloglog",16000,398,25,0,640,682.884620108622,-84.2126258173757,767.097245925997,637.914836619377,637.998208354318,2.08429337351947,36.4673866322521,35.054193608499,35.0542436803306,1.2331507037434,3.68284146009791,0.106240513910224
"cloglog",16000,398,25,1,640,704.658253312772,-84.1919425681441,788.850195880916,637.914474347602,637.997844510559,2.08425407391687,36.467274959332,35.0541712629216,35.0542436803306,1.83023763194813,4.30340658288276,0.0341301139061018
"cloglog",16000,398,50,0,320,406.669316872311,-42.0338644836602,448.703181355971,317.931718863322,317.973050637779,2.06658872286309,25.5432756323375,25.0438255576342,25.0439613479976,3.47401011860233,5.22005435700461,0.000557680865850332
"cloglog",16000,398,50,1,320,412.275049470798,-42.0212182737862,454.296267744584,317.931974358101,317.973296778515,2.06612102069887,25.5432262255691,25.0438088401216,25.0439613479976,3.693467468814,5.44338011188103,0.000282597448594576
"cloglog",16000,399,2,0,8000,7118.58397467553,-1045.40973809992,8163.99371277546,7997.47469229,7998.73729987442,2.52521516884093,145.324685242325,89.4427167459622,89.4427190999916,-6.04777306862171,1.84762291344983,0.999999999999741
"cloglog",16000,399,2,1,8000,6908.96653991302,-1047.85349338674,7956.82003329975,7997.29030638481,7998.55149883087,2.5223848921116,145.306030063103,89.4399613918302,89.4427190999916,-7.48987337964682,-0.46658635448519,1
"cloglog",16000,399,5,0,3200,2926.82365601875,-418.169029578546,3344.99268559729,3197.75907181098,3198.20721522094,2.24071704980994,84.9651608559844,71.5541691950339,71.5541752799933,-3.18878247345946,2.05138948614254,0.999752315006663
"cloglog",16000,399,5,1,3200,2935.43008092776,-419.381885386483,3354.81196631424,3197.63852390101,3198.08700534553,2.24240722256436,84.9553872957212,71.5513090624443,71.5541752799933,-3.08642513817906,2.19038565502611,0.999623031954594
"cloglog",16000,399,10,0,1600,1479.77857061,-209.040160942384,1688.81873155239,1597.8569159685,1598.07118713944,2.14271170945732,58.35037000889,53.6656174040812,53.665631459995,-2.02360919631709,1.69098109371687,0.983547296871792
"cloglog",16000,399,10,1,1600,1493.37993656886,-209.652475029328,1703.03241159819,1597.7821935178,1597.99726964308,2.15076125284009,58.3451772083183,53.6633029079587,53.665631459995,-1.78938966242536,1.95729923920739,0.96999631133667
"cloglog",16000,399,25,0,640,676.103144343532,-83.6326670252609,759.735811368792,637.912696599293,637.996155104271,2.08646262445059,36.231980486662,35.0541953355313,35.0542436803306,1.05405355244928,3.47289832498667,0.143498639513922
"cloglog",16000,399,25,1,640,680.649885187716,-83.8061547075877,764.456039895304,637.880944143273,637.964526826646,2.08956708434193,36.2295937049554,35.0526058213152,35.0542436803306,1.18049739648595,3.60861939090814,0.117630280154741
"cloglog",16000,399,50,0,320,369.808345817318,-41.7871457983025,411.595491615621,317.931047180294,317.972393962431,2.06733910685408,25.4593960709446,25.0438319683241,25.0439613479976,2.03764843802517,3.73836950238311,0.023941717911887
"cloglog",16000,399,50,1,320,393.465054729323,-41.9362615653871,435.40131629471,317.912296817888,317.953726461292,2.07148217017088,25.4579526678059,25.0426813689214,25.0439613479976,2.96774681363041,4.68989674481001,0.00247855392397648
"cloglog",16000,400,2,0,8000,6808.02900772444,-1103.3086472692,7911.33765499364,7997.47199869189,7998.73595205923,2.52790673467742,152.628635023987,89.4427166935506,89.4427190999916,-7.79305266525198,-0.977142693071752,1
"cloglog",16000,400,2,1,8000,6913.52592504888,-1103.73762847308,8017.26355352197,7997.45427456443,7998.70991012297,2.51127111709036,152.621376267519,89.4422192602757,89.4427190999916,-7.10207427048492,0.207437198589649,1
"cloglog",16000,400,5,0,3200,2724.95758699368,-441.259542096206,3166.21712908988,3197.76399613445,3198.21115407914,2.23578972344326,86.9900848521363,71.5541690537507,71.5541752799933,-5.43517585877101,-0.447130131093026,0.999999999760992
"cloglog",16000,400,5,1,3200,2805.41107512682,-441.649128406916,3247.06020353374,3197.74275096957,3198.1898547133,2.23551871865894,86.9864546765263,71.5536477484395,71.5541752799933,-4.51026171030531,0.682988923111953,0.999999844852017
"cloglog",16000,400,10,0,1600,1400.23245470296,-220.611887040512,1620.84434174347,1597.8624652256,1598.07618097749,2.1371575189747,59.0915746132899,53.665617039851,53.665631459995,-3.34447020266391,0.424259740628115,0.99986476725942
"cloglog",16000,400,10,1,1600,1515.53850175363,-220.721993314219,1736.26049506785,1597.84217920776,1598.05672103152,2.14541823755869,59.0898675480177,53.6651986257082,53.665631459995,-1.39285601524236,2.57529604987106,0.929579730552419
"cloglog",16000,400,25,0,640,649.062700840342,-88.258704229803,737.321405070145,637.9142497194,637.997644965946,2.08488116364996,36.4236702825672,35.0541936253409,35.0542436803306,0.306077093122534,2.83343445767918,0.371999698209482
"cloglog",16000,400,25,1,640,623.067786977569,-88.2649552236142,711.332742201183,637.907295415912,637.990763500632,2.08670211802171,36.4230312359094,35.0539086546463,35.0542436803306,-0.407421017274163,2.09226250410821,0.656388698809525
"cloglog",16000,400,50,0,320,379.157950382345,-44.1012218196489,423.259172201994,317.930995226934,317.972341886677,2.06733298716996,25.5276766391987,25.0438272514577,25.0439613479976,2.39845388284944,4.20410304136674,0.0104150415665823
"cloglog",16000,400,50,1,320,366.359721976889,-44.1403341311673,410.500056108056,317.928068962534,317.969422284087,2.06766607767629,25.5273472063492,25.0436230871937,25.0439613479976,1.89724582906561,3.69477824761249,0.0318476493359243
