"scen","n","rep","m","oracle","G","HL","C","EF","mu","muEF","d","sdHL","sdEF","sdEF_simple","zHL","zEF","pHL_chisq"
"cloglog",4000,851,2,0,2000,1723.12393368435,-268.678681846323,1991.80261553067,1997.48092141426,1998.74025393424,2.51866503996794,73.9116425016555,44.7213411028084,44.7213595499958,-3.71195901543874,-0.155130374726854,0.999997378184256
"cloglog",4000,851,2,1,2000,1740.27983676494,-268.831499468151,2009.11133623309,1997.47406192036,1998.72964331808,2.51116279543875,73.9128352725774,44.7209004472315,44.7213595499958,-3.47969637759041,0.23214409395125,0.999989598069959
"cloglog",4000,851,5,0,800,720.853948125459,-107.440579008064,828.294527133523,797.753845131465,798.202904307565,2.24529588049525,42.8258210143754,35.7770380905729,35.7770876399966,-1.79564326344599,0.841087592264577,0.976161239335097
"cloglog",4000,851,5,1,800,741.642957342226,-107.561055477258,849.204012819484,797.746965706352,798.195606311861,2.24320302754252,42.825998894071,35.7765973688651,35.7770876399966,-1.31004552871956,1.42574784241538,0.923433145892276
"cloglog",4000,851,10,0,400,370.570337875445,-53.6445132892286,424.214851164674,397.838063358766,398.054106887254,2.16043528487213,29.300078100024,26.8327012813764,26.8328157299975,-0.930636614354242,0.974957534207614,0.834406500084706
"cloglog",4000,851,10,1,400,376.313223002923,-53.6035146308216,429.916737633745,397.850618864352,398.06490816045,2.14289296098095,29.2999845893685,26.832352475977,26.8328157299975,-0.735065091783161,1.18706809258753,0.776178040290372
"cloglog",4000,851,25,0,160,171.970153982105,-21.4842739093822,193.454427891487,157.906485696988,157.990088958921,2.09008154832117,18.147579907142,17.5267271811196,17.5271218401653,0.77496108886575,2.02344331409288,0.211539257947617
"cloglog",4000,851,25,1,160,186.419825934889,-21.5735248100235,207.993350744912,157.909451298429,157.992848277044,2.084924465381,18.1474181720964,17.526483866948,17.5271218401653,1.57104301923772,2.85285416330201,0.0607129767173718
"cloglog",4000,851,50,0,80,102.588179754911,-10.7522696992975,113.340449454209,77.9247461514263,77.9661226791227,2.06882638482016,12.7396939875645,12.5209488495668,12.5219806739988,1.93595180759911,2.82521134780531,0.0325042808351477
"cloglog",4000,851,50,1,80,113.936449634466,-10.8112285690418,124.747678203508,77.9249337927463,77.9662843756116,2.06752914326478,12.739546404965,12.5207736651436,12.5219806739988,2.82675023874356,3.73630217101761,0.00497697018667317
"cloglog",4000,852,2,0,2000,1802.65250698756,-226.372215988085,2029.02472297565,1997.49379241831,1998.74672078968,2.50585674274195,71.1345986887211,44.7213415456548,44.7213595499958,-2.73905088413245,0.677036983674894,0.999279983929598
"cloglog",4000,852,2,1,2000,1765.61303135392,-228.488525884267,1994.10155723819,1997.29082598597,1998.54916576962,2.51667956728317,71.1062248082709,44.7157101331098,44.7213595499958,-3.25819286928455,-0.0994641149203971,0.999932894619658
"cloglog",4000,852,5,0,800,725.812390508249,-90.6101755159478,816.422566024197,797.770822543456,798.216493253391,2.22835354967137,42.0666652508919,35.7770402936959,35.7770876399966,-1.71058085080042,0.508875877416114,0.96767623262033
"cloglog",4000,852,5,1,800,728.627308514521,-91.8758552851838,820.503163799704,797.632826142495,798.082128658297,2.24651257901437,42.0514967013423,35.7712748108327,35.7770876399966,-1.64097649408448,0.626788820358654,0.961861854201165
"cloglog",4000,852,10,0,400,368.593535780023,-45.2452800543615,413.838815834384,397.86265687242,398.076246928612,2.13590056192193,29.0238541431781,26.8327058080111,26.8328157299975,-1.00845052996784,0.587438666027711,0.852067055592146
"cloglog",4000,852,10,1,400,353.475038747039,-46.0163090530489,399.491347800088,397.786738413195,398.00111946085,2.14381047655052,29.0153955027733,26.8279960176327,26.8328157299975,-1.52717889583552,0.0555475085898363,0.947093444041047
"cloglog",4000,852,25,0,160,153.306423811906,-17.9464700559371,171.252893867843,157.917512233378,158.000679753101,2.07918799306722,18.0764578418142,17.526742543085,17.5271218401653,-0.255088052196055,0.756113926028454,0.590599417293508
"cloglog",4000,852,25,1,160,143.246500351932,-18.2559033281112,161.502403680043,157.885614998494,157.968903021225,2.08220056828634,18.0722189989314,17.5235362553149,17.5271218401653,-0.81003415504359,0.201643127696096,0.793741621022206
"cloglog",4000,852,50,0,80,85.371749674805,-8.85230255882214,94.2240522336272,77.9323468701473,77.9735746110681,2.06138704604031,12.7144957242387,12.5209763897349,12.5219806739988,0.585111904239771,1.29786025600062,0.265794520663857
"cloglog",4000,852,50,1,80,81.9092343802898,-9.12016896295624,91.029403343246,77.9188495710181,77.960059867992,2.06051484869304,12.7118391103879,12.5187103272058,12.5219806739988,0.313910896339997,1.04398481422257,0.359013160134983
"cloglog",4000,853,2,0,2000,1779.66381079833,-258.591424150509,2038.25523494884,1997.48297146468,1998.74129945882,2.5166559882788,68.2196260219053,44.7213435350363,44.7213595499958,-3.19291050637558,0.883558774549286,0.999826735139652
"cloglog",4000,853,2,1,2000,1771.72652870522,-258.503388682744,2030.22991738796,1997.35743867066,1998.61512498988,2.51537263843673,68.2212804421795,44.7180579896603,44.7213595499958,-3.30733912502086,0.70698044189208,0.999897858401489
"cloglog",4000,853,5,0,800,733.6635574109,-103.388615601716,837.052173012616,797.755441789532,798.204191671845,2.24374941156538,41.2869375959267,35.7770410651879,35.7770876399966,-1.55235258681321,1.0858355018792,0.949399344098437
"cloglog",4000,853,5,1,800,762.618973591821,-103.055826133768,865.674799725589,797.677016882777,798.125574013743,2.24278565482844,41.2851493581196,35.773335457915,35.7770876399966,-0.849168377395277,1.88825629053555,0.811198236638679
"cloglog",4000,853,10,0,400,412.940017963816,-51.6683966775228,464.608414641339,397.848212637031,398.063250522354,2.15037885322941,28.7426266639257,26.832709302304,26.8328157299975,0.525067019909021,2.48000167889387,0.292323468035939
"cloglog",4000,853,10,1,400,372.899589585963,-51.5740231475876,424.473612733551,397.806062583191,398.020819833469,2.1475725027782,28.7402462696291,26.8296270671194,26.8328157299975,-0.866606109201893,0.98595455068778,0.812009016863981
"cloglog",4000,853,25,0,160,200.058247475381,-20.6218144174631,220.680061892844,157.901906914208,157.985702890386,2.09489940443916,18.0044390477652,17.5267555822405,17.5271218401653,2.34144148836482,3.5770658584402,0.0131976724110569
"cloglog",4000,853,25,1,160,200.282389387875,-20.5525124736525,220.834901861527,157.886504437511,157.970173336022,2.09172246277284,18.0025836866135,17.5247050749223,17.5271218401653,2.35498891094667,3.58720607603632,0.0128363501288868
"cloglog",4000,853,50,0,80,121.365910357848,-10.3119436493557,131.677854007203,77.9222666428322,77.9636949530667,2.07141551172201,12.688972721055,12.5209704217496,12.5219806739988,3.42373213892474,4.28993578331854,0.00121648403693496
"cloglog",4000,853,50,1,80,118.299218445469,-10.3674883281204,128.666706773589,77.9153107110876,77.9566879377898,2.06886133511133,12.6875415703745,12.5194737783594,12.5219806739988,3.18295766838531,4.05049123737565,0.00221128363587543
"cloglog",4000,854,2,0,2000,1735.47731428854,-282.967850798712,2018.44516508725,1997.47767117116,1998.73864942706,2.52195651181015,73.5069322367155,44.7213382111281,44.7213595499958,-3.56429453536301,0.440651296415798,0.9999928597287
"cloglog",4000,854,2,1,2000,1709.34143803517,-283.235308413002,1992.57674644817,1997.42599315887,1998.68699393994,2.52200156214215,73.5093127158484,44.7199437835486,44.7213595499958,-3.91902120262368,-0.13663361298815,0.999999191600827
"cloglog",4000,854,5,0,800,766.330965353055,-113.244700754139,879.575666107194,797.760757041977,798.208439820938,2.2384138948019,42.7141762182308,35.7770380804117,35.7770876399966,-0.735816407375962,2.27428626437374,0.784273912971678
"cloglog",4000,854,5,1,800,709.332026738617,-113.207242161638,822.539268900255,797.740731357456,798.185588877898,2.22428760221218,42.7141937509998,35.775419826063,35.7770876399966,-2.069773460649,0.680737784231814,0.989006970657856
"cloglog",4000,854,10,0,400,408.380427039583,-56.6221073148526,465.002534354435,397.850770578205,398.065546349221,2.14775771016189,29.2593133991402,26.8327024110091,26.8328157299975,0.359873668863583,2.49460479156773,0.348876700738767
"cloglog",4000,854,10,1,400,358.015858926161,-56.5052891346722,414.521148060833,397.849261313065,398.062279383864,2.13018070798738,29.2586576288559,26.8313885605122,26.8328157299975,-1.36142275876728,0.613418446080409,0.92560436001584
"cloglog",4000,854,25,0,160,183.747292682204,-22.5550637008665,206.302356383071,157.907980686635,157.991524042368,2.08858389331697,18.1370036382404,17.5267248497556,17.5271218401653,1.42467369533352,2.75640958335561,0.0787578200357582
"cloglog",4000,854,25,1,160,158.812460215017,-22.5611826635624,181.37364287858,157.906324669645,157.989611211154,2.08216353771125,18.1362983106109,17.5258321396279,17.5271218401653,0.0499625408588613,1.33426084885022,0.466876224888752
"cloglog",4000,854,50,0,80,96.2797925900174,-11.3555877716017,107.635380361619,77.9243988901761,77.9657789956025,2.06900527131939,12.7358248085558,12.5209187739513,12.5219806739988,1.44124106414453,2.36960257483195,0.078515703858506
"cloglog",4000,854,50,1,80,97.4605878880447,-11.2897553312928,108.750343219337,77.9223582596384,77.9636933784353,2.06675593984466,12.7352132387238,12.5202439096639,12.5219806739988,1.53418943696967,2.45894968684588,0.0671967555497726
"cloglog",4000,855,2,0,2000,1721.97429041136,-276.907530307146,1998.88182071851,1997.45844003078,1998.72905150794,2.54122295431463,74.7160450778317,44.7213414141181,44.7213595499958,-3.68708152756813,0.00341602478227386,0.999997617595229
"cloglog",4000,855,2,1,2000,1756.86655921686,-277.882994127362,2034.74955334422,1997.20630610246,1998.47040190578,2.52819160662289,74.6829594075608,44.7132781526438,44.7213595499958,-3.21813367858153,0.811373107437814,0.99996393739557
"cloglog",4000,855,5,0,800,683.611677115665,-110.716275301196,794.327952416862,797.754701051125,798.203599097324,2.24449023099888,43.0485540485321,35.7770392564705,35.7770876399966,-2.65149495629463,-0.108327764426787,0.998631926341518
"cloglog",4000,855,5,1,800,739.468147370226,-110.211998315259,849.680145685485,797.582304008542,798.031846664023,2.24771327740639,43.029438897936,35.7688799888885,35.7770876399966,-1.35056738193032,1.44394510081126,0.931330403188896
"cloglog",4000,855,10,0,400,330.448101627077,-55.2998013212572,385.747902948334,397.850464893274,398.0652747715,2.14809878225405,29.3816046861219,26.8327060217129,26.8328157299975,-2.29403274553055,-0.459043221850175,0.99414923937206
"cloglog",4000,855,10,1,400,362.979335399846,-55.458909803243,418.438245203089,397.75780028817,397.972345299156,2.14545010985634,29.3703570398176,26.826089430688,26.8328157299975,-1.18413490313294,0.762910298827266,0.895417130360979
"cloglog",4000,855,25,0,160,147.487219139481,-22.1406270489299,169.627846188411,157.910708960517,157.994146322895,2.08593405945064,18.1686058031961,17.5267348623248,17.5271218401653,-0.573708843372136,0.663768805593309,0.71474957232126
"cloglog",4000,855,25,1,160,161.218958843793,-22.3008692964198,183.519828140213,157.865953800028,157.94954064616,2.08967115329758,18.162725943419,17.5221827047073,17.5271218401653,0.184609130491232,1.45930948929003,0.41398089947338
"cloglog",4000,855,50,0,80,96.6254842323214,-10.9681092129424,107.593593445264,77.9309327519236,77.9721853908937,2.06263194850664,12.7471465062554,12.5209458629052,12.5219806739988,1.46656755464636,2.36574843296201,0.0750521176781104
"cloglog",4000,855,50,1,80,101.024451144025,-11.1805411208531,112.204992264878,77.9034427848922,77.9448186107492,2.06879129284982,12.7433035345228,12.5175852012323,12.5219806739988,1.8143653485531,2.73696348803408,0.0409085123477478
"cloglog",4000,856,2,0,2000,1762.56543984759,-292.009983587818,2054.57542343541,1997.47157053566,1998.73558035226,2.52801963319019,81.9096168679041,44.7213369685076,44.7213595499958,-2.86786997266637,1.24861748034223,0.99994580630162
"cloglog",4000,856,2,1,2000,1747.70923735246,-291.974495917105,2039.68373326956,1997.45507358802,1998.72119409216,2.53224100829103,81.9124152220331,44.7209493067694,44.7213595499958,-3.04893752135855,0.915958623695863,0.999981650982702
"cloglog",4000,856,5,0,800,708.847919394688,-116.795136013813,825.6430554085,797.765439419811,798.212177908553,2.23369244370764,45.0937587850137,35.7770348672523,35.7770876399966,-1.97183651176743,0.766717465595668,0.989380916279945
"cloglog",4000,856,5,1,800,756.540402402247,-116.761466756532,873.301869158779,797.744429314805,798.193798078023,2.2468438160937,45.094836301536,35.7766478450846,35.7770876399966,-0.913719403193713,2.09936021412567,0.850728683892124
"cloglog",4000,856,10,0,400,361.663137594865,-58.4661199457418,420.129257540606,397.856815723231,398.070969368829,2.14153645597663,30.1386516516291,26.8326877447032,26.8328157299975,-1.20090568571969,0.822067784697866,0.90414444073429
"cloglog",4000,856,10,1,400,391.942842603257,-58.4595268340316,450.402369437289,397.855863901549,398.069689585994,2.138256844448,30.1389751006352,26.8323893994685,26.8328157299975,-0.19619185053731,1.95035481455602,0.576178569573549
"cloglog",4000,856,25,0,160,173.633593604428,-23.4445587919892,197.078152396417,157.909710092288,157.993182767472,2.08681687958966,18.3658466887202,17.5267177624651,17.5271218401653,0.856148032739319,2.23002219575014,0.186938808663958
"cloglog",4000,856,25,1,160,186.694537615152,-23.2804354954797,209.974973110631,157.908613694909,157.992054068902,2.08600934983931,18.3658039200597,17.526505269066,17.5271218401653,1.56736530813126,2.96596031232068,0.0590668643710919
"cloglog",4000,856,50,0,80,106.941228202621,-11.7702322185957,118.711460421216,77.9303395083656,77.9715958353788,2.06281635065818,12.817428639673,12.520877457729,12.5219806739988,2.26339381398696,3.25375475667557,0.0165032976850752
"cloglog",4000,856,50,1,80,109.21494803378,-11.6882181159167,120.903166149697,77.9300728807731,77.9713172015269,2.06221603769177,12.817349998905,12.5207402420321,12.5219806739988,2.44082241303234,3.42885868712842,0.0113394722782122
"cloglog",4000,857,2,0,2000,1753.23513196357,-253.633564921134,2006.8686968847,1997.49077681552,1998.74518282192,2.50881201279589,79.2365639629492,44.7213384574567,44.7213595499958,-3.08261278172243,0.181647382278382,0.999972327242184
"cloglog",4000,857,2,1,2000,1734.54498052894,-254.670735043154,1989.2157155721,1997.35579125277,1998.60699156511,2.50240062468788,79.2149814621371,44.7171973210703,44.7213595499958,-3.31769074325215,-0.210014861297843,0.999993368347043
"cloglog",4000,857,5,0,800,758.105233792304,-101.551356352895,859.656590145199,797.759483102535,798.207410896051,2.23963896757689,44.3229946798338,35.7770348646117,35.7770876399966,-0.894665389752498,1.717559308134,0.841103467437725
"cloglog",4000,857,5,1,800,738.625531197121,-102.889757988794,841.515289185915,797.67667636605,798.123763669665,2.23543651807702,44.3104744411781,35.7727895545284,35.7770876399966,-1.33266786044728,1.21297572978221,0.934219416327766
"cloglog",4000,857,10,0,400,409.692892250909,-50.7283126948148,460.421204945724,397.854183115874,398.068608831623,2.14425715749084,29.851497382873,26.8326951999746,26.8328157299975,0.396586776977793,2.32375449612528,0.332134051077017
"cloglog",4000,857,10,1,400,357.212560017473,-51.4580817950118,408.670641812485,397.811916666004,398.025646957081,2.13730291076841,29.84448074358,26.8292567784458,26.8328157299975,-1.36036398144621,0.396768160344852,0.929812623585579
"cloglog",4000,857,25,0,160,192.17604244984,-20.353594918318,212.529637368158,157.915540396845,157.998776682393,2.08090713868794,18.2907256712762,17.5267122467324,17.5271218401653,1.87310786180546,3.11130004978152,0.0331756155147106
"cloglog",4000,857,25,1,160,185.914983577017,-20.5755074681229,206.490491045139,157.895305695907,157.978518456552,2.08031901612638,18.2874109707507,17.5243966537164,17.5271218401653,1.53218396666017,2.76825351235697,0.0638357564927141
"cloglog",4000,857,50,0,80,117.965536362203,-10.1558341605399,128.121370522743,77.9359827700574,77.9771322728041,2.05747513733148,12.7905986842413,12.5209268775624,12.5219806739988,3.12960750159912,4.00483436572076,0.0023566959648147
"cloglog",4000,857,50,1,80,84.3301220808252,-10.2384742258921,94.5685963067173,77.9189272588218,77.9602045223495,2.06386317638424,12.7885627233183,12.5192439955566,12.5219806739988,0.501322545833346,1.32662897138697,0.29226595831267
"cloglog",4000,858,2,0,2000,1688.48968274994,-305.616354074151,1994.10603682409,1997.49107713207,1998.74534149337,2.50852872260558,82.7573508004929,44.7213392354641,44.7213595499958,-3.73382414242634,-0.103738053211062,0.999999879142695
"cloglog",4000,858,2,1,2000,1746.04855158734,-305.620385091021,2051.66893667836,1997.33084803415,1998.59718888045,2.53268169259907,82.7390709017377,44.7167694042472,44.7213595499958,-3.03704517960129,1.18684217364031,0.999983812807088
"cloglog",4000,858,5,0,800,748.785981750832,-122.27858989348,871.064571644312,797.769374174172,798.21532803598,2.22976930904015,45.3407463038283,35.7770364336183,35.7770876399966,-1.08033935072665,2.03620117455785,0.89276944315611
"cloglog",4000,858,5,1,800,697.791936388585,-122.452899149617,820.244835538202,797.664471613514,798.114072172049,2.24800279267425,45.329872098865,35.772704756103,35.7770876399966,-2.20323884892299,0.61864942886034,0.995404897401841
"cloglog",4000,858,10,0,400,378.540390731736,-61.0698002310649,439.610190962801,397.853968983665,398.068420994756,2.14452011091033,30.2312285187032,26.8326998664258,26.8328157299975,-0.638861839173367,1.54817704423488,0.750978007051879
"cloglog",4000,858,10,1,400,349.737509819402,-60.7963042806727,410.533814100074,397.799342291009,398.014336682461,2.14994391451988,30.2249477047229,26.8292347643289,26.8328157299975,-1.59013782062218,0.466635650535172,0.960900119852211
"cloglog",4000,858,25,0,160,187.684256801601,-24.4127708419497,212.09702764355,157.913227513391,157.996555428129,2.08319786843397,18.3902336136212,17.5267100406857,17.5271218401653,1.61884997840151,3.0867442942706,0.0534370863864981
"cloglog",4000,858,25,1,160,198.265562497322,-24.370590041403,222.636152538725,157.88465501435,157.968295735351,2.09101802502853,18.3871133929372,17.5243931641859,17.5271218401653,2.19615263255422,3.69016240377064,0.0164285670655134
"cloglog",4000,858,50,0,80,113.638458933475,-12.1465911731267,125.785050106602,77.9240903689489,77.9654696159473,2.06896234991831,12.8263036156215,12.5208665047665,12.5219806739988,2.78446305613944,3.81919098589943,0.00525144767500423
"cloglog",4000,858,50,1,80,114.668135222476,-12.0517423339653,126.719877556442,77.9115225182846,77.9529356399396,2.07065608274775,12.8242920138724,12.5191495974995,12.5219806739988,2.86617090942963,3.89538774472688,0.00435818737763791
"cloglog",4000,859,2,0,2000,1748.06566653448,-255.045136966443,2003.11080350093,1997.47036438416,1998.73498695482,2.52924514131227,76.7702556675096,44.7213402679871,44.7213595499958,-3.24871521764686,0.0978462747289559,0.999981152741485
"cloglog",4000,859,2,1,2000,1694.23983611693,-253.596347546456,1947.83618366339,1997.31298428131,1998.57130310603,2.51663764942943,76.7686804477312,44.7166067230267,44.7213595499958,-3.94787491978232,-1.13459233963998,0.99999979286904
"cloglog",4000,859,5,0,800,763.525226152931,-102.019372207923,865.544598360854,797.750017256268,798.199847421965,2.24915082848865,43.6230241728937,35.7770375465404,35.7770876399966,-0.784557965713055,1.88234564841438,0.804815688864807
"cloglog",4000,859,5,1,800,699.390931519774,-101.880729436995,801.271660956768,797.657410454136,798.10417280848,2.23381177172233,43.61924519456,35.7719151093353,35.7770876399966,-2.2528239197183,0.0885467870145171,0.994783544724929
"cloglog",4000,859,10,0,400,405.501330762371,-51.0611332896475,456.562464052019,397.841439344833,398.057146706641,2.15707361808332,29.5927013311731,26.8327029246097,26.8328157299975,0.258843940328939,2.18037361013374,0.386741990427608
"cloglog",4000,859,10,1,400,350.207812621615,-50.7803377416023,400.988150363218,397.783781885207,397.999333389861,2.15551504653903,29.5891471965527,26.828617734277,26.8328157299975,-1.60788578824383,0.111404061251277,0.959338513190396
"cloglog",4000,859,25,0,160,169.740258455605,-20.4639556353851,190.20421409099,157.896412829005,157.980422356652,2.10023819117911,18.2233943931254,17.5267362781715,17.5271218401653,0.649925330654543,1.83855061335469,0.247605264937698
"cloglog",4000,859,25,1,160,191.1994742993,-20.4595498782607,211.659024177561,157.876157879387,157.959959310453,2.09503577664858,18.2206551773652,17.5239121525279,17.5271218401653,1.82887586069406,3.06433086400527,0.0369109442380752
"cloglog",4000,859,50,0,80,113.423349845512,-10.3151525675591,123.738502413072,77.9115027704931,77.953144949865,2.08210896859409,12.7667442401812,12.5209536914066,12.5219806739988,2.78158991884962,3.65669888984815,0.00545817691980306
"cloglog",4000,859,50,1,80,115.346333863264,-10.218706120915,125.565039984179,77.9080654053461,77.9495166308102,2.07256127320273,12.7647262411597,12.5189084999893,12.5219806739988,2.93294722899729,3.80348840742864,0.0038489333609437
"cloglog",4000,860,2,0,2000,1830.1582032982,-265.876047426773,2096.03425072498,1997.48076008839,1998.74019656726,2.51887295772989,75.1809452750612,44.721341834527,44.7213595499958,-2.22559793812132,2.1755620508373,0.996762814467007
"cloglog",4000,860,2,1,2000,1749.5556237905,-265.017343826976,2014.57296761748,1997.24430108004,1998.50515383586,2.52170551165048,75.1463687082611,44.7145584939694,44.7213595499958,-3.29608311814949,0.359341886016413,0.999978928340878
"cloglog",4000,860,5,0,800,723.868349196756,-106.289391697747,830.157740894502,797.746756193589,798.19722804371,2.25235925060205,43.1778667802861,35.7770364580279,35.7770876399966,-1.71102494184739,0.893324769598719,0.971255935708786
"cloglog",4000,860,5,1,800,709.748388446004,-105.883229854865,815.631618300869,797.604751693213,798.054360935174,2.24804620980265,43.1572561805862,35.769951069619,35.7770876399966,-2.03572634181342,0.491397299691141,0.98867638635971
"cloglog",4000,860,10,0,400,401.264445508992,-53.1820726010487,454.446518110041,397.855561714882,398.069847098501,2.14285383619233,29.4289348109305,26.8326938436863,26.8328157299975,0.115834426764387,2.10104402263753,0.444722510364847
"cloglog",4000,860,10,1,400,378.787520441395,-52.9977031812139,431.785223622609,397.761172253138,397.97664279265,2.15470539511587,29.4176114588196,26.8269666658613,26.8328157299975,-0.644975947088805,1.26024612663283,0.748097946440263
"cloglog",4000,860,25,0,160,179.006005583728,-21.3218137825989,200.327819366327,157.906826433396,157.990415649347,2.08973039878887,18.1809077354122,17.5267251986251,17.5271218401653,1.1605129654355,2.41559123208602,0.120970708546021
"cloglog",4000,860,25,1,160,178.201300938032,-21.1134790706152,199.314780008647,157.876335797636,157.95973368835,2.08494726786221,18.1754105531593,17.522808499075,17.5271218401653,1.11826718196819,2.36006952438475,0.129569359150438
"cloglog",4000,860,50,0,80,100.313044060056,-10.5775356727401,110.890579732796,77.9267061859336,77.9680364046788,2.06651093725911,12.7515710453082,12.5208931383987,12.5219806739988,1.75557488521063,2.62940853852919,0.0453098786560318
"cloglog",4000,860,50,1,80,104.4932547487,-10.6158416424403,115.10909639114,77.9147967529568,77.9560033476661,2.06032973546544,12.7481112413323,12.5180426228933,12.5219806739988,2.08489379270317,2.96796345584632,0.0243235372753619
"cloglog",4000,861,2,0,2000,1801.16020195672,-226.718438097687,2027.87864005441,1997.4521674888,1998.72591514519,2.54749531278595,69.5588011937619,44.7213418067603,44.7213595499958,-2.82195728165717,0.651875004895492,0.999340472980895
"cloglog",4000,861,2,1,2000,1740.20606470379,-226.726852871334,1966.93291757512,1997.40739668618,1998.67061853891,2.52644370545541,69.5438442075085,44.7194941903166,44.7213595499958,-3.69840544354929,-0.709706170394475,0.999989657438467
"cloglog",4000,861,5,0,800,764.70307467044,-90.7332106907278,855.436285361168,797.754500123366,798.203436560372,2.24468218502906,41.6429042948466,35.7770399571273,35.7770876399966,-0.793686848038029,1.59970888786159,0.796334932057372
"cloglog",4000,861,5,1,800,746.416305688012,-90.5117629207382,836.92806860875,797.730836834317,798.175916298213,2.22539731948124,41.6354434957037,35.775016822173,35.7770876399966,-1.23247230815736,1.08321828339486,0.903771927459216
"cloglog",4000,861,10,0,400,397.279110594678,-45.3805194905988,442.659630085277,397.853492296008,398.067994655237,2.14502359229654,28.8707148596571,26.8327028869697,26.8328157299975,-0.019894959446689,1.66183912287471,0.500770316665503
"cloglog",4000,861,10,1,400,359.780638039028,-45.1593428221752,404.939980861203,397.833412132689,398.047535718014,2.1412358532461,28.8668237720079,26.8310627074346,26.8328157299975,-1.31821825616164,0.256883047024421,0.915711081843437
"cloglog",4000,861,25,0,160,164.839048601192,-18.1901938938527,183.029242495045,157.915647034708,157.998893752034,2.08116793315019,18.0372209019567,17.5267549852318,17.5271218401653,0.383839705912394,1.42812224876204,0.338451625143757
"cloglog",4000,861,25,1,160,154.013168001999,-18.107077256356,172.120245258355,157.905414194894,157.988656808027,2.08106532832057,18.0354747233846,17.5256139815274,17.5271218401653,-0.215810576244407,0.80633913683271,0.574795980550843
"cloglog",4000,861,50,0,80,82.0939014410495,-9.11398819346978,91.2078896345193,77.9373073295613,77.9784383441364,2.0565507287537,12.7006115206143,12.5209958562265,12.5219806739988,0.327275116221111,1.05658139674283,0.353685651130022
"cloglog",4000,861,50,1,80,85.3140829796492,-9.06313222203738,94.3772152016866,77.928744078713,77.969934703437,2.05953123620028,12.6995015507163,12.5201182936191,12.5219806739988,0.581545572591365,1.31047328096026,0.2672221650168
"cloglog",4000,862,2,0,2000,1784.94313018899,-264.489701389604,2049.43283157859,1997.4783587748,1998.73899356774,2.52126958588775,74.5709632477937,44.7213411430462,44.7213595499958,-2.850107056812,1.13354914488599,0.999756331685235
"cloglog",4000,862,2,1,2000,1755.45653884259,-265.637967568311,2021.0945064109,1996.72328776066,1997.98438295338,2.52219038545521,74.4755815797292,44.69955675264,44.7213595499958,-3.23954165647945,0.517010125746991,0.999967445214813
"cloglog",4000,862,5,0,800,735.928747092555,-105.762024886774,841.690771979329,797.758709876001,798.206805560582,2.24047842290446,43.0083540361671,35.7770419544924,35.7770876399966,-1.43762680923456,1.2154153625685,0.942848366650479
"cloglog",4000,862,5,1,800,701.346860612676,-106.255771601881,807.602632214557,797.278432170552,797.726773586002,2.24170707725123,42.9528538191825,35.7540250660433,35.7770876399966,-2.2334155481663,0.276216694772463,0.993924169092942
"cloglog",4000,862,10,0,400,400.588268617802,-52.8353742640328,453.423642881835,397.85385175388,398.068316631036,2.14464877156261,29.3668908623468,26.8327031029645,26.8328157299975,0.0931122357058237,2.06297986596374,0.454159116759467
"cloglog",4000,862,10,1,400,389.644982424576,-52.8677346113605,442.512717035937,397.582917920687,397.797495533744,2.14577613056536,29.3338723350348,26.8139755808912,26.8328157299975,-0.270606464957932,1.667608794798,0.608172810160092
"cloglog",4000,862,25,0,160,181.312642687829,-21.1582338678239,202.470876555653,157.923814499432,158.006731845406,2.07293364935665,18.164936225874,17.5267498311233,17.5271218401653,1.28758107914973,2.53693041429101,0.0986901523565274
"cloglog",4000,862,25,1,160,183.401149347144,-21.2983088868875,204.699458234032,157.798736281547,157.882035451944,2.08247925992953,18.1482373837386,17.5139382848098,17.5271218401653,1.41073827304781,2.67315220715909,0.0813793776735753
"cloglog",4000,862,50,0,80,119.379652771,-10.5727086896235,129.952361460623,77.9364322682413,77.9775748372174,2.0571284488064,12.7460054239605,12.520951851553,12.5219806739988,3.25146735186945,4.15102519677524,0.00179596283439435
"cloglog",4000,862,50,1,80,123.340455081744,-10.6353849326495,133.975840014394,77.8687147462851,77.9100330009989,2.06591273568502,12.7352665562285,12.5116698783644,12.5219806739988,3.57053699148686,4.48108106739181,0.00081851483567161
"cloglog",4000,863,2,0,2000,1777.39678044813,-263.306846369429,2040.70362681755,1997.47480734167,1998.73720184124,2.52478899913485,75.20111184741,44.7213413441524,44.7213595499958,-2.92652623727299,0.938398172214084,0.999850719566657
"cloglog",4000,863,2,1,2000,1694.65959591178,-262.596091727685,1957.25568763946,1997.40496612426,1998.66371065452,2.51748906052815,75.2019919145865,44.7190674537272,44.7213595499958,-4.02576264943003,-0.925959000775386,0.999999784655549
"cloglog",4000,863,5,0,800,767.419805147,-105.162209746029,872.582014893029,797.751779302811,798.201257666056,2.24739181622614,43.1834777432814,35.7770392593906,35.7770876399966,-0.702397670148966,2.07900817861697,0.775990615050517
"cloglog",4000,863,5,1,800,720.733241916156,-104.1945129275,824.927754843655,797.72048462239,798.166310422998,2.22912900303994,43.182345584633,35.7746263370698,35.7770876399966,-1.78284068787666,0.748056574190593,0.9763422840334
"cloglog",4000,863,10,0,400,432.802499431718,-52.5577545815135,485.360254013231,397.848245167676,398.063266691602,2.1502152392532,29.4310693417246,26.8326989940774,26.8328157299975,1.1876651119328,3.25338078517179,0.11070622907554
"cloglog",4000,863,10,1,400,397.820784798112,-51.9946551155007,449.815439913613,397.828027075024,398.042324711868,2.14297636844096,29.4296300835441,26.830782765657,26.8328157299975,-0.000246087935571137,1.92961627895603,0.493106603109366
"cloglog",4000,863,25,0,160,162.749782639932,-20.9439857129445,183.693768352876,157.908863533225,157.992375463208,2.0877982495655,18.1814480262335,17.5267369971077,17.5271218401653,0.266255971456261,1.46641059849928,0.381331367385467
"cloglog",4000,863,25,1,160,152.005693938428,-20.9454378398507,172.951131778279,157.89920843622,157.982611795609,2.08508398472115,18.1801805763098,17.5253635924305,17.5271218401653,-0.324172495045044,0.854106101920489,0.619410634724013
"cloglog",4000,863,50,0,80,100.503920056931,-10.4131109583869,110.917031015318,77.9270323566207,77.9683612218827,2.06644326310187,12.7517731421499,12.5209332446773,12.5219806739988,1.77049006821524,2.63148673901298,0.0440911172688055
"cloglog",4000,863,50,1,80,101.26377779524,-10.5663468776114,111.830124672851,77.9298618694113,77.9710019021803,2.05700163844975,12.7507652356178,12.5198922788487,12.5219806739988,1.83000121911489,2.7044260458912,0.0395124945477989
"cloglog",4000,864,2,0,2000,1736.99115414115,-314.483344342905,2051.47449848405,1997.49984504594,1998.7497376693,2.49978524672509,70.7857423730645,44.7213426102241,44.7213595499958,-3.68024240717611,1.17896193936479,0.999991954248868
"cloglog",4000,864,2,1,2000,1679.21764026675,-315.310047735727,1994.52768800247,1996.92403994784,1998.17313939439,2.49819889310261,70.7245805400349,44.7053631283063,44.7213595499958,-4.49216378881522,-0.0815439387317446,0.999999950496093
"cloglog",4000,864,5,0,800,752.53040057586,-125.701196436831,878.231597012691,797.767786611751,798.21406764088,2.23140514564434,41.9723957195865,35.7770405421246,35.7770876399966,-1.07778899108161,2.23656088260281,0.873638400617793
"cloglog",4000,864,5,1,800,728.176379582433,-125.385488072009,853.561867654442,797.415985289739,797.861350170237,2.22682440248965,41.9335402942698,35.7600868859666,35.7770876399966,-1.65117481666026,1.5576169504796,0.962845832522093
"cloglog",4000,864,10,0,400,441.016988092131,-62.8968449538381,503.913833045969,397.870647489998,398.083436910593,2.12789420595256,28.9897543907088,26.8327058169556,26.8328157299975,1.48833067092012,3.94408215322444,0.0672728250486361
"cloglog",4000,864,10,1,400,409.482147750065,-62.7602854533332,472.242433203398,397.668829241807,397.88173293477,2.12903692963192,28.9669557789438,26.8188567896388,26.8328157299975,0.407820504108516,2.77270208987269,0.334798642114353
"cloglog",4000,864,25,0,160,208.838800631368,-25.1734589158751,234.012259547243,157.916167031568,157.999391351721,2.08060800381596,18.0676931666074,17.5267511504978,17.5271218401653,2.81843581968253,4.33696282572958,0.0041825591568016
"cloglog",4000,864,25,1,160,197.02304172495,-25.1258184625692,222.148860187519,157.836970459152,157.919953654303,2.07457987878249,18.0558144209881,17.5173202715189,17.5271218401653,2.17027436991421,3.66659429282939,0.0190602766557916
"cloglog",4000,864,50,0,80,143.464374978934,-12.6287060327412,156.093081011675,77.9366997813356,77.9778420088501,2.05711137572664,12.711354380115,12.5209888987475,12.5219806739988,5.15505061365499,6.23874357165501,9.13187998610679e-06
"cloglog",4000,864,50,1,80,136.00944380528,-12.5955875812467,148.605031386527,77.8935504322945,77.934657638299,2.05536030022263,12.7033958987857,12.5139244662673,12.5219806739988,4.57483131565954,5.64733900533983,5.28887772848273e-05
"cloglog",4000,865,2,0,2000,1834.29979261042,-263.824520491018,2098.12431310144,1997.4636208442,1998.73164319239,2.53604469637727,66.4323414681065,44.721344218272,44.7213595499958,-2.45609028114891,2.22248842574902,0.996014694743775
"cloglog",4000,865,2,1,2000,1780.80567212545,-266.865495063159,2047.67116718861,1996.4238955669,1997.6853637748,2.52293641579411,66.3139281977493,44.6923603058806,44.7213595499958,-3.25147716779,1.1184417889703,0.999813341353547
"cloglog",4000,865,5,0,800,747.204377574095,-105.613089724786,852.817467298881,797.773714381138,798.218812964511,2.2254929168697,40.8179485193518,35.7770425532513,35.7770876399966,-1.23889951948634,1.5260807053323,0.90020639887562
"cloglog",4000,865,5,1,800,737.749223518061,-106.360313458978,844.109536977039,797.089065350394,797.536824661241,2.23879655423517,40.7476809674619,35.7452930090233,35.7770876399966,-1.45627531244583,1.30290475739116,0.937125302290258
"cloglog",4000,865,10,0,400,379.121718424391,-52.7648950443476,431.886613468738,397.86223675898,398.07587619319,2.13639434209671,28.574697920807,26.8327132681261,26.8328157299975,-0.655843095403063,1.26005659352054,0.744177423678038
"cloglog",4000,865,10,1,400,384.412634076124,-53.1950395805003,437.607673656624,397.479071491787,397.692982141719,2.13910649931702,28.5330039295223,26.8065371886319,26.8328157299975,-0.457941177449719,1.48899095896029,0.678491061133022
"cloglog",4000,865,25,0,160,166.87995912031,-21.0695620460193,187.949521166329,157.914082941208,157.997393497683,2.08276391189425,17.9616832154847,17.5267621194017,17.5271218401653,0.499166813685526,1.70893673712211,0.298813681859598
"cloglog",4000,865,25,1,160,195.323055655657,-21.1108343124789,216.433889968136,157.761566405474,157.844420920525,2.0713628762679,17.9392221890763,17.5086258335001,17.5271218401653,2.09381927790912,3.34632024264916,0.0232572812552978
"cloglog",4000,865,50,0,80,114.542801650706,-10.5411207371688,125.083922387875,77.9353770330607,77.9765482878348,2.05856273870419,12.673852255054,12.521012089027,12.5219806739988,2.88842128509484,3.76226568308509,0.00445886339611792
"cloglog",4000,865,50,1,80,119.739843629937,-10.5552740628488,130.295117692786,77.8560180500974,77.8971169824976,2.05494662001245,12.6592026643655,12.5079590895376,12.5219806739988,3.30856742642559,4.18917269677647,0.00167460319321544
"cloglog",4000,866,2,0,2000,1762.16325296352,-246.340884694754,2008.50413765828,1997.47442660595,1998.73701933802,2.52518546413027,72.1008385884249,44.7213410808846,44.7213595499958,-3.26363990002478,0.218399495278866,0.999947324564129
"cloglog",4000,866,2,1,2000,1750.09643209026,-246.538937519143,1996.6353696094,1997.47709525,1998.7376965911,2.52120268219156,72.0995356765461,44.7213060558708,44.7213595499958,-3.43109925519561,-0.0470095166512523,0.999978061355556
"cloglog",4000,866,5,0,800,677.445123890535,-98.4409345298328,775.886058420368,797.762626233337,798.20992890575,2.23651336206181,42.3290531832819,35.7770383651509,35.7770876399966,-2.84243311141017,-0.623972008457997,0.999231694057473
"cloglog",4000,866,5,1,800,740.588412320366,-98.5566416962328,839.145054016599,797.753013407697,798.202070061726,2.24528327014042,42.3284475243713,35.7769987004341,35.7770876399966,-1.35050077266401,1.14439403645048,0.927342745234733
"cloglog",4000,866,10,0,400,346.540966959441,-49.1799406025369,395.720907561977,397.846348009519,398.061561356857,2.15213347337779,29.1190798674136,26.8327010372013,26.8328157299975,-1.76191628594326,-0.0872313894763733,0.970294987119449
"cloglog",4000,866,10,1,400,389.133251577698,-49.2501232801678,438.383374857866,397.847548000228,398.062593464665,2.15045464436509,29.1188065500244,26.8326679919585,26.8328157299975,-0.299266949954147,1.50267507522116,0.615224332286626
"cloglog",4000,866,25,0,160,184.92573027264,-19.6482054750782,204.573935747718,157.909689432008,157.993164453345,2.08687553342672,18.1009479313823,17.5267281964513,17.5271218401653,1.49252077532324,2.65769918790689,0.0703334279155119
"cloglog",4000,866,25,1,160,173.478439373605,-19.6626947705624,193.141134144168,157.910196971608,157.99364466919,2.08619243956032,18.1008672325146,17.526708664462,17.5271218401653,0.860082680128828,2.00536735948855,0.189149192571107
"cloglog",4000,866,50,0,80,127.00598305009,-9.76049904573643,136.766482095827,77.9301232368285,77.9713883513443,2.06325572578852,12.72320698098,12.520921145827,12.5219806739988,3.85719259983945,4.69574826482137,0.000383403309434893
"cloglog",4000,866,50,1,80,119.917572009934,-9.7344960844017,129.652068094336,77.9320907132909,77.9733143984474,2.06118425782183,12.7231666548999,12.5209047701268,12.5219806739988,3.29992386608201,4.12739771164037,0.00161759673126814
"cloglog",4000,867,2,0,2000,1805.60657113936,-286.496684578969,2092.10325571833,1997.51124862347,1998.75541810675,2.48833896656275,80.3469987333891,44.7213351241117,44.7213595499958,-2.38844861051867,2.08732224457337,0.999145024382836
"cloglog",4000,867,2,1,2000,1731.88250264536,-287.468683184615,2019.35118582997,1997.41844518806,1998.68814592654,2.53940147695693,80.3530701763753,44.7200379488815,44.7213595499958,-3.30461477028635,0.462053273010415,0.999994638258102
"cloglog",4000,867,5,0,800,689.332544470799,-114.540764697922,803.873309168721,797.757506922394,798.205819318244,2.24156197925146,44.6416811939901,35.7770307954405,35.7770876399966,-2.42878313611073,0.158411408785736,0.997726693682106
"cloglog",4000,867,5,1,800,706.98570159564,-114.815683196715,821.801384792355,797.729738867469,798.178141142905,2.24201137717982,44.6437136816833,35.7757122108646,35.7770876399966,-2.03262743594424,0.660315118542251,0.990719413262527
"cloglog",4000,867,10,0,400,401.532114709716,-57.3819582138814,458.914072923597,397.8550847211,398.069413720872,2.14328999771174,29.9699936900971,26.8326894193369,26.8328157299975,0.122690382475129,2.2675572415368,0.440998219756611
"cloglog",4000,867,10,1,400,376.393123030295,-57.5869541285899,433.980077158885,397.828666254125,398.044104887816,2.15438633691385,29.9702773484516,26.8316265819138,26.8328157299975,-0.715226721948826,1.33931396821434,0.775298118215661
"cloglog",4000,867,25,0,160,186.090440508137,-22.8455063441716,208.935946852309,157.915508679556,157.998749609572,2.08102325039936,18.3216887547628,17.5267190882101,17.5271218401653,1.53779120504147,2.90625969335023,0.0627359394698319
"cloglog",4000,867,25,1,160,163.606991981538,-22.9874659795877,186.594457961126,157.901907957895,157.985428877,2.0880229776306,18.321360705421,17.5259852165694,17.5271218401653,0.311389755126391,1.63237779392159,0.363481986764744
"cloglog",4000,867,50,0,80,116.005165285151,-11.501953850194,127.507119135345,77.9232167495364,77.9646127646678,2.06980075656885,12.8017155778484,12.5208572675758,12.5219806739988,2.97475352455966,3.95679826963395,0.00340753465436414
"cloglog",4000,867,50,1,80,108.449510091849,-11.5915086454308,120.04101873728,77.9213359724865,77.9626989632888,2.06814954011575,12.8013057999411,12.5203012742597,12.5219806739988,2.3847703192516,3.36080728827984,0.0128868434698377
"cloglog",4000,868,2,0,2000,1741.96069306284,-282.151574454028,2024.11226751686,1997.49184193701,1998.7457346175,2.50778536098246,75.5336366844411,44.721341396711,44.7213595499958,-3.38301133231159,0.567213149407712,0.999988154644771
"cloglog",4000,868,2,1,2000,1662.08257504349,-281.888544471736,1943.97111951523,1997.39018601019,1998.65393648799,2.52750095559572,75.5175042264753,44.7189321149143,44.7213595499958,-4.44013099216201,-1.22281133261953,0.999999991206816
"cloglog",4000,868,5,0,800,702.069261279536,-112.828150852551,814.897412132087,797.765662395091,798.212356807863,2.2334720638613,43.276223108,35.7770366511348,35.7770876399966,-2.21129281260832,0.466362138567297,0.993576818953348
"cloglog",4000,868,5,1,800,650.721024017396,-112.651016236378,763.372040253773,797.711096197651,798.158089017677,2.23496410013038,43.2675901382389,35.7744891080651,35.7770876399966,-3.39723270259856,-0.972370245702883,0.999956543083752
"cloglog",4000,868,10,0,400,371.425595708031,-56.4340481870534,427.859643895085,397.863046967343,398.076594439485,2.13547472141769,29.465073574708,26.8327027442737,26.8328157299975,-0.897247081100284,1.10995339304595,0.826380552838856
"cloglog",4000,868,10,1,400,357.183918859958,-56.4288730830689,413.612791943027,397.831277059827,398.045021503637,2.13744443810431,29.4604114054198,26.830634231584,26.8328157299975,-1.37972812533064,0.580223721326106,0.929959329299365
"cloglog",4000,868,25,0,160,196.514236427198,-22.632197419475,219.146433846673,157.912195069726,157.995571416795,2.08440867673003,18.1902658583948,17.5267306086199,17.5271218401653,2.12212628765167,3.48900566770868,0.0202406077965526
"cloglog",4000,868,25,1,160,166.396160667311,-22.4672558951473,188.863416562458,157.896528624614,157.980023988183,2.08738408921542,18.1881381912025,17.5253222611611,17.5271218401653,0.467317322605754,1.76221538834223,0.307990017661302
"cloglog",4000,868,50,0,80,122.20310192497,-11.3887816927273,133.591883617697,77.9303817580937,77.9716459615458,2.0632101726033,12.7549109592352,12.520951283427,12.5219806739988,3.47103325992414,4.44217347365386,0.0010294683382492
"cloglog",4000,868,50,1,80,99.680759706394,-11.2814514795293,110.962211185923,77.9210198769003,77.962340863164,2.06604931318454,12.7536246870165,12.5199236265093,12.5219806739988,1.70616121796697,2.63578846862024,0.049553495273155
"cloglog",4000,869,2,0,2000,1785.46966667098,-282.528551558119,2067.9982182291,1997.4790537976,1998.73933867476,2.52056975430832,81.1981329683108,44.7213388846706,44.7213595499958,-2.61101307845785,1.54867634291883,0.999748017610836
"cloglog",4000,869,2,1,2000,1755.9669377321,-282.683877512667,2038.65081524477,1997.41938818146,1998.68700405116,2.53523173940246,81.2001758416325,44.7199243298797,44.7213595499958,-2.97354590611075,0.893646664041989,0.999966214287795
"cloglog",4000,869,5,0,800,741.541264284541,-113.060288698321,854.601552982863,797.755867486491,798.20451735778,2.24324935644255,44.8873955108142,35.7770342216754,35.7770876399966,-1.25234718036619,1.57634742096412,0.923816827789529
"cloglog",4000,869,5,1,800,739.492116630142,-113.163907662185,852.656024292326,797.726933362821,798.175597860864,2.24332249021651,44.8875165480608,35.7756149519511,35.7770876399966,-1.29734993626407,1.5228368961549,0.931246845642603
"cloglog",4000,869,10,0,400,382.105207151715,-56.3996434629851,438.504850614701,397.85613571483,398.070368877646,2.14233162815732,30.0615121696269,26.8326959839204,26.8328157299975,-0.523956628470227,1.50691088816739,0.707928682486883
"cloglog",4000,869,10,1,400,387.028686705076,-56.521833625138,443.550520330214,397.832998653114,398.047868123955,2.1486947084029,30.0609839187892,26.8315248115289,26.8328157299975,-0.35941311758878,1.69586531238463,0.643866337613134
"cloglog",4000,869,25,0,160,158.840419782067,-22.5628244748818,181.403244256949,157.910897224361,157.994316540534,2.0854829043026,18.3456569257011,17.5267037285812,17.5271218401653,0.0506671721525439,1.33561496097194,0.466253343459255
"cloglog",4000,869,25,1,160,164.351027696281,-22.6683646147841,187.019392311065,157.910303010178,157.993465783396,2.07906933044726,18.3450411826265,17.5259206058245,17.5271218401653,0.351088047281297,1.65617128939995,0.348273533573799
"cloglog",4000,869,50,0,80,88.1226323216942,-11.2554440268255,99.3780763485197,77.928529759207,77.9698179780041,2.06441093985537,12.810094612476,12.5208442837982,12.5219806739988,0.795786672220116,1.70980948930238,0.203074276659446
"cloglog",4000,869,50,1,80,106.656843134019,-11.3455673137648,118.002410447784,77.9311769585066,77.9723370899779,2.05800657356285,12.8095605596403,12.5202500388081,12.5219806739988,2.24251769151394,3.19722635200797,0.0172789814435089
"cloglog",4000,870,2,0,2000,1670.02909835226,-309.979211430209,1980.00830978247,1997.48758472388,1998.74359486393,2.51202028009689,80.7203584108192,44.7213400655935,44.7213595499958,-4.05670258183252,-0.418933892722746,0.999999980150624
"cloglog",4000,870,2,1,2000,1718.32865756349,-310.841102517551,2029.16976008104,1997.47231948546,1998.7293765089,2.51411404687911,80.7174274824672,44.7209173125882,44.7213595499958,-3.45828243823305,0.680674400289561,0.999998246528015
"cloglog",4000,870,5,0,800,705.680423650699,-123.965200169813,829.645623820512,797.758595008523,798.206704068616,2.24054530046447,44.749324745238,35.7770371421753,35.7770876399966,-2.05764381657229,0.87874576161688,0.99156853986949
"cloglog",4000,870,5,1,800,738.176091689489,-124.288450232328,862.464541921817,797.749318809103,798.197639160982,2.24160175939506,44.7477830191392,35.7766285957413,35.7770876399966,-1.3313112538812,1.79633758918484,0.935722237949737
"cloglog",4000,870,10,0,400,358.65037807254,-62.0202304144739,420.670608487014,397.849048014549,398.063992157735,2.14944143185777,30.0100948705721,26.8327003147467,26.8328157299975,-1.3061828065211,0.842502471391426,0.922150960481735
"cloglog",4000,870,10,1,400,346.841941202584,-62.1101812938513,408.952122496435,397.842120688832,398.057296663075,2.15175974242432,30.0092808358632,26.8323749917248,26.8328157299975,-1.69948022963947,0.406032855336905,0.969496609196458
"cloglog",4000,870,25,0,160,165.10600349622,-24.7737177128997,189.87972120912,157.904371204773,157.988056913658,2.09214272212253,18.3322014175648,17.5267206821707,17.5271218401653,0.392840561120354,1.81960247292037,0.333132592212159
"cloglog",4000,870,25,1,160,173.828634934709,-24.979649826854,198.808284761563,157.903153444248,157.98681299278,2.09148871330942,18.3318357572473,17.5265101393699,17.5271218401653,0.868733590096956,2.32912721609565,0.184184786501685
"cloglog",4000,870,50,0,80,111.29875536409,-12.3338083390204,123.63256370311,77.91772708505,77.95923859219,2.0755753569995,12.8054553377946,12.5209044208399,12.5219806739988,2.60678182840695,3.64776565460407,0.00794121284315613
"cloglog",4000,870,50,1,80,102.128632543772,-12.4021369386005,114.530769482372,77.9147143827584,77.9562677791201,2.07766981808491,12.8052467460686,12.5207584234049,12.5219806739988,1.8909372572963,2.92110912665513,0.0348032725165723
"cloglog",4000,871,2,0,2000,1695.90526118845,-277.546239718501,1973.45150090695,1997.48187761698,1998.74074226144,2.51772928891806,72.3059898576908,44.7213402434252,44.7213595499958,-4.17083864036825,-0.565484871804744,0.999999758398703
"cloglog",4000,871,2,1,2000,1764.11543800521,-277.763576994351,2041.87901499956,1997.42945123657,1998.68323095319,2.50755943322737,72.3072873272092,44.7195606508814,44.7213595499958,-3.22670123379896,0.965925948682661,0.999939562546377
"cloglog",4000,871,5,0,800,684.358313221014,-110.898520987718,795.256834208733,797.768062507503,798.214284474196,2.23110983346266,42.3849749290108,35.7770384231926,35.7770876399966,-2.67570641427617,-0.0826633616366018,0.998536008235201
"cloglog",4000,871,5,1,800,734.202099493213,-110.959217778082,845.161317271295,797.721878004448,798.169539601097,2.23830798324243,42.3843738758407,35.7751635298226,35.7770876399966,-1.4986603010182,1.31353075803622,0.947897586684365
"cloglog",4000,871,10,0,400,330.448895984809,-55.4096793290869,385.858575313896,397.862587869077,398.076181723687,2.13593854609856,29.1394057567653,26.8327031619058,26.8328157299975,-2.31348890389147,-0.455325217741605,0.994148708963267
"cloglog",4000,871,10,1,400,386.742260916354,-55.4098059964098,442.152066912764,397.829216953717,398.043969943835,2.14752990117719,29.1383794875108,26.8311906397884,26.8328157299975,-0.38049322688364,1.64391128075846,0.647714402301682
"cloglog",4000,871,25,0,160,157.089999098714,-22.23090134079,179.320900439504,157.911686073219,157.99508528668,2.08498033651819,18.1061163048041,17.5267377591176,17.5271218401653,-0.04538173513702,1.21675895685327,0.505488420568944
"cloglog",4000,871,25,1,160,161.809194314068,-22.2406783388069,184.049872652875,157.900842628423,157.984317469962,2.08687103847339,18.105246534984,17.5257416211887,17.5271218401653,0.215868459901545,1.48727259286987,0.40128389037448
"cloglog",4000,871,50,0,80,96.1684821895991,-11.1745630944271,107.343045284026,77.9244730908578,77.9658552019208,2.06910555315202,12.7249617872363,12.5209490767932,12.5219806739988,1.43371818350299,2.3462430764577,0.0796581455945159
"cloglog",4000,871,50,1,80,94.4557040248968,-11.1110711690859,105.566775193983,77.9217654506653,77.9631116076078,2.06730784712312,12.7242999803719,12.5202388728011,12.5219806739988,1.29939867809908,2.20472339759755,0.0989867030324095
"cloglog",4000,872,2,0,2000,1751.68179881863,-267.669913805731,2019.35171262437,1997.48120942594,1998.74041973515,2.51842061842407,76.1576240831671,44.7213426573652,44.7213595499958,-3.22750891412894,0.460882694134009,0.999975321811312
"cloglog",4000,872,2,1,2000,1751.22793171013,-268.220689312774,2019.44862102291,1997.38688798013,1998.6372533631,2.50073076593551,76.1414157174264,44.718245640071,44.7213595499958,-3.23291803745197,0.465388732539212,0.999976137382381
"cloglog",4000,872,5,0,800,701.907867761507,-107.01362976364,808.921497525146,797.785299607326,798.228071487464,2.21385940069092,43.4508817439968,35.7770390834259,35.7770876399966,-2.206570453753,0.298890749811561,0.993655889221421
"cloglog",4000,872,5,1,800,694.912479998745,-107.044651190372,801.957131189117,797.709072687277,798.153222730696,2.22075021709549,43.4411414154789,35.7736931036063,35.7770876399966,-2.36634189017657,0.106332562517498,0.996361143464334
"cloglog",4000,872,10,0,400,391.458009801844,-53.4863903726659,444.94440017451,397.880322044841,398.092140793305,2.11818748463871,29.529275771149,26.832702117512,26.8328157299975,-0.217489663233523,1.74608800768624,0.582968195223192
"cloglog",4000,872,10,1,400,334.467775243648,-53.5956997115198,388.063474955168,397.821847526325,398.035683032913,2.13835506587886,29.523949390875,26.8300382609464,26.8328157299975,-2.14585357276958,-0.371680725191546,0.990869032922227
"cloglog",4000,872,25,0,160,165.799885912813,-21.4986671245226,187.298553037336,157.9272276259,158.010002204277,2.06936445943058,18.2069226766469,17.5267299215342,17.5271218401653,0.432399171827696,1.67107902981224,0.319491520284629
"cloglog",4000,872,25,1,160,154.182613755558,-21.5789277947413,175.7615415503,157.900499538575,157.983680210446,2.07951679677652,18.2043476086278,17.5248900714352,17.5271218401653,-0.20423065209186,1.01443497034144,0.570995320373526
"cloglog",4000,872,50,0,80,97.190245364038,-10.6905713906677,107.880816754706,77.9405185936415,77.9815725751948,2.0526990776643,12.7608398042618,12.5208934331603,12.5219806739988,1.50849999417497,2.38794813957332,0.0696621547672054
"cloglog",4000,872,50,1,80,102.86772645296,-10.7184981500167,113.586224602976,77.9342174811142,77.9752270429463,2.0504780916018,12.7592260729118,12.5195511579442,12.5219806739988,1.95415527786439,2.84443085145535,0.0311711909316928
"cloglog",4000,873,2,0,2000,1773.35230429423,-239.407361561177,2012.75966585541,1997.48339177124,1998.74151685971,2.51625017693412,69.9486495550329,44.7213418905559,44.7213595499958,-3.20422322521996,0.313455464507463,0.999886004619133
"cloglog",4000,873,2,1,2000,1651.49267494619,-246.265646325928,1897.75832127212,1996.59367133407,1997.86459980705,2.5418569459687,69.8417869668763,44.6972141790992,44.7213595499958,-4.94118222592935,-2.23965364225629,0.999999997130499
"cloglog",4000,873,5,0,800,762.503181476171,-95.788010040247,858.291191516418,797.765224538883,798.212021206724,2.23398333920378,41.7473078254988,35.7770432146149,35.7770876399966,-0.844654299867797,1.67926594574344,0.812004728157522
"cloglog",4000,873,5,1,800,656.768965878913,-98.0675092214801,754.836475100393,797.186948103912,797.633576166894,2.23314031491133,41.6832772637881,35.7494291532451,35.7770876399966,-3.36868863108769,-1.19714082378897,0.999912074559292
"cloglog",4000,873,10,0,400,364.038617862385,-47.9523331897488,411.990951052133,397.863001610932,398.076558583095,2.13556972162887,28.9083840045018,26.8327086561892,26.8328157299975,-1.17005446389808,0.518560859707658,0.88800277187749
"cloglog",4000,873,10,1,400,350.646185561888,-49.0341584653336,399.680344027221,397.537909741699,397.751370348585,2.13460606886615,28.8712045940584,26.810220232017,26.8328157299975,-1.62416930083552,0.0719491918358911,0.957839039281583
"cloglog",4000,873,25,0,160,167.1174933468,-19.1498862112177,186.267379558018,157.915299640354,157.998555524557,2.0813971050696,18.0468165320232,17.5267425607136,17.5271218401653,0.509906757799513,1.61289663127856,0.294360628751338
"cloglog",4000,873,25,1,160,159.764714964458,-19.837300309279,179.602015273737,157.778604525854,157.861749428149,2.07862255736154,18.0274457346724,17.5113090683545,17.5271218401653,0.11017148340566,1.24149860874058,0.445758339358324
"cloglog",4000,873,50,0,80,93.3689798483857,-9.64752521663856,103.016505065024,77.9328596332264,77.9740771228345,2.06087448040727,12.7039797019635,12.5209770126219,12.5219806739988,1.21506178199998,2.00003784983756,0.113053227627237
"cloglog",4000,873,50,1,80,83.5298181410812,-10.0104936800099,93.5403118210911,77.8650807372476,77.9062419958672,2.05806293098205,12.6914177878882,12.5098708046908,12.5219806739988,0.446343938755181,1.24973871187875,0.313557894429109
"cloglog",4000,874,2,0,2000,1747.04866146714,-301.180911679589,2048.22957314673,1997.4876924025,1998.74364215697,2.5118995089334,79.9434745340004,44.7213404040123,44.7213595499958,-3.13270135424062,1.10653952995825,0.999982541665812
"cloglog",4000,874,2,1,2000,1706.74629123916,-295.936445355993,2002.68273659515,1995.57375685603,1996.8266604552,2.50580719833017,79.6839640903793,44.6595379442531,44.7213595499958,-3.62466236355003,0.131127109896838,0.999999356778146
"cloglog",4000,874,5,0,800,738.781520770386,-120.508601294384,859.29012206477,797.771369422883,798.216912295233,2.22771436175021,44.5256152152375,35.7770323954366,35.7770876399966,-1.32485196144598,1.70705074402222,0.933691649294236
"cloglog",4000,874,5,1,800,692.863560027977,-118.730977086584,811.594537114561,796.571494404537,797.017103005874,2.22804300668609,44.3831331779447,35.7181149080874,35.7770876399966,-2.33665194299746,0.408124396995734,0.996929776030078
"cloglog",4000,874,10,0,400,397.099015358575,-60.2600885808345,457.359103939409,397.87888996937,398.090841844318,2.11951874947652,29.926784751405,26.8326934558433,26.8328157299975,-0.0260594185868413,2.20880778117282,0.503319959261037
"cloglog",4000,874,10,1,400,343.064343792666,-59.2281472558889,402.292491048555,397.193709672366,397.405761858857,2.12052186490373,29.8428558956708,26.7847735248861,26.8328157299975,-1.81381319766894,0.182444297509487,0.978349824709685
"cloglog",4000,874,25,0,160,170.054431516217,-24.1303213754264,194.184752891643,157.919079346873,158.002171138595,2.07729479305976,18.3104073202912,17.5267044375797,17.5271218401653,0.662757084376613,2.06442585267017,0.242313491039008
"cloglog",4000,874,25,1,160,183.387871071849,-23.809204834298,207.197075906147,157.6334797166,157.716522998341,2.07608204352559,18.2682152323142,17.4947488691774,17.5271218401653,1.40979241966084,2.82830884157372,0.0814813032824592
"cloglog",4000,874,50,0,80,114.548550502798,-12.081126164911,126.629676667709,77.9385746033467,77.9796635738392,2.05444852462625,12.7977014945546,12.5208607478472,12.5219806739988,2.860668059419,3.88551666483745,0.00445419890873939
"cloglog",4000,874,50,1,80,107.630707407248,-11.8808604508725,119.511567858121,77.7882381658069,77.8294491169,2.06054755465564,12.7709948544565,12.498086485554,12.5219806739988,2.33673802092464,3.33508003720403,0.0147503679504592
"cloglog",4000,875,2,0,2000,1793.22344387872,-259.793351612026,2053.01679549074,1997.4575749792,1998.72859213097,2.54203430355279,76.2272576288595,44.7213402657921,44.7213595499958,-2.67927953140948,1.21392165434038,0.999590925462575
"cloglog",4000,875,2,1,2000,1819.78243566981,-259.841268429566,2079.62370409938,1997.4674878577,1998.73300438175,2.53103304808985,76.2284469140673,44.7213093466014,44.7213595499958,-2.3309546420144,1.80877306365752,0.998117010080065
"cloglog",4000,875,5,0,800,771.141749992262,-103.926627027715,875.068377019978,797.76143681732,798.208975563601,2.23769373140088,43.4704122358236,35.7770370250065,35.7770876399966,-0.612363339934489,2.1482886188327,0.746416516650533
"cloglog",4000,875,5,1,800,806.261363208742,-103.928653570132,910.190016778874,797.76331317268,798.210345062081,2.23515944700639,43.4709582861729,35.7770049620243,35.7770876399966,0.195487984877606,3.12993420873698,0.411862085814866
"cloglog",4000,875,10,0,400,389.126358076536,-52.0047724861849,441.131130562721,397.860423281948,398.074225838076,2.13802556127988,29.536470392717,26.8326986996601,26.8328157299975,-0.295704432157397,1.60464309634238,0.615319111240247
"cloglog",4000,875,10,1,400,386.695895600409,-51.9701658767225,438.666061477131,397.846944292896,398.062057027923,2.15112735027502,29.5366778265659,26.8326725877853,26.8328157299975,-0.377532258636675,1.51322997425502,0.648336081012037
"cloglog",4000,875,25,0,160,169.392313590538,-20.7270990619924,190.119412652531,157.911390652585,157.994794547774,2.08509737973241,18.2087963983074,17.5267188135195,17.5271218401653,0.630515201928505,1.8328940200705,0.253544877931626
"cloglog",4000,875,25,1,160,171.109659725728,-20.7476834906189,191.857343216347,157.912515086981,157.995867250574,2.08380408982078,18.2088486592381,17.526700122097,17.5271218401653,0.724765463523748,1.93199379973879,0.225042107010117
"cloglog",4000,875,50,0,80,98.3344476541454,-10.426390218483,108.760837872628,77.9284608682908,77.9697542121366,2.06466719228601,12.7614783442076,12.5208786817449,12.5219806739988,1.59903000541601,2.45917913935101,0.0597147602823795
"cloglog",4000,875,50,1,80,99.9324969262051,-10.418417544565,110.35091447077,77.9289496070231,77.9702313909802,2.06408919785404,12.76148995439,12.5208646602671,12.5219806739988,1.72421460172938,2.5861379352294,0.0478253043971479
"cloglog",4000,876,2,0,2000,1727.26733942536,-262.578548075993,1989.84588750136,1997.48230867919,1998.74094420679,2.51727105519432,74.0656200895044,44.7213393847893,44.7213595499958,-3.64831846310458,-0.198899604255994,0.99999631079638
"cloglog",4000,876,2,1,2000,1731.98125662391,-262.156021511291,1994.1372781352,1997.38561851209,1998.66178253344,2.55232804270407,74.0662574175601,44.7194058057522,44.7213595499958,-3.58333701663797,-0.101175414044929,0.999994595597526
"cloglog",4000,876,5,0,800,700.214423609509,-104.930818519714,805.145242129223,797.757471920109,798.205806456945,2.24167268417961,42.8682761361281,35.7770345352895,35.7770876399966,-2.27541336163956,0.193963411512862,0.994435667532183
"cloglog",4000,876,5,1,800,744.086007113334,-104.354157066315,848.440164179648,797.703713050228,798.154634144902,2.25460547337034,42.8674043348266,35.7750481451743,35.7770876399966,-1.25078032525831,1.40560342031377,0.913779556222303
"cloglog",4000,876,10,0,400,374.034333179201,-52.4636379626831,426.497971141884,397.847498629589,398.062591742641,2.15093113052366,29.3155641888356,26.8326938329586,26.8328157299975,-0.812304525234318,1.05972883588435,0.80048711518648
"cloglog",4000,876,10,1,400,370.922060126376,-52.3113390686085,423.233399194985,397.826499069864,398.041369088795,2.14870018931079,29.3144026473949,26.8310764076402,26.8328157299975,-0.917789090472176,0.938912391118839,0.831133859350726
"cloglog",4000,876,25,0,160,159.131538251579,-20.9402038919292,180.071742143509,157.899671778687,157.983540635099,2.0967214102911,18.1514834462001,17.5267048338148,17.5271218401653,0.0678658841600106,1.26025979885245,0.459777347634676
"cloglog",4000,876,25,1,160,157.712546933647,-20.885150459446,178.597697393093,157.899736738198,157.983215320275,2.08696455193006,18.150539850579,17.5256287054077,17.5271218401653,-0.0103131811005058,1.17624779226648,0.491487355142041
"cloglog",4000,876,50,0,80,91.8421028130041,-10.4383088058468,102.280411618851,77.9230882365883,77.9644890526301,2.07004080208829,12.7410132433146,12.5208765606835,12.5219806739988,1.09245742945282,1.94203037210467,0.135359808569613
"cloglog",4000,876,50,1,80,88.4171195687965,-10.420734783122,98.8378543519185,77.9177753361269,77.9591793462153,2.07020050442035,12.7402528123508,12.5200649841138,12.5219806739988,0.824107997487391,1.66761714353681,0.196997241984215
"cloglog",4000,877,2,0,2000,1735.42347010771,-289.352024232112,2024.77549433982,1997.51430874567,1998.75696818708,2.4853188828098,74.2879199886501,44.7213423429515,44.7213595499958,-3.52804114959747,0.581792155369999,0.999992890082262
"cloglog",4000,877,2,1,2000,1747.00235867969,-288.683227231277,2035.68558591096,1997.05555613137,1998.31282846455,2.51454466636241,74.2327813858429,44.7083014964773,44.7213595499958,-3.3685009881547,0.835924340569194,0.999982602541186
"cloglog",4000,877,5,0,800,722.290000595737,-115.780241772887,838.070242368624,797.776317525397,798.220884309782,2.22283392192549,42.9298845388265,35.7770399860138,35.7770876399966,-1.75836291526451,1.11382490207184,0.973918227449317
"cloglog",4000,877,5,1,800,770.707925895362,-115.903758527851,886.611684423214,797.495253705057,797.942059616342,2.23402955642357,42.8972888589329,35.7638641507868,35.7770876399966,-0.624452699045496,2.4793077289698,0.749960995401767
"cloglog",4000,877,10,0,400,419.651194638907,-57.8823816275763,477.533576266484,397.868911357681,398.08187455679,2.12963199108319,29.3382061081297,26.8327075424073,26.8328157299975,0.742454504578247,2.96100203768575,0.21844869656249
"cloglog",4000,877,10,1,400,389.659816742906,-57.9215397049313,447.581356447837,397.704111850466,397.918454990816,2.14343140349906,29.3195285160892,26.8221623443777,26.8328157299975,-0.274366455215864,1.85156218277203,0.607967946139705
"cloglog",4000,877,25,0,160,184.553333099026,-23.2019147688311,207.755247867857,157.919741335514,158.002814112826,2.07681943279582,18.1574960860066,17.5267301524141,17.5271218401653,1.46680972075428,2.83866033894398,0.0729134493461134
"cloglog",4000,877,25,1,160,160.103262585578,-23.2004395266946,183.303702112273,157.845135724418,157.928624413836,2.08721723544954,18.1481430858395,17.5195944759827,17.5271218401653,0.124427433180354,1.44838270847101,0.438304345697969
"cloglog",4000,877,50,0,80,118.151272909316,-11.5601041999839,129.711377109299,77.9321476862679,77.9733744256764,2.06133697042564,12.7433625823182,12.5209410037854,12.5219806739988,3.15608419388874,4.13211775919888,0.00227468896575466
"cloglog",4000,877,50,1,80,97.879720307827,-11.6323501318426,109.51207043967,77.8964785966669,77.9377619227239,2.06416630284924,12.7373648327062,12.5157652120608,12.5219806739988,1.56886781321112,2.52276292995007,0.063516871825604
"cloglog",4000,878,2,0,2000,1786.03478355637,-255.625283349274,2041.66006690565,1997.47771313954,1998.73866667589,2.52190707270999,74.6610671051448,44.7213397566174,44.7213595499958,-2.83203733594367,0.959752110811981,0.999738802492064
"cloglog",4000,878,2,1,2000,1769.78160660615,-255.73836778398,2025.51997439013,1996.5508296107,1997.80937827296,2.51709732450826,74.5548487556077,44.6937275847491,44.7213595499958,-3.04164285475122,0.620010851961913,0.999910525708109
"cloglog",4000,878,5,0,800,719.247373217839,-102.214010195744,821.461383413583,797.780893960584,798.224539271302,2.21822655359159,43.0332798547026,35.7770356872166,35.7770876399966,-1.82494852839257,0.649490481699781,0.978479308148222
"cloglog",4000,878,5,1,800,709.144812994969,-103.004425479373,812.149238474342,797.1804428602,797.623210339424,2.21383739611913,42.965486085564,35.7479276039362,35.7770876399966,-2.0489848454155,0.406346020833911,0.98915289942136
"cloglog",4000,878,10,0,400,376.095691798738,-51.1357705413083,427.231462340047,397.87379532917,398.086263482163,2.12468152992286,29.3760006786055,26.832699449244,26.8328157299975,-0.7413569930332,1.08618213806681,0.778564344485898
"cloglog",4000,878,10,1,400,390.969210480288,-51.4094080696181,442.378618549906,397.53412885164,397.747031769578,2.12902917938474,29.3366551155728,26.8094061107911,26.8328157299975,-0.22377869411116,1.66477342302493,0.58979405777675
"cloglog",4000,878,25,0,160,171.07114470268,-20.2805373329525,191.351682035633,157.923812676174,158.006720539605,2.07269658578624,18.1671765575798,17.5267194395542,17.5271218401653,0.723686038104866,1.90252155350731,0.225658760984723
"cloglog",4000,878,25,1,160,181.984287917996,-20.2885080351843,202.272795953181,157.782386545134,157.865298450506,2.0727976342998,18.1470942173654,17.5110346471932,17.5271218401653,1.33365160741289,2.53597222536436,0.0928369555114027
"cloglog",4000,878,50,0,80,98.592346762362,-10.3322907610873,108.924637523449,77.9414047055535,77.9824429425817,2.05191185140929,12.7466645631777,12.5209071604432,12.5219806739988,1.62010555423766,2.47124223383926,0.0576438635357379
"cloglog",4000,878,50,1,80,106.642607828622,-10.3400626351827,116.982670463805,77.8721384123168,77.9131177250916,2.04896563874026,12.7336793890879,12.5095343281095,12.5219806739988,2.25939954487623,3.12318202372424,0.0173186506129155
"cloglog",4000,879,2,0,2000,1826.75369311904,-224.443977372628,2051.19767049167,1997.47815378566,1998.73889835139,2.52148913147083,77.6645459721874,44.7213413667762,44.7213595499958,-2.1982290442766,1.17301428215315,0.997281084408773
"cloglog",4000,879,2,1,2000,1745.21603121464,-223.94012361678,1969.15615483142,1997.27850547185,1998.53627801891,2.51554509411697,77.639448245991,44.7153292283194,44.7213595499958,-3.2465773514848,-0.657048124088995,0.999984803722538
"cloglog",4000,879,5,0,800,702.992196082961,-89.6814429544277,792.673639037389,797.77040305795,798.21614919538,2.22873068715345,43.8755617465849,35.7770375077534,35.7770876399966,-2.1601593963037,-0.154918085567886,0.993107933040821
"cloglog",4000,879,5,1,800,767.806039442556,-89.8683229595466,857.674362402103,797.641757428127,798.087085754299,2.22664163085643,43.8591347717345,35.7706545804436,35.7770876399966,-0.680262347646654,1.66581454398046,0.773011422958303
"cloglog",4000,879,10,0,400,367.304363808539,-44.7489054447305,412.05326925327,397.866421189951,398.079631427628,2.13210237677649,29.685827500564,26.8327029995694,26.8328157299975,-1.02951677465723,0.520768922380478,0.862910693492034
"cloglog",4000,879,10,1,400,391.623816696296,-45.2748049989527,436.898621695248,397.793977671327,398.007073606145,2.13095934818,29.6765302689145,26.8275663169957,26.8328157299975,-0.207913826822763,1.44968602927149,0.580648270918842
"cloglog",4000,879,25,0,160,169.20481127327,-17.92965888704,187.13447016031,157.918351548044,158.00147762757,2.07815198814562,18.2475404816277,17.5267198583627,17.5271218401653,0.618519506044646,1.66220449508923,0.256779808390756
"cloglog",4000,879,25,1,160,150.927216876064,-18.0570259439002,168.984242819965,157.889685156441,157.972700636576,2.07538700336673,18.2428471808275,17.5232239050243,17.5271218401653,-0.381654695199896,0.628397048572285,0.642935380490995
"cloglog",4000,879,50,0,80,86.657407141501,-8.90606549901115,95.5634726405122,77.9328071108436,77.9740186965815,2.06057928689691,12.7752996313958,12.5209202247213,12.5219806739988,0.682927233206832,1.40480520826273,0.235154237726636
"cloglog",4000,879,50,1,80,79.5704604244074,-9.1400117957863,88.7104722201937,77.9205125857024,77.9616531709895,2.0570292643575,12.7723470035027,12.518421578852,12.5219806739988,0.12918125683968,0.85864012339724,0.429273838311891
"cloglog",4000,880,2,0,2000,1802.22675937759,-234.88214345537,2037.10890283296,1997.45381766595,1998.72670103353,2.54576673515426,76.429003700742,44.7213406758147,44.7213595499958,-2.5543582780795,0.858252485712963,0.999297739304367
"cloglog",4000,880,2,1,2000,1676.06314491159,-234.954471453887,1911.01761636548,1997.47266742965,1998.73607137856,2.52680789782406,76.4295558440648,44.7213372195818,44.7213595499958,-4.20530407338506,-1.96144526230028,0.999999963707076
"cloglog",4000,880,5,0,800,733.692223234008,-93.8508934104425,827.54311664445,797.742611831892,798.19390485906,2.25646513583879,43.5270821170001,35.7770348304304,35.7770876399966,-1.47150659963188,0.820336618853259,0.949320267672651
"cloglog",4000,880,5,1,800,732.722451812509,-93.7728600358518,826.49531184836,797.740121593745,798.191899516877,2.25888961565968,43.5273066978797,35.7770316959051,35.7770876399966,-1.49372140648444,0.79110566164501,0.95194240495545
"cloglog",4000,880,10,0,400,413.530606203563,-46.8759713114682,460.406577515031,397.836323438513,398.052531812607,2.16208374094068,29.5573111116503,26.8326958454467,26.8328157299975,0.530978027932456,2.32380846343493,0.285349370814136
"cloglog",4000,880,10,1,400,391.295951636686,-46.8747386927474,438.170690329433,397.839403252051,398.055299864951,2.15896612900208,29.5574146790569,26.8326932132611,26.8328157299975,-0.221381054006772,1.49501915986043,0.585233513518863
"cloglog",4000,880,25,0,160,178.984784981344,-18.7934657511768,197.77825073252,157.904105761766,157.987802176013,2.09241035616953,18.2141838375945,17.5267213560967,17.5271218401653,1.15737709729636,2.27027335849476,0.121191858154049
"cloglog",4000,880,25,1,160,185.670571766967,-18.7606226162569,204.431194383224,157.90398747748,157.987688062817,2.09251463342213,18.2142109988052,17.5267197697938,17.5271218401653,1.52444617509421,2.64986871076982,0.0653938943802879
"cloglog",4000,880,50,0,80,122.446828803812,-9.33721515505096,131.784043958863,77.9236829229198,77.9650767203735,2.06968987268723,12.7634647517188,12.5209178329966,12.5219806739988,3.48832756206706,4.29832444844094,0.000980344299695582
"cloglog",4000,880,50,1,80,122.555894341978,-9.34787737556667,131.903771717544,77.9239864611443,77.9653740651139,2.06938019848082,12.7634758128509,12.5209168416769,12.5219806739988,3.49684588549898,4.30786326069127,0.000959086095355912
"cloglog",4000,881,2,0,2000,1750.48051929698,-243.61379352062,1994.0943128176,1997.47461974379,1998.7371077128,2.52497593801908,70.7628541389786,44.7213399631691,44.7213595499958,-3.49044853337467,-0.10381609538124,0.999977425295107
"cloglog",4000,881,2,1,2000,1813.65348974596,-243.662992557457,2057.31648230341,1997.21987348673,1998.47939217797,2.51903738247363,70.7645626630178,44.7141546066851,44.7213595499958,-2.59404392301441,1.31584932429092,0.998652105249595
"cloglog",4000,881,5,0,800,704.730954387419,-97.3764568010242,802.107411188443,797.758257550301,798.20642889095,2.24085670324735,41.9662388074291,35.7770373798029,35.7770876399966,-2.21671767131092,0.109035923128021,0.992143195244712
"cloglog",4000,881,5,1,800,723.864224709424,-96.7454030402259,820.60962774965,797.601716944886,798.047655940431,2.22969497772265,41.9617326784675,35.7691222727069,35.7770876399966,-1.75725565959054,0.630766716532896,0.97126317134732
"cloglog",4000,881,10,0,400,367.534982290496,-48.7186449996689,416.253627290165,397.851854154069,398.066508523799,2.14654369729071,28.9874865667958,26.8326945423524,26.8328157299975,-1.04586066107228,0.677796959141037,0.861010019481746
"cloglog",4000,881,10,1,400,373.910491094899,-48.3870033715536,422.297494466453,397.765197837079,397.979162187318,2.13964350238273,28.9822923042351,26.8262498789021,26.8328157299975,-0.823078674791173,0.906512553521712,0.801763700639826
"cloglog",4000,881,25,0,160,154.080966209008,-19.428209045024,173.509175254032,157.913879680255,157.997185136138,2.08263639706103,18.0671155491433,17.5267218961807,17.5271218401653,-0.212148611150534,0.885047997553655,0.573275748419397
"cloglog",4000,881,25,1,160,158.83320723373,-19.3871096457619,178.220316879492,157.865022135623,157.948684748874,2.09156533126194,18.0630121627106,17.5222987847747,17.5271218401653,0.053600423306231,1.1569048319295,0.466414009302894
"cloglog",4000,881,50,0,80,95.5887399172386,-9.65165521099658,105.240395128235,77.9286294282277,77.9699218595575,2.06462156649185,12.7110848103559,12.5208983749594,12.5219806739988,1.38934723137264,2.17799653443526,0.0858274317723915
"cloglog",4000,881,50,1,80,107.169997994881,-9.68390675338075,116.853904748262,77.9091568910865,77.9504319966406,2.06375527770235,12.7080148687155,12.5176985506228,12.5219806739988,2.30255011550457,3.10787742605336,0.0159020506035076
"cloglog",4000,882,2,0,2000,1750.136809248,-289.182955134012,2039.31976438201,1997.48852677262,1998.74406838892,2.51108323260256,80.1036229358186,44.7213396141402,44.7213595499958,-3.08789675746385,0.90730054920493,0.999977995293627
"cloglog",4000,882,2,1,2000,1744.88004389894,-289.234010272648,2034.11405417159,1997.40559080617,1998.65037931892,2.48957702548317,80.0861167963994,44.7183467331706,44.7213595499958,-3.15317506964689,0.793045303402622,0.999985187159171
"cloglog",4000,882,5,0,800,708.429668041933,-115.886058367207,824.31572640914,797.788563237772,798.230670513614,2.21053637920651,44.5717103462688,35.7770356811682,35.7770876399966,-2.00483433329408,0.729100536108892,0.989695153802888
"cloglog",4000,882,5,1,800,680.277786298193,-116.137322874558,796.415109172751,797.721514559413,798.164137640743,2.21311540665209,44.5607194873002,35.7738569710017,35.7770876399966,-2.63558868915237,-0.0488912467394814,0.998994662649255
"cloglog",4000,882,10,0,400,366.210914341315,-58.0368313910389,424.247745732354,397.876394290185,398.088596734222,2.1220244403685,29.9439578106069,26.8326955576254,26.8328157299975,-1.05749146953626,0.974898289363159,0.871690652061758
"cloglog",4000,882,10,1,400,356.078485926983,-58.2290490015884,414.307534928571,397.833010375858,398.045990639006,2.12980263147919,29.9382537938557,26.8301991836555,26.8328157299975,-1.39468803813283,0.606091075890011,0.935448893664938
"cloglog",4000,882,25,0,160,156.538912370235,-22.9694656417064,179.508378011942,157.91941081433,158.002492331402,2.07703792680528,18.3149243951509,17.5267132613654,17.5271218401653,-0.0753756015755364,1.22703471893645,0.517908125186639
"cloglog",4000,882,25,1,160,145.588065668206,-23.2366908619643,168.82475653017,157.903354881641,157.986479943124,2.07812653707191,18.3123317818411,17.5250427244009,17.5271218401653,-0.672513438493262,0.618445087837383,0.751630650891316
"cloglog",4000,882,50,0,80,89.4874460068139,-11.477867002178,100.965313008992,77.9351349425896,77.9762956331259,2.05803452681758,12.7993721204377,12.5208847965309,12.5219806739988,0.902568575670825,1.83605374136463,0.175956396600798
"cloglog",4000,882,50,1,80,81.9857987283213,-11.6471068997305,93.6329056280518,77.9255176707685,77.9667185064676,2.06004178495386,12.7978128721166,12.5196813592623,12.5219806739988,0.317263668263127,1.25132474797324,0.356799968712288
"cloglog",4000,883,2,0,2000,1771.69273915109,-281.54936633341,2053.2421054845,1997.47278375231,1998.73621118031,2.52685485600455,69.5098608855129,44.721343473962,44.7213595499958,-3.24817287396239,1.21878928650524,0.99989809209195
"cloglog",4000,883,2,1,2000,1795.79389110354,-281.606469049501,2077.40036015304,1997.48246627159,1998.74091244753,2.5168923518732,69.5092555873204,44.7213357724588,44.7213595499958,-2.90160746887413,1.75887965658569,0.999521524231785
"cloglog",4000,883,5,0,800,785.80604723056,-112.458512677932,898.264559908492,797.767929040216,798.214178312994,2.2312463638904,41.6298530908756,35.7770410142685,35.7770876399966,-0.287339034887856,2.79649682475408,0.614126085079972
"cloglog",4000,883,5,1,800,772.746131518576,-112.487085841317,885.233217359894,797.757163841395,798.205530898939,2.24183528771828,41.6295850348962,35.7770325538632,35.7770876399966,-0.600799462734334,2.43250153097333,0.733094348362721
"cloglog",4000,883,10,0,400,418.750789109967,-56.3830467597999,475.133835869767,397.857232793198,398.071367962825,2.14135169627366,28.8660275651864,26.8327094653665,26.8328157299975,0.723811278485979,2.87195998624022,0.227647579082697
"cloglog",4000,883,10,1,400,406.643581811792,-56.3676491265677,463.01123093836,397.8477575409,398.06283022339,2.15072682489686,28.8659107673948,26.832702543469,26.8328157299975,0.304713207969425,2.42049419396923,0.371545333254794
"cloglog",4000,883,25,0,160,189.471310948145,-22.4690890166082,211.940399964753,157.90323687782,157.986976988229,2.09350276022414,18.0360338003546,17.526749108366,17.5271218401653,1.75027805002809,3.07834742443886,0.0443969012603988
"cloglog",4000,883,25,1,160,182.468068283694,-22.5037985549771,204.971866838671,157.904378089063,157.988071087225,2.09232495404834,18.0360058244671,17.5267450797755,17.5271218401653,1.36192516423499,2.68069145398032,0.0887911228741936
"cloglog",4000,883,50,0,80,111.783396059722,-11.2447852593997,123.028181319122,77.9208785405112,77.9623369187009,2.07291890948432,12.7002069203764,12.520989284073,12.5219806739988,2.66629652032531,3.59922394133392,0.00729776831650396
"cloglog",4000,883,50,1,80,113.848683498545,-11.26344007896,125.112123577505,77.9218128004728,77.9632521132067,2.07196563669562,12.7001959095747,12.5209863151464,12.5219806739988,2.82884381893563,3.76558765240903,0.00505640446731402
"cloglog",4000,884,2,0,2000,1736.78627508201,-289.899569983207,2026.68584506522,1997.48800653378,1998.7438138076,2.51161454764902,75.0437071034499,44.7213386394435,44.7213595499958,-3.4739985738229,0.624803105356268,0.999992082870583
"cloglog",4000,884,2,1,2000,1760.42466566212,-290.093712699385,2050.51837836151,1997.32378141837,1998.5863892797,2.52521572265961,75.0461086868518,44.7167518884214,44.7213595499958,-3.15671418413932,1.16135423278039,0.99995344011296
"cloglog",4000,884,5,0,800,747.013470289012,-115.961647796763,862.975118085775,797.762964469956,798.210184850711,2.23610190377228,43.1396238444671,35.7770319294193,35.7770876399966,-1.17640094322365,1.81023773472412,0.901078633606837
"cloglog",4000,884,5,1,800,712.383171293217,-116.11817807955,828.501349372767,797.664841490493,798.11238262793,2.23770568718016,43.1380400836465,35.7723732694379,35.7770876399966,-1.97694818846456,0.849509383007582,0.9863809567912
"cloglog",4000,884,10,0,400,399.86881666318,-57.9568463113364,457.825662974516,397.850285312087,398.065099137187,2.14813825099659,29.4149041010004,26.8326937655853,26.8328157299975,0.0686227411845893,2.22715484175414,0.464239739764876
"cloglog",4000,884,10,1,400,382.147131022583,-58.2636853772119,440.410816399795,397.790155575185,398.005588848124,2.15433272938957,29.412332204391,26.8289450111933,26.8328157299975,-0.531852572720027,1.58057752677116,0.707404133745845
"cloglog",4000,884,25,0,160,159.514692092397,-23.0981529623607,182.612845054758,157.907949030593,157.99149009183,2.08852653091869,18.1771926593378,17.5267141672994,17.5271218401653,0.0883933559992654,1.40479012368819,0.451282497922159
"cloglog",4000,884,25,1,160,157.629327748668,-23.1749803203086,180.804308068976,157.876495234157,157.960353881467,2.09646618276238,18.1749220641713,17.5241066322666,17.5271218401653,-0.0135993697588467,1.3035731102804,0.493356583685064
"cloglog",4000,884,50,0,80,104.746971115386,-11.5687175505236,116.31568866591,77.9194186386688,77.9608913751274,2.07363682293067,12.750065901252,12.5208636760908,12.5219806739988,2.10411088730791,3.06327089592253,0.0233836320350504
"cloglog",4000,884,50,1,80,113.871206872999,-11.5776509782499,125.448857851249,77.9135716237203,77.9549214542614,2.06749152705562,12.7482971658326,12.5189760367161,12.5219806739988,2.82058339098423,3.79375567599904,0.00503590855254659
"cloglog",4000,885,2,0,2000,1732.09966714988,-236.540459974486,1968.64012712437,1997.46529919375,1998.73246432601,2.53433026451382,72.2470484319612,44.7213394296307,44.7213595499958,-3.67303077154467,-0.672885418581721,0.999994544020417
"cloglog",4000,885,2,1,2000,1727.49636874977,-236.560096314114,1964.05646506389,1997.40450622539,1998.67057951643,2.53214658208575,72.2352132421952,44.7194607143056,44.7213595499958,-3.73651748726269,-0.774027993621746,0.99999624109766
"cloglog",4000,885,5,0,800,709.85211577867,-94.4827943061992,804.334910084869,797.759299641799,798.207268832314,2.23984595257417,42.3689211234293,35.7770383815109,35.7770876399966,-2.07480345338598,0.171273015592094,0.988592717230475
"cloglog",4000,885,5,1,800,688.913539427329,-94.9670123252176,783.880551752547,797.726914406652,798.173011154736,2.23048374041964,42.362437555502,35.7750341905633,35.7770876399966,-2.5686287489184,-0.399509314961303,0.997807758787647
"cloglog",4000,885,10,0,400,366.507629844117,-47.2776271671582,413.785257011275,397.855810420123,398.070077943021,2.14267522898169,29.1335972050509,26.8327016623042,26.8328157299975,-1.07601475902091,0.585672634311447,0.869345971002437
"cloglog",4000,885,10,1,400,365.376871771152,-47.5833074971004,412.960179268252,397.831893432127,398.04624767126,2.14354239133181,29.1301491090113,26.8311007340032,26.8328157299975,-1.11413853528595,0.555844940721777,0.878130845858496
"cloglog",4000,885,25,0,160,178.462963004089,-18.8139697320485,197.276932736137,157.910731186176,157.994166088398,2.08587255556824,18.1046915347736,17.5267323636536,17.5271218401653,1.13518817917656,2.24130578550981,0.126725285892346
"cloglog",4000,885,25,1,160,163.612628925789,-18.9846164758519,182.597245401641,157.903952365059,157.987256200881,2.08259589555799,18.1030600401315,17.5256181081335,17.5271218401653,0.315343182206469,1.40422945706766,0.363365742070101
"cloglog",4000,885,50,0,80,92.6006984547627,-9.43393405509457,102.034632509857,77.9307408561284,77.9719989311632,2.06290375174095,12.7245296457432,12.5209624980062,12.5219806739988,1.15288800506209,1.92178784838032,0.12389580074848
"cloglog",4000,885,50,1,80,82.8741725449323,-9.55438877651616,92.4285613214484,77.9267086311912,77.9679482600384,2.06198144236342,12.7235650286621,12.520182105165,12.5219806739988,0.388842584809842,1.15498424383496,0.33158596168425
"cloglog",4000,886,2,0,2000,1803.2166717161,-265.62153476003,2068.83820647613,1997.45549133635,1998.727564763,2.54414685331319,73.0588977241962,44.7213409464298,44.7213595499958,-2.65866069254862,1.56772226032101,0.99925582290229
"cloglog",4000,886,2,1,2000,1739.72624857707,-265.868738090869,2005.59498666794,1997.4612611266,1998.72163289852,2.5207435438471,73.0615988243494,44.7208423104197,44.7213595499958,-3.52763991887389,0.153694640224149,0.999990035812073
"cloglog",4000,886,5,0,800,734.891515784293,-106.144837030027,841.03635281432,797.760940265585,798.208583455247,2.2382159483067,42.5910504771415,35.7770383004006,35.7770876399966,-1.47611819330527,1.19707419601008,0.94592480351041
"cloglog",4000,886,5,1,800,767.298686095454,-106.33071895907,873.629405054524,797.751130208413,798.198488095142,2.23678943364356,42.591924266354,35.7765034987419,35.7770876399966,-0.714981645875412,2.10839264832111,0.776920468276258
"cloglog",4000,886,10,0,400,380.537403128896,-53.1237315606568,433.661134689553,397.848708023717,398.063689869022,2.14981845304553,29.2144672310926,26.8327045797926,26.8328157299975,-0.592559321992261,1.32664393612185,0.727249952648183
"cloglog",4000,886,10,1,400,384.421097672078,-53.2246129417747,437.645710613853,397.84752726043,398.062000241849,2.14472981418462,29.2145863942086,26.8322690887808,26.8328157299975,-0.459579656791364,1.47522784006944,0.678381059211447
"cloglog",4000,886,25,0,160,189.933487289672,-21.2986048934156,211.232092183087,157.914136244485,157.997437156036,2.08252278875101,18.1254878491629,17.5267376729637,17.5271218401653,1.76653733745793,3.03733963618171,0.042279626696924
"cloglog",4000,886,25,1,160,181.889017104573,-21.2891845769869,203.17820168156,157.91622691347,157.999333688176,2.07766936766399,18.1253309324578,17.5264326859338,17.5271218401653,1.32261255148581,2.57775605583688,0.0936503729537659
"cloglog",4000,886,50,0,80,112.283555717114,-10.5852828386774,122.868838555791,77.9349332899402,77.976107280638,2.05869953488681,12.7318384173327,12.5209585881946,12.5219806739988,2.69785252539905,3.58540689667967,0.00668403694354859
"cloglog",4000,886,50,1,80,107.643253554262,-10.5416714241145,118.184924978376,77.9328070291526,77.9739947712992,2.05938710733099,12.7316632878204,12.5207325207258,12.5219806739988,2.33358720329427,3.2115477381627,0.0147200790143493
"cloglog",4000,887,2,0,2000,1773.29115828336,-248.077205247213,2021.36836353057,1997.46772752077,1998.73368386234,2.53191268314083,73.8690603533868,44.721341761904,44.7213595499958,-3.03478300881263,0.506127025184904,0.999886472746275
"cloglog",4000,887,2,1,2000,1830.71525318201,-247.824133821235,2078.53938700324,1997.33674186013,1998.60352765878,2.53357159731324,73.8473966781903,44.7173096745924,44.7213595499958,-2.25629468570462,1.78758203313548,0.996670091733729
"cloglog",4000,887,5,0,800,715.012241532813,-99.2873395094879,814.299581042301,797.768959236839,798.21499944003,2.23020101595618,42.8140913196909,35.777040027234,35.7770876399966,-1.93293177907444,0.449578321460563,0.983708106750149
"cloglog",4000,887,5,1,800,750.794701378208,-99.0679177998731,849.862619178081,797.675767402886,798.123629993624,2.23931295369447,42.8025661277254,35.7729602567041,35.7770876399966,-1.09528634065495,1.44631556385552,0.882775417674621
"cloglog",4000,887,10,0,400,359.252852980221,-49.6187252449471,408.871578225168,397.858598360431,398.072589854073,2.13991493641952,29.2958337719886,26.8327035467875,26.8328157299975,-1.31778961065525,0.402456217364217,0.918764629959385
"cloglog",4000,887,10,1,400,418.747302683679,-49.5432658220419,468.290568505721,397.811030658213,398.025035394441,2.14004736228661,29.2895472247339,26.8294069954779,26.8328157299975,0.714803539461551,2.6189745126727,0.227683642282526
"cloglog",4000,887,25,0,160,188.1188937325,-19.6829663779682,207.801860110468,157.92056308723,158.003604899049,2.07604529548352,18.1465143349867,17.5267325635151,17.5271218401653,1.66413946435141,2.84127432371978,0.0511088471500381
"cloglog",4000,887,25,1,160,196.44600505457,-19.6050463574297,216.051051412,157.892543904985,157.975890731354,2.0836706592435,18.1433783892619,17.5244662960511,17.5271218401653,2.12493287206107,3.31394746633348,0.0204036651857643
"cloglog",4000,887,50,0,80,115.949835457186,-9.81047647261728,125.760311929804,77.934141744456,77.9753332346678,2.05957451058852,12.7394110687013,12.5209738279403,12.5219806739988,2.98410134563667,3.81639474307537,0.0034427132560978
"cloglog",4000,887,50,1,80,120.499754296556,-9.72548243307115,130.225236729627,77.9199350221826,77.9612068864712,2.06359321442905,12.7375038573009,12.5193687745169,12.5219806739988,3.34286998075901,4.17465375327382,0.00144336007312885
"cloglog",4000,888,2,0,2000,1825.70921839843,-241.681739133488,2067.39095753191,1997.47686392959,1998.73822655717,2.5227252551491,75.9767715572972,44.7213348838181,44.7213595499958,-2.26079158156425,1.53512257970607,0.997424460142
"cloglog",4000,888,2,1,2000,1802.88548412308,-241.791078464701,2044.67656258778,1997.46471614471,1998.73169217495,2.5339520604782,75.9771636001325,44.7213085133998,44.7213595499958,-2.56102258628265,1.02735970704129,0.999270094797814
"cloglog",4000,888,5,0,800,766.380636962487,-96.6565003242526,863.037137286739,797.757145324979,798.205542446138,2.24198560579354,43.4001833050152,35.7770359297473,35.7770876399966,-0.722957968679067,1.8121007835279,0.783899776833518
"cloglog",4000,888,5,1,800,757.880716963114,-96.7368270913726,854.617544054487,797.733550286763,798.186546219609,2.26497966422868,43.4003387873236,35.7770067596633,35.7770876399966,-0.918260880841078,1.57729790571806,0.842508084707154
"cloglog",4000,888,10,0,400,372.477247438543,-48.392548125957,420.8697955645,397.848151306122,398.063185614775,2.15034308653099,29.5106116077426,26.8327001352588,26.8328157299975,-0.859721384456932,0.849955831308838,0.816196123996015
"cloglog",4000,888,10,1,400,383.909524209727,-48.349938002064,432.259462211791,397.850865410191,398.06559538708,2.14729976888618,29.5106643549364,26.8326772566744,26.8328157299975,-0.472417056857357,1.27433675356437,0.685004501878619
"cloglog",4000,888,25,0,160,170.597013375226,-19.2886846810655,189.885698056291,157.896299241442,157.980311945982,2.10031761350058,18.2020338626244,17.5267314376201,17.5271218401653,0.697763460371484,1.82038426410906,0.233335522691145
"cloglog",4000,888,25,1,160,171.5827321274,-19.3003917280817,190.883123855481,157.902957358423,157.986696980204,2.09349054452378,18.2020370734052,17.5267128745861,17.5271218401653,0.751551857289878,1.87693078049894,0.217553528097169
"cloglog",4000,888,50,0,80,111.014534833661,-9.70402722150531,120.718562055166,77.9190154226056,77.9605065688965,2.07455731454331,12.7590669191101,12.5209469386266,12.5219806739988,2.5938824226626,3.41492186620192,0.00834225014424804
"cloglog",4000,888,50,1,80,115.96213374844,-9.67139645793437,125.633530206374,77.9198591398213,77.9613316585384,2.07362593585583,12.7590613876225,12.5209332167206,12.5219806739988,2.98158880601696,3.80739979382479,0.00343486500662751
"cloglog",4000,889,2,0,2000,1739.61736443341,-222.950571390367,1962.56793582378,1997.50602642906,1998.75283830755,2.49362375699202,72.1764026821476,44.7213422568682,44.7213595499958,-3.57303290843324,-0.809119330004327,0.99999011983136
"cloglog",4000,889,2,1,2000,1714.76320739563,-231.470642610931,1946.23385000656,1995.81766998034,1997.07586358274,2.51638720479632,71.9997689639438,44.6722172008908,44.7213595499958,-3.90354672839931,-1.13811260693733,0.999998706170334
"cloglog",4000,889,5,0,800,748.855497901366,-89.2215335245726,838.077031425939,797.7843965582,798.227349405303,2.21476423551831,42.3496395161299,35.7770394267235,35.7770876399966,-1.15535572949086,1.1138339745035,0.892433884389616
"cloglog",4000,889,5,1,800,747.512777621028,-94.1528010181996,841.665578639228,796.708708157979,797.154665723316,2.22978782668876,42.2411755594887,35.7257725078994,35.7770876399966,-1.16464397321679,1.24590484099593,0.898785825572569
"cloglog",4000,889,10,0,400,386.130852068622,-44.6075310100302,430.738383078652,397.865456518893,398.078763933157,2.133074142643,29.1265784332944,26.8327048732156,26.8328157299975,-0.402883039528491,1.21715717069195,0.655884012333301
"cloglog",4000,889,10,1,400,368.574687410301,-47.448301584537,416.022988994838,397.267450854142,397.481179450847,2.13728596705599,29.0620374838027,26.7914587803421,26.8328157299975,-0.987293594257888,0.692079132234311,0.852229432789331
"cloglog",4000,889,25,0,160,165.11695786656,-17.8264836724574,182.943441539017,157.927893873349,158.010648030158,2.06885392022207,18.1028768980468,17.5267485094102,17.5271218401653,0.397122735446908,1.42255669929154,0.332915156009365
"cloglog",4000,889,25,1,160,171.692120143067,-18.7273770325795,190.419497175646,157.660930372815,157.744317473077,2.08467750654116,18.0685081106278,17.4988824217032,17.5271218401653,0.776554969803985,1.86727237289415,0.215844570594442
"cloglog",4000,889,50,0,80,105.139578460081,-8.97369169396614,114.113270154047,77.9420809702096,77.9831116354424,2.05153326164102,12.7238805210184,12.520958537786,12.5219806739988,2.13751594452213,2.88557448773353,0.0219922569329845
"cloglog",4000,889,50,1,80,98.7898466315797,-9.34211122785283,108.131957859433,77.8063735989594,77.8475294603777,2.05779307091551,12.7011667162168,12.5005820670348,12.5219806739988,1.65209019781062,2.42264146074588,0.0560987984306246
"cloglog",4000,890,2,0,2000,1723.85690567758,-270.056775306594,1993.91368098417,1997.47438550844,1998.73702374744,2.52527647800066,68.9535960814506,44.7213442242376,44.7213595499958,-3.96813937749753,-0.107853259935227,0.999997213759603
"cloglog",4000,890,2,1,2000,1752.08880475714,-270.566159143001,2022.65496390014,1997.01589704457,1998.27238066906,2.51296724897279,68.8930127793998,44.7084180712139,44.7213595499958,-3.55518045163313,0.545368954728911,0.999974568164663
"cloglog",4000,890,5,0,800,730.752360889821,-108.123353889661,838.875714779482,797.77116631709,798.216774969506,2.22804326208344,41.481592151225,35.7770425283217,35.7770876399966,-1.61562760616674,1.1364533493172,0.956941060185657
"cloglog",4000,890,5,1,800,708.699096446255,-108.627478778872,817.326575225128,797.470422026533,797.916973038994,2.23275506230647,41.4465378953239,35.7630099545501,35.7770876399966,-2.1418272813154,0.542728428362166,0.989493658205398
"cloglog",4000,890,10,0,400,391.150073963506,-54.0608638419953,445.210937805502,397.855795552096,398.070078607824,2.14283055727312,28.8126078906129,26.8327125717724,26.8328157299975,-0.232735669539121,1.75684284887655,0.587270769846265
"cloglog",4000,890,10,1,400,387.873046167949,-54.4174252601417,442.29047142809,397.686679057276,397.901432111637,2.1475305436103,28.7925609471035,26.8213652629872,26.8328157299975,-0.340839180903573,1.65498806198763,0.632449532580758
"cloglog",4000,890,25,0,160,186.609893440895,-21.6526371616497,208.262530602545,157.919706922155,158.00278876124,2.07704597713398,18.0223506990337,17.5267507788064,17.5271218401653,1.59192255204967,2.86760178629794,0.0595701208561052
"cloglog",4000,890,25,1,160,181.654613401625,-21.7583296632301,203.412943064855,157.843719824537,157.927032089443,2.08280662264953,18.0122271761177,17.5189767975698,17.5271218401653,1.32192945071545,2.59637942906124,0.0956752987159809
"cloglog",4000,890,50,0,80,116.1666269948,-10.8367797631651,127.003406757965,77.9331235660684,77.974341698175,2.06090660532897,12.6953894143913,12.5210258858758,12.5219806739988,3.01160540892042,3.91573865485712,0.00330677670164469
"cloglog",4000,890,50,1,80,111.838798196505,-10.8541376980394,122.692935894544,77.8959463553436,77.9371826084188,2.0618126537594,12.6887879035878,12.5153178328421,12.5219806739988,2.67502712623668,3.57607804163628,0.00722733262858401
"cloglog",4000,891,2,0,2000,1768.83721297588,-226.460742034416,1995.2979550103,1997.48639234052,1998.743001277,2.51321787295648,84.951293529802,44.7213385101975,44.7213595499958,-2.69153264022316,-0.077033612621349,0.999916132219063
"cloglog",4000,891,2,1,2000,1881.63835662412,-225.97377158777,2107.61212821189,1997.44490466754,1998.71095890971,2.53210848434786,84.9523048677838,44.7206288347825,44.7213595499958,-1.36319489181197,2.43514396240957,0.969060467140679
"cloglog",4000,891,5,0,800,683.265005686029,-90.7583801254026,774.023385811432,797.736397679198,798.18894682784,2.26274574320929,45.9853286261102,35.7770353104232,35.7770876399966,-2.48930246696493,-0.675448952288341,0.998674502675824
"cloglog",4000,891,5,1,800,684.060749441198,-90.9551106388618,775.01586008006,797.730357956915,798.181228537651,2.25435290368073,45.985432283758,35.7763212049696,35.7770876399966,-2.47186125845913,-0.647505603632985,0.998574939414142
"cloglog",4000,891,10,0,400,368.043647539807,-45.289148512162,413.332796051969,397.831944091248,398.048597188948,2.16653097699534,30.4735907361819,26.8326965449746,26.8328157299975,-0.97751186623611,0.569610990733035,0.856757505288824
"cloglog",4000,891,10,1,400,338.485627664767,-45.4298735956148,383.915501260382,397.839978601193,398.054995068096,2.1501646690361,30.473377931332,26.8321128598138,26.8328157299975,-1.94774439086384,-0.526961625481654,0.986127792945919
"cloglog",4000,891,25,0,160,150.131102994965,-18.1520455442187,168.283148539184,157.900545885794,157.984379193522,2.09583269319513,18.453957854993,17.5267010736766,17.5271218401653,-0.421017699936215,0.587604552754633,0.660034635962542
"cloglog",4000,891,25,1,160,148.54481955396,-18.2876923836046,166.832511937565,157.903182750384,157.98677834598,2.08988988988804,18.4536882185129,17.5263329361352,17.5271218401653,-0.507126981100484,0.504711032468593,0.693286398203573
"cloglog",4000,891,50,0,80,94.5409280002882,-9.02054109488215,103.56146909517,77.9251038720823,77.9664611991129,2.06786635153111,12.8490424877455,12.5208503236088,12.5219806739988,1.29315660245134,2.04419086839466,0.0979445338531986
"cloglog",4000,891,50,1,80,88.9051404685831,-9.16564929702688,98.07078976561,77.92221384562,77.9635941044546,2.06901294172928,12.8488066276077,12.5205756206233,12.5219806739988,0.854781844048035,1.60593220874253,0.187200234051924
"cloglog",4000,892,2,0,2000,1866.15523198942,-215.506482905752,2081.66171489517,1997.46311566582,1998.73137512528,2.53651891892469,71.3228247005785,44.7213418665567,44.7213595499958,-1.84103594084566,1.85437950447337,0.983115307262004
"cloglog",4000,892,2,1,2000,1801.52758858917,-214.043255019128,2015.5708436083,1997.28831524974,1998.5492529221,2.52187534472861,71.319475372947,44.7161772539181,44.7213595499958,-2.74484249409979,0.380658449167955,0.999326029653198
"cloglog",4000,892,5,0,800,786.164649883998,-86.1019646644622,872.26661454846,797.753566242364,798.202686604719,2.24560181177299,42.1176404685983,35.7770399844968,35.7770876399966,-0.275155878378475,2.07015247700301,0.610653411510124
"cloglog",4000,892,5,1,800,817.80027154012,-86.6734323757357,904.473703915856,797.645140325962,798.091601616907,2.23230645472726,42.1126872034867,35.7713249066987,35.7770876399966,0.478599979069719,2.97394917790778,0.305642477238914
"cloglog",4000,892,10,0,400,438.273933360462,-43.1273764900206,481.401309850482,397.861521169651,398.075225033747,2.13703864096602,29.0423455629688,26.8327062688441,26.8328157299975,1.3914995985152,3.1053925005502,0.0799484782204741
"cloglog",4000,892,10,1,400,450.037566086377,-43.1927801115782,493.230346197956,397.792387550941,398.006147581279,2.13760030337955,29.0379104134352,26.8279991009179,26.8328157299975,1.79920585853395,3.54943349515093,0.036482745590066
"cloglog",4000,892,25,0,160,197.159852063462,-17.2321782070386,214.3920302705,157.912337622415,157.99571495045,2.08443320086837,18.0812117755896,17.5267501807744,17.5271218401653,2.17062412232969,3.21772802934758,0.0187533996316731
"cloglog",4000,892,25,1,160,185.678243113761,-17.2490529220509,202.927296035812,157.87770306254,157.961312726611,2.09024160178031,18.0780790431568,17.5235619046809,17.5271218401653,1.53780387754993,2.5660298718829,0.0653445240921918
"cloglog",4000,892,50,0,80,111.96760543153,-8.58846613935175,120.556071570882,77.9254282608854,77.9667960859877,2.0683912551123,12.7162529974073,12.520991063924,12.5219806739988,2.67706038701696,3.40143006791245,0.00706597082676461
"cloglog",4000,892,50,1,80,117.28471083548,-8.67810785482851,125.962818690308,77.9186369557872,77.9598372840739,2.06001641433295,12.7138768897348,12.5186062950618,12.5219806739988,3.09630761891966,3.83453079958031,0.00268149708559975
"cloglog",4000,893,2,0,2000,1729.48877573337,-257.684821939639,1987.17359767301,1997.48540090005,1998.74251693803,2.51423207596642,78.6841356489211,44.7213398336184,44.7213595499958,-3.40598041722716,-0.258689013076444,0.999995579598648
"cloglog",4000,893,2,1,2000,1772.45774813731,-257.730801468269,2030.18854960558,1997.11050823888,1998.36311076255,2.50520504734798,78.6349570636263,44.7095594161684,44.7213595499958,-2.85690701045073,0.711826268444949,0.999892677007648
"cloglog",4000,893,5,0,800,690.731728541724,-102.9665671583,793.698295700024,797.763345528491,798.21049944741,2.23576959459397,44.1652596922664,35.7770361996772,35.7770876399966,-2.42343456672823,-0.12612011017914,0.997436212352233
"cloglog",4000,893,5,1,800,742.508688709911,-103.2433760968,845.752064806711,797.522885523648,797.971268123071,2.24191299711736,44.1351730729457,35.7654629397691,35.7770876399966,-1.24649328377643,1.33594794408518,0.920108537087142
"cloglog",4000,893,10,0,400,360.576070592392,-51.4261246165946,412.002195208987,397.857283147563,398.071400343316,2.1411719575374,29.793025743643,26.8326979181608,26.8328157299975,-1.25134025915864,0.519172351142589,0.910953456194968
"cloglog",4000,893,10,1,400,387.24801334023,-51.9171134408103,439.16512678104,397.727891901407,397.94161586137,2.13723959962875,29.775866165754,26.8233632327528,26.8328157299975,-0.351958814660123,1.53685093707168,0.640911064480703
"cloglog",4000,893,25,0,160,162.90982386906,-20.6534532834265,183.563277152486,157.912929065685,157.996267167237,2.08345253880164,18.2754513355819,17.5267048739041,17.5271218401653,0.273421143566858,1.45874596332805,0.377973589619977
"cloglog",4000,893,25,1,160,179.438095104521,-20.8673703310089,200.30546543553,157.8533451424,157.936824788906,2.08699116265521,18.2671294123923,17.5204678170841,17.5271218401653,1.18161696207602,2.41823683528072,0.116533006997275
"cloglog",4000,893,50,0,80,99.0897996359083,-10.2828732261157,109.372672862024,77.9329352446023,77.9741393142139,2.06020348057905,12.7851961761472,12.5208782868456,12.5219806739988,1.65479388034557,2.50769417516,0.0538186044784049
"cloglog",4000,893,50,1,80,111.848791940973,-10.4004967800619,122.249288721035,77.9011532932558,77.9424116092498,2.06291579969769,12.7797916396485,12.5162919868344,12.5219806739988,2.6563530615317,3.53993636121551,0.00721469346086141
"cloglog",4000,894,2,0,2000,1815.65014651455,-211.338109003605,2026.98825551815,1997.46276275371,1998.73119357426,2.53686164110302,76.5185419480363,44.7213392133375,44.7213595499958,-2.37605960085635,0.631847400836897,0.998495248499968
"cloglog",4000,894,2,1,2000,1801.94530058542,-208.405731607494,2010.35103219291,1997.24174777553,1998.49183753259,2.50017951411196,76.4742576678701,44.7136003173053,44.7213595499958,-2.55375407549941,0.265225671298332,0.999309256153777
"cloglog",4000,894,5,0,800,746.915342257122,-84.5199860639875,831.435328321109,797.774004120995,798.219026922675,2.22511400839703,43.5521523673453,35.7770346881394,35.7770876399966,-1.16776460173313,0.928425222715462,0.901524851449518
"cloglog",4000,894,5,1,800,767.766889514916,-84.1487609297126,851.915650444628,797.616892127771,798.061159341026,2.22133606627283,43.528680214054,35.7692578903141,35.7770876399966,-0.685754827990809,1.50560828711478,0.773314371390482
"cloglog",4000,894,10,0,400,361.565938447723,-42.2994638341381,403.865402281861,397.867780286671,398.080846066611,2.1306577993996,29.5664969379519,26.8326949265367,26.8328157299975,-1.22780327730847,0.215578652501622,0.90476785009627
"cloglog",4000,894,10,1,400,414.387719999894,-41.8417107057645,456.229430705659,397.771175038358,397.985056559625,2.1388152126671,29.5536755029913,26.8265318229242,26.8328157299975,0.562249692423332,2.17114812046862,0.275382711945818
"cloglog",4000,894,25,0,160,159.310731588586,-16.7773979105583,176.088129499144,157.917632740735,158.000785015929,2.0788068798561,18.2164630191007,17.5267080457572,17.5271218401653,0.0764747166555078,1.03198754928732,0.455800257209283
"cloglog",4000,894,25,1,160,196.750279605139,-16.7030914103357,213.453371015475,157.877044172459,157.960289969291,2.08114492080231,18.21045081121,17.5224590686954,17.5271218401653,2.13466628781921,3.16696879294325,0.0196852928633327
"cloglog",4000,894,50,0,80,93.9588818964612,-8.39433806438581,102.353219960847,77.939634265854,77.9807026631578,2.05341986518763,12.7641582273429,12.5208638819537,12.5219806739988,1.2550179451937,1.94655237270148,0.105236866876398
"cloglog",4000,894,50,1,80,103.27220126854,-8.21446449746409,111.486665766004,77.9159880610542,77.9571525888064,2.05822638761143,12.7605912715788,12.5178970259855,12.5219806739988,1.98707196773561,2.67852604216148,0.0293265830056994
"cloglog",4000,895,2,0,2000,1637.58097056231,-298.635636363282,1936.21660692559,1997.47303030259,1998.7363222406,2.52658387600647,73.2573529550586,44.721340362508,44.7213595499958,-4.91270903496974,-1.39798393358124,0.999999999380152
"cloglog",4000,895,2,1,2000,1672.67611162456,-298.856683188925,1971.53279481348,1997.451235068,1998.72087498489,2.53927983378676,73.2530122321346,44.7210735000472,44.7213595499958,-4.43360775955876,-0.607947843009278,0.999999974094409
"cloglog",4000,895,5,0,800,668.989511311885,-119.46017359636,788.449684908244,797.755602858888,798.204317246355,2.24357193733246,42.6455738104591,35.7770402070382,35.7770876399966,-3.01944797646088,-0.27265062402204,0.999669078676889
"cloglog",4000,895,5,1,800,691.989553856802,-119.543860797713,811.533414654515,797.749031477286,798.19787164711,2.24420084912066,42.6434457547937,35.7767535158706,35.7770876399966,-2.48008751986452,0.372743239586827,0.997147273109757
"cloglog",4000,895,10,0,400,377.898072971064,-59.6987740446822,437.596847015746,397.844062823547,398.05950729959,2.15444476043631,29.2342859082393,26.8327024324799,26.8328157299975,-0.682280727331233,1.47347587577677,0.758386686103373
"cloglog",4000,895,10,1,400,377.991848313721,-59.7936668065942,437.785515120315,397.84231115697,398.057596267945,2.15285110974871,29.2333097233075,26.8324698475636,26.8328157299975,-0.679035765403696,1.48059120453935,0.75731204592126
"cloglog",4000,895,25,0,160,199.032135052967,-23.9586089190037,222.990743971971,157.905263014922,157.988919739134,2.09141810530934,18.1306178443914,17.5267400779596,17.5271218401653,2.26836572206324,3.70872301087973,0.0149699639433267
"cloglog",4000,895,25,1,160,211.778747698216,-24.0338303390414,235.812578037257,157.898376441764,157.982251927377,2.0968871403175,18.1302365528487,17.5265821809002,17.5271218401653,2.97185153097107,4.44070186112479,0.00276939427011527
"cloglog",4000,895,50,0,80,128.892009324184,-11.9594587752342,140.851468099418,77.9195591053902,77.9610376579911,2.07392763004144,12.733750852533,12.5209390147734,12.5219806739988,4.00294075242206,5.02282060213077,0.000256641988044158
"cloglog",4000,895,50,1,80,133.028281769476,-11.9948346828114,145.023116452287,77.9158862226883,77.9574232957341,2.07685365229212,12.7335573717618,12.5208212502856,12.5219806739988,4.3281224513902,5.35633340784443,0.000103739354326853
"cloglog",4000,896,2,0,2000,1811.9446405313,-190.180847216018,2002.12548774732,1997.48952039066,1998.74455952903,2.51007827674174,69.4063785359932,44.7213410693563,44.7213595499958,-2.67331164329703,0.0755998844724276,0.998774406817073
"cloglog",4000,896,2,1,2000,1799.10321024608,-192.514190141108,1991.61740038719,1995.82169522338,1997.08183009366,2.52026974056314,69.2380022620743,44.67387418413,44.7213595499958,-2.8411923878551,-0.122318240946628,0.999416231337658
"cloglog",4000,896,5,0,800,718.409345320633,-75.9828699206413,794.392215241274,797.75562002197,798.204333888192,2.24356933111084,41.6022161219128,35.7770410957324,35.7770876399966,-1.90726076872486,-0.10655209402917,0.979612155627328
"cloglog",4000,896,5,1,800,784.774874339363,-76.8684348394464,861.64330917881,796.705002809565,797.15188227572,2.23439733077211,41.5024190450987,35.7267142558729,35.7770876399966,-0.287456219292618,1.80513176893922,0.624065976339802
"cloglog",4000,896,10,0,400,384.203965268683,-38.1091703841239,422.313135652807,397.857814795725,398.071889873186,2.14075077460573,28.8560543183771,26.8327074318063,26.8328157299975,-0.473171050220348,0.903421536616424,0.68119868435747
"cloglog",4000,896,10,1,400,394.281322194772,-38.1970416483574,432.478363843129,397.263831746903,397.477844277162,2.14012530259469,28.794262955763,26.7917111242944,26.8328157299975,-0.10357999288655,1.30639358582172,0.543227082738812
"cloglog",4000,896,25,0,160,152.201604454918,-15.2814675992488,167.483072054167,157.926127858613,158.008954218205,2.07065898980488,18.0334804351627,17.5267526841541,17.5271218401653,-0.31743863444865,0.540551807097022,0.615098633492431
"cloglog",4000,896,25,1,160,133.94978320291,-15.477518445123,149.427301648033,157.672230786565,157.754986904029,2.06890293660332,17.9994499833458,17.4984621644124,17.5271218401653,-1.31795402668441,-0.475909550093661,0.917794521796573
"cloglog",4000,896,50,0,80,82.833319339863,-7.74071373505021,90.5740330749132,77.9411344380161,77.9821824929887,2.05240274863437,12.6992517552571,12.5209469421161,12.5219806739988,0.385234106397,1.00566280171429,0.332726040876956
"cloglog",4000,896,50,1,80,77.6390855932322,-7.77018464493012,85.4092702381623,77.8146479198979,77.8556457854441,2.04989327731225,12.6768586926807,12.5006528445513,12.5219806739988,-0.0138490402805417,0.604258397273278,0.490231605193024
"cloglog",4000,897,2,0,2000,1811.71556977409,-239.965219796812,2051.6807895709,1997.50409813416,1998.75187063718,2.49554500605366,69.3228737691476,44.7213429801972,44.7213595499958,-2.68004654536916,1.18352704562464,0.998790011524491
"cloglog",4000,897,2,1,2000,1749.97131867522,-240.713867246279,1990.6851859215,1997.38240497741,1998.64503838112,2.52526680742429,69.3086994663683,44.7187132170197,44.7213595499958,-3.56969742914079,-0.177998244739083,0.999978264870198
"cloglog",4000,897,5,0,800,749.473162163545,-96.0785108563235,845.551673019869,797.769414341425,798.215368977815,2.22977318195041,41.5799533476188,35.7770418492952,35.7770876399966,-1.16152732962712,1.3230916139308,0.889420047485447
"cloglog",4000,897,5,1,800,733.689636820587,-96.145620088718,829.835256909305,797.709560554457,798.155486110472,2.22962778007769,41.5719521369272,35.7741709657917,35.7770876399966,-1.53997877037395,0.885548705772265,0.949327406404041
"cloglog",4000,897,10,0,400,402.311334758581,-47.957768816649,450.26910357523,397.856857237157,398.071034152165,2.14176915008298,28.8480391478592,26.8327127349492,26.8328157299975,0.15441179549824,1.94531465896394,0.430196516291717
"cloglog",4000,897,10,1,400,354.737863374587,-47.9333508612398,402.671214235827,397.825333876329,398.039339092207,2.14005215878861,28.8437125759327,26.8304191770944,26.8328157299975,-1.49382540088456,0.17263521352561,0.941664880090721
"cloglog",4000,897,25,0,160,191.612776494603,-19.173298764975,210.786075259578,157.910360140762,157.993817982819,2.08644605142525,18.0314276749968,17.526756669448,17.5271218401653,1.86909306136495,3.01209506541412,0.0352885733853386
"cloglog",4000,897,25,1,160,171.719668145399,-19.2394493668186,190.959117512218,157.898057507859,157.981422282025,2.08411935413859,18.0292496929335,17.5251371637698,17.5271218401653,0.766621510764091,1.88173678311451,0.215415533837612
"cloglog",4000,897,50,0,80,101.720572458383,-9.65311351994076,111.373685978323,77.9300743533521,77.9713492700373,2.06374583426024,12.6985757631601,12.5209932866183,12.5219806739988,1.87347766779085,2.66770662228407,0.0369611575872634
"cloglog",4000,897,50,1,80,107.591801661943,-9.64126837317089,117.233070035114,77.9185192133986,77.9598758219421,2.06783042717499,12.6972070402765,12.5198184636252,12.5219806739988,2.33699287996315,3.13688208237804,0.0148446500642781
"cloglog",4000,898,2,0,2000,1745.90318960925,-195.343768313732,1941.24695792298,1997.48856411119,1998.74408288667,2.51103755096845,74.0703803441292,44.721340550169,44.7213595499958,-3.39657192703856,-1.28567534551406,0.999983990114206
"cloglog",4000,898,2,1,2000,1755.69592163112,-193.701004884279,1949.3969265154,1996.87922428319,1998.14957331727,2.54069806815951,74.0242811315116,44.7035427332666,44.7213595499958,-3.25816473953434,-1.09057680490252,0.999966873247733
"cloglog",4000,898,5,0,800,784.350046377532,-78.2109740302782,862.56102040781,797.75895850918,798.206991460141,2.24016475480511,42.8696633443554,35.7770360053279,35.7770876399966,-0.312783238439254,1.79875238793078,0.628140178885036
"cloglog",4000,898,5,1,800,738.592714300564,-76.8058328426339,815.398547143198,797.375934709592,797.823452012328,2.23758651367769,42.8400415199045,35.7585237008505,35.7770876399966,-1.37215600927268,0.491493868088636,0.934330041116165
"cloglog",4000,898,10,0,400,380.117427910096,-39.0647660262334,419.182193936329,397.84600398541,398.061252152461,2.15248167051128,29.316118911029,26.8326995715393,26.8328157299975,-0.604738169097976,0.787134433773874,0.732324627107841
"cloglog",4000,898,10,1,400,362.073039228927,-38.9296395535738,401.0026787825,397.640699345641,397.85466660794,2.13967262298547,29.2968825978513,26.8176220644179,26.8328157299975,-1.21404248380077,0.117385954914224,0.901483674029835
"cloglog",4000,898,25,0,160,182.720903069075,-15.6854705661929,198.406373635268,157.904744619409,157.98841628953,2.09179175302254,18.151697522011,17.526723674457,17.5271218401653,1.36715359098366,2.30607602975122,0.0867323497978625
"cloglog",4000,898,25,1,160,180.770973017045,-15.5536150385884,196.324588055633,157.82054718672,157.903835867264,2.08221701358497,18.1400924028056,17.5163338591258,17.5271218401653,1.26517689770837,2.19342429171348,0.103614972449998
"cloglog",4000,898,50,0,80,106.015669911168,-7.87279504326988,113.888464954438,77.9246392421317,77.9660108885142,2.06858231912309,12.7411247069489,12.5208935501543,12.5219806739988,2.20475282325078,2.86900083624468,0.0191482799623832
"cloglog",4000,898,50,1,80,103.732666112885,-7.84402453643707,111.576690649322,77.8813179668962,77.9225927878652,2.06374104845005,12.7330897906405,12.5133158648588,12.5219806739988,2.03024941872247,2.68946282703274,0.0273431674134384
"cloglog",4000,899,2,0,2000,1766.60565375106,-242.629166950088,2009.23482070115,1997.4652463691,1998.73241969337,2.53434664854054,82.148820116997,44.7213374943779,44.7213595499958,-2.81026060129953,0.234840941622103,0.999928101797996
"cloglog",4000,899,2,1,2000,1742.44160244705,-242.718375624464,1985.15997807152,1997.43889326123,1998.70843933774,2.53909215302176,82.14035099704,44.7206289996604,44.7213595499958,-3.10440955899209,-0.302957752815277,0.999987707995959
"cloglog",4000,899,5,0,800,704.348897415808,-97.0289716836894,801.377869099497,797.768895742261,798.214936749752,2.2302050374551,45.1632837019527,35.7770332187966,35.7770876399966,-2.06849437571817,0.0884067812555058,0.99236466736404
"cloglog",4000,899,5,1,800,675.172350593039,-97.399658004724,772.572008597763,797.734014172945,798.184173577805,2.25079702429877,45.1589690467071,35.776324549053,35.7770876399966,-2.71400490682466,-0.7158970437258,0.999383745211113
"cloglog",4000,899,10,0,400,346.617131540224,-48.639244659744,395.256376199968,397.863400219569,398.076902446571,2.13502227002261,30.1647197164777,26.8326937066087,26.8328157299975,-1.69888098285068,-0.105115285011756,0.970094562537893
"cloglog",4000,899,10,1,400,325.684998004507,-48.6435182905009,374.328516295008,397.831026668274,398.046960258037,2.1593358976285,30.1625736832735,26.8321246074814,26.8328157299975,-2.39190559205415,-0.883956984770999,0.996668465867348
"cloglog",4000,899,25,0,160,127.677784354203,-19.4577882864364,147.135572640639,157.904479777568,157.988150292106,2.09176286345281,18.3727000391841,17.5266876029733,17.5271218401653,-1.64519615292797,-0.619203006141664,0.963341417997567
"cloglog",4000,899,25,1,160,137.510198388411,-19.4073235773363,156.917521965747,157.901134769523,157.984800523995,2.09164386181585,18.3718867983012,17.5263022172515,17.5271218401653,-1.10989886912417,-0.0608958207509155,0.878733149360605
"cloglog",4000,899,50,0,80,73.5622602618749,-9.8135337515839,83.3757940134588,77.918564575843,77.9600536335282,2.07445288426044,12.8199471426685,12.5208568903627,12.5219806739988,-0.339806729738302,0.432537519384886,0.621190563894351
"cloglog",4000,899,50,1,80,79.8231826089326,-9.77595220622128,89.5991348151539,77.9195557657701,77.9609896192204,2.0716926725159,12.8195111913023,12.5205779459114,12.5219806739988,0.148494495207748,0.929521404380049,0.421461880101538
"cloglog",4000,900,2,0,2000,1729.98184016749,-332.654956588885,2062.63679675638,1997.49230964177,1998.74594996628,2.50728064903315,92.0423607501192,44.7213365610246,44.7213595499958,-2.90638427017888,1.42864350001949,0.999995399576747
"cloglog",4000,900,2,1,2000,1680.12727593967,-332.83688402766,2012.96415996733,1997.46548906766,1998.72354711085,2.51611608638167,92.0375773992287,44.7207321486166,44.7213595499958,-3.44792010062896,0.318434251236083,0.999999945894985
"cloglog",4000,900,5,0,800,729.660094024609,-133.173101982859,862.833196007468,797.762074077305,798.20947070944,2.23698316067601,48.1192373395406,35.7770310631345,35.7770876399966,-1.41527554919775,1.80629089048751,0.959529637825224
"cloglog",4000,900,5,1,800,733.798830125157,-133.003632873367,866.802462998524,797.747617099217,798.195633707486,2.24008304134243,48.1166269528225,35.7764594774463,35.7770876399966,-1.3290371961601,1.91765284472288,0.949025340390097
"cloglog",4000,900,10,0,400,353.777590133997,-66.611857617705,420.389447751702,397.856829172594,398.070974469488,2.14145296894423,31.2863494321575,26.8326816981405,26.8328157299975,-1.4088968460248,0.831764544941503,0.945829653620843
"cloglog",4000,900,10,1,400,365.001267138232,-66.3420587756644,431.343325913897,397.851609143754,398.065649204058,2.14040060303994,31.2850315222533,26.8322372656039,26.8328157299975,-1.0500338470861,1.24021252422725,0.880958827663878
"cloglog",4000,900,25,0,160,146.678334648397,-26.6943894730299,173.372724121427,157.909315789419,157.99279169046,2.08689752602728,18.6703388348422,17.5266840405914,17.5271218401653,-0.601541366783448,0.877515244489387,0.730733268547847
"cloglog",4000,900,25,1,160,161.402284730133,-26.7088484964011,188.111133226534,157.901936582645,157.985598467648,2.09154712507665,18.6697922718195,17.526378953817,17.5271218401653,0.18748725730449,1.71886816086019,0.410023620530613
"cloglog",4000,900,50,0,80,86.5638557603593,-13.2952939487286,99.8591497090879,77.9286600605283,77.9699434236263,2.06416815490333,12.9268385097103,12.5208242703303,12.5219806739988,0.668005227522914,1.74822406359706,0.23730605715833
"cloglog",4000,900,50,1,80,88.5014247624158,-13.1721015799363,101.673526342352,77.9211846212828,77.9625892000059,2.07022893615562,12.9265340681708,12.5206010877346,12.5219806739988,0.818490098377177,1.89375390016809,0.19528042144415
