"scen","n","rep","m","oracle","G","HL","C","EF","mu","muEF","d","sdHL","sdEF","sdEF_simple","zHL","zEF","pHL_chisq"
"cloglog",16000,51,2,0,8000,7048.58308668307,-1037.1320781835,8085.71516486657,7997.47098482132,7998.73544576972,2.52892189680211,145.100850230487,89.4427167889017,89.4427190999916,-6.53950612026722,0.972462847949253,0.999999999999997
"cloglog",16000,51,2,1,8000,6970.17274118487,-1037.19910289341,8007.37184407828,7997.47054161603,7998.73466906617,2.52825490028648,145.101625239698,89.4427008318787,89.4427190999916,-7.07985040645915,0.0965665720263049,1
"cloglog",16000,51,5,0,3200,2923.76560201238,-414.824422102791,3338.59002411517,3197.76053719752,3198.2083883226,2.23925562540456,84.903926783973,71.5541692890723,71.5541752799933,-3.22711734973432,1.96189316691596,0.999787325041173
"cloglog",16000,51,5,1,3200,2841.60703586347,-414.857118304462,3256.46415416793,3197.75639409,3198.20493193321,2.2426892160337,84.90425622275,71.5541522943797,71.5541752799933,-4.19471736837498,0.814197644254709,0.999998127928451
"cloglog",16000,51,10,0,1600,1526.55992347605,-207.387016838893,1733.94694031494,1597.85691665709,1598.07118780571,2.14271148617547,58.3280819061322,53.6656172783277,53.665631459995,-1.22234420970297,2.53189582828307,0.898168580791933
"cloglog",16000,51,10,1,1600,1480.77256465674,-207.462827150829,1688.23539180757,1597.85269490975,1598.06734808125,2.14653171509013,58.3282075318405,53.6656034434168,53.665631459995,-2.00726432728274,1.68018317023832,0.982773535727989
"cloglog",16000,51,25,0,640,674.109196251227,-82.8970440963778,757.006240347604,637.909638260059,637.993219198172,2.08952345282075,36.2262392948005,35.0541953929731,35.0542436803306,0.999263481273454,3.39511490180401,0.156013831999149
"cloglog",16000,51,25,1,640,666.83198831441,-82.9632435601552,749.795231874565,637.908160293369,637.991793698686,2.09083513291503,36.2262679802241,35.0541861767837,35.0542436803306,0.79842141169027,3.1894461224128,0.207854517054543
"cloglog",16000,51,50,0,320,381.324843169306,-41.4553838312092,422.780227000516,317.92867697411,317.970071121313,2.06970736011851,25.4573563148364,25.0438317722274,25.0439613479976,2.49028867770724,4.18506867608945,0.00848460012984113
"cloglog",16000,51,50,1,320,373.769334082281,-41.485316897582,415.254650979863,317.928030800853,317.969436193986,2.07026965664139,25.457363237028,25.0438251756751,25.0439613479976,2.19352266617329,3.88459886233232,0.0170031634124875
"cloglog",16000,52,2,0,8000,7132.94325815792,-1048.88539838095,8181.82865653888,7997.46736809465,7998.73363546054,2.53253473178062,154.125587070567,89.4427166040816,89.4427190999916,-5.60921860132742,2.04706462448811,0.999999999999366
"cloglog",16000,52,2,1,8000,7190.36270813409,-1049.64183787913,8240.00454601323,7996.72207234714,7997.98133472165,2.51852474902571,154.077535302815,89.4313831646648,89.4427190999916,-5.23346484371176,2.70624475130789,0.999999999980651
"cloglog",16000,52,5,0,3200,2965.30598352566,-419.549839439007,3384.85582296466,3197.76754763398,3198.21399551736,2.23223941689855,87.4113646738101,71.5541689746278,71.5541752799933,-2.65939749340132,2.60839906495859,0.998534684403608
"cloglog",16000,52,5,1,3200,2949.97425071354,-421.103826580948,3371.07807729449,3197.28369846774,3197.72997704755,2.23139289904382,87.3825237712772,71.542411772131,71.5541752799933,-2.83019346524633,2.42301169268752,0.999255734152679
"cloglog",16000,52,10,0,1600,1583.54445626003,-209.789521719172,1793.3339779792,1597.85936261152,1598.07338849962,2.14025888103706,59.2467896595139,53.6656170050359,53.665631459995,-0.241614886372055,3.63846724172114,0.596645395558507
"cloglog",16000,52,10,1,1600,1533.82961500482,-210.696371156778,1744.5259861616,1597.58822124729,1597.80224543894,2.14024191649692,59.230118785546,53.6561692054256,53.665631459995,-1.07645582264184,2.73451763134487,0.872610824111269
"cloglog",16000,52,25,0,640,736.408445047336,-83.9144109198999,820.322855967236,637.915463793036,637.998811041094,2.08368120145151,36.4639870661397,35.0541942742287,35.0542436803306,2.70110290121731,5.20120484013474,0.00410608607457167
"cloglog",16000,52,25,1,640,687.348781011718,-84.2650711259273,771.613852137646,637.800960572031,637.884254346935,2.08234437260924,36.4555344339426,35.0477566677346,35.0542436803306,1.35913027223529,3.81563930206762,0.0859767213873212
"cloglog",16000,52,50,0,320,466.000359890104,-41.9851192292995,507.985479119404,317.935649606102,317.976903492854,2.06269433758024,25.5420611023937,25.0438283167857,25.0439613479976,5.79689750527321,7.58704193396807,1.16081334862484e-07
"cloglog",16000,52,50,1,320,428.625029444613,-42.132842451903,470.757871896516,317.87601477388,317.917278926012,2.06320760661124,25.5366540877435,25.0391675650448,25.0439613479976,4.33686473921765,6.10406047139813,3.34463448987349e-05
"cloglog",16000,53,2,0,8000,6773.95522449121,-1152.74841594855,7926.70364043975,7997.4843883894,7998.7421454014,2.51551402398564,156.528621253829,89.4427165460541,89.4427190999916,-7.81664818930528,-0.805414993456184,1
"cloglog",16000,53,2,1,8000,6847.22426933524,-1153.27863726404,8000.50290659927,7997.39277165137,7998.65558726052,2.52563121829438,156.518212798038,89.4414442375833,89.4427190999916,-7.34846432089182,0.0206539524769582,1
"cloglog",16000,53,5,0,3200,2775.03988102475,-461.081384109391,3236.12126513414,3197.76181436484,3198.20940810537,2.23796870264598,88.0919297591877,71.5541689177457,71.5541752799933,-4.79864539800257,0.52983435629517,0.999999984278471
"cloglog",16000,53,5,1,3200,2782.33274162432,-461.183516787933,3243.51625841226,3197.70683095075,3198.15495899197,2.24064020607811,88.0863377864549,71.5528799319934,71.5541752799933,-4.71553364306514,0.633954908081991,0.999999972293653
"cloglog",16000,53,10,0,1600,1448.50302396402,-230.579019267823,1679.08204323184,1597.85596785398,1598.07033279518,2.14364941198083,59.4982576017262,53.6656169405048,53.665631459995,-2.51020701966964,1.50956450433564,0.99673396007645
"cloglog",16000,53,10,1,1600,1494.77493051279,-230.73586810886,1725.51079862165,1597.82810499872,1598.04230244097,2.14197442247847,59.4954231695987,53.664581398657,53.665631459995,-1.73211936306709,2.37528166359404,0.968196889394762
"cloglog",16000,53,25,0,640,711.885536390259,-92.1896296626813,804.07516605294,637.91009544673,637.993656612527,2.08902914493999,36.5294418621945,35.0541933185192,35.0542436803306,2.02509091769312,4.7378499893384,0.0221079944966987
"cloglog",16000,53,25,1,640,686.831544206458,-92.3585023725089,779.190046578967,637.897340821051,637.980905856146,2.08912587737102,36.5282397776992,35.0534885590993,35.0542436803306,1.3396266473065,4.02839051196704,0.0881602618957264
"cloglog",16000,53,50,0,320,418.364920157569,-46.1461845457627,464.511104703331,317.929253030505,317.970634545976,2.0690757735553,25.5654350384825,25.0438274408609,25.0439613479976,3.92857258152979,5.85136079951833,0.000130988483898662
"cloglog",16000,53,50,1,320,402.439686305169,-46.1645190813723,448.604205386541,317.922233102705,317.963627326823,2.06971120590589,25.5647512242294,25.0433236321444,25.0439613479976,3.30601508542593,5.21658306935081,0.000914648021699635
"cloglog",16000,54,2,0,8000,6900.39311587172,-1059.87605557316,7960.26917144488,7997.4717519443,7998.73582757529,2.5281512619767,149.995936874016,89.4427167545164,89.4427190999916,-7.31405569334883,-0.430070301151355,1
"cloglog",16000,54,2,1,8000,7000.3367288475,-1062.1986255244,8062.53535437189,7996.08714457002,7997.3486975321,2.5231059241647,149.891805892279,89.42160500998,89.4427190999916,-6.6431277533485,0.728981064839036,1
"cloglog",16000,54,5,0,3200,2789.39191091925,-423.950385805095,3213.34229672435,3197.76825471074,3198.21456240354,2.23153846397434,86.2542769128972,71.5541692961503,71.5541752799933,-4.73456341421637,0.211416531973123,0.999999952538677
"cloglog",16000,54,5,1,3200,2803.55710685414,-426.082020054207,3229.63912690834,3196.87243569493,3197.31885210313,2.23208204100296,86.1961275088312,71.5324998374085,71.5541752799933,-4.56302783208551,0.451826440830124,0.999999864373141
"cloglog",16000,54,10,0,1600,1409.22582740267,-211.93339230823,1621.1592197109,1597.85805406168,1598.07221138463,2.14157322953238,58.8213076749476,53.6656173793201,53.665631459995,-3.20686897512384,0.430201112997338,0.999738438066032
"cloglog",16000,54,10,1,1600,1433.93892262655,-213.62174474371,1647.56066737026,1597.35851901642,1597.57247460878,2.13955592364317,58.7887716900631,53.6481740962371,53.665631459995,-2.77977565599475,0.931778081986602,0.998631626244001
"cloglog",16000,54,25,0,640,634.982425851378,-84.8197460901944,719.802171941572,637.915467052619,637.998814658374,2.08369014385409,36.3536117598758,35.0541952501048,35.0542436803306,-0.0806808748636846,2.33362531073807,0.526286229728551
"cloglog",16000,54,25,1,640,655.746552083944,-85.4742096767368,741.220761760681,637.698409393013,637.781922862076,2.08783672656322,36.3376120557978,35.0423733749974,35.0542436803306,0.496679381771638,2.95182172142509,0.304711720050847
"cloglog",16000,54,50,0,320,392.166229000501,-42.4155666547446,434.581795655246,317.933745755635,317.975038483632,2.06463639987529,25.5027085095033,25.0438316495072,25.0439613479976,2.91076860393887,4.65610689304838,0.00284591764103916
"cloglog",16000,54,50,1,320,367.94171538684,-42.8087573336994,410.75047272054,317.822394583027,317.863729122703,2.06672698378653,25.4925649670943,25.0352233355414,25.0439613479976,1.96603679812159,3.71024225959148,0.0279812230159072
"cloglog",16000,55,2,0,8000,7010.95046524414,-1089.35799021999,8100.30845546412,7997.47573822821,7998.73782165811,2.52416685979943,147.844429124543,89.4427167859389,89.4427190999916,-6.67272536967246,1.13559423791986,1
"cloglog",16000,55,2,1,8000,6916.71401291654,-1089.28321300869,8005.99722592524,7997.4709161729,7998.73291162273,2.52399089965916,147.842398587842,89.442641925526,89.4427190999916,-7.31019594906135,0.0812175730291965,1
"cloglog",16000,55,5,0,3200,2977.46068098514,-435.75783840849,3413.21851939363,3197.7632614576,3198.21056530552,2.23651923958745,85.6578770827014,71.554168999456,71.5541752799933,-2.57188933435463,3.00482777026938,0.997563315601807
"cloglog",16000,55,5,1,3200,2854.91639922094,-435.708023144203,3290.62442236515,3197.76847690249,3198.21408875695,2.2280592722762,85.6569259735872,71.5540904913778,71.5541752799933,-4.00261944711006,1.29147520391355,0.999995610720271
"cloglog",16000,55,10,0,1600,1568.83543433843,-217.845930685866,1786.6813650243,1597.85851169342,1598.07262221861,2.14110525194986,58.6030182009974,53.6656169296536,53.665631459995,-0.495248849734001,3.51451736878232,0.694008698490378
"cloglog",16000,55,10,1,1600,1518.42233946495,-217.85091207725,1736.2732515422,1597.85777572752,1598.07177983717,2.14004109644179,58.6025961954851,53.6655542229457,53.665631459995,-1.35549346649408,2.57523608404185,0.922174915699832
"cloglog",16000,55,25,0,640,711.366691751456,-87.1358909569065,798.502582708362,637.912572824691,637.996035912701,2.08657720024086,36.2971639534333,35.0541948144503,35.0542436803306,2.02368755368881,4.57881139889987,0.0228296546667126
"cloglog",16000,55,25,1,640,720.083013809762,-87.1045097982,807.187523607962,637.914861313129,637.998202525145,2.08353030041693,36.2970196582438,35.0541525999322,35.0542436803306,2.26377133082251,4.82651293881637,0.0130539790867309
"cloglog",16000,55,50,0,320,435.340036371627,-43.5836691296085,478.923705501236,317.93441116228,317.975689922935,2.0639380327779,25.4825985967355,25.0438291347601,25.0439613479976,4.60728621391023,6.42665363640057,1.30723085424586e-05
"cloglog",16000,55,50,1,320,439.024422728398,-43.5605222414427,482.584944969841,317.93356952694,317.974857236744,2.06438549021252,25.4825305269255,25.0437980609735,25.0439613479976,4.75191634023594,6.57288831878955,7.69059958101005e-06
"cloglog",16000,56,2,0,8000,6878.65876865008,-1117.59764163402,7996.25641028411,7997.46506416824,7998.732485252,2.53484216752421,150.481028819432,89.4427167876582,89.4427190999916,-7.4348660711288,-0.0276833604436359,1
"cloglog",16000,56,2,1,8000,6943.83074418619,-1115.23368279417,8059.06442698036,7997.3565622073,7998.61963800916,2.52615160370636,150.467011996413,89.440980098601,89.4427190999916,-7.00170624805274,0.67580642457815,1
"cloglog",16000,56,5,0,3200,2814.62192784383,-447.059971152802,3261.68189899664,3197.76001090652,3198.20796607448,2.23977583982692,86.3893579695829,71.5541689744848,71.5541752799933,-4.43501482205232,0.887075258253462,0.999999700414925
"cloglog",16000,56,5,1,3200,2753.82737227529,-446.898276052451,3200.72564832774,3197.68039254446,3198.12932381851,2.24465637023975,86.3820276736132,71.552368192947,71.5541752799933,-5.13825655894797,0.0362856544766558,0.999999997155768
"cloglog",16000,56,10,0,1600,1446.26733422928,-223.518082478197,1669.78541670748,1597.85012887278,1598.06507881828,2.14949945501225,58.8708468325269,53.6656173302416,53.665631459995,-2.57483632050875,1.3364299426177,0.997128083216787
"cloglog",16000,56,10,1,1600,1445.71521106553,-223.488661573445,1669.20387263897,1597.81082452989,1598.02549567018,2.14671140291546,58.8670656840033,53.6641553972501,53.665631459995,-2.58371317980766,1.32636722672501,0.997218620084799
"cloglog",16000,56,25,0,640,654.45366339215,-89.401900511023,743.855563903173,637.910604259844,637.994146251374,2.08854978824959,36.3664383807337,35.0541948658386,35.0542436803306,0.4548990736764,3.01993578962397,0.317273139337666
"cloglog",16000,56,25,1,640,677.990274407098,-89.3501972258009,767.340471632899,637.893276607022,637.976783601512,2.08767486224237,36.3647899179642,35.0531851935809,35.0542436803306,1.10263246097479,3.69049737754151,0.132315816926959
"cloglog",16000,56,50,0,320,405.441714135427,-44.7124022059524,450.154116341379,317.930153287975,317.97151776415,2.06822380874374,25.5072736111447,25.0438310342989,25.0439613479976,3.43084730189337,5.27805024703281,0.000644841238063815
"cloglog",16000,56,50,1,320,381.734600521336,-44.685540766603,426.420141287939,317.920759065174,317.962125678108,2.06833064669413,25.5063124358735,25.0430998355231,25.0439613479976,2.5018842538136,4.33085426014176,0.00815786609542064
"cloglog",16000,57,2,0,8000,6925.41751970765,-1228.01562764394,8153.43314735159,7997.46955564001,7998.73473007324,2.53034886646108,157.26298127465,89.4427164578527,89.4427190999916,-6.81693827271453,1.72958093632197,1
"cloglog",16000,57,2,1,8000,6881.1225670471,-1227.37216107652,8108.49472812363,7997.44253841981,7998.70661318071,2.52814952180785,157.265595465622,89.4422638671083,89.4427190999916,-7.09831014258127,1.22747468809642,1
"cloglog",16000,57,5,0,3200,2909.65633048139,-491.201521733221,3400.85785221461,3197.75530322761,3198.20420000583,2.24448389108509,88.3009461263357,71.5541688654695,71.5541752799933,-3.2626940637083,2.83217114281343,0.999896968237331
"cloglog",16000,57,5,1,3200,2914.82913867949,-490.751058502842,3405.58019718233,3197.73412437628,3198.18351808543,2.24696854571649,88.3018602792904,71.5537122389107,71.5541752799933,-3.20383947520462,2.89847546140483,0.99986505300421
"cloglog",16000,57,10,0,1600,1589.22239078657,-245.621689247809,1834.84408003438,1597.84806194534,1598.0632176052,2.15155659865653,59.5756625553344,53.6656167758167,53.665631459995,-0.144785148646133,4.41215207529075,0.557151726257575
"cloglog",16000,57,10,1,1600,1572.55578592567,-245.296749658668,1817.85253558433,1597.84316411164,1598.05775104538,2.14586933739546,59.5758589639652,53.6652469773994,53.665631459995,-0.424456795516259,4.09566333742058,0.67027709940452
"cloglog",16000,57,25,0,640,742.005342024024,-98.2699632556396,840.275305279664,637.906573714161,637.990275194069,2.09253699771607,36.549620007331,35.0541924362137,35.0542436803306,2.84814912683042,5.77063729120795,0.0026736901634949
"cloglog",16000,57,25,1,640,711.747805191119,-98.191227284024,809.939032475143,637.90286057974,637.986531590065,2.0917752581195,36.5495268536694,35.0539434155202,35.0542436803306,2.02040767605629,4.90536824478772,0.0222976281529807
"cloglog",16000,57,50,0,320,442.738154091342,-49.1628003839183,491.90095447526,317.927037749988,317.96846319611,2.07127230607162,25.5726358520746,25.0438256312054,25.0439613479976,4.88065121887809,6.94512467226353,4.45794157227391e-06
"cloglog",16000,57,50,1,320,454.480394817655,-49.09554265397,503.575937471625,317.925672773672,317.96708046608,2.07038462041966,25.5725142787724,25.0436479875408,25.0439613479976,5.33990207436649,7.41141454702947,7.42505438007378e-07
"cloglog",16000,58,2,0,8000,7012.82612372234,-1061.93836913053,8074.76449285287,7997.48751880709,7998.7437140951,2.51239057602691,145.386181885989,89.4427169597023,89.4427190999916,-6.77273027127788,0.849938165362518,1
"cloglog",16000,58,2,1,8000,7141.965447012,-1062.65870137478,8204.62414838679,7997.3882770834,7998.65195651892,2.52735887105331,145.37578834791,89.4415008950073,89.4427190999916,-5.88421799663239,2.30287047742689,0.999999999998897
"cloglog",16000,58,5,0,3200,2943.3557974865,-424.793213432985,3368.14901091948,3197.7589795365,3198.20714124672,2.24080855114044,84.9819918088857,71.554169185395,71.5541752799933,-2.99361284237862,2.37501003236368,0.999451369535376
"cloglog",16000,58,5,1,3200,2931.01920949043,-424.663554678816,3355.68276416925,3197.70232131843,3198.15097225947,2.24325470521751,84.9765788128247,71.5528687138185,71.5541752799933,-3.13831311584583,2.20161392186579,0.999695540263533
"cloglog",16000,58,10,0,1600,1510.94175247655,-212.398719893331,1723.34047236988,1597.85449151338,1598.06900516463,2.1451365124918,58.3564961254526,53.6656173884913,53.665631459995,-1.48934128687209,2.33429658133624,0.940263745363707
"cloglog",16000,58,10,1,1600,1549.97359658781,-212.444150895088,1762.4177474829,1597.81915803572,1598.03415332626,2.1499529053714,58.3537375394964,53.6645603419364,53.665631459995,-0.819922826974391,3.06316856244115,0.801325790110457
"cloglog",16000,58,25,0,640,682.639165896519,-84.9312643416935,767.570430238212,637.91421636606,637.997614435811,2.08495174377355,36.2335642913383,35.0541959100616,35.0542436803306,1.23435136468619,3.6963568108892,0.107449925098271
"cloglog",16000,58,25,1,640,675.835694097869,-85.0000275470891,760.835721644958,637.903157555457,637.986473752406,2.08290492371607,36.2323704664713,35.0534696510585,35.0542436803306,1.04692395374776,3.50462448126993,0.145135401831086
"cloglog",16000,58,50,0,320,434.695278433216,-42.4601933812133,477.15547181443,317.935096203033,317.976362224621,2.06330107935714,25.4599629847842,25.0438327807546,25.0439613479976,4.58603110695656,6.35602030181791,1.43284152964771e-05
"cloglog",16000,58,50,1,320,385.659272087419,-42.4809299912077,428.140202078627,317.92697473232,317.968267438814,2.06463532472316,25.4592602228231,25.0432989096066,25.0439613479976,2.66041891093051,4.39925806250513,0.00555538986902701
"cloglog",16000,59,2,0,8000,6902.65255691248,-1054.11771047061,7956.77026738309,7997.47661852743,7998.73826273984,2.52328842482089,141.676771740217,89.4427169840091,89.4427190999916,-7.72761863619009,-0.469216463585806,1
"cloglog",16000,59,2,1,8000,7070.83700882388,-1055.14034413833,8125.97735296221,7997.19693944619,7998.45837928177,2.52287967115814,141.651705755437,89.4387751085322,89.4427190999916,-6.53970190956736,1.42576833734249,0.999999999999988
"cloglog",16000,59,5,0,3200,2864.2144240765,-421.698504171149,3285.91292824764,3197.77145026834,3198.21711956143,2.22834646548361,83.9735975761243,71.5541694863476,71.5541752799933,-3.97216548796141,1.22558628401024,0.999992196975665
"cloglog",16000,59,5,1,3200,2863.27143236747,-422.036875244511,3285.30830761198,3197.57964355629,3198.02805628753,2.24206365616617,83.9597053907517,71.5499051773192,71.5541752799933,-3.98176970289424,1.21985139055256,0.999992633787495
"cloglog",16000,59,10,0,1600,1489.74648502564,-210.841793100616,1700.58827812625,1597.85587969701,1598.07025595408,2.14376257065244,57.9904102190643,53.665617999836,53.665631459995,-1.86426331979685,1.91031103326697,0.974294876874586
"cloglog",16000,59,10,1,1600,1501.55211569433,-210.668809794521,1712.22092548886,1597.7522726617,1597.96698662462,2.1471396292104,57.9830141247917,53.6621505773586,53.665631459995,-1.65910928259653,2.12913455079527,0.958164456033214
"cloglog",16000,59,25,0,640,641.227584619278,-84.3719336972327,725.599518316511,637.914491659848,637.997879532693,2.08469682113734,36.1394015239954,35.0541972036488,35.0542436803306,0.0916753687033414,2.49903423190359,0.456656868966063
"cloglog",16000,59,25,1,640,625.953537472347,-84.3150487264557,710.268586198803,637.869253540984,637.952725099954,2.086788974234,36.1359378898244,35.0518071671479,35.0542436803306,-0.329746971144556,2.06311362932028,0.625776729650556
"cloglog",16000,59,50,0,320,411.483676569483,-42.1958549802967,453.679531549779,317.929588178827,317.970964404811,2.06881129920976,25.4264888500703,25.043833312521,25.0439613479976,3.67939470299287,5.4188416546088,0.000311571786953797
"cloglog",16000,59,50,1,320,385.692690455146,-42.1620166663656,427.854707121511,317.905967222214,317.947373525837,2.07031518112897,25.4243590775756,25.0420928886989,25.0439613479976,2.66621168408214,4.38890367846508,0.00553689839981614
"cloglog",16000,60,2,0,8000,7103.54131646498,-991.752440432058,8095.29375689704,7997.4778130157,7998.73885924865,2.52209246590786,146.169865059632,89.4427168088196,89.4427190999916,-6.1157373045807,1.07951660116457,0.9999999999999
"cloglog",16000,60,2,1,8000,7125.76607956979,-989.553815668226,8115.31989523801,7995.89426147989,7997.15599356978,2.52346417977465,146.068677956783,89.4200974200642,89.4427190999916,-5.95697992260566,1.32144680085885,0.999999999999594
"cloglog",16000,60,5,0,3200,3021.8280429481,-396.694024156063,3418.52206710416,3197.75681241106,3198.20540686052,2.24297224729106,85.1968092327263,71.5541690834022,71.5541752799933,-2.06496899411327,3.07901919714622,0.987332787092211
"cloglog",16000,60,5,1,3200,2941.32447788597,-393.573175986751,3334.89765387272,3196.74882189883,3197.19560127436,2.23389687768203,85.1348210889567,71.5297045825981,71.5541752799933,-3.0002335207349,1.92510305196841,0.999501155641814
"cloglog",16000,60,10,0,1600,1559.64653166159,-198.279142421607,1757.9256740832,1597.85478093192,1598.06926495137,2.14484019444168,58.4347506136387,53.66561715014,53.665631459995,-0.653861766655892,2.97874910642699,0.749243917759776
"cloglog",16000,60,10,1,1600,1514.58361160244,-197.117190614331,1711.70080221678,1597.28881842938,1597.50286503154,2.14046602155089,58.3995019902413,53.6458403551754,53.665631459995,-1.41619712511858,2.12873796792377,0.931910315753201
"cloglog",16000,60,25,0,640,699.946508017689,-79.3551464543934,779.301654472083,637.913093117684,637.996535730287,2.08606531506517,36.253734521642,35.054195341752,35.0542436803306,1.71109033920282,4.03104727876871,0.0446087499787217
"cloglog",16000,60,25,1,640,673.364351895962,-79.0099004383477,752.37425233431,637.673049531698,637.756332257366,2.08206814170128,36.2359153429292,35.0406600443685,35.0542436803306,0.98497035403935,3.27099774752574,0.160874772507514
"cloglog",16000,60,50,0,320,380.630752159109,-39.6427391246662,420.273491283775,317.935719613075,317.976972825438,2.06266061811211,25.4671385857645,25.0438315024554,25.0439613479976,2.46180120844353,4.08469919821606,0.00906487214785251
"cloglog",16000,60,50,1,320,383.707642746815,-39.4317634578771,423.139406204692,317.811665908712,317.85290565249,2.06198718892165,25.4557523484893,25.034009741553,25.0439613479976,2.58864778129466,4.20573857880389,0.00673725428280083
"cloglog",16000,61,2,0,8000,7004.53508728124,-1085.31663034154,8089.85171762278,7997.47373360865,7998.73681852013,2.52616982295064,145.092318475656,89.4427168254197,89.4427190999916,-6.84349562236829,1.0186955666887,1
"cloglog",16000,61,2,1,8000,7059.20314244442,-1085.28917468175,8144.49231712618,7997.48076265171,7998.73969535546,2.51786540751275,145.093444438754,89.4426988433982,89.4427190999916,-6.46671270253939,1.6295642199472,0.999999999999995
"cloglog",16000,61,5,0,3200,2971.39647665569,-434.184652348609,3405.5811290043,3197.76895216258,3198.21512047785,2.23084157633655,84.9016004134483,71.5541693789578,71.5541752799933,-2.66629220656048,2.89802830954855,0.998103464905898
"cloglog",16000,61,5,1,3200,2981.65303220696,-434.129175784431,3415.78220799139,3197.76622602687,3198.21277748138,2.23275727255523,84.9020774570828,71.5541500430163,71.5541752799933,-2.54544058629374,3.04062630021053,0.997112830002151
"cloglog",16000,61,10,0,1600,1582.81106592542,-217.077799788515,1799.88886571394,1597.85720668575,1598.07144986879,2.1424318304224,58.3272384747912,53.6656178105454,53.665631459995,-0.257960794197932,3.76064646376784,0.60169108690732
"cloglog",16000,61,10,1,1600,1544.98738069626,-217.041385074968,1762.02876577123,1597.86085026255,1598.07468425437,2.13833991816972,58.3274224102038,53.6656023604899,53.665631459995,-0.90649419057892,3.0551055854274,0.825485647094006
"cloglog",16000,61,25,0,640,732.833036408759,-86.8297524287172,819.662788837476,637.912370188441,637.99584169855,2.08678775272351,36.2260237278112,35.054195393661,35.0542436803306,2.62023419775562,5.18245947735481,0.00535430886654406
"cloglog",16000,61,25,1,640,716.073624228735,-86.8045667283556,802.878190957091,637.911241499956,637.994750085694,2.08771464344437,36.2260684400046,35.0541842244989,35.0542436803306,2.15762808647663,4.70367359900396,0.0169677428411146
"cloglog",16000,61,50,0,320,431.40637108104,-43.4339919223514,474.840363003392,317.930623980861,317.971979320473,2.06776698055435,25.457283270338,25.0438325070492,25.0439613479976,4.45749634378296,6.26375310722768,2.27636287989069e-05
"cloglog",16000,61,50,1,320,408.667018128912,-43.4198369157208,452.086855044633,317.93006671619,317.971431198083,2.06822409462293,25.4572946309513,25.0438246374078,25.0439613479976,3.56428099403785,5.35522931454418,0.000439070518832137
"cloglog",16000,62,2,0,8000,6855.13974019921,-1166.84692805939,8021.9866682586,7997.48203960441,7998.74097150588,2.51786380292828,152.410032353145,89.4427165728549,89.4427190999916,-7.4951909777062,0.259894797960288,1
"cloglog",16000,62,2,1,8000,6879.90756513709,-1168.65606690576,8048.56363204285,7997.13289944852,7998.39030869173,2.51481848641337,152.380712231061,89.4373749903432,89.4427190999916,-7.33180281122021,0.560988326821234,1
"cloglog",16000,62,5,0,3200,2762.99429624299,-466.708681394863,3229.70297763785,3197.76213065226,3198.20966166919,2.23765508460394,86.9287379136333,71.5541689515624,71.5541752799933,-5.00142812197775,0.440132509818999,0.999999993977756
"cloglog",16000,62,5,1,3200,2844.29297181378,-468.190214198105,3312.48318601189,3197.5431527827,3197.98997293425,2.23410075771051,86.9121767169139,71.5487314288475,71.5541752799933,-4.06444981949433,1.60021304069524,0.999997770596129
"cloglog",16000,62,10,0,1600,1498.83417571496,-233.333438737374,1732.16761445234,1597.85842658159,1598.07254584587,2.14119264281686,59.0689980733564,53.6656168636623,53.665631459995,-1.67641663303057,2.49871475337991,0.962455464700625
"cloglog",16000,62,10,1,1600,1519.65155240036,-233.922670854911,1753.57422325527,1597.73392803092,1597.94800478446,2.14076753541116,59.0600304163338,53.6612567314206,53.665631459995,-1.32208492071763,2.90015977914444,0.918847766157627
"cloglog",16000,62,25,0,640,683.944297985684,-93.340264330371,777.284562316055,637.915214284259,637.998571479491,2.0839298808134,36.417808006937,35.0541942903161,35.0542436803306,1.26391691923515,3.97344721955403,0.101135237431646
"cloglog",16000,62,25,1,640,720.579744412585,-93.6061226105583,814.185867023143,637.860421255486,637.943835791609,2.08536340305682,36.4135548407363,35.0512265378912,35.0542436803306,2.27166294306864,5.02812736213417,0.0126290863568181
"cloglog",16000,62,50,0,320,376.551577809299,-46.7456546826706,423.29723249197,317.931926808931,317.973255173012,2.0664182040895,25.5255824967602,25.0438284770975,25.0439613479976,2.29650590766375,4.20558611536873,0.0132479340318224
"cloglog",16000,62,50,1,320,396.794666182101,-46.780483293404,443.575149475505,317.903345314298,317.94469935042,2.06770180608164,25.5229586109226,25.0416761099212,25.0439613479976,3.09099435024124,5.01685468551012,0.00172688199171676
"cloglog",16000,63,2,0,8000,7016.85249367469,-1049.85361854092,8066.70611221561,7997.47905012986,7998.73947775814,2.5208552565501,146.750535672909,89.4427166624849,89.4427190999916,-6.68226900814101,0.759890094952592,1
"cloglog",16000,63,2,1,8000,7108.35676387884,-1048.82337759272,8157.18014147156,7996.15366162286,7997.42035242209,2.53338159845933,146.662507103234,89.4228520376673,89.4427190999916,-6.05333234293558,1.78656557478368,0.999999999999864
"cloglog",16000,63,5,0,3200,2872.71512028327,-419.949154934962,3292.66427521823,3197.76170836535,3198.20932461071,2.23808122681712,85.3563738351931,71.5541691931382,71.5541752799933,-3.808111491588,1.32004817710295,0.999986982541944
"cloglog",16000,63,5,1,3200,2864.80696824195,-419.592064242851,3284.39903248481,3196.90465550928,3197.35297497006,2.24159730392968,85.3050054281108,71.5334717382957,71.5541752799933,-3.8930621433134,1.2168577226784,0.99999191003351
"cloglog",16000,63,10,0,1600,1450.11556280122,-209.934636981957,1660.05019978318,1597.85720177829,1598.07144428796,2.14242509671855,58.4929344183358,53.6656173351343,53.665631459995,-2.52580316659158,1.15490622437398,0.996420469905844
"cloglog",16000,63,10,1,1600,1511.55132905963,-209.756438758312,1721.30776781794,1597.37435081633,1597.58868536301,2.14334546678596,58.4634839044462,53.6488546859256,53.665631459995,-1.46797652184012,2.30608990963949,0.938923495846448
"cloglog",16000,63,25,0,640,687.54211396117,-83.9682921414883,771.510406102659,637.910083326966,637.993646035635,2.08906771672464,36.2687419374736,35.0541949294788,35.0542436803306,1.36845195016052,3.80886682280479,0.0851713063881962
"cloglog",16000,63,25,1,640,714.779923557808,-83.7397252175282,798.519648775336,637.705046886633,637.788593135493,2.08865622151531,36.2538469533616,35.0427864009712,35.0542436803306,2.12597787954275,4.58670876798166,0.0184316836698603
"cloglog",16000,63,50,0,320,404.94221661535,-41.9865491005588,446.928765715909,317.930221315623,317.97158487193,2.06817781536903,25.4724842702801,25.0438331030985,25.0439613479976,3.41592105334022,5.14925891388503,0.000683832586948687
"cloglog",16000,63,50,1,320,402.186272424837,-41.9276560684445,444.113928493281,317.825551301969,317.866913125459,2.06809117449851,25.4629669873365,25.0355800568757,25.0439613479976,3.31307506956368,5.04270382715378,0.00094169381144007
"cloglog",16000,64,2,0,8000,6883.45844376999,-1059.90337729825,7943.36182106823,7997.48778614954,7998.74384654387,2.51212078866639,145.717057708346,89.4427167761098,89.4427190999916,-7.64515397098734,-0.619189884563422,1
"cloglog",16000,64,2,1,8000,6917.20489395541,-1058.74265328095,7975.94754723636,7997.43450345221,7998.69595344176,2.5228999790957,145.708678951859,89.4420665933492,89.4427190999916,-7.41362571720036,-0.254336768724557,1
"cloglog",16000,64,5,0,3200,2912.37227409487,-424.031467993473,3336.40374208835,3197.7603646735,3198.20824931659,2.23942321543545,85.0726084108133,71.5541690655353,71.5541752799933,-3.35464135765647,1.93134089287218,0.99988121474278
"cloglog",16000,64,5,1,3200,2843.10218314219,-423.673153104367,3266.77533624656,3197.74096996066,3198.18725267885,2.23141359095943,85.0686303541122,71.5535047907656,71.5541752799933,-4.16885502143651,0.958556590180608,0.999997936387783
"cloglog",16000,64,10,0,1600,1546.87087630892,-212.072725306911,1758.94360161583,1597.85646972628,1598.07078517958,2.14315453297292,58.3894921953535,53.6656170946788,53.665631459995,-0.873198096102263,2.99768874645446,0.816581627722147
"cloglog",16000,64,10,1,1600,1490.01382266771,-211.809048450904,1701.82287111862,1597.84450390324,1598.05848343928,2.13979536046407,58.3876227202822,53.6650846247593,53.665631459995,-1.84680718638106,1.93355490641415,0.973996992347574
"cloglog",16000,64,25,0,640,727.441114346763,-84.7794633249049,812.220577671668,637.913518529504,637.996944103747,2.08563935605952,36.242060042136,35.0541950900511,35.0542436803306,2.47026785213566,4.9701222099197,0.00788824807703314
"cloglog",16000,64,25,1,640,703.577370029658,-84.6551198693007,788.232489898959,637.9063014905,637.989751943026,2.08626131314509,36.2413287294251,35.0538292099945,35.0542436803306,1.8120491395184,4.28605779573708,0.0363311384330095
"cloglog",16000,64,50,0,320,470.297821864005,-42.4400190192439,512.737840883249,317.931853907921,317.973183912274,2.06650021764033,25.4629778079635,25.04382920652,25.0439613479976,5.98382361659334,7.77695197347334,5.67251947392517e-08
"cloglog",16000,64,50,1,320,468.274137919192,-42.3286344703717,510.602772389564,317.928272512505,317.969607279567,2.0667383530909,25.4625801686307,25.043565783861,25.0439613479976,5.90458093449262,7.69192241921624,7.95989548768135e-08
"cloglog",16000,65,2,0,8000,6826.46467980075,-1153.32434354263,7979.78902334338,7997.46969277649,7998.73479805355,2.53021055413378,151.583733852217,89.4427167361529,89.4427190999916,-7.72513635346509,-0.211820206289773,1
"cloglog",16000,65,2,1,8000,6887.14162181153,-1154.02580139591,8041.16742320743,7997.29651714493,7998.56149896206,2.52996363426658,151.563492835079,89.4400621080593,89.4427190999916,-7.32468534847898,0.476362865154282,1
"cloglog",16000,65,5,0,3200,2711.07405640657,-461.333039156145,3172.40709556272,3197.76213486656,3198.20966495281,2.23765043127034,86.6972682045623,71.5541690004224,71.5541752799933,-5.61364952482291,-0.360601901336333,0.999999999931761
"cloglog",16000,65,5,1,3200,2867.47087605533,-461.609519446485,3329.08039550182,3197.64760984247,3198.09562224597,2.24006201752094,86.6867453098426,71.5514488885411,71.5541752799933,-3.80884912228498,1.83063760818997,0.999990491706482
"cloglog",16000,65,10,0,1600,1429.73425895442,-230.616237529322,1660.35049648374,1597.85496202466,1598.06942852262,2.14466497963614,58.9838952316326,53.6656172417783,53.665631459995,-2.8502814608975,1.16053948807711,0.998950674657843
"cloglog",16000,65,10,1,1600,1480.71087074655,-230.807677913075,1711.51854865963,1597.79069333278,1598.00528636789,2.14593035111104,58.978496317191,53.6634262808668,53.665631459995,-1.98512729040357,2.1152816761574,0.982822439337275
"cloglog",16000,65,25,0,640,664.788668360835,-92.272203486729,757.060871847564,637.909898849317,637.993468705759,2.08924641104771,36.3957350283396,35.0541944835537,35.0542436803306,0.73851426521785,3.39666635893366,0.224137998628266
"cloglog",16000,65,25,1,640,708.57211934439,-92.2720366788948,800.844156023285,637.883438086077,637.966988492121,2.08876015111472,36.3933466883768,35.0526982034712,35.0542436803306,1.94235176730503,4.64663708869733,0.0270734151582902
"cloglog",16000,65,50,0,320,407.886046227291,-46.1235260717072,454.009572298998,317.93056152445,317.971917329528,2.06779025391106,25.5177159604993,25.0438291297929,25.0439613479976,3.52521694504672,5.4319830351995,0.000482295306095099
"cloglog",16000,65,50,1,320,426.71360054066,-46.1738321339657,472.887432674626,317.91400030057,317.955412368119,2.07060337742434,25.5163056181086,25.0427456825153,25.0439613479976,4.26392448297358,6.18670261922116,4.34138247123368e-05
"cloglog",16000,66,2,0,8000,7109.1921208189,-1043.587168823,8152.7792896419,7997.47609954835,7998.73800308646,2.52380707621127,149.596879945849,89.4427168992832,89.4427190999916,-5.93785097022743,1.72223398277241,0.999999999999857
"cloglog",16000,66,2,1,8000,7102.26292872647,-1050.76164779959,8153.02457652606,7997.05153962392,7998.31386773824,2.52465622865011,149.562955364556,89.4363490999886,89.4427190999916,-5.98268875281599,1.72984150565949,0.999999999999908
"cloglog",16000,66,5,0,3200,2997.99115501626,-417.398483064135,3415.3896380804,3197.75807480424,3198.20641787973,2.24171537748645,86.1433201747275,71.5541692055811,71.5541752799933,-2.31900650430909,3.03522803229926,0.994561683688544
"cloglog",16000,66,5,1,3200,2948.92377391429,-420.774898827269,3369.69867274156,3197.48774965989,3197.93617296498,2.24211652548901,86.1243372244768,71.5476232686882,71.5541752799933,-2.88610610840152,2.40067373211747,0.99929054228448
"cloglog",16000,66,10,0,1600,1584.16958975439,-208.682304906616,1792.85189466101,1597.85440793698,1598.06892983905,2.14521902066684,58.7806422831463,53.6656173282465,53.665631459995,-0.232811647696407,3.62956720744615,0.592332968321317
"cloglog",16000,66,10,1,1600,1513.15480694574,-210.196655089422,1723.35146203516,1597.69790387296,1597.91296310074,2.15059227783763,58.7701351984311,53.6603530317812,53.665631459995,-1.43853841141879,2.33763834651119,0.935287534825084
"cloglog",16000,66,25,0,640,739.325496611615,-83.4359570158172,822.761453627432,637.914338931594,637.997731589125,2.08481643827276,36.3430884785443,35.0541951082035,35.0542436803306,2.79038358943793,5.27080201008718,0.00329011990133746
"cloglog",16000,66,25,1,640,679.344746670157,-84.0667816712484,763.411528341405,637.846840200821,637.930341887669,2.08754217121246,36.3380407126244,35.0505970370115,35.0542436803306,1.14199625669193,3.58000139972608,0.124681283862558
"cloglog",16000,66,50,0,320,458.211252641022,-41.6958130007359,499.907065641758,317.932005149868,317.973333051025,2.06639505784552,25.4989575679719,25.0438330917027,25.0439613479976,5.50137185479899,7.264612087317,4.11317319362435e-07
"cloglog",16000,66,50,1,320,412.784335245351,-42.0419296277963,454.826264873148,317.896295765091,317.937678729309,2.06914821091533,25.4958312986651,25.0412355660436,25.0439613479976,3.72170800664298,5.4665268326241,0.000265317114994044
"cloglog",16000,67,2,0,8000,6891.27417562977,-1126.59717492222,8017.87135055199,7997.47889217402,7998.73939908209,2.5210138161463,153.323907908535,89.4427168319062,89.4427190999916,-7.21482208243838,0.213901725568697,1
"cloglog",16000,67,2,1,8000,6878.57592085091,-1126.83463313839,8005.4105539893,7997.34961455468,7998.61641003642,2.53359096348006,153.310956601006,89.4409626969696,89.4427190999916,-7.2974151261439,0.0759623303239522,1
"cloglog",16000,67,5,0,3200,2888.22247353763,-450.720028529211,3338.94250206684,3197.75986086573,3198.20784557922,2.23992356743475,87.1854955271099,71.5541689848789,71.5541752799933,-3.5503312271919,1.9668267898879,0.999968015887464
"cloglog",16000,67,5,1,3200,2944.89241580279,-451.155952580615,3396.0483683834,3197.67954204307,3198.12845349244,2.2445572468174,87.1785489146462,71.5523330489226,71.5541752799933,-2.89964824360385,2.76608611428004,0.999410714885667
"cloglog",16000,67,10,0,1600,1533.89243233261,-225.349020347357,1759.24145267997,1597.85707784175,1598.07133255681,2.14254715061914,59.1635315108826,53.6656171561357,53.665631459995,-1.08114988871766,3.0032286716139,0.872372474931727
"cloglog",16000,67,10,1,1600,1585.46945149451,-225.650151856072,1811.11960335058,1597.80793419222,1598.02284280985,2.14908617633434,59.1599484360247,53.6641357188216,53.665631459995,-0.208561417376021,3.97093436214589,0.583334317711355
"cloglog",16000,67,25,0,640,698.631285834859,-90.1338056732706,788.765091508129,637.916511978903,637.99981741888,2.08263599941461,36.4423551867189,35.0541945925062,35.0542436803306,1.66604967063387,4.30091964290858,0.0479663784763077
"cloglog",16000,67,25,1,640,723.138689770342,-90.1347459913207,813.273435761662,637.892477821278,637.976012453205,2.08836579817141,36.4407456897674,35.0531778041162,35.0542436803306,2.33931030596339,5.00089961281265,0.0106273704948281
"cloglog",16000,67,50,0,320,413.380224667713,-45.0848080111517,458.465032678865,317.934595660398,317.97587001369,2.06371766459936,25.5343415922888,25.0438260329049,25.0439613479976,3.73793186177706,5.60973241391263,0.000246365773521985
"cloglog",16000,67,50,1,320,431.695917903217,-45.0958757593586,476.791793662576,317.921779258573,317.963124453624,2.06725975252091,25.5333954913273,25.0430951712717,25.0439613479976,4.45589536586657,6.34221401638697,2.18620680499262e-05
"cloglog",16000,68,2,0,8000,7166.88921981797,-1070.91714827587,8237.80636809385,7997.48498436607,7998.74244287253,2.51491701290517,157.418947490018,89.4427165787542,89.4427190999916,-5.27633920688466,2.67281601415611,0.999999999995069
"cloglog",16000,68,2,1,8000,7111.36037320125,-1072.27858723932,8183.63896044058,7997.17505958183,7998.42957216141,2.50902515914728,157.398038355749,89.4379415320501,89.4427190999916,-5.62786357208895,2.07081452352971,0.999999999999836
"cloglog",16000,68,5,0,3200,2906.48899643576,-428.400998188032,3334.88999462379,3197.76973072038,3198.21574092964,2.23005104631958,88.3454066274358,71.5541688084732,71.5541752799933,-3.29706710743875,1.91008093546555,0.999912867479999
"cloglog",16000,68,5,1,3200,2919.80179403873,-429.067922477323,3348.86971651605,3197.56823347849,3198.01517393912,2.23470230313815,88.3328574614756,71.5493565267738,71.5541752799933,-3.14454266987689,2.10839831271554,0.999825877372484
"cloglog",16000,68,10,0,1600,1480.33863960036,-214.206015697808,1694.54465529817,1597.8623841812,1598.07610679988,2.13722618680205,59.5921375039322,53.6656164808874,53.665631459995,-1.97213507525366,1.79758576951483,0.983115018403307
"cloglog",16000,68,10,1,1600,1503.91930530402,-214.519295860101,1718.43860116412,1597.74448369831,1597.95899370977,2.14510011450996,59.58509529721,53.6617746081744,53.665631459995,-1.57464174432037,2.24516629079208,0.95411601536268
"cloglog",16000,68,25,0,640,694.223875175773,-85.6327857366994,779.856660912472,637.914187213043,637.99758513508,2.08494805092951,36.5539102718594,35.0541935878556,35.0542436803306,1.54045593327616,4.04685035534632,0.0607506996312409
"cloglog",16000,68,25,1,640,692.229377603632,-85.6936046969184,777.92298230055,637.869671717529,637.952957975053,2.08215643810716,36.5503844783439,35.0515626539398,35.0542436803306,1.4872540100997,3.9932606060222,0.0673701088669986
"cloglog",16000,68,50,0,320,416.237931018984,-42.8373772961733,459.075308315158,317.934854851932,317.976124465978,2.06348070231882,25.574166371382,25.0438274506339,25.0439613479976,3.84384283497334,5.63409024149016,0.000171953560967262
"cloglog",16000,68,50,1,320,432.386666802957,-42.8840697716265,475.270736574584,317.909694859015,317.950986256174,2.06456985799637,25.5719403512031,25.0419292912295,25.0439613479976,4.47666349802652,6.28225359511367,1.984752725949e-05
"cloglog",16000,69,2,0,8000,7041.20961753881,-1037.91928202411,8079.12889956292,7997.4730668662,7998.73648465486,2.52683557732456,151.420145180093,89.442716686888,89.4427190999916,-6.31529872191077,0.898814547298407,0.999999999999998
"cloglog",16000,69,2,1,8000,7100.02972862321,-1041.28081475034,8141.31054337355,7996.70418101102,7997.96999915094,2.53163627983375,151.358239977478,89.4314716519107,89.4427190999916,-5.92418656903802,1.60279755632928,0.999999999999921
"cloglog",16000,69,5,0,3200,2859.59712621122,-415.167078474925,3274.76420468614,3197.76484411546,3198.21183340104,2.23494642792299,86.6515159835188,71.5541691340761,71.5541752799933,-3.90261744489919,1.0698520045933,0.999994124206332
"cloglog",16000,69,5,1,3200,2861.39720054451,-417.643012354519,3279.04021289903,3197.26330949829,3197.71144342178,2.24066961740568,86.616674578897,71.5422685642245,71.5541752799933,-3.87761491175523,1.13679327073961,0.999993433971742
"cloglog",16000,69,10,0,1600,1490.44053418937,-207.569788606476,1698.01032279585,1597.8620914572,1598.07584494943,2.13753492230568,58.9670840931989,53.6656171658698,53.665631459995,-1.82172069248056,1.86216954400331,0.973515619110312
"cloglog",16000,69,10,1,1600,1513.66011717657,-209.10541561329,1722.76553278986,1597.57550505096,1597.79002174168,2.14516690726625,58.9476558602409,53.6559431826667,53.665631459995,-1.4235576741735,2.32920164356652,0.934108094048087
"cloglog",16000,69,25,0,640,671.778036251297,-83.0535977596665,754.831634010964,637.915593303244,637.998935332643,2.08355073497021,36.3913771783599,35.0541943961952,35.0542436803306,0.930507322712423,3.3329163796445,0.171565686524316
"cloglog",16000,69,25,1,640,685.32062222067,-83.5692676781004,768.88988989877,637.790843402395,637.874408086312,2.08911709791977,36.382035137322,35.047581623889,35.0542436803306,1.3064079191523,3.73821746728327,0.0947818291859744
"cloglog",16000,69,50,0,320,371.01534744222,-41.5571889866736,412.572536428894,317.9324193824,317.973737985501,2.06593015502021,25.5161652608728,25.0438289103036,25.0439613479976,2.08036464402503,3.77732968797246,0.021606056536056
"cloglog",16000,69,50,1,320,413.38463073388,-41.7602474359546,455.144878169834,317.867733923383,317.909133588004,2.06998323102123,25.510385086621,25.03905357635,25.0439613479976,3.74423578813754,5.48086788357901,0.000246230533027561
"cloglog",16000,70,2,0,8000,6925.72617721671,-1079.68724349667,8005.41342071337,7997.47747961971,7998.73869396653,2.52242869365182,145.080858372231,89.4427168240399,89.4427190999916,-7.38726882669268,0.0746257155847805,1
"cloglog",16000,70,2,1,8000,6914.86928155688,-1078.21082271961,7993.08010427649,7997.270710925,7998.52796745371,2.51451305743709,145.064119926296,89.4395749126793,89.4427190999916,-7.46153790419066,-0.060911103195025,1
"cloglog",16000,70,5,0,3200,2914.3303768074,-431.845951719383,3346.17632852678,3197.76210909468,3198.20964635667,2.23768630996409,84.8984583493601,71.5541693408734,71.5541752799933,-3.33847914082199,2.0678974199982,0.999868491279359
"cloglog",16000,70,5,1,3200,2854.92478942887,-431.881297052223,3286.8060864811,3197.63352119959,3198.07949872431,2.22988762361735,84.8890819497173,71.5508803110447,71.5541752799933,-4.03713556442646,1.2400488627264,0.999995608408528
"cloglog",16000,70,10,0,1600,1513.59940740613,-215.939286905873,1729.538694312,1597.8548025871,1598.06928595796,2.14483370857784,58.3260914912818,53.6656176369671,53.665631459995,-1.44455753894581,2.44978841468657,0.934250656606268
"cloglog",16000,70,10,1,1600,1572.5763296108,-216.083876790709,1788.66020640151,1597.78566279876,1597.99943116758,2.13768368825077,58.320982893106,53.6629716213004,53.665631459995,-0.432251514590624,3.55292987834178,0.670144120120476
"cloglog",16000,70,25,0,640,707.671346621412,-86.4198035165673,794.091150137979,637.914236274089,637.997634221292,2.0849486800877,36.2257272719248,35.054196769757,35.0542436803306,1.92562346157188,4.45291948755637,0.0285769665254834
"cloglog",16000,70,25,1,640,744.055531301639,-86.4186911881531,830.474222489792,637.881834851943,637.965227050413,2.08480496173952,36.2232406860312,35.0523914617283,35.0542436803306,2.93109325501734,5.49203598988584,0.0022755182736256
"cloglog",16000,70,50,0,320,457.34564657296,-43.2027922112414,500.548438784201,317.930365848287,317.971726895829,2.06805237707648,25.4571752073444,25.0438346078331,25.0439613479976,5.47646310280534,7.29028580276867,4.72150952086285e-07
"cloglog",16000,70,50,1,320,446.882610135911,-43.2119440552604,490.094554191172,317.912634207256,317.954019389279,2.06925910115932,25.4556236061552,25.0425329570687,25.0439613479976,5.06646303088291,6.87392665498333,2.39591577228223e-06
"cloglog",16000,71,2,0,8000,6903.3128808139,-1131.05520803696,8034.36808885087,7997.48809828631,7998.74400164426,2.51180671590019,150.734670220957,89.4427168498673,89.4427190999916,-7.25894856086193,0.39828941317155,1
"cloglog",16000,71,2,1,8000,6799.60716177372,-1131.9710336778,7931.57819545152,7997.03630317873,7998.3003403209,2.52807428434729,150.695644810884,89.4362199329354,89.4427190999916,-7.94601027062012,-0.746030466397317,1
"cloglog",16000,71,5,0,3200,2756.52481149248,-452.402549111482,3208.92736060396,3197.7675456264,3198.21399352533,2.23223949465816,86.460079999701,71.554169040654,71.5541752799933,-5.10342731738678,0.149723869653813,0.99999999644686
"cloglog",16000,71,5,1,3200,2902.35970786118,-452.219481050619,3354.57918891179,3197.48031278777,3197.92792173622,2.23804474224602,86.4383357415884,71.5473568312768,71.5541752799933,-3.41423284465898,2.18947665033935,0.999930160936628
"cloglog",16000,71,10,0,1600,1409.14335476714,-226.228466355798,1635.37182112294,1597.86189312597,1598.07566595725,2.1377283128388,58.8967935241672,53.6656171070482,53.665631459995,-3.20422432303362,0.694973004620322,0.999739978784146
"cloglog",16000,71,10,1,1600,1551.72316406516,-226.400613184258,1778.12377724942,1597.69519573001,1597.90986563252,2.14669902500658,58.8851523016242,53.660131646853,53.665631459995,-0.780706678474281,3.35843215597986,0.792405127849064
"cloglog",16000,71,25,0,640,693.637740478895,-90.4559350296778,784.093675508572,637.913006168482,637.996452035557,2.0861466768668,36.3731599283115,35.0541949282472,35.0542436803306,1.5320289581725,4.1677529257786,0.0626396506964237
"cloglog",16000,71,25,1,640,678.66998562156,-90.6251379505296,769.29512357209,637.843046981956,637.926599791316,2.08882023401638,36.367686249345,35.0504560194131,35.0542436803306,1.12261578478449,3.74798329893379,0.128443970629492
"cloglog",16000,71,50,0,320,416.909511003352,-45.1815493652951,462.091060368647,317.930199373319,317.971562242605,2.06814346429798,25.5096708912349,25.0438285239414,25.0439613479976,3.88007011348947,5.75469114030496,0.000157861256517475
"cloglog",16000,71,50,1,320,420.952144630178,-45.3385562171665,466.290700847344,317.895303814947,317.936674184741,2.06851848971595,25.5063217575827,25.0411082170734,25.0439613479976,4.04044306328072,5.92441937379806,9.35991914932299e-05
"cloglog",16000,72,2,0,8000,6958.21965217438,-1157.99191696738,8116.21156914177,7997.48068043799,7998.74029294407,2.51922501215254,151.034090151826,89.4427167390833,89.4427190999916,-6.88096990036416,1.31336882957594,1
"cloglog",16000,72,2,1,8000,6873.42538006818,-1157.93241179721,8031.35779186538,7997.3853455704,7998.64941692579,2.52814271077687,151.039308136777,89.4414318955279,89.4427190999916,-7.44150631625242,0.365696011863955,1
"cloglog",16000,72,5,0,3200,2827.52621647684,-463.221915189449,3290.74813166629,3197.75195996381,3198.20152584501,2.24782940600964,86.5436477721037,71.5541691138313,71.5541752799933,-4.27790777275629,1.29337824710193,0.999999267627348
"cloglog",16000,72,5,1,3200,2723.8959056166,-463.736759637127,3187.63266525372,3197.70270837311,3198.15101166771,2.24151647303475,86.5451838135199,71.5528217928129,71.5541752799933,-5.47467556111993,-0.147001140562237,0.999999999782524
"cloglog",16000,72,10,0,1600,1504.4598401015,-231.666934131033,1736.12677423253,1597.84932951619,1598.064359202,2.15029685803854,58.9274653513066,53.6656171660388,53.665631459995,-1.58482108229051,2.57264189477922,0.953149406035961
"cloglog",16000,72,10,1,1600,1377.85926299228,-231.740180258268,1609.59944325055,1597.82131448276,1598.03601426056,2.1469977780001,58.927554476098,53.6645277931769,53.665631459995,-3.7327537761591,0.215476208689627,0.99997716975589
"cloglog",16000,72,25,0,640,702.84799054299,-92.6715379279368,795.519528470926,637.903922609613,637.987731164852,2.09521388099036,36.3811088734231,35.0541939632255,35.0542436803306,1.78510413630684,4.49395006689747,0.0378823807929992
"cloglog",16000,72,25,1,640,637.452167411766,-92.6371869735654,730.089354385331,637.894768664328,637.978410389101,2.09104311933363,36.3806914943063,35.0534536400732,35.0542436803306,-0.0121658284761063,2.62772806759698,0.498673493267921
"cloglog",16000,72,50,0,320,406.362140142413,-46.3284937096272,452.69063385204,317.924149071295,317.965632992018,2.07419603615797,25.5124978219515,25.0438284596235,25.0439613479976,3.46645756477138,5.37956890565791,0.000578389545560998
"cloglog",16000,72,50,1,320,402.998242629948,-46.283894794481,449.282137424429,317.919797453516,317.961231553712,2.07170500979671,25.512078605242,25.0432891897683,25.0439613479976,3.33483000318721,5.2437563163376,0.0008575744131512
"cloglog",16000,73,2,0,8000,6986.69313473153,-1145.60811737161,8132.30125210314,7997.48858707999,7998.74424467204,2.51131518410191,153.108453712298,89.4427165350385,89.4427190999916,-6.60182653433243,1.49321278025784,1
"cloglog",16000,73,2,1,8000,7006.18285058134,-1146.48935288091,8152.67220346226,7997.42908253382,7998.69480379192,2.53144251620966,153.100612677338,89.4421050754244,89.4427190999916,-6.47447593199081,1.72153148162699,1
"cloglog",16000,73,5,0,3200,2825.43837036631,-458.208259423171,3283.64662978948,3197.77316300692,3198.21848657223,2.22661782654318,87.1248860040175,71.5541687626033,71.5541752799933,-4.27357566497636,1.19389470515239,0.99999936484784
"cloglog",16000,73,5,1,3200,2917.40741869184,-458.453581053753,3375.86099974559,3197.73780719563,3198.1850692479,2.23631026135937,87.1209969420316,71.5535440022571,71.5541752799933,-3.21771327628765,2.48311852299147,0.999845902354723
"cloglog",16000,73,10,0,1600,1471.05341717479,-229.072135899899,1700.12555307469,1597.86555577853,1598.07896148168,2.13405703151235,59.1412001217836,53.6656165261289,53.665631459995,-2.14422667011504,1.90152649310055,0.989162928078129
"cloglog",16000,73,10,1,1600,1482.08721156231,-229.231517529273,1711.31872909158,1597.8418303763,1598.05617014744,2.14339771139805,59.1393345510148,53.6651145235717,53.665631459995,-1.95732027918139,2.11054350577022,0.981703157335678
"cloglog",16000,73,25,0,640,669.450198232735,-91.646148656354,761.096346889089,637.917062527934,638.000345317473,2.08206973847496,36.4365533889808,35.0541935678972,35.0542436803306,0.865425864191012,3.51159131169823,0.188088900427109
"cloglog",16000,73,25,1,640,687.175464310184,-91.703859657618,778.879323967802,637.911782543957,637.99502928477,2.08116852033059,36.4358295853996,35.053849829913,35.0542436803306,1.35206697162641,4.01908193726581,0.0867037112133585
"cloglog",16000,73,50,0,320,379.714137456531,-45.847651965529,425.56178942206,317.936773865723,317.978004248653,2.06151914650053,25.532268189722,25.0438242549183,25.0439613479976,2.41957992653693,4.29582096082149,0.00988543717705879
"cloglog",16000,73,50,1,320,391.547680827812,-45.8366164707216,437.384297298534,317.932374113944,317.973629098036,2.06274920456417,25.5318761285593,25.04357423189,25.0439613479976,2.88327055729068,4.76811604824533,0.00303788199031614
"cloglog",16000,74,2,0,8000,6885.65794099603,-1036.33319419921,7921.99113519524,7997.47218940775,7998.73604791964,2.52771702377992,152.555176293177,89.4427165614016,89.4427190999916,-7.28794837007079,-0.858034233248269,1
"cloglog",16000,74,2,1,8000,6996.48759053361,-1038.17258163779,8034.6601721714,7997.33695423025,7998.59473551865,2.51556257681258,152.539148609567,89.4405495425164,89.4427190999916,-6.56126229115371,0.403233620960674,1
"cloglog",16000,74,5,0,3200,2891.95551589936,-414.57068643757,3306.52620233693,3197.75633381363,3198.20502509034,2.24345638354521,86.9694622680303,71.5541690459214,71.5541752799933,-3.51618614096776,1.51383460517972,0.999960550977728
"cloglog",16000,74,5,1,3200,2835.23628150128,-415.646510723286,3250.88279222457,3197.66405277252,3198.11277384639,2.24360536939186,86.9608081519636,71.5519281359882,71.5541752799933,-4.16771392738084,0.737506587913091,0.999998769817208
"cloglog",16000,74,10,0,1600,1438.08120727381,-207.290981111613,1645.37218838542,1597.85424738061,1598.06878506475,2.1453768413836,59.0839832104509,53.6656170073955,53.665631459995,-2.70416839598824,0.881447115648654,0.998233778194884
"cloglog",16000,74,10,1,1600,1459.2130674102,-207.967307976227,1667.18037538643,1597.80006865174,1598.01484317471,2.14774522975196,59.0795208683425,53.6638118734085,53.665631459995,-2.34577056828835,1.28886729803831,0.994098646996098
"cloglog",16000,74,25,0,640,709.32699911326,-82.9295287445185,792.256527857779,637.905831829299,637.989564775862,2.09332366407437,36.4216977091148,35.0541949520293,35.0542436803306,1.96095107521821,4.4008131777959,0.0258656845296374
"cloglog",16000,74,25,1,640,719.867857219879,-83.2455947554336,803.113451975312,637.885395527913,637.969057558902,2.09155077471033,36.4197299372155,35.0529611661505,35.0542436803306,2.25104529422091,4.71128226895379,0.0132418825437625
"cloglog",16000,74,50,0,320,408.836023137247,-41.4268130942004,450.262836231447,317.926394509482,317.967833994991,2.07197427545611,25.5269701410809,25.0438302679899,25.0439613479976,3.5613168396144,5.28253868600727,0.00043020886859545
"cloglog",16000,74,50,1,320,384.554939851121,-41.5975901249004,426.152529976022,317.916218486001,317.957637060135,2.07092870670563,25.5258212722864,25.0429459181472,25.0439613479976,2.61063965990666,4.32037401947522,0.00619879126774808
"cloglog",16000,75,2,0,8000,6940.47022713958,-1033.62285114802,7974.0930782876,7997.48269711834,7998.74130094891,2.51720766113407,145.706700720727,89.4427167786442,89.4427190999916,-7.25438476576799,-0.275575514128303,1
"cloglog",16000,75,2,1,8000,7083.79529794205,-1033.56955357136,8117.36485151341,7997.39830738533,7998.66168447747,2.52675418427873,145.695204837112,89.441582413372,89.4427190999916,-6.27064569808385,1.32715861943647,0.999999999999972
"cloglog",16000,75,5,0,3200,2863.6200613478,-413.443389979343,3277.06345132715,3197.76233420705,3198.20982456704,2.23745179996109,85.0697699149821,71.5541690340212,71.5541752799933,-3.92786148585076,1.10201303186982,0.999992475073547
"cloglog",16000,75,5,1,3200,2919.50649736734,-413.314562361468,3332.82105972881,3197.7183817286,3198.16497590888,2.23297090143314,85.0642016242415,71.5530052276348,71.5541752799933,-3.27061065699783,1.88190675418228,0.999828471808538
"cloglog",16000,75,10,0,1600,1527.90369930668,-206.71499761664,1734.61869692332,1597.86164588233,1598.07544428925,2.13798406924106,58.3884627864677,53.6656173936717,53.665631459995,-1.198146744015,2.54433395655242,0.893743681247503
"cloglog",16000,75,10,1,1600,1582.96865048339,-206.775889824903,1789.74454030829,1597.83093108324,1598.04508361406,2.14152530824316,58.3857103014985,53.6646754143978,53.665631459995,-0.254553391970375,3.57217210788908,0.600608183056705
"cloglog",16000,75,25,0,640,689.115109414104,-82.6323421462595,771.747451560363,637.918670885899,638.001890574914,2.08049222537335,36.2417943009393,35.0541955032188,35.0542436803306,1.41263531554447,3.81539382277847,0.078832465670503
"cloglog",16000,75,25,1,640,671.471712353111,-82.6887072721525,754.160419625263,637.906637715863,637.989872890622,2.08087936896615,36.2406478693167,35.0535495764484,35.0542436803306,0.926172036390829,3.31408796365358,0.173683273362056
"cloglog",16000,75,50,0,320,403.828629162346,-41.2995965000573,445.128225662403,317.934900429394,317.976170318225,2.06349444151457,25.462889296273,25.0438325737161,25.0439613479976,3.37329074220668,5.07718037843882,0.000778842959901082
"cloglog",16000,75,50,1,320,423.619944224015,-41.3385290235467,464.958473247561,317.930885266598,317.97211498424,2.06148588209734,25.4622340898432,25.0433584347602,25.0439613479976,4.15081640458154,5.86927502739826,6.58032276018073e-05
"cloglog",16000,76,2,0,8000,7027.01588892183,-1115.45694472378,8142.47283364561,7997.47862490601,7998.73926582031,2.52128182859521,146.801426059938,89.4427168732391,89.4427190999916,-6.61071736175055,1.6069901815372,0.999999999999999
"cloglog",16000,76,2,1,8000,6942.71419927714,-1118.10384186725,8060.81804114438,7996.65152034861,7997.91495730195,2.52687390668286,146.750024603502,89.4304226074441,89.4427190999916,-7.18185447613424,0.703374556537085,1
"cloglog",16000,76,5,0,3200,3000.94091646339,-446.213706925248,3447.15462338864,3197.76340999741,3198.21068598555,2.23637994070862,85.3703773649123,71.5541692639299,71.5541752799933,-2.3055127505494,3.47909758388571,0.993931575098098
"cloglog",16000,76,5,1,3200,2753.25948843607,-448.575329229686,3201.83481766576,3197.22994960645,3197.6790396307,2.24545012126487,85.3390296407247,71.5414388805963,71.5541752799933,-5.20243156079326,0.0580891033236262,0.999999997286468
"cloglog",16000,76,10,0,1600,1563.85928049592,-223.096884907584,1786.95616540351,1597.85609862258,1598.07045175406,2.14353131485937,58.4980471209684,53.6656174889512,53.665631459995,-0.581161590853666,3.51967838045154,0.724561707517571
"cloglog",16000,76,10,1,1600,1519.8588481484,-224.315337740638,1744.17418588904,1597.55529986946,1597.77011843854,2.14818569076105,58.4800239817027,53.6553102282831,53.665631459995,-1.32859815080386,2.72860350313161,0.918276430713957
"cloglog",16000,76,25,0,640,736.116416493943,-89.2652013321927,825.381617826136,637.911873937354,637.995365156718,2.08728048409244,36.2700627586176,35.0541951807597,35.0542436803306,2.70759229754176,5.34561560187437,0.0041971383701179
"cloglog",16000,76,25,1,640,681.608638219875,-89.7713255945017,771.379963814377,637.783413177285,637.866977787954,2.08911526672474,36.2608910928933,35.0471606265122,35.0542436803306,1.208608606179,3.80952361445864,0.112639114101329
"cloglog",16000,76,50,0,320,411.865857395364,-44.6586105392347,456.524467934598,317.932292260932,317.973614062518,2.0660900793083,25.4729532980486,25.0438318197676,25.0439613479976,3.68758047154383,5.53233446339946,0.000297245782074346
"cloglog",16000,76,50,1,320,399.756370329919,-44.9147532109297,444.671123540848,317.86530964636,317.906669989776,2.06801717077662,25.4670346465726,25.0387047582886,25.0439613479976,3.2155711028013,5.06274005683579,0.00124165224273037
"cloglog",16000,77,2,0,8000,7101.96783761291,-1074.53945428833,8176.50729190123,7997.49085443237,7998.74538028326,2.50905170177956,145.532509567704,89.4427169344224,89.4427190999916,-6.15342248601059,1.98743863905999,0.99999999999991
"cloglog",16000,77,2,1,8000,7019.23506358688,-1076.82264051836,8096.05770410524,7994.65336516221,7995.91810293924,2.52947555406427,145.385559960705,89.4021430878396,89.4427190999916,-6.70918282282624,1.12010291596263,1
"cloglog",16000,77,5,0,3200,2919.53245207877,-429.803303999696,3349.33575607846,3197.76949288037,3198.21555351843,2.23030319029561,85.0220516949133,71.55416938445,71.5541752799933,-3.27252795310105,2.11196920962191,0.99982824522478
"cloglog",16000,77,5,1,3200,2835.79033407967,-431.528131013234,3267.31846509291,3195.94490001501,3196.39364449309,2.24372239042634,84.9269691267516,71.5105592565171,71.5541752799933,-4.24075614187775,0.991809060608779,0.999998723669205
"cloglog",16000,77,10,0,1600,1521.64857033451,-214.877280645321,1736.52585097983,1597.85948924464,1598.07350427445,2.14015029803989,58.3710837732146,53.6656178213196,53.665631459995,-1.30562795794971,2.57990781297557,0.913219293647592
"cloglog",16000,77,10,1,1600,1493.720366189,-215.265133384253,1708.98549957325,1596.83141300256,1597.04619466449,2.14781661929713,58.3143413754864,53.6302171924652,53.665631459995,-1.76819362752691,2.08724317686497,0.969565061447641
"cloglog",16000,77,25,0,640,736.502538673797,-85.9881435839191,822.490682257716,637.91546222776,637.998810516949,2.08370722974004,36.2373200480007,35.0541960078319,35.0542436803306,2.7205951299778,5.26304673196747,0.00407713221157211
"cloglog",16000,77,25,1,640,709.517653077226,-85.8982566747605,795.415909751986,637.474083753885,637.557624505105,2.08851878051249,36.2072355023276,35.029990474976,35.0542436803306,1.98975614469957,4.50637534028589,0.0255680217763339
"cloglog",16000,77,50,0,320,439.662555356487,-42.9912529190649,482.653808275552,317.935292585192,317.976554760627,2.06310877175839,25.4613023520799,25.0438333303818,25.0439613479976,4.78087338534556,6.57556099110224,7.00798125972962e-06
"cloglog",16000,77,50,1,320,466.269627163708,-43.036817700807,509.306444864515,317.706075016287,317.747469968452,2.069747608235,25.4416093495387,25.0263090439251,25.0439613479976,5.8393928664782,7.65430389914261,1.11029720272503e-07
"cloglog",16000,78,2,0,8000,7059.94987983218,-1017.85082828413,8077.80070811631,7997.48103397669,7998.74046780654,2.51886765970001,154.031878103597,89.4427164918286,89.4427190999916,-6.08660470603334,0.883920384025845,0.999999999999994
"cloglog",16000,78,2,1,8000,7049.5399372455,-1017.5920287167,8067.1319659622,7997.47228241436,7998.73174481387,2.51892479901745,154.029129176586,89.442584203312,89.4427190999916,-6.1542407610583,0.764738874190525,0.999999999999997
"cloglog",16000,78,5,0,3200,2851.85989027724,-407.206498901389,3259.06638917862,3197.76764594164,3198.21407371116,2.23213884759606,87.3849313298202,71.5541688869179,71.5541752799933,-3.95843711725115,0.850437038317578,0.99999638005005
"cloglog",16000,78,5,1,3200,2811.10749729075,-407.002961515902,3218.11045880665,3197.76023357233,3198.20703662336,2.23401525517319,87.3835980890818,71.5540335850319,71.5541752799933,-4.42477472588635,0.278159331991177,0.999999766472116
"cloglog",16000,78,10,0,1600,1452.06566545656,-203.58704569041,1655.65271114697,1597.8555713445,1598.06997637916,2.1440503466121,59.2370373395206,53.6656169349669,53.665631459995,-2.46112757213596,1.07299120100654,0.996005799476784
"cloglog",16000,78,10,1,1600,1544.50659816259,-203.464025901732,1747.97062406432,1597.86206994208,1598.07551292831,2.1344298622667,59.2364374756982,53.665508109974,53.665631459995,-0.900720469582285,2.79313690329439,0.82771489814048
"cloglog",16000,78,25,0,640,611.339733142864,-81.4483726529109,692.788105795775,637.915476719765,637.998823218396,2.08366246575502,36.4614457891914,35.0541937886808,35.0542436803306,-0.728872456966022,1.56298795253056,0.769825038560484
"cloglog",16000,78,25,1,640,635.409788222201,-81.4577967439141,716.867584966115,637.913411328165,637.99678870717,2.08443447511526,36.4612357626437,35.0541217743907,35.0542436803306,-0.0686653387795792,2.24997210788963,0.521508341758097
"cloglog",16000,78,50,0,320,370.925343116166,-40.7074693951172,411.632812511283,317.930575860116,317.971931151388,2.06776456358092,25.5411454830386,25.0438278535624,25.0439613479976,2.07487825051708,3.73987881994533,0.0217731507137377
"cloglog",16000,78,50,1,320,375.344789960612,-40.6811046369214,416.025894597534,317.931849614209,317.973165926513,2.06581561520377,25.5410419339359,25.0437745991916,25.0439613479976,2.24786993791821,3.91525360055689,0.0147761061124954
"cloglog",16000,79,2,0,8000,7165.82668225961,-1014.51972491314,8180.34640717276,7997.48059229121,7998.74024951434,2.51931444627011,147.893430075422,89.4427168965061,89.4427190999916,-5.62333235227199,2.03041861830462,0.99999999999537
"cloglog",16000,79,2,1,8000,7001.04566922783,-1018.41812890086,8019.46379812869,7997.20732671076,7998.46893612695,2.52321883238527,147.862710500963,89.4387100019394,89.4427190999916,-6.7370715314761,0.234740214849726,1
"cloglog",16000,79,5,0,3200,2786.39246083668,-405.764295728929,3192.15675656561,3197.76355411231,3198.21080122188,2.23623554784208,85.6714064959648,71.5541692222809,71.5541752799933,-4.80173152398295,-0.0846078533518316,0.999999962195243
"cloglog",16000,79,5,1,3200,3045.0633338809,-407.441402508109,3452.50473638901,3197.59030984306,3198.0377173676,2.23703762273181,85.6552464300475,71.5499951776569,71.5541752799933,-1.78070792297261,3.5564924692108,0.973523240074076
"cloglog",16000,79,10,0,1600,1433.97396573525,-202.818179276097,1636.79214501135,1597.85770560086,1598.071898444,2.14192843139725,58.6079654908429,53.6656175934694,53.665631459995,-2.79627075420683,0.7215093816802,0.998628632606024
"cloglog",16000,79,10,1,1600,1464.72355796049,-203.674529731721,1668.39808769222,1597.7600403119,1597.97429567468,2.14255362787126,58.5997477468499,53.6622505763444,53.665631459995,-2.27025691178941,1.31235256183193,0.992122446291891
"cloglog",16000,79,25,0,640,618.634530165308,-81.1354008997922,699.7699310651,637.914861031329,637.998233112337,2.08430202520471,36.2984428708613,35.0541955941924,35.0542436803306,-0.531161376112326,1.76217702063021,0.701597731717247
"cloglog",16000,79,25,1,640,686.337352210261,-81.5214936930946,767.858845903355,637.874266539149,637.957612132454,2.08363983260754,36.2948124915643,35.0519062767401,35.0542436803306,1.33526204832648,3.70596773668491,0.0902859287791086
"cloglog",16000,79,50,0,320,376.657494536376,-40.6088881422709,417.266382678647,317.932223617724,317.973546685005,2.06615336402749,25.4830576387199,25.043831302924,25.0439613479976,2.30448291375453,3.96476221200425,0.013120719236452
"cloglog",16000,79,50,1,320,395.044250588918,-40.7820496971893,435.826300286107,317.910537891748,317.951874625512,2.06683668821737,25.4809112205215,25.0421769122831,25.0439613479976,3.02711751670204,4.70703589681846,0.0020908013658305
"cloglog",16000,80,2,0,8000,6770.82412054469,-1172.50875422809,7943.33287477279,7997.48427053424,7998.74208909972,2.51563713095183,150.920478973869,89.442716827108,89.4427190999916,-8.1278575202636,-0.619493864816701,1
"cloglog",16000,80,2,1,8000,6819.88124742868,-1175.53586581894,7995.41711324762,7997.19828022286,7998.46125521743,2.5259499891338,150.891110331673,89.4385284380867,89.4427190999916,-7.8024280569367,-0.0340361365841342,1
"cloglog",16000,80,5,0,3200,2826.13423095097,-469.037428214211,3295.17165916518,3197.77028434678,3198.21618561446,2.22950633836893,86.511933438142,71.5541692276036,71.5541752799933,-4.29577791902598,1.3549940499249,0.999999333908081
"cloglog",16000,80,5,1,3200,2850.07494823931,-469.918737116678,3319.99368535599,3197.58284847382,3198.03088354747,2.24017536828723,86.4963375880239,71.5498766730168,71.5541752799933,-4.01760247803397,1.70458437497919,0.999996767993684
"cloglog",16000,80,10,0,1600,1438.1983103142,-234.528599656459,1672.72690997066,1597.86357167739,1598.07717784145,2.13606164058762,58.9158250468092,53.6656175435804,53.665631459995,-2.71005729337304,1.39101599023964,0.998221149854966
"cloglog",16000,80,10,1,1600,1467.99308596691,-235.069072192326,1703.06215815923,1597.75631811077,1597.97068096825,2.14362857479397,58.907651635327,53.6621472850623,53.665631459995,-2.20282473569254,1.95839120325778,0.990695788922453
"cloglog",16000,80,25,0,640,738.253694419993,-93.81917381304,832.072868233033,637.916400144925,637.999709982564,2.08274594097164,36.3780956839155,35.0541946777951,35.0542436803306,2.75817885429973,5.53637474870886,0.00357100003740687
"cloglog",16000,80,25,1,640,704.581739909651,-94.041019645798,798.622759555449,637.869802933793,637.953275979158,2.08682613412366,36.374421971798,35.0518327146131,35.0542436803306,1.83403428451954,4.58376841189557,0.0342821557881035
"cloglog",16000,80,50,0,320,450.942530292697,-46.9033671861196,497.845897478817,317.930967269244,317.972315126392,2.06739285740698,25.5114311980983,25.0438298438851,25.0439613479976,5.21380247115924,7.1823512407526,1.28795984967248e-06
"cloglog",16000,80,50,1,320,445.922296305993,-46.9865681961531,492.908864502146,317.909573082488,317.950914377048,2.06706472796192,25.5092380447663,25.042117757971,25.0439613479976,5.01828878615875,6.98654769600743,2.76984107118178e-06
"cloglog",16000,81,2,0,8000,7087.99004311293,-1018.03945733507,8106.029500448,7997.48178874193,7998.74084760143,2.51811771900425,148.542089783866,89.4427168047009,89.4427190999916,-6.12278814006414,1.19952363567885,0.999999999999963
"cloglog",16000,81,2,1,8000,7200.91583011628,-1016.41810105051,8217.33393116679,7996.79649029815,7998.05313471341,2.51328883053146,148.493189802582,89.4327608003132,89.4427190999916,-5.35971152104664,2.45190682352961,0.999999999964711
"cloglog",16000,81,5,0,3200,2862.14404692515,-407.237664189047,3269.3817111142,3197.77365770125,3198.21888299694,2.2261264784225,85.8507768952157,71.5541689668042,71.5541752799933,-3.90945339010443,0.99453084488028,0.999993125550257
"cloglog",16000,81,5,1,3200,2962.97300124858,-406.931639228581,3369.90464047716,3197.33549072676,3197.78038774793,2.22448510584561,85.8216728729053,71.5435556742822,71.5541752799933,-2.73080775091925,2.40586662358324,0.998674767667184
"cloglog",16000,81,10,0,1600,1540.36450658315,-203.626393502633,1743.99090008578,1597.86694842605,1598.08021610717,2.13267681125188,58.673545712936,53.6656172104843,53.665631459995,-0.980040342614274,2.71888578875978,0.846181122448764
"cloglog",16000,81,10,1,1600,1539.44720213491,-203.414888600085,1742.862090735,1597.6231095393,1597.83610659588,2.12997056586069,58.6574001377865,53.6570558912114,53.665631459995,-0.991791440938887,2.70283156111196,0.850090787348237
"cloglog",16000,81,25,0,640,647.929325688715,-81.5465534082944,729.47587909701,637.919152513413,638.002351666144,2.07997881828714,36.3153849798673,35.0541936904788,35.0542436803306,0.275645519959423,2.60948884571579,0.383928536168981
"cloglog",16000,81,25,1,640,651.338381589668,-81.4241003412168,732.762481930885,637.816869736813,637.899958738443,2.07722504076334,36.3074719149368,35.0483657505531,35.0542436803306,0.372416781992802,2.70661758860879,0.348466363000254
"cloglog",16000,81,50,0,320,388.445150254347,-40.7550320481752,429.200182302522,317.938163420268,317.979366950444,2.06017650878772,25.4890864730392,25.0438283205932,25.0439613479976,2.76616374261419,4.44104686904529,0.00419219682998831
"cloglog",16000,81,50,1,320,359.835479846302,-40.6745247472047,400.510004593506,317.884303374053,317.925516988832,2.06068073892109,25.4841263473441,25.0396255551506,25.0439613479976,1.64616890924418,3.29815186024965,0.0528941479562798
"cloglog",16000,82,2,0,8000,6985.66332757378,-1090.85020298926,8076.51353056305,7997.46779301238,7998.73384822696,2.53211042915073,148.195364546193,89.442716626263,89.4427190999916,-6.82750414317592,0.869603308909918,1
"cloglog",16000,82,2,1,8000,6905.1552983746,-1090.57622548715,7995.73152386175,7997.45856787206,7998.72057645477,2.52401716543023,148.190328060912,89.4424737155713,89.4427190999916,-7.37094845385916,-0.0334187156152281,1
"cloglog",16000,82,5,0,3200,2846.33135460972,-436.336426964087,3282.66778157381,3197.76552604367,3198.2123791274,2.2342654186734,85.7548484817731,71.5541691948152,71.5541752799933,-4.09812596787044,1.18030023123409,0.999997456895818
"cloglog",16000,82,5,1,3200,2859.165292596,-435.927913621802,3295.0932062178,3197.75465910673,3198.20145798033,2.2339943680178,85.752406987509,71.5539032761942,71.5541752799933,-3.94845320855015,1.3541084944517,0.999994279219543
"cloglog",16000,82,10,0,1600,1537.69788969837,-218.16879333759,1755.86668303596,1597.85941900698,1598.07343982821,2.14020821232493,58.6384612728787,53.6656172812798,53.665631459995,-1.02597387452994,2.94030426186472,0.85736552994397
"cloglog",16000,82,10,1,1600,1582.15528730467,-218.016944102092,1800.17223140676,1597.85018953397,1598.06450726734,2.14317733370784,58.6373589655495,53.6654010690279,53.665631459995,-0.267660455828445,3.76607125099954,0.606189801417581
"cloglog",16000,82,25,0,640,696.10318683399,-87.2979758482183,783.401162682208,637.9118719305,637.995363441528,2.08728777568394,36.3063252230249,35.0541953398269,35.0542436803306,1.60278724288477,4.14802844084906,0.0549999472253681
"cloglog",16000,82,25,1,640,756.989182054379,-87.2097674422346,844.198949496614,637.90757194804,637.991127735238,2.08889467997167,36.3059279864628,35.0540461333048,35.0542436803306,3.2799494933924,5.88256833397208,0.000782556093576999
"cloglog",16000,82,50,0,320,409.418102320423,-43.6301329157344,453.048235236158,317.929279237897,317.970661428008,2.06910950550943,25.4858644566846,25.043832099694,25.0439613479976,3.58978692828014,5.39364635852995,0.000400958507382266
"cloglog",16000,82,50,1,320,409.341759179441,-43.5784152271729,452.920174406614,317.926525028547,317.967935104122,2.07050377874783,25.4856678503767,25.0437250379545,25.0439613479976,3.58692715794548,5.38866478920241,0.000404685298093791
"cloglog",16000,83,2,0,8000,6904.97561198947,-1150.99760142035,8055.97321340981,7997.47389425504,7998.73689902929,2.52600954849943,148.560745253148,89.442716781408,89.4427190999916,-7.35388261821089,0.63992146527032,1
"cloglog",16000,83,2,1,8000,6956.6567683347,-1151.03363665137,8107.69040498607,7997.47015717793,7998.73329350942,2.52627266298979,148.558919916157,89.4426654473101,89.4427190999916,-7.00606459329834,1.2181782701996,1
"cloglog",16000,83,5,0,3200,2813.46016418473,-460.42600163611,3273.88616582085,3197.76547992109,3198.21234141748,2.2343074819306,85.8559403602302,71.554169104048,71.5541752799933,-4.47616453938894,1.05757393805149,0.999999724021424
"cloglog",16000,83,5,1,3200,2835.19756512869,-460.467552570823,3295.66511769951,3197.76160859563,3198.20879184559,2.23591624979419,85.8551024635083,71.5541147380853,71.5541752799933,-4.2229760732164,1.36199471142439,0.999998772981594
"cloglog",16000,83,10,0,1600,1507.22266415105,-230.214475594849,1737.4371397459,1597.8538916473,1598.068464632,2.14572984704373,58.6754301738801,53.6656170621392,53.665631459995,-1.54461973653476,2.59698262581287,0.94795500982382
"cloglog",16000,83,10,1,1600,1502.23808617076,-230.242693856218,1732.48078002698,1597.85149515872,1598.06618442677,2.1468926805225,58.6750727155429,53.6655743154527,53.665631459995,-1.62954052824946,2.50467077478943,0.957021786304029
"cloglog",16000,83,25,0,640,704.665312104342,-92.1476662211606,796.812978325502,637.910221361278,637.993778618697,2.08893143545887,36.3158770468611,35.0541949379162,35.0542436803306,1.83817922549204,4.53067600006467,0.0341161157124062
"cloglog",16000,83,25,1,640,679.633670725784,-92.1240724197318,771.757743145516,637.911227984143,637.994722905646,2.08737303757414,36.315758090672,35.0541643754069,35.0542436803306,1.14887985093055,3.81589527587525,0.12309468270135
"cloglog",16000,83,50,0,320,429.346706367539,-46.0419945956072,475.388700963146,317.929593253949,317.970968372781,2.06875594160688,25.4892591523363,25.0438289640925,25.0439613479976,4.37113971997798,6.28568949325073,3.02863688877234e-05
"cloglog",16000,83,50,1,320,425.585363031074,-46.0456712902649,471.631034321339,317.929743238174,317.971109925592,2.06833437088721,25.4892071740001,25.0438076007642,25.0439613479976,4.22357663217996,6.13564545956097,5.0569702412635e-05
"cloglog",16000,84,2,0,8000,7064.54927139469,-994.413036427284,8058.96230782198,7997.47084037847,7998.73537288304,2.52906500913613,149.486092939357,89.4427167793893,89.4427190999916,-6.24085860189176,0.673357620469939,0.999999999999992
"cloglog",16000,84,2,1,8000,7101.37026878273,-992.913461701661,8094.28373048439,7996.72316164023,7997.98688987429,2.52745646813413,149.438594867606,89.4316254119007,89.4427190999916,-5.99144346646684,1.07676496056704,0.999999999999913
"cloglog",16000,84,5,0,3200,2842.53801839674,-397.813346333613,3240.35136473035,3197.76263007329,3198.21006214238,2.23716034545758,86.1125425843144,71.5541691766559,71.5541752799933,-4.1251204646378,0.588942658029216,0.999998010762031
"cloglog",16000,84,5,1,3200,2827.08897053485,-398.381442488021,3225.47041302287,3197.27571720803,3197.72488214607,2.24582469022122,86.0840286106635,71.5425593562505,71.5541752799933,-4.30029533524084,0.387818539432461,0.999999289099592
"cloglog",16000,84,10,0,1600,1460.86169503996,-198.892470524151,1659.75416556411,1597.85606292684,1598.07041947802,2.14356551172797,58.7693655618835,53.665617327805,53.665631459995,-2.33105065159546,1.14940904731078,0.9935589376818
"cloglog",16000,84,10,1,1600,1506.48022992196,-199.250957165009,1705.73118708697,1597.57945675186,1597.79454617423,2.15089422375555,58.7529363223397,53.6562442491988,53.665631459995,-1.55054764122932,2.01163242830483,0.949393230985637
"cloglog",16000,84,25,0,640,662.653091267855,-79.515801558312,742.168892826167,637.91291030572,637.996360586125,2.08625701012757,36.3401695136859,35.0541957514702,35.0542436803306,0.680794319157422,2.97175644760507,0.241943398470411
"cloglog",16000,84,25,1,640,657.334109302636,-79.5431685938092,736.877277896445,637.793904365303,637.877502221262,2.08994639898403,36.3317950160142,35.0477906219024,35.0542436803306,0.53782657665881,2.82470803204681,0.289619645853166
"cloglog",16000,84,50,0,320,405.65278077627,-39.7610873308675,445.413868107138,317.933166108263,317.974470391837,2.06521417870281,25.4979182198327,25.0438315768578,25.0439613479976,3.4402657468631,5.08865415917679,0.000628999430884085
"cloglog",16000,84,50,1,320,386.285559543806,-39.7702868572048,426.055846401011,317.872283525171,317.913623449687,2.06699622579955,25.492556267226,25.0391757190701,25.0439613479976,2.683656958584,4.31892104455187,0.00521797730425284
"cloglog",16000,85,2,0,8000,6926.98065258363,-1020.26422131713,7947.24487390076,7997.48559500301,7998.74274872243,2.51430743884788,151.274560760924,89.4427165119255,89.4427190999916,-7.07656949743994,-0.575763760650194,1
"cloglog",16000,85,2,1,8000,6978.36244633246,-1020.24562448982,7998.60807082228,7997.31337780202,7998.57679652501,2.52683744598427,151.279276633177,89.4403234303638,89.4427190999916,-6.73556189682422,0.000349666638782938,1
"cloglog",16000,85,5,0,3200,2820.38126075407,-408.024709562172,3228.40597031624,3197.75789170886,3198.2062700126,2.24189151871141,86.6108137827777,71.5541686591427,71.5541752799933,-4.35715373719111,0.422053681421369,0.999999551741305
"cloglog",16000,85,5,1,3200,2829.56443768129,-407.941953833398,3237.50639151469,3197.66092942929,3198.10808253458,2.23576552645557,86.6114579281916,71.5516754415817,71.5541752799933,-4.24997454786157,0.55062734362211,0.999999159066478
"cloglog",16000,85,10,0,1600,1458.3938288299,-204.009722801558,1662.40355163145,1597.85330723034,1598.06793810033,2.14630869985312,58.9521261647344,53.6656165132188,53.665631459995,-2.36563950230976,1.19882371080711,0.994351755194548
"cloglog",16000,85,10,1,1600,1441.97442223462,-204.003298472284,1645.9777207069,1597.800447873,1598.01457085206,2.14122979066705,58.9514081673452,53.6636031990404,53.665631459995,-2.64329607184337,0.893774308760844,0.997767667799256
"cloglog",16000,85,25,0,640,618.831467900848,-81.5896003677453,700.421068268593,637.913403101828,637.996831697427,2.08571488996447,36.3874922005219,35.0541926359722,35.0542436803306,-0.524409186976246,1.78079230691245,0.699643199875479
"cloglog",16000,85,25,1,640,628.589634219016,-81.6416298511667,710.231264070183,637.888055985213,637.971507605984,2.08629051928562,36.386468780716,35.0528170681868,35.0542436803306,-0.255546143326887,2.06145361508707,0.597181574463591
"cloglog",16000,85,50,0,320,343.244711070047,-40.7807172452934,384.025428315341,317.932163400197,317.973486298284,2.06614490433437,25.5147668331075,25.0438253071415,25.0439613479976,0.992074426367283,2.63745419108244,0.15818139476555
"cloglog",16000,85,50,1,320,363.605213347769,-40.7759972845534,404.381210632323,317.920842602571,317.962140579112,2.06489882706169,25.5139061148759,25.0428352066409,25.0439613479976,1.79056748658969,3.45085008706579,0.0396608926529133
"cloglog",16000,86,2,0,8000,6954.90562485091,-1140.16879477574,8095.07441962664,7997.48458146165,7998.74224192846,2.51532093362038,150.502061771868,89.4427167548817,89.4427190999916,-6.92734002668409,1.07702651700738,1
"cloglog",16000,86,2,1,8000,7001.53088419521,-1138.40888515959,8139.9397693548,7997.38958166611,7998.64803618107,2.51690902991225,150.507911417543,89.4413241477769,89.4427190999916,-6.61665349078005,1.57971423746241,1
"cloglog",16000,86,5,0,3200,2854.85812284528,-456.112508902207,3310.97063174749,3197.75829847656,3198.20659606381,2.24148793627635,86.3952173000289,71.5541689982525,71.5541752799933,-3.9689717364848,1.57592544588742,0.999995626745153
"cloglog",16000,86,5,1,3200,2771.88474015257,-455.429288678509,3227.31402883108,3197.70252389988,3198.15017652828,2.23826314199355,86.3969224248686,71.5527369698124,71.5541752799933,-4.92862212907647,0.407585419340467,0.999999987737499
"cloglog",16000,86,10,0,1600,1502.75912226047,-228.067041253835,1730.8261635143,1597.85775884188,1598.07194519788,2.14186355997934,58.8729900778931,53.6656170281106,53.665631459995,-1.61531861139702,2.47372946903575,0.956137355203482
"cloglog",16000,86,10,1,1600,1447.04814266958,-227.458850450449,1674.50699312003,1597.82596473543,1598.0399999607,2.14035225267649,58.8731254976265,53.664457041257,53.665631459995,-2.56106365665829,1.42490947221435,0.996995550474373
"cloglog",16000,86,25,0,640,667.356359823298,-91.2278458265386,758.584205649836,637.91579825092,637.999131898496,2.08334118939865,36.366991385739,35.0541941499901,35.0542436803306,0.809540752494651,3.43996137053901,0.203796376680626
"cloglog",16000,86,25,1,640,706.544675609564,-90.9858845945583,797.530560204123,637.905002721167,637.988199297274,2.07991440267932,36.3665574990628,35.0534036329797,35.0542436803306,1.88743938411455,4.5514085472928,0.0305566373868304
"cloglog",16000,86,50,0,320,399.320305590407,-45.63139906684,444.951704657247,317.932986358452,317.974293309989,2.06534757685297,25.5074678313409,25.043827694784,25.0439613479976,3.1907251542999,5.0702078330344,0.00130409261050755
"cloglog",16000,86,50,1,320,428.566126394179,-45.492833718241,474.05896011242,317.928668052946,317.969916930493,2.0624438773658,25.5070252137044,25.0432583605813,25.0439613479976,4.33752887348815,6.23277693878744,3.37177496875037e-05
"cloglog",16000,87,2,0,8000,6917.21132388681,-1006.11223110022,7923.32355498704,7997.47403372046,7998.73697128047,2.52587512001001,148.221886212763,89.4427168665256,89.4427190999916,-7.28814574848282,-0.843147647292178,1
"cloglog",16000,87,2,1,8000,6966.44896102996,-1004.84486632549,7971.29382735544,7997.45460013179,7998.71707095481,2.52494164604409,148.225139933452,89.4424164011167,89.4427190999916,-6.95567323845817,-0.30660222188523,1
"cloglog",16000,87,5,0,3200,2898.13931784935,-402.448415845516,3300.58773369486,3197.76597996731,3198.21274144727,2.23380739980989,85.7621830089821,71.5541690410111,71.5541752799933,-3.49369211003622,1.43073413638436,0.999944472596285
"cloglog",16000,87,5,1,3200,2843.09078704267,-402.241726375851,3245.33251341852,3197.74476502943,3198.19315922463,2.2419709759854,85.7634171626122,71.5538546991765,71.5541752799933,-4.13525941153112,0.658795454026524,0.999997937916069
"cloglog",16000,87,10,0,1600,1505.79454563434,-201.278312827281,1707.07285846162,1597.86154024645,1598.07534907428,2.13808827831896,58.6411422654654,53.6656172408364,53.665631459995,-1.5700068425565,2.03104920787901,0.950693636712889
"cloglog",16000,87,10,1,1600,1426.05703801249,-201.145135543885,1627.20217355638,1597.84157938172,1598.05665670898,2.15077327258815,58.6415233134285,53.6653646697066,53.665631459995,-2.92940107389556,0.543097340841312,0.999172514742614
"cloglog",16000,87,25,0,640,664.839965146043,-80.5116271066738,745.351592252717,637.909089115442,637.992691562605,2.09006117907695,36.3070100732654,35.0541947838076,35.0542436803306,0.741754167480516,3.06265487917309,0.223720123774098
"cloglog",16000,87,25,1,640,625.668749001811,-80.4105955226498,706.079344524461,637.906912801989,637.990477905478,2.0891275872165,36.3070127882599,35.0540222668333,35.0542436803306,-0.337074379309322,1.9423981105702,0.628832777929143
"cloglog",16000,87,50,0,320,386.662773581304,-40.2161290581384,426.878902639443,317.926159714508,317.967603375348,2.07218304201084,25.4860965031345,25.0438283259868,25.0439613479976,2.69702399731331,4.34882789669512,0.00502382915175386
"cloglog",16000,87,50,1,320,365.223570911364,-40.188142408174,405.411713319538,317.926382777038,317.967790298397,2.07037606798355,25.4860358422823,25.0437035343485,25.0439613479976,1.85580795801356,3.49165301774187,0.0348962407118412
"cloglog",16000,88,2,0,8000,7055.70539952867,-1093.0108675002,8148.71626702887,7997.46760887301,7998.73375441041,2.53229107480326,148.624422910323,89.442716633167,89.4427190999916,-6.33652390975194,1.67685551450303,0.999999999999996
"cloglog",16000,88,2,1,8000,7002.95152116029,-1092.36006121394,8095.31158237424,7997.34437094315,7998.60779727832,2.52685267032178,148.630480496691,89.4408127517808,89.4427190999916,-6.69036960965081,1.08120423015719,1
"cloglog",16000,88,5,0,3200,2850.16689494231,-437.175051441219,3287.34194638353,3197.75483314426,3198.20382347055,2.24495163144378,85.8735705489764,71.5541689303201,71.5541752799933,-4.04767073244851,1.24574324942254,0.999996749017667
"cloglog",16000,88,5,1,3200,2801.48621347012,-436.123029952169,3237.60924342229,3197.67559864165,3198.12391072265,2.24156040497316,85.8750580944512,71.5521827824529,71.5541752799933,-4.61355594933958,0.551839666718314,0.999999883382889
"cloglog",16000,88,10,0,1600,1490.36369283041,-218.571066908495,1708.93475973891,1597.85538934534,1598.06981267091,2.14423325569181,58.6818785459316,53.6656169506764,53.665631459995,-1.83176986112997,2.0658468749161,0.973602842619551
"cloglog",16000,88,10,1,1600,1478.16472718124,-217.899214153553,1696.06394133479,1597.80992098479,1598.02423406074,2.14313075953458,58.6816861312955,53.6640037910993,53.665631459995,-2.03888473033741,1.82691749306842,0.984740873674829
"cloglog",16000,88,25,0,640,629.516020347826,-87.4331952509667,716.949215598793,637.908040458892,637.991684869731,2.09111027097748,36.3175425857494,35.0541947222568,35.0542436803306,-0.231073456890734,2.252441722158,0.587018313545065
"cloglog",16000,88,25,1,640,662.503225636171,-87.1120658961454,749.615291532316,637.890712007872,637.974259037865,2.0886757498303,36.3168333003135,35.053099216751,35.0542436803306,0.677716402880477,3.18491189050411,0.243222546453992
"cloglog",16000,88,50,0,320,380.343058835099,-43.7229586497101,424.066017484809,317.926864568893,317.968294666072,2.07150485897815,25.4898495192281,25.0438303564509,25.0439613479976,2.44866860509014,4.23648145306203,0.00931561218992143
"cloglog",16000,88,50,1,320,409.074139728951,-43.578501447349,452.6526411763,317.917352053424,317.958770688167,2.07093173713922,25.4891948386488,25.0430365733492,25.0439613479976,3.57629137572079,5.37849593812733,0.000418008524279707
"cloglog",16000,89,2,0,8000,7037.81255637954,-1082.29050443323,8120.10306081277,7997.48217412636,7998.7410412527,2.51773425267236,143.074084057676,89.4427169749848,89.4427190999916,-6.70750139039827,1.35686866035183,0.999999999999999
"cloglog",16000,89,2,1,8000,7063.25663368954,-1087.30250277976,8150.55913646929,7996.24732357753,7997.50636953764,2.51809192022044,142.98634362573,89.4248380750976,89.4427190999916,-6.5250335537645,1.71152411596346,0.999999999999993
"cloglog",16000,89,5,0,3200,2956.54236129845,-432.845458583842,3389.38781988229,3197.76695466623,3198.21352321766,2.23284275711622,84.351800848756,71.5541695393141,71.5541752799933,-2.85974443865526,2.67174223242987,0.999000202244105
"cloglog",16000,89,5,1,3200,3017.9923371317,-434.957369381587,3452.94970651328,3196.98122760461,3197.42739337203,2.23082883710092,84.30214087106,71.5352764234108,71.5541752799933,-2.12318321484478,3.57197631597645,0.988875719339922
"cloglog",16000,89,10,0,1600,1554.85917983505,-216.399690041673,1771.25886987672,1597.8573565454,1598.0715849262,2.14228380794684,58.1274737013564,53.6656180057309,53.665631459995,-0.73972209649549,3.22715532563196,0.775853525481241
"cloglog",16000,89,10,1,1600,1660.60965701798,-217.499989479729,1878.10964649771,1597.41865902724,1597.63281430822,2.14155280972654,58.0994042964891,53.6503803853944,53.665631459995,1.08763590188062,5.22786288139443,0.134558544246816
"cloglog",16000,89,25,0,640,738.02720618973,-86.532093715755,824.559299905485,637.915924513139,637.999254378278,2.08324662849748,36.174618850185,35.0541963734375,35.0542436803306,2.76744537630642,5.32204599813828,0.00363307639434416
"cloglog",16000,89,25,1,640,766.022368918469,-86.9004935363032,852.922862454772,637.723894766898,637.807456473637,2.08904266849401,36.160759242295,35.043865737455,35.0542436803306,3.54800277538168,6.13846108168422,0.000352987268391313
"cloglog",16000,89,50,0,320,440.124104981414,-43.2768758441039,483.400980825518,317.932108540393,317.973434396871,2.06629282386455,25.4390040799735,25.0438335485779,25.0439613479976,4.80333255409219,6.6055201216605,6.55105525721268e-06
"cloglog",16000,89,50,1,320,464.592193702932,-43.4294124139791,508.021606116912,317.831743942129,317.873178751707,2.0717404788905,25.43024708964,25.0363587335368,25.0439613479976,5.77109806457963,7.59489146920139,1.46372284662516e-07
"cloglog",16000,90,2,0,8000,6835.32209047239,-1124.15325359857,7959.47534407096,7997.47356901202,7998.7367366705,2.52633531695542,149.119572562573,89.4427167118698,89.4427190999916,-7.79342012968797,-0.438955725439468,1
"cloglog",16000,90,2,1,8000,6892.93659883994,-1124.24891605392,8017.18551489386,7997.46707872747,7998.72577909258,2.51740073022351,149.121830840907,89.4424900852148,89.4427190999916,-7.40689993986136,0.206386648937087,1
"cloglog",16000,90,5,0,3200,2899.58966903258,-449.678232578016,3349.26790161059,3197.76239490126,3198.20987433327,2.23739716005024,86.0108035674233,71.5541691270195,71.5541752799933,-3.46668922392923,2.11110029115389,0.999939897725339
"cloglog",16000,90,5,1,3200,2970.77561520732,-449.614476859159,3420.39009206648,3197.75346797806,3198.20078126302,2.23656642477748,86.0116590200469,71.5539339815662,71.5541752799933,-2.63891959946773,3.10520048919613,0.998152154315092
"cloglog",16000,90,10,0,1600,1468.70239368417,-224.859432363278,1693.56182604745,1597.85895824857,1598.07302502678,2.14066778214217,58.7321076562099,53.6656171956631,53.665631459995,-2.19907934039111,1.7793292243806,0.990358306259335
"cloglog",16000,90,10,1,1600,1621.52230514898,-224.825581921015,1846.34788706999,1597.84752324965,1598.06218819746,2.14664947808335,58.7323646105992,53.6654276590203,53.665631459995,0.40309601113952,4.62654840747921,0.335114433604604
"cloglog",16000,90,25,0,640,700.244773037945,-89.9324568906111,790.177229928556,637.912648832479,637.996109216679,2.08650960499841,36.3305267795286,35.0541951343833,35.0542436803306,1.7156955797456,4.34130979554595,0.0438748315439203
"cloglog",16000,90,25,1,640,750.41002735029,-89.9120766493137,840.322103999604,637.908542551296,637.992073622273,2.08827677441949,36.3305192078288,35.0540652517998,35.0542436803306,3.09661098305336,5.77194196804156,0.00136144283977781
"cloglog",16000,90,50,0,320,435.426301997961,-44.9146522648971,480.340954262858,317.928797129546,317.970188400775,2.069563561455,25.4944749083991,25.0438297674932,25.0439613479976,4.60874386668405,6.48346388589653,1.29125013415336e-05
"cloglog",16000,90,50,1,320,452.365000752054,-44.9760655538688,497.341066305923,317.927450539533,317.968844457431,2.06969589490205,25.494425220355,25.0437340935737,25.0439613479976,5.2732136163315,7.16235930226234,1.03324562942421e-06
"cloglog",16000,91,2,0,8000,7132.80247294299,-1136.35214301164,8269.15461595463,7997.4811749754,7998.74054158884,2.51873322687244,146.950872538713,89.4427167396674,89.4427190999916,-5.88413452124699,3.02332134155613,0.999999999999372
"cloglog",16000,91,2,1,8000,6904.64429428375,-1137.81199640346,8042.45629068721,7997.40233301368,7998.6694967164,2.53432740544142,146.940897681339,89.4417589873627,89.4427190999916,-7.43671813615651,0.489556494265622,1
"cloglog",16000,91,5,0,3200,2903.78178417451,-454.54235382947,3358.32413800398,3197.75230406085,3198.20180164704,2.2474879309235,85.4115017516414,71.5541691649073,71.5541752799933,-3.44181420367889,2.23777787130636,0.999924605555937
"cloglog",16000,91,5,1,3200,2875.47549428982,-454.836993839579,3330.3124881294,3197.71971159804,3198.16747988244,2.23884142198157,85.4064736422095,71.5531698873094,71.5541752799933,-3.77306547812975,1.84680858241615,0.999984673660707
"cloglog",16000,91,10,0,1600,1537.80024461704,-227.254080828995,1765.05432544604,1597.85052090366,1598.06543194655,2.14911042889377,58.5130496522693,53.6656174695523,53.665631459995,-1.0262715179517,3.11165512246703,0.856946413835103
"cloglog",16000,91,10,1,1600,1498.03302776962,-227.435437659146,1725.46846542877,1597.82950198476,1598.0442002626,2.14698277833248,58.5105969968927,53.6648124520282,53.665631459995,-1.70561367234794,2.37444722796858,0.963650311437974
"cloglog",16000,91,25,0,640,741.540664375178,-90.9324934020721,832.47315777725,637.910007897121,637.993574219893,2.08915806930745,36.2739332264545,35.0541957610869,35.0542436803306,2.85689053434325,5.54796877620126,0.00277237010001918
"cloglog",16000,91,25,1,640,715.05906665868,-91.004860203118,806.063926861798,637.89759358015,637.981262637971,2.09172644552394,36.2729317837046,35.0536487938208,35.0542436803306,2.12724666257042,4.79501193192351,0.0181068656330926
"cloglog",16000,91,50,0,320,434.119038561977,-45.4689994555069,479.588038017484,317.928474761625,317.969873039778,2.06991390764332,25.4743256552023,25.0438320955916,25.0439613479976,4.56108496739046,6.45341193635279,1.55485486192807e-05
"cloglog",16000,91,50,1,320,399.501132645002,-45.4497535234829,444.950886168485,317.922974837977,317.964382467353,2.07038146880268,25.4737623780903,25.0434355126327,25.0439613479976,3.20243851678502,5.07065029624535,0.00127785403257081
"cloglog",16000,92,2,0,8000,6984.43086411962,-1087.50738522658,8071.93824934621,7997.46105262686,7998.73047858107,2.53885190843657,149.593525994252,89.4427167169289,89.4427190999916,-6.77188522547534,0.818487781367628,1
"cloglog",16000,92,2,1,8000,7069.13271554583,-1088.45391539613,8157.58663094196,7997.44641846978,7998.70904025699,2.52524357441825,149.58651702827,89.4423157970033,89.4427190999916,-6.20586481566727,1.77631347387688,0.999999999999989
"cloglog",16000,92,5,0,3200,2777.85670921843,-435.040292755063,3212.89700197349,3197.74747096475,3198.19793466077,2.2523184800946,86.1423880593085,71.5541690941549,71.5541752799933,-4.87438032780371,0.205425728490756,0.999999980407146
"cloglog",16000,92,5,1,3200,2910.70844098512,-435.3021345249,3346.01057551002,3197.73935001934,3198.18783354587,2.24241763264418,86.1389369441117,71.5537361846693,71.5541752799933,-3.3321854113483,2.06589830030179,0.999891112874887
"cloglog",16000,92,10,0,1600,1478.39642246849,-217.543664614642,1695.94008708313,1597.84823210641,1598.06337123088,2.15139124472195,58.7802977597577,53.6656170478692,53.665631459995,-2.03217428612116,1.82382540696289,0.984574172531715
"cloglog",16000,92,10,1,1600,1517.67253275746,-217.641127091398,1735.31365984885,1597.83871294281,1598.05379148461,2.15078541803507,58.7787057272971,53.6652664635875,53.665631459995,-1.36386433136659,2.55770403110497,0.924153841676998
"cloglog",16000,92,25,0,640,667.420211641354,-87.0350375200697,754.455249161424,637.912061926562,637.995545181335,2.08708136933739,36.3429976432905,35.054194367626,35.0542436803306,0.811934942857964,3.3222758668687,0.203305613685161
"cloglog",16000,92,25,1,640,732.173664416128,-87.1700526826277,819.343717098756,637.907533470535,637.991025967877,2.08731243353201,36.3424163305165,35.0539561069507,35.0542436803306,2.59383223416649,5.17352993133118,0.00561877576821195
"cloglog",16000,92,50,0,320,387.143461244788,-43.4978676693694,430.641328914158,317.9299221433,317.971290697449,2.06842770749021,25.4989232672748,25.0438290244101,25.0439613479976,2.71437104916178,4.49891420784294,0.00478592997317701
"cloglog",16000,92,50,1,320,449.003746213938,-43.5609143372037,492.564660551142,317.927683905159,317.969053407305,2.06847510725375,25.4986257387088,25.0436565449381,25.0439613479976,5.14051477330385,6.97164995976305,1.73498267186888e-06
"cloglog",16000,93,2,0,8000,6941.15850806177,-1048.9226216474,7990.08112970917,7997.47846997017,7998.73918799252,2.521436044689,152.974645347912,89.4427166498536,89.4427190999916,-6.90519634483217,-0.0968000370252714,1
"cloglog",16000,93,2,1,8000,6988.42715645105,-1047.88313605439,8036.31029250544,7996.95015693843,7998.20909925691,2.51788463696673,152.930328493424,89.4346589547683,89.4427190999916,-6.5946566022759,0.426022681741269,1
"cloglog",16000,93,5,0,3200,2963.05589301747,-419.641263685429,3382.6971567029,3197.76682556173,3198.21341692934,2.23295683805276,87.087274570135,71.5541688005977,71.5541752799933,-2.69512318192065,2.57823887644709,0.998670006712808
"cloglog",16000,93,5,1,3200,3016.10209766321,-420.908737869948,3437.01083553315,3197.4298964773,3197.87592545423,2.23014488464871,87.0628307860188,71.5459377951831,71.5541752799933,-2.08272344440254,3.34239675162977,0.989574469495494
"cloglog",16000,93,10,0,1600,1536.03076622576,-209.817619330663,1745.84838555643,1597.86225804832,1598.07599404511,2.13735996789343,59.127349513276,53.6656167379638,53.665631459995,-1.04573420475543,2.75357669386058,0.864077655292003
"cloglog",16000,93,10,1,1600,1561.76430378114,-210.507671356709,1772.27197513785,1597.67143421072,1597.88520416967,2.13769958951,59.1139064446082,53.6589832808697,53.665631459995,-0.607422729932872,3.24990822236376,0.736978506909297
"cloglog",16000,93,25,0,640,676.762704497658,-83.9832249361446,760.745929433803,637.913401012066,637.996830416932,2.08573512164417,36.4329554802941,35.0541937789713,35.0542436803306,1.06632313995511,3.50169511216963,0.139517433652665
"cloglog",16000,93,25,1,640,718.07210088861,-84.3387549427569,802.410855831367,637.834700112386,637.918043534089,2.08358554258768,36.4265422971733,35.0497007028715,35.0542436803306,2.20271801044512,4.69313029779457,0.014904966763569
"cloglog",16000,93,50,0,320,382.744728842477,-42.005729181813,424.75045802429,317.934888767483,317.976157528702,2.06343806095584,25.5309811274777,25.0438268392702,25.0439613479976,2.53847824145085,4.26349779452076,0.00740007953113311
"cloglog",16000,93,50,1,320,410.109686045028,-42.1837094700959,452.293395515124,317.892540168894,317.933830188513,2.06450098096158,25.5270268504197,25.0405723131385,25.0439613479976,3.61252982638745,5.36567469969983,0.000368638967145285
"cloglog",16000,94,2,0,8000,6950.89563068705,-1151.20146613707,8102.09709682412,7997.48053164889,7998.74021813922,2.5193729806608,154.964018181891,89.4427167665558,89.4427190999916,-6.75372846703935,1.15556506355526,1
"cloglog",16000,94,2,1,8000,6827.363653038,-1154.39339162906,7981.75704466706,7997.13002048656,7998.39744599509,2.53485101707045,154.930073358406,89.4374531301211,89.4427190999916,-7.55028602318217,-0.186056296838224,1
"cloglog",16000,94,5,0,3200,2882.36109058811,-460.488607436598,3342.84969802471,3197.75150600799,3198.20116166373,2.24827827870475,87.648223659416,71.5541690189327,71.5541752799933,-3.59836631310891,2.02152492781666,0.999977110111263
"cloglog",16000,94,5,1,3200,2868.16211685433,-461.512923250675,3329.675040105,3197.54135133933,3197.98920962507,2.23929142870898,87.6299368155074,71.5488293333438,71.5541752799933,-3.75875239050397,1.84050293634313,0.999990086833405
"cloglog",16000,94,10,0,1600,1523.97707881449,-230.307537718959,1754.28461653345,1597.85125006178,1598.06608738073,2.14837318946632,59.3342112616355,53.6656170664625,53.665631459995,-1.24505187945513,2.91096120182976,0.906300811650078
"cloglog",16000,94,10,1,1600,1527.42946663548,-230.598431612514,1758.02789824799,1597.73397639314,1597.94820286366,2.14226470518632,59.3244578415239,53.66131064657,53.665631459995,-1.18508474102653,2.98314918990086,0.895320567436033
"cloglog",16000,94,25,0,640,736.439136507282,-92.0674693291242,828.506605836406,637.90750263627,637.991167946911,2.09163276601448,36.4867284537086,35.0541939198702,35.0542436803306,2.70047872327113,5.43488286522837,0.0040966214776235
"cloglog",16000,94,25,1,640,690.721495014962,-92.2656343866599,782.987129401621,637.859372051282,637.942851083792,2.08697581275311,36.4823064825833,35.0512599564586,35.0542436803306,1.44897974005334,4.13806175578301,0.0727437305218148
"cloglog",16000,94,50,0,320,440.818991764249,-46.0255570465034,486.844548810752,317.932239382203,317.973560703434,2.06606606158172,25.5501787538608,25.0438253977467,25.0439613479976,4.80962397820709,6.74301890487195,5.91687384345276e-06
"cloglog",16000,94,50,1,320,431.915443864427,-46.136251589974,478.051695454401,317.904541208001,317.945878603404,2.06686977018404,25.5475097083839,25.0417051376609,25.0439613479976,4.46270121658909,6.39356689054728,2.12014663052464e-05
"cloglog",16000,95,2,0,8000,7029.89479940098,-1047.69806460236,8077.59286400334,7997.48668491061,7998.7432957188,2.51322161638959,148.200935256028,89.4427167995548,89.4427190999916,-6.52891888865645,0.881564996077236,0.999999999999999
"cloglog",16000,95,2,1,8000,7029.13737539143,-1049.79211964646,8078.92949503789,7996.67619929292,7997.93862367746,2.52484876909617,148.143596406048,89.4309292038249,89.4427190999916,-6.53108772416695,0.905624844575204,0.999999999999999
"cloglog",16000,95,5,0,3200,2860.58340826181,-419.067457042951,3279.65086530476,3197.76436770264,3198.21145188016,2.23542088758431,85.7563862679658,71.5541691004663,71.5541752799933,-3.93184664273552,1.13815050119941,0.999993755055118
"cloglog",16000,95,5,1,3200,2923.15914224214,-421.681132744464,3344.84027498661,3197.24998078188,3197.69726904734,2.23644132731754,85.7229601441127,71.5417551757779,71.5541752799933,-3.19740286708429,2.05674302479346,0.999793697061371
"cloglog",16000,95,10,0,1600,1509.17258377015,-209.455554215325,1718.62813798547,1597.85948706832,1598.07350076668,2.14013698360433,58.639022422868,53.6656170959873,53.665631459995,-1.51242124499641,2.24640363313388,0.944025220153794
"cloglog",16000,95,10,1,1600,1530.30986333781,-210.904182054344,1741.21404539216,1597.57119674237,1597.78512360627,2.1392686390438,58.6202658509751,53.6555733169673,53.665631459995,-1.1474075121998,2.67314116538431,0.885483629989703
"cloglog",16000,95,25,0,640,690.975770015743,-83.7527519143005,774.728521930043,637.91434744377,637.997739797007,2.08480883092053,36.3064644853914,35.0541950351502,35.0542436803306,1.46148690939939,3.90055404198932,0.071814703478983
"cloglog",16000,95,25,1,640,674.67469476352,-84.3980241913217,759.072718954842,637.791825109904,637.875188122099,2.0840753048835,36.2971876820086,35.0473536043876,35.0542436803306,1.01613573968152,3.4581079131056,0.152390966976878
"cloglog",16000,95,50,0,320,427.223721388321,-41.8548623369118,469.078583725233,317.933317029346,317.974617746385,2.06503585194936,25.4859044492041,25.0438291738569,25.0439613479976,4.28826862224181,6.03358076474121,4.05061804303497e-05
"cloglog",16000,95,50,1,320,438.620096856653,-42.2215911749861,480.841688031639,317.87142836068,317.912712065118,2.06418522185926,25.4800737218625,25.0388866588228,25.0439613479976,4.73894502088379,6.50703756067808,8.15580230158488e-06
"cloglog",16000,96,2,0,8000,6947.55278497854,-1071.46191565567,8019.01470063421,7997.48338705478,7998.74164640123,2.516518692904,150.674014749532,89.4427167286548,89.4427190999916,-6.9682260993812,0.226659642891676,1
"cloglog",16000,96,2,1,8000,6926.19876093408,-1071.14255371004,7997.34131464413,7997.46927878302,7998.72798403262,2.517410499197,150.675265333713,89.4425250100871,89.4427190999916,-7.10979679031132,-0.0155034687173608,1
"cloglog",16000,96,5,0,3200,2888.56943715757,-428.593094461622,3317.16253161919,3197.7653053255,3198.21220249913,2.23448586815263,86.4431648342184,71.554169176169,71.5541752799933,-3.57686890294807,1.66238152842221,0.999967382658932
"cloglog",16000,96,5,1,3200,2872.54185391312,-428.63074370858,3301.1725976217,3197.75903091545,3198.20549943382,2.23234259187539,86.443604132484,71.5539658708785,71.5541752799933,-3.76218900479791,1.43901315510141,0.999987115887657
"cloglog",16000,96,10,0,1600,1435.15944902173,-214.307994131813,1649.46744315354,1597.85880245714,1598.07288503412,2.14082576988239,58.8905855352276,53.6656172991878,53.665631459995,-2.76273961205701,0.957681299609277,0.998523797603109
"cloglog",16000,96,10,1,1600,1527.00339670208,-214.301794424288,1741.30519112637,1597.85597458529,1598.06987014874,2.13895563449046,58.8906813305322,53.665454207079,53.665631459995,-1.20312036271987,2.66904143632003,0.896723065406348
"cloglog",16000,96,25,0,640,686.983191923452,-85.7368519714785,772.720043894931,637.91249772466,637.995963946975,2.08665555787895,36.3715509128307,35.054194953927,35.0542436803306,1.34915044773308,3.84330834369547,0.0875157199739013
"cloglog",16000,96,25,1,640,658.77774363079,-85.6334810149121,744.411224645703,637.915182962836,637.998461793059,2.08197075559121,36.3715124762904,35.0540840438218,35.0542436803306,0.573596181394835,3.03567375258228,0.276228481117203
"cloglog",16000,96,50,0,320,407.012070156182,-42.9154397944941,449.927509950676,317.932723703039,317.974036868635,2.06565827981086,25.5090974000697,25.0438315803965,25.0439613479976,3.49206187330248,5.26890115270259,0.000535395666461971
"cloglog",16000,96,50,1,320,386.043267058228,-42.7788926254545,428.822159683682,317.933311857086,317.974592786867,2.06404648906075,25.5090433547834,25.0437510097693,25.0439613479976,2.67003173164351,4.42615672283176,0.00534624509483903
"cloglog",16000,97,2,0,8000,6968.2825738958,-1100.53253490737,8068.81510880316,7997.47012670127,7998.73501635699,2.52977931145169,150.655591960218,89.4427167248037,89.4427190999916,-6.83139297661939,0.783519273702244,1
"cloglog",16000,97,2,1,8000,7021.09247406663,-1099.86381974358,8120.95629381021,7997.37892086119,7998.64063725649,2.52343279059791,150.657183649338,89.4412547415725,89.4427190999916,-6.48018516705393,1.36755300344499,1
"cloglog",16000,97,5,0,3200,2862.98529606156,-440.234619661174,3303.21991572274,3197.75148617854,3198.20114614994,2.24829985699217,86.4380255857256,71.5541689458887,71.5541752799933,-3.87290417438989,1.46768205291039,0.999992761670836
"cloglog",16000,97,5,1,3200,2938.45638732644,-440.090124120632,3378.54651144707,3197.69551211849,3198.14392720393,2.24207542721032,86.4377903060946,71.5526534478265,71.5541752799933,-2.99914104553145,2.52125638324068,0.999564389946311
"cloglog",16000,97,10,0,1600,1464.6741542037,-220.162016923105,1684.83617112681,1597.85961305319,1598.0736140135,2.14000960308283,58.8886954389462,53.6656169756256,53.665631459995,-2.26164729676468,1.6167252330801,0.992142454483409
"cloglog",16000,97,10,1,1600,1564.92066295269,-220.073350023241,1784.99401297593,1597.81848737973,1598.03309708786,2.14609708126875,58.8880009032389,53.664395733914,53.665631459995,-0.558650725486472,3.48389119696953,0.718167071889958
"cloglog",16000,97,25,0,640,682.429435181665,-88.012854147972,770.442289329637,637.914311175261,637.997704461119,2.08483214644234,36.3710612130856,35.0541943018564,35.0542436803306,1.22391600689363,3.7782806738623,0.108491384914066
"cloglog",16000,97,25,1,640,729.079848267616,-88.0253537295315,817.105201997147,637.895350332952,637.978905641243,2.08888270728434,36.3703757859451,35.0533659001728,35.0542436803306,2.50710904037184,5.11010260372802,0.00702340014204775
"cloglog",16000,97,50,0,320,380.883794187522,-43.9953999568282,424.879194144351,317.931473417361,317.972810605944,2.0668594291355,25.5089171591337,25.0438276066951,25.0439613479976,2.46785547098854,4.26877173958134,0.00884933762539137
"cloglog",16000,97,50,1,320,426.501015407632,-44.028994791879,470.530010199511,317.920239258355,317.961648881466,2.07048115551668,25.5083714197524,25.043227792071,25.0439613479976,4.25667222585589,6.09220035790873,4.46835434650887e-05
"cloglog",16000,98,2,0,8000,7063.63099373006,-1017.93384836987,8081.56484209993,7997.47079810227,7998.7353535142,2.52911082387725,146.597156407088,89.4427167636765,89.4427190999916,-6.37010858368227,0.926061859285542,0.999999999999993
"cloglog",16000,98,2,1,8000,7048.80756343838,-1016.50952986286,8065.31709330125,7997.30272824466,7998.56334050331,2.52122451730049,146.575328237185,89.4402102354534,89.4427190999916,-6.471042406751,0.746350580149663,0.999999999999997
"cloglog",16000,98,5,0,3200,2889.91256662878,-407.166518018671,3297.07908464745,3197.76047466788,3198.20833897603,2.23932154073325,85.3141932502294,71.5541693128051,71.5541752799933,-3.60840202914615,1.38176079215186,0.999964818253086
"cloglog",16000,98,5,1,3200,2848.2575075185,-406.890944531599,3255.1484520501,3197.65063528396,3198.09801233472,2.23688525376878,85.3028132566086,71.5514747817564,71.5541752799933,-4.09591564951578,0.797334225316705,0.999997122106085
"cloglog",16000,98,10,0,1600,1508.66152678891,-203.557236575145,1712.21876336405,1597.85661993746,1598.07092123675,2.14301299292131,58.4775537471189,53.6656175137378,53.665631459995,-1.52528769473281,2.1270200067683,0.945076807613901
"cloglog",16000,98,10,1,1600,1496.86636608271,-203.511512219802,1700.37787830251,1597.79759014352,1598.01147465343,2.13884509907419,58.4717479380339,53.663427383461,53.665631459995,-1.72615370020715,1.90756365443455,0.965335187705938
"cloglog",16000,98,25,0,640,646.62974607226,-81.4481198256049,728.077865897865,637.911233846267,637.994750833654,2.08792468467981,36.2647731657741,35.0541952990955,35.0542436803306,0.240412705358408,2.56982407656452,0.397760016222317
"cloglog",16000,98,25,1,640,664.332814051205,-81.4628835589104,745.795697610116,637.885389638632,637.968863572098,2.08684833665148,36.2622821643093,35.0527023537338,35.0542436803306,0.729337008981849,3.07613469996934,0.227871855717472
"cloglog",16000,98,50,0,320,380.276499895098,-40.7093488609554,420.985848756054,317.929824796994,317.97119592577,2.06855643881807,25.4710645114731,25.0438314993016,25.0439613479976,2.44774516864111,4.11337429870331,0.00937449696912203
"cloglog",16000,98,50,1,320,387.7215014499,-40.7044815854732,428.425983035373,317.914241865653,317.955650883096,2.07045087214946,25.4696226530854,25.0427535118105,25.0439613479976,2.74080462577214,4.41126939576267,0.00451342610472396
"cloglog",16000,99,2,0,8000,6878.80983430129,-1128.92036662505,8007.73020092634,7997.47567946816,7998.73779151605,2.52422409578874,154.998099796038,89.4427166508791,89.4427190999916,-7.21728748054925,0.100538196367573,1
"cloglog",16000,99,2,1,8000,6787.16757261375,-1128.95150275345,7916.11907536721,7997.47290320271,7998.73639688445,2.52698736348644,154.997975748616,89.4427164461606,89.4427190999916,-7.80852346453798,-0.92368976256418,1
"cloglog",16000,99,5,0,3200,2750.37932859241,-451.483374977149,3201.86270356956,3197.75971027583,3198.20772480635,2.24007265258608,87.6578599494443,71.5541688827068,71.5541752799933,-5.10371097288298,0.0510798856346761,0.999999997864629
"cloglog",16000,99,5,1,3200,2695.76550419892,-451.522074380919,3147.28757857984,3197.75726990235,3198.20577076153,2.24250429589333,87.6578048039792,71.5541686757093,71.5541752799933,-5.7267207047449,-0.711603434489754,0.999999999983669
"cloglog",16000,99,10,0,1600,1417.53960604966,-225.710046322291,1643.24965237195,1597.85518790001,1598.06963075216,2.14442852147746,59.3377670700423,53.6656167457099,53.665631459995,-3.03879958336669,0.841880227220173,0.999531789618963
"cloglog",16000,99,10,1,1600,1384.15454101308,-225.743174983274,1609.89771599636,1597.85433880852,1598.06886609185,2.1452728332884,59.3377440080787,53.6656165792927,53.665631459995,-3.6014142662104,0.22041766513634,0.999961571209539
"cloglog",16000,99,25,0,640,656.715411547115,-90.340424297123,747.055835844238,637.910508752531,637.994053588459,2.08862089820189,36.4876512918257,35.0541934331452,35.0542436803306,0.515377179095019,3.11123353797256,0.295456631718218
"cloglog",16000,99,25,1,640,646.140260250812,-90.3416198835591,736.481880134371,637.909830997351,637.99340284976,2.08929631021413,36.4876455341796,35.0541933049053,35.0542436803306,0.225567562197222,2.80960615547327,0.403009017310179
"cloglog",16000,99,50,0,320,419.182635243727,-45.1869882510588,464.369623494786,317.928327647359,317.969726436965,2.06993948028887,25.5505031592343,25.0438222633697,25.0439613479976,3.96290855664707,5.84574892435459,0.000117858862077111
"cloglog",16000,99,50,1,320,413.687858047842,-45.1862765669424,458.874134614785,317.928049911802,317.969454230255,2.07021592265345,25.550501106195,25.0438221622763,25.0439613479976,3.74786419013998,5.62632490645838,0.000237089979345246
"cloglog",16000,100,2,0,8000,6871.21399878361,-1066.28410638048,7937.49810516409,7997.48043718919,7998.7401698099,2.51946524142014,151.66344217344,89.4427167835056,89.4427190999916,-7.42609044253124,-0.684707115885581,1
"cloglog",16000,100,2,1,8000,7101.28211473266,-1065.76965909872,8167.05177383139,7997.15835208464,7998.42249750461,2.52829083994696,151.634592100425,89.4379972637917,89.4427190999916,-5.90812574454418,1.88543215954866,0.999999999999914
"cloglog",16000,100,5,0,3200,2815.79969185941,-426.482626095717,3242.28231795513,3197.76260618431,3198.21004319463,2.23718505159776,86.719568634857,71.5541691750228,71.5541752799933,-4.40457581071698,0.615928816847742,0.999999674509421
"cloglog",16000,100,5,1,3200,2861.91929043532,-426.01036813355,3287.92965856888,3197.55511404058,3198.00386463835,2.24375298884684,86.7038683843912,71.5493004343758,71.5541752799933,-3.87105938707659,1.25683680182183,0.999993219785534
"cloglog",16000,100,10,0,1600,1479.32287785236,-213.263526142352,1692.58640399472,1597.8563471526,1598.07067524024,2.14328087642753,58.9920926651263,53.6656172694947,53.665631459995,-2.00931114570044,1.7611970860196,0.983892069165739
"cloglog",16000,100,10,1,1600,1494.95592199022,-213.259931375725,1708.21585336595,1597.73608572497,1597.95117153349,2.15085808520952,58.9836486409658,53.661693976621,53.665631459995,-1.74251959827667,2.0548117970427,0.967957107998759
"cloglog",16000,100,25,0,640,688.244427547863,-85.2931753730179,773.537602920881,637.913326784189,637.996759411102,2.08581567283534,36.3978630185248,35.0541943537216,35.0542436803306,1.38280373048434,3.8666084332755,0.0822942754340463
"cloglog",16000,100,25,1,640,699.690584469069,-85.3054251289645,784.996009598034,637.863915925683,637.947385508848,2.08673957912364,36.393917057046,35.051502070009,35.0542436803306,1.69881874617879,4.19521605081239,0.0452465037226488
"cloglog",16000,100,50,0,320,440.44932342145,-42.6377557928749,483.087079214325,317.932000330562,317.973327240254,2.06634548461644,25.5184792008073,25.0438287318915,25.0439613479976,4.80112165489126,6.59299158054896,6.24649038215127e-06
"cloglog",16000,100,50,1,320,441.248979529768,-42.609337170168,483.858316699936,317.906970783431,317.948304710583,2.0666963576312,25.5160728166542,25.0418839991297,25.0439613479976,4.83389468405314,6.62530071599722,5.554560751355e-06
