"scen","n","rep","m","oracle","G","HL","C","EF","mu","muEF","d","sdHL","sdEF","sdEF_simple","zHL","zEF","pHL_chisq"
"cloglog",16000,551,2,0,8000,6933.92826023994,-1101.13421332474,8035.06247356468,7997.47480243805,7998.73735579452,2.52510671293536,144.306213407283,89.4427169120018,89.4427190999916,-7.37006756040647,0.406127173058644,1
"cloglog",16000,551,2,1,8000,6994.20036671025,-1100.94177765793,8095.14214436818,7997.46509584405,7998.73013101483,2.53007034156507,144.307361100202,89.4426476064059,89.4427190999916,-6.95227687267575,1.07791994013426,1
"cloglog",16000,551,5,0,3200,2864.48817228688,-440.414088492441,3304.90226077932,3197.76549023325,3198.21235142594,2.23430596344245,84.6869576218647,71.5541693468798,71.5541752799933,-3.93540312824184,1.49103693505507,0.999992065633976
"cloglog",16000,551,5,1,3200,2972.08528982483,-440.313581092746,3412.39887091757,3197.75705571463,3198.20498971053,2.23966997951428,84.6874084460258,71.5540957689564,71.5541752799933,-2.66476174003637,2.99345381847405,0.998048092841527
"cloglog",16000,551,10,0,1600,1518.24463990361,-220.170857115795,1738.41549701941,1597.85275036102,1598.067438831,2.14688469981215,58.2491721903175,53.6656175606319,53.665631459995,-1.36668226283629,2.61523233250495,0.922647356179348
"cloglog",16000,551,10,1,1600,1541.46859729848,-220.201373217414,1761.66997051589,1597.84857091002,1598.0635039817,2.14933071680207,58.2493252427216,53.6655575817077,53.665631459995,-0.967907754752752,3.04863070294373,0.841388750408926
"cloglog",16000,551,25,0,640,714.107972306643,-88.0617969505186,802.169769257162,637.907964042776,637.991612600232,2.09121393641673,36.2059173055061,35.0541962807003,35.0542436803306,2.10462857827605,4.68355215855628,0.0192343513442726
"cloglog",16000,551,25,1,640,748.832583217031,-88.1415483508025,836.974131567834,637.906526408184,637.99020384459,2.09193591016005,36.2059355323526,35.0541565728055,35.0542436803306,3.06375336468593,5.67647169915399,0.00154961485058788
"cloglog",16000,551,50,0,320,432.760034040621,-44.0566282822757,476.816662322897,317.927400280461,317.96882025699,2.07099882644204,25.4501240431167,25.0438328440363,25.0439613479976,4.51206577876063,6.34279277677472,1.88340733376696e-05
"cloglog",16000,551,50,1,320,429.730006819349,-44.0841191370012,473.81412595635,317.927058992068,317.968478469742,2.07097388370957,25.4501161179756,25.0438039875303,25.0439613479976,4.39302309305827,6.22292234694882,2.8726405808942e-05
"cloglog",16000,552,2,0,8000,7115.1372471528,-934.241312643114,8049.37855979592,7997.4778739971,7998.73888861897,2.52202924374381,151.062652380705,89.4427166882306,89.4427190999916,-5.84089192754701,0.566168750815745,0.999999999999792
"cloglog",16000,552,2,1,8000,7229.43017735249,-933.696283590158,8163.12646094265,7997.23651231396,7998.49993631538,2.52684800283276,151.041464434384,89.4391752150807,89.4427190999916,-5.08341426532593,1.84065342990233,0.999999999828382
"cloglog",16000,552,5,0,3200,2929.4824968336,-373.657223025839,3303.13971985944,3197.76242392008,3198.20989706048,2.23736570198698,86.5516210275013,71.5541691194555,71.5541752799933,-3.0996522526278,1.46643898028898,0.999717604466798
"cloglog",16000,552,5,1,3200,2923.03183074128,-373.603299235729,3296.63512997701,3197.60864884671,3198.05642870856,2.23889930926408,86.5401547217303,71.5505089187397,71.5541752799933,-3.17282559741586,1.37774982677478,0.999795011976366
"cloglog",16000,552,10,0,1600,1513.1680513764,-186.808250522688,1699.97630189909,1597.85590017986,1598.0702723954,2.14372215542297,58.9303924911628,53.6656169657262,53.665631459995,-1.43708272121484,1.89890725692708,0.935256828396902
"cloglog",16000,552,10,1,1600,1520.91036316374,-186.995750717137,1707.90611388088,1597.76667695769,1597.98144163449,2.1476467679838,58.9241852534655,53.6626596711994,53.665631459995,-1.30432543892367,2.04843876393605,0.915332357670264
"cloglog",16000,552,25,0,640,673.421233395859,-74.7133376562867,748.134571052146,637.909234740354,637.992831361113,2.08991551898538,36.3818682148688,35.0541947289198,35.0542436803306,0.976090574727322,3.14204164559413,0.160499980169591
"cloglog",16000,552,25,1,640,691.146792082381,-74.8600125834012,766.006804665783,637.871961021125,637.955594142076,2.09082802375832,36.3789450590877,35.0521776618431,35.0542436803306,1.4644413403062,3.65315991945061,0.0711951145289816
"cloglog",16000,552,50,0,320,366.992324060659,-37.3242413825888,404.316565443248,317.930833469352,317.972183843895,2.06751872711389,25.5127687874916,25.0438289720933,25.0439613479976,1.9230170978291,3.44773084401623,0.0302503052854758
"cloglog",16000,552,50,1,320,376.49605430387,-37.407371536973,413.903425840843,317.909202087211,317.950612099245,2.07050060171187,25.5109724253574,25.0423604586885,25.0439613479976,2.29653543737226,3.83162018212654,0.0133150565551275
"cloglog",16000,553,2,0,8000,7034.46295762877,-1026.90828001657,8061.37123764533,7997.48679583842,7998.7433496654,2.51310765396528,150.541102944142,89.4427166262848,89.4427190999916,-6.39708238730646,0.700201093417168,0.999999999999999
"cloglog",16000,553,2,1,8000,7147.87398368764,-1024.4031991421,8172.27718282975,7996.43353664171,7997.69500556054,2.52293783765265,150.466724981711,89.4272086686881,89.4427190999916,-5.63951633198112,1.95222661948451,0.99999999999842
"cloglog",16000,553,5,0,3200,2857.63144386356,-410.710368154268,3268.34181201782,3197.76742230686,3198.21389522119,2.23236457161192,86.4061062883388,71.5541690432786,71.5541752799933,-3.93648080042245,0.980067517159227,0.999994798973749
"cloglog",16000,553,5,1,3200,2838.95367367289,-412.828730010156,3251.78240368304,3197.09607009674,3197.54264757781,2.23288740536189,86.3617359012973,71.5378799044384,71.5541752799933,-4.14700321486327,0.758196303520383,0.999998426792239
"cloglog",16000,553,10,0,1600,1472.68430436683,-205.363004746357,1678.04730911319,1597.86402826189,1598.07758777321,2.13559511316483,58.8769871303178,53.6656171062962,53.665631459995,-2.12612312545793,1.4901481740457,0.988260585916085
"cloglog",16000,553,10,1,1600,1512.6162588258,-206.547048828663,1719.16330765446,1597.48557339311,1597.69923781001,2.13664416905167,58.8522921852839,53.6524811626837,53.665631459995,-1.44207322121147,2.26390405834442,0.936526722509072
"cloglog",16000,553,25,0,640,668.106684124908,-82.1531730273036,750.259857152212,637.924073413521,638.007076535643,2.07507805303448,36.3680314417277,35.0541948920644,35.0542436803306,0.829921486395227,3.20226383638841,0.198076029316225
"cloglog",16000,553,25,1,640,698.315316774529,-82.8171594453244,781.132476219854,637.7580039017,637.84121608549,2.08030459475208,36.355861115628,35.0452609474651,35.0542436803306,1.66568225905116,4.08874855716343,0.0488030818729253
"cloglog",16000,553,50,0,320,412.743513418454,-41.0946190248965,453.838132443351,317.938808610027,317.979999660839,2.05955254058443,25.5078465519221,25.0438300077376,25.0439613479976,3.7166879068152,5.42481452479658,0.000266664559331112
"cloglog",16000,553,50,1,320,408.200518499794,-41.4108155164198,449.611334016214,317.853532168453,317.894787154273,2.06274929099806,25.5002036951464,25.0373619093643,25.0439613479976,3.54299077024772,5.26079973356444,0.000464430152610036
"cloglog",16000,554,2,0,8000,6932.84504229907,-1097.64867927239,8030.49372157146,7997.46802741301,7998.73396645828,2.53187809053664,144.811948764784,89.4427167892088,89.4427190999916,-7.35176202098619,0.355084866082856,1
"cloglog",16000,554,2,1,8000,6916.42696153188,-1097.29088207256,8013.71784360444,7997.26578128629,7998.52408289615,2.51660321972095,144.786756097329,89.4395629896662,89.4427190999916,-7.46503926801044,0.16987740324762,1
"cloglog",16000,554,5,0,3200,2970.14033602677,-439.056013334231,3409.196349361,3197.75912236949,3198.20725572442,2.24066677463362,84.8249681350258,71.554169138502,71.5541752799933,-2.6833937146949,2.94866247734895,0.998200802318751
"cloglog",16000,554,5,1,3200,2864.58466711864,-439.428599378845,3304.01326649749,3197.62624614515,3198.07348269694,2.23618275892533,84.8119652696577,71.5508572279112,71.5541752799933,-3.92682303691004,1.48062214633017,0.999992018838426
"cloglog",16000,554,10,0,1600,1552.41881570205,-219.605384036962,1772.02419973902,1597.85185855706,1598.06663565663,2.14777099564167,58.2993573666746,53.6656174079053,53.665631459995,-0.779306066261725,3.24150866951105,0.788795308468175
"cloglog",16000,554,10,1,1600,1499.03033160167,-219.841221513918,1718.87155311558,1597.78332209699,1597.99721239536,2.13890298372862,58.2926593221053,53.6629317389818,53.665631459995,-1.69408964428342,2.25247366856812,0.962158144544085
"cloglog",16000,554,25,0,640,738.51206512529,-87.7941374666372,826.306202591927,637.910957244486,637.994484984721,2.08819350587912,36.2188410305996,35.0541949558842,35.0542436803306,2.77759047551552,5.37201661154099,0.00350136414778921
"cloglog",16000,554,25,1,640,738.402031655977,-87.9605963451889,826.362628001165,637.881288623914,637.96468575749,2.0849283394055,36.2159186242706,35.0523681828716,35.0542436803306,2.77559556268434,5.37475645756044,0.003530867857758
"cloglog",16000,554,50,0,320,464.458132583549,-43.9480833525028,508.406215936052,317.927447507602,317.968866220523,2.07093564606506,25.4547266247583,25.0438318314038,25.0439613479976,5.75652165650937,7.60416181507533,1.49628443461589e-07
"cloglog",16000,554,50,1,320,478.986450791999,-44.0017708500045,522.988221642004,317.914431873672,317.95577712861,2.06726274690211,25.4530157448182,25.0425177044413,25.0439613479976,6.32820961308362,8.18737344755998,1.28351552809387e-08
"cloglog",16000,555,2,0,8000,7088.84949790619,-989.126002036718,8077.97549994291,7997.46853539543,7998.73422153017,2.53137226947906,145.296460055714,89.4427168807079,89.4427190999916,-6.25355247568197,0.885944447756727,0.999999999999961
"cloglog",16000,555,2,1,8000,7157.37429029732,-989.791227491459,8147.16551778878,7997.24165905341,7998.50204669427,2.52077528173811,145.27382662002,89.439300559754,89.4427190999916,-5.78127105409599,1.66217166462728,0.999999999997201
"cloglog",16000,555,5,0,3200,3040.44150273193,-395.685658988701,3436.12716172063,3197.75874548314,3198.20695412765,2.24104322252026,84.9574306983886,71.5541691297942,71.5541752799933,-1.85171846015107,3.3250362695347,0.976980916255328
"cloglog",16000,555,5,1,3200,3088.48198490843,-395.516341308293,3483.99832621672,3197.61320535525,3198.06022289685,2.23508770800385,84.945543988453,71.550563934843,71.5541752799933,-1.28471977837542,3.99630817138289,0.915743117300597
"cloglog",16000,555,10,0,1600,1591.4905489782,-197.885904814582,1789.37645379279,1597.85494124664,1598.06940994523,2.14468698589422,58.3475535052062,53.6656173193522,53.665631459995,-0.109077277213869,3.56479722778793,0.541218425943423
"cloglog",16000,555,10,1,1600,1626.34589199817,-197.926275945114,1824.27216794329,1597.77619787476,1597.99001049613,2.13812621375707,58.3411605014917,53.6626718257785,53.665631459995,0.489700476950329,4.2167516030846,0.304940296725912
"cloglog",16000,555,25,0,640,731.118327847315,-79.0860042302281,810.204332077543,637.912936305331,637.9963852098,2.08622261172216,36.2312582016973,35.0541952449818,35.0542436803306,2.57251324320881,4.91262017753484,0.00606660142050088
"cloglog",16000,555,25,1,640,694.443598050791,-79.169246229736,773.612844280527,637.874982873287,637.958502174057,2.08798251924003,36.2282966214248,35.0521899214975,35.0542436803306,1.56144838297614,3.87006753102389,0.0600544495481099
"cloglog",16000,555,50,0,320,378.585049072761,-39.5797504766298,418.164799549391,317.933349693061,317.974650157075,2.06502320070824,25.459140340195,25.0438308206751,25.0439613479976,2.38231529302436,4.00059200645945,0.0109868241712996
"cloglog",16000,555,50,1,320,408.825413842453,-39.5989246409205,448.424338483374,317.914034597797,317.955351573025,2.06584876139868,25.4573335046418,25.0423753378664,25.0439613479976,3.57112732282351,5.20992857706545,0.000430760173353116
"cloglog",16000,556,2,0,8000,7093.23916001847,-1048.19694105152,8141.43610106999,7997.4793839372,7998.73964487808,2.52052188177481,148.260814464038,89.4427167685045,89.4427190999916,-6.09898324913127,1.59539492255402,0.999999999999949
"cloglog",16000,556,2,1,8000,7072.85854477367,-1048.07031426689,8120.92885904056,7997.36209718545,7998.62747830996,2.53076224902022,148.248337655721,89.4411417608765,89.4427190999916,-6.23618157903912,1.36739511954775,0.999999999999987
"cloglog",16000,556,5,0,3200,2924.02357429075,-419.276903415255,3343.30047770601,3197.75820617496,3198.2065223735,2.24158099266791,85.7729502824976,71.5541691650915,71.5541752799933,-3.19138645671686,2.02774984358697,0.99978455950536
"cloglog",16000,556,5,1,3200,2932.69557853202,-419.637299373439,3352.33287790546,3197.6809707434,3198.13106520167,2.25047229132054,85.7663291517239,71.5525165681621,71.5541752799933,-3.08962030708588,2.1550858041017,0.999669657355523
"cloglog",16000,556,10,0,1600,1535.12254566433,-209.633776255238,1744.75632191957,1597.85393680662,1598.06850529482,2.14568488204709,58.645081084237,53.6656171693821,53.665631459995,-1.06967864964128,2.73336680656742,0.867643824696193
"cloglog",16000,556,10,1,1600,1503.07220101137,-209.864246585311,1712.93644759668,1597.80956313189,1598.02469788919,2.15134757297392,58.6416716563143,53.6642709521807,53.665631459995,-1.61552969833053,2.14130831684802,0.955598998307451
"cloglog",16000,556,25,0,640,668.052973963858,-83.9057903391094,751.958764302968,637.910988161126,637.994514923281,2.08816905387141,36.3080327353025,35.0541952344087,35.0542436803306,0.8301740284988,3.25108731259137,0.198482115618625
"cloglog",16000,556,25,1,640,667.753346365187,-84.0376489327098,751.790995297897,637.89579758786,637.97926340277,2.08664537274727,36.3065321087027,35.0532674412861,35.0542436803306,0.82237402040856,3.24682234218992,0.200757112293829
"cloglog",16000,556,50,0,320,402.332337601017,-41.9336253948945,444.265962995912,317.930431603007,317.971790568976,2.06794829848217,25.4864666537622,25.0438314442516,25.0439613479976,3.31163621637413,5.04292534902538,0.000926015196119762
"cloglog",16000,556,50,1,320,412.31938353847,-42.0064173628488,454.325800901319,317.922585731689,317.963931708088,2.06729881995088,25.4855888045966,25.0431621108561,25.0439613479976,3.70392846445657,5.44507393234173,0.000281051944303328
"cloglog",16000,557,2,0,8000,6998.3988673638,-1077.79091721214,8076.18978457594,7997.47647603342,7998.73819048867,2.52342891049224,152.162685287683,89.442716689292,89.4427190999916,-6.56585158694285,0.865935170063427,1
"cloglog",16000,557,2,1,8000,6987.67329540859,-1078.69593493556,8066.36923034414,7997.39951788816,7998.66294124339,2.52684671047122,152.152107878349,89.4416107353155,89.4427190999916,-6.63629466958738,0.756988705191301,1
"cloglog",16000,557,5,0,3200,2825.12302174972,-431.159335374299,3256.28235712401,3197.76839043317,3198.21466922301,2.23139394918897,86.8593868735664,71.5541689527562,71.5541752799933,-4.29021412764385,0.811520680777429,0.999999378411038
"cloglog",16000,557,5,1,3200,2899.4689792064,-430.851276477588,3330.32025568398,3197.71173399868,3198.15990138639,2.24083693858067,86.8539396587576,71.5530233904167,71.5541752799933,-3.43384256332012,1.84702683458228,0.99994029151437
"cloglog",16000,557,10,0,1600,1510.36493464102,-215.588900559167,1725.95383520019,1597.86382975249,1598.07740869618,2.13578943686481,59.0434917688942,53.6656169141045,53.665631459995,-1.48193971071284,2.38283716571608,0.941510971369104
"cloglog",16000,557,10,1,1600,1486.82047099763,-215.551266396158,1702.37173739379,1597.82810921545,1598.0425974616,2.1448824614507,59.0407638640001,53.6646895458928,53.665631459995,-1.88018634842751,1.94409286283055,0.977374627301165
"cloglog",16000,557,25,0,640,625.129784644572,-86.2689700462625,711.398754690834,637.916481868478,637.999788426141,2.08266394156211,36.4111906255568,35.0541943656838,35.0542436803306,-0.351174927384306,2.09387114988293,0.634596579040351
"cloglog",16000,557,25,1,640,658.756925145066,-86.2030197567738,744.95994490184,637.905473637475,637.988762728232,2.08222726893192,36.4100565156258,35.0535588132381,35.0542436803306,0.572683854490655,3.05164969821009,0.276419277026624
"cloglog",16000,557,50,0,320,396.632079649978,-43.0738622324437,439.705941882422,317.935951309853,317.977199373973,2.06240320603215,25.5232266721421,25.0438292060648,25.0439613479976,3.08331424357172,4.8606282013363,0.00175803550354211
"cloglog",16000,557,50,1,320,408.642273630154,-43.1203523121046,451.762625942259,317.927618978014,317.968916287708,2.06486548472744,25.5225783872077,25.0433665990048,25.0439613479976,3.554290372857,5.34248097697324,0.000440382293129259
"cloglog",16000,558,2,0,8000,7016.28855794687,-1073.37799370828,8089.66655165515,7997.47391265624,7998.73691181287,2.52599831326211,144.86790218725,89.4427170651071,89.4427190999916,-6.77296585299573,1.01662430241344,1
"cloglog",16000,558,2,1,8000,7051.13085474504,-1077.84646761502,8128.97732236006,7995.81008073848,7997.07181594773,2.52347041850272,144.760141661582,89.4181581214952,89.4427190999916,-6.52582413328869,1.47515347199507,0.999999999999997
"cloglog",16000,558,5,0,3200,2887.257340994,-429.35843994433,3316.61578093833,3197.75540497855,3198.20428399143,2.24439506440584,84.8402576716003,71.5541695152876,71.5541752799933,-3.65979633379267,1.65485111138914,0.999969716922391
"cloglog",16000,558,5,1,3200,2819.81322807786,-432.125174719352,3251.93840279721,3196.69913065937,3197.14834269947,2.24606020049985,84.7776324651775,71.5286857425504,71.5541752799933,-4.44558183122563,0.765987233358909,0.999999569083354
"cloglog",16000,558,10,0,1600,1543.32647221971,-214.728712845978,1758.05518506568,1597.85862897163,1598.07273035851,2.14101386881837,58.3049167924236,53.6656179949437,53.665631459995,-0.935292591979314,2.98109778074754,0.833111300915755
"cloglog",16000,558,10,1,1600,1458.25814027897,-216.040711539379,1674.29885181835,1597.25700932443,1597.47135377035,2.14344445915073,58.2689099647056,53.644820367784,53.665631459995,-2.38547227208569,1.43215127800372,0.994392742366587
"cloglog",16000,558,25,0,640,677.122411333659,-85.8352201821663,762.957631515825,637.918791231312,638.00200620762,2.08037440770256,36.2202798866683,35.0541959783698,35.0542436803306,1.08236656991644,3.5646410314277,0.137379206681205
"cloglog",16000,558,25,1,640,667.057038302776,-86.2118777942305,753.268916097006,637.653714587344,637.737331813016,2.09043064180376,36.2019169554578,35.0400423894182,35.0542436803306,0.812203501588299,3.29713026599761,0.206106768367806
"cloglog",16000,558,50,0,320,411.246638908718,-42.9594401485969,454.206079057314,317.93447640011,317.975754992946,2.06392964182335,25.4552455144008,25.043833912615,25.0439613479976,3.66573413938664,5.43967527255267,0.000320781759036024
"cloglog",16000,558,50,1,320,413.839163212047,-43.1873146358336,457.02647784788,317.797466067139,317.838875346644,2.07046397521966,25.4434538282143,25.0335581323542,25.0439613479976,3.77471147562546,5.56004071675876,0.000232649890323585
"cloglog",16000,559,2,0,8000,6814.10727563137,-1061.03928731979,7875.14656295116,7997.4747595819,7998.73733094093,2.52514271806193,152.427967779778,89.4427166370924,89.4427190999916,-7.76345378861326,-1.38178683113161,1
"cloglog",16000,559,2,1,8000,6978.76636785397,-1061.19562200315,8039.96198985712,7997.46600991283,7998.72604788868,2.52007595170477,152.430889269682,89.4425030362163,89.4427190999916,-6.68302630089997,0.461032960490213,1
"cloglog",16000,559,5,0,3200,2753.04792911086,-424.363532537432,3177.4114616483,3197.76458346435,3198.21162403767,2.23520286657079,86.9337677803013,71.5541690078646,71.5541752799933,-5.11558012160908,-0.290691132016156,0.999999997333654
"cloglog",16000,559,5,1,3200,2765.81098214925,-424.354294165824,3190.16527631507,3197.7494706372,3198.19778331131,2.24156337057229,86.9349272477076,71.5539554771344,71.5541752799933,-4.9685264848409,-0.112258042796944,0.999999992442841
"cloglog",16000,559,10,0,1600,1493.04497253383,-212.173482456727,1705.21845499056,1597.8554499578,1598.06986693716,2.14416979363972,59.0708495927095,53.6656168784841,53.665631459995,-1.77431809677073,1.99659659733372,0.970415742680175
"cloglog",16000,559,10,1,1600,1456.15456438632,-212.150917342873,1668.30548172919,1597.84571813168,1598.06061600958,2.14897877901796,59.0712435276513,53.6654451575513,53.665631459995,-2.3986485688088,1.30894033420181,0.994995522968974
"cloglog",16000,559,25,0,640,662.408817601964,-84.7994904057617,747.208308007726,637.912185871863,637.995663593975,2.08694305281113,36.4182904592202,35.0541935372402,35.0542436803306,0.672646393370155,3.11553721233744,0.244030319390943
"cloglog",16000,559,25,1,640,625.926851400442,-84.9083630457064,710.835214446149,637.909833490804,637.99332225509,2.08721910713247,36.4183307096396,35.0540779191458,35.0542436803306,-0.329037104580696,2.07798625766374,0.626063396090926
"cloglog",16000,559,50,0,320,386.238336907638,-42.3957446583906,428.634081566028,317.930102517799,317.971466635237,2.0682058718931,25.5257549891698,25.0438256222949,25.0439613479976,2.67605147894043,4.41875840375904,0.00524275552650104
"cloglog",16000,559,50,1,320,382.337087423092,-42.4438985255404,424.780985948632,317.92799012804,317.969375347458,2.0692609709377,25.5257281722503,25.0437422500015,25.0439613479976,2.52330107334893,4.26500199271006,0.00769792593579349
"cloglog",16000,560,2,0,8000,6804.81955707069,-1106.76458288738,7911.58413995807,7997.47822597376,7998.73906603801,2.52168012848484,152.547467204513,89.4427165920657,89.4427190999916,-7.81827906263521,-0.97442172376581,1
"cloglog",16000,560,2,1,8000,6989.76138877835,-1109.9543488462,8099.71573762455,7997.03869356944,7998.29639112739,2.51539511590721,152.509273254481,89.4361284823075,89.4427190999916,-6.60469546078232,1.13398632318057,1
"cloglog",16000,560,5,0,3200,2768.12111155721,-442.729302691108,3210.85041424832,3197.76673109404,3198.21334151757,2.2330521176525,86.9673037727834,71.554168884908,71.5541752799933,-4.94031205864846,0.176608476175272,0.999999990907144
"cloglog",16000,560,5,1,3200,2831.58430441857,-445.346308020472,3276.93061243904,3197.48294356982,3197.93006855159,2.23562490882639,86.9458768151674,71.5473452791008,71.5541752799933,-4.20834952218715,1.10417156051392,0.999999036380414
"cloglog",16000,560,10,0,1600,1397.88996710775,-221.417982939855,1619.3079500476,1597.85811819348,1598.07226799948,2.14149805995776,59.083194134235,53.6656167396246,53.665631459995,-3.38451828842254,0.395703680275456,0.999886701972846
"cloglog",16000,560,10,1,1600,1475.355231454,-222.475249647215,1697.83048110121,1597.69766155172,1597.91210880495,2.14447253227471,59.0717286044574,53.6601400606271,53.665631459995,-2.07108261410335,1.86205947624015,0.986643490946865
"cloglog",16000,560,25,0,640,626.003352132578,-88.580800373749,714.584152506327,637.917625515773,638.000886127039,2.08151528164596,36.4214935241143,35.05419408159,35.0542436803306,-0.327122043342539,2.18471051426934,0.625241447721648
"cloglog",16000,560,25,1,640,664.689909702533,-88.9707064442208,753.660616146754,637.848111660417,637.931462662309,2.08377504728539,36.4160831069181,35.0504591784313,35.0542436803306,0.737086357236936,3.30178708630615,0.224943815743573
"cloglog",16000,560,50,0,320,388.523464078653,-44.2761896723609,432.799653751014,317.934647310727,317.97592081324,2.06367512562939,25.5268977083057,25.0438265402361,25.0439613479976,2.7652720504677,4.58491168485355,0.00415871221975263
"cloglog",16000,560,50,1,320,410.296455278508,-44.4806366332969,454.777091911805,317.898578844597,317.93988413629,2.06526458462927,25.5235713888554,25.0411099017632,25.0439613479976,3.62009982953465,5.46450250457469,0.000360341091704671
"cloglog",16000,561,2,0,8000,7121.62145159621,-1033.17059287068,8154.79204446689,7997.4722556232,7998.73608077261,2.52765029882104,148.081285989091,89.4427168592645,89.4427190999916,-5.91466233006314,1.74475875928312,0.999999999999687
"cloglog",16000,561,2,1,8000,6945.1426607418,-1033.08507534978,7978.22773609158,7997.4831461224,7998.74050318138,2.51471411796294,148.079921386658,89.4426884105524,89.4427190999916,-7.10657107004253,-0.229339786787789,1
"cloglog",16000,561,5,0,3200,2863.82369159651,-413.215068444066,3277.03876004057,3197.75906382825,3198.20720900083,2.24072586289786,85.7233117070008,71.5541692039173,71.5541752799933,-3.89550246697327,1.10170451165591,0.99999238087379
"cloglog",16000,561,5,1,3200,2882.80956664078,-413.182855821644,3295.99242246242,3197.76273285352,3198.2098878498,2.23577498142748,85.7226699629728,71.5541382654503,71.5541752799933,-3.67409421975285,1.36655317194748,0.999976511367906
"cloglog",16000,561,10,0,1600,1501.99798622276,-206.663478670111,1708.66146489287,1597.86320722165,1598.07684933139,2.13642109737427,58.6269339240484,53.6656173053265,53.665631459995,-1.63517370911951,2.06062319067942,0.957424533090558
"cloglog",16000,561,10,1,1600,1441.88900960323,-206.597626540545,1648.48663614377,1597.8581657831,1598.07223890179,2.14073118685426,58.6266563690982,53.6655919229381,53.665631459995,-2.6603795242548,0.939417519411347,0.997778978273769
"cloglog",16000,561,25,0,640,707.865550479074,-82.6525719424483,790.518122421522,637.912305164035,637.995778120176,2.0868239035379,36.3033398371269,35.0541935961778,35.0542436803306,1.92690935954875,4.35104415917805,0.0282469546217544
"cloglog",16000,561,25,1,640,696.137435630283,-82.6704937045832,778.807929334866,637.917996450336,638.001229618899,2.08082921408837,36.3032548258736,35.0541767637892,35.0542436803306,1.6036975047883,4.0168308805192,0.0548993734478807
"cloglog",16000,561,50,0,320,415.728098234786,-41.3243415936745,457.052439828461,317.933466574107,317.974764096687,2.06487612899183,25.48479462695,25.0438284291774,25.0439613479976,3.83737177765057,5.55337120780385,0.000183439420782998
"cloglog",16000,561,50,1,320,406.997024074355,-41.3225764979304,448.319600572286,317.933523773798,317.974817041071,2.06466336362097,25.4847571550987,25.0438161702748,25.0439613479976,3.4947753183804,5.20466939403289,0.000536356136540335
"cloglog",16000,562,2,0,8000,6980.90805023657,-1048.71204269175,8029.62009292832,7997.46904787647,7998.73447546319,2.53085517343666,150.75253429436,89.4427165477518,89.4427190999916,-6.74324317264847,0.345311710748886,1
"cloglog",16000,562,2,1,8000,6929.22380545251,-1048.27120472471,7977.49501017722,7997.46762732248,7998.73150611679,2.5277575886115,150.750537368159,89.4426499032089,89.4427190999916,-7.08616924701992,-0.237431426311196,1
"cloglog",16000,562,5,0,3200,2794.98069370527,-419.566084169784,3214.54677787505,3197.7582986328,3198.20659500796,2.24148187578072,86.465059237534,71.5541687648007,71.5541752799933,-4.65827015535878,0.228361018640358,0.999999927834474
"cloglog",16000,562,5,1,3200,2803.69263551615,-419.419190149611,3223.11182566576,3197.75383150154,3198.20244068309,2.24304590772429,86.4641351612339,71.5540988753411,71.5541752799933,-4.55751040880202,0.348119609836389,0.999999863030174
"cloglog",16000,562,10,0,1600,1493.48451789993,-209.767070597022,1703.25158849695,1597.85124091135,1598.06607884513,2.14837933783831,58.8986171199029,53.6656168502825,53.665631459995,-1.77197238432532,1.96001678216554,0.969864365198065
"cloglog",16000,562,10,1,1600,1449.62539663282,-209.786745286382,1659.4121419192,1597.85462252501,1598.06895806759,2.14335542582714,58.8982019497393,53.6655598541535,53.665631459995,-2.51670205516088,1.14306426725672,0.996518480234095
"cloglog",16000,562,25,0,640,661.719036877959,-83.9390570525961,745.658093930555,637.909504671125,637.993090478963,2.08964519596478,36.3736319581993,35.054194602182,35.0542436803306,0.654582204883912,3.07138716702651,0.249978232316588
"cloglog",16000,562,25,1,640,676.973082737607,-83.9316489773408,760.904731714948,637.908416901402,637.992018074169,2.09002931917287,36.3734948940121,35.0541555915348,35.0542436803306,1.07398714228682,3.50636640839411,0.138264046197325
"cloglog",16000,562,50,0,320,393.770046796484,-42.0207704881745,435.790817284658,317.931038102295,317.972384227356,2.067306253066,25.5098344392532,25.0438283806637,25.0439613479976,2.97293221854437,4.70448971564864,0.00239886582889858
"cloglog",16000,562,50,1,320,417.069489076865,-42.0027281939033,459.072217270768,317.928710820981,317.970096241522,2.06927102705248,25.5097681659277,25.0437998057362,25.0439613479976,3.88638491777052,5.63421374247398,0.000154669661230643
"cloglog",16000,563,2,0,8000,6935.8394035086,-919.620242392069,7855.45964590067,7997.47294699674,7998.73642559594,2.52695719839254,145.293214578808,89.4427168251687,89.4427190999916,-7.30683498583002,-1.60188313572059,1
"cloglog",16000,563,2,1,8000,7171.93717792277,-920.346146104534,8092.28332402731,7997.38948918426,7998.65688162966,2.53478489080285,145.281283157887,89.4416207892496,89.4427190999916,-5.68175262029047,1.04678830248679,0.999999999993361
"cloglog",16000,563,5,0,3200,2816.42660170333,-367.8345748216,3184.26117652493,3197.74388307962,3198.19506496072,2.25590940552281,84.9565466889951,71.5541693436518,71.5541752799933,-4.48838019243168,-0.194732026988772,0.999999659856389
"cloglog",16000,563,5,1,3200,2868.71316760876,-368.118165173456,3236.83133278222,3197.70048352598,3198.15058769091,2.25052082464807,84.9505452835272,71.5529946857004,71.5541752799933,-3.87269222132951,0.540588765868116,0.999989752414889
"cloglog",16000,563,10,0,1600,1458.57734666174,-183.933769045894,1642.51111570764,1597.84975903556,1598.06474665724,2.149876216819,58.3472365002903,53.6656176948426,53.665631459995,-2.38695816164529,0.82820940034885,0.994295901320419
"cloglog",16000,563,10,1,1600,1442.26599496769,-184.152669225943,1626.41866419363,1597.82215341006,1598.03715127552,2.14997865454837,58.3442931642509,53.6646639204281,53.665631459995,-2.66617607320139,0.528867803219593,0.99772866646053
"cloglog",16000,563,25,0,640,647.464621672608,-73.5014817068045,720.966103379413,637.909343683512,637.992936636078,2.08982381415364,36.2311752145507,35.0541958807415,35.0542436803306,0.263730832149745,2.36699672203634,0.388856325361793
"cloglog",16000,563,25,1,640,668.081962693144,-73.5995767011524,741.681539394296,637.897508008502,637.981100550582,2.08981355199679,36.2299735558778,35.0535391544558,35.0542436803306,0.833134880379873,2.95834433113248,0.19826287554927
"cloglog",16000,563,50,0,320,402.932580553718,-36.7538028080791,439.686383361797,317.927735819538,317.969148867876,2.07065241691172,25.459114047378,25.043832177604,25.0439613479976,3.33887678007928,4.86016810968608,0.000864107032706227
"cloglog",16000,563,50,1,320,402.321396952159,-36.8366009279284,439.157997880087,317.919821954302,317.96127243489,2.07252402943079,25.4584361161928,25.043356363283,25.0439613479976,3.31526943024491,4.83947613439259,0.00092718107408345
"cloglog",16000,564,2,0,8000,6979.89611466476,-1176.01149124621,8155.90760591097,7997.48272745852,7998.74131497595,2.51717503485161,149.821638899833,89.4427167076599,89.4427190999916,-6.79198692702925,1.75717259851035,1
"cloglog",16000,564,2,1,8000,6953.82020545163,-1174.753863076,8128.57406852764,7996.81949622642,7998.07841341506,2.5178343772808,149.763950105209,89.432614294254,89.4427190999916,-6.96428806827061,1.45915062577973,1
"cloglog",16000,564,5,0,3200,2856.31046641652,-470.39653851243,3326.70700492895,3197.7649307832,3198.21190184332,2.23485530059082,86.2057947037829,71.5541690610011,71.5541752799933,-3.96092241293029,1.7957738140469,0.999995210294237
"cloglog",16000,564,5,1,3200,2766.15420260129,-470.227128185242,3236.38133078653,3197.34044840976,3197.78905468974,2.243031399895,86.1740185542167,71.5439860802787,71.5541752799933,-5.0036687744484,0.539420267323216,0.999999992231717
"cloglog",16000,564,10,0,1600,1526.59252593168,-235.193353702755,1761.78587963443,1597.8524303004,1598.06714980364,2.14719503246985,58.8035322888286,53.6656172313155,53.665631459995,-1.21183033731219,3.05071921795122,0.898062806664872
"cloglog",16000,564,10,1,1600,1475.17150083085,-234.975566962162,1710.14706779301,1597.61869545209,1597.83332193079,2.14626478699082,58.786420056544,53.6574227433628,53.665631459995,-2.08291633515809,2.09316325905935,0.986760523338128
"cloglog",16000,564,25,0,640,730.276791226759,-94.1161597818363,824.392951008595,637.908185221521,637.9918237036,2.09096205199616,36.3490097919334,35.0541946381739,35.0542436803306,2.54115879728138,5.31751276071267,0.00644641476379375
"cloglog",16000,564,25,1,640,682.762706259705,-94.1807304995888,776.943436759294,637.807360131304,637.891046799229,2.09216669813186,36.341009828601,35.0486545338656,35.0542436803306,1.23704174266012,3.96741021329952,0.106839941744524
"cloglog",16000,564,50,0,320,467.483819275608,-47.0062018596584,514.490021135267,317.927176053476,317.968599201363,2.07115739433686,25.5010589541987,25.0438277351055,25.0439613479976,5.8647228529115,7.84710005245835,9.07895262549043e-08
"cloglog",16000,564,50,1,320,441.978518342899,-47.0237472572754,489.002265600174,317.876690666693,317.918106742788,2.0708038047668,25.4961558801395,25.0398196472746,25.0439613479976,4.86747211068303,6.83248367070437,4.98825838179336e-06
"cloglog",16000,565,2,0,8000,6911.73434334679,-1134.25506732402,8045.98941067081,7997.48840997407,7998.74415610415,2.51149226015485,150.360815766079,89.4427167278296,89.4427190999916,-7.22099079534408,0.528218018135837,1
"cloglog",16000,565,2,1,8000,6836.06906772062,-1137.95455813016,7974.02362585078,7995.79694837804,7997.05752781795,2.52115887980555,150.24230562785,89.4176385878202,89.4427190999916,-7.71905007588249,-0.257599085940293,1
"cloglog",16000,565,5,0,3200,2806.59288831579,-453.757350236075,3260.35023855187,3197.76542266088,3198.21229493304,2.2343613607984,86.3558665687291,71.554169060094,71.5541752799933,-4.52977371298526,0.86840423744755,0.999999831026211
"cloglog",16000,565,5,1,3200,2949.68785304206,-454.856012414803,3404.54386545686,3196.68877438369,3197.13515159533,2.23188605818142,86.2869743124674,71.5280413037359,71.5541752799933,-2.86255165753267,2.89968395724408,0.999265376077066
"cloglog",16000,565,10,0,1600,1476.86797662051,-226.885025578293,1703.7530021988,1597.86275185855,1598.07643868239,2.13686823847319,58.8585568665976,53.6656170541396,53.665631459995,-2.0556870857754,1.96916702569158,0.985645883200809
"cloglog",16000,565,10,1,1600,1569.35872974066,-226.899027786549,1796.25775752721,1597.25725629586,1597.47076607822,2.13509782356697,58.8195086791322,53.6444970397196,53.665631459995,-0.474307371511524,3.70563622400649,0.690714257686758
"cloglog",16000,565,25,0,640,720.010492865141,-90.7624295287181,810.772922393859,637.918848134401,638.002059925727,2.08029478313347,36.3632564655154,35.0541943592504,35.0542436803306,2.25754381510332,4.92867873948273,0.0131170507865419
"cloglog",16000,565,25,1,640,740.70108792956,-90.7433698253593,831.444457754919,637.662157417565,637.745279967495,2.07806374823467,36.3439599028652,35.0398220151052,35.0542436803306,2.8351046717909,5.52797265077211,0.00295914374648288
"cloglog",16000,565,50,0,320,453.311295523872,-45.3897658199416,498.701061343814,317.935624831975,317.976879058891,2.06271134580643,25.5061376185149,25.0438278639414,25.0439613479976,5.30757234657229,7.21631626230479,8.91628501510555e-07
"cloglog",16000,565,50,1,320,446.677980803634,-45.4560109652992,492.133991768933,317.804448652647,317.84568994842,2.06206478861128,25.4939471115707,25.0334426893287,25.0439613479976,5.055063917211,6.96221866019289,2.47125485696578e-06
"cloglog",16000,566,2,0,8000,7071.91912541814,-1083.05988583033,8154.97901124847,7997.46240274069,7998.73115463895,2.53750379653306,148.666213071422,89.4427167844015,89.4427190999916,-6.22564642093827,1.74690418881334,0.999999999999987
"cloglog",16000,566,2,1,8000,6949.90547975576,-1083.66292567178,8033.56840542754,7997.13539755829,7998.40197068462,2.53314625268045,148.637359125577,89.4377815076509,89.4427190999916,-7.04553635750331,0.393194398945457,1
"cloglog",16000,566,5,0,3200,2916.80505759554,-433.236713879286,3350.04177147482,3197.75793760993,3198.20630666759,2.24184528828522,85.8851491216806,71.554168965939,71.5541752799933,-3.27126264421271,2.12196531664721,0.999850590706924
"cloglog",16000,566,5,1,3200,2762.80175021678,-434.801365315758,3197.60311553254,3197.54372641538,3197.9917293937,2.24001489158746,85.8690483575915,71.5489447363835,71.5541752799933,-5.06284842459379,-0.00543144084923139,0.999999994070851
"cloglog",16000,566,10,0,1600,1444.0045645699,-216.536384485571,1660.54094905547,1597.85195645864,1598.06672362293,2.1476716429748,58.686117332357,53.6656173487268,53.665631459995,-2.6215295692072,1.16413876368122,0.997483146279907
"cloglog",16000,566,10,1,1600,1431.67773980231,-217.498601574591,1649.1763413769,1597.73116487757,1597.94589082221,2.14725944636502,58.6774415221574,53.6614043610862,53.665631459995,-2.82993635659046,0.954698282027093,0.998812723575995
"cloglog",16000,566,25,0,640,668.076096471927,-86.6557509660933,754.731847438021,637.911746281073,637.9952429153,2.08741585568172,36.3186407784112,35.0541954676711,35.0542436803306,0.830547331737842,3.33017497521464,0.198307229127795
"cloglog",16000,566,25,1,640,672.122146727505,-87.0346685559327,759.156815283438,637.863041445538,637.946408964903,2.08418798412597,36.3145203175769,35.0513127296676,35.0542436803306,0.943399636904604,3.45808464445731,0.169207402005297
"cloglog",16000,566,50,0,320,387.357867973661,-43.3351294023276,430.692997375988,317.929554986879,317.970931375305,2.06881942128434,25.490245751371,25.0438310341178,25.0439613479976,2.72372081713052,4.50099131587017,0.00468315534957768
"cloglog",16000,566,50,1,320,383.899754328041,-43.4969044131167,427.396658741158,317.905576326642,317.946900851379,2.06622623684134,25.4877083485146,25.0417383040079,25.0439613479976,2.58925506754104,4.37069330255968,0.00661159864946372
"cloglog",16000,567,2,0,8000,6806.33148556527,-1119.35545440365,7925.68693996892,7997.47920080842,7998.73955449587,2.52070737491913,149.75541514154,89.4427167186483,89.4427190999916,-7.95395421339079,-0.81675308182721,1
"cloglog",16000,567,2,1,8000,6818.12011649418,-1114.04366551058,7932.16378200476,7996.91006610366,7998.17373782174,2.52734343615337,149.713255140311,89.4342916180405,89.4427190999916,-7.87365119076942,-0.738083285759075,1
"cloglog",16000,567,5,0,3200,2879.50476705671,-447.747815737067,3327.25258279378,3197.7693661442,3198.21545101886,2.23042437330358,86.1873804096213,71.5541690912067,71.5541752799933,-3.69270533081377,1.80334889516285,0.999980598178679
"cloglog",16000,567,5,1,3200,2846.07179521915,-446.286164700065,3292.35795991922,3197.40160352742,3197.84820077073,2.23298621654527,86.1636328364538,71.545371053156,71.5541752799933,-4.077472092839,1.32097657412764,0.999997499062522
"cloglog",16000,567,10,0,1600,1436.95279654527,-223.847882262147,1660.80067880742,1597.86169252317,1598.07548573887,2.13793215692231,58.7967843678914,53.6656171278206,53.665631459995,-2.73669551333106,1.16881527550784,0.998351384194446
"cloglog",16000,567,10,1,1600,1458.00472342885,-223.10208844857,1681.10681187742,1597.65205320851,1597.86639152828,2.14338319767015,58.7834017961168,53.6585215700058,53.665631459995,-2.37562518521822,1.55129917697314,0.994468591458877
"cloglog",16000,567,25,0,640,686.718120825783,-89.5215245099479,776.239645335731,637.914696495968,637.998074248527,2.08444381395844,36.3472592390104,35.0541941218316,35.0542436803306,1.34269888161018,3.94365280818446,0.0886447109065126
"cloglog",16000,567,25,1,640,695.020012915403,-89.4853768183384,784.505389733741,637.826911989027,637.910305121254,2.0848283056836,36.3406434896293,35.0493412769452,35.0542436803306,1.57380539897973,4.18253465747485,0.0582582848529384
"cloglog",16000,567,50,0,320,395.899139544522,-44.7149546499158,440.614094194438,317.935273830771,317.976535552338,2.06308607833969,25.5004380555071,25.04382973353,25.0439613479976,3.05735397737271,4.8969171227796,0.00190503461134068
"cloglog",16000,567,50,1,320,414.831923353619,-44.6732721916547,459.505195545274,317.88986251354,317.931133375224,2.06354308419567,25.4962568735006,25.0402881673328,25.0439613479976,3.80220756799934,5.65385115474611,0.000205410549155117
"cloglog",16000,568,2,0,8000,7011.82100037716,-1157.61443364262,8169.43543401978,7997.48019410232,7998.74004993535,2.51971166605206,151.194255981241,89.4427168379129,89.4427190999916,-6.51915767122436,1.90843245955689,1
"cloglog",16000,568,2,1,8000,6859.37342070041,-1159.40176444003,8018.77518514044,7996.30355812515,7997.56289839288,2.51868053545559,151.110855780916,89.4253328636434,89.4427190999916,-7.52381509289503,0.237206684820581,1
"cloglog",16000,568,5,0,3200,2901.15899925646,-463.092332456268,3364.25133171272,3197.76139925447,3198.20907611906,2.23838432293112,86.5883842914684,71.5541690672283,71.5541752799933,-3.42542943173088,2.32051126801093,0.999934550283296
"cloglog",16000,568,5,1,3200,2810.93040269919,-462.801405553102,3273.73180825229,3197.01601025999,3197.46387688481,2.23933312410526,86.539710284301,71.5361127823889,71.5541752799933,-4.46136931002451,1.0661458723581,0.999999769399907
"cloglog",16000,568,10,0,1600,1458.23743671455,-231.576531573924,1689.81396828847,1597.86139030888,1598.07521343408,2.13823125196746,58.9438984051415,53.6656170999724,53.665631459995,-2.36876008157199,1.70945122430057,0.994398973194546
"cloglog",16000,568,10,1,1600,1469.23545885979,-231.848055662757,1701.08351452255,1597.43839998006,1597.65247298213,2.14073002070699,58.9165577325868,53.6509971464909,53.665631459995,-2.17600868167084,1.92784937916444,0.990097758902977
"cloglog",16000,568,25,0,640,686.325723649673,-92.6674252033741,778.993148853047,637.919685145554,638.002863073039,2.07944818712456,36.3853703868949,35.0541939044447,35.0542436803306,1.33037091527185,4.02206612322445,0.0903364134163899
"cloglog",16000,568,25,1,640,681.554649194561,-92.7859147763184,774.34056397088,637.735898927213,637.819240108613,2.0835295350124,36.3718558059094,35.0442180557546,35.0542436803306,1.20474331860266,3.89568754666073,0.112915970692379
"cloglog",16000,568,50,0,320,441.041891199759,-46.3563738518597,487.398265051619,317.935645465371,317.976899331738,2.06269331836935,25.5140255823043,25.0438282163466,25.0439613479976,4.8250420278551,6.76499472270361,5.72630049540997e-06
"cloglog",16000,568,50,1,320,428.198003925116,-46.4012216171576,474.599225542274,317.840551853697,317.881881046089,2.06645961958484,25.5055352315501,25.0366334855363,25.0439613479976,4.32680400821028,6.25952145629808,3.54622968130778e-05
"cloglog",16000,569,2,0,8000,7000.52612037603,-1076.37876080883,8076.90488118486,7997.48330517229,7998.74160611403,2.51660188349741,150.882439393511,89.4427167814895,89.4427190999916,-6.60750971951169,0.873892004664561,1
"cloglog",16000,569,2,1,8000,7042.1060176475,-1076.8495327976,8118.9555504451,7997.21553648079,7998.47669139347,2.52230982536131,150.856450328304,89.4388112957611,89.4427190999916,-6.33124746575113,1.34705344700105,0.999999999999998
"cloglog",16000,569,5,0,3200,2834.13111303875,-430.598205572303,3264.72931861105,3197.75859176884,3198.20683180883,2.24120019995237,86.5013094003946,71.5541691736004,71.5541752799933,-4.20372224710429,0.929680095101517,0.999998857146928
"cloglog",16000,569,5,1,3200,3014.77133432977,-430.70446467362,3445.47579900339,3197.59502125796,3198.04247908369,2.23728912867408,86.487199527236,71.5501042561901,71.5541752799933,-2.11388145214036,3.45818252107288,0.990043327760203
"cloglog",16000,569,10,0,1600,1475.23578316465,-215.273361354757,1690.50914451941,1597.85256791875,1598.06727393266,2.14706013914449,58.9119250626887,53.6656172814456,53.665631459995,-2.08135763045628,1.72255301009475,0.986719676937326
"cloglog",16000,569,10,1,1600,1557.56979671122,-215.048392452117,1772.61818916334,1597.75678583118,1597.97172376639,2.14937935213935,58.9045424048738,53.6623645988212,53.665631459995,-0.68223922093716,3.25454285703948,0.760981364243012
"cloglog",16000,569,25,0,640,674.090497174831,-86.095953800144,760.186450974975,637.90676705376,637.990462946211,2.09239731127959,36.3770818860206,35.0541954906521,35.0542436803306,0.99468479177205,3.48591620256554,0.156134623982686
"cloglog",16000,569,25,1,640,715.990941009232,-85.9812865766836,801.972227585916,637.868230333961,637.951876231447,2.091147437127,36.3737270953087,35.0519854255023,35.0542436803306,2.1477785455026,4.67934553102762,0.0170581881490314
"cloglog",16000,569,50,0,320,386.022318340004,-43.0334950530654,429.05581339307,317.925451260008,317.966909926517,2.07293332544115,25.511071917966,25.0438317653365,25.0439613479976,2.66930638191018,4.43577901766265,0.00535746829235916
"cloglog",16000,569,50,1,320,406.710081994763,-42.9784137151655,449.688495709929,317.903865645619,317.945348818448,2.07415864146822,25.5090493641756,25.0422272322749,25.0439613479976,3.48136126444059,5.2608398474113,0.00055498551192441
"cloglog",16000,570,2,0,8000,7188.3035795489,-965.910957191416,8154.21453674032,7997.47612905671,7998.73801640629,2.52377469914404,146.110598232133,89.4427167657961,89.4427190999916,-5.53808251624729,1.73828038722424,0.999999999982809
"cloglog",16000,570,2,1,8000,7194.45173947672,-968.172193871216,8162.62393334793,7997.36003713592,7998.62223070884,2.52438714583199,146.096524079335,89.4410954147496,89.4427190999916,-5.49573853805855,1.83362806413093,0.999999999975554
"cloglog",16000,570,5,0,3200,2921.72139902425,-386.316008326186,3308.03740735044,3197.75815886659,3198.20648519269,2.24163163050429,85.1805372356927,71.554169179756,71.5541752799933,-3.24060834552565,1.53493393070959,0.99980810112291
"cloglog",16000,570,5,1,3200,2936.67949244177,-386.777629815761,3323.45712225753,3197.6894949718,3198.13672771259,2.2361637039631,85.1731465228185,71.5524004374344,71.5541752799933,-3.06446354497544,1.75144920056903,0.999599766522982
"cloglog",16000,570,10,0,1600,1554.89735693326,-193.152579584919,1748.04993651818,1597.85637399939,1598.07069937049,2.14325371096101,58.4288192578943,53.6656173123209,53.665631459995,-0.735236782323412,2.79469881572123,0.775647659256307
"cloglog",16000,570,10,1,1600,1576.16499000317,-193.32617186077,1769.49116186394,1597.81502474341,1598.0293219365,2.1429719309112,58.4250381564987,53.6641773573058,53.665631459995,-0.370560900315488,3.19508931974893,0.646616098494576
"cloglog",16000,570,25,0,640,690.643663979342,-77.2941736654429,767.937837644785,637.912557328,637.996021371307,2.08660108266751,36.2522038692542,35.0541953280238,35.0542436803306,1.45456278579696,3.70688344312377,0.0730299738013975
"cloglog",16000,570,25,1,640,694.920413377965,-77.2978808963463,772.218294274311,637.89267101021,637.976221796588,2.08876965944583,36.2505789675493,35.0532135130074,35.0542436803306,1.57315397414217,3.8296652153706,0.0585655243613411
"cloglog",16000,570,50,0,320,406.021026628003,-38.5921359783192,444.613162606322,317.929150823954,317.97053537582,2.06922759331849,25.4665915023371,25.0438313159547,25.0439613479976,3.45911528034541,5.05683917259981,0.000602230200629238
"cloglog",16000,570,50,1,320,405.870099581402,-38.6398192331168,444.509918814519,317.919997498517,317.961384579506,2.06935404940956,25.4656460070579,25.0431208010003,25.0439613479976,3.45367645723611,5.05322540431776,0.000613069882448745
"cloglog",16000,571,2,0,8000,7113.20129216613,-1006.62380475347,8119.82509691961,7997.46476796226,7998.73233564394,2.53513536337103,150.546521382786,89.4427166839306,89.4427190999916,-5.87368919370616,1.35385826554862,0.999999999999816
"cloglog",16000,571,2,1,8000,7125.48292221317,-1006.73257503328,8132.21549724645,7997.47920504595,7998.73929626293,2.52018243395423,150.545859503557,89.4427090517552,89.4427190999916,-5.79223025932629,1.49230946153798,0.999999999999601
"cloglog",16000,571,5,0,3200,2944.08390245426,-402.633874545763,3346.71777700002,3197.77006549925,3198.21600881925,2.22971659998836,86.4076119476774,71.5541689136704,71.5541752799933,-2.935923784106,2.07537548734504,0.999432438813377
"cloglog",16000,571,5,1,3200,2911.26445169416,-402.708932577258,3313.97338427142,3197.76339745184,3198.2106075732,2.23605060680266,86.4073184094975,71.5541608852413,71.5541752799933,-3.31567916967306,1.61783431272263,0.999887894290757
"cloglog",16000,571,10,0,1600,1582.80661950402,-201.340086384114,1784.14670588814,1597.85833981233,1598.07246714682,2.14127334491757,58.8775381832871,53.6656167140898,53.665631459995,-0.25564452544614,3.4672896751127,0.601721631956904
"cloglog",16000,571,10,1,1600,1532.8665386516,-201.398725509911,1734.26526416151,1597.85628489024,1598.07059913711,2.14314246864906,58.8774159525459,53.6656102856264,53.665631459995,-1.10381451337857,2.53783874439376,0.876227124288699
"cloglog",16000,571,25,0,640,755.373709425637,-80.5319077500767,835.905617175714,637.914671524169,637.998049730356,2.0844551546777,36.3681722474477,35.0541934199575,35.0542436803306,3.22972067725266,5.6457601255969,0.000898371268971541
"cloglog",16000,571,25,1,640,740.927351283284,-80.5628850413519,821.490236324636,637.912614885402,637.996072347704,2.08643655755578,36.3681362142025,35.0541892319851,35.0542436803306,2.83255473393364,5.23458587966724,0.00290770976122372
"cloglog",16000,571,50,0,320,422.756486022835,-40.3103847560435,463.066870778878,317.931806269135,317.973136285289,2.06650080772262,25.5078885891651,25.0438255867953,25.0439613479976,4.10950045462508,5.79359307509679,7.37994945854415e-05
"cloglog",16000,571,50,1,320,411.774845135723,-40.3031823733396,452.078027509063,317.931620285607,317.972953258349,2.06664863708402,25.5078749590162,25.0438225855061,25.0439613479976,3.67899031185057,5.35481649388167,0.000300599862248185
"cloglog",16000,572,2,0,8000,6994.68065483271,-1080.6919117171,8075.37256654981,7997.47977002781,7998.73983762169,2.52013518776658,144.222033551867,89.4427169696546,89.4427190999916,-6.95316166676055,0.856779976329604,1
"cloglog",16000,572,2,1,8000,7034.1135006636,-1078.16782376794,8112.28132443154,7995.71124581846,7996.97623913295,2.52998662898088,144.106455117594,89.4168024651373,89.4427190999916,-6.67282908576288,1.28952369263645,0.999999999999999
"cloglog",16000,572,5,0,3200,2920.51375040184,-432.278901947207,3352.79265234905,3197.76232925173,3198.20982193446,2.23746341364078,84.6640117531109,71.5541693721698,71.5541752799933,-3.27469219930627,2.16036090937722,0.999819471267873
"cloglog",16000,572,5,1,3200,2849.04312985952,-433.903329348351,3282.94645920787,3196.62580277091,3197.07522011472,2.24708671900875,84.5972163587317,71.5269965530023,71.5541752799933,-4.10867742311376,1.20054305690757,0.999996973828462
"cloglog",16000,572,10,0,1600,1478.29966771202,-216.141373081112,1694.44104079314,1597.85529792487,1598.06973189068,2.14433965810856,58.2408332510166,53.665617784056,53.665631459995,-2.0527802151725,1.79577377251559,0.984643973116115
"cloglog",16000,572,10,1,1600,1453.47743359235,-216.745331233596,1670.22276482595,1597.21298744384,1597.42825387435,2.15266430516704,58.2022500636428,53.6435918761076,53.665631459995,-2.46958757942026,1.35700292254325,0.995679545378466
"cloglog",16000,572,25,0,640,674.997161234499,-86.4917381429337,761.488899377433,637.910160248917,637.993720749587,2.08901251674387,36.2037745888433,35.054196218161,35.0542436803306,1.02439597546855,3.52297847194297,0.150351172034065
"cloglog",16000,572,25,1,640,687.421157370912,-86.5734437026374,773.99460107355,637.636419930694,637.720028937378,2.09022516711314,36.1840849532855,35.0390753813562,35.0542436803306,1.37587388224662,3.8892171283915,0.0856745228167505
"cloglog",16000,572,50,0,320,380.198859526174,-43.2673875664166,423.46624709259,317.930087577967,317.971454328981,2.06833755068767,25.4493642219858,25.0438350532045,25.0439613479976,2.44677122010035,4.21240566947876,0.00944360533601587
"cloglog",16000,572,50,1,320,428.705192833882,-43.2452796724966,471.950472506378,317.789932356827,317.831314400647,2.06910219099038,25.4367186260649,25.0328571783941,25.0439613479976,4.3604390215411,6.15667468589051,3.30803381028761e-05
"cloglog",16000,573,2,0,8000,7132.53134477135,-1009.73516314763,8142.26650791898,7997.47659311016,7998.73824920119,2.52331218206573,151.86281391585,89.4427168598687,89.4427190999916,-5.6955697450601,1.60469475611589,0.999999999999382
"cloglog",16000,573,2,1,8000,7115.21690693453,-1014.54204043479,8129.75894736932,7996.89860186324,7998.1618143078,2.5264248891344,151.81541218481,89.4338856774221,89.4427190999916,-5.80759016650699,1.47144599683582,0.999999999999791
"cloglog",16000,573,5,0,3200,2878.43476028394,-403.886922654854,3282.3216829388,3197.76206474394,3198.20960995817,2.23772607115307,86.7753726567923,71.5541692432405,71.5541752799933,-3.67993008480615,1.17550205487954,0.999981770448994
"cloglog",16000,573,5,1,3200,2939.74175903768,-405.994289295618,3345.7360483333,3197.39010619647,3197.83830206644,2.24097934987632,86.7485843195704,71.545169229316,71.5541752799933,-2.97005823414524,2.06719402385953,0.999537025279028
"cloglog",16000,573,10,0,1600,1516.09572319851,-201.949669496291,1718.0453926948,1597.85984849518,1598.07382683846,2.13978343277242,59.0126011318112,53.6656175476702,53.665631459995,-1.38553671128709,2.2355387180587,0.928192134922542
"cloglog",16000,573,10,1,1600,1523.8632678967,-202.869372277431,1726.73264017413,1597.64469763699,1597.85950455877,2.1480692178435,58.99803283519,53.6584000377036,53.665631459995,-1.25057440383479,2.40173273010003,0.90664799510202
"cloglog",16000,573,25,0,640,685.074553621268,-80.7612562068827,765.835809828151,637.913086484759,637.996529136735,2.08606629940017,36.4031857354244,35.0541950667712,35.0542436803306,1.29553131638737,3.64690389974458,0.0958949923109308
"cloglog",16000,573,25,1,640,697.110827221804,-81.1127636609194,778.223590882723,637.822922572524,637.906431541375,2.08772422127594,36.396207756732,35.049273767881,35.0542436803306,1.62895829822584,4.00342558509542,0.0521025599855585
"cloglog",16000,573,50,0,320,404.609919670435,-40.4119399501128,445.021859620548,317.931326567017,317.972667656104,2.06705445435168,25.5203779357758,25.0438315740626,25.0439613479976,3.39644629564468,5.07307324714746,0.000710982994268574
"cloglog",16000,573,50,1,320,428.650019545311,-40.5728979101606,469.222917455471,317.885698612661,317.927044814524,2.06731009315452,25.5160475315393,25.0402544273843,25.0439613479976,4.34096702460435,6.04210604487662,3.33318321989283e-05
"cloglog",16000,574,2,0,8000,6861.81537506015,-1013.70755507022,7875.52293013037,7997.474818156,7998.73736299169,2.52508967136606,148.377634461601,89.4427169404161,89.4427190999916,-7.65384518506906,-1.37757927169631,1
"cloglog",16000,574,2,1,8000,6896.36101605178,-1015.50298162045,7911.86399767223,7996.83542998647,7998.09618687428,2.52151377561744,148.327987721932,89.4333445519672,89.4427190999916,-7.41919600498948,-0.964206243588926,1
"cloglog",16000,574,5,0,3200,2901.9322074421,-405.467357257831,3307.39956469993,3197.76572186415,3198.21253523593,2.23406685888866,85.8052587535697,71.5541690579516,71.5541752799933,-3.44773174417758,1.52593525858109,0.999931754432649
"cloglog",16000,574,5,1,3200,2818.12365268063,-406.183675774829,3224.30732845546,3197.35242246407,3197.80003053513,2.23804035528732,85.7768282863648,71.5442846640074,71.5541752799933,-4.4211097257804,0.370501963152131,0.999999616943307
"cloglog",16000,574,10,0,1600,1548.60640110018,-202.767884232577,1751.37428533276,1597.85904156038,1598.07309985385,2.1405829346485,58.6568975963628,53.6656171448669,53.665631459995,-0.839673465158704,2.85659969333974,0.808137761816641
"cloglog",16000,574,10,1,1600,1477.45485191799,-203.036632377845,1680.49148429584,1597.62680806283,1597.84106640542,2.14258342591837,58.6412480211708,53.6576213821071,53.665631459995,-2.0492735096882,1.54032951445688,0.985242124476801
"cloglog",16000,574,25,0,640,641.563800256038,-81.1240549187843,722.687855174823,637.911318249559,637.994831217852,2.08782420734484,36.3110834198717,35.0541943155542,35.0542436803306,0.100588626460005,2.41605963596174,0.452939574740047
"cloglog",16000,574,25,1,640,662.611931975688,-81.041963132983,743.653895108671,637.813685819298,637.897181087304,2.08738170015724,36.3035231527776,35.0487510155699,35.0542436803306,0.68308097955205,3.01741748156405,0.242294322294753
"cloglog",16000,574,50,0,320,404.776909439867,-40.6105789824436,445.387488422311,317.931233919257,317.972576188066,2.06711344046292,25.487555113302,25.0438288589037,25.0439613479976,3.40737568333046,5.08767700626357,0.000697215392760748
"cloglog",16000,574,50,1,320,370.416119078454,-40.5280964282161,410.94421550667,317.882698120589,317.924005963483,2.06539214464968,25.482827037576,25.0398702431804,25.0439613479976,2.06152248651223,3.71488384882991,0.0227397457605667
"cloglog",16000,575,2,0,8000,6980.15698549249,-1064.88557913858,8045.04256463107,7997.47595353776,7998.73793158868,2.52395610184192,147.963639217656,89.4427169313667,89.4427190999916,-6.87546598221188,0.517701548332032,1
"cloglog",16000,575,2,1,8000,6969.06772913717,-1067.16337032003,8036.23109945721,7997.00729535272,7998.27060946801,2.52662823057402,147.924018608337,89.4358295643396,89.4427190999916,-6.9491051952642,0.424443874162167,1
"cloglog",16000,575,5,0,3200,2927.69057882491,-425.966890552848,3353.65746937776,3197.75443928695,3198.20351105437,2.24535883710571,85.6908026032968,71.5541694210453,71.5541752799933,-3.15160848372837,2.17253529153064,0.999741458181534
"cloglog",16000,575,5,1,3200,2977.4793305857,-427.14675064216,3404.62608122786,3197.46123689057,3197.90899844314,2.23880776289099,85.6688313292941,71.5469517519722,71.5541752799933,-2.56781729003981,2.88925073287999,0.997561460183014
"cloglog",16000,575,10,0,1600,1517.2915498578,-212.968712021085,1730.26026187889,1597.84861243708,1598.06371464003,2.15102202953225,58.6150512096547,53.665617584914,53.665631459995,-1.37434090590728,2.46333785369528,0.925144798709428
"cloglog",16000,575,10,1,1600,1563.92870894409,-213.583906146217,1777.51261509031,1597.68343139844,1597.89830250362,2.1487110517868,58.6032847657553,53.6598132752811,53.665631459995,-0.575986868129826,3.34727800235249,0.724145516888582
"cloglog",16000,575,25,0,640,694.496206337261,-85.14922562143,779.645431958691,637.908708683168,637.992327261938,2.09046446926328,36.3002756431586,35.0541961725651,35.0542436803306,1.55887239563587,4.0409742673722,0.059888698434488
"cloglog",16000,575,25,1,640,683.783492838461,-85.4696423830632,769.253135221525,637.834058340744,637.917815834004,2.0939373315001,36.2946659451964,35.0502477994281,35.0542436803306,1.26601067405054,3.7470582273505,0.101897903086877
"cloglog",16000,575,50,0,320,391.542840473569,-42.5886482153076,434.131488688876,317.927595834124,317.96901190077,2.07080333231659,25.4837052821309,25.0438329228726,25.0439613479976,2.88871825444724,4.63836654500337,0.00303942990546815
"cloglog",16000,575,50,1,320,408.433704595597,-42.6831043869489,451.116808982546,317.888074295606,317.929556235466,2.07409699300059,25.4802384544533,25.0409793186561,25.0439613479976,3.55356290961894,5.31877172422936,0.000451586476011384
"cloglog",16000,576,2,0,8000,6950.67119131397,-1131.68628502134,8082.35747633532,7997.4871356976,7998.74352024106,2.51276908690975,152.513392491643,89.4427167901452,89.4427190999916,-6.86376407528272,0.934832472614137,1
"cloglog",16000,576,2,1,8000,7095.67708446193,-1132.62228874796,8228.29937320989,7997.42996539546,7998.69209107477,2.52425135861854,152.505462711906,89.4420352376594,89.4427190999916,-5.91292183832789,2.56710708253706,0.99999999999994
"cloglog",16000,576,5,0,3200,2960.64660416649,-452.724190593847,3413.37079476034,3197.76996367309,3198.2159274632,2.22981895053992,86.9577438954613,71.5541690298185,71.5541752799933,-2.72688030857449,3.00688094368732,0.998802228091501
"cloglog",16000,576,5,1,3200,2973.99333679484,-453.436773046305,3427.43010984114,3197.72576970622,3198.17478831037,2.24509302072798,86.9536982454054,71.5534635669789,71.5541752799933,-2.57300652446036,3.20397238794983,0.997887006308623
"cloglog",16000,576,10,0,1600,1563.13660226998,-226.365452306821,1789.5020545768,1597.85730264178,1598.07153399804,2.14231356265984,59.0796760899962,53.6656169602142,53.665631459995,-0.58769280181738,3.56709810530422,0.728876114106373
"cloglog",16000,576,10,1,1600,1622.43386115154,-226.646312833817,1849.08017398536,1597.84271117279,1598.05676294632,2.1405177353681,59.0777248346901,53.6650459505987,53.665631459995,0.416250795838333,4.67759612597961,0.329317539262627
"cloglog",16000,576,25,0,640,723.448283051927,-90.5830864797145,814.031369531642,637.915320701325,637.998673581293,2.08382199918449,36.4205894589672,35.0541944570656,35.0542436803306,2.34847825422942,5.02172988644637,0.0104053080131455
"cloglog",16000,576,25,1,640,748.584042831195,-90.6537800492857,839.237822880481,637.904062342771,637.987585978489,2.08809089296487,36.4198158987296,35.053805901666,35.0542436803306,3.03900439244904,5.74118078551998,0.00158136295047754
"cloglog",16000,576,50,0,320,410.869324433021,-45.307455161873,456.176779594894,317.934123658016,317.97540807133,2.06422066567914,25.5265840956664,25.0438286684208,25.0439613479976,3.64072217523151,5.5183803304736,0.000335973514857507
"cloglog",16000,576,50,1,320,457.406419530401,-45.3088810914628,502.715300621864,317.929205042846,317.970517142285,2.06560497192808,25.5261640956923,25.0435499248684,25.0439613479976,5.46408829641165,7.37694073060014,4.67608843026316e-07
"cloglog",16000,577,2,0,8000,7109.64578648753,-1040.73818055046,8150.38396703798,7997.46877040052,7998.73433998166,2.53113916227995,146.655658252077,89.4427169706639,89.4427190999916,-6.05379290846703,1.69549441466618,0.999999999999853
"cloglog",16000,577,2,1,8000,7088.95050296704,-1041.97797191756,8130.9284748846,7996.84577508673,7998.10476305726,2.51797594106026,146.601675348713,89.4336290658402,89.4427190999916,-6.19293926866887,1.48516518019807,0.999999999999961
"cloglog",16000,577,5,0,3200,2813.65661006077,-416.294397575287,3229.95100763605,3197.76519336738,3198.21211348253,2.23460057571086,85.3302827662297,71.5541694066783,71.5541752799933,-4.50143338161573,0.44356456677096,0.99999972015939
"cloglog",16000,577,5,1,3200,2844.09604446938,-416.92208936346,3261.01813383284,3197.36020844785,3197.80758794985,2.23689751001463,85.3003869987398,71.544497930758,71.5541752799933,-4.14141337932841,0.88351372518067,0.999997798864518
"cloglog",16000,577,10,0,1600,1409.56110597736,-208.198027856521,1617.75913383388,1597.84984684155,1598.06482560257,2.14978761018767,58.4834208792665,53.6656176471289,53.665631459995,-3.21952338001738,0.366981860915203,0.999732087157527
"cloglog",16000,577,10,1,1600,1496.46465066154,-208.470381773284,1704.93503243482,1597.63064239534,1597.84495361484,2.14311219503228,58.467130491845,53.6577823986651,53.665631459995,-1.73030540207397,1.99579770226661,0.965900478017978
"cloglog",16000,577,25,0,640,603.393612691467,-83.2731751972705,686.666787888737,637.913133295523,637.996574073736,2.08601945534609,36.2662881309308,35.0541950818587,35.0542436803306,-0.951834951496316,1.38842765327647,0.833511532035956
"cloglog",16000,577,25,1,640,593.143969362928,-83.4906688783078,676.634638241236,637.817363443466,637.900765980424,2.08506342394903,36.2585669440941,35.0488290053118,35.0542436803306,-1.2320783154342,1.10514026745207,0.897538468274187
"cloglog",16000,577,50,0,320,329.140487729972,-41.6181417096284,370.758629439601,317.929945406874,317.971314172792,2.0684382958614,25.471610754443,25.0438319563446,25.0439613479976,0.440119096949638,2.10779705593082,0.321662061567153
"cloglog",16000,577,50,1,320,353.57023994046,-41.7740478183049,395.344287758765,317.882336779998,317.923671546731,2.06673833664448,25.4668705637723,25.0399481309805,25.0439613479976,1.40134623416312,3.09188404892284,0.08268294202201
"cloglog",16000,578,2,0,8000,6966.28803959415,-1111.26310365644,8077.55114325059,7997.47391092392,7998.73690551084,2.5259891738409,162.068893352994,89.4427164089348,89.4427190999916,-6.36263906043829,0.88116999241632,1
"cloglog",16000,578,2,1,8000,6994.60140989715,-1109.1116160921,8103.71302598926,7997.2807616129,7998.54383833183,2.5261534378659,162.071183572788,89.4396049595749,89.4427190999916,-6.18666026626153,1.17586820407984,1
"cloglog",16000,578,5,0,3200,2836.32421395134,-444.490822114212,3280.81503606555,3197.75923950137,3198.20734674429,2.24053621460841,89.6805799561917,71.5541685323394,71.5541752799933,-4.03024853013428,1.15447766378451,0.999998677638446
"cloglog",16000,578,5,1,3200,2841.41814221,-442.644147736202,3284.0622899462,3197.63724779767,3198.08487566758,2.23813934953515,89.6799778457475,71.5511078150106,71.5541752799933,-3.97211411225348,1.20162240535687,0.999998150882988
"cloglog",16000,578,10,0,1600,1506.36035261963,-222.205416442926,1728.56576906256,1597.85069124542,1598.06558237015,2.14891124735835,60.0886522925563,53.6656161213932,53.665631459995,-1.52258929323869,2.43172809937011,0.949622500527478
"cloglog",16000,578,10,1,1600,1530.49466051789,-221.31858327551,1751.8132437934,1597.78559517309,1598.0000065859,2.14411412816366,60.0872123380867,53.663166056229,53.665631459995,-1.11988777706276,2.86627212875081,0.884831219990427
"cloglog",16000,578,25,0,640,710.928705647275,-88.8689688357995,799.797674483075,637.910839479548,637.994369376377,2.08824742073475,36.6837239089034,35.0541908254501,35.0542436803306,1.99047038814959,4.61580488085964,0.0234544842524652
"cloglog",16000,578,25,1,640,704.477543133176,-88.5472629818507,793.024806115027,637.878574758511,637.96220242439,2.09069164697143,36.6823434732645,35.0525305867515,35.0542436803306,1.8155592600894,4.4237206585377,0.0344901205562045
"cloglog",16000,578,50,0,320,412.955991603486,-44.4408079977344,457.39679960122,317.932122587446,317.973445517342,2.06614649477329,25.6205785493321,25.0438219636616,25.0439613479976,3.70888849496791,5.5671755807153,0.000259721158812183
"cloglog",16000,578,50,1,320,424.040444216646,-44.2697832775717,468.310227494218,317.915609066305,317.956957171469,2.06740525821217,25.6194743333415,25.0426183495907,25.0439613479976,4.14235022036457,6.00389576776051,6.22150963030893e-05
"cloglog",16000,579,2,0,8000,6946.42771960322,-1118.89058888393,8065.31830848715,7997.48873143455,7998.7443160029,2.51116913670504,154.963110985117,89.4427166286956,89.4427190999916,-6.78265301431818,0.744319884207222,1
"cloglog",16000,579,2,1,8000,6885.20739528861,-1120.0799622892,8005.28735757781,7997.30074016907,7998.56176390364,2.52204746914164,154.945137674692,89.4400619414391,89.4427190999916,-7.17733619505574,0.0751966571598867,1
"cloglog",16000,579,5,0,3200,2910.70750871689,-447.516236321804,3358.22374503869,3197.76394153756,3198.2111092308,2.23583846616007,87.647962449605,71.5541688189489,71.5541752799933,-3.27510674290603,2.23624477020718,0.999891118198255
"cloglog",16000,579,5,1,3200,2902.93834170239,-448.164829354981,3351.10317105737,3197.65051521148,3198.09770759779,2.23596193156953,87.6380619004345,71.5514123864973,71.5541752799933,-3.36283307866744,2.13839892681777,0.999927948477424
"cloglog",16000,579,10,0,1600,1589.2174215969,-223.738742096386,1812.95616369328,1597.85644595359,1598.07076264319,2.14316689605036,59.3341112151347,53.6656167153923,53.665631459995,-0.145599625236878,4.00415413447509,0.55718655860224
"cloglog",16000,579,10,1,1600,1499.5934836564,-224.112646244061,1723.70612990047,1597.7972299783,1598.01108143593,2.13851457629056,59.3289352500832,53.66339410935,53.665631459995,-1.65524201484394,2.34228659127318,0.961294013300133
"cloglog",16000,579,25,0,640,723.404688737882,-89.5350112176206,812.939699955503,637.91854105145,638.00176472156,2.08059175275916,36.4866987876007,35.0541937119775,35.0542436803306,2.34294004464671,4.99049947265422,0.0104363264898829
"cloglog",16000,579,25,1,640,673.813023080784,-89.6957197591747,763.508742839959,637.886228642908,637.969663456426,2.08587033795587,36.4843690694448,35.0526912426499,35.0542436803306,0.984717438020991,3.58143911160762,0.157934550072447
"cloglog",16000,579,50,0,320,429.747318893157,-44.8248089637163,474.572127856873,317.935850724425,317.977099946389,2.06246109819521,25.5501647454466,25.0438257936015,25.0439613479976,4.37615448991023,6.25283968995238,2.86577977040113e-05
"cloglog",16000,579,50,1,320,427.111789935498,-44.8719765135339,471.983766449032,317.917004527505,317.958355319878,2.0675396186258,25.5487791070341,25.0427407492176,25.0439613479976,4.27397273860062,6.15050136371221,4.11277717226208e-05
"cloglog",16000,580,2,0,8000,7097.29065703889,-1047.52921290914,8144.81986994803,7997.48127540169,7998.7405876021,2.51862440081189,147.129754931737,89.4427165742656,89.4427190999916,-6.11834512183115,1.63321607326895,0.999999999999933
"cloglog",16000,580,2,1,8000,7201.29003901548,-1046.70411371499,8247.99415273047,7997.07212597181,7998.33719701868,2.53014209375707,147.091502385735,89.4368383491428,89.4427190999916,-5.41011597576492,2.79143315349736,0.999999999963956
"cloglog",16000,580,5,0,3200,2849.07352461002,-418.982461140173,3268.05598575019,3197.76361977206,3198.21085254382,2.23616385882375,85.4607668631799,71.5541689265473,71.5541752799933,-4.08011895938499,0.976115497589896,0.999996967947922
"cloglog",16000,580,5,1,3200,2897.13325912175,-419.058244370206,3316.19150349196,3197.4979931377,3197.9474287289,2.24717795601752,85.440724554764,71.548038039978,71.5541752799933,-3.51547503349435,1.65265293084616,0.999947451674901
"cloglog",16000,580,10,0,1600,1489.7346207574,-209.52437899572,1699.25899975312,1597.86097614489,1598.07484054674,2.13864401850764,58.5310294893421,53.6656169490354,53.665631459995,-1.84733390700363,1.88545599508284,0.974308031149645
"cloglog",16000,580,10,1,1600,1534.32992817672,-209.416069577291,1743.74599775401,1597.70883896999,1597.9234826539,2.14643683913517,58.5202846087038,53.6606156976222,53.665631459995,-1.08302465063271,2.71749612270234,0.870704058828559
"cloglog",16000,580,25,0,640,671.426064079314,-83.7622609020893,755.188324981403,637.919195811015,638.002393720935,2.0799477479946,36.2785714781587,35.0541942808101,35.0542436803306,0.923599439092327,3.34299314717439,0.17400030820426
"cloglog",16000,580,25,1,640,684.043460579306,-83.8601471741589,767.903607753465,637.850524118148,637.933993003635,2.08672213716112,36.2735647977065,35.0507639860002,35.0542436803306,1.27346007261129,3.70803942538148,0.100667067037795
"cloglog",16000,580,50,0,320,392.645031669062,-41.8854236766189,434.530455345681,317.935140794182,317.976404942115,2.06320739667561,25.4759750320288,25.043828759425,25.0439613479976,2.93256257242184,4.65400284929285,0.00270503756500644
"cloglog",16000,580,50,1,320,410.364622201046,-41.9861361327313,452.350758333777,317.901376091882,317.942685249061,2.06545785891385,25.4729206213408,25.0413480901127,25.0439613479976,3.62986433647108,5.36744557845055,0.000357356611543646
"cloglog",16000,581,2,0,8000,7124.69013646652,-1029.44165443136,8154.13179089788,7997.48262886992,7998.74126640161,2.51727506338065,152.694760550265,89.4427166387066,89.4427190999916,-5.71592953980952,1.73731892697251,0.99999999999962
"cloglog",16000,581,2,1,8000,7164.96942169807,-1026.13469798374,8191.10411968181,7997.22345012787,7998.48458821796,2.52227618018297,152.694275979979,89.4389059064856,89.4427190999916,-5.45045990158086,2.15364364659434,0.999999999995599
"cloglog",16000,581,5,0,3200,2960.07551143568,-411.780490605489,3371.85600204117,3197.77092276392,3198.21669385761,2.22885546848283,87.0086503977284,71.5541687918627,71.5541752799933,-2.73185953628397,2.42668332419098,0.998831761491944
"cloglog",16000,581,5,1,3200,3022.53223806014,-410.752450565871,3433.28468862601,3197.60161246865,3198.0487276291,2.2355758022435,87.0061634656432,71.5502355004393,71.5541752799933,-2.01214911030577,3.28770351839675,0.98703039776852
"cloglog",16000,581,10,0,1600,1604.00449960573,-205.940619059834,1809.94511866557,1597.85582325107,1598.0702027775,2.14379526429234,59.098408273162,53.6656168200014,53.665631459995,0.104041319120437,3.9480570324703,0.453085975421145
"cloglog",16000,581,10,1,1600,1594.66382091108,-204.855076221435,1799.51889713252,1597.76928462161,1597.98316242352,2.13877801906891,59.0958328050885,53.6624385405408,53.665631459995,-0.0525496225896663,3.7556201356139,0.518846593624334
"cloglog",16000,581,25,0,640,712.175038378087,-82.3398490389231,794.51488741701,637.913942172576,637.997349803832,2.0851907813996,36.4254421820653,35.0541935944044,35.0542436803306,2.03871502326126,4.46501606695532,0.0217139090781079
"cloglog",16000,581,25,1,640,693.220384970803,-81.9199434426221,775.140328413425,637.874118937879,637.957562759912,2.0860955508417,36.4234373739848,35.052033416787,35.0542436803306,1.51952341742613,3.91368922944748,0.0640130141690396
"cloglog",16000,581,50,0,320,466.131379629007,-41.1683053441472,507.299684973154,317.933485496825,317.974782428419,2.06484657971546,25.5283050033569,25.0438272614767,25.0439613479976,5.80523830754508,7.55974318813329,1.13595960190953e-07
"cloglog",16000,581,50,1,320,446.766888363533,-40.9783824034553,487.745270766988,317.915133234512,317.956396237432,2.06315014600027,25.5267802025426,25.0422481434188,25.0439613479976,5.04770888089466,6.78009712056052,2.43824408487263e-06
"cloglog",16000,582,2,0,8000,7184.38562279317,-1038.34408048165,8222.72970327481,7997.47257149549,7998.736239235,2.52733547901795,143.569828820833,89.4427169161002,89.4427190999916,-5.66335528418721,2.50432312169062,0.999999999986285
"cloglog",16000,582,2,1,8000,7123.41696136812,-1037.81001344543,8161.22697481355,7997.4509371437,7998.71106152657,2.52024876574611,143.563688400623,89.4423124147066,89.4427190999916,-6.08812705714645,1.81699140931709,0.999999999999649
"cloglog",16000,582,5,0,3200,2959.81484195546,-415.298239648826,3375.11308160429,3197.76618638657,3198.21290813913,2.23360876279987,84.486463297192,71.5541693018084,71.5541752799933,-2.81644342945309,2.47225528842369,0.998845020020325
"cloglog",16000,582,5,1,3200,2885.05918857156,-415.25475908667,3300.31394765823,3197.7475645642,3198.19433416203,2.23384798918835,84.4835263149675,71.5537319252046,71.5541752799933,-3.70117571592466,1.42717382795546,0.999973278216038
"cloglog",16000,582,10,0,1600,1561.53247622963,-207.620859968973,1769.15333619861,1597.85655197201,1598.07085999531,2.14308023293763,58.1763390047177,53.6656174499309,53.665631459995,-0.624378851674281,3.1879345534954,0.738335417818203
"cloglog",16000,582,10,1,1600,1528.91666382142,-207.647606961676,1736.5642707831,1597.84942178211,1598.06341753,2.1399574789371,58.1749618679004,53.6652633992172,53.665631459995,-1.1849214120194,2.58082872383918,0.890319262837405
"cloglog",16000,582,25,0,640,737.632193531654,-83.030988230929,820.663181762583,637.910627462778,637.994168795175,2.08853330993341,36.1871775339715,35.0541953709534,35.0542436803306,2.75571550102963,5.21104566898064,0.0037436940943122
"cloglog",16000,582,25,1,640,677.732157808394,-83.0777680659593,760.809925874353,637.910345654669,637.993726156722,2.08451255132734,36.1866582961348,35.0539569789983,35.0542436803306,1.10045563831404,3.50363297904466,0.133807679006712
"cloglog",16000,582,50,0,320,428.732521927554,-41.5335891479112,470.266111075465,317.932399674625,317.973719391909,2.06598586420066,25.4434649750874,25.0438318999297,25.0439613479976,4.35475759144507,6.08103393650327,3.29564388581877e-05
"cloglog",16000,582,50,1,320,423.885492242588,-41.5534148551179,465.438907097706,317.929646933281,317.970978143027,2.0665604873156,25.4431891442485,25.0436603155747,25.0439613479976,4.16440897831629,5.88843352355202,6.35150219579641e-05
"cloglog",16000,583,2,0,8000,7040.80776760953,-1087.23075059632,8128.03851820585,7997.4795518292,7998.73972917,2.52035468159929,150.27004644357,89.4427169236479,89.4427190999916,-6.36635049273724,1.44560444363766,0.999999999999998
"cloglog",16000,583,2,1,8000,6998.35044771812,-1088.37072853973,8086.72117625786,7997.4434667356,7998.70351463951,2.52009580782131,150.263300497724,89.4421953166428,89.4427190999916,-6.64894898293953,0.984073135802913,1
"cloglog",16000,583,5,0,3200,2836.29750213196,-434.893015916588,3271.19051804855,3197.76504226803,3198.21199199793,2.2347486494712,86.3305828724906,71.5541692158234,71.5541752799933,-4.18701609683272,1.01990599360471,0.99999867997876
"cloglog",16000,583,5,1,3200,2832.58114112828,-434.990947000307,3267.57208812859,3197.7394936077,3198.18693648218,2.23721437236621,86.3272398356848,71.5536160640463,71.5541752799933,-4.2299319794594,0.969694551625522,0.999998969690469
"cloglog",16000,583,10,0,1600,1518.09616150759,-217.480981331325,1735.57714283892,1597.8514469025,1598.06626533035,2.14818427850473,58.8492834725493,53.6656174487816,53.665631459995,-1.3552464990013,2.56236458361459,0.923040462866549
"cloglog",16000,583,10,1,1600,1455.82082539853,-217.543475158818,1673.36430055735,1597.84170096318,1598.05620003279,2.14499069618398,58.8476669098017,53.6651687095591,53.665631459995,-2.41336459068676,1.40329570064579,0.995085707968452
"cloglog",16000,583,25,0,640,701.343063529758,-86.9881377143624,788.33120124412,637.910142821473,637.993703312592,2.08901227797941,36.3608584558461,35.0541951127379,35.0542436803306,1.74453858907962,4.28871629909139,0.0412575997927685
"cloglog",16000,583,25,1,640,693.480982553107,-87.0637416292724,780.54472418238,637.904397128942,637.987966521309,2.0892348091646,36.3602240202568,35.0538886743147,35.0542436803306,1.52849953270922,4.06678868029633,0.0631527013952402
"cloglog",16000,583,50,0,320,442.687780985539,-43.4738395942679,486.161620579807,317.925805942718,317.967257626544,2.07258419128066,25.5052918983568,25.0438322639495,25.0439613479976,4.89161133854185,6.71599941976047,4.49135385638569e-06
"cloglog",16000,583,50,1,320,456.194648839808,-43.559149766735,499.753798606543,317.922901820911,317.964355332781,2.0726755935038,25.5049502683343,25.0436107281487,25.0439613479976,5.42136901127656,7.25891506808295,5.66726360490096e-07
"cloglog",16000,584,2,0,8000,7009.32230877443,-1102.47330357277,8111.7956123472,7997.47384644087,7998.7368764457,2.52606000966867,144.612841274832,89.4427168692303,89.4427190999916,-6.83308293340621,1.26403512615565,1
"cloglog",16000,584,2,1,8000,6944.90432927396,-1102.49089696792,8047.39522624189,7997.46649511896,7998.72904475301,2.52509926810907,144.615312129338,89.4425992448038,89.4427190999916,-7.27835905027556,0.544105179185077,1
"cloglog",16000,584,5,0,3200,2789.4251113548,-440.94867221864,3230.37378357344,3197.75706793734,3198.20561283648,2.2427244957101,84.7706059527852,71.554169315614,71.5541752799933,-4.81690501080018,0.449563890471139,0.999999952419502
"cloglog",16000,584,5,1,3200,2940.89932150505,-441.065012601719,3381.96433410676,3197.74321524345,3198.19347879101,2.25131773779545,84.7716062251023,71.5540432437551,71.5541752799933,-3.02983398776687,2.56828051895997,0.999511034476437
"cloglog",16000,584,10,0,1600,1476.20400418824,-220.499211271803,1696.70321546004,1597.85153660164,1598.06634679145,2.14810189803865,58.2795874435902,53.6656177810549,53.665631459995,-2.08730942941474,1.83798999707805,0.986091305000984
"cloglog",16000,584,10,1,1600,1608.98363201007,-220.514509250779,1829.49814126085,1597.84303447422,1598.05839727691,2.15362802689733,58.2799449656313,53.6655147587295,53.665631459995,0.191156624159806,4.31263438028034,0.418540272378954
"cloglog",16000,584,25,0,640,659.474439217368,-88.1725270847835,747.646966302151,637.907493746265,637.991160421102,2.09166687093214,36.213753027743,35.0541955441756,35.0542436803306,0.59554571586604,3.12817921446408,0.269883265033907
"cloglog",16000,584,25,1,640,707.656263087125,-88.1962534592673,795.852516546393,637.907491569898,637.991108714485,2.09042861467583,36.2138073688105,35.0541267829868,35.0542436803306,1.92602702076829,4.50336158162479,0.0286027342571724
"cloglog",16000,584,50,0,320,392.89761056516,-44.1116132479851,437.009223813145,317.929226256438,317.970609735988,2.06917397751156,25.4529181316178,25.0438331539348,25.0439613479976,2.94537482582776,4.75321063454913,0.00263332861946335
"cloglog",16000,584,50,1,320,404.840748954528,-44.1124122758313,448.953161230359,317.927641194908,317.969043670788,2.07012379396059,25.4529120350674,25.0437831716042,25.0439613479976,3.41466263820328,5.23020490402934,0.000692018331679921
"cloglog",16000,585,2,0,8000,7007.1590322676,-1048.57847890185,8055.73751116945,7997.46833975886,7998.7341224769,2.53156543608534,148.599535995948,89.4427167209302,89.4427190999916,-6.66428263624092,0.637317277273787,1
"cloglog",16000,585,2,1,8000,6955.78678779173,-1048.18510027885,8003.97188807058,7997.41594475896,7998.68547265491,2.53905579190638,148.602622748659,89.4420481696994,89.4427190999916,-7.00949376061153,0.0591043644889742,1
"cloglog",16000,585,5,0,3200,2835.04686608589,-419.474315506122,3254.52118159201,3197.75465318637,3198.20367954451,2.24513179070158,85.8666791541149,71.5541689880093,71.5541752799933,-4.22408075721061,0.787061087341323,0.999998785224637
"cloglog",16000,585,5,1,3200,2775.14750829962,-419.830235060884,3194.9777433605,3197.73257471412,3198.18008524368,2.23755264782236,85.8676282421531,71.5534540387264,71.5541752799933,-4.92135482329591,-0.0447545394726412,0.99999998414521
"cloglog",16000,585,10,0,1600,1473.72219555171,-209.723344451654,1683.44554000337,1597.84907574294,1598.06413040481,2.15054661869968,58.6793596443761,53.6656170467402,53.665631459995,-2.11534142402873,1.59098905960947,0.987653356659728
"cloglog",16000,585,10,1,1600,1424.62552004112,-209.916902252303,1634.54242229342,1597.84339257241,1598.05734703138,2.13954458976914,58.6794679813456,53.6650377122989,53.665631459995,-2.95193324837833,0.67986675901802,0.999246616329782
"cloglog",16000,585,25,0,640,630.757005990129,-83.8473963095968,714.604402299725,637.90821417846,637.991851938667,2.09094400515151,36.316892344751,35.0541951799253,35.0542436803306,-0.196911346941429,2.18554583746179,0.573328667600652
"cloglog",16000,585,25,1,640,649.056742501507,-83.8382301080796,732.894972609587,637.904511536161,637.988011159408,2.08749058116568,36.3166802376595,35.0537978831973,35.0542436803306,0.30708288567029,2.70746587192686,0.372062065118352
"cloglog",16000,585,50,0,320,384.657121523326,-41.8781502064642,426.535271729791,317.928620668049,317.970015729658,2.06975308042185,25.4896214652721,25.0438308682665,25.0439613479976,2.61786943153275,4.33500995000322,0.00613655126136505
"cloglog",16000,585,50,1,320,385.046027483009,-41.9691348193855,427.015162302394,317.925854218386,317.967232026471,2.06889040425475,25.4894028646541,25.0435449492818,25.0439613479976,2.63325797081335,4.35433284292489,0.00590479373397239
"cloglog",16000,586,2,0,8000,7100.48364058109,-1147.82607818126,8248.30971876235,7997.47900134607,7998.73945438795,2.52090608375696,154.458131373743,89.4427167247442,89.4427190999916,-5.80736897945835,2.79028045561768,0.999999999999918
"cloglog",16000,586,2,1,8000,7011.83207027681,-1147.89281980453,8159.72489008134,7997.41328106432,7998.67167889798,2.51679566731816,154.461179700146,89.4416818041999,89.4427190999916,-6.38076967106439,1.80065052372251,1
"cloglog",16000,586,5,0,3200,3047.92731956581,-459.15277729598,3507.08009686179,3197.77034100425,3198.21622958213,2.22944288943382,87.5052236114619,71.5541688455389,71.5541752799933,-1.71238944664332,4.31650415710081,0.971172327450778
"cloglog",16000,586,5,1,3200,2969.53069315245,-458.810144876999,3428.34083802945,3197.72557963825,3198.17152522021,2.2297279098169,87.5059264582091,71.5530930801126,71.5541752799933,-2.60776493343885,3.21676258706994,0.998246395204546
"cloglog",16000,586,10,0,1600,1639.95241548041,-229.574126588553,1869.52654206896,1597.85912638522,1598.0731760773,2.14049692080114,59.2814189756004,53.6656170049739,53.665631459995,0.710058730417848,5.05823618810712,0.227394235025084
"cloglog",16000,586,10,1,1600,1571.64725971722,-229.382912079323,1801.03017179654,1597.83884323754,1598.05242256018,2.13579322645683,59.2812847880881,53.6647481718736,53.665631459995,-0.44181875635704,3.78232929718172,0.676137412845546
"cloglog",16000,586,25,0,640,723.477626033451,-91.8838419425916,815.361467976043,637.912913368828,637.996361841764,2.08621182341765,36.4729882638649,35.0541931429168,35.0542436803306,2.34597483610619,5.05974008333773,0.0103844756948671
"cloglog",16000,586,25,1,640,704.222280300966,-91.7748486816167,795.997128982582,637.902932764673,637.986357436296,2.08561679058687,36.4726031621703,35.0536057016118,35.0542436803306,1.81833326350228,4.50768953389068,0.0350040653750942
"cloglog",16000,586,50,0,320,466.829198844544,-45.9708710379501,512.800069882494,317.930700260369,317.972052785149,2.0676262389833,25.5452699567276,25.0438268017643,25.0439613479976,5.82880896684206,7.77948269006636,1.01207692962077e-07
"cloglog",16000,586,50,1,320,454.956868746006,-45.8829437848885,500.839812530894,317.924111325126,317.965487332224,2.06880035487567,25.5449161693933,25.0434001650127,25.0439613479976,5.36438469839512,7.3022961735906,6.8894042020379e-07
"cloglog",16000,587,2,0,8000,6839.16077368483,-1092.83818591764,7931.99895960247,7997.48338279364,7998.74164458858,2.51652358988664,149.524897856623,89.4427167667561,89.4427190999916,-7.74668717860954,-0.746205922614797,1
"cloglog",16000,587,2,1,8000,6915.73435065694,-1092.40020391201,8008.13455456895,7997.43071990634,7998.6948297448,2.52821967691881,149.515775255656,89.4421054989782,89.4427190999916,-7.23466381657595,0.105540056011518,1
"cloglog",16000,587,5,0,3200,3004.40233982377,-437.110088809378,3441.51242863315,3197.75851998071,3198.20677214488,2.24126082082669,86.1233203205876,71.5541688615442,71.5541752799933,-2.24510828701436,3.40030022512121,0.993110955278818
"cloglog",16000,587,5,1,3200,2845.82551860005,-436.85635361846,3282.68187221851,3197.74239228111,3198.18850885976,2.23058289324234,86.1188505722203,71.5535215823212,71.5541752799933,-4.08640932087152,1.18084143855227,0.999997538454082
"cloglog",16000,587,10,0,1600,1509.53130632439,-218.568662082504,1728.09996840689,1597.85598042386,1598.07034372338,2.14363299514485,58.7733140766206,53.6656167217653,53.665631459995,-1.50280234298732,2.42295966442845,0.943277792350973
"cloglog",16000,587,10,1,1600,1461.36614005211,-218.420349563855,1679.78648961596,1597.83878185052,1598.05338229503,2.14600444518449,58.7712259445635,53.6651011614785,53.665631459995,-2.32209962622077,1.52302158296496,0.993385379178848
"cloglog",16000,587,25,0,640,680.639423094821,-87.4105389779612,768.049962072782,637.91288923204,637.996339189621,2.08624893953316,36.341189790064,35.0541940435244,35.0542436803306,1.17570542157822,3.71007311483706,0.117685620806623
"cloglog",16000,587,25,1,640,689.964497007283,-87.37238320064,777.336880207923,637.907639265403,637.991044521539,2.08513140341038,36.3404001594956,35.0538405551574,35.0542436803306,1.43247893565855,3.97519454300941,0.0755654099529866
"cloglog",16000,587,50,0,320,401.200899651044,-43.7045246769718,444.905424328015,317.932980176159,317.974287439413,2.06536316269354,25.4982748704058,25.0438284191337,25.0439613479976,3.26562953368772,5.06835994738033,0.00105410632068237
"cloglog",16000,587,50,1,320,415.724610096893,-43.71151841219,459.436128509083,317.926890842271,317.96825584828,2.06825030045009,25.4978632569693,25.0435761188638,25.0439613479976,3.83552607012631,5.64886867551809,0.000183520451252299
"cloglog",16000,588,2,0,8000,6886.8669181383,-1018.72523446647,7905.59215260478,7997.47171007491,7998.73580564264,2.52819113546303,147.539718588761,89.4427165577495,89.4427190999916,-7.52749701951248,-1.04137772892582,1
"cloglog",16000,588,2,1,8000,7013.74605123081,-1018.96434077691,8032.71039200772,7997.1664389379,7998.42826380357,2.52364973134141,147.538830544886,89.4381766744188,89.4427190999916,-6.66550211951088,0.383305311879809,1
"cloglog",16000,588,5,0,3200,2833.79927857642,-407.476107714046,3241.27538629047,3197.77015224043,3198.21607871887,2.22963239219332,85.5737722718506,71.5541688588346,71.5541752799933,-4.25329939304,0.601772171465674,0.999998882188889
"cloglog",16000,588,5,1,3200,2865.51474578132,-407.454978372032,3272.96972415335,3197.56416812165,3198.01161671385,2.23724296095843,85.5703181115888,71.5494024077511,71.5541752799933,-3.880427578957,1.04764127885136,0.99999155415745
"cloglog",16000,588,10,0,1600,1474.13553522753,-203.765875979954,1677.90141120749,1597.8560971577,1598.0704495404,2.14352382699592,58.5722908392245,53.6656169463126,53.665631459995,-2.11227118074947,1.48756254394591,0.987404140013222
"cloglog",16000,588,10,1,1600,1488.58600659802,-203.504804998901,1692.09081159693,1597.7409013726,1597.95568462013,2.14783247522868,58.569009006201,53.6617762270928,53.665631459995,-1.86369714336504,1.75423054537791,0.975555440189288
"cloglog",16000,588,25,0,640,688.075408775429,-81.5272825569198,769.602691332349,637.913985539449,637.997392544492,2.08517512608186,36.2892236761685,35.0541952099562,35.0542436803306,1.3822677410683,3.75433804711846,0.0829797064293162
"cloglog",16000,588,25,1,640,649.592008352248,-81.404466468188,730.996474820436,637.866742984986,637.950127397946,2.08461032398728,36.2867373641232,35.0515467921607,35.0542436803306,0.323128123909382,2.65455752849401,0.366474438363439
"cloglog",16000,588,50,0,320,436.868164781194,-40.7900998071826,477.658264588377,317.933215588748,317.974517845093,2.06511281723655,25.4797611023461,25.0438270736282,25.0439613479976,4.66782042087103,6.37617191149813,1.05039130791155e-05
"cloglog",16000,588,50,1,320,401.502451660268,-40.7040580463715,442.206509706639,317.908555180415,317.949860669965,2.06527447747384,25.4778890207988,25.0418992970014,25.0439613479976,3.2810369968882,4.96194987300957,0.00101844277877101
"cloglog",16000,589,2,0,8000,6890.33213037394,-1030.97574747449,7921.30787784843,7997.46926794509,7998.73458503114,2.53063417209072,151.043771603599,89.4427167371579,89.4427190999916,-7.32990924297583,-0.865656925540846,1
"cloglog",16000,589,2,1,8000,7044.87538173217,-1031.9213431133,8076.79672484547,7997.4469104332,7998.70705850879,2.52029615118122,151.048553755584,89.4422272005885,89.4427190999916,-6.30639291152975,0.873073812904378,0.999999999999998
"cloglog",16000,589,5,0,3200,2777.45618669745,-412.382694541511,3189.83888123896,3197.75576778928,3198.20457176229,2.24401986504935,86.5463476862211,71.5541691099009,71.5541752799933,-4.8563526056079,-0.11691408938698,0.999999981009054
"cloglog",16000,589,5,1,3200,2789.85833839623,-412.889523805716,3202.74786220195,3197.7364999924,3198.18502368013,2.24261843864148,86.5481495893993,71.5536687200879,71.5541752799933,-4.71273116214752,0.0637680583461072,0.9999999508377
"cloglog",16000,589,10,0,1600,1421.19341090956,-206.185447241096,1627.37885815065,1597.85111491677,1598.06596606669,2.14851149919039,58.9284614161287,53.6656172432486,53.665631459995,-2.99783330095331,0.546213639006481,0.99940023600591
"cloglog",16000,589,10,1,1600,1478.01778275455,-206.380726675575,1684.39850943013,1597.84180992086,1598.05642730669,2.14617385827424,58.9290035744555,53.6652124429314,53.665631459995,-2.03336251927148,1.60890227007398,0.984845803083677
"cloglog",16000,589,25,0,640,594.021626075071,-82.3934763017235,676.415102376795,637.907039626588,637.99072383072,2.09210510331311,36.3813672138921,35.0541944756942,35.0542436803306,-1.20626070190014,1.09614210569629,0.892857305940452
"cloglog",16000,589,25,1,640,670.38338012941,-82.5593180313101,752.94269816072,637.904047034922,637.987654550925,2.09018790007516,36.3813539659732,35.0539216880785,35.0542436803306,0.892746683503442,3.27937754390801,0.181345916913581
"cloglog",16000,589,50,0,320,343.81642261036,-41.2009122823087,385.017334892669,317.927622983709,317.969037630301,2.07073232961214,25.5125950321698,25.0438293613884,25.0439613479976,1.01474583804616,2.67723822482757,0.15303756831543
"cloglog",16000,589,50,1,320,382.520417683408,-41.2628534712854,423.783271154693,317.925932589873,317.967330884335,2.06991472309675,25.512491087382,25.0436317429905,25.0439613479976,2.53187683132527,4.22526338656834,0.0075626669931493
"cloglog",16000,590,2,0,8000,7009.37783094239,-985.842717666656,7995.22054860904,7997.47264328125,7998.73627543226,2.52726430201191,149.296883913545,89.442716689932,89.4427190999916,-6.61832173879162,-0.0393070218942605,1
"cloglog",16000,590,2,1,8000,7111.88499751588,-988.208265219648,8100.09326273553,7997.2005882278,7998.46065070451,2.52012495342203,149.272384272677,89.4386679676777,89.4427190999916,-5.93087324909818,1.13633861438702,0.99999999999983
"cloglog",16000,590,5,0,3200,2844.86905356543,-394.375987559437,3239.24504112487,3197.75961656528,3198.20765068948,2.24017062097338,86.0600044682226,71.554169099897,71.5541752799933,-4.10051760025364,0.573515015988738,0.999997685898114
"cloglog",16000,590,5,1,3200,2958.28001292651,-395.706705911391,3353.9867188379,3197.58691930053,3198.03385719115,2.23468945311023,86.046536471002,71.5498951295587,71.5541752799933,-2.78113351435898,2.17963787877483,0.998920346092818
"cloglog",16000,590,10,0,1600,1457.23244845659,-197.168539646848,1654.40098810344,1597.8599365078,1598.07390521955,2.13968711753551,58.750124376598,53.6656171709499,53.665631459995,-2.39365430360219,1.04959349865405,0.994694199186907
"cloglog",16000,590,10,1,1600,1508.23685536413,-198.022331197876,1706.259186562,1597.75760234015,1597.97181106084,2.14208720696109,58.742837752245,53.6621533226263,53.665631459995,-1.52394318016413,2.01794689173421,0.945938889416302
"cloglog",16000,590,25,0,640,600.679028611872,-78.9358981172168,679.614926729089,637.91377871082,637.997193883308,2.08537931220109,36.3351920150031,35.0541951944302,35.0542436803306,-1.02475721288535,1.18723971881097,0.852479373769601
"cloglog",16000,590,25,1,640,662.046022263933,-79.1142501056424,741.160272369576,637.870184121616,637.953645549236,2.08653569050865,36.3317842396259,35.0518412908129,35.0542436803306,0.665418411131865,2.94439958129647,0.247148602352962
"cloglog",16000,590,50,0,320,356.642647370988,-39.4961186591335,396.138766030122,317.931192968247,317.972536524816,2.06717782845818,25.4961425177618,25.043830667002,25.0439613479976,1.51832593404171,3.12117704933607,0.0667483552996989
"cloglog",16000,590,50,1,320,364.977938058369,-39.5796269284894,404.557564986858,317.90910227019,317.950451473654,2.06746017318944,25.4940378138251,25.042113276566,25.0439613479976,1.84626837584174,3.45845865948741,0.0355867532236588
"cloglog",16000,591,2,0,8000,6957.57755706665,-1042.6598598425,8000.23741690915,7997.47454626563,7998.73722660612,2.52536068098265,150.425275312326,89.4427167574407,89.4427190999916,-6.91304694001625,0.0167726379230866,1
"cloglog",16000,591,2,1,8000,6931.46549154257,-1042.58725087403,7974.0527424166,7997.44747684927,7998.71386298533,2.53277227211211,150.42842829152,89.4424183284449,89.4427190999916,-7.08630674011231,-0.275720637138507,1
"cloglog",16000,591,5,0,3200,2818.59389678249,-417.029669757486,3235.62356653998,3197.75994336858,3198.20791165171,2.23984141563895,86.373824142281,71.5541689857786,71.5541752799933,-4.3898258569807,0.522899719451791,0.999999604161512
"cloglog",16000,591,5,1,3200,2769.48831224707,-416.922620180806,3186.41093242788,3197.74158311312,3198.19068279394,2.24549840411464,86.3750373513952,71.5538615613562,71.5541752799933,-4.95806756208749,-0.164627737888947,0.999999989860281
"cloglog",16000,591,10,0,1600,1507.89517727474,-208.47538282248,1716.37056009722,1597.85055413972,1598.06546053146,2.14906391747973,58.8651415624244,53.6656168904976,53.665631459995,-1.52816037602805,2.20448597110418,0.946624806428977
"cloglog",16000,591,10,1,1600,1491.18515463711,-208.418917164951,1699.60407180206,1597.84113731873,1598.05627258944,2.15135270707035,58.8655215249619,53.6653685027475,53.665631459995,-1.81185828170041,1.89224078853439,0.972658012089946
"cloglog",16000,591,25,0,640,683.439137166795,-83.4958618042814,766.934998971077,637.909821181553,637.993393877469,2.08931739788906,36.3649592976316,35.0541939966097,35.0542436803306,1.25201064058958,3.67835030256517,0.103545578727247
"cloglog",16000,591,25,1,640,687.797151381943,-83.4528207369326,771.249972118875,637.906676108048,637.990251747915,2.0893909966712,36.3649623468958,35.0540233317178,35.0542436803306,1.37193804294297,3.80155279495075,0.0841177259712499
"cloglog",16000,591,50,0,320,394.523199213837,-41.7416812239786,436.264880437815,317.929928550803,317.971296387489,2.06839183426136,25.506743432592,25.0438265915709,25.0439613479976,3.00286357078277,4.72346283096134,0.00221207862833819
"cloglog",16000,591,50,1,320,403.34117998735,-41.7309080237225,445.072088011073,317.929734704949,317.97107511882,2.06702069357872,25.5066831110748,25.0437032386621,25.0439613479976,3.34859083442789,5.07516846374526,0.000824199008310565
"cloglog",16000,592,2,0,8000,6912.62471302597,-1112.7452678412,8025.36998086717,7997.46980929957,7998.73485524556,2.53009189196673,153.585495766364,89.4427165905043,89.4427190999916,-7.06346058825685,0.297789765750899,1
"cloglog",16000,592,2,1,8000,6863.82162683585,-1116.32982347096,7980.15145030682,7997.12993328664,7998.39446991554,2.52907325780974,153.558039572919,89.4376088801052,89.4427190999916,-7.38032544308836,-0.203974813695899,1
"cloglog",16000,592,5,0,3200,2917.76377235774,-444.999300474749,3362.76307283249,3197.75788601505,3198.20626594124,2.24189963095224,87.2591267471947,71.5541689024487,71.5541752799933,-3.20876593767087,2.29975149478151,0.999843064579618
"cloglog",16000,592,5,1,3200,2895.31025330062,-446.831344651475,3342.1415979521,3197.53597891651,3197.9849795795,2.24500331493596,87.2433232294996,71.5488391657009,71.5541752799933,-3.46417025886169,2.01480024069634,0.999952470946373
"cloglog",16000,592,10,0,1600,1534.88602465508,-222.492843563977,1757.37886821906,1597.85374272401,1598.06833022529,2.14587501283478,59.1906602547076,53.6656168444644,53.665631459995,-1.06381171958486,2.96857741252634,0.868562083244898
"cloglog",16000,592,10,1,1600,1537.80707893143,-222.989473894504,1760.79655282593,1597.72589897162,1597.940967178,2.15068206379439,59.1819883914795,53.6613265394312,53.665631459995,-1.01245026854868,3.03487811707856,0.856918400201511
"cloglog",16000,592,25,0,640,696.477039855754,-88.9762760330465,785.4533158888,637.910602629866,637.994143647285,2.0885254354905,36.4494009925463,35.0541934417126,35.0542436803306,1.60678737183814,4.20660576563277,0.0539101270489572
"cloglog",16000,592,25,1,640,674.323262133098,-89.1114827206834,763.434744853781,637.857083040432,637.940658739768,2.08939248339121,36.4452379608954,35.0512660715794,35.0542436803306,1.00057459171463,3.58030108977341,0.15463555957227
"cloglog",16000,592,50,0,320,399.171113505674,-44.4592524762025,443.630365981877,317.93271466811,317.974027062941,2.06561974155624,25.5368510843131,25.0438275326196,25.0439613479976,3.18122224895096,5.01745744556291,0.00132611668913702
"cloglog",16000,592,50,1,320,412.306186642149,-44.4951284339794,456.801315076128,317.899744677124,317.941180378547,2.07178507112487,25.5342832711504,25.0417139706195,25.0439613479976,3.69724268202541,5.5451529739738,0.000281511157520891
"cloglog",16000,593,2,0,8000,7076.5048256586,-942.547089856908,8019.05191551551,7997.46546622971,7998.73268503183,2.53443760423793,146.678118752423,89.4427166819486,89.4427190999916,-6.27878683203998,0.227175909201551,0.999999999999983
"cloglog",16000,593,2,1,8000,7048.37072345627,-944.030821479183,7992.40154493546,7997.31779035874,7998.58087206363,2.52616340976545,146.658807935388,89.4403806611635,89.4427190999916,-6.47044033877962,-0.0690887838634928,0.999999999999997
"cloglog",16000,593,5,0,3200,2856.29451208328,-376.999244850478,3233.29375693375,3197.75966710596,3198.20769094741,2.24011920728616,85.3364560710261,71.5541690361429,71.5541752799933,-4.00139835592045,0.490342721590643,0.999995215067489
"cloglog",16000,593,5,1,3200,2994.08598281698,-377.02850297191,3371.11448578889,3197.66004640903,3198.10800689112,2.2398024104151,85.3266283077837,71.5517577292902,71.5541752799933,-2.38582102245659,2.41792073861179,0.995306700216541
"cloglog",16000,593,10,0,1600,1477.78277574864,-188.499749560963,1666.2825253096,1597.85351539751,1598.06812660529,2.14611207780225,58.4856667336294,53.6656171865605,53.665631459995,-2.05299428654422,1.27110060930029,0.985012341597937
"cloglog",16000,593,10,1,1600,1525.34272845846,-188.599803426224,1713.94253188469,1597.79502813435,1598.00989086592,2.14862731573699,58.4806700918301,53.6636733627017,53.665631459995,-1.23891021703613,2.16035604262864,0.902061668766614
"cloglog",16000,593,25,0,640,690.752968896252,-75.3971413049774,766.15011020123,637.909562754287,637.993146339544,2.08958963143022,36.2668633995709,35.0541948772845,35.0542436803306,1.45707130941439,3.65596654866356,0.0726282276730242
"cloglog",16000,593,25,1,640,682.232813455884,-75.4623961692841,757.695209625168,637.888253960786,637.971724686982,2.08676815490641,36.2646858570826,35.0528563189822,35.0542436803306,1.22280280242486,3.41551295702404,0.109474521362909
"cloglog",16000,593,50,0,320,400.413415103774,-37.6747968656353,438.08821196941,317.930119565041,317.971484215512,2.0682325235666,25.4718030717731,25.0438290784518,25.0439613479976,3.23821974071943,4.79626048307638,0.00115279873279678
"cloglog",16000,593,50,1,320,375.741752568831,-37.7168642605619,413.458616829393,317.918781919701,317.960129448144,2.06737642218204,25.4705388024317,25.0428687445345,25.0439613479976,2.27019032057578,3.81340046763175,0.014257128890756
"cloglog",16000,594,2,0,8000,6950.8527369193,-1136.40047772153,8087.25321464083,7997.47905210623,7998.7394771018,2.52084999114608,161.543975882879,89.4427165783059,89.4427190999916,-6.47889411825385,0.989613698299653,1
"cloglog",16000,594,2,1,8000,6881.78035190051,-1136.81397867093,8018.59433057144,7997.45817060365,7998.72000828813,2.52367536896418,161.538877372135,89.4424259702201,89.4427190999916,-6.90655919400114,0.22220240638293,1
"cloglog",16000,594,5,0,3200,2891.92231508045,-454.570756650737,3346.49307173119,3197.7651823219,3198.21210072856,2.23459203329029,89.5289165229602,71.5541685065032,71.5541752799933,-3.41613502228657,2.07228976449007,0.999960624063089
"cloglog",16000,594,5,1,3200,2837.82913242026,-454.778848281029,3292.60798070129,3197.74591500846,3198.19439738405,2.24241187794736,89.5264169448508,71.5538847335551,71.5541752799933,-4.02022994855157,1.31947529709677,0.999998539185229
"cloglog",16000,594,10,0,1600,1462.8134389398,-227.28199808543,1690.09543702523,1597.85902315376,1598.0730813363,2.14058182535295,60.0320845549292,53.6656161744992,53.665631459995,-2.24955680308575,1.71473584482315,0.992864504751222
"cloglog",16000,594,10,1,1600,1471.83592130852,-227.440956955552,1699.27687826407,1597.84670626774,1598.06134996102,2.14643693281835,60.0309340893982,53.6653892362187,53.665631459995,-2.0990975214806,1.8860485266869,0.988737722302331
"cloglog",16000,594,25,0,640,651.773803620234,-90.9365803254322,742.710383945666,637.9158711885,637.99920042274,2.08323085600605,36.668909197733,35.0541917673947,35.0542436803306,0.377920498180272,2.9871230299003,0.344032203755454
"cloglog",16000,594,25,1,640,681.129141503047,-91.018082080373,772.14722358342,637.908311362326,637.991834894004,2.08808829194422,36.6685009459171,35.0540410094434,35.0542436803306,1.17869094797379,3.82710194962331,0.115115507503603
"cloglog",16000,594,50,0,320,410.844164346449,-45.4329749291949,456.277139275644,317.932572759105,317.973887229637,2.06572352661478,25.6152829905356,25.0438241665595,25.0439613479976,3.62719364145514,5.52244941212616,0.000337010283365374
"cloglog",16000,594,50,1,320,430.796142332975,-45.4107405511986,476.206882884174,317.929161436496,317.970516821771,2.06776926375897,25.6150777998143,25.0437162369243,25.0439613479976,4.40627125080596,6.31840596520976,2.47818917483861e-05
"cloglog",16000,595,2,0,8000,7010.9791803864,-1085.40498322205,8096.38416360845,7997.46828803872,7998.73409658476,2.53161709208232,154.973898128665,89.4427166388297,89.4427190999916,-6.36551780373556,1.09176096940347,1
"cloglog",16000,595,2,1,8000,7006.22266129703,-1084.73747843333,8090.96013973037,7997.4044488597,7998.66891776871,2.52893781801301,154.977769730981,89.4417079133586,89.4427190999916,-6.39563847952656,1.03185889575209,1
"cloglog",16000,595,5,0,3200,2882.36843507616,-434.125556945124,3316.49399202129,3197.76302303805,3198.21037555049,2.23676256216412,87.6510165827292,71.5541688813445,71.5541752799933,-3.59829925833444,1.65306394190593,0.999977100423057
"cloglog",16000,595,5,1,3200,2840.07700969253,-433.873195516928,3273.95020520946,3197.71444868482,3198.16294526428,2.2424828972845,87.6521596938928,71.5531238380295,71.5541752799933,-4.08018969802069,1.05917472054387,0.999998306297687
"cloglog",16000,595,10,0,1600,1500.48224693082,-217.040112521499,1717.52235945232,1597.85321929252,1598.06785940526,2.14640112740311,59.335237543445,53.6656168768577,53.665631459995,-1.64103113753269,2.2259037908978,0.959898059429914
"cloglog",16000,595,10,1,1600,1499.83415057059,-216.771799321997,1716.60594989258,1597.82396540234,1598.03913717827,2.15171775935887,59.3353021952872,53.6647820943565,53.665631459995,-1.65145893264754,2.20939707732051,0.960919917461915
"cloglog",16000,595,25,0,640,676.537966443592,-86.8109820403226,763.348948483915,637.906369744127,637.990080448296,2.09276760423531,36.4869890063309,35.0541938337589,35.0542436803306,1.05877732724842,3.57614465847143,0.14086517454903
"cloglog",16000,595,25,1,640,687.977105348968,-86.6984198220656,774.675525171034,637.896786650861,637.980468440425,2.09204473911591,36.4866666964811,35.0536209943748,35.0542436803306,1.37256491843191,3.89959875336545,0.083380383512712
"cloglog",16000,595,50,0,320,417.816926323996,-43.3586067993769,461.175533123373,317.925602669247,317.967057563079,2.07274469158311,25.5502681939115,25.0438285688329,25.0439613479976,3.90959980915398,5.71831400165858,0.000140552265396651
"cloglog",16000,595,50,1,320,420.272973595119,-43.341561557378,463.614535152497,317.923506981433,317.96489804672,2.06955326435284,25.5499421978818,25.0434119763775,25.0439613479976,4.00585902782086,5.81588631945051,0.000102287373872107
"cloglog",16000,596,2,0,8000,7008.09809180204,-1052.54777452017,8060.64586632221,7997.48156646307,7998.74073523223,2.51833753831527,146.367252695884,89.4427168314708,89.4427190999916,-6.75959585520626,0.692120423920376,1
"cloglog",16000,596,2,1,8000,7048.31656449145,-1052.17192284576,8100.48848733721,7997.36735481457,7998.62617383309,2.51763803705017,146.354491073128,89.4410481977954,89.4427190999916,-6.48460312604221,1.13887656234585,0.999999999999997
"cloglog",16000,596,5,0,3200,2898.5706706925,-420.955492227025,3319.52616291953,3197.76936404582,3198.21544892088,2.23042437528971,85.2510165580151,71.554169231468,71.5541752799933,-3.50962024188547,1.69536891143577,0.999943147331
"cloglog",16000,596,5,1,3200,2887.81743740256,-421.80366293542,3309.62110033798,3197.68961847325,3198.13708528335,2.23733405048498,85.244192425522,71.5524110216885,71.5541752799933,-3.63511193259794,1.55807489171596,0.999968740442504
"cloglog",16000,596,10,0,1600,1580.30797016527,-210.487923658692,1790.79589382396,1597.85529593324,1598.06972945196,2.14433518725167,58.4545139595917,53.665617568979,53.665631459995,-0.300187694317288,3.59124096772537,0.618791434760349
"cloglog",16000,596,10,1,1600,1582.51916123399,-211.183913578629,1793.70307481261,1597.81473604981,1598.02913665092,2.14400601106936,58.4510151806161,53.664197520189,53.665631459995,-0.261681936037607,3.64626598745058,0.603695140306107
"cloglog",16000,596,25,0,640,736.99011501559,-84.1241681455527,821.114283161142,637.913102262517,637.996544559168,2.086057416259,36.2588308447564,35.0541954177721,35.0542436803306,2.73249331114053,5.22384657298784,0.00393004305985961
"cloglog",16000,596,25,1,640,768.233846710382,-84.4211952242297,852.655041934611,637.895425766292,637.978877941895,2.08630439006611,36.257286804225,35.0532278926051,35.0542436803306,3.5948200329458,6.12429088272367,0.000288665955367183
"cloglog",16000,596,50,0,320,455.003444864139,-42.0468571795583,497.050302043698,317.93019990328,317.971563985033,2.06820408764421,25.4689549367249,25.0438334934633,25.0439613479976,5.38197367349402,7.15061207004933,6.83910303648399e-07
"cloglog",16000,596,50,1,320,439.666379790487,-42.1983131490527,481.86469293954,317.923270243151,317.964594930395,2.06623436223731,25.4680433459718,25.0431322160125,25.0439613479976,4.7802301846872,6.54471240240257,7.00407187068403e-06
"cloglog",16000,597,2,0,8000,7059.38532178983,-1090.21778906315,8149.60311085298,7997.47562485322,7998.73776727453,2.52428484261308,149.904351977812,89.4427166717811,89.4427190999916,-6.25792574189073,1.68672586424298,0.999999999999994
"cloglog",16000,597,2,1,8000,7079.41499697229,-1090.36099304908,8169.77599002137,7997.39849980667,7998.66648364137,2.53596766939814,149.893881887089,89.4417212331459,89.4427190999916,-6.12422262521614,1.91308378261153,0.999999999999979
"cloglog",16000,597,5,0,3200,2834.83131333134,-436.025275841401,3270.85658917274,3197.75699415011,3198.20555291645,2.24279383173861,86.2287980577482,71.5541690503163,71.5541752799933,-4.20886860298933,1.01532918655238,0.999998802533598
"cloglog",16000,597,5,1,3200,2895.58220366474,-436.449435815913,3332.03163948065,3197.71824393902,3198.16594357439,2.23849817681829,86.2234799718584,71.5531275407406,71.5541752799933,-3.50410399084909,1.87085736860411,0.999951751927596
"cloglog",16000,597,10,0,1600,1532.66552350478,-218.034651762043,1750.70017526682,1597.84754262415,1598.06275113939,2.15208515238416,58.8119629317693,53.6656172315556,53.665631459995,-1.1083122526447,2.84423122292326,0.876972958141604
"cloglog",16000,597,10,1,1600,1562.58222802994,-218.210654496517,1780.79288252646,1597.82951302824,1598.04412397232,2.1461094408283,58.8093884400143,53.6647834874777,53.665631459995,-0.599347926126538,3.40537586621931,0.732163636775747
"cloglog",16000,597,25,0,640,710.702589114227,-87.1608852333071,797.863474347534,637.909807954928,637.993381450092,2.08933737908518,36.35119412588,35.0541944189515,35.0542436803306,2.00248665579528,4.5606551668753,0.023782755080019
"cloglog",16000,597,25,1,640,695.574794368156,-87.321775567529,782.896569935685,637.900984042618,637.984496586567,2.08781359873722,36.3501345245685,35.0536200922694,35.0542436803306,1.58661889645986,4.13401163610706,0.0565705510007794
"cloglog",16000,597,50,0,320,429.81503755235,-43.5967782996069,473.411815851957,317.927540439377,317.968956902229,2.07082314261769,25.5018412636078,25.0438299877128,25.0439613479976,4.38742818435784,6.20683254222665,2.83909323569971e-05
"cloglog",16000,597,50,1,320,412.271254210322,-43.6609972437078,455.93225145403,317.924654195701,317.966023441991,2.06846231445781,25.5012521629884,25.0434167317031,25.0439613479976,3.69968499631371,5.50908166765377,0.000282730125140463
"cloglog",16000,598,2,0,8000,7130.77121871576,-1039.68955016426,8170.46076888003,7997.47338702159,7998.73664615616,2.52651826913816,149.417163617375,89.4427168087737,89.4427190999916,-5.80055294400627,1.91993410811755,0.999999999999446
"cloglog",16000,598,2,1,8000,7058.54679154223,-1042.21333747481,8100.76012901703,7996.08607410714,7997.34702549052,2.52190276676272,149.318610098689,89.4218965900592,89.4427190999916,-6.2787838833034,1.15646287397138,0.999999999999995
"cloglog",16000,598,5,0,3200,2955.63451787512,-415.867161272021,3371.50167914714,3197.76203918932,3198.20958921463,2.23775012654796,86.0934021641474,71.5541691615924,71.5541752799933,-2.81238184608564,2.42183078865977,0.999039744165457
"cloglog",16000,598,5,1,3200,2963.04936239261,-415.867136613495,3378.9164990061,3196.87507500825,3197.3236579873,2.24291489524005,86.0374850475926,71.5327982483599,71.5541752799933,-2.71771905566859,2.53859551793736,0.998670382367693
"cloglog",16000,598,10,0,1600,1524.30053534743,-207.941392682503,1732.24192802994,1597.86447756612,1598.07799299074,2.13515424611493,58.7623516410696,53.6656174429228,53.665631459995,-1.25188900995713,2.49999797695224,0.905308990524034
"cloglog",16000,598,10,1,1600,1575.79773622443,-207.79264725435,1783.59038347878,1597.3599915286,1597.57361126294,2.1361973433755,58.730426204736,53.648127438026,53.665631459995,-0.367139431765817,3.46734883581402,0.649050019931344
"cloglog",16000,598,25,0,640,701.632271732124,-83.1784035702702,784.810675302394,637.915979845037,637.999306920722,2.08317689213101,36.3383544653277,35.0541951659292,35.0542436803306,1.75341709399311,4.18812549216261,0.0405903178757435
"cloglog",16000,598,25,1,640,701.86178373241,-83.255627707487,785.117411439897,637.707042713658,637.790139967654,2.07743134990041,36.3224500884113,35.0422824798069,35.0542436803306,1.76625587928663,4.20427155557404,0.0400671559216409
"cloglog",16000,598,50,0,320,422.522995862232,-41.5867679698171,464.109763832049,317.934840098,317.976110823381,2.06353626907495,25.4972700155037,25.0438311330233,25.0439613479976,4.10193545036929,5.83511573099427,7.61160019214618e-05
"cloglog",16000,598,50,1,320,418.605374324999,-41.5819798047574,460.187354129756,317.827836867313,317.869057268955,2.06102008210065,25.4871786227928,25.0352041944876,25.0439613479976,3.9540483844517,5.6847268252814,0.000126990038167891
"cloglog",16000,599,2,0,8000,6952.88630056667,-1072.3948913099,8025.28119187657,7997.4765327533,7998.73822112524,2.52337674387065,145.457918092122,89.4427168581762,89.4427190999916,-7.18139133220007,0.296759442061974,1
"cloglog",16000,599,2,1,8000,6931.63414963341,-1072.66595970166,8004.30010933506,7997.47724033589,7998.73783819355,2.52119571531898,145.456966006739,89.4426954671968,89.4427190999916,-7.32754930866014,0.0621880983401047,1
"cloglog",16000,599,5,0,3200,2720.11003198676,-428.975736475193,3149.08576846195,3197.7547078865,3198.20372477436,2.24508443928092,85.0016235192535,71.5541691847849,71.5541752799933,-5.61924179944111,-0.686444366163539,0.999999999844991
"cloglog",16000,599,5,1,3200,2873.38404384527,-429.065987483952,3302.45003132922,3197.75613590815,3198.20468376038,2.24273926116692,85.0011963608359,71.5541470817406,71.5541752799933,-3.81608854875284,1.4568735960161,0.999986455373315
"cloglog",16000,599,10,0,1600,1440.0025429425,-214.490119544482,1654.49266248698,1597.85230286965,1598.06703556007,2.14732690420952,58.3636403493798,53.6656173366813,53.665631459995,-2.70459071747784,1.05142975572082,0.998016013277568
"cloglog",16000,599,10,1,1600,1500.97865053117,-214.533847589888,1715.51249812106,1597.85304313152,1598.0676508175,2.14607685989415,58.363455633536,53.6655995832308,53.665631459995,-1.6598467576803,2.18845681806664,0.959100987703269
"cloglog",16000,599,25,0,640,686.930152031176,-85.7854941245192,772.715646155695,637.909345525001,637.992938423282,2.08982245702709,36.2353986687964,35.0541957329433,35.0542436803306,1.35284302938795,3.84326911274141,0.0877407413975783
"cloglog",16000,599,25,1,640,717.068262919401,-85.7801731390649,802.848436058466,637.907269598262,637.990936750417,2.09167880387565,36.2353414456594,35.0541835730341,35.0542436803306,2.18463494927605,4.70293364455555,0.0159119801321661
"cloglog",16000,599,50,0,320,445.917781069328,-42.9486254591135,488.866406528442,317.927063938055,317.968489911061,2.07129865026626,25.4606072714089,25.0438299472718,25.0439613479976,5.02700959827461,6.82395292482002,2.77172589284861e-06
"cloglog",16000,599,50,1,320,443.00506721371,-42.9163331741897,485.9214003879,317.925844038256,317.967292104921,2.07240333325188,25.460581903175,25.0438208872521,25.0439613479976,4.91266160573716,6.70640909943863,4.28486530349355e-06
"cloglog",16000,600,2,0,8000,7003.83748207588,-1069.31361786399,8073.15109993987,7997.48027827745,7998.74009150979,2.51962646467177,149.351951082802,89.4427167611915,89.4427190999916,-6.65302856104428,0.831940387373925,1
"cloglog",16000,600,2,1,8000,7089.54972437654,-1068.691621257,8158.24134563355,7997.29390184941,7998.55578953964,2.52377538046685,149.3323547702,89.4400467972847,89.4427190999916,-6.07868387845184,1.78539213486583,0.99999999999996
"cloglog",16000,600,5,0,3200,2890.79787545089,-427.758816157624,3318.55669160852,3197.76672114986,3198.21333335312,2.23306101631262,86.0752944072943,71.5541689140556,71.5541752799933,-3.56628284355836,1.68184971025152,0.999963025370891
"cloglog",16000,600,5,1,3200,2952.33809360189,-427.88760351554,3380.22569711743,3197.64993270144,3198.09640622091,2.23236759731226,86.0647596966404,71.551336903189,71.5541752799933,-2.85031690048551,2.5454351907211,0.999171612282241
"cloglog",16000,600,10,0,1600,1477.08445547294,-213.850589449927,1690.93504492286,1597.85637223979,1598.0706967335,2.14324493704259,58.7557201712366,53.6656168580675,53.665631459995,-2.05549206808936,1.73042543114656,0.985498058585193
"cloglog",16000,600,10,1,1600,1501.28445432955,-213.907167952503,1715.19162228205,1597.7907405459,1598.00506934244,2.14328796541778,58.7502775206266,53.6633396695451,53.665631459995,-1.64265243142842,2.18373574326973,0.958603685526599
"cloglog",16000,600,25,0,640,743.648274937235,-85.5649294264498,829.213204363685,637.914755303747,637.998131024475,2.08439301819497,36.3366389990572,35.0541946064507,35.0542436803306,2.90983212938962,5.45484143869113,0.00234999641243801
"cloglog",16000,600,25,1,640,756.567770166203,-85.6545088149279,842.222278981131,637.886928887791,637.970296993534,2.08420264357631,36.3342221170483,35.0526406932311,35.0542436803306,3.2663652711785,5.82700698002017,0.000811348098033212
"cloglog",16000,600,50,0,320,457.883117667938,-42.7893677892146,500.672485457153,317.934244118725,317.97552611806,2.06409996675546,25.4966558032738,25.043828549612,25.0439613479976,5.48891096263862,7.29508904667545,4.33423896854e-07
"cloglog",16000,600,50,1,320,457.292199457233,-42.8344120547826,500.126611512016,317.918941572335,317.96024327144,2.06508495524718,25.4952100914992,25.0427008682482,25.0439613479976,5.46664480836611,7.27423009199241,4.76180940910079e-07
