"scen","n","rep","m","oracle","G","HL","C","EF","mu","muEF","d","sdHL","sdEF","sdEF_simple","zHL","zEF","pHL_chisq"
"cloglog",16000,401,2,0,8000,6958.61183735468,-1046.5151126954,8005.12695005007,7997.46685940009,7998.73338195829,2.53304511639856,149.012917869061,89.4427168198568,89.4427190999916,-6.97157694045196,0.0714822661823274,1
"cloglog",16000,401,2,1,8000,7050.33227865462,-1047.6287872963,8097.96106595091,7997.12710548631,7998.38824648333,2.52228199404484,148.978717316756,89.4374556789655,89.4427190999916,-6.35523545835502,1.11332348076846,0.999999999999997
"cloglog",16000,401,5,0,3200,2831.17410472917,-418.595142882176,3249.76924761134,3197.75852700969,3198.20677952659,2.24126258446688,85.9812262378553,71.5541692225592,71.5541752799933,-4.26354029037015,0.720607459285532,0.999999062605767
"cloglog",16000,401,5,1,3200,2857.69466811683,-419.948880006538,3277.64354812337,3197.5363817045,3197.98447550142,2.24046898462719,85.9628804988571,71.5487702535252,71.5541752799933,-3.95335418747612,1.11335348378014,0.999994778467898
"cloglog",16000,401,10,0,1600,1485.59182995597,-209.301464228226,1694.8932941842,1597.85551678532,1598.06992816404,2.14411378712402,58.7212783611265,53.6656174808461,53.665631459995,-1.91180590686312,1.80419737189674,0.978572908206121
"cloglog",16000,401,10,1,1600,1515.78525653646,-209.87310130575,1725.65835784221,1597.73235585812,1597.94646792212,2.14112063995281,58.71147884137,53.6612288088355,53.665631459995,-1.39575941432287,2.37996581060525,0.928967783028926
"cloglog",16000,401,25,0,640,692.229014370598,-83.6708636476979,775.899878018296,637.913230386548,637.996667164201,2.0859194413318,36.3277306053424,35.0541948293409,35.0542436803306,1.49516039342305,3.93400023949967,0.0673713644130945
"cloglog",16000,401,25,1,640,682.995312538318,-84.0849533535794,767.080265891897,637.862054597832,637.945391446017,2.08342120464284,36.3232487127138,35.0512134209152,35.0542436803306,1.24254463848902,3.68417700395001,0.105698428225344
"cloglog",16000,401,50,0,320,393.568384467363,-41.8683835232826,435.436767990646,317.932315285933,317.973636583732,2.0660648899722,25.4934860528118,25.0438315531407,25.0439613479976,2.96687824586815,4.69030192754919,0.00245128722701582
"cloglog",16000,401,50,1,320,395.493590774479,-42.0388179040394,437.532408678518,317.905171162657,317.946485454276,2.06571458093499,25.4907737768085,25.0416652177603,25.0439613479976,3.04378440180625,4.77547807561249,0.00199117235540898
"cloglog",16000,402,2,0,8000,7103.51647760837,-1097.40091644833,8200.9173940567,7997.47388950825,7998.73689714883,2.5260152811621,152.90199905954,89.4427166521113,89.4427190999916,-5.84660382073727,2.26044673591768,0.9999999999999
"cloglog",16000,402,2,1,8000,7060.09478621388,-1097.28759964349,8157.38238585737,7997.37937307174,7998.63799921463,2.51725228578121,152.907542851589,89.4411935335974,89.4427190999916,-6.1297472274967,1.7748464703024,0.999999999999994
"cloglog",16000,402,5,0,3200,2887.2754520173,-438.900654335287,3326.17610635259,3197.76048333876,3198.20834377122,2.23930216230106,87.0668655856262,71.5541690278338,71.5541752799933,-3.5660527025187,1.78840400664277,0.999969685802421
"cloglog",16000,402,5,1,3200,2857.36201430877,-438.60658361351,3295.96859792228,3197.69903565926,3198.14608609863,2.23525219682996,87.0682954873631,71.5525760057034,71.5541752799933,-3.90885131545827,1.3671417198992,0.999994885503626
"cloglog",16000,402,10,0,1600,1507.6829073291,-219.448052574867,1727.13095990397,1597.85590767903,1598.07027862518,2.14370946149952,59.1198401776007,53.6656168547454,53.665631459995,-1.52525785047864,2.4049044591831,0.947047503767534
"cloglog",16000,402,10,1,1600,1530.69006547462,-219.185898657502,1749.87596413213,1597.82178222575,1598.03589493124,2.14112705489441,59.1197844700964,53.6643380147343,53.665631459995,-1.13552032289774,2.82944083199526,0.88413854810206
"cloglog",16000,402,25,0,640,659.150154302709,-87.7770583596924,746.927212662401,637.910270222698,637.993824750418,2.08886319297893,36.4310082863944,35.0541937304181,35.0542436803306,0.583016641017399,3.10757077312143,0.272827068795778
"cloglog",16000,402,25,1,640,733.510730838212,-87.7439881391437,821.254718977356,637.899097299192,637.982476544092,2.08448112249807,36.4304776801625,35.0533291523563,35.0542436803306,2.62449574168179,5.22838334803198,0.00509423663295374
"cloglog",16000,402,50,0,320,392.793012368647,-43.9261514687934,436.71916383744,317.9292269394,317.970608720215,2.06908904074866,25.5302944252489,25.043826256686,25.0439613479976,2.93235104077799,4.74162988914374,0.00266281019407728
"cloglog",16000,402,50,1,320,390.623313489902,-43.9052397311431,434.528553221046,317.925506761375,317.966804228755,2.06487336902791,25.5297918747938,25.0432009382617,25.0439613479976,2.84756754324755,4.65442693526466,0.0033469516050988
"cloglog",16000,403,2,0,8000,7008.82409108104,-1091.97000966008,8100.79410074113,7997.47719037383,7998.73854879031,2.52271683295506,149.976982683397,89.4427168380996,89.4427190999916,-6.59203220123346,1.1410157870713,1
"cloglog",16000,403,2,1,8000,6927.10937302561,-1098.84956981955,8025.95894284516,7996.69153209207,7997.95497389107,2.52688359800993,149.91069495245,89.4311306894264,89.4427190999916,-7.13479554881471,0.313134461548278,1
"cloglog",16000,403,5,0,3200,2775.35096403237,-436.708124836685,3212.05908886906,3197.76865435839,3198.21488130567,2.23113473638829,86.2490061805346,71.5541691796071,71.5541752799933,-4.89765284300001,0.193478699034797,0.999999983890308
"cloglog",16000,403,5,1,3200,2851.81357247351,-439.654230373967,3291.46780284748,3197.25993305239,3197.70665721016,2.2336207888618,86.21172786853,71.5419609646874,71.5541752799933,-4.00695321993392,1.31057556115356,0.999996390654934
"cloglog",16000,403,10,0,1600,1439.0346560017,-218.360916436085,1657.39557243778,1597.85825366054,1598.07239064065,2.14136980113425,58.8193728120184,53.6656171199596,53.665631459995,-2.70019196169309,1.10542252154716,0.998128564941629
"cloglog",16000,403,10,1,1600,1490.18198709274,-219.923258042521,1710.10524513526,1597.5748899117,1597.78905188541,2.14161973716076,58.7990352508798,53.6557790412032,53.665631459995,-1.8264398788303,2.09327299420254,0.973808156061909
"cloglog",16000,403,25,0,640,665.505170756916,-87.3069414695197,752.812112226436,637.91404408338,637.997448326048,2.08510606671995,36.3531100275057,35.0541948013945,35.0542436803306,0.758975687435282,3.27534734575674,0.218343392292128
"cloglog",16000,403,25,1,640,715.357208872395,-87.9836799091231,803.340888781518,637.791377395499,637.874870228012,2.08732081284353,36.3435066627699,35.0475065572222,35.0542436803306,2.13424181096851,4.72119231316352,0.0177654314549888
"cloglog",16000,403,50,0,320,420.697797141802,-43.6736144200809,464.371411561883,317.932556400867,317.973872630324,2.06581147282321,25.5025263556211,25.0438304914493,25.0439613479976,4.02961021617703,5.84565284378297,9.67672419945069e-05
"cloglog",16000,403,50,1,320,455.734357398678,-43.9768742819293,499.711231680607,317.867319732882,317.908711719577,2.06959933473252,25.4966251628204,25.0389891805419,25.0439613479976,5.40726612974787,7.26077712842783,6.09490665305087e-07
"cloglog",16000,404,2,0,8000,7004.39910158108,-995.723541200411,8000.12264278149,7997.47784667706,7998.73887604533,2.52205873653361,150.024190026314,89.4427166718788,89.4427190999916,-6.61945746830424,0.0154709828553014,1
"cloglog",16000,404,2,1,8000,7138.83117418699,-999.862465381002,8138.69363956799,7996.22593949882,7997.48875182948,2.52562466131577,149.942646779345,89.4237440347124,89.4427190999916,-5.71815146476354,1.57905363125586,0.99999999999909
"cloglog",16000,404,5,0,3200,2807.46726748514,-398.266976881754,3205.7342443669,3197.75602821658,3198.20477977961,2.24375781514256,86.2621374374933,71.5541690076692,71.5541752799933,-4.52445038258231,0.105227475795065,0.999999820041967
"cloglog",16000,404,5,1,3200,2878.17378933774,-401.042627379858,3279.2164167176,3196.96002859837,3197.40855830956,2.24264855598932,86.2124781581609,71.5346716667422,71.5541752799933,-3.69768096302485,1.14361129368357,0.99998204602812
"cloglog",16000,404,10,0,1600,1460.21814875176,-199.142142120833,1659.36029087259,1597.85789724378,1598.07206949813,2.14172254352249,58.8241851376611,53.6656169746262,53.665631459995,-2.33984964126431,1.14203888503577,0.993774555056449
"cloglog",16000,404,10,1,1600,1516.6374194918,-200.488377916251,1717.12579740805,1597.4054065985,1597.6197586818,2.14352083309291,58.7959076404312,53.6498825533163,53.665631459995,-1.37370082966721,2.22751724773081,0.926823525825935
"cloglog",16000,404,25,0,640,675.171717940975,-79.5891396255801,754.760857566555,637.915227153389,637.998583696494,2.0839135776302,36.3543555069972,35.054194268487,35.0542436803306,1.02481505360245,3.33090736520017,0.149254887162321
"cloglog",16000,404,25,1,640,685.664329871302,-80.0740085202632,765.738338391565,637.725263644918,637.808467531181,2.08009715657837,36.340105434723,35.0434205006051,35.0542436803306,1.31917796200388,3.65061027242404,0.0932433840701445
"cloglog",16000,404,50,0,320,377.741188364192,-39.8160925224558,417.557280886648,317.932266508756,317.973588005903,2.0660748573122,25.502968227242,25.0438283501919,25.0439613479976,2.3451749350316,3.97637659419519,0.0118798546419651
"cloglog",16000,404,50,1,320,408.561542497061,-40.0567792211617,448.618321718223,317.837886289743,317.879128332458,2.062102135737,25.4939518701581,25.0360741594621,25.0439613479976,3.55863448198923,5.22203251807968,0.000444687744586144
"cloglog",16000,405,2,0,8000,7028.26596824613,-978.553249417258,8006.81921766339,7997.48077468923,7998.74033834411,2.51912730976257,146.175895634856,89.4427167132251,89.4427190999916,-6.63046942338678,0.0903246191100033,0.999999999999999
"cloglog",16000,405,2,1,8000,7071.78152779639,-979.662412420207,8051.4439402166,7997.41101202591,7998.67379454652,2.52556504120941,146.165397323404,89.4417839832369,89.4427190999916,-6.33275386089829,0.589994332849793,0.999999999999987
"cloglog",16000,405,5,0,3200,2785.60198661346,-391.432777288942,3177.0347639024,3197.76121873733,3198.20893231168,2.23856787174779,85.1984661682701,71.554169150537,71.5541752799933,-4.83763676343468,-0.295918024912428,0.999999964405757
"cloglog",16000,405,5,1,3200,2891.20720516757,-391.816470684365,3283.02367585193,3197.71883606179,3198.16690512178,2.24034529991019,85.1932967218684,71.5531942125681,71.5541752799933,-3.59783742017753,1.18592568317869,0.99996216764631
"cloglog",16000,405,10,0,1600,1480.24950074699,-195.719131385292,1675.96863213228,1597.85549998942,1598.06991206527,2.14412075849943,58.4353519443089,53.6656170957143,53.665631459995,-2.01258305682003,1.4515573337781,0.983184454230097
"cloglog",16000,405,10,1,1600,1499.04192794018,-195.75226231043,1694.79419025061,1597.82602199824,1598.0411133973,2.15091399057906,58.4328386299155,53.664830146749,53.665631459995,-1.69055785024769,1.80291406101046,0.96214050841436
"cloglog",16000,405,25,0,640,668.650215284229,-78.2565429426044,746.906758226833,637.910454857626,637.994002534463,2.08869192093571,36.2538867434915,35.0541946529543,35.0542436803306,0.84790247854243,3.1069821107184,0.193996048038211
"cloglog",16000,405,25,1,640,700.578972943273,-78.2848083260054,778.863781269279,637.901980421501,637.985479656894,2.0874808848118,36.25288239749,35.0536577572038,35.0542436803306,1.72888301224048,4.01893299090687,0.0430643343553711
"cloglog",16000,405,50,0,320,383.98859054505,-39.2211026531809,423.209693198231,317.930903948332,317.972252854763,2.06744532157495,25.4671932651646,25.0438290852716,25.0439613479976,2.59383458196297,4.20213059213691,0.00655421059226448
"cloglog",16000,405,50,1,320,380.880698391346,-39.1802216385488,420.060920029895,317.922766313367,317.964180255214,2.07069709235286,25.4666348134969,25.0434442224262,25.0439613479976,2.47217319991614,4.07678508067406,0.0088519466027509
"cloglog",16000,406,2,0,8000,7013.15169852027,-1101.69526332857,8114.84696184884,7997.4693328162,7998.73461930434,2.53057297628009,152.683486072856,89.4427167718899,89.4427190999916,-6.44678517378265,1.29817548857133,1
"cloglog",16000,406,2,1,8000,6945.79930898335,-1101.32602054788,8047.12532953122,7997.10810375774,7998.37161000906,2.52701250264204,152.651619821961,89.4372599881063,89.4427190999916,-6.8869809308315,0.545116426069526,1
"cloglog",16000,406,5,0,3200,2826.52573755723,-440.657338853897,3267.18307641113,3197.76293323197,3198.21030383114,2.2368529958504,87.005486369465,71.5541690574707,71.5541752799933,-4.2668251298349,0.963923884359398,0.999999315871107
"cloglog",16000,406,5,1,3200,2953.69770347404,-442.323571861976,3396.02127533602,3197.52527492151,3197.97327644447,2.24000761478831,86.9877941887557,71.5484985040623,71.5541752799933,-2.80300901662572,2.7680245292682,0.999119372427539
"cloglog",16000,406,10,0,1600,1477.10893023475,-220.380087386602,1697.48901762136,1597.85488617151,1598.06935962198,2.14473450466669,59.0972462743285,53.6656171008171,53.665631459995,-2.04317398100513,1.85257644224241,0.985481264522129
"cloglog",16000,406,10,1,1600,1516.25174747285,-221.096517942122,1737.34826541497,1597.72150558322,1597.93615566187,2.14650078645315,59.087616864353,53.6610373506807,53.665631459995,-1.37879580246745,2.59801369179706,0.927799930741942
"cloglog",16000,406,25,0,640,687.497235522324,-88.100685263213,775.597920785537,637.915409268378,637.998758600086,2.08373329270632,36.4251445775456,35.0541943334218,35.0542436803306,1.36119778875251,3.92532662073648,0.085357748531872
"cloglog",16000,406,25,1,640,696.797820717203,-88.3031601080326,785.100980825236,637.856523557071,637.939969917428,2.08615900893175,36.420588762674,35.051058199886,35.0542436803306,1.61835102513607,4.19847555153946,0.0529890115237556
"cloglog",16000,406,50,0,320,404.457339359528,-44.1530015616798,448.610340921208,317.932597098729,317.973911802694,2.06573519825119,25.5282042387227,25.0438275966486,25.0439613479976,3.38937833040183,5.21631242725834,0.000723784612466554
"cloglog",16000,406,50,1,320,393.761248984369,-44.1328910354657,437.894140019835,317.902354843822,317.943699291973,2.06722240758816,25.5254216985843,25.041561573267,25.0439613479976,2.97189582355675,4.79005434133604,0.00240113109213311
"cloglog",16000,407,2,0,8000,7135.77641472064,-977.230431556222,8113.00684627686,7997.48191813117,7998.74091027638,2.51798429041143,152.217355500327,89.442716676222,89.4427190999916,-5.66102006291049,1.27753203666791,0.999999999999245
"cloglog",16000,407,2,1,8000,7048.50756122693,-977.295229433847,8025.80279066078,7997.46450031807,7998.72833802525,2.52767541435568,152.214425728323,89.4426006880026,89.4427190999916,-6.23434299706172,0.302701983476213,0.999999999999997
"cloglog",16000,407,5,0,3200,2781.88375976274,-390.926858545677,3172.81061830842,3197.76573666285,3198.21254532489,2.23404331018956,86.8747035372603,71.5541687528375,71.5541752799933,-4.78714700559226,-0.355002754685273,0.999999973235196
"cloglog",16000,407,5,1,3200,2854.38227635895,-390.994350934273,3245.37662729322,3197.75432208534,3198.20242961322,2.24053763943241,86.8733247097177,71.5540493731967,71.5541752799933,-3.95256020042688,0.659280615048828,0.999995755525828
"cloglog",16000,407,10,0,1600,1405.90422913179,-195.446381865403,1601.35061099719,1597.85974769238,1598.07373394303,2.13986250642785,59.0491239859341,53.6656165100848,53.665631459995,-3.2507767364393,0.061061015735269,0.999794249328303
"cloglog",16000,407,10,1,1600,1429.76125967233,-195.505602133777,1625.2668618061,1597.84993623756,1598.06462838727,2.14692149714314,59.0484992700203,53.6655205877574,53.665631459995,-2.84662063631095,0.506884739417506,0.998948862479311
"cloglog",16000,407,25,0,640,592.029976489173,-78.2213644892312,670.251340978405,637.913108079858,637.996549659961,2.08603950258198,36.412651288598,35.0541944542619,35.0542436803306,-1.26008763347183,0.920140708425888,0.903269977246979
"cloglog",16000,407,25,1,640,673.966176259544,-78.220632401783,752.186808661327,637.908136731152,637.991732002409,2.08988178143052,36.4124450279599,35.0541316471045,35.0542436803306,0.990266912883889,3.25767809080362,0.156939333341638
"cloglog",16000,407,50,0,320,353.577584386303,-39.0679649401436,392.645549326446,317.930075623809,317.971440557377,2.06824667840335,25.5237422668087,25.0438265903305,25.0439613479976,1.3966411504182,2.98173717581565,0.0826415873214003
"cloglog",16000,407,50,1,320,399.125620201602,-39.0480057626385,438.173625964241,317.927568929682,317.968972198507,2.0701634412653,25.5236437884323,25.0437800944636,25.0439613479976,3.18128759141829,4.79978075643249,0.00133290092853322
"cloglog",16000,408,2,0,8000,7041.11354004967,-1055.56133077728,8096.67487082695,7997.4590561297,7998.72948163689,2.54085101438342,146.296943356301,89.4427168248228,89.4427190999916,-6.53701638694454,1.09506276941352,0.999999999999998
"cloglog",16000,408,2,1,8000,7029.73985661627,-1055.56739481076,8085.30725142703,7997.4743234892,7998.73639261077,2.52413824314398,146.297660470303,89.4426960842966,89.4427190999916,-6.61483214264642,0.967891874979593,0.999999999999999
"cloglog",16000,408,5,0,3200,2908.14687660465,-422.145759627634,3330.29263623229,3197.75483588219,3198.20382726834,2.24495693074459,85.2316998402407,71.5541692803688,71.5541752799933,-3.39789021948856,1.8459973792217,0.999904856444562
"cloglog",16000,408,5,1,3200,2893.95204191816,-422.129127933209,3316.08116985137,3197.75271911492,3198.201952402,2.24616643540241,85.2320033191166,71.5541473987888,71.5541752799933,-3.56439676842172,1.64741278786247,0.999955913644684
"cloglog",16000,408,10,0,1600,1546.98472569118,-211.038586121888,1758.02331181307,1597.8532966117,1598.0679306174,2.14634005705687,58.4474702458114,53.6656176869461,53.665631459995,-0.870329728670606,2.98059331262613,0.816034727282401
"cloglog",16000,408,10,1,1600,1559.29651394447,-211.072657896632,1770.3691718411,1597.85405115264,1598.06855750403,2.14506351393526,58.4475836962594,53.6655996454373,53.665631459995,-0.659694289648371,3.2106342885469,0.751242587613895
"cloglog",16000,408,25,0,640,693.199492673956,-84.4335758595849,777.63306853354,637.91101524858,637.994541472116,2.08815558840157,36.2570123970114,35.0541959176957,35.0542436803306,1.52490439145871,3.98350392601456,0.0640823880554999
"cloglog",16000,408,25,1,640,703.19540530394,-84.3920579503895,787.587463254329,637.910487163681,637.994026223597,2.08847649789921,36.2570361800829,35.0541844213343,35.0542436803306,1.80061375717529,4.26749158481887,0.0371367551272134
"cloglog",16000,408,50,0,320,431.623192669962,-42.2464128691738,473.869605539136,317.929792732968,317.971164098313,2.06856826725655,25.4683020657994,25.0438299276915,25.0439613479976,4.46411384800049,6.2250239636248,2.20852358699571e-05
"cloglog",16000,408,50,1,320,435.886807333553,-42.2320884171859,478.118895750739,317.929476491276,317.970851938309,2.06877235166748,25.4683063666623,25.0438211031592,25.0439613479976,4.63153415637728,6.39471281769491,1.2090696950321e-05
"cloglog",16000,409,2,0,8000,7023.88747275785,-1114.72559182239,8138.61306458024,7997.47524075673,7998.73757469957,2.5246678856833,149.667438961784,89.4427167732124,89.4427190999916,-6.50500719964532,1.5638555594787,0.999999999999999
"cloglog",16000,409,2,1,8000,6908.30504059544,-1119.57211018081,8027.87715077625,7996.76657690481,7998.02726061186,2.52136741409475,149.614151071198,89.4323754583327,89.4427190999916,-7.27512423468152,0.33377051667717,1
"cloglog",16000,409,5,0,3200,2844.395784451,-445.802392053058,3290.19817650406,3197.76663323415,3198.21326529499,2.23316030422642,86.1629237417794,71.5541691875237,71.5541752799933,-4.10119380166538,1.28552832425451,0.999997755700318
"cloglog",16000,409,5,1,3200,2760.01932497273,-448.90533291588,3208.92465788861,3197.30827449553,3197.75582599279,2.2377574862818,86.1325122034607,71.5432498885542,71.5541752799933,-5.07693248851079,0.156113007351775,0.999999995270118
"cloglog",16000,409,10,0,1600,1511.09638716167,-222.912740625603,1734.00912778727,1597.85704400265,1598.07130264194,2.14258639290003,58.7878265473302,53.6656174296596,53.665631459995,-1.4758269175189,2.5330524767279,0.939925923711597
"cloglog",16000,409,10,1,1600,1412.44768700105,-224.379006187853,1636.8266931889,1597.603198294,1597.81726330243,2.1406500842969,58.7708015046309,53.6567444161546,53.665631459995,-3.15046769063314,0.727018202668403,0.999671206102245
"cloglog",16000,409,25,0,640,716.373691223169,-89.1400872492157,805.513778472385,637.917176164899,638.000455455251,2.08198225881176,36.3449473027463,35.0541952449711,35.0542436803306,2.15866360748148,4.77869544134423,0.0166429990227401
"cloglog",16000,409,25,1,640,655.002019933364,-89.567341586097,744.569361519461,637.805170213946,637.888571369848,2.08502889754373,36.3366073133501,35.0481480197842,35.0542436803306,0.473265144737358,3.04383530021024,0.311916551511421
"cloglog",16000,409,50,0,320,450.565053134571,-44.5819812066768,495.147034341248,317.932763939713,317.974075912041,2.06559861637037,25.4996183997496,25.0438300679546,25.0439613479976,5.201344079571,7.07451527775347,1.3651779345321e-06
"cloglog",16000,409,50,1,320,426.803702787039,-44.7446311855411,471.548333972581,317.877336569386,317.918645136037,2.0654283325546,25.4943895233801,25.0394500081682,25.0439613479976,4.27256224816682,6.13550572342554,4.28861399161645e-05
"cloglog",16000,410,2,0,8000,7065.25948438875,-1049.83153210698,8115.09101649573,7997.48206116018,7998.74098478879,2.51784725721412,148.207334204832,89.4427169255012,89.4427190999916,-6.28998950539819,1.3008329320301,0.999999999999992
"cloglog",16000,410,2,1,8000,6947.06830989572,-1050.90976949907,7997.9780793948,7997.34954610901,7998.61218866324,2.52528510846155,148.193323223858,89.4408820507729,89.4427190999916,-7.08723722071306,-0.00708970276129361,1
"cloglog",16000,410,5,0,3200,2976.33584742397,-419.935324923417,3396.27117234739,3197.77082952839,3198.2166221115,2.22896291555658,85.7581596449519,71.5541693128887,71.5541752799933,-2.58208645126224,2.76789671570146,0.997672903518507
"cloglog",16000,410,5,1,3200,2845.3511423926,-420.719715975373,3266.07085836797,3197.67989455893,3198.12784291776,2.23974179414203,85.7507760042978,71.552236840685,71.5541752799933,-4.10875293010383,0.949558231163167,0.999997612667777
"cloglog",16000,410,10,0,1600,1620.62285344483,-209.956581486849,1830.57943493168,1597.86099795268,1598.07486229299,2.13864340304847,58.6396760460343,53.6656178254074,53.665631459995,0.388164755110238,4.33246801322801,0.3408752644769
"cloglog",16000,410,10,1,1600,1494.35702126529,-210.244314053397,1704.60133531869,1597.81836269686,1598.03193973141,2.13577034556992,58.6358441805742,53.6640404884639,53.665631459995,-1.76447261700457,1.985862313334,0.968744958345695
"cloglog",16000,410,25,0,640,703.241049457865,-83.9852712787952,787.226320736661,637.915843584175,637.999176169832,2.08331464143003,36.306637664987,35.054195429056,35.0542436803306,1.79926344258224,4.25704092592398,0.0370397085091312
"cloglog",16000,410,25,1,640,702.651626660253,-84.1047313463918,786.756358006645,637.900133247662,637.983321246245,2.07969996455302,36.3049396517138,35.0531233977753,35.0542436803306,1.78354499508261,4.24421627345888,0.0383093041695012
"cloglog",16000,410,50,0,320,416.693833771902,-41.9882486232822,458.682082395184,317.934016415378,317.975303767571,2.06436760967988,25.4859748422794,25.0438319400013,25.0439613479976,3.87506532387722,5.61842049430416,0.000162263030803869
"cloglog",16000,410,50,1,320,422.729987101709,-42.0518214698845,464.781808571594,317.926072374069,317.967321669826,2.06246478787505,25.4849723466161,25.0430564707528,25.0439613479976,4.11238094757268,5.86248276336512,7.40589758738568e-05
"cloglog",16000,411,2,0,8000,6859.52333730449,-1198.29481211408,8057.81814941857,7997.4779293378,7998.73891743162,2.52197618763868,151.860125926936,89.4427167224509,89.4427190999916,-7.49343901229752,0.660525911464316,1
"cloglog",16000,411,2,1,8000,6775.61180644887,-1200.84958621403,7976.46139266291,7997.1881439664,7998.44863954814,2.52099116348769,151.836607073884,89.4383387116272,89.4427190999916,-8.04533479151771,-0.245836933041971,1
"cloglog",16000,411,5,0,3200,2782.95343043893,-479.275800416639,3262.22923085557,3197.76275371987,3198.21016114428,2.23703712208299,86.7746210415926,71.5541691312153,71.5541752799933,-4.78030694115168,0.894693775199783,0.999999970939189
"cloglog",16000,411,5,1,3200,2718.8586961217,-480.483066172621,3199.34176229432,3197.57858452065,3198.02570313242,2.23559305885728,86.7612965393315,71.5496740849492,71.5541752799933,-5.51766637306912,0.0183936430002403,0.999999999861496
"cloglog",16000,411,10,0,1600,1470.90391681718,-239.66156397627,1710.56548079345,1597.8551099167,1598.06956140647,2.14451489774919,59.012324223787,53.6656171840272,53.665631459995,-2.1512657698093,2.09623824880666,0.989242572712367
"cloglog",16000,411,10,1,1600,1411.92382904068,-240.092227353797,1652.01605639448,1597.74927542002,1597.96394225502,2.14666834999622,59.0050928195051,53.6620119315787,53.665631459995,-3.14931199155599,1.00726961576422,0.999683125538156
"cloglog",16000,411,25,0,640,650.217092100493,-95.8765630400929,746.093655140586,637.911401081207,637.994910971179,2.0877472493005,36.4031081868273,35.0541946110474,35.0542436803306,0.3380395694821,3.08376059894809,0.359988772223399
"cloglog",16000,411,25,1,640,639.221075592709,-95.9941264571915,735.2152020499,637.867725608853,637.951208060893,2.08706130100059,36.3996286883369,35.0517312731874,35.0542436803306,0.0371803238830738,2.77486989817843,0.478936353752764
"cloglog",16000,411,50,0,320,392.251231280279,-47.903521764265,440.154753044544,317.929819396802,317.971190174929,2.06853890635756,25.5203460122598,25.0438296192898,25.0439613479976,2.91224154436517,4.87878909603761,0.00282042551204208
"cloglog",16000,411,50,1,320,395.946492883844,-47.9881154501817,443.934608334025,317.906720875107,317.948101091207,2.06901080500676,25.5181927572449,25.0420469163562,25.0439613479976,3.05820136837786,5.03099877033335,0.00189520448492597
"cloglog",16000,412,2,0,8000,6886.32776466717,-1086.56481028213,7972.8925749493,7997.48249943961,7998.74120446801,2.51741005679556,145.111165285343,89.4427169664242,89.4427190999916,-7.6572656045281,-0.288996470539016,1
"cloglog",16000,412,2,1,8000,6985.27912456283,-1085.72805883303,8071.00718339586,7997.4577136199,7998.72166813732,2.52790903484178,145.113539623686,89.4425164943328,89.4427190999916,-6.97508028321743,0.80817846021948,1
"cloglog",16000,412,5,0,3200,2974.32754323914,-434.600743576919,3408.92828681606,3197.75864946796,3198.20687843904,2.24114485541847,84.9067510123474,71.5541693861877,71.5541752799933,-2.63148811566624,2.94492145160289,0.997857588203319
"cloglog",16000,412,5,1,3200,3017.4729686199,-434.317654514756,3451.79062313466,3197.74971341289,3198.19790118182,2.2409388446486,84.9076607999447,71.5539511427291,71.5541752799933,-2.12320941472814,3.544077132051,0.989071625905086
"cloglog",16000,412,10,0,1600,1585.19185269796,-217.297832700563,1802.48968539853,1597.85428641295,1598.06882143731,2.14535024357121,58.3291133808609,53.6656177236026,53.665631459995,-0.217085996701297,3.80915887363974,0.585259499321235
"cloglog",16000,412,10,1,1600,1576.8450342182,-217.093330766823,1793.93836498503,1597.84907675531,1598.06361650724,2.14539751938386,58.3293966867231,53.6654394037106,53.665631459995,-0.360093601686147,3.64992350112462,0.642094406314928
"cloglog",16000,412,25,0,640,713.708061024071,-86.9714827638173,800.679543787888,637.907477635761,637.99114553225,2.0916974122256,36.2265068701237,35.0541963475039,35.0542436803306,2.09240663639096,4.64105343174476,0.0197262638037172
"cloglog",16000,412,25,1,640,778.805559754301,-86.8269300335587,865.63248978786,637.907903575351,637.991466908273,2.08908332304714,36.2265126724154,35.0540750192214,35.0542436803306,3.88935190789801,6.49399599774815,0.0001067090290593
"cloglog",16000,412,50,0,320,451.886223297673,-43.4018858200018,495.288109117675,317.925312636456,317.966774826704,2.07310951236825,25.4574561112491,25.0438349432734,25.0439613479976,5.26214834961546,7.08043854675696,1.11297643469837e-06
"cloglog",16000,412,50,1,320,477.349708587937,-43.4019762314028,520.75168481934,317.924322429042,317.965782133837,2.07298523978757,25.4574153247597,25.0437470980493,25.0439613479976,6.26243411301223,8.09726683038168,1.70471121292043e-08
"cloglog",16000,413,2,0,8000,6935.09438516839,-1058.6629920263,7993.75737719469,7997.47833117802,7998.7391183162,2.52157427635038,155.181039781321,89.4427167791096,89.4427190999916,-6.84609374641854,-0.055697560415194,1
"cloglog",16000,413,2,1,8000,6857.83100567157,-1059.12907619807,7916.96008186964,7997.10539381237,7998.3633839086,2.51598019245035,155.146553974736,89.4371095192833,89.4427190999916,-7.3432142638909,-0.910173668139515,1
"cloglog",16000,413,5,0,3200,2896.49313760085,-423.424573862094,3319.91771146294,3197.76119942677,3198.2089169897,2.23858781465869,87.7096347459187,71.55416903313,71.5541752799933,-3.43483429954584,1.70093226038152,0.999949268289134
"cloglog",16000,413,5,1,3200,2715.90685348982,-424.316892410711,3140.22374590053,3197.5246027814,3197.97187987694,2.23638547770328,87.6904661557731,71.5483625470298,71.5541752799933,-5.49224756584184,-0.807120273904964,0.999999999893941
"cloglog",16000,413,10,0,1600,1470.7973081843,-211.725482152309,1682.52279033661,1597.85826348922,1598.07239958149,2.1413609227034,59.3568878336521,53.6656170483732,53.665631459995,-2.14062697594606,1.57364054305006,0.989299058829575
"cloglog",16000,413,10,1,1600,1422.87848695907,-212.582728573245,1635.46121553231,1597.72064146632,1597.93517445015,2.14532983829206,59.346647789304,53.6609559083593,53.665631459995,-2.94611677357058,0.699317417048025,0.999328813709393
"cloglog",16000,413,25,0,640,627.283781711515,-84.6868796656126,711.970661377127,637.915462873815,637.998810163689,2.0836822468487,36.4926298472323,35.0541944089927,35.0542436803306,-0.291337763455461,2.1102139832505,0.611412373795519
"cloglog",16000,413,25,1,640,622.545320375903,-84.9670120117988,707.512332387701,637.85227897195,637.93586082096,2.0895462252601,36.4879075535379,35.0510097240182,35.0542436803306,-0.419507711522997,1.98500619852514,0.661839680680422
"cloglog",16000,413,50,0,320,376.245746528979,-42.3301779112327,418.575924440211,317.934529041104,317.975805601491,2.06382801935405,25.5522896736369,25.0438294656518,25.0439613479976,2.28203492652308,4.01696230110077,0.0136213962906715
"cloglog",16000,413,50,1,320,336.763426678309,-42.5082848242048,379.271711502514,317.900150499835,317.941526479708,2.06879899368791,25.5494043526607,25.0415113975075,25.0439613479976,0.73830590796181,2.44914071076837,0.224770593116793
"cloglog",16000,414,2,0,8000,6905.05832158207,-1083.97264461055,7989.03096619262,7997.4664636338,7998.73318771099,2.53344815437189,146.616160182988,89.4427169313969,89.4427190999916,-7.45080310852722,-0.108474136869192,1
"cloglog",16000,414,2,1,8000,6895.77136026639,-1084.29452600446,7980.06588627085,7997.22248659511,7998.4891419424,2.53331069459181,146.590873981113,89.4391874634729,89.4427190999916,-7.51377692495801,-0.205986393593708,1
"cloglog",16000,414,5,0,3200,2866.40675651178,-433.610959503606,3300.01771601539,3197.74991171947,3198.1998876467,2.24987963614059,85.3194224883569,71.554169296183,71.5541752799933,-3.88356068927806,1.42294752870705,0.999991084460222
"cloglog",16000,414,5,1,3200,2803.57316361588,-434.438585676694,3238.01174929257,3197.59696815269,3198.04590393856,2.24467892937062,85.3058016812478,71.550368481911,71.5541752799933,-4.61895670366146,0.558569385482746,0.999999864214698
"cloglog",16000,414,10,0,1600,1512.0412443838,-216.822890577545,1728.86413496135,1597.84641607495,1598.06173738921,2.15321314254774,58.479460491497,53.6656174494773,53.665631459995,-1.46727023419832,2.43735940791665,0.937829667405924
"cloglog",16000,414,10,1,1600,1506.10256266084,-217.273690851,1723.37625351184,1597.76211479945,1597.97694593615,2.14831136702829,58.472343972585,53.6625280893863,53.665631459995,-1.56757102437323,2.33681326691894,0.950112769970826
"cloglog",16000,414,25,0,640,698.271858668011,-86.6866102669874,784.958468934999,637.908426921689,637.992056234072,2.09073280958094,36.2652644500577,35.0541954135356,35.0542436803306,1.66449721687405,4.19254845153792,0.0489190880857605
"cloglog",16000,414,25,1,640,679.332337716409,-86.9384745383771,766.270812254786,637.870068409033,637.953701271892,2.09082157148151,36.2620353758689,35.0520744481127,35.0542436803306,1.14340711649539,3.66075654588834,0.124749755276728
"cloglog",16000,414,50,0,320,445.75710342296,-43.3414910281191,489.098594451079,317.926550352722,317.967986975563,2.07183114209398,25.4712422823205,25.0438316407342,25.0439613479976,5.01862263541677,6.83324380751581,2.83961172423968e-06
"cloglog",16000,414,50,1,320,417.09108322025,-43.4811105439692,460.572193764219,317.907952883944,317.949369528125,2.07083220902512,25.4692942437462,25.0422892100732,25.0439613479976,3.8942237420128,5.69527901541545,0.000154243571578668
"cloglog",16000,415,2,0,8000,7063.89820810891,-1030.00562011365,8093.90382822256,7997.4781768046,7998.73904146757,2.52172932595364,150.964719811329,89.4427168802991,89.4427190999916,-6.18409367342549,1.06397468764668,0.999999999999993
"cloglog",16000,415,2,1,8000,7223.69907141198,-1025.87323291454,8249.57230432652,7995.99917557408,7997.26752865531,2.53670616246035,150.854175758865,89.4201123459331,89.4427190999916,-5.11951426122003,2.8215663014953,0.999999999874502
"cloglog",16000,415,5,0,3200,3026.58768649856,-412.045515146743,3438.63320164531,3197.76238945937,3198.20986833004,2.23739435334828,86.5242778714405,71.554169015375,71.5541752799933,-1.97834304049484,3.36001852335965,0.985165734456009
"cloglog",16000,415,5,1,3200,2899.37372860128,-409.831787607923,3309.20551620921,3196.79693532,3197.24393264948,2.23498664738047,86.4603564729796,71.5305993636386,71.5541752799933,-3.43999514750637,1.56522641437057,0.999940600588552
"cloglog",16000,415,10,0,1600,1595.28485500852,-206.011147954868,1801.29600296338,1597.85583367721,1598.07021209771,2.14378420505145,58.9203580807927,53.6656169848847,53.665631459995,-0.0436348106569183,3.78689004773595,0.514462549329609
"cloglog",16000,415,10,1,1600,1554.3009151311,-205.694397209103,1759.9953123402,1597.3164049813,1597.53025332155,2.13848340248845,58.8848812966319,53.6466343658735,53.665631459995,-0.730501427582355,3.02842966644701,0.778852014609362
"cloglog",16000,415,25,0,640,760.524002951288,-82.3574920587311,842.881495010019,637.914934599413,637.998303077011,2.08421193995661,36.3792694822745,35.0541946704115,35.0542436803306,3.37030045123955,5.84475535265813,0.00057590241912641
"cloglog",16000,415,25,1,640,688.442271155808,-82.2650468207276,770.707317976536,637.683395654315,637.766779055889,2.08458503935402,36.361839301936,35.0413492683701,35.0542436803306,1.39593806242882,3.79381906508504,0.0814975164216201
"cloglog",16000,415,50,0,320,435.29352390066,-41.2250233907806,476.51854729144,317.932065472507,317.973390714167,2.06626208301385,25.5118456588927,25.0438272873939,25.0439613479976,4.6002731435953,6.33070795281671,1.31592603112463e-05
"cloglog",16000,415,50,1,320,404.712786732159,-41.2462590323111,445.959045764471,317.81296145327,317.854321838967,2.06801928484718,25.500922559817,25.0345778586605,25.0439613479976,3.40771299842389,5.11711140682115,0.000702472262643866
"cloglog",16000,416,2,0,8000,7099.0086653531,-1039.29503724285,8138.30370259595,7997.48007969699,7998.73999450858,2.51982962317863,147.538337671492,89.4427168179648,89.4427190999916,-6.08974879698335,1.56036973218749,0.999999999999926
"cloglog",16000,416,2,1,8000,7022.37233710951,-1039.77218895397,8062.14452606349,7996.91250344405,7998.17142596754,2.51784504698437,147.487502070159,89.4344009432564,89.4427190999916,-6.60761184951761,0.715307526200502,1
"cloglog",16000,416,5,0,3200,2841.83652379841,-415.794224876818,3257.63074867523,3197.76044648,3198.20831543029,2.23934475147164,85.5733939247623,71.5541692195849,71.5541752799933,-4.15928253347673,0.830453821112527,0.999998099674628
"cloglog",16000,416,5,1,3200,2942.08710390855,-416.015868584783,3358.10297249333,3197.39889203369,3197.84748927078,2.24298618545995,85.5455087416823,71.5455209361288,71.5541752799933,-2.98451422968433,2.2399093769353,0.999482973585557
"cloglog",16000,416,10,0,1600,1526.08939439565,-207.830278355663,1733.91967275131,1597.85629460288,1598.07062832958,2.14333726702078,58.5721524931221,53.6656174207225,53.665631459995,-1.22527339618698,2.5313981456081,0.89968642556877
"cloglog",16000,416,10,1,1600,1560.03167826029,-208.124589819404,1768.15626807969,1597.65538049806,1597.8695194222,2.14138924144326,58.5572068906221,53.6585783563002,53.665631459995,-0.642511899654796,3.17352329997937,0.747035216190942
"cloglog",16000,416,25,0,640,704.852747863536,-83.1871657281217,788.039913591657,637.919127360574,638.002328795259,2.08003586713526,36.2891963622772,35.0541956392658,35.0542436803306,1.84445033818769,4.28016053599968,0.0337461714853219
"cloglog",16000,416,25,1,640,704.193602995644,-83.2258543582221,787.419457353866,637.827200035834,637.910632743899,2.08581770161859,36.2822234641727,35.0494150582881,35.0542436803306,1.82917133028916,4.26565819604491,0.0350622025639671
"cloglog",16000,416,50,0,320,432.679713833784,-41.5978405301743,474.277554363959,317.933638761592,317.97493333956,2.06472889838537,25.4797626554386,25.0438305719602,25.0439613479976,4.50342009161925,6.2411626917569,1.90478068834296e-05
"cloglog",16000,416,50,1,320,434.976964061475,-41.6431748231956,476.62013888467,317.888344413049,317.929668888771,2.06622378610667,25.475523276418,25.0403810312562,25.0439613479976,4.59612226127703,6.33738239836752,1.37659901371531e-05
"cloglog",16000,417,2,0,8000,7010.09057202981,-1056.55561294585,8066.64618497566,7997.47547995452,7998.73769249263,2.52442507622619,147.85303857413,89.4427168682063,89.4427190999916,-6.67815093586767,0.759240046152614,1
"cloglog",16000,417,2,1,8000,6945.64999437471,-1059.81215827442,8005.46215264913,7996.92518156468,7998.18585261101,2.52134209265205,147.806891333467,89.4345157411438,89.4427190999916,-7.11249101923259,0.0813589694965035,1
"cloglog",16000,417,5,0,3200,2911.89307086826,-422.561688392521,3334.45475926078,3197.76274887403,3198.21015763737,2.23704381668495,85.6602541581973,71.5541692872541,71.5541752799933,-3.3372499394857,1.90407635195172,0.999884148431824
"cloglog",16000,417,5,1,3200,2927.94209944652,-424.353709589061,3352.29580903558,3197.41134705011,3197.85817741768,2.23415183784963,85.6348797828609,71.5456353977369,71.5541752799933,-3.14672302088669,2.15858914047443,0.999738226653958
"cloglog",16000,417,10,0,1600,1536.66542022951,-211.388737282242,1748.05415751175,1597.86390318444,1598.07747584988,2.13572665435834,58.6038880775832,53.6656173842379,53.665631459995,-1.04427342557741,2.79465119329687,0.861547803604839
"cloglog",16000,417,10,1,1600,1548.49552159198,-212.066408402467,1760.56192999444,1597.66197413253,1597.8758376145,2.13863481969493,58.589975406221,53.6587124303793,53.665631459995,-0.839161515253566,3.03186724040433,0.808684046780914
"cloglog",16000,417,25,0,640,678.635175108587,-84.5460114424362,763.181186551024,637.919026886442,638.002232121393,2.08013087376233,36.297388631369,35.0541952624011,35.0542436803306,1.12173767197559,3.57101207123979,0.1286402690044
"cloglog",16000,417,25,1,640,708.499864185694,-84.7869200866147,793.286784272309,637.831906261119,637.91519609895,2.08224594578936,36.290749522853,35.0494803897103,35.0542436803306,1.94727193165504,4.43292129999656,0.0271914901244945
"cloglog",16000,417,50,0,320,418.708352368747,-42.3181577536671,461.026510122414,317.936582409552,317.977818158959,2.06178747036831,25.4826778086936,25.0438306919387,25.0439613479976,3.95452042817948,5.71193335888108,0.000125313342886861
"cloglog",16000,417,50,1,320,430.471285112975,-42.3506712312868,472.821956344262,317.892419788409,317.933672418823,2.06263152067611,25.4785673744334,25.0404194357196,25.0439613479976,4.41857125128371,6.18553073054738,2.59251958827953e-05
"cloglog",16000,418,2,0,8000,6938.06190544161,-986.946060484306,7925.00796592591,7997.45869137581,7998.72929933392,2.54121591621814,144.443827830441,89.4427168117167,89.4427190999916,-7.33431675029964,-0.824229585547954,1
"cloglog",16000,418,2,1,8000,7134.71518179767,-987.37569035208,8122.09087214975,7997.45176634483,7998.72266722498,2.54180176030181,144.441355387811,89.4426210747598,89.4427190999916,-5.97291947469474,1.3792999740208,0.999999999999293
"cloglog",16000,418,5,0,3200,2875.19270086488,-394.789404623513,3269.98210548839,3197.74730588269,3198.19780355668,2.25248836993196,84.7244871851709,71.5541691805736,71.5541752799933,-3.80710011631996,1.0032162032454,0.999984926920159
"cloglog",16000,418,5,1,3200,2902.10058681528,-394.942101951775,3297.04268876705,3197.74463229955,3198.19483012872,2.25098914582352,84.7233328121383,71.5540683707381,71.5541752799933,-3.48952331868037,1.381442884927,0.999931130917006
"cloglog",16000,418,10,0,1600,1515.99215460015,-197.359158816865,1713.35131341702,1597.8460435798,1598.06140231587,2.15358736074315,58.2628103195378,53.6656173584462,53.665631459995,-1.40490801131498,2.14830121735293,0.928451590409455
"cloglog",16000,418,10,1,1600,1524.95526752318,-197.492695939014,1722.44796346219,1597.84367195826,1598.05903298325,2.15361024993229,58.2622964065078,53.6655356502802,53.665631459995,-1.25103898971859,2.31785500641488,0.903278168291566
"cloglog",16000,418,25,0,640,704.9448441043,-78.9348912077978,783.879735312098,637.905053803447,637.988817985371,2.09410454807765,36.2094292148247,35.0541952508044,35.0542436803306,1.85144565254306,4.16186753918932,0.0335656366098352
"cloglog",16000,418,25,1,640,671.002840407821,-78.9522220669536,749.955062474775,637.901172915308,637.985052268871,2.09698383909058,36.2092523713509,35.0541395909684,35.0542436803306,0.914177049363881,3.19420221156284,0.176957855717615
"cloglog",16000,418,50,0,320,393.002322386567,-39.4438389489109,432.446161335478,317.923393148028,317.964893123865,2.07499879184406,25.4513746461127,25.0438324362745,25.0439613479976,2.94989682413898,4.57123599205185,0.00260411573953031
"cloglog",16000,418,50,1,320,381.577781403823,-39.4652980279017,421.043079431725,317.923087269024,317.964583079162,2.07479050688537,25.4512905688755,25.0437919110769,25.0439613479976,2.50103993597254,4.11593007634643,0.00828155471541011
"cloglog",16000,419,2,0,8000,7009.29637349333,-1087.57586440492,8096.87223789825,7997.47852119598,7998.73921365839,2.52138492482399,146.205239678155,89.442716732594,89.4427190999916,-6.75886958550843,1.09716059422975,1
"cloglog",16000,419,2,1,8000,7126.85158196548,-1085.61226637348,8212.46384833896,7997.17489097464,7998.43781961231,2.52585727532949,146.178149610414,89.4383708801867,89.4427190999916,-5.95385364590194,2.39300008061828,0.999999999999566
"cloglog",16000,419,5,0,3200,2784.7334774077,-435.125052680544,3219.85853008825,3197.76632137269,3198.21301562322,2.2334712526719,85.2065235468976,71.5541693202739,71.5541752799933,-4.84743217739251,0.302505286144002,0.999999966690589
"cloglog",16000,419,5,1,3200,2988.46667931268,-435.521732449703,3423.98841176238,3197.56574800183,3198.01434081697,2.24296407568253,85.1920479236906,71.5495891562841,71.5541752799933,-2.45444350482629,3.15828607277987,0.996220015852837
"cloglog",16000,419,10,0,1600,1501.23802041545,-217.599479588996,1718.83750000445,1597.85564578101,1598.07004451558,2.14398734576514,58.4382894796155,53.6656174933459,53.665631459995,-1.65332740273408,2.25036925185551,0.958679506633461
"cloglog",16000,419,10,1,1600,1573.14258376791,-217.532423735539,1790.67500750345,1597.75022884741,1597.96432865611,2.14099808698727,58.4304319823086,53.6618652392432,53.665631459995,-0.421144329156351,3.59120351087618,0.666470799329005
"cloglog",16000,419,25,0,640,665.497402857849,-86.9892342971287,752.486637154978,637.910106815124,637.993668859173,2.08905110123637,36.2546479284943,35.0541953161122,35.0542436803306,0.76093129071716,3.26617020483078,0.218405725650174
"cloglog",16000,419,25,1,640,663.03843649322,-86.9625464370179,750.000982930238,637.866895857857,637.950342128091,2.08615675586984,36.2509501995114,35.0516387015023,35.0542436803306,0.694369126790571,3.19673045121693,0.238672057751821
"cloglog",16000,419,50,0,320,412.467140570238,-43.4751206523267,455.942261222565,317.931584764712,317.972920916191,2.06680757396388,25.4674666503838,25.0438324519363,25.0439613479976,3.71201254931659,5.50911449240695,0.000275958491092527
"cloglog",16000,419,50,1,320,405.001071904036,-43.4820353317058,448.483107235742,317.908500036048,317.949827836831,2.06639003914262,25.4651952606538,25.0419816748483,25.0439613479976,3.42006299093863,5.21257786599277,0.000679126155238338
"cloglog",16000,420,2,0,8000,6994.91797647702,-1058.47009487035,8053.38807134738,7997.46227975206,7998.73109037646,2.53762124878752,152.000517181568,89.4427165768704,89.4427190999916,-6.59566376394284,0.611083641717731,1
"cloglog",16000,420,2,1,8000,6912.32075900604,-1057.16741442608,7969.48817343213,7997.35980830516,7998.63104848524,2.542480360161,151.986890689966,89.4412329374256,89.4427190999916,-7.1390305069959,-0.325832662363922,1
"cloglog",16000,420,5,0,3200,2832.95253255469,-423.378455747745,3256.33098830244,3197.75380040599,3198.20299637033,2.24597982169111,86.8139434106216,71.5541688422356,71.5541752799933,-4.20210456430737,0.812363456562179,0.999998943732188
"cloglog",16000,420,5,1,3200,2764.77754526318,-422.947775040672,3187.72532030385,3197.68005496905,3198.13130161433,2.25623322641509,86.8067720728895,71.5526274482895,71.5541752799933,-4.98696702306096,-0.145431155802081,0.999999993045527
"cloglog",16000,420,10,0,1600,1488.40125953308,-211.610357768866,1700.01161730195,1597.84852749697,1598.0636365389,2.15109041928671,59.0267818628462,53.6656168978689,53.665631459995,-1.85419676475331,1.89968897510422,0.975751310955904
"cloglog",16000,420,10,1,1600,1400.3643377338,-211.566030071913,1611.93036780571,1597.80678479133,1598.0224746475,2.15689856168663,59.0231813113925,53.6643659521636,53.665631459995,-3.34516782509355,0.259164399158446,0.999863421786326
"cloglog",16000,420,25,0,640,692.357623301818,-84.669362339854,777.026985641672,637.906263998347,637.989978974309,2.09287439904166,36.4068566773128,35.0541940091782,35.0542436803306,1.49563473128407,3.96634441604788,0.0669279731673833
"cloglog",16000,420,25,1,640,638.263748426318,-84.695083564532,722.95883199085,637.888120585247,637.971940522775,2.09549843818566,36.4053384960576,35.0533322411188,35.0542436803306,0.0103179329347787,2.42450249475518,0.489610177070321
"cloglog",16000,420,50,0,320,434.205166987091,-42.3420002429052,476.547167229996,317.925920241019,317.967368839665,2.07242993228878,25.5216820285801,25.0438289493045,25.0439613479976,4.5560965227863,6.3320907801814,1.53600362783248e-05
"cloglog",16000,420,50,1,320,389.115570093437,-42.3134034236783,431.428973517115,317.913908179697,317.955437858766,2.07648395347962,25.5208169740662,25.0432020490847,25.0439613479976,2.78994445930527,4.53111129463157,0.00391332745454504
"cloglog",16000,421,2,0,8000,6940.37087164191,-1070.05538576832,8010.42625741023,7997.48154375965,7998.74072520876,2.51836289820753,145.320320259963,89.4427169243464,89.4427190999916,-7.27434862672122,0.130648224956724,1
"cloglog",16000,421,2,1,8000,6896.70657558971,-1072.11396132089,7968.82053691061,7997.18904335494,7998.44879435915,2.5195020084186,145.290426256014,89.4385078024612,89.4427190999916,-7.57436326758435,-0.331269585959316,1
"cloglog",16000,421,5,0,3200,2843.57985953966,-428.101326233566,3271.68118577323,3197.76232743345,3198.20982042621,2.23746496383026,84.9639664196871,71.5541692388748,71.5541752799933,-4.16861974338941,1.02679363241213,0.999997871346985
"cloglog",16000,421,5,1,3200,2857.84062134685,-428.251689217689,3286.09231056454,3197.57599557332,3198.02385612592,2.23930276298953,84.9481725469745,71.5497440084853,71.5541752799933,-3.99932528317314,1.23087029393392,0.999994730836066
"cloglog",16000,421,10,0,1600,1481.28701219669,-214.085612476933,1695.37262467362,1597.85781251936,1598.07199403501,2.14181515641688,58.3499330212568,53.6656173249134,53.665631459995,-1.99778807424183,1.81309068056588,0.982361146208393
"cloglog",16000,421,10,1,1600,1517.81338171546,-214.353336193067,1732.16671790853,1597.75219174659,1597.96655968954,2.14367942949645,58.341645615984,53.6620239521776,53.665631459995,-1.37018435436845,2.50084041441642,0.923785009591415
"cloglog",16000,421,25,0,640,673.32754975882,-85.6403847834734,758.967934542293,637.917653948461,638.000913765859,2.08149543494157,36.2318676712833,35.0541947366502,35.0542436803306,0.97731356637803,3.45085721367206,0.161117577260301
"cloglog",16000,421,25,1,640,700.91635371174,-85.6634286880664,786.579782399806,637.870793444112,637.954157098378,2.08409135665161,36.2281051434819,35.0517399498652,35.0542436803306,1.74023896689974,4.24017824832688,0.0422586884797401
"cloglog",16000,421,50,0,320,426.385989189288,-42.8615464004235,469.247535589711,317.936722142687,317.977954428185,2.06161427491995,25.4593547373931,25.0438280095202,25.0439613479976,4.25970210813384,6.0401940591519,4.53852887299502e-05
"cloglog",16000,421,50,1,320,432.951918438797,-42.8326158779788,475.784534316776,317.911737173239,317.953013091548,2.06379591543975,25.4570848087732,25.0420328937444,25.0439613479976,4.51898487708661,6.30266408062478,1.83327454417523e-05
"cloglog",16000,422,2,0,8000,7012.21015439787,-1097.21841356579,8109.42856796366,7997.4677373575,7998.7338208649,2.53216701481182,152.922404920861,89.4427167330999,89.4427190999916,-6.44285958927672,1.23760492907511,1
"cloglog",16000,422,2,1,8000,6995.8826305825,-1095.78933960533,8091.67197018783,7996.99898583184,7998.25989133419,2.52181100469361,152.874718726999,89.4354128823478,89.4427190999916,-6.5486063594146,1.04446410927313,1
"cloglog",16000,422,5,0,3200,2842.89696908157,-438.832091127647,3281.72906020922,3197.76181932384,3198.20941303718,2.23796856671968,87.0725943742195,71.5541690122231,71.5541752799933,-4.07550564896611,1.16722265557677,0.999997963743359
"cloglog",16000,422,5,1,3200,2820.91458096603,-438.768448387064,3259.68302935309,3197.4538997926,3197.90238943622,2.2424482181117,87.0469589104072,71.5467796342085,71.5541752799933,-4.32570331623097,0.863499939937655,0.999999534850982
"cloglog",16000,422,10,0,1600,1504.22638025941,-219.390544156824,1723.61692441623,1597.8593971205,1598.07341986522,2.14022744721108,59.1219454908067,53.6656170432062,53.665631459995,-1.58372692379771,2.33936571436299,0.953568846364419
"cloglog",16000,422,10,1,1600,1483.99607110946,-219.316542522753,1703.31261363222,1597.68315169982,1597.89768838753,2.14536687703407,59.1085240895135,53.6596573543538,53.665631459995,-1.92336185586689,1.96450984672822,0.980049670604346
"cloglog",16000,422,25,0,640,712.850563810163,-87.7507623044708,800.601326114634,637.919360475996,638.002552289611,2.07979534037937,36.431554203696,35.0541950015823,35.0542436803306,2.05676658523028,4.63849687085051,0.0208177686038994
"cloglog",16000,422,25,1,640,678.486164347444,-87.6906978697153,766.17686221716,637.842144414036,637.925488583975,2.08360424847479,36.4253866828964,35.0501168815397,35.0542436803306,1.11581574376238,3.65908547656605,0.129482976983949
"cloglog",16000,422,50,0,320,403.547644098542,-43.8336020383391,447.381246136881,317.933661904218,317.974955832503,2.06469641424753,25.5304877904924,25.0438295158445,25.0439613479976,3.35340174057335,5.16719259019497,0.000804694778265062
"cloglog",16000,422,50,1,320,390.354719539945,-43.871489129656,434.226208669601,317.896564797778,317.937854326728,2.06447644751508,25.5267831282677,25.0408884300219,25.0439613479976,2.83851491894134,4.64393883898519,0.00344200765064702
"cloglog",16000,423,2,0,8000,7022.9766723806,-1028.8167186565,8051.7933910371,7997.47795913728,7998.73893348594,2.52194869730908,140.212483086313,89.442716863105,89.4427190999916,-6.95017494381577,0.593166882803509,1
"cloglog",16000,423,2,1,8000,7095.35338247276,-1030.8532165922,8126.20659906496,7997.03478064029,7998.29508292558,2.52060457056825,140.176409708142,89.4364465255799,89.4427190999916,-6.43247604960705,1.43019452481043,0.999999999999941
"cloglog",16000,423,5,0,3200,2936.01093346421,-411.53065794304,3347.54159140725,3197.75910465044,3198.2072437922,2.24069570879488,83.579437955258,71.5541695338793,71.5541752799933,-3.13172925769551,2.08701112161389,0.999612375784512
"cloglog",16000,423,5,1,3200,2986.39972142889,-413.115316699702,3399.51503812859,3197.47912883591,3197.92687411883,2.2387264145993,83.5594928367479,71.5474198257324,71.5541752799933,-2.52609727801256,2.81754624416605,0.996513845259823
"cloglog",16000,423,10,0,1600,1575.90059230042,-205.805862678518,1781.70645497893,1597.85416942714,1598.06871637051,2.14546943372769,57.8478780073376,53.6656177871446,53.665631459995,-0.379505314333904,3.42188809484665,0.648368929143553
"cloglog",16000,423,10,1,1600,1554.81657291659,-206.528232567949,1761.34480548454,1597.69604011631,1597.91058240821,2.14542291898701,57.8371251454599,53.660152368843,53.665631459995,-0.741383101111607,3.04572789791826,0.776083156327518
"cloglog",16000,423,25,0,640,705.950462038442,-82.2564336136155,788.206895652058,637.912876956859,637.996329201929,2.08630612674713,36.1028367920289,35.0541968363261,35.0542436803306,1.88454955696459,4.28509508152439,0.0316465548183669
"cloglog",16000,423,25,1,640,692.969622084189,-82.488516632311,775.458138716501,637.845643887322,637.929076479402,2.08581480198803,36.09764434648,35.0504463335637,35.0542436803306,1.5270796528373,3.92374638908388,0.0648496416346662
"cloglog",16000,423,50,0,320,447.931409315667,-41.0942622599503,489.025671575618,317.93336401218,317.974665159849,2.06505738343488,25.4134978318112,25.0438348689768,25.0439613479976,5.11531494656209,6.83006445740702,2.0433505275348e-06
"cloglog",16000,423,50,1,320,462.531504156231,-41.2378082000815,503.769312356312,317.899256362177,317.940546945604,2.06452917135288,25.4102486775291,25.0411097430902,25.0439613479976,5.69188635772602,7.4209476863135,2.0499017637795e-07
"cloglog",16000,424,2,0,8000,6877.16610059546,-1063.18373759687,7940.34983819234,7997.48535036488,7998.74263133619,2.51456194261964,145.720797456618,89.442716976195,89.4427190999916,-7.68812186951519,-0.652851289830506,1
"cloglog",16000,424,2,1,8000,7048.52599872864,-1063.41956893192,8111.94556766056,7996.9066321983,7998.16350597445,2.51374755230467,145.674048323304,89.4340711138926,89.4427190999916,-6.51029228874624,1.2722451328556,0.999999999999997
"cloglog",16000,424,5,0,3200,2880.49716318147,-425.312907900246,3305.81007108172,3197.76375295729,3198.21096029943,2.23603671065889,85.0736316696773,71.5541691239385,71.5541752799933,-3.72931757524709,1.5037434170456,0.999979447560091
"cloglog",16000,424,5,1,3200,2822.53337323827,-426.505506867174,3249.03888010545,3197.39653403702,3197.84495484689,2.24210404937186,85.0486169603127,71.5454389368103,71.5541752799933,-4.4076338240006,0.715544219440305,0.999999479762347
"cloglog",16000,424,10,0,1600,1464.74077475798,-212.717745707335,1677.45852046531,1597.85096099625,1598.06582797226,2.14866976018941,58.3898664743132,53.6656174292969,53.665631459995,-2.27967957927811,1.47939586454301,0.992115463188163
"cloglog",16000,424,10,1,1600,1489.4675648867,-213.319753700297,1702.78731858699,1597.6529406782,1597.86713575757,2.14195079368794,58.3760206555561,53.6585074017872,53.665631459995,-1.85325026571867,1.95533174346042,0.974602654874421
"cloglog",16000,424,25,0,640,676.708009035092,-85.0686861701769,761.776695205269,637.910643265957,637.994183991433,2.08851813692342,36.2421629875864,35.0541955241768,35.0542436803306,1.07050359500962,3.53117535184806,0.139844601557921
"cloglog",16000,424,25,1,640,707.352854884724,-85.4602359941023,792.813090878826,637.8284067986,637.911740359003,2.08333901007799,36.2354532599325,35.0493440429818,35.0542436803306,1.91868575749267,4.41952209804166,0.0291252530502907
"cloglog",16000,424,50,0,320,409.223747194945,-42.5331192467976,451.756866441742,317.931878091145,317.973208259687,2.06650842709385,25.463017719606,25.0438319662066,25.0439613479976,3.58527296760691,5.3419803472,0.000410510409980344
"cloglog",16000,424,50,1,320,418.15526511971,-42.7250402822843,460.880305401995,317.889614804651,317.930894757692,2.06399765205527,25.4588230640023,25.040305737729,25.0439613479976,3.93834585609068,5.70877257416696,0.000134572077401065
"cloglog",16000,425,2,0,8000,6951.54864543764,-1111.06591399462,8062.61455943226,7997.47855687307,7998.73923094689,2.52134814763177,151.223297571887,89.4427167239084,89.4427190999916,-6.91646015018439,0.714147901863729,1
"cloglog",16000,425,2,1,8000,6949.34686335609,-1111.41053855686,8060.75740191296,7997.41728568468,7998.68081032974,2.52704929011599,151.212413923286,89.4418810825951,89.4427190999916,-6.9311136244429,0.694043895676708,1
"cloglog",16000,425,5,0,3200,2871.34174302329,-444.408676207552,3315.75041923085,3197.7601738687,3198.20809735068,2.23961740986644,86.5964917088869,71.5541690908305,71.5541752799933,-3.76941864969237,1.64270402932024,0.999988004591435
"cloglog",16000,425,5,1,3200,2827.17857776113,-444.656275278479,3271.83485303961,3197.7241563417,3198.17213427708,2.23988967693616,86.5911309417213,71.5533035487871,71.5541752799933,-4.27925556059496,1.02948033297022,0.999999284748904
"cloglog",16000,425,10,0,1600,1468.70679341228,-222.265937162772,1690.97273057506,1597.85704408071,1598.07130182539,2.14257744677234,58.9468747564292,53.6656169950678,53.665631459995,-2.19096010097366,1.7311163823609,0.990356180298744
"cloglog",16000,425,10,1,1600,1494.92983137382,-222.315920940138,1717.24575231396,1597.8310451963,1598.04590922413,2.14864027827627,58.9443224192868,53.6649237661407,53.665631459995,-1.74573579946369,2.22118722481144,0.967991764012113
"cloglog",16000,425,25,0,640,695.966352934952,-88.8492834238907,784.815636358843,637.911144402478,637.994664754114,2.08800879088011,36.3861390855599,35.0541949013524,35.0542436803306,1.59553088048062,4.18839947737795,0.0554032551205929
"cloglog",16000,425,25,1,640,733.36662858227,-88.8640854198999,822.23071400217,637.899286122719,637.98294061556,2.09136232100864,36.3851507019495,35.0537226845162,35.0542436803306,2.62379956157322,5.25615424771975,0.00514856331787629
"cloglog",16000,425,50,0,320,425.103535700079,-44.422743478039,469.526279178118,317.928844916447,317.970235215354,2.06951494533379,25.5142954206134,25.043829717097,25.0439613479976,4.20057418857992,6.05163210558405,5.39574941881545e-05
"cloglog",16000,425,50,1,320,456.593628364323,-44.3636305225171,500.95725888684,317.922307406766,317.963740716691,2.07166549625298,25.5137579783641,25.0434839599384,25.0439613479976,5.43515859463554,7.30703118076063,5.3202796968639e-07
"cloglog",16000,426,2,0,8000,7158.54540474452,-979.436774314191,8137.98217905871,7997.46831078033,7998.73410844742,2.53159533417116,146.3865405707,89.4427167621051,89.4427190999916,-5.73087459246736,1.55684079880591,0.999999999996998
"cloglog",16000,426,2,1,8000,7049.42842259531,-978.743111009327,8028.17153360464,7997.34818513972,7998.60974210288,2.52311392631877,146.372653186766,89.4408386314784,89.4427190999916,-6.47607146489925,0.330517825571416,0.999999999999997
"cloglog",16000,426,5,0,3200,3032.74353864325,-391.767412372541,3424.51095101579,3197.76065866512,3198.20848504129,2.23913188083908,85.2563097915551,71.5541691108015,71.5541752799933,-1.93554143294876,3.16267338139409,0.981900495780549
"cloglog",16000,426,5,1,3200,2981.56818334179,-392.179876270046,3373.74805961183,3197.68054522717,3198.12794273463,2.23698753732643,85.2488964432122,71.5521827678605,71.5541752799933,-2.53507518457255,2.4544340938832,0.997122641575554
"cloglog",16000,426,10,0,1600,1618.1523585913,-195.871778858025,1814.02413744932,1597.8543629222,1598.06888979813,2.14526875929581,58.4564396829987,53.6656173980698,53.665631459995,0.347232841739391,4.02408950314168,0.356898073722533
"cloglog",16000,426,10,1,1600,1533.39017721771,-196.066911713639,1729.45708893135,1597.80975575996,1598.02411751271,2.14361752747203,58.4525985943222,53.6640105186158,53.665631459995,-1.10208237257915,2.449182797716,0.874269715887653
"cloglog",16000,426,25,0,640,673.941465322183,-78.355363147113,752.296828469296,637.912760913707,637.996216459569,2.08638864655845,36.2593230051574,35.0541946817581,35.0542436803306,0.993639743448922,3.26068286684127,0.157099619538035
"cloglog",16000,426,25,1,640,703.412919805066,-78.3799546751854,781.792874480252,637.891636168824,637.975147958464,2.0877947409948,36.2576077102596,35.0531000778883,35.0542436803306,1.80710443336013,4.10285327694908,0.0366761804303862
"cloglog",16000,426,50,0,320,372.084305773208,-39.1153143098871,411.199620083095,317.93034033926,317.971701546794,2.06806037670244,25.4691235644437,25.0438328929987,25.0439613479976,2.12625948030463,3.72258986612087,0.0197048888274702
"cloglog",16000,426,50,1,320,409.796250716501,-39.1570714072344,448.953322123736,317.919881317487,317.961249207777,2.06839451452074,25.4681032610486,25.0430353796201,25.0439613479976,3.60750733799373,5.23067874681676,0.000382970173895701
"cloglog",16000,427,2,0,8000,6905.54917732759,-1092.80376392826,7998.35294125585,7997.48368990825,7998.74179744176,2.51621506702497,160.719657313359,89.4427166611429,89.4427190999916,-6.79403211053201,-0.00434754444442964,1
"cloglog",16000,427,2,1,8000,6944.50366390104,-1094.5675613855,8039.07122528654,7997.16050918819,7998.42852022958,2.53602208278581,160.686465476924,89.4379015636744,89.4427190999916,-6.55099881724835,0.454423732515951,1
"cloglog",16000,427,5,0,3200,2826.64841079718,-437.187431166871,3263.83584196406,3197.76255714538,3198.21000127179,2.23722063202677,89.2912287420002,71.5541686622759,71.5541752799933,-4.15622174290491,0.917149090250936,0.999999310123816
"cloglog",16000,427,5,1,3200,2891.1732123446,-436.644206126442,3327.81741847104,3197.56557230801,3198.01236130581,2.23394498898716,89.272866154476,71.5492394328876,71.5541752799933,-3.43208830590515,1.81420596772363,0.999962239583225
"cloglog",16000,427,10,0,1600,1501.36533964248,-218.573781832232,1719.93912147471,1597.85157854523,1598.06638202172,2.14803476483789,59.9435244210396,53.6656165435324,53.665631459995,-1.60961905117621,2.27096504806082,0.958471343864809
"cloglog",16000,427,10,1,1600,1503.83837322159,-218.685725688384,1722.52409890997,1597.74310966781,1597.9575854724,2.14475804582597,59.9340128636353,53.661701465752,53.665631459995,-1.56680208715342,2.32132992497597,0.95425937246786
"cloglog",16000,427,25,0,640,737.043987899138,-87.4276684299045,824.471656329042,637.912807983185,637.996259654454,2.08629178171281,36.6457276037216,35.0541917874309,35.0542436803306,2.70512243577025,5.31963189467833,0.00391409004732236
"cloglog",16000,427,25,1,640,712.690069460741,-87.4674128200875,800.157482280828,637.864582348688,637.948055014586,2.08681664746908,36.6414816911347,35.0515343523582,35.0542436803306,2.04209774437579,4.62774113211762,0.0210277412572026
"cloglog",16000,427,50,0,320,428.516548102714,-43.7249527970953,472.24150089981,317.929789895375,317.971159990192,2.06850474085624,25.6069924681146,25.0438243445695,25.0439613479976,4.31861564160805,6.16001529107792,3.39478221596576e-05
"cloglog",16000,427,50,1,320,430.040018987139,-43.7560626840505,473.79608167119,317.90640812349,317.947761135774,2.06765061421707,25.6045013887738,25.041911392616,25.0439613479976,4.37944911174149,6.22349940034408,2.75213172485318e-05
"cloglog",16000,428,2,0,8000,7013.50915701706,-1082.17210972116,8095.68126673822,7997.46774434814,7998.7338273162,2.532165936131,143.760327422723,89.4427169230585,89.4427190999916,-6.84443757864976,1.08390535034184,1
"cloglog",16000,428,2,1,8000,7159.6146282033,-1086.24028946252,8245.85491766583,7996.4138434824,7997.67570436854,2.52372177228446,143.676831520029,89.4271616891728,89.4427190999916,-5.82417642723726,2.7752106698846,0.9999999999968
"cloglog",16000,428,5,0,3200,2927.91968942274,-432.897347093344,3360.81703651608,3197.76037725209,3198.20826026738,2.23941507642524,84.5382832554796,71.5541693270527,71.5541752799933,-3.19193479496009,2.27252692300103,0.99973851608988
"cloglog",16000,428,5,1,3200,2838.013445238,-434.465423489041,3272.47886872704,3197.08161176813,3197.52850875353,2.23448492698913,84.491715868902,71.5377315862356,71.5541752799933,-4.24974404694619,1.04770389431707,0.999998521305359
"cloglog",16000,428,10,0,1600,1539.70320432453,-216.490179604132,1756.19338392866,1597.85361353936,1598.06821518043,2.1460164106705,58.1951585853473,53.6656175103997,53.665631459995,-0.999231046506213,2.94648931818572,0.849006245437335
"cloglog",16000,428,10,1,1600,1465.55992154092,-216.934230529556,1682.49415207047,1597.47409386395,1597.68839301847,2.14299154513066,58.1695819902784,53.6523612534855,53.665631459995,-2.26775176663781,1.58065287474177,0.991776929842542
"cloglog",16000,428,25,0,640,755.99451464704,-86.6207903394577,842.615304986497,637.909482055768,637.993069531729,2.0896868990332,36.1920221155979,35.0541960503673,35.0542436803306,3.26273652834612,5.83731075049499,0.000852098754584336
"cloglog",16000,428,25,1,640,717.195664604031,-86.7306560270218,803.926320631052,637.745591859538,637.829238268695,2.09116022892253,36.1796308696786,35.0451896157802,35.0542436803306,2.19598903677809,4.73951159013181,0.0157809741097737
"cloglog",16000,428,50,0,320,465.705945967369,-43.3275731119156,509.033519079285,317.931850178743,317.973180766806,2.06652940314655,25.4451873613546,25.0438316211132,25.0439613479976,5.80754598856132,7.62903780871157,1.21861106430563e-07
"cloglog",16000,428,50,1,320,397.620064157371,-43.4164819326126,441.036546089983,317.843299227006,317.884745818378,2.07232956862485,25.4374447039347,25.0373162959796,25.0439613479976,3.13619413659207,4.91873005939461,0.00157645691398041
"cloglog",16000,429,2,0,8000,7091.96291247377,-1048.14407396678,8140.10698644055,7997.47382716999,7998.73686419003,2.52607404008861,147.299759741903,89.442716824258,89.4427190999916,-6.14740252314624,1.5805660569132,0.999999999999953
"cloglog",16000,429,2,1,8000,6999.112222512,-1051.53444488089,8050.64666739288,7994.18639689942,7995.44878249162,2.52477118439354,147.090589545663,89.3919551921592,89.4427190999916,-6.76504307625005,0.617481570714176,1
"cloglog",16000,429,5,0,3200,2802.92125991991,-419.291700708518,3222.21296062843,3197.76466875245,3198.21169277439,2.23512010967275,85.5076069503257,71.5541692228825,71.5541752799933,-4.6176407329692,0.335427943818036,0.99999987050641
"cloglog",16000,429,5,1,3200,2852.01840299576,-423.219906848632,3275.23830984439,3195.64732859904,3196.0942849053,2.23478153132366,85.3803323350592,71.5022939977856,71.5541752799933,-4.02468479807236,1.10687392689163,0.999996343532052
"cloglog",16000,429,10,0,1600,1455.65221746022,-209.659126778871,1665.31134423909,1597.85853634889,1598.07264501444,2.14108665553532,58.5481283542486,53.6656172194114,53.665631459995,-2.42887899043056,1.25291951734659,0.995130722468429
"cloglog",16000,429,10,1,1600,1478.25930021012,-211.101116508073,1689.36041671819,1596.67077805742,1596.88500237689,2.14224319477735,58.4758526340484,53.6241620209982,53.665631459995,-2.02496368181809,1.72451019943378,0.984673015565387
"cloglog",16000,429,25,0,640,687.49601204462,-83.8564194429603,771.35243148758,637.916485860743,637.99979231589,2.08266137867072,36.2829852958276,35.054194664039,35.0542436803306,1.36646766465433,3.80418493278046,0.0853628357151932
"cloglog",16000,429,25,1,640,688.932336449982,-84.442868496289,773.375204946271,637.408530382138,637.491834201421,2.0825954820893,36.246216288411,35.0259428749724,35.0542436803306,1.42149474742051,3.87950643412783,0.0795496236342953
"cloglog",16000,429,50,0,320,426.314615281127,-41.9406311408702,468.255246421997,317.933963407355,317.975250865813,2.06437292286896,25.4775442165999,25.0438280568088,25.0439613479976,4.25396776676599,6.00067989667126,4.58260054906689e-05
"cloglog",16000,429,50,1,320,428.569391417851,-42.223843464269,470.79323488212,317.67507088514,317.716353468868,2.06412918636305,25.4540312602298,25.0233975727336,25.0439613479976,4.35665059883757,6.11735001085745,3.37026505598372e-05
"cloglog",16000,430,2,0,8000,6988.08094367323,-1120.65372213633,8108.73466580957,7997.4784060235,7998.73915752122,2.52150299542692,147.018492740609,89.4427169648527,89.4427190999916,-6.86578568133734,1.22978719811896,1
"cloglog",16000,430,2,1,8000,6925.09552969376,-1121.10524169776,8046.20077139151,7997.30982637295,7998.56881102367,2.51796930143952,147.005097538301,89.4402469062116,89.4427190999916,-7.29372188199008,0.5325562262568,1
"cloglog",16000,430,5,0,3200,2904.31213269402,-448.285660659919,3352.59779335394,3197.76364327004,3198.21087254042,2.23614635191289,85.4301239058704,71.5541692481595,71.5541752799933,-3.43498870374294,2.15762299298141,0.999922429708698
"cloglog",16000,430,5,1,3200,2818.02022185902,-448.823503743937,3266.84372560296,3197.65708124719,3198.10375784319,2.233382980016,85.4222531595174,71.5515306671403,71.5541752799933,-4.44423841969186,0.960705761551671,0.999999619701042
"cloglog",16000,430,10,0,1600,1515.26035558986,-224.112873877446,1739.3732294673,1597.85882078745,1598.0729012585,2.14080471047519,58.5198472762175,53.6656173479839,53.665631459995,-1.41146071020532,2.63297685168826,0.930264738798433
"cloglog",16000,430,10,1,1600,1478.7609440071,-224.34185852235,1703.10280252945,1597.79306415046,1598.00762146589,2.14557315433372,58.5155421641804,53.6634967694301,53.665631459995,-2.03419665512769,1.95841097562293,0.984308776668259
"cloglog",16000,430,25,0,640,661.647286284099,-89.6809574638603,751.32824374796,637.914367654972,637.99775951165,2.0847964169307,36.2756900429268,35.0541956883077,35.0542436803306,0.654237551402673,3.23300769026377,0.250601556655203
"cloglog",16000,430,25,1,640,641.699739979246,-89.7559936076897,731.455733586936,637.884236346975,637.967798914811,2.08906419589638,36.2736511681091,35.0527599727569,35.0542436803306,0.105186644007465,2.66706344221635,0.451438106673874
"cloglog",16000,430,50,0,320,418.302036158251,-44.8144951220316,463.116531280283,317.931308834527,317.972649883034,2.06705242539373,25.4749527966669,25.0438300891911,25.0439613479976,3.93997696972602,5.7955943991128,0.000132053721100077
"cloglog",16000,430,50,1,320,384.00606053698,-44.8085952035766,428.814655740557,317.914908668746,317.956311896153,2.07016137033818,25.4736856090453,25.0427830145174,25.0439613479976,2.59448722428944,4.42675815144581,0.0065429779982604
"cloglog",16000,431,2,0,8000,6919.77153424912,-1088.09648401876,8007.86801826787,7997.46795418902,7998.73393273881,2.53195709957803,148.380525415503,89.4427169042849,89.4427190999916,-7.26305838938148,0.102122183283389,1
"cloglog",16000,431,2,1,8000,6867.0479161304,-1088.05205034798,7955.09996647838,7997.46585668891,7998.73257868765,2.53344399747481,148.381244239684,89.4427080750172,89.4427190999916,-7.61833442192004,-0.487827494810101,1
"cloglog",16000,431,5,0,3200,2914.95747767568,-435.266244418734,3350.22372209442,3197.75355553582,3198.20280298112,2.24623722651052,85.8060657223223,71.5541692331375,71.5541752799933,-3.29575858629033,2.12455711166154,0.999864154816374
"cloglog",16000,431,5,1,3200,2954.46285681028,-435.297035385548,3389.75989219583,3197.75269434886,3198.20203625633,2.24670953739402,85.8063780968976,71.5541599084064,71.5541752799933,-2.83533512233595,2.67710299701237,0.999088665341217
"cloglog",16000,431,10,0,1600,1538.94296617835,-217.653168813285,1756.59613499163,1597.85278000268,1598.06746504608,2.14685043393974,58.6571917011713,53.6656174625245,53.665631459995,-1.00430675448036,2.95400812366052,0.852212081042092
"cloglog",16000,431,10,1,1600,1531.51988267165,-217.684046093032,1749.20392876468,1597.85237107893,1598.06707508751,2.14704008582772,58.6573180758797,53.6656098534127,53.665631459995,-1.13084761770849,2.8162701232689,0.881164739458174
"cloglog",16000,431,25,0,640,701.613133156587,-87.1189570985975,788.732090255185,637.906818263865,637.990511919962,2.09234140241728,36.311163898968,35.0541954186113,35.0542436803306,1.75445532591515,4.30024356671412,0.0406341978217467
"cloglog",16000,431,25,1,640,703.021092459313,-87.0795238276805,790.100616286993,637.906538527103,637.990239567175,2.09252600179446,36.3111956367225,35.0541901598836,35.0542436803306,1.79323629504387,4.33929227935481,0.0375093239723935
"cloglog",16000,431,50,0,320,443.529074322453,-43.5590775718349,487.088151894288,317.925411152042,317.966870168327,2.07295081426456,25.4875862116081,25.0438301713444,25.0439613479976,4.92803289129069,6.75301184239274,3.96375818024811e-06
"cloglog",16000,431,50,1,320,424.466009771681,-43.5254516780583,467.991461449739,317.924988067405,317.966454530766,2.07332316804463,25.4875960392458,25.0438261835941,25.0439613479976,4.18011261400344,5.99049864901444,5.87742507919575e-05
"cloglog",16000,432,2,0,8000,6697.3239542511,-1144.41856635763,7841.74252060873,7997.47006518567,7998.7349849031,2.52983943486824,152.100463842704,89.4427167493832,89.4427190999916,-8.54794310344201,-1.75522915671567,1
"cloglog",16000,432,2,1,8000,6849.07811761073,-1146.8167298446,7995.89484745533,7997.24428365068,7998.50318854338,2.51780978539574,152.078092494089,89.4389848286415,89.4427190999916,-7.549845919356,-0.0291633574893772,1
"cloglog",16000,432,5,0,3200,2746.8243382301,-457.758717627367,3204.58305585746,3197.76126324877,3198.20896729134,2.23852021284807,86.8419399596977,71.5541689068395,71.5541752799933,-5.19261689948368,0.0890806037370498,0.999999998415105
"cloglog",16000,432,5,1,3200,2827.63402789731,-458.7371267851,3286.37115468241,3197.60986030494,3198.05786962726,2.24004661160934,86.8300458202026,71.5505072945237,71.5541752799933,-4.26091946529348,1.23427895055486,0.999999262238237
"cloglog",16000,432,10,0,1600,1433.91575967592,-228.912590765969,1662.82835044189,1597.85718869903,1598.0714313169,2.14242617870466,59.0370742210989,53.6656167043911,53.665631459995,-2.77692333480374,1.20667427492154,0.998633601740574
"cloglog",16000,432,10,1,1600,1514.50894864622,-229.439157915016,1743.94810656123,1597.77244139533,1597.98668940036,2.14248005028023,59.0306485610981,53.6626579803554,53.665631459995,-1.41051292470439,2.71998113127958,0.932090045105749
"cloglog",16000,432,25,0,640,657.284667321608,-91.5534349146582,748.838102236266,637.91635950089,637.999670767064,2.08278165434971,36.4095280697223,35.0541941999934,35.0542436803306,0.53195712352076,3.16191639827291,0.290083967064481
"cloglog",16000,432,25,1,640,685.999720993504,-91.7704262386908,777.770147232195,637.876023629811,637.959513488696,2.08724647214238,36.4065677837847,35.0521984154052,35.0542436803306,1.32184109332953,3.98864094304718,0.0917605111037418
"cloglog",16000,432,50,0,320,408.589712967527,-45.7935051405649,454.383218108092,317.93489251135,317.976161540044,2.06345143471543,25.5226325970087,25.0438284562908,25.0439613479976,3.55193846526639,5.44673338607633,0.000443180916553192
"cloglog",16000,432,50,1,320,451.454477784569,-45.9074147704423,497.361892555011,317.914447635598,317.955760398181,2.06563812917178,25.5208295254132,25.0423878150226,25.0439613479976,5.23258971719529,7.1640984670482,1.18996610824942e-06
"cloglog",16000,433,2,0,8000,6886.69263272501,-1116.79723897682,8003.48987170183,7997.48790883354,7998.74390992433,2.51200218158094,145.863418675351,89.4427171097398,89.4427190999916,-7.61531085858361,0.0530614669462493,1
"cloglog",16000,433,2,1,8000,7149.24459672724,-1119.31734239634,8268.56193912359,7995.95022389572,7997.21087749438,2.52130719732734,145.775810546256,89.4209656995161,89.4427190999916,-5.80827246986774,3.03453512838402,0.999999999998284
"cloglog",16000,433,5,0,3200,2700.73740165906,-446.729135604889,3147.46653726395,3197.76930507736,3198.21540361427,2.23049268457222,85.112730353414,71.5541693945646,71.5541752799933,-5.83968933148391,-0.709237026713066,0.999999999973872
"cloglog",16000,433,5,1,3200,2936.48543132896,-450.065763075643,3386.55119440461,3196.78789480456,3197.23506989053,2.23587542986492,85.0571571640379,71.5306592560093,71.5541752799933,-3.06032404743533,2.64664308260482,0.999603465049136
"cloglog",16000,433,10,0,1600,1439.78775889677,-223.355335666773,1663.14309456354,1597.86488594181,1598.07836128569,2.13475343872452,58.40410904805,53.6656177151156,53.665631459995,-2.7066096824625,1.21241003174974,0.998041502961291
"cloglog",16000,433,10,1,1600,1525.85855563028,-224.944169362082,1750.80272499236,1597.3083979985,1597.52287167056,2.14473672062381,58.3718718575968,53.6466476198219,53.665631459995,-1.22404576201582,2.85721214880093,0.900425118199732
"cloglog",16000,433,25,0,640,655.960309190447,-89.3513604712713,745.311669661719,637.916600297421,637.999903072441,2.08256937549615,36.2458325198821,35.0541959893816,35.0542436803306,0.497814717957686,3.06131016731304,0.30265794412134
"cloglog",16000,433,25,1,640,702.430044396371,-90.1997470835062,792.629791479878,637.679405661918,637.762872344573,2.08666706636906,36.2292232618708,35.0412612679458,35.0542436803306,1.78724888100485,4.41955892943187,0.0387958543899575
"cloglog",16000,433,50,0,320,402.318109086573,-44.6909471716294,447.009056258203,317.934426041079,317.97570579184,2.06398753803918,25.4643284869197,25.0438342093757,25.0439613479976,3.31379965856312,5.15230013853294,0.000927531709283306
"cloglog",16000,433,50,1,320,429.880677638553,-45.0698086898516,474.950486328405,317.814599688501,317.855892157969,2.0646234734016,25.4535963966837,25.0344462747225,25.0439613479976,4.40276007380445,6.27513756232169,2.81345318956479e-05
"cloglog",16000,434,2,0,8000,7051.26121086583,-1003.50265623128,8054.76386709711,7997.49094171227,7998.74542573937,2.50896805418732,146.941173602634,89.4427169099649,89.4427190999916,-6.43951390646496,0.626305229682706,0.999999999999997
"cloglog",16000,434,2,1,8000,7042.44873308897,-1008.5319500732,8050.98068316217,7996.49732714539,7997.75919647556,2.52373866032938,146.879089110617,89.4282542518506,89.4427190999916,-6.49546916333284,0.595130556129643,0.999999999999998
"cloglog",16000,434,5,0,3200,2914.14741574469,-401.398801520814,3315.54621726551,3197.76644804415,3198.21311712978,2.23334542810414,85.4088363303237,71.5541694096379,71.5541752799933,-3.32072235714051,1.63978005899302,0.999869731920465
"cloglog",16000,434,5,1,3200,2900.92212840414,-403.805136984971,3304.72726538911,3197.13430685094,3197.58286509165,2.24279120356498,85.3727815058179,71.539177481756,71.5541752799933,-3.46963251310502,1.49770243479226,0.999935385051604
"cloglog",16000,434,10,0,1600,1597.37727025505,-200.685458115243,1798.06272837029,1597.85954798123,1598.07355714414,2.1400916290649,58.5120789899663,53.665617863762,53.665631459995,-0.00824236182532025,3.72657912434459,0.49969022329023
"cloglog",16000,434,10,1,1600,1548.16363847793,-202.114917843636,1750.27855632157,1597.50077653835,1597.71566638457,2.14889846219611,58.4913501807781,53.6534857416726,53.665631459995,-0.843494600619271,2.84348514971701,0.810313629537133
"cloglog",16000,434,25,0,640,700.262285894475,-80.3191282938562,780.581414188331,637.916329619941,637.999643581791,2.08284904625885,36.2736842392484,35.0541964827151,35.0542436803306,1.71876547921966,4.06746652078721,0.0438320498739544
"cloglog",16000,434,25,1,640,659.057717805927,-80.8485476144653,739.906265420392,637.758044147213,637.841717449853,2.09183256598265,36.2629963701313,35.0459146045369,35.0542436803306,0.587366621371014,2.91230944097908,0.273669276510144
"cloglog",16000,434,50,0,320,440.332022444988,-40.1606614851167,480.492683930105,317.933374667418,317.974675773984,2.06505532831224,25.4742445124676,25.0438355570444,25.0439613479976,4.80479991144257,6.48934176979163,6.3547334627794e-06
"cloglog",16000,434,50,1,320,381.218936519562,-40.5395366956798,421.758473215242,317.853242375725,317.894618698568,2.06881614218066,25.467343181932,25.0378207431099,25.0439613479976,2.48811561108552,4.14827854158415,0.00857093246324192
"cloglog",16000,435,2,0,8000,6845.71986131668,-1113.34602254504,7959.06588386171,7997.46933890833,7998.73462297059,2.53056812450945,149.179999167844,89.4427168164945,89.4427190999916,-7.72053548744033,-0.44350999746868,1
"cloglog",16000,435,2,1,8000,6871.23984906386,-1113.36710620058,7984.60695526443,7996.69578969925,7997.95664987964,2.52172036076928,149.122636552487,89.4309788747633,89.4427190999916,-7.54718375864596,-0.149273716816843,1
"cloglog",16000,435,5,0,3200,2765.58320399353,-445.355618024601,3210.93882201813,3197.75944092837,3198.20750938319,2.24034227412731,86.0275748939855,71.5541690300644,71.5541752799933,-5.02369429182935,0.177925518631757,0.999999992579875
"cloglog",16000,435,5,1,3200,2870.40719613,-445.19620756139,3315.60340369139,3197.26422583137,3197.71109793012,2.23436049376576,85.995057595749,71.5420415021923,71.5541752799933,-3.80088157203029,1.64787449848853,0.999988656080023
"cloglog",16000,435,10,0,1600,1457.14393253594,-222.670477473483,1679.81441000943,1597.85349458125,1598.06810662966,2.14612048410452,58.7382475059725,53.6656169076049,53.665631459995,-2.39553558405016,1.5232528402778,0.99471953271024
"cloglog",16000,435,10,1,1600,1534.89355341945,-222.433526180097,1757.32707959954,1597.57386082117,1597.78848510813,2.14624286962801,58.7199202163824,53.6558849661463,53.665631459995,-1.0674453774928,2.97336619444578,0.868532920393097
"cloglog",16000,435,25,0,640,655.150566661908,-89.1123683999814,744.262935061889,637.91070919776,637.994246478114,2.08843200885939,36.3321224338478,35.0541944034477,35.0542436803306,0.474507303985265,3.03155415185701,0.310472751229608
"cloglog",16000,435,25,1,640,687.769744953445,-89.1333780560839,776.903123009529,637.79282819675,637.876298145338,2.08674871470665,36.3230788908512,35.0475521954886,35.0542436803306,1.3758997938163,3.96680555859437,0.0842304603763854
"cloglog",16000,435,50,0,320,426.858519788697,-44.5579425905902,471.416462379287,317.931932668768,317.973260717971,2.06640246014527,25.4950439585356,25.04382793819,25.0439613479976,4.27246123980348,6.12698673860982,4.25681098716556e-05
"cloglog",16000,435,50,1,320,432.575907344832,-44.566595300016,477.142502644848,317.870775533547,317.912106087221,2.06652768366581,25.4893463556019,25.0390179243071,25.0439613479976,4.50012056845372,6.35929080920749,1.93274888963316e-05
"cloglog",16000,436,2,0,8000,6849.66727195188,-1070.03184890379,7919.69912085567,7997.47378109756,7998.73684136875,2.52612054237422,147.966402578016,89.4427165747634,89.4427190999916,-7.75721034739961,-0.883668604217866,1
"cloglog",16000,436,2,1,8000,6923.56652861939,-1067.8237712073,7991.39029982669,7997.387228522,7998.6521914215,2.52992579900639,147.97098510792,89.4414902380419,89.4427190999916,-7.25696797327823,-0.0811915317542118,1
"cloglog",16000,436,5,0,3200,2762.02206948153,-428.04353231766,3190.06560179919,3197.75509062871,3198.20402951532,2.24469443309237,85.6915667684467,71.55416896496,71.5541752799933,-5.08489968825756,-0.113737995058255,0.999999994433772
"cloglog",16000,436,5,1,3200,2890.50635876111,-427.827431021463,3318.33378978257,3197.70202787127,3198.15092418134,2.24448155030151,85.6928110554074,71.5528848362993,71.5541752799933,-3.58484761238071,1.67963689900403,0.999963625025637
"cloglog",16000,436,10,0,1600,1452.04351196262,-214.066593670811,1666.11010563343,1597.84832885465,1598.06345846159,2.15129606937104,58.6153308484349,53.6656171276911,53.665631459995,-2.48748603448221,1.26797474461029,0.996010739961688
"cloglog",16000,436,10,1,1600,1616.97847564768,-213.866564957897,1830.84504060557,1597.81825349917,1598.03340392981,2.15150430644802,58.6153275467969,53.6645793756477,53.665631459995,0.326880748609848,4.33827376240291,0.364608809888089
"cloglog",16000,436,25,0,640,659.823666405147,-85.6057615551784,745.429427960325,637.908831169087,637.992443118665,2.09029873945588,36.3003397550781,35.0541934635231,35.0542436803306,0.603708818813302,3.06488252121554,0.266731989136267
"cloglog",16000,436,25,1,640,741.870347448995,-85.5387397139273,827.409087162923,637.893296314377,637.977017816625,2.09303755618533,36.2999135537929,35.0534832372269,35.0542436803306,2.8643883953204,5.40408689385598,0.00270202167241128
"cloglog",16000,436,50,0,320,412.248870925385,-42.7992973748076,455.048168300192,317.929544037365,317.97091914834,2.0687555487445,25.4837189711288,25.0438249224658,25.0439613479976,3.70116021899615,5.47349494640836,0.000283513807727598
"cloglog",16000,436,50,1,320,454.80576944218,-42.8100237077618,497.615793149941,317.922163234515,317.963557760697,2.06972630909364,25.4833169413211,25.0433197503113,25.0439613479976,5.37149879361697,7.17365897095219,7.05507272686559e-07
"cloglog",16000,437,2,0,8000,7052.36274904306,-1085.72384220056,8138.08659124363,7997.47303017146,7998.73646780977,2.52687527663388,148.276953393838,89.4427165982899,89.4427190999916,-6.37395265748472,1.55798178693195,0.999999999999997
"cloglog",16000,437,2,1,8000,6989.50886114633,-1086.36987502365,8075.87873616998,7997.41722455077,7998.67930593776,2.52416277398981,148.266590367348,89.4418601017898,89.4427190999916,-6.79794659678371,0.863124158468509,1
"cloglog",16000,437,5,0,3200,2858.02724581672,-434.294574281487,3292.3218200982,3197.77136213779,3198.21704612673,2.22841994470113,85.7774073527027,71.5541688384986,71.5541752799933,-3.96076457433716,1.31515431594032,0.999994669328929
"cloglog",16000,437,5,1,3200,2852.0630347033,-434.854733787317,3286.91776849062,3197.7263077413,3198.173484461,2.23588359850383,85.7721670774529,71.5532584500633,71.5541752799933,-4.03001678535026,1.24025496465053,0.999996333186699
"cloglog",16000,437,10,0,1600,1495.2351344129,-217.075882246515,1712.31101665942,1597.85830129682,1598.07243256239,2.14131265569239,58.6467079823471,53.6656166692956,53.665631459995,-1.74985383518548,2.12871091747639,0.967584313874516
"cloglog",16000,437,10,1,1600,1428.82373707656,-217.435276012214,1646.25901308877,1597.8392313686,1598.0531534932,2.13922124597005,58.6441917404888,53.6648810332047,53.665631459995,-2.88205002534556,0.898275719007821,0.999010145803338
"cloglog",16000,437,25,0,640,701.810022582354,-86.8586878484492,788.668710430803,637.914905367779,637.998274904291,2.08423841279643,36.3084441721716,35.054194188716,35.0542436803306,1.75978670172672,4.29821420841598,0.0401846521770989
"cloglog",16000,437,25,1,640,683.398009739331,-86.928166018958,770.326175758289,637.90651863017,637.989862178311,2.08358870353337,36.3074501130664,35.0536925830841,35.0542436803306,1.25295196901721,3.77524602483218,0.103743687795783
"cloglog",16000,437,50,0,320,386.646595417358,-43.3547686556098,430.001364072967,317.932242897229,317.973565174932,2.0661138851508,25.4866062397515,25.0438292879351,25.0439613479976,2.69609660359387,4.47326954716164,0.00503201946525617
"cloglog",16000,437,50,1,320,418.905686119911,-43.4139617448522,462.319647864764,317.929533973012,317.970817697659,2.0641862323753,25.4860578670149,25.0434639443078,25.0439613479976,3.96201533692614,5.76393227742418,0.000122158929658657
"cloglog",16000,438,2,0,8000,6849.95323750678,-1102.92834478777,7952.88158229455,7997.47220099178,7998.73605345502,2.52770492649199,150.85870081302,89.4427167735799,89.4427190999916,-7.60658123993312,-0.512668586270192,1
"cloglog",16000,438,2,1,8000,6881.29527346676,-1103.02052114166,7984.31579460841,7997.38766380629,7998.65531744479,2.53530727699958,150.8443817086,89.4415399603224,89.4427190999916,-7.39896559419488,-0.160322852700638,1
"cloglog",16000,438,5,0,3200,2827.78116045937,-441.135487371729,3268.9166478311,3197.75772203795,3198.20613602838,2.24206995216598,86.4946826955969,71.554169072544,71.5541752799933,-4.27744862514435,0.988209530195657,0.999999254822269
"cloglog",16000,438,5,1,3200,2798.26317053103,-441.070540504978,3239.333711036,3197.70457273037,3198.15360775141,2.24517510523221,86.4876259765621,71.5529550163496,71.5541752799933,-4.61848036281617,0.57551925388939,0.999999907964482
"cloglog",16000,438,10,0,1600,1504.75121685503,-220.589929276156,1725.34114613119,1597.84662080355,1598.0619212478,2.15300444242985,58.9094934959716,53.6656171770491,53.665631459995,-1.58031241526276,2.37170895591267,0.952621714863894
"cloglog",16000,438,10,1,1600,1524.51271692104,-220.640187753273,1745.15290467431,1597.81974315612,1598.03492337055,2.15180214428335,58.9060965768692,53.6646397883159,53.665631459995,-1.24447265215444,2.74143238236724,0.904654261640778
"cloglog",16000,438,25,0,640,706.365937098358,-88.2122010778072,794.578138176165,637.904118324846,637.987919269899,2.09502362631908,36.3764477085569,35.0541942660522,35.0542436803306,1.88203695209655,4.46708937931329,0.0308811007484568
"cloglog",16000,438,25,1,640,679.320808161022,-88.2763493652978,767.59715752632,637.894397140625,637.978105594669,2.09271135108996,36.3751036186717,35.0535257020747,35.0542436803306,1.13886716185552,3.69774649869184,0.124813398545863
"cloglog",16000,438,50,0,320,396.440230316523,-44.0929443699959,440.533174686519,317.922778045394,317.964289469969,2.07557122877804,25.5108378262714,25.0438287971354,25.0439613479976,3.07780766769922,4.89417517622423,0.00179546440290193
"cloglog",16000,438,50,1,320,386.083971428616,-44.1154919173022,430.199463345919,317.921390705896,317.962808089714,2.07086919089756,25.5101074257987,25.0433487638238,25.0439613479976,2.67198328823135,4.48169517242581,0.00532449877621715
"cloglog",16000,439,2,0,8000,6874.89304772698,-1047.46030769379,7922.35335542077,7997.48352135258,7998.74171564044,2.51638857571327,144.099531276273,89.4427169521414,89.4427190999916,-7.79038254797186,-0.854047851213471,1
"cloglog",16000,439,2,1,8000,7117.62600917893,-1053.36370271241,8170.98971189134,7996.41842995384,7997.67128102572,2.50570214376301,144.024127403552,89.4274576190782,89.4427190999916,-6.10170279534173,1.93808965926198,0.999999999999756
"cloglog",16000,439,5,0,3200,2743.14864473523,-418.926898578789,3162.07554331402,3197.77317275996,3198.21849673742,2.22661988729262,84.6306301303024,71.5541693709206,71.5541752799933,-5.37186745891837,-0.505113171477684,0.999999998838731
"cloglog",16000,439,5,1,3200,2923.38490924572,-420.46499612407,3343.84990536979,3197.09919578963,3197.5452479572,2.2302608378269,84.5872590365752,71.5380461328806,71.5541752799933,-3.23588078939366,2.04513074260971,0.999791345970003
"cloglog",16000,439,10,0,1600,1467.58365495056,-209.485053463035,1677.06870841359,1597.86188435788,1598.0756592843,2.1377492642571,58.2287071886183,53.6656176901352,53.665631459995,-2.23735397362192,1.47194894104065,0.990885898271182
"cloglog",16000,439,10,1,1600,1570.62929968702,-210.509377806307,1781.13867749333,1597.48880395621,1597.70222123309,2.13417276880405,58.2044703914756,53.6525632273505,53.665631459995,-0.461468064025657,3.41896910838964,0.68265472389593
"cloglog",16000,439,25,0,640,702.851266223051,-83.7747354798345,786.626001702885,637.91769936939,638.000958460912,2.0814772880547,36.2006540787233,35.0541964547739,35.0542436803306,1.79371253106239,4.23986450334771,0.0378752927155209
"cloglog",16000,439,25,1,640,690.668421880817,-84.2559384126989,774.924360293516,637.757639921957,637.840895935428,2.08140033679528,36.1887069655709,35.0453156852685,35.0542436803306,1.4620799248008,3.91160592157858,0.0729388247098537
"cloglog",16000,439,50,0,320,421.210618315517,-41.8869621455235,463.097580461041,317.93452620441,317.9758040052,2.06389003953676,25.4482605461205,25.0438345564281,25.0439613479976,4.05827706471088,5.79471071528028,9.048102279062e-05
"cloglog",16000,439,50,1,320,399.261350889116,-42.1671119654975,441.428462854614,317.852272363014,317.893562972209,2.06453045971389,25.4407270011431,25.0374089053967,25.0439613479976,3.199950949611,4.9340129543428,0.00131275472228987
"cloglog",16000,440,2,0,8000,7005.99933752301,-1080.97975636979,8086.9790938928,7997.47143640592,7998.73567236329,2.52847191473791,150.646334566811,89.4427166645523,89.4427190999916,-6.58145517933725,0.986591472399709,1
"cloglog",16000,440,2,1,8000,7124.53965569695,-1081.00920345392,8205.54885915087,7997.47663317001,7998.73439571148,2.51552508294437,150.649404887558,89.4426013597038,89.4427190999916,-5.79449336772759,2.31225903870641,0.999999999999624
"cloglog",16000,440,5,0,3200,2806.4362290778,-432.322660565505,3238.7588896433,3197.75918592212,3198.20730602342,2.24060050650541,86.4354464526298,71.554169038783,71.5541752799933,-4.52734350205256,0.566725659240051,0.999999832924844
"cloglog",16000,440,5,1,3200,2849.57683030419,-432.40416349166,3281.98099379585,3197.7518770298,3198.2004848589,2.24303914545628,86.4367044805377,71.5540516320917,71.5541752799933,-4.02809256574572,1.17087023062967,0.999996868974248
"cloglog",16000,440,10,0,1600,1500.62885678718,-216.168203439998,1716.79706022718,1597.85490198272,1598.06937400502,2.14472022299189,58.8877499476992,53.6656170775299,53.665631459995,-1.65104024660286,2.21236040294921,0.959663954967838
"cloglog",16000,440,10,1,1600,1496.82139668023,-216.19823673114,1713.01963341137,1597.85114855585,1598.06571987138,2.14571315533547,58.8882224443951,53.6655214344794,53.665631459995,-1.71561897578108,2.14204409958698,0.965398843258124
"cloglog",16000,440,25,0,640,677.193623429009,-86.4763915631705,763.67001499218,637.91197199836,637.995459039813,2.08717603631363,36.3708176843944,35.0541944981756,35.0542436803306,1.08003212277252,3.58515030088361,0.136958652775884
"cloglog",16000,440,25,1,640,663.42658957486,-86.5265859043647,749.953175479224,637.90975644496,637.993284859653,2.08821036732219,36.3709073189279,35.0541290078781,35.0542436803306,0.701572630733368,3.19391449134022,0.235402763265816
"cloglog",16000,440,50,0,320,428.214370923251,-43.230837629559,471.44520855281,317.929509978949,317.970886447702,2.06882343763468,25.5088337442612,25.0438275776434,25.0439613479976,4.32339879000201,6.12822946609462,3.53829311265123e-05
"cloglog",16000,440,50,1,320,382.685980548013,-43.2671802470011,425.953160795014,317.929254448568,317.970623935152,2.06847432915216,25.5088419779673,25.0437799776711,25.0439613479976,2.53859921024156,4.31175074034907,0.00744235553936738
"cloglog",16000,441,2,0,8000,6817.82973997301,-1222.61797233709,8040.4477123101,7997.47506065381,7998.73748045828,2.52483960892855,161.754484437166,89.4427164932867,89.4427190999916,-7.29281370334458,0.466334582480577,1
"cloglog",16000,441,2,1,8000,6862.93596584964,-1219.63568002231,8082.57164587195,7997.34457267641,7998.6031811707,2.51721698858296,161.737218635582,89.4405162033245,89.4427190999916,-7.01389956125538,0.938819097492295,1
"cloglog",16000,441,5,0,3200,2808.04812943018,-489.012461653024,3297.06059108321,3197.76660923616,3198.21324300306,2.23316883451436,89.589708301088,71.5541687196851,71.5541752799933,-4.3500362619357,1.38143381229658,0.999999812368732
"cloglog",16000,441,5,1,3200,2776.11593480773,-488.165530678477,3264.28146548621,3197.68164155094,3198.12767497694,2.23016713002336,89.5804718234264,71.5519894331492,71.5541752799933,-4.70600007079848,0.924555571876504,0.999999982895971
"cloglog",16000,441,10,0,1600,1486.56684769104,-244.522158767825,1731.08900645886,1597.86166197465,1598.07545711084,2.13795136194673,60.0547565776397,53.6656165631166,53.665631459995,-1.85322230287836,2.47856184027216,0.977626452053353
"cloglog",16000,441,10,1,1600,1447.27651497768,-244.222496831737,1691.49901180942,1597.81602535372,1598.02945999514,2.13434641413747,60.0500754941192,53.6638871724784,53.665631459995,-2.50689960232917,1.7417588762041,0.996955768233699
"cloglog",16000,441,25,0,640,656.011657087684,-97.7618858653162,753.773542953,637.915868638464,637.999198107306,2.08323672103817,36.674849330732,35.0541919776731,35.0542436803306,0.493411391715143,3.30272467610818,0.302165585630662
"cloglog",16000,441,25,1,640,666.766416412861,-97.7149404564551,764.481356869316,637.896652194594,637.979910324612,2.08145325044509,36.6728519890706,35.0530215352316,35.0542436803306,0.787224408586222,3.60885997852018,0.208365467351413
"cloglog",16000,441,50,0,320,406.975240834807,-48.9028452035771,455.878086038384,317.932754012933,317.974064136784,2.06550619255652,25.617406488055,25.043821446379,25.0439613479976,3.47585876280619,5.5065087489489,0.000537749540244425
"cloglog",16000,441,50,1,320,422.138146248529,-48.8569513051687,470.995097553697,317.922767071974,317.964063037888,2.0647982957041,25.6162646515188,25.0429772377652,25.0439613479976,4.0683284856044,6.11073647765156,8.00861118992037e-05
"cloglog",16000,442,2,0,8000,7008.90420687288,-1085.43671305609,8094.34091992897,7997.4613470606,7998.73062418067,2.53855424012441,151.650830665509,89.4427166349697,89.4427190999916,-6.51863979807765,1.06895563267047,1
"cloglog",16000,442,2,1,8000,6929.80523489778,-1085.08439018553,8014.88962508331,7997.46042699539,7998.72828591821,2.53571784562972,151.652433301824,89.4426597619159,89.4427190999916,-7.04014547509915,0.180689384775941,1
"cloglog",16000,442,5,0,3200,2788.25752135947,-434.179636615676,3222.43715797514,3197.76056732127,3198.20841157771,2.23922128220642,86.7160342802898,71.5541690299201,71.5541752799933,-4.72234517365238,0.338607054290602,0.999999956441943
"cloglog",16000,442,5,1,3200,2792.09329982308,-433.986117059109,3226.07941688218,3197.7524970672,3198.20146965446,2.24486293631893,86.7167248346001,71.5541098321084,71.5541752799933,-4.67798107017835,0.389606513072878,0.999999941837211
"cloglog",16000,442,10,0,1600,1475.86897223944,-217.069659304033,1692.93863154347,1597.85178618288,1598.06656927885,2.14783095969204,58.9907856552283,53.6656168420831,53.665631459995,-2.06782826484755,1.76783698478284,0.986311549222615
"cloglog",16000,442,10,1,1600,1461.37506731444,-216.929186429342,1678.30425374378,1597.84811615077,1598.06312920424,2.15013053470675,58.9910503311655,53.6655689287789,53.665631459995,-2.31345344878927,1.49520681772749,0.993382271167683
"cloglog",16000,442,25,0,640,675.322905608552,-86.7919210858621,762.114826694414,637.905365350421,637.98911586407,2.09376284122554,36.3975182158514,35.0541934955922,35.0542436803306,1.02802449431388,3.54096609998892,0.148309844085604
"cloglog",16000,442,25,1,640,695.212177503587,-86.7518271789225,781.964004682509,637.90161356151,637.98549042297,2.09692153650498,36.3975732939767,35.0541604981186,35.0542436803306,1.57457101546824,4.10731599940231,0.0576691663523789
"cloglog",16000,442,50,0,320,410.727799347271,-43.3925456792545,454.120345026525,317.922676499055,317.964189592517,2.07565467309397,25.5183513773371,25.0438274822014,25.0439613479976,3.63679931653564,5.43671511596118,0.000341844671509259
"cloglog",16000,442,50,1,320,404.411319634875,-43.3658330651699,447.777152700045,317.921324330043,317.962858680028,2.07671749924716,25.5183597433565,25.0438046393379,25.0439613479976,3.38932424241528,5.18348932558392,0.0007276878338633
"cloglog",16000,443,2,0,8000,7135.77514122284,-1078.89266171131,8214.66780293415,7997.47736895429,7998.73863817042,2.52253843227599,149.008578604148,89.4427166272208,89.4427190999916,-5.78290347980982,2.41416152042519,0.999999999999246
"cloglog",16000,443,2,1,8000,7082.91807887011,-1078.52278552755,8161.44086439767,7997.06269633551,7998.32266144337,2.51993021570671,148.969400744798,89.4364745151779,89.4427190999916,-6.1364589834891,1.8238442854388,0.999999999999974
"cloglog",16000,443,5,0,3200,2940.52268234988,-431.483643259211,3372.00632560909,3197.76474085827,3198.21175019074,2.23504666234732,85.9800222330199,71.5541690211829,71.5541752799933,-2.99188173982119,2.42885324217656,0.999519635109821
"cloglog",16000,443,5,1,3200,2858.77456971558,-431.973143293011,3290.74771300859,3197.50075664152,3197.94711643072,2.23179894599893,85.9589725398043,71.5477235281168,71.5541752799933,-3.94055648779535,1.29704471367834,0.9999944161179
"cloglog",16000,443,10,0,1600,1543.89841329633,-215.803177124455,1759.70159042079,1597.85957899407,1598.07358369893,2.14004704858626,58.7208372921189,53.6656171515363,53.665631459995,-0.918944078220408,3.01176088715179,0.830509380792386
"cloglog",16000,443,10,1,1600,1506.74359386754,-216.191183601878,1722.93477746941,1597.71402721307,1597.92754234973,2.13515136659261,58.7095086881203,53.6603933493758,53.665631459995,-1.54950084540468,2.32959967896205,0.948886662944643
"cloglog",16000,443,25,0,640,742.344591336297,-86.3634371589799,828.708028495277,637.917611213452,638.000872743116,2.08153824160231,36.3276161768158,35.0541946631458,35.0542436803306,2.87458939266953,5.44035193461912,0.00260368642949805
"cloglog",16000,443,25,1,640,755.504934611165,-86.5422213620681,842.047155973233,637.856099217519,637.939250613876,2.07878490892884,36.3223686414823,35.0506284209125,35.0542436803306,3.23901881385798,5.82323098200371,0.00088839981944249
"cloglog",16000,443,50,0,320,438.645335574771,-43.2190558384026,481.864391413173,317.936669923257,317.977903748323,2.0616912533039,25.493441241738,25.043829865641,25.0439613479976,4.73489100615766,6.54398662441382,8.12598719986339e-06
"cloglog",16000,443,50,1,320,452.058237033055,-43.2971482062327,495.355385239288,317.900940931397,317.942240479996,2.0649774299421,25.4902716873937,25.0412738146681,25.0439613479976,5.26307831265706,7.08482907348631,1.08366747369275e-06
"cloglog",16000,444,2,0,8000,6972.23614806506,-1049.72989104038,8021.96603910544,7997.47945459823,7998.73968098069,2.52045276492603,143.533913008625,89.4427169086871,89.4427190999916,-7.14286460281734,0.259678584545438,1
"cloglog",16000,444,2,1,8000,7130.30993244959,-1050.03528572088,8180.34521817048,7997.05777106149,7998.31491212716,2.51428213134617,143.495914294584,89.436710841436,89.4427190999916,-6.04022660068592,2.03529741121675,0.999999999999462
"cloglog",16000,444,5,0,3200,3061.32417771171,-419.84521975048,3481.16939746219,3197.76620005046,3198.21291881013,2.23359379835723,84.4767083331521,71.5541693124047,71.5541752799933,-1.61514368908245,3.95443733567326,0.95778917230776
"cloglog",16000,444,5,1,3200,2984.0971777944,-420.862275469791,3404.95945326419,3197.49511377246,3197.94213726275,2.23511745146918,84.4555820278672,71.5477034762041,71.5541752799933,-2.52674756190354,2.89341664292957,0.996817015673436
"cloglog",16000,444,10,0,1600,1539.35120556458,-209.917212031451,1749.26841759603,1597.85891679504,1598.0729884677,2.14071672663663,58.1728008579348,53.6656175295777,53.665631459995,-1.00575716430336,2.81736120980991,0.850496160934939
"cloglog",16000,444,10,1,1600,1543.857450084,-210.130209040102,1753.9876591241,1597.70649467431,1597.92070562168,2.14210947370767,58.1616149454512,53.6603895461162,53.665631459995,-0.925851949620219,2.90842006221925,0.830696573263585
"cloglog",16000,444,25,0,640,734.861058493743,-83.9424577137984,818.803516207541,637.910806477197,637.99434065991,2.08835456780909,36.1862668664918,35.0541954411591,35.0542436803306,2.67920016105117,5.15798960073501,0.00460975132359692
"cloglog",16000,444,25,1,640,689.096606327082,-84.006760653108,773.10336698019,637.846983507228,637.930491801922,2.08770736734678,36.1810622436996,35.0506229772922,35.0542436803306,1.41647645596084,3.85650421294484,0.0789048380874946
"cloglog",16000,444,50,0,320,447.35892664637,-41.9528843882469,489.311811034617,317.929002943967,317.970390658568,2.06938573003917,25.4431420156516,25.0438323194816,25.0439613479976,5.08702595075653,6.84166137954705,2.22905426268433e-06
"cloglog",16000,444,50,1,320,428.59814115978,-41.985537061668,470.583678221448,317.897221375079,317.938585285122,2.06819550215014,25.439959495173,25.0412375394536,25.0439613479976,4.35145817766358,6.09574877023655,3.35699763007785e-05
"cloglog",16000,445,2,0,8000,7137.65237018293,-1004.91754949978,8142.56991968271,7997.48043585894,7998.74017284642,2.51947397496707,143.252662302398,89.442716837967,89.4427190999916,-6.00217861124956,1.60806549623086,0.999999999999153
"cloglog",16000,445,2,1,8000,7015.46356286749,-1009.21080839002,8024.67437125751,7997.08720284265,7998.35167173761,2.52893778993575,143.216822804728,89.437342247666,89.4427190999916,-6.85410848216881,0.294314420111053,1
"cloglog",16000,445,5,0,3200,2932.57733112751,-401.95530730872,3334.53263843623,3197.75576163428,3198.20456775005,2.24403057885121,84.4002830749561,71.5541692704899,71.5541752799933,-3.14191399418966,1.90524286811056,0.999671547776657
"cloglog",16000,445,5,1,3200,2866.85295000041,-403.858861417162,3270.71181141757,3197.50852917795,3197.95752534558,2.24498083817989,84.3806247752969,71.5482957305083,71.5541752799933,-3.91861970752245,1.01685561241074,0.999990840313853
"cloglog",16000,445,10,0,1600,1622.35161701547,-200.992901686219,1823.34451870169,1597.85525258862,1598.0696904989,2.14437910279779,58.1450590322059,53.6656174909616,53.665631459995,0.421297438416618,4.19774967167258,0.329838814490927
"cloglog",16000,445,10,1,1600,1498.01115182723,-201.806696113649,1699.81784794088,1597.71317290953,1597.92791000095,2.14737091416551,58.1345926042256,53.6608121118303,53.665631459995,-1.71502055172323,1.89877741185853,0.963682501858966
"cloglog",16000,445,25,0,640,740.770048465796,-80.3561157230021,821.126164188798,637.913051873274,637.996496113417,2.08610600358147,36.1791391010025,35.0541954222222,35.0542436803306,2.84299182203793,5.22418688746422,0.00294338039699306
"cloglog",16000,445,25,1,640,690.811907639572,-80.7150035169799,771.526911156552,637.846894671922,637.930618334158,2.09309155591273,36.1742956186543,35.0509175550917,35.0542436803306,1.46416155620561,3.81149202763131,0.0724123214744894
"cloglog",16000,445,50,0,320,434.721344734554,-40.1423066926387,474.863651427193,317.930562355729,317.971918822375,2.0678233322854,25.440608314545,25.0438321301609,25.0439613479976,4.59072286852722,6.26468552374098,1.42754567752309e-05
"cloglog",16000,445,50,1,320,401.284466417386,-40.2998392425145,441.584305659901,317.896312907978,317.937743977446,2.07155347340085,25.4376360531069,25.0414304428521,25.0439613479976,3.27814083570173,4.93767965710397,0.00104410837535641
"cloglog",16000,446,2,0,8000,6990.70124027594,-1080.39463719369,8071.09587746963,7997.47517934858,7998.73754366063,2.52472862410337,149.4401355417,89.4427168049804,89.4427190999916,-6.73697153327132,0.808990786435577,1
"cloglog",16000,446,2,1,8000,6869.56247007722,-1080.37064148551,7949.93311156273,7997.46737969028,7998.73179970338,2.52884002619711,149.441901252016,89.4426623817321,89.4427190999916,-7.54744753756166,-0.545586265448848,1
"cloglog",16000,446,5,0,3200,2916.34402219597,-432.173483002115,3348.51750519809,3197.7615394767,3198.20918928028,2.23824901788872,86.099780527353,71.5541691365136,71.5541752799933,-3.26850446722473,2.10062275520315,0.999854088885627
"cloglog",16000,446,5,1,3200,2919.15429274923,-431.937128844668,3351.0914215939,3197.75423459959,3198.20287202059,2.24318710498697,86.1005311569944,71.5541119082555,71.5541752799933,-3.2357517207689,2.1366843287684,0.99983151915984
"cloglog",16000,446,10,0,1600,1559.66735374922,-216.073530401031,1775.74088415025,1597.85402730127,1598.0685874622,2.14560160932527,58.7646924535809,53.6656173576052,53.665631459995,-0.649823422154602,3.3107286459432,0.74912476162922
"cloglog",16000,446,10,1,1600,1543.39806492388,-215.980192001857,1759.37825692573,1597.85048730731,1598.06526716559,2.14779858277216,58.7649796987538,53.6655706640896,53.665631459995,-0.926613480725592,3.00589349491613,0.832786988574813
"cloglog",16000,446,25,0,640,766.299310741239,-86.4289587164059,852.728269457645,637.90968013552,637.993258957651,2.08947055327763,36.3389643582868,35.0541949218988,35.0542436803306,3.53311198799867,6.1258006631853,0.000344252231717265
"cloglog",16000,446,25,1,640,773.917043069086,-86.4039488134484,860.320991882535,637.909604860278,637.993164438145,2.0889894466754,36.3390231283078,35.0541640623046,35.0542436803306,3.74273787516483,6.34240848103605,0.000170228911420736
"cloglog",16000,446,50,0,320,466.505195873712,-43.2606843538151,509.765880227527,317.926454974982,317.967892891544,2.07189582813127,25.4974869570169,25.0438292038543,25.0439613479976,5.82719156398435,7.65849286763478,1.06786530917924e-07
"cloglog",16000,446,50,1,320,470.781224598402,-43.2100584738445,513.991283072246,317.926761019915,317.968186998164,2.07129891245528,25.4974970541261,25.0438062937492,25.0439613479976,5.99488111535055,7.82720860299134,5.22938298122604e-08
"cloglog",16000,447,2,0,8000,7009.0616596421,-1035.77740574057,8044.83906538266,7997.4664014779,7998.73315656542,2.53351017502682,143.065424713872,89.4427170423606,89.4427190999916,-6.90876040673413,0.515479743257494,1
"cloglog",16000,447,2,1,8000,7231.08343594285,-1035.06120685871,8266.14464280155,7997.41298427111,7998.67775392085,2.52953929948289,143.070161191912,89.4418844392853,89.4427190999916,-5.35631987791164,2.99039863211142,0.999999999812252
"cloglog",16000,447,5,0,3200,2913.51931033997,-414.29910359575,3327.81841393572,3197.75668405931,3198.20530611492,2.24311027806029,84.3494553124957,71.5541693967171,71.5541752799933,-3.36975944499353,1.81139839807495,0.999873908428627
"cloglog",16000,447,5,1,3200,2860.33554778776,-413.97161912135,3274.30716690911,3197.71262498665,3198.16276397309,2.25069493222317,84.3509149684698,71.553295031689,71.5541752799933,-3.99968485611566,1.06416347286725,0.999993849846122
"cloglog",16000,447,10,0,1600,1540.94965005177,-207.14667837908,1748.09632843085,1597.85398232844,1598.06854800049,2.14565672045955,58.1266191627267,53.6656178396162,53.665631459995,-0.978971994179999,2.79560333915707,0.843653050914283
"cloglog",16000,447,10,1,1600,1533.0311725435,-206.873071288535,1739.90424383203,1597.82889520787,1598.04389966373,2.15004455860705,58.1268589140913,53.6649018146201,53.665631459995,-1.11476387809182,2.64344738127627,0.875613972675022
"cloglog",16000,447,25,0,640,684.992320398677,-82.8440143702335,767.83633476891,637.908206837941,637.991845407566,2.09096424064483,36.1743957756597,35.054196211423,35.0542436803306,1.30158673147534,3.7041068800497,0.0962691930922028
"cloglog",16000,447,25,1,640,712.629063785477,-82.7476278613315,795.376691646809,637.898720363889,637.982382549513,2.09155464061249,36.1741647664308,35.0537030729282,35.0542436803306,2.06584848341646,4.49009078355691,0.0211080311548541
"cloglog",16000,447,50,0,320,415.830833239162,-41.4169337074107,457.247766946573,317.927961512483,317.969370277552,2.07043825342612,25.4389229450617,25.043833221597,25.0439613479976,3.84854625874341,5.56138493003987,0.000181068000290287
"cloglog",16000,447,50,1,320,426.248355093792,-41.3866972643208,467.635052358112,317.922104824206,317.963540427022,2.07178014076115,25.4386616893667,25.0434778387739,25.0439613479976,4.25833133803833,5.97646672297886,4.62388052086015e-05
"cloglog",16000,448,2,0,8000,6990.09868923839,-1123.08349092659,8113.18218016499,7997.47360062027,7998.73675351199,2.52630578343568,152.185345850746,89.4427167203311,89.4427190999916,-6.61939496047039,1.27953880259303,1
"cloglog",16000,448,2,1,8000,6952.22650937321,-1124.28285668261,8076.50936605582,7997.39942542875,7998.66259884178,2.52634682606039,152.176168284327,89.4416272213094,89.4427190999916,-6.86817737520329,0.870363941628847,1
"cloglog",16000,448,5,0,3200,2879.63454488328,-449.292110812606,3328.92665569588,3197.76382496922,3198.21101750927,2.23596270026044,86.8657335217649,71.5541689960565,71.5541752799933,-3.66231040927351,1.82680673985354,0.999980451247686
"cloglog",16000,448,5,1,3200,2899.7367889071,-449.900504202401,3349.6372931095,3197.70956808446,3198.15813976981,2.24285842673239,86.8608230019566,71.5530209700634,71.5541752799933,-3.43046230601163,2.11701967696193,0.999939414402925
"cloglog",16000,448,10,0,1600,1536.71887972521,-224.704246040618,1761.42312576582,1597.85785788063,1598.07203411006,2.14176229433613,59.0458257430936,53.6656168769335,53.665631459995,-1.0354496255406,3.04386870331447,0.861333280174247
"cloglog",16000,448,10,1,1600,1538.2418613806,-225.065848615533,1763.30770999613,1597.82530332518,1598.04006396281,2.14760637629245,59.0433572735803,53.6646890806607,53.665631459995,-1.00914725543979,3.07963483744243,0.855128793832397
"cloglog",16000,448,25,0,640,720.164920722219,-89.8886447809883,810.053565503207,637.918260711321,638.001495985079,2.08088184395248,36.4118004721983,35.0541943256873,35.0542436803306,2.25879135182278,4.9081735532016,0.0129830647849848
"cloglog",16000,448,25,1,640,732.493350540955,-90.0661493911849,822.55949993214,637.901909277995,637.985339779352,2.08576253392033,36.4107305381226,35.053557507492,35.0542436803306,2.59790012078778,5.26549010363183,0.00548911840165861
"cloglog",16000,448,50,0,320,445.163603384762,-44.9239187753047,490.087522160067,317.935450340185,317.976708310996,2.0628985405531,25.5234443574091,25.043828776326,25.0439613479976,4.98475641700155,6.87238422631957,3.10457529368826e-06
"cloglog",16000,448,50,1,320,475.095594486351,-45.0460729747668,520.141667461118,317.926006607115,317.96733494199,2.06641674377029,25.5228203660229,25.0433620426893,25.0439613479976,6.15800235339459,8.0729708804472,2.51260586036861e-08
"cloglog",16000,449,2,0,8000,6903.6586799505,-1120.23154328994,8023.89022324044,7997.47677088764,7998.73834004823,2.52313832118456,148.474825239383,89.442716809738,89.4427190999916,-7.36702730024162,0.281206610100159,1
"cloglog",16000,449,2,1,8000,6971.95802754084,-1119.05830355264,8091.01633109348,7995.62476385512,7996.88581317864,2.52209864703818,148.349675808281,89.4151747930722,89.4427190999916,-6.90036382443606,1.05273537889607,1
"cloglog",16000,449,5,0,3200,2926.92050242432,-448.059022036232,3374.97952446055,3197.76537438439,3198.21225713369,2.23441374653932,85.832158119867,71.5541691194769,71.5541752799933,-3.15551744116492,2.4703978748143,0.99975112349544
"cloglog",16000,449,5,1,3200,2917.32166094904,-449.970594191771,3367.29225514081,3196.58080414508,3197.02853895621,2.2386740556549,85.7584565156671,71.5255314695824,71.5541752799933,-3.2563452578583,2.38046069265501,0.999846578099898
"cloglog",16000,449,10,0,1600,1491.40714756805,-224.007593058308,1715.41474062636,1597.86215787454,1598.07590516346,2.13747288921221,58.6667334822751,53.6656174266838,53.665631459995,-1.81457197269469,2.18648067588537,0.97239795358673
"cloglog",16000,449,10,1,1600,1520.48079742885,-225.091268273473,1745.57206570233,1597.1908223871,1597.40577549841,2.14953111309198,58.6248148578473,53.6426278279502,53.665631459995,-1.30849069876388,2.76209977406652,0.916544376433565
"cloglog",16000,449,25,0,640,681.075949430479,-89.5924575789536,770.668407009432,637.917818944194,638.001072361346,2.08133542878708,36.3136251378859,35.0541950175134,35.0542436803306,1.18848311955662,3.78463503674252,0.115392660526702
"cloglog",16000,449,25,1,640,672.504302743349,-90.167502316543,762.671805059892,637.630675015537,637.714063196771,2.08470453084725,36.2927528364369,35.0384350411177,35.0542436803306,0.960897837785387,3.5663048796695,0.166613819040258
"cloglog",16000,449,50,0,320,401.145563291051,-44.8091452756411,445.954708566692,317.93657557421,317.977811602506,2.06180141480421,25.4884555018672,25.0438311081039,25.0439613479976,3.2645755138339,5.11011659565033,0.00106077576947971
"cloglog",16000,449,50,1,320,427.196832062999,-45.0644632893294,472.261295352328,317.79071228149,317.831946874522,2.06172965157539,25.4750819241928,25.0323325525073,25.0439613479976,4.29463269665128,6.16919530586607,4.06546802743765e-05
"cloglog",16000,450,2,0,8000,6853.82515211748,-1084.93588748173,7938.76103959921,7997.47405903651,7998.73698251042,2.52584694782014,145.306398106787,89.4427168117167,89.4427190999916,-7.87060254620414,-0.670551443975743,1
"cloglog",16000,450,2,1,8000,6979.29636302303,-1084.78927165454,8064.08563467757,7997.47684875933,7998.73639320451,2.51908889035206,145.304320274107,89.442660321958,89.4427190999916,-7.00722789119814,0.730627211196877,1
"cloglog",16000,450,5,0,3200,2907.08999746934,-434.012282498448,3341.10227996779,3197.76281238957,3198.21020788215,2.2369774628863,84.9601493180868,71.5541691926409,71.5541752799933,-3.42128418150449,1.99697758632263,0.999910039300255
"cloglog",16000,450,5,1,3200,2887.21096789853,-434.046067451134,3321.25703534966,3197.75902956676,3198.20667636466,2.23823398953799,84.9592160593193,71.5541089608739,71.5541752799933,-3.65526044227385,1.71968263978081,0.999969796467536
"cloglog",16000,450,10,0,1600,1561.23651380627,-216.970789514172,1778.20730332045,1597.8564151695,1598.07073672718,2.14321557684292,58.3485460577502,53.6656174090224,53.665631459995,-0.627606064544975,3.35664761331856,0.740062676042867
"cloglog",16000,450,10,1,1600,1566.73898707481,-217.019356643832,1783.75834371865,1597.85271460845,1598.06726480956,2.14550201108715,58.3481347027913,53.665568481371,53.665631459995,-0.533242882435233,3.46015302108553,0.707055468116658
"cloglog",16000,450,25,0,640,722.442910461196,-86.8431983256725,809.286108786869,637.910519882261,637.994065173642,2.08863228451653,36.2315104930668,35.0541949032048,35.0542436803306,2.33311803533863,4.88649201860764,0.0111417892742641
"cloglog",16000,450,25,1,640,725.925165045074,-86.8438466398193,812.769011684894,637.913366088946,637.99677361721,2.08518820659618,36.2313757705289,35.0541617386876,35.0542436803306,2.42915972922337,4.98577713455335,0.00877164227630814
"cloglog",16000,450,50,0,320,426.410914216015,-43.3598861766354,469.770800392651,317.930078217727,317.971443968067,2.06828751695423,25.4592287477287,25.0438302928651,25.0439613479976,4.26096316872778,6.06134743165988,4.52323393065504e-05
"cloglog",16000,450,50,1,320,445.274877669608,-43.3947872022335,488.669664871842,317.929453963763,317.970825841312,2.06859387740685,25.4591659222101,25.0438052699138,25.0439613479976,5.00194798584313,6.81601047407913,3.05314236257202e-06
