"scen","n","rep","m","oracle","G","HL","C","EF","mu","muEF","d","sdHL","sdEF","sdEF_simple","zHL","zEF","pHL_chisq"
"cloglog",4000,1,2,0,2000,1749.39042622757,-269.482744297066,2018.87317052463,1997.51482752422,1998.75723392214,2.48481279585599,72.8765625844924,44.721340450059,44.7213595499958,-3.40472152496181,0.449806208849087,0.999979186660288
"cloglog",4000,1,2,1,2000,1749.61612359472,-269.09124695741,2018.70737055213,1997.27561970295,1998.5386718831,2.52610436030671,72.8489346683125,44.7156161135077,44.7213595499958,-3.39963099303845,0.451043738675804,0.99997883298278
"cloglog",4000,1,5,0,800,760.001891399287,-107.771234595491,867.773125994779,797.767020878239,798.213448354261,2.23213738010858,42.5410595647745,35.7770386945047,35.7770876399966,-0.887733635817167,1.94425475608751,0.828922817871891
"cloglog",4000,1,5,1,800,733.051156804069,-108.203021483644,841.254178287713,797.622255894103,798.072805519803,2.25274812849596,42.5254780596645,35.7710667095251,35.7770876399966,-1.51840971662774,1.20715921385739,0.951065810890586
"cloglog",4000,1,10,0,400,422.399854671992,-53.771963485292,476.171818157284,397.869436055502,398.082342672455,2.12906616952644,29.1961882581631,26.8327000675012,26.8328157299975,0.840192507308934,2.91023546972108,0.191801496395036
"cloglog",4000,1,10,1,400,399.89886859702,-54.08731609989,453.98618469691,397.787770142261,398.001662625607,2.13892483345242,29.1873641891555,26.8277349189875,26.8328157299975,0.0723291915322445,2.08681509044135,0.463817918754589
"cloglog",4000,1,25,0,160,210.894538583207,-21.552383848359,232.446922431566,157.922643866407,158.005607382558,2.0740879037714,18.1207202189003,17.5267436497646,17.5271218401653,2.9232775561288,4.24729867319129,0.00313944242202953
"cloglog",4000,1,25,1,160,193.374868811411,-21.6700695745919,215.044938386003,157.885739045966,157.968946862048,2.08019540205055,18.1162237537669,17.5233303352063,17.5271218401653,1.95896949871056,3.25714293071808,0.0290362361478756
"cloglog",4000,1,50,0,80,111.391156276683,-10.6748979163355,122.066054193018,77.9379572965406,77.9790720218848,2.05573626721338,12.730161171287,12.520967479479,12.5219806739988,2.62786924140413,3.52105236623202,0.00781467505903149
"cloglog",4000,1,50,1,80,110.396165602162,-10.824835274734,121.221000876896,77.9202027172508,77.9613579023315,2.05775925403834,12.72725405747,12.5184888780187,12.5219806739988,2.55168654120251,3.45566013566737,0.00927927676683091
"cloglog",4000,2,2,0,2000,1726.48965520502,-260.117257082505,1986.60691228752,1997.45402593643,1998.72682820981,2.54560454675978,74.4014351319257,44.7213401337719,44.7213595499958,-3.64192397970481,-0.271009676499698,0.999996538399787
"cloglog",4000,2,2,1,2000,1660.09510809322,-260.359547400822,1920.45465549405,1997.4791402468,1998.73820315185,2.51812581009017,74.3996956321591,44.7212665531274,44.7213595499958,-4.53475016647443,-1.7504769808969,0.999999992851839
"cloglog",4000,2,5,0,800,737.01981338526,-104.078578683084,841.098392068344,797.743778853228,798.194857093859,2.2553912031555,42.961292814321,35.7770385735086,35.7770876399966,-1.41345759147465,1.19919190310664,0.939468639364614
"cloglog",4000,2,5,1,800,760.586272625854,-104.18426268006,864.770535305914,797.74435146815,798.195022157558,2.25335344703895,42.9605156346697,35.7769668253758,35.7770876399966,-0.864935587791438,1.86084844680391,0.825056794994844
"cloglog",4000,2,10,0,400,397.368861967983,-52.0221376303161,449.390999598299,397.854326561478,398.068745263573,2.14418702094903,29.3496615424064,26.8327033258602,26.8328157299975,-0.0165407220384207,1.91267550315232,0.499499958842542
"cloglog",4000,2,10,1,400,381.620111167975,-52.1238081637197,433.743919331694,397.838436598925,398.054363311718,2.15926712792694,29.3493086979205,26.8326466403119,26.8328157299975,-0.552596505692123,1.3300796040879,0.713968862872639
"cloglog",4000,2,25,0,160,181.871001874752,-20.7522953325892,202.623297207341,157.907619447179,157.991180546846,2.08902749166266,18.160357623694,17.5267351127901,17.5271218401653,1.31954353125222,2.54651630057013,0.0938048076204519
"cloglog",4000,2,25,1,160,181.750918865744,-20.7630034645951,202.513922330339,157.90564610191,157.989271415532,2.09063284053584,18.1602289829417,17.5266940667728,17.5271218401653,1.31304912433825,2.54039071744952,0.0948392785432703
"cloglog",4000,2,50,0,80,107.267788003852,-10.3668808759939,117.634668879846,77.9325539067156,77.9737713653299,2.06087293071491,12.7442365700401,12.5209263207468,12.5219806739988,2.3018431850284,3.16756895604434,0.0156510755192009
"cloglog",4000,2,50,1,80,104.860326575049,-10.3699028412647,115.230229416314,77.9336243590085,77.9748164230878,2.05960320396537,12.7441718002776,12.5208948798536,12.5219806739988,2.11286403212598,2.97545929030766,0.022974149045339
"cloglog",4000,3,2,0,2000,1761.40571621108,-284.859999223606,2046.26571543469,1997.44417330854,1998.72189957553,2.55545253396997,73.6860408941789,44.7213420675367,44.7213595499958,-3.2032994883853,1.06311245729969,0.999950076493576
"cloglog",4000,3,2,1,2000,1792.7694805644,-287.298887123691,2080.06836768809,1997.06314554996,1998.32270113462,2.51911116932539,73.6299508203133,44.7088640636692,44.7213595499958,-2.77460004671365,1.82839954146565,0.999602172188938
"cloglog",4000,3,5,0,800,699.643923197452,-113.929881097378,813.57380429483,797.768050925983,798.214268935525,2.23109004770526,42.7634804158324,35.7770354267635,35.7770876399966,-2.2945776811048,0.429312691118499,0.994678759439438
"cloglog",4000,3,5,1,800,747.935665253974,-114.997421011261,862.933086265235,797.506377018811,797.951178598225,2.22400789706737,42.730620654517,35.7640618822638,35.7770876399966,-1.16007469598028,1.81696105663088,0.896814666826804
"cloglog",4000,3,10,0,400,331.397289333519,-56.9300808071793,388.327370140698,397.867714962945,398.080794422656,2.13079459710224,29.277298727925,26.8327007540687,26.8328157299975,-2.27037426666779,-0.363490219316765,0.993484865170611
"cloglog",4000,3,10,1,400,401.020915742222,-57.7724642711572,458.793380013379,397.715079701577,397.928348885408,2.13269183831323,29.2585085748532,26.8222244122002,26.8328157299975,0.112987168576546,2.26920147235389,0.448116624703993
"cloglog",4000,3,25,0,160,175.620603833072,-22.7883350544558,198.408938887528,157.926792310028,158.009581056349,2.06971865801852,18.1415967825495,17.5267181077906,17.5271218401653,0.975317208023467,2.30501555298144,0.160162214671723
"cloglog",4000,3,25,1,160,202.939657509076,-23.1699307721566,226.109588281233,157.86068039031,157.94353396649,2.07133940448363,18.1321153124547,17.5195608708076,17.5271218401653,2.48613999756564,3.89085404693713,0.00917805540974862
"cloglog",4000,3,50,0,80,90.779342810462,-11.6021160111578,102.38145882162,77.9383102542344,77.9794119029029,2.05508243342517,12.7374550773848,12.5209162540941,12.5219806739988,1.00813172476084,1.94890265404801,0.152727876494392
"cloglog",4000,3,50,1,80,116.064880792796,-11.6827632444445,127.74764403724,77.9047803316936,77.945875288831,2.05474785686938,12.7312371448194,12.5155809019847,12.5219806739988,2.99735996015362,3.97918156084242,0.00336994234667411
"cloglog",4000,4,2,0,2000,1756.88480458999,-240.23937226542,1997.12417685541,1997.48476938785,1998.74219591619,2.51485305667175,73.8277235549612,44.7213424976728,44.7213595499958,-3.25893787878685,-0.0361800198835165,0.999963889757868
"cloglog",4000,4,2,1,2000,1771.14198763942,-239.440443911255,2010.58243155068,1996.7952716029,1998.05531628136,2.52008935691063,73.7495796092243,44.7016767231566,44.7213595499958,-3.05972298634306,0.280238151846079,0.999901831424451
"cloglog",4000,4,5,0,800,734.078803886143,-96.0767559591602,830.155559845303,797.764385255869,798.21134745074,2.23481097435596,42.8026794452258,35.7770417485394,35.7770876399966,-1.48788772560895,0.89286902531194,0.948244426012307
"cloglog",4000,4,5,1,800,681.967106221167,-96.7377332980346,778.704839519202,797.336734082913,797.780632938245,2.21949427665944,42.7563111632308,35.7558106747495,35.7770876399966,-2.69830639554707,-0.53350191364882,0.99882348309112
"cloglog",4000,4,10,0,400,381.082556493645,-48.078313465271,429.160869958916,397.866404379816,398.079619180964,2.13214801147901,29.2916553688479,26.8327059683034,26.8328157299975,-0.572990760502434,1.1583345643435,0.720597987442442
"cloglog",4000,4,10,1,400,360.552421150246,-48.5850762749482,409.137497425195,397.61749791389,397.831029981737,2.13532067846871,29.2640822180845,26.8156644681568,26.8328157299975,-1.26657232874838,0.421636669003087,0.9110976284019
"cloglog",4000,4,25,0,160,174.310335298948,-19.1692301511583,193.479565450107,157.917919864033,158.001069610599,2.07874366416842,18.1454380703715,17.5267389340942,17.5271218401653,0.903390448405975,2.02424968917019,0.17750050031314
"cloglog",4000,4,25,1,160,176.324726505672,-19.5377547867129,195.862481292385,157.818187885112,157.901066342838,2.0719614431519,18.1305906966656,17.5149245748319,17.5271218401653,1.0207355584925,2.1673753025517,0.151351277526434
"cloglog",4000,4,50,0,80,110.048440142688,-9.51655620105751,119.564996343745,77.9363453038422,77.9774890525725,2.05718743651152,12.7389965236026,12.5209444154322,12.5219806739988,2.5207711438926,3.32143534156384,0.00984729643362929
"cloglog",4000,4,50,1,80,106.715813126848,-9.7405697892547,116.456382916102,77.882292508625,77.9234155745428,2.05615329589282,12.729216630415,12.5122692394646,12.5219806739988,2.26514493824611,3.07961462498134,0.0171155132541886
"cloglog",4000,5,2,0,2000,1697.75234505103,-232.800948166244,1930.55329321727,1997.4861260894,1998.74287988152,2.5135075842356,74.1405359042724,44.7213423655019,44.7213595499958,-4.04277872263263,-1.52476609729069,0.999999713734556
"cloglog",4000,5,2,1,2000,1794.95568536211,-233.444735718318,2028.40042108043,1997.42346262745,1998.6885971165,2.53026897808942,74.1423629776787,44.7200242771075,44.7213595499958,-2.73079747035171,0.664396418477324,0.999545263769377
"cloglog",4000,5,5,0,800,688.239291114627,-93.1775110654011,781.416802180028,797.779534439487,798.223455722654,2.2196064158361,42.8890564580603,35.7770369591664,35.7770876399966,-2.55403714539572,-0.469760912895278,0.997932784049922
"cloglog",4000,5,5,1,800,693.558889577335,-93.514378453453,787.073268030788,797.703948807522,798.157228183239,2.26639687858735,42.8888777709021,35.7756357756106,35.7770876399966,-2.42825330582196,-0.309818677212936,0.996746341753205
"cloglog",4000,5,10,0,400,337.691060722847,-46.5912114920671,384.282272214914,397.856430278852,398.070638834821,2.14208555968835,29.3232034867721,26.8327021294215,26.8328157299975,-2.05180070394241,-0.513864259864775,0.987202395691529
"cloglog",4000,5,10,1,400,363.697272361085,-46.6866341255236,410.383906486608,397.833125502805,398.047999150037,2.14873647232162,29.3225564962638,26.8315386331023,26.8328157299975,-1.16414996578043,0.459754004615764,0.890430343887382
"cloglog",4000,5,25,0,160,127.503878328516,-18.605398921664,146.10927725018,157.909459545422,157.992939880258,2.08700837090078,18.1535270329729,17.5267155177943,17.5271218401653,-1.67491315388354,-0.678031352652109,0.964238557401121
"cloglog",4000,5,25,1,160,136.721107309102,-18.6142543135972,155.335361622699,157.899148149701,157.982752057712,2.09009770027994,18.1528694276222,17.5259150726426,17.5271218401653,-1.16664976438237,-0.151055760799947,0.888288719405189
"cloglog",4000,5,50,0,80,60.2916805832621,-9.25187636490589,69.543556948168,77.9216207145648,77.9630533667174,2.07163260763271,12.7418347511918,12.5208992802451,12.5219806739988,-1.38362649300986,-0.672435440147129,0.931562016010376
"cloglog",4000,5,50,1,80,71.6833080107666,-9.33875973377097,81.0220677445375,77.9189522388271,77.9603656605863,2.07067108796309,12.7413130801568,12.5203275906727,12.5219806739988,-0.489403579429488,0.24453849643935,0.679499169786502
"cloglog",4000,6,2,0,2000,1704.89442503408,-291.423214798445,1996.31763983253,1997.49878630311,1998.74919083874,2.50080907125468,86.0900561575677,44.7213378401747,44.7213595499958,-3.39881717272301,-0.0543711598007665,0.999999454329891
"cloglog",4000,6,2,1,2000,1678.47851141448,-292.568776653236,1971.04728806772,1997.40266818222,1998.6629628733,2.52058938216701,86.0756664085654,44.7187117898364,44.7213595499958,-3.70516047187992,-0.617541823104633,0.999999953954748
"cloglog",4000,6,5,0,800,651.252676649236,-116.5596225651,767.812299214336,797.782569848068,798.22586995256,2.21650052246174,46.3229116155728,35.7770315803737,35.7770876399966,-3.16322718258433,-0.85008647712706,0.999953704637927
"cloglog",4000,6,5,1,800,718.824178899254,-117.262460181083,836.086639080337,797.736456371065,798.178833893955,2.21188761445233,46.3147485778012,35.7744948782736,35.7770876399966,-1.70382610064806,1.05963215736147,0.97905775164362
"cloglog",4000,6,10,0,400,329.179825200277,-58.2589175499593,387.438742750237,397.878463095362,398.090458246386,2.11995151023588,30.6011115977856,26.8326913003932,26.8328157299975,-2.2449719735036,-0.396967839599183,0.994944586399398
"cloglog",4000,6,10,1,400,380.929477041712,-58.5071797741419,439.436656815854,397.852803969983,398.064574507065,2.11770537081279,30.5967772636318,26.8307182155196,26.8328157299975,-0.553108151961705,1.54196700872728,0.72247315287215
"cloglog",4000,6,25,0,160,149.870180022494,-23.1754925523889,173.045672574883,157.929102347811,158.011793724164,2.06728440883216,18.4877279718028,17.5267028050177,17.5271218401653,-0.435906582875334,0.857769942125925,0.665583011816306
"cloglog",4000,6,25,1,160,179.287199821631,-23.4436464837337,202.730846305365,157.916682723483,157.999391064238,2.06770851888312,18.4856935412686,17.5253615428056,17.5271218401653,1.15605709087623,2.55238416233928,0.118068643847699
"cloglog",4000,6,50,0,80,82.0225396487928,-11.6585347525365,93.6810744013292,77.9425668121639,77.9835792306852,2.05062092606454,12.8611946177072,12.5208836772288,12.5219806739988,0.317231249343788,1.25370505591329,0.355740114831864
"cloglog",4000,6,50,1,80,96.4517375203322,-11.798965956623,108.250703476955,77.9426151010953,77.9835084905701,2.04466947373728,12.8600057603371,12.5199497054817,12.5219806739988,1.43927792601172,2.41751729826303,0.0767770695150513
"cloglog",4000,7,2,0,2000,1747.12292276374,-218.675830228572,1965.79875299231,1997.47584241429,1998.73774959674,2.52381436490181,73.2381578152446,44.7213391510018,44.7213595499958,-3.41833993533953,-0.736538691142733,0.999982443612431
"cloglog",4000,7,2,1,2000,1775.49539165089,-222.14124447988,1997.63663613077,1997.11610170197,1998.38411525994,2.53602711592808,73.1953803594264,44.7111128852264,44.7213595499958,-3.02779641232566,-0.0167179719074868,0.999868413189097
"cloglog",4000,7,5,0,800,773.257361319033,-87.3811149167062,860.63847623574,797.756070404472,798.204693384213,2.24311489870454,42.6402060309867,35.7770366775293,35.7770876399966,-0.574544810304979,1.7450797676248,0.728780179851568
"cloglog",4000,7,5,1,800,746.068880336164,-88.7096911753556,834.77857151152,797.520985624243,797.971725763972,2.25370069864485,42.6127967200075,35.7660340732964,35.7770876399966,-1.20743319491916,1.02910056150251,0.905314501373279
"cloglog",4000,7,10,0,400,405.467588504866,-43.651368267748,449.118956772614,397.853090383412,398.067636832852,2.14546449439673,29.2322752384291,26.8327027479813,26.8328157299975,0.260482567961175,1.90257837308629,0.387194119246568
"cloglog",4000,7,10,1,400,402.045261165603,-44.3606115786696,446.405872744273,397.726848322335,397.941117664138,2.14269341803395,29.2164869099106,26.8236947442861,26.8328157299975,0.147807395755168,1.80678894321443,0.433877864558673
"cloglog",4000,7,25,0,160,182.015666541783,-17.5024622502277,199.518128792011,157.909684156226,157.993162723081,2.08696417136241,18.1299337352168,17.5267322329229,17.5271218401653,1.32962330351665,2.36923606278004,0.0925702544429716
"cloglog",4000,7,25,1,160,189.812124881768,-17.6378747747791,207.449999656547,157.859861327653,157.943157081325,2.08239384178826,18.1220367742989,17.5206808960574,17.5271218401653,1.7631717644139,2.82562320887667,0.0428272039745113
"cloglog",4000,7,50,0,80,109.21035751069,-8.86419521615143,118.074552726842,77.929959572993,77.9712275514755,2.06339892412421,12.7332933508178,12.5209109250296,12.5219806739988,2.45658346791237,3.20290795258345,0.0113482285250034
"cloglog",4000,7,50,1,80,111.52553699881,-8.8318739139807,120.357410912791,77.900144329817,77.9414586820322,2.06571761076067,12.7282907076909,12.5165737603823,12.5219806739988,2.64178383737537,3.38878298828184,0.00763393261471979
"cloglog",4000,8,2,0,2000,1767.75115779304,-270.666949325253,2038.41810711829,1997.46828471529,1998.73396016875,2.53135090692751,71.1296745288125,44.7213433118371,44.7213595499958,-3.22955402852571,0.887364824281495,0.999922173032551
"cloglog",4000,8,2,1,2000,1726.90736049124,-270.910842383437,1997.81820287467,1997.40322822529,1998.66925954152,2.53206263245648,71.120029680797,44.7196146079721,44.7213595499958,-3.80337113114412,-0.0190309481489858,0.999996417866374
"cloglog",4000,8,5,0,800,781.545370781146,-108.396396603163,889.941767384309,797.765108306551,798.211927568884,2.23409631166413,42.0653651701687,35.7770429419948,35.7770876399966,-0.385584136968506,2.56393017064453,0.65469560523151
"cloglog",4000,8,5,1,800,709.292914297479,-108.08864335668,817.381557654158,797.71107855528,798.160390269703,2.24655857211795,42.0596172544718,35.775061787586,35.7770876399966,-2.1022103868147,0.537278383992189,0.989037596104371
"cloglog",4000,8,10,0,400,407.371318867723,-54.0665081769382,461.437827044661,397.851514792307,398.066220245855,2.14705453547717,29.0234448512689,26.8327088858108,26.8328157299975,0.328003933516507,2.36172974814023,0.361979731362061
"cloglog",4000,8,10,1,400,367.562631331571,-53.9831690072556,421.545800338826,397.82702457724,398.04182004373,2.14795466490072,29.020195781915,26.8310761746763,26.8328157299975,-1.04287350344236,0.87599841847865,0.860781001562552
"cloglog",4000,8,25,0,160,194.953049672507,-21.6229727296179,216.576022402125,157.919240862559,158.00233730769,2.07741112827912,18.0763470799464,17.5267383506766,17.5271218401653,2.04874406572075,3.34196151745336,0.0242708003811972
"cloglog",4000,8,25,1,160,181.929775261036,-21.5439624332797,203.473737694316,157.896352041618,157.979965614948,2.09033933325499,18.0748078030157,17.5256341722524,17.5271218401653,1.3296641093693,2.59584170434163,0.0933017057114103
"cloglog",4000,8,50,0,80,107.270232074506,-10.7980069567852,118.068239031291,77.9296759663647,77.970953105783,2.06385697091596,12.7144646209566,12.5209471642766,12.5219806739988,2.30765171659537,3.20241635073021,0.015644848556729
"cloglog",4000,8,50,1,80,110.710963676492,-10.7232399810112,121.434203657503,77.919714879514,77.9610840958311,2.06846081585784,12.7134670732723,12.520104325183,12.5219806739988,2.57925305567631,3.47226496142125,0.00879091353641952
"cloglog",4000,9,2,0,2000,1798.48811771237,-215.100184941798,2013.58830265417,1997.47677952374,1998.73818185018,2.52280465287087,81.2080181961164,44.7213377368419,44.7213595499958,-2.45035731977623,0.332058957882062,0.999437282079453
"cloglog",4000,9,2,1,2000,1763.36533114958,-214.990724329761,1978.35605547934,1997.47805894333,1998.73834764291,2.52057739916162,81.2088107878559,44.7213064355116,44.7213595499958,-2.88284886236463,-0.455762449448248,0.999942663898921
"cloglog",4000,9,5,0,800,683.476948783983,-85.8928930343289,769.369841818312,797.767586882742,798.213893687507,2.23153402382349,44.8902802886634,35.7770351844576,35.7770876399966,-2.54599965435329,-0.806216941132268,0.998648617484569
"cloglog",4000,9,5,1,800,680.607602895401,-85.9341327736024,766.541735669004,797.758271963421,798.206327009531,2.24027523055281,44.8906120536468,35.7770067230389,35.7770876399966,-2.60969195358749,-0.885054235689791,0.998963132874004
"cloglog",4000,9,10,0,400,338.966151087288,-43.0353358032923,382.001486890581,397.859321175077,398.073223005862,2.13901830785502,30.0626867253373,26.8326892745408,26.8328157299975,-1.95901220093387,-0.598961063903893,0.985441749277412
"cloglog",4000,9,10,1,400,331.576630192702,-43.008987027461,374.585617220163,397.854949286381,398.069255404471,2.1430611808975,30.0628069890104,26.8326662492152,26.8328157299975,-2.20466169768867,-0.875188397835575,0.993352251868547
"cloglog",4000,9,25,0,160,161.488210752353,-17.1553065237259,178.643517276079,157.914444648621,157.997721693461,2.08192612099302,18.345999704352,17.5267042424757,17.5271218401653,0.194798111922109,1.17796222820847,0.408172968952367
"cloglog",4000,9,25,1,160,155.216748138293,-17.1212028757715,172.337951014064,157.915708132806,157.998928841112,2.08051770765616,18.3460296975086,17.5266880644577,17.5271218401653,-0.147114118913655,0.818125028540365,0.547730502362039
"cloglog",4000,9,50,0,80,86.8237639786452,-8.58657501581325,95.4103389944585,77.9281891780331,77.9694828369724,2.06468294696369,12.8103854605402,12.5208367836826,12.5219806739988,0.694403367331387,1.3929465305558,0.231358290229925
"cloglog",4000,9,50,1,80,81.2751526564277,-8.56283008350063,89.8379827399283,77.9305328462571,77.9717779883529,2.06225710478995,12.8103891474934,12.5208238260268,12.5219806739988,0.261086511241937,0.947717571659256,0.377571938275119
"cloglog",4000,10,2,0,2000,1778.60741794854,-313.316707933642,2091.92412588218,1997.48256279906,1998.74109908689,2.51707257565845,73.8370714120184,44.7213425513618,44.7213595499958,-2.96429883613857,2.08363661462681,0.999838325449024
"cloglog",4000,10,2,1,2000,1727.8053084885,-318.53193009772,2046.33723858622,1996.63438262337,1997.89255355943,2.51634187211857,73.7355350447507,44.6953357601253,44.7213595499958,-3.64585506800379,1.08388681286081,0.999996145093592
"cloglog",4000,10,5,0,800,758.742098020402,-125.419065886298,884.1611639067,797.759398415517,798.207355430221,2.23978507352003,42.8052261565675,35.7770410036287,35.7770876399966,-0.911507867109562,2.40248511518212,0.837076139792383
"cloglog",4000,10,5,1,800,690.37417833583,-127.314338256763,817.688516592594,797.226928291769,797.673838261908,2.23454985069168,42.7438687233245,35.7508625651599,35.7770876399966,-2.49983806209921,0.559837634524409,0.997513432619665
"cloglog",4000,10,10,0,400,387.448138474795,-62.752022091122,450.200160565917,397.85419467642,398.068633502388,2.14438825968439,29.2925678652233,26.8327081159236,26.8328157299975,-0.355245612112393,1.94283509656603,0.6382081152287
"cloglog",4000,10,10,1,400,346.82365253215,-64.0006392242696,410.824291756419,397.554555620107,397.768892130915,2.14336510807944,29.2571507902228,26.811780511213,26.8328157299975,-1.73396594397397,0.486927737605653,0.969545611200064
"cloglog",4000,10,25,0,160,175.320384804928,-25.0278293861375,200.348214191065,157.915191333196,157.998452270125,2.0815234232361,18.1456752449068,17.5267456731446,17.5271218401653,0.959192382582574,2.41629351567704,0.164026283519496
"cloglog",4000,10,25,1,160,169.913793557646,-25.712004588006,195.625798145652,157.782953376849,157.866356428689,2.08507629600395,18.1272757330314,17.5124424918148,17.5271218401653,0.669203710444637,2.15614936263814,0.244673919052833
"cloglog",4000,10,50,0,80,118.743142368066,-12.5176524819221,131.260794849989,77.9308640631893,77.9721179472588,2.0626942034766,12.7390738694378,12.5209501347542,12.5219806739988,3.20370842677893,4.2559611155081,0.002030806241093
"cloglog",4000,10,50,1,80,118.391675899427,-12.8589859493143,131.250661848741,77.8625789168653,77.9038959562493,2.0658519692014,12.7272836064089,12.5106815326068,12.5219806739988,3.18442632661641,4.26409750367744,0.00217250183986879
"cloglog",4000,11,2,0,2000,1721.04316368557,-310.812745901819,2031.85590958739,1997.4493916595,1998.72451531689,2.55024731477928,78.2062246478476,44.7213399437767,44.7213595499958,-3.53432516680798,0.740840822572753,0.999997796078976
"cloglog",4000,11,2,1,2000,1726.22795172862,-309.392838205139,2035.62078993375,1997.01545450505,1998.27818265193,2.52545629375681,78.1900637923465,44.7081733853269,44.7213595499958,-3.4631958287639,0.835252358891454,0.999996611939652
"cloglog",4000,11,5,0,800,698.439126016887,-124.394173196927,822.833299213814,797.755820366858,798.204481150264,2.24330391703163,44.0292366204971,35.777036065314,35.7770876399966,-2.25569875775987,0.688397384808163,0.995161723487883
"cloglog",4000,11,5,1,800,698.343426460911,-123.992440039155,822.335866500066,797.463640077046,797.912386691406,2.24373307180181,44.0114721021855,35.7628082270771,35.7770876399966,-2.25214492680451,0.682929585774752,0.995198379653107
"cloglog",4000,11,10,0,400,365.860236713391,-62.1978157413856,428.058052454777,397.843156582958,398.058687439704,2.15530856746008,29.7426461103708,26.832698769875,26.8328157299975,-1.07532193843419,1.11801519751541,0.874425488234098
"cloglog",4000,11,10,1,400,368.763514114211,-61.8663077528386,430.62982186705,397.686211109334,397.900871143473,2.14660034139106,29.7298398993915,26.8211597829715,26.8328157299975,-0.972850748372666,1.22026605070062,0.850597564709437
"cloglog",4000,11,25,0,160,149.518876468484,-24.8853503726194,174.404226841103,157.895707396055,157.979741823734,2.10086069196246,18.2623551452372,17.5267264492787,17.5271218401653,-0.458693901249445,0.937110821287745,0.673006429362585
"cloglog",4000,11,25,1,160,155.249084085671,-24.724060676039,179.97314476171,157.834109402242,157.917810083461,2.09251703046292,18.2541880653845,17.5189468644412,17.5271218401653,-0.1416127251079,1.25894181019612,0.547001643510123
"cloglog",4000,11,50,0,80,87.2845561466592,-12.4859990778432,99.7705552245024,77.9102648762515,77.9519238026302,2.08294631893829,12.7805713416564,12.5208920121657,12.5219806739988,0.7334798280773,1.74257803682618,0.221048674840388
"cloglog",4000,11,50,1,80,97.6400819292815,-12.4149721277843,110.055054057066,77.883568743403,77.925061507008,2.07463818025194,12.774869856195,12.515371315864,12.5219806739988,1.54651385166933,2.56724245243377,0.0655998784198889
"cloglog",4000,12,2,0,2000,1776.92362889099,-273.866243760475,2050.78987265147,1997.48556951892,1998.74260996273,2.51408088761712,77.6590909736726,44.7213420402771,44.7213595499958,-2.84013034227639,1.16381262981467,0.999855318544195
"cloglog",4000,12,2,1,2000,1743.06454877743,-273.834170844834,2016.89871962227,1997.45750156573,1998.72853637092,2.54206961039336,77.6592658662494,44.7213400262969,44.7213595499958,-3.27575788865205,0.406297826511015,0.999987105706726
"cloglog",4000,12,5,0,800,688.640359176954,-109.408994067795,798.049353244749,797.742765524556,798.194048961957,2.25641718700785,43.8740196996423,35.7770405496073,35.7770876399966,-2.48672009299599,-0.00404437356991809,0.99785920782095
"cloglog",4000,12,5,1,800,677.487784337993,-109.440122753626,786.927907091619,797.735883049469,798.188532775214,2.26324862872716,43.8741025063901,35.7770380984158,35.7770876399966,-2.74075347054591,-0.31474449205715,0.999228538709686
"cloglog",4000,12,10,0,400,347.497585406554,-54.7464916261362,402.24407703269,397.839581483555,398.055474347185,2.1589286362973,29.6852503997538,26.8327022592478,26.8328157299975,-1.69585889959071,0.156100665711435,0.967697498642001
"cloglog",4000,12,10,1,400,335.652142561394,-54.7641725630897,390.416315124484,397.830473519014,398.047274318345,2.16800799331439,29.6852809581318,26.8327002957364,26.8328157299975,-2.09458455337904,-0.284390281624919,0.989642745395033
"cloglog",4000,12,25,0,160,160.947036004287,-21.9106320227506,182.857668027038,157.900164972353,157.984024028253,2.09647639748873,18.2473651014424,17.5267343194822,17.5271218401653,0.16697594501979,1.41918303463622,0.419872184346312
"cloglog",4000,12,25,1,160,163.336240318417,-21.8930309315269,185.229271249944,157.899016766213,157.982921362304,2.09761490226933,18.247375927172,17.5267332126374,17.5271218401653,0.297972901632825,1.55455951528919,0.369083185989392
"cloglog",4000,12,50,0,80,93.1214091352215,-10.9671576770917,104.088566812313,77.9185327819577,77.9600326962319,2.07499571370995,12.7752304141659,12.5209415068046,12.5219806739988,1.19002756587513,2.08678669266857,0.116464232464397
"cloglog",4000,12,50,1,80,90.8209263262688,-10.9526215177758,101.773547844045,77.9179673376194,77.9594784855673,2.07555739739314,12.7752337351029,12.5209408956327,12.5219806739988,1.00999787997581,1.90193928371498,0.152019084227419
"cloglog",4000,13,2,0,2000,1739.94323320564,-310.000839973499,2049.94407317914,1997.47034805335,1998.73498390784,2.52927170897047,71.3342661982991,44.721341264842,44.7213595499958,-3.61014598694854,1.14507051494818,0.999989866355756
"cloglog",4000,13,2,1,2000,1709.99410781098,-310.395034470025,2020.389142281,1997.16683383004,1998.43221767751,2.53076769494143,71.2890910322136,44.7128001729999,44.7213595499958,-4.02828429793412,0.491065746688589,0.999999144071398
"cloglog",4000,13,5,0,800,757.036451885218,-124.029796231958,881.066248117177,797.772659118915,798.217966496423,2.22653688754018,42.1207613276789,35.7770423123181,35.7770876399966,-0.967128939498247,2.31568280288582,0.84771914259962
"cloglog",4000,13,5,1,800,712.16449291467,-124.12977002062,836.294262935291,797.572347482066,798.017934709701,2.22793613817174,42.0955321353465,35.7676684873777,35.7770876399966,-2.02890544993684,1.07013763670668,0.986585442466858
"cloglog",4000,13,10,0,400,388.571153199303,-61.9950923330981,450.566245532401,397.851285495813,398.066012115143,2.14726619329774,29.0435015423331,26.8327061126298,26.8328157299975,-0.3195252570694,1.95657617226119,0.622933211189498
"cloglog",4000,13,10,1,400,374.174837435573,-62.1725159616216,436.347353397194,397.754474228584,397.967672696172,2.13198467587608,29.0292178673434,26.8250056953007,26.8328157299975,-0.812272549014746,1.43074268602098,0.799033142524143
"cloglog",4000,13,25,0,160,170.8165007745,-24.9361499080279,195.752650682528,157.91105392799,157.994475499814,2.0855392955929,18.081594548288,17.5267325378731,17.5271218401653,0.713733891778459,2.15431912942832,0.229762113017691
"cloglog",4000,13,25,1,160,178.675956640531,-24.9371998761248,203.613156516656,157.870489678073,157.953650482303,2.07902010574924,18.0745540223048,17.5215278259364,17.5271218401653,1.15109158083696,2.60590894172851,0.124444510605981
"cloglog",4000,13,50,0,80,100.822001738132,-12.4794957924891,113.301497530621,77.9351457516767,77.9763151870935,2.05847177083982,12.7163739716427,12.5209598017343,12.5219806739988,1.79979418956163,2.82128390338212,0.0421221732744289
"cloglog",4000,13,50,1,80,108.589033125936,-12.4916281873269,121.080661313263,77.9072790264339,77.9485131970876,2.0617085326825,12.7118169989193,12.517085823103,12.5219806739988,2.4136403239687,3.44586181845666,0.0125913397001
"cloglog",4000,14,2,0,2000,1703.89833318865,-268.318062405437,1972.21639559409,1997.47736625265,1998.73850358022,2.52227465515644,74.5390333657884,44.7213417038702,44.7213595499958,-3.93859458336815,-0.59305260029437,0.999999500767588
"cloglog",4000,14,2,1,2000,1773.76868650386,-270.861087036011,2044.62977353987,1996.30736253303,1997.5674318289,2.5201385917367,74.417410025904,44.6881017685479,44.7213595499958,-2.99041146355008,1.05312912942067,0.999882768641454
"cloglog",4000,14,5,0,800,700.330346244133,-107.379726936417,807.710073180551,797.767719529748,798.21401597774,2.23148223995984,42.9994649317371,35.7770415704696,35.7770876399966,-2.26601362226947,0.265423209577193,0.994385100266162
"cloglog",4000,14,5,1,800,658.652225460862,-108.596560748728,767.24878620959,797.016704945344,797.464927868233,2.24111461444294,42.9189441806343,35.7411216472926,35.7770876399966,-3.22385562194036,-0.845416715144742,0.999891227967134
"cloglog",4000,14,10,0,400,340.208846458709,-53.6889306002423,393.897777058951,397.852223815673,398.066855445917,2.14631630244036,29.3636153668459,26.8327048147674,26.8328157299975,-1.96308855829957,-0.15537302019109,0.983534173551736
"cloglog",4000,14,10,1,400,348.790404955705,-54.4549534883582,403.245358444063,397.439386542295,397.653186195553,2.13799653257634,29.3159862491838,26.80343172955,26.8328157299975,-1.65946938210018,0.208636427787902,0.963900743497434
"cloglog",4000,14,25,0,160,149.743073444045,-21.4317060633221,171.174779507367,157.916007108329,157.999233904679,2.0806699087436,18.1639870281431,17.5267389690062,17.5271218401653,-0.449952626128936,0.751739706170485,0.668275235293367
"cloglog",4000,14,25,1,160,159.779583157234,-21.8269826789351,181.606565836169,157.734026481206,157.817355852753,2.08323428867221,18.1387638523661,17.5068148070453,17.5271218401653,0.112772661504207,1.3588542659309,0.445430334320848
"cloglog",4000,14,50,0,80,74.2574413843806,-10.7712859135332,85.0287272979138,77.9329924520093,77.9742045422491,2.06060451198698,12.745569156184,12.5209530488395,12.5219806739988,-0.28837873166656,0.563417395476826,0.599074044570981
"cloglog",4000,14,50,1,80,88.9921592260584,-10.9033923604477,99.8955515865061,77.8501395169061,77.891174931778,2.05177074359767,12.7291985806909,12.5065062804832,12.5219806739988,0.875311956092331,1.75943434251231,0.18548917721498
"cloglog",4000,15,2,0,2000,1776.6452178734,-277.047105745134,2053.69232361853,1997.47290675384,1998.73627149568,2.5267294836829,71.3718373324345,44.7213409434963,44.7213595499958,-3.09404517431546,1.22885519448714,0.999857962659182
"cloglog",4000,15,2,1,2000,1793.16316970876,-276.850350016723,2070.01351972548,1997.47731697073,1998.73647840775,2.51832287404747,71.3725494363136,44.7212226315284,44.7213595499958,-2.86264325536354,1.59380797580174,0.999592435413769
"cloglog",4000,15,5,0,800,722.378407366994,-110.866549063391,833.244956430384,797.751159512726,798.20075874349,2.24799615382039,42.1308887838155,35.7770388418953,35.7770876399966,-1.78901405409437,0.979516439070315,0.973774661166442
"cloglog",4000,15,5,1,800,730.207112322003,-110.71803508404,840.925147406042,797.755660723562,798.203881004675,2.24110140556409,42.1311139688303,35.776921021817,35.7770876399966,-1.60329367154958,1.19410125805168,0.958249173389699
"cloglog",4000,15,10,0,400,371.208361469259,-55.5060114184071,426.714372887666,397.855831789458,398.070091941966,2.14260152508021,29.0471127431835,26.8326968842437,26.8328157299975,-0.917387919267533,1.06751405083403,0.82844103016852
"cloglog",4000,15,10,1,400,398.942396501501,-55.4123738489591,454.35477035046,397.851397222874,398.065965740455,2.14568517581039,29.0471614939505,26.8326028511539,26.8328157299975,0.0375595831921308,2.09777653410112,0.477271163794909
"cloglog",4000,15,25,0,160,197.932478149386,-22.0972242096865,220.029702359073,157.919356950189,158.002443452477,2.07716255720192,18.0823804383482,17.5267216780692,17.5271218401653,2.21282376707107,3.5390108912501,0.0171005503483953
"cloglog",4000,15,25,1,160,172.493385802001,-22.0908451237764,194.584230925778,157.916205767129,157.999395937226,2.07975425240601,18.0823569317713,17.5266590383341,17.5271218401653,0.806154866308344,2.08738213646617,0.203586956851578
"cloglog",4000,15,50,0,80,128.025525098188,-11.0537641803061,139.079289278494,77.9351565720638,77.9763191270546,2.05812774953703,12.7164688591787,12.5209046272857,12.5219806739988,3.93901554596814,4.88007631799093,0.000308900968923804
"cloglog",4000,15,50,1,80,124.026826183573,-11.0790698034535,135.105895987026,77.9300164875023,77.971275639826,2.06295761618344,12.7164342668267,12.5208556632738,12.5219806739988,3.62497919847886,4.56315621581579,0.000711740027666922
"cloglog",4000,16,2,0,2000,1812.62522288624,-223.141930124953,2035.76715301119,1997.47172377715,1998.73569110707,2.52793465985325,68.686184098263,44.7213417565603,44.7213595499958,-2.69117440890969,0.828048990696685,0.998726959781613
"cloglog",4000,16,2,1,2000,1758.79782738834,-223.692843079401,1982.49067046774,1997.35730228561,1998.62335536929,2.53210616736086,68.6827804124035,44.7182325899668,44.7213595499958,-3.47335203183176,-0.360763025888802,0.999958553031923
"cloglog",4000,16,5,0,800,764.817962760019,-89.2261118841159,854.044074644135,797.759865508452,798.207719528074,2.23927009810876,41.4104992668836,35.777036456819,35.7770876399966,-0.795496391775624,1.56067580341521,0.795496589569345
"cloglog",4000,16,5,1,800,715.53722446948,-89.0968057811506,804.634030250631,797.681784475198,798.131051835338,2.246336800702,41.407057449949,35.7736746839155,35.7770876399966,-1.98382993297726,0.181781113423505,0.983124553312626
"cloglog",4000,16,10,0,400,400.682392155286,-44.5851253051076,445.267517460394,397.862765916302,398.076341993376,2.13576077074236,28.7869537749867,26.8327014878923,26.8328157299975,0.0979480587291009,1.75871875920923,0.452843233715146
"cloglog",4000,16,10,1,400,368.16908751837,-44.4299210832998,412.599008601669,397.815581551746,398.029839065778,2.14257514032219,28.78415536437,26.8299263329486,26.8328157299975,-1.02995879705658,0.543019364089702,0.855696057818042
"cloglog",4000,16,25,0,160,187.865872759128,-17.9179147287053,205.783787487834,157.908020945144,157.991568193245,2.08868120251281,18.0157347964286,17.5267417507914,17.5271218401653,1.66287149275326,2.72681711034116,0.0524537610795348
"cloglog",4000,16,25,1,160,163.169413413887,-17.7839015949802,180.953315008867,157.893121837595,157.976574264861,2.08631068164507,18.0138172878101,17.5248316896297,17.5271218401653,0.29290246992026,1.31109622910688,0.372551504938929
"cloglog",4000,16,50,0,80,88.4533302890331,-9.09912513330908,97.5524554223421,77.9238219532182,77.9652147844461,2.06964156139509,12.6928087316736,12.520929806335,12.5219806739988,0.829564878696984,1.56435991103358,0.196258585373757
"cloglog",4000,16,50,1,80,101.144653271927,-8.8699621724422,110.01461544437,77.924253869402,77.9654629462112,2.06045384045984,12.6914224195093,12.5195529501331,12.5219806739988,1.82961362682492,2.55992786849612,0.0402021697918077
"cloglog",4000,17,2,0,2000,1810.51431830132,-242.251912597137,2052.76623089846,1997.47766754681,1998.73865971211,2.5219843305943,65.9217026088068,44.7213447906434,44.7213595499958,-2.83614260321777,1.20809361702502,0.998868926335008
"cloglog",4000,17,2,1,2000,1800.99238874275,-237.080014663439,2038.07240340619,1995.42400932822,1996.67916977103,2.5103208856173,65.7497639087068,44.667959467186,44.7213595499958,-2.95714553219436,0.926687364475909,0.999346975489512
"cloglog",4000,17,5,0,800,737.943712337656,-96.8050712571116,834.748783594768,797.772065541271,798.217501972402,2.22718215565452,40.6853247905827,35.7770458722333,35.7770876399966,-1.47051433192597,1.02108155471601,0.93648896123863
"cloglog",4000,17,5,1,800,660.182281372402,-96.3999014494631,756.582182821865,796.465344741696,796.910077849821,2.22366554062368,40.5718287665209,35.715803096175,35.7770876399966,-3.3590564564778,-1.12913308765201,0.999871000671672
"cloglog",4000,17,10,0,400,391.717439344961,-48.4217047168354,440.139144061796,397.875880846503,398.088157674674,2.12276828170183,28.5273901196015,26.8327151289495,26.8328157299975,-0.215878195506954,1.56715361024924,0.579337373689103
"cloglog",4000,17,10,1,400,390.685612814457,-48.0630731684257,438.748685982883,397.135771355515,397.347680755344,2.11909399828369,28.4549064084365,26.7818529991959,26.8328157299975,-0.226680012524876,1.54586037152776,0.593744677706684
"cloglog",4000,17,25,0,160,173.653281635713,-19.3242944900371,192.97757612575,157.931519855901,158.014133545561,2.06534224150695,17.9496680638222,17.5267647096884,17.5271218401653,0.875880363019055,1.9948600417316,0.186659565950722
"cloglog",4000,17,25,1,160,149.872932209019,-19.0898085285334,168.962740737552,157.612475950653,157.695369392899,2.07233605614781,17.9091867853227,17.4923152597392,17.5271218401653,-0.432154951221867,0.644132647814004,0.665524640222718
"cloglog",4000,17,50,0,80,96.3384826675412,-9.71375697191578,106.052239639457,77.9423335500133,77.9833632369494,2.05148434680356,12.6696376508827,12.5209945496254,12.5219806739988,1.45198699634841,2.24174495813891,0.0779187014516484
"cloglog",4000,17,50,1,80,77.9681525674184,-9.53002397950965,87.4981765469281,77.7818610510868,77.8229226473284,2.05307981207937,12.6424587468402,12.4960387056486,12.5219806739988,0.0147353865305804,0.774265679508988,0.479718449418342
"cloglog",4000,18,2,0,2000,1761.00122202798,-244.381109066206,2005.38233109419,1997.46580738557,1998.73272289209,2.53383101304915,69.7113991504534,44.7213435083211,44.7213595499958,-3.39205048585014,0.148689812971658,0.999951490069631
"cloglog",4000,18,2,1,2000,1820.55598199334,-247.364970571428,2067.92095256477,1997.21822860547,1998.47819664526,2.51993607958032,69.6873280792693,44.714099802214,44.7213595499958,-2.53506988259291,1.5530393371818,0.998037342446223
"cloglog",4000,18,5,0,800,704.015457917883,-97.6569901921914,801.672448110074,797.771381254859,798.216944898703,2.22781821921853,41.6837566898251,35.7770429043226,35.7770876399966,-2.24921961891841,0.0965843717328045,0.992553509555982
"cloglog",4000,18,5,1,800,718.384437741839,-99.1819564753078,817.566394217147,797.592200554409,798.04069496213,2.24247203860666,41.6687505288341,35.7692058800483,35.7770876399966,-1.9008912388136,0.545880143956665,0.979645050482596
"cloglog",4000,18,10,0,400,375.080674587423,-48.8771403431785,423.957814930601,397.857824120452,398.071899981527,2.14075861074899,28.8854536028994,26.8327091580666,26.8328157299975,-0.788533559007126,0.964714922991373,0.789516730467033
"cloglog",4000,18,10,1,400,347.68261004363,-49.6280527440967,397.310662787726,397.760651361474,397.975197750058,2.145463885842,28.8761137324811,26.8263295723147,26.8328157299975,-1.73423757025565,-0.0247717437653944,0.967174656635479
"cloglog",4000,18,25,0,160,150.029456951271,-19.4470151882664,169.476472139538,157.910727068883,157.994169680018,2.08606527836875,18.0410470536456,17.5267566529819,17.5271218401653,-0.436852145786027,0.655129907196286,0.662199517416225
"cloglog",4000,18,25,1,160,158.36662962024,-19.9083815795941,178.275011199834,157.873984684001,157.957321988834,2.08343262081204,18.0359056637555,17.5223979730841,17.5271218401653,0.0273146769240702,1.1595267521152,0.476828254365511
"cloglog",4000,18,50,0,80,88.0032083657822,-9.83370406577317,97.8369124315553,77.9260283153548,77.9673815812917,2.06766329684413,12.7019735040524,12.5209731655897,12.5219806739988,0.793355461433794,1.58689988289962,0.205574150467906
"cloglog",4000,18,50,1,80,86.5373344135352,-9.88303200794229,96.4203664214775,77.9064318784229,77.9477766498487,2.06723857128986,12.6985605404941,12.5178245646361,12.5219806739988,0.679675661472764,1.47570288081967,0.237918329363805
"cloglog",4000,19,2,0,2000,1706.22015879446,-274.072181667556,1980.29234046202,1997.46220589509,1998.73090020049,2.53738861079963,80.7515162589378,44.7213380556471,44.7213595499958,-3.60664493489796,-0.41229892798665,0.99999938607226
"cloglog",4000,19,2,1,2000,1717.49895365658,-272.849810624383,1990.34876428097,1996.86766769888,1998.12957591888,2.52381644001577,80.7375549172593,44.7018153619957,44.7213595499958,-3.46020775992772,-0.174060305491102,0.99999836567419
"cloglog",4000,19,5,0,800,732.465366467002,-109.665448836278,842.13081530328,797.757584529953,798.205874498158,2.24144984102793,44.7583009836543,35.7770304805617,35.7770876399966,-1.45877338120577,1.2277413808557,0.952619388058084
"cloglog",4000,19,5,1,800,697.147045719822,-109.753241739777,806.9002874596,797.372345449952,797.819683732597,2.23669141322184,44.7389723085828,35.7576285466368,35.7770876399966,-2.24022355808344,0.253948712375032,0.995636438443333
"cloglog",4000,19,10,0,400,383.102898252595,-54.8049192844368,437.907817537031,397.842304235227,398.05790464545,2.15600410222862,30.0133954559475,26.8326856553932,26.8328157299975,-0.491094251707252,1.48512576800422,0.695339364981133
"cloglog",4000,19,10,1,400,385.817549841204,-54.9312700094976,440.748819850701,397.640226228954,397.853904132962,2.13677904007546,29.9977369999849,26.8171112858058,26.8328157299975,-0.394118942630782,1.59953528404246,0.660045922552724
"cloglog",4000,19,25,0,160,136.048450764859,-21.9715868608479,158.020037625707,157.91439250048,157.997660580965,2.08170201212589,18.3330100429196,17.5266709896567,17.5271218401653,-1.19270876328715,0.00127674244325176,0.896025907303374
"cloglog",4000,19,25,1,160,144.620961025329,-21.8320392847343,166.453000310064,157.820772207805,157.904039084469,2.08167191660535,18.3224829490608,17.5162277882177,17.5271218401653,-0.720416071291907,0.488059491401752,0.769500522850755
"cloglog",4000,19,50,0,80,71.5282919327093,-10.8651242012191,82.3934161339284,77.9334109703246,77.9745961680158,2.05925988455722,12.8056827787713,12.5208022249376,12.5219806739988,-0.500177862302932,0.352918278439993,0.684184210492806
"cloglog",4000,19,50,1,80,90.5625989072418,-10.8381503590088,101.400749266251,77.8895078752249,77.9306133429468,2.05527338609681,12.7980480476131,12.5132417772588,12.5219806739988,0.990236244220113,1.87562394630285,0.156461247704775
"cloglog",4000,20,2,0,2000,1739.3909761632,-276.512128276349,2015.90310443954,1997.47963527734,1998.739623306,2.51997605732643,69.1039064875058,44.7213437260582,44.7213595499958,-3.73479116062428,0.383787241248327,0.999990292377944
"cloglog",4000,20,2,1,2000,1664.17923832026,-275.088650213392,1939.26788853366,1997.13808023675,1998.40071341838,2.52526636325075,69.0624354354734,44.7120901999812,44.7213595499958,-4.8211280099958,-1.32252427968006,0.999999989076002
"cloglog",4000,20,5,0,800,691.941110317261,-110.592606820021,802.533717137282,797.776811732272,798.221292321565,2.22240294646489,41.5216113179536,35.7770445176453,35.7770876399966,-2.54893049801391,0.120536083230395,0.997158916776527
"cloglog",4000,20,5,1,800,671.222143500269,-110.009897626115,781.232041126384,797.540684615135,797.989532351372,2.24423868118279,41.4971785905014,35.7669037967172,35.7770876399966,-3.04402721836563,-0.468519481591954,0.999584234367526
"cloglog",4000,20,10,0,400,371.277393423278,-55.2279293141927,426.505322737471,397.865973279141,398.079242026679,2.13268747537805,28.8270478228161,26.8327159053956,26.8328157299975,-0.922348345182207,1.05938142121037,0.82778787157473
"cloglog",4000,20,10,1,400,348.401105339123,-55.1241904840897,403.525295823213,397.735492032761,397.949621875047,2.14129842285579,28.8127424492104,26.8243386120165,26.8328157299975,-1.71224196310374,0.207858766950846,0.965079667294668
"cloglog",4000,20,25,0,160,163.828199224092,-22.16624970213,185.994448926222,157.919126408803,158.002231353818,2.07762362537405,18.0261148351802,17.526752364307,17.5271218401653,0.327806233862279,1.59711377159697,0.358931784643515
"cloglog",4000,20,25,1,160,161.545049681154,-22.034921828887,183.579971510041,157.86265173802,157.945926118088,2.08185950169889,18.0186692531814,17.5209770905655,17.5271218401653,0.204365699341782,1.463048850498,0.406950268903284
"cloglog",4000,20,50,0,80,105.923127166283,-11.0290753280215,116.952202494305,77.9337604652841,77.9749603468035,2.05999407596721,12.6967453856185,12.520985516778,12.5219806739988,2.20445207420653,3.11295321724252,0.0194324314726767
"cloglog",4000,20,50,1,80,97.8473268097386,-11.0690536764938,108.916380486232,77.8993795248739,77.9407434003902,2.06819377581813,12.6919982109373,12.5168668073986,12.5219806739988,1.57169477597898,2.47471172798075,0.0637952055419556
"cloglog",4000,21,2,0,2000,1724.78892764029,-253.96472938738,1978.75365702767,1997.47581388514,1998.73771580489,2.52380383949805,74.1571512200131,44.7213399982322,44.7213595499958,-3.67714888933403,-0.446857334283929,0.999996990467653
"cloglog",4000,21,2,1,2000,1700.19605635804,-254.02054261094,1954.21659896898,1997.46558858639,1998.73258576965,2.53399436652083,74.1569844575958,44.7213391804645,44.7213595499958,-4.00865184045255,-0.995408179102974,0.999999642343495
"cloglog",4000,21,5,0,800,737.531471679343,-101.56955992622,839.101031605563,797.75409680288,798.20310843007,2.2450581359525,42.893679193994,35.7770376341506,35.7770876399966,-1.40399765781735,1.14313330225123,0.937831982437086
"cloglog",4000,21,5,1,800,720.197631863178,-101.602822362453,821.800454225631,797.745747080734,798.196425118049,2.25339018657557,42.8935820744256,35.7770366678177,35.7770876399966,-1.80791884163464,0.659753610304288,0.977131983350749
"cloglog",4000,21,10,0,400,371.615933192896,-50.7938791329336,422.409812325829,397.849787474718,398.06465584045,2.14868365731728,29.3249024433964,26.832699029157,26.8328157299975,-0.894593062413738,0.907294359726009,0.824562976806754
"cloglog",4000,21,10,1,400,372.328687275994,-50.8282008645367,423.15688814053,397.847366187123,398.062475481992,2.15109294869403,29.3248664586033,26.8326981845148,26.8328157299975,-0.870206142188323,0.935217639537284,0.817655781317741
"cloglog",4000,21,25,0,160,179.230816579424,-20.286145459916,199.51696203934,157.914505839113,157.997790385811,2.08211366744999,18.154008033993,17.5267334121509,17.5271218401653,1.17419308730045,2.36890529896148,0.118646324683879
"cloglog",4000,21,25,1,160,175.251605493954,-20.3366385778157,195.58824407177,157.914191866798,157.997488738211,2.08242178530582,18.1539942096626,17.5267327562657,17.5271218401653,0.955019233063763,2.14476684595542,0.164920598255311
"cloglog",4000,21,50,0,80,93.3968221974673,-10.2153776121553,103.612199809623,77.9326071007889,77.9738247197397,2.06088094754332,12.7420269082708,12.5209362215887,12.5219806739988,1.21363855279891,2.0476404189071,0.1126744920846
"cloglog",4000,21,50,1,80,93.4192380884263,-10.2390583148826,103.658296403309,77.9332723858162,77.9744766138169,2.06021140003549,12.7420221591888,12.5209355526238,12.5219806739988,1.21534600310222,2.0512700254343,0.112370284647644
"cloglog",4000,22,2,0,2000,1851.9883994921,-199.912304582173,2051.90070407428,1997.46627062498,1998.73295091137,2.53336057278673,70.3692966098754,44.7213415119753,44.7213595499958,-2.06734866115543,1.18886758235255,0.990812724072839
"cloglog",4000,22,2,1,2000,1787.68304957005,-201.081989456828,1988.76503902688,1997.36306923943,1998.62787485951,2.52961124014294,70.3771159093443,44.7183953430204,44.7213595499958,-2.9793778412216,-0.220554332439108,0.999710112177251
"cloglog",4000,22,5,0,800,725.838462767348,-79.9063619402739,805.744824707622,797.755974283405,798.204610285013,2.24318000804146,41.8602181907239,35.7770384444942,35.7770876399966,-1.71803957610508,0.210755689974352,0.967625877089472
"cloglog",4000,22,5,1,800,751.618964796743,-79.7511596707953,831.370124467538,797.697304510207,798.143631531762,2.23163510777582,41.861730126625,35.7737396210127,35.7770876399966,-1.10072707396671,0.92879562740093,0.878494662927253
"cloglog",4000,22,10,0,400,382.933382059523,-39.9905032798496,422.923885339372,397.835745553155,398.052023466786,2.16277913631645,28.9491709027578,26.8327041267596,26.8328157299975,-0.514776866794913,0.926923419834594,0.697493800500486
"cloglog",4000,22,10,1,400,379.556434233859,-39.9298853131713,419.48631954703,397.809925581351,398.024908966034,2.14983384683614,28.9483988841963,26.8300393928949,26.8328157299975,-0.630552709340235,0.799902313474772,0.739033965951221
"cloglog",4000,22,25,0,160,164.396776372008,-16.1050659928958,180.501842364904,157.89944063304,157.983326839266,2.09715515564395,18.057286670078,17.52673109396,17.5271218401653,0.359817942622308,1.28480978026752,0.347347509469914
"cloglog",4000,22,25,1,160,184.618625220504,-15.962487927134,200.581113147638,157.89377169506,157.977200522551,2.08572068727698,18.0559301933962,17.5248447331952,17.5271218401653,1.48011502255466,2.43105792226435,0.0724556828271571
"cloglog",4000,22,50,0,80,87.8599057686522,-8.01652209866161,95.8764278673138,77.9233716925554,77.9647761823867,2.07022449156524,12.7076710270015,12.520953689286,12.5219806739988,0.781931957081949,1.43053413736798,0.208600852383117
"cloglog",4000,22,50,1,80,110.017156269042,-7.96987144892775,117.98702771797,77.9187905112816,77.9601153063571,2.06623975377404,12.7065298728251,12.5196079366399,12.5219806739988,2.52613153071854,3.1971378508164,0.00989991681974245
"cloglog",4000,23,2,0,2000,1684.85653694733,-289.129426503235,1973.98596345057,1997.47441151796,1998.73701755791,2.52521207991289,77.756938732174,44.7213424476166,44.7213595499958,-4.02044987454311,-0.553450606639071,0.999999914510492
"cloglog",4000,23,2,1,2000,1698.21843587578,-288.209572962072,1986.42800883785,1997.43122894512,1998.69183118174,2.52120447323431,77.7470188402921,44.7198587734354,44.7213595499958,-3.84854361662382,-0.274236607186431,0.999999701269516
"cloglog",4000,23,5,0,800,711.6750583231,-115.567796414157,827.242854737257,797.760394563448,798.208145263432,2.23875349991923,43.9017906552621,35.7770390222132,35.7770876399966,-1.96086161761217,0.811545903946893,0.987033673989953
"cloglog",4000,23,5,1,800,701.499040037305,-115.495946175379,816.994986212684,797.723993048006,798.173030835461,2.24518893727215,43.896461314958,35.7755681145646,35.7770876399966,-2.19208906887245,0.52611199120443,0.993852393250998
"cloglog",4000,23,10,0,400,367.101565264022,-57.766831645196,424.868396909218,397.848952141445,398.063910098561,2.14957957116096,29.6954771080446,26.8327031362817,26.8328157299975,-1.03542323181241,0.998948435217965,0.864568000436302
"cloglog",4000,23,10,1,400,409.211312571217,-57.8887953530262,467.100107924243,397.833889855436,398.048626952335,2.14737096898913,29.6926661027833,26.831499605084,26.8328157299975,0.383172823767226,2.57352298560399,0.338236584379375
"cloglog",4000,23,25,0,160,190.449562719046,-23.1075053118938,213.55706803094,157.903491412458,157.987215604895,2.09310481092339,18.250088109218,17.5267309510242,17.5271218401653,1.78333776318317,3.17057713622279,0.0400165094369302
"cloglog",4000,23,25,1,160,186.634621410401,-23.1224605759095,209.757081986311,157.902004304403,157.985494476018,2.08725429037527,18.2487832332129,17.5259115706111,17.5271218401653,1.57449495337883,2.95400255226138,0.0594227376148029
"cloglog",4000,23,50,0,80,114.647109920605,-11.5264521422319,126.173562062837,77.9220297472715,77.9634571361348,2.07136944316587,12.7762598491928,12.5209241636279,12.5219806739988,2.87447818115984,3.85036314386022,0.00437492821511158
"cloglog",4000,23,50,1,80,113.481015630913,-11.6666546293425,125.147670260256,77.9220221205223,77.9633701648251,2.0674022151377,12.7754531122092,12.5202967465597,12.5219806739988,2.78338413503377,3.76862474193319,0.0054020347191733
"cloglog",4000,24,2,0,2000,1721.06997439646,-281.560533624388,2002.63050802085,1997.47391000561,1998.73677365948,2.52572730773455,73.6972890321856,44.7213433757948,44.7213595499958,-3.75053057227704,0.0870665786725528,0.999997791122951
"cloglog",4000,24,2,1,2000,1704.61697034635,-279.754173403896,1984.37114375025,1997.25328692167,1998.50859630145,2.51061875956563,73.6604730508894,44.7145689594578,44.7213595499958,-3.97277270230322,-0.31617105744707,0.99999946766472
"cloglog",4000,24,5,0,800,706.62210001832,-112.60819456085,819.230294579171,797.749700517484,798.199598090247,2.24948786381349,42.7666695429731,35.7770398001458,35.7770876399966,-2.13080890967196,0.587826623063388,0.990963050721621
"cloglog",4000,24,5,1,800,677.62505763534,-112.659698894865,790.284756530205,797.618170672819,798.064825270607,2.23327298894081,42.7459769923341,35.7699464099544,35.7770876399966,-2.8071206106483,-0.217502946502516,0.999218305152979
"cloglog",4000,24,10,0,400,359.947673850516,-56.3140141626182,416.261688013134,397.842257729053,398.05788051981,2.15622790756869,29.2785257303455,26.8327010178997,26.8328157299975,-1.29427909818771,0.678418750359148,0.914727596580607
"cloglog",4000,24,10,1,400,345.554273607824,-56.3548752182224,401.909148826047,397.766713603977,397.981746907901,2.15033303923892,29.2673461466935,26.8270557896158,26.8328157299975,-1.78398272718183,0.146397053368252,0.972794675199854
"cloglog",4000,24,25,0,160,162.571366025585,-22.4885464763754,185.05991250196,157.906238883288,157.989852050117,2.09032917072108,18.142083344768,17.5267280355354,17.5271218401653,0.257143959359147,1.54450165467048,0.38508782174843
"cloglog",4000,24,25,1,160,139.100299165957,-22.6052629549257,161.705562120882,157.875005986142,157.958480911622,2.08687313699987,18.1366627652734,17.5228787181252,17.5271218401653,-1.03517979372334,0.213839362215319,0.857895081412767
"cloglog",4000,24,50,0,80,78.3313734516509,-11.1714293149178,89.5028027665687,77.9205299431078,77.9619850277244,2.07275423082818,12.7377694514855,12.5209049321888,12.5219806739988,0.0322539601700177,0.921723933002246,0.468164991861384
"cloglog",4000,24,50,1,80,86.4622697666457,-11.3208952107485,97.7831649773941,77.9075853483788,77.948948774346,2.06817129835825,12.7344065111127,12.5181419603099,12.5219806739988,0.671777236795572,1.58443771175744,0.239656634290432
"cloglog",4000,25,2,0,2000,1686.55294628532,-298.407663983579,1984.9606102689,1997.49533313876,1998.7474909215,2.50431556547014,75.4798309798611,44.7213390902935,44.7213595499958,-4.11954270189618,-0.308284164406701,0.999999899454108
"cloglog",4000,25,2,1,2000,1654.95150623176,-293.70333307269,1948.65483930445,1996.71228895051,1997.97872109271,2.53286428439217,75.4385796619625,44.6987938606979,44.7213595499958,-4.53031836296717,-1.10347232057252,0.99999999584506
"cloglog",4000,25,5,0,800,656.710477974774,-119.269234977135,775.979712951909,797.745847406469,798.196493043342,2.25322818436502,43.2611751647701,35.777032661725,35.7770876399966,-3.26009103762275,-0.620978835821701,0.999912658039089
"cloglog",4000,25,5,1,800,686.385159519964,-119.66879073249,806.053950252455,797.264563126705,797.71464413261,2.25040502952741,43.227438600723,35.753455133634,35.7770876399966,-2.56502367930922,0.233244761623044,0.998244309393507
"cloglog",4000,25,10,0,400,362.468566240383,-59.6027005857648,422.071266826148,397.845746149173,398.061016035339,2.15269886166583,29.4595329986162,26.832696498139,26.8328157299975,-1.20087375147636,0.894813191528245,0.898867310824279
"cloglog",4000,25,10,1,400,376.538916511897,-59.7207839855758,436.259700497473,397.563800347683,397.780309369683,2.16509022000326,29.4361347428692,26.8138963762565,26.8328157299975,-0.714254232746326,1.43505407001808,0.773687804333295
"cloglog",4000,25,25,0,160,199.057250194822,-23.8506526225169,222.907902817339,157.907001173985,157.990576789043,2.08939037644559,18.1887348306138,17.5267063577222,17.5271218401653,2.26240304254566,3.70390903477959,0.0149241817529658
"cloglog",4000,25,25,1,160,192.967179901714,-23.8082969817241,216.775476883438,157.780135548098,157.864175911643,2.10100908863127,18.1747351128042,17.5139017454432,17.5271218401653,1.93604166086728,3.36368799071987,0.0303910818522614
"cloglog",4000,25,50,0,80,119.565726111266,-11.8880093921907,131.453735503457,77.922313487075,77.9637319086721,2.07092107985528,12.7542631951108,12.5208934585614,12.5219806739988,3.26505827793759,4.27205963949879,0.0017322750165374
"cloglog",4000,25,50,1,80,111.225924311089,-11.8661175089898,123.092041820078,77.8607383860433,77.9021928345072,2.07272242319885,12.744337999628,12.5114695668199,12.5219806739988,2.61803994260189,3.61187378862458,0.00804226590195783
"cloglog",4000,26,2,0,2000,1736.48137600499,-234.641935772573,1971.12331177756,1997.48284746449,1998.74124381257,2.51679269616591,70.0251562829774,44.7213403777026,44.7213595499958,-3.72725296613082,-0.617555999032213,0.999992270679438
"cloglog",4000,26,2,1,2000,1808.19195306845,-235.327701301116,2043.51965436957,1997.2142578888,1998.47396430052,2.51941282342386,70.0179734747854,44.7145317543027,44.7213595499958,-2.69962547385666,1.00740605574425,0.999008359269625
"cloglog",4000,26,5,0,800,747.211034725025,-93.7701025132529,840.981137238278,797.750220040282,798.200019770775,2.24899865246639,41.7677341565222,35.7770398091234,35.7770876399966,-1.21000543447878,1.1957701837756,0.900175884727806
"cloglog",4000,26,5,1,800,785.820287826154,-93.9880723866843,879.808360212838,797.598036972343,798.044336248573,2.23149638114974,41.7597277833719,35.769074907546,35.7770876399966,-0.282036061328902,2.28588589935871,0.613988332582094
"cloglog",4000,26,10,0,400,402.321129502964,-46.8809789188076,449.202108421772,397.837853639582,398.053924192138,2.16070552555714,28.9157432913036,26.8327054534196,26.8328157299975,0.15504619121206,1.90618811503839,0.430061142514729
"cloglog",4000,26,10,1,400,431.599165767199,-46.8753338853626,478.474499652562,397.76241631397,397.97655316309,2.14136849119952,28.9091452844457,26.826188125463,26.8328157299975,1.17045139592677,3.00072250716323,0.118521784428917
"cloglog",4000,26,25,0,160,174.496120891137,-18.7068573945031,193.20297828564,157.899782954223,157.983661494119,2.09696349741084,18.0486794871347,17.5267453528683,17.5271218401653,0.919531977325233,2.00946131654484,0.174967095627877
"cloglog",4000,26,25,1,160,194.468144434019,-18.7878392066068,213.255983640626,157.873719906992,157.957011904965,2.0822999493216,18.0440828258308,17.5222405155632,17.5271218401653,2.02805678073261,3.15593041235477,0.0256570097525422
"cloglog",4000,26,50,0,80,105.314532274011,-9.35101053052381,114.665542804535,77.9211326979185,77.9625832340701,2.07252680758251,12.7046304324359,12.5209636915477,12.5219806739988,2.15617445322578,2.93132066146327,0.021396157084245
"cloglog",4000,26,50,1,80,95.2412553766763,-9.38875789573156,104.630013272408,77.9066106140887,77.9479338043253,2.06615951183078,12.7013141689938,12.5176781634398,12.5219806739988,1.36479143275619,2.13155180375323,0.0897052519627958
"cloglog",4000,27,2,0,2000,1679.72369363205,-317.187292709537,1996.91098634159,1997.48319182168,1998.74138021029,2.5163767772205,87.4149032567332,44.7213346733947,44.7213595499958,-3.63507235438311,-0.0409288739270804,0.999999947985086
"cloglog",4000,27,2,1,2000,1690.59741153649,-317.32186950776,2007.91928104425,1997.00451214903,1998.26920398021,2.52938366235004,87.3456324753537,44.7057009238174,44.7213595499958,-3.50798422232503,0.215857862971164,0.999999852563938
"cloglog",4000,27,5,0,800,721.060138507407,-126.868401517659,847.928540025066,797.766502427696,798.213017945367,2.23257758835979,46.7182111474394,35.7770324953765,35.7770876399966,-1.64189428568248,1.38959322817294,0.975849332888249
"cloglog",4000,27,5,1,800,728.100169001194,-126.439301957734,854.539470958927,797.460283323224,797.907450922246,2.23583799511054,46.676820409012,35.761800790062,35.7770876399966,-1.48596484752501,1.5835897182342,0.963010105040105
"cloglog",4000,27,10,0,400,372.368823641155,-63.3967578989747,435.76558154013,397.86331045458,398.076814362615,2.13503908035744,30.7509682430665,26.832687757888,26.8328157299975,-0.829062896878785,1.40458412208204,0.817262104439994
"cloglog",4000,27,10,1,400,375.67286954296,-63.2467460025485,438.919615545508,397.6828246547,397.897460353011,2.14635698310183,30.7277561460854,26.8207149582584,26.8328157299975,-0.716289045223521,1.52949521503589,0.783163424211548
"cloglog",4000,27,25,0,160,183.226834882258,-25.341791442327,208.568626324585,157.91265829219,157.99600003904,2.08354367123265,18.5275529813766,17.5266858869155,17.5271218401653,1.36629897188867,2.88546429209986,0.0827255023412619
"cloglog",4000,27,25,1,160,183.295343547033,-25.3176106631571,208.61295421019,157.838194837671,157.921604202897,2.0852341306604,18.5160429694631,17.518544630308,17.5271218401653,1.37486982242081,2.89358226251248,0.0821943658647485
"cloglog",4000,27,50,0,80,98.1311189420985,-12.673980175298,110.805099117396,77.9268735003943,77.9681926297498,2.06595646777727,12.8754357811083,12.5208293961843,12.5219806739988,1.56920866875428,2.6225823744275,0.0613907920881916
"cloglog",4000,27,50,1,80,101.312356634012,-12.602533637285,113.914890271297,77.8872409771235,77.9286020431898,2.06805330331373,12.8682162660081,12.514893786723,12.5219806739988,1.82038560532796,2.87547691905182,0.0392341723853951
"cloglog",4000,28,2,0,2000,1750.92123712079,-261.4152707996,2012.33650792039,1997.46962874291,1998.73462342748,2.52998936913941,72.3534701350537,44.7213433149453,44.7213595499958,-3.40755448442088,0.304147493896276,0.999976674031094
"cloglog",4000,28,2,1,2000,1711.61905502637,-275.506154560938,1987.1252095873,1994.91688761867,1996.18605006951,2.53832490168179,72.0996916484991,44.6497791687268,44.7213595499958,-3.92925165302285,-0.202931361607989,0.999999013847116
"cloglog",4000,28,5,0,800,750.971418653059,-104.512518797768,855.483937450827,797.758611656184,798.206729569003,2.24058956409737,42.3979846751044,35.7770431062125,35.7770876399966,-1.10352398496426,1.6009486226065,0.881866503512197
"cloglog",4000,28,5,1,800,682.862533173225,-109.187094922323,792.049628095548,796.083037196147,796.531148559104,2.24055681478703,42.2218226557029,35.6968820159277,35.7770876399966,-2.68156362993082,-0.125543750895573,0.998722428427755
"cloglog",4000,28,10,0,400,389.929160393194,-52.2330559395689,442.162216332763,397.863550785776,398.077057082851,2.13506297075596,29.1441865356478,26.8327118388766,26.8328157299975,-0.272246074971972,1.64296324257615,0.604244027975319
"cloglog",4000,28,10,1,400,371.541906707017,-55.589663903617,427.131570610634,396.90892064445,397.123138054962,2.14217410512109,29.0393211525814,26.7672144286954,26.8328157299975,-0.873540183813059,1.12108910830491,0.82527122684188
"cloglog",4000,28,25,0,160,224.135518864752,-20.9818588122555,245.117377677008,157.91835692303,158.001491538569,2.07836538848215,18.1074485819726,17.5267468870631,17.5271218401653,3.65690183473153,4.97045382693013,0.000424452670609436
"cloglog",4000,28,25,1,160,185.643358048913,-21.8681172220589,207.511475270972,157.507888754703,157.591261254083,2.08431248449368,18.0517480665212,17.4819097489905,17.5271218401653,1.55860081752359,2.85553550691288,0.0655692772451907
"cloglog",4000,28,50,0,80,148.510398281177,-10.4901943028397,159.000592584016,77.9408897707306,77.981949692872,2.05299610706993,12.7256208597659,12.5210034552831,12.5219806739988,5.54546684111601,6.47061900274129,2.63389118936834e-06
"cloglog",4000,28,50,1,80,109.279670009668,-10.902788540127,120.182458549795,77.7233485077128,77.7646181131227,2.06348027049843,12.6891807178429,12.4884283627668,12.5219806739988,2.48686831747795,3.39657154643557,0.0112166662521656
"cloglog",4000,29,2,0,2000,1777.4762080102,-239.850195302007,2017.32640331221,1997.48426619002,1998.74193707075,2.51534176147085,77.9532915005176,44.721339928918,44.7213595499958,-2.82230620343153,0.415561480738137,0.999849934328878
"cloglog",4000,29,2,1,2000,1745.68326236165,-240.319069117074,1986.00233147873,1996.32954803067,1997.57778008312,2.49646410490199,77.8186229648016,44.6841636678364,44.7213595499958,-3.22090363616929,-0.259050358208351,0.999984254887974
"cloglog",4000,29,5,0,800,736.23435761736,-95.778512936229,832.012870553589,797.790725224748,798.232405994905,2.20840385078695,43.9573789500129,35.7770355111202,35.7770876399966,-1.40036483242979,0.944194064043806,0.941916693313209
"cloglog",4000,29,5,1,800,724.851872034516,-96.8604960758779,821.712368110394,797.051063929486,797.496871293941,2.22903682227763,43.876992059669,35.7416749474953,35.7770876399966,-1.64549091689753,0.677514326119991,0.969487592999607
"cloglog",4000,29,10,0,400,364.589259920249,-47.7572138701299,412.346473790379,397.869929808998,398.082782997488,2.12853188489996,29.7160507708087,26.8326977390676,26.8328157299975,-1.11995601789192,0.531578707873393,0.884009432601707
"cloglog",4000,29,10,1,400,365.500854708523,-48.0718006080763,413.572655316599,397.458593755403,397.672432833069,2.13839077666946,29.6691276577283,26.804544596525,26.8328157299975,-1.07713780518099,0.593191293598428,0.877187516837529
"cloglog",4000,29,25,0,160,178.063932815409,-19.3606799408816,197.424612756291,157.915914431339,157.999141451292,2.08067549881805,18.2553776452354,17.5267268190351,17.5271218401653,1.10367579217559,2.24944861137334,0.131081139881264
"cloglog",4000,29,25,1,160,158.257829839982,-19.6585609002607,177.916390740243,157.7467638197,157.829864080137,2.07750651093207,18.2309685364805,17.507541752284,17.5271218401653,0.0280328507648538,1.14730708310234,0.479262203466059
"cloglog",4000,29,50,0,80,105.725774089864,-9.51533749785315,115.241111587717,77.9341725626124,77.9753554619426,2.05914496651012,12.7780006715382,12.520905236923,12.5219806739988,2.17495696248902,2.97628289813111,0.0200509412683891
"cloglog",4000,29,50,1,80,102.427306585039,-9.76652300331873,112.193829588357,77.8489228425127,77.890066502543,2.05718300151517,12.7622466972825,12.5071415153393,12.5219806739988,1.92586652848197,2.74273406467359,0.0332936486028486
"cloglog",4000,30,2,0,2000,1782.14769347118,-232.944455879077,2015.09214935026,1997.50047477328,1998.75005191231,2.49915427804938,69.5384470653422,44.7213416890087,44.7213595499958,-3.09688798629263,0.365420553604819,0.999796372265083
"cloglog",4000,30,2,1,2000,1816.49356280092,-233.30023620035,2049.79379900127,1997.44970058065,1998.70389731522,2.50839346914669,69.5299883170743,44.7202072962664,44.7213595499958,-2.60256246491115,1.14243436636112,0.998424160807082
"cloglog",4000,30,5,0,800,712.624756406034,-93.1605686494938,805.785325055527,797.779180470848,798.223182189408,2.22000859279987,41.6374818735548,35.7770417279179,35.7770876399966,-2.04513866432682,0.211368590048039,0.986151979279163
"cloglog",4000,30,5,1,800,773.681392537326,-93.1705353745174,866.851927911843,797.738085182324,798.185163061293,2.23538939484316,41.6329703481991,35.7758108795178,35.7770876399966,-0.577827919646364,1.91936292043244,0.725177141104241
"cloglog",4000,30,10,0,400,415.397093472715,-46.5720061699916,461.969099642707,397.8669619132,398.080122492982,2.1316057978215,28.8687654343986,26.8327078805668,26.8328157299975,0.607235234889102,2.38101116868624,0.263886614045763
"cloglog",4000,30,10,1,400,404.683105011435,-46.512812231887,451.195917243322,397.85005199433,398.063449416218,2.1339742188788,28.8664497301029,26.8317031013971,26.8328157299975,0.236712622473259,1.98021227449918,0.397754850772538
"cloglog",4000,30,25,0,160,173.386247298927,-18.7231034224341,192.109350721361,157.921468770468,158.00447657633,2.07519514653676,18.0366629342627,17.5267376611729,17.5271218401653,0.857407968692592,1.94587691128535,0.190470809564688
"cloglog",4000,30,25,1,160,170.030694574231,-18.6378033087623,188.668497882993,157.913240484449,157.996339545438,2.07747652473548,18.0356352378854,17.5260781517723,17.5271218401653,0.671861785290963,1.75008681759493,0.242710926997599
"cloglog",4000,30,50,0,80,111.159683886294,-9.31951902293138,120.479202909225,77.9351345721354,77.9763027710643,2.05840994644892,12.7003764149345,12.5209467866776,12.5219806739988,2.61602870880972,3.39454362855247,0.00813519203520447
"cloglog",4000,30,50,1,80,102.674040308171,-9.343227382652,112.017267690823,77.9338592731426,77.9749934651246,2.0567095991007,12.6997792686695,12.5204784239744,12.5219806739988,1.94807960923094,2.71892758990058,0.032089665118547
"cloglog",4000,31,2,0,2000,1815.76353916563,-251.477688261776,2067.24122742741,1997.47960726717,1998.73961394161,2.52001334886668,68.7427796065639,44.721340677799,44.7213595499958,-2.64342043108471,1.53174328961485,0.998485863191523
"cloglog",4000,31,2,1,2000,1765.17382101122,-251.989548970303,2017.16336998152,1996.92822460301,1998.1918959719,2.52734273776463,68.719730629525,44.7065855124369,44.7213595499958,-3.37245797486032,0.424355244136195,0.999934918348382
"cloglog",4000,31,5,0,800,757.719608041266,-100.672141711886,858.391749753152,797.756937331231,798.205385914552,2.24224291660714,41.4255322114652,35.7770399948703,35.7770876399966,-0.966489195252491,1.6822622510758,0.84351113743396
"cloglog",4000,31,5,1,800,758.320722449032,-99.6586813453665,857.979403794398,797.408419404801,797.856711493544,2.24146044371301,41.4064058890751,35.7606384290688,35.7770876399966,-0.944001202627497,1.68125332605871,0.83974789835908
"cloglog",4000,31,10,0,400,415.972913419433,-50.3376051325958,466.310518552029,397.860242536334,398.074071557054,2.13829020720031,28.792423873929,26.8327046342498,26.8328157299975,0.629077668570305,2.54303276263388,0.257447893967376
"cloglog",4000,31,10,1,400,399.654633629202,-49.6522602471141,449.306893876316,397.662323678218,397.87617308609,2.13849407871329,28.7776899567663,26.8191563584341,26.8328157299975,0.0692310589896703,1.91768600409581,0.467247847579816
"cloglog",4000,31,25,0,160,202.140600911555,-20.1094952175292,222.250096129084,157.912235508078,157.995610181357,2.08436683198219,18.0171427369498,17.5267313614285,17.5271218401653,2.4547935290968,3.66608494320476,0.0101647028100826
"cloglog",4000,31,25,1,160,183.11262911366,-19.8296287623754,202.942257876035,157.832352879655,157.915610502487,2.08144057080788,18.0076655236855,17.5175814001224,17.5271218401653,1.4038619387257,2.57036895362926,0.0836169501841626
"cloglog",4000,31,50,0,80,132.883678998662,-9.97225689673848,142.855935895401,77.9297157438226,77.9709918773532,2.0638066765293,12.6934559371695,12.5209434544893,12.5219806739988,4.32931453237424,5.18211301359913,0.000107138563326144
"cloglog",4000,31,50,1,80,121.763602151464,-9.87759699418588,131.64119914565,77.8937210263085,77.9348635313668,2.05712525291445,12.6865980032206,12.5142352417958,12.5219806739988,3.45797045937915,4.29161946987468,0.00112397374683485
"cloglog",4000,32,2,0,2000,1824.41680054675,-254.403494995231,2078.82029554198,1997.46671900739,1998.73317352036,2.53290902594118,73.5413711895145,44.7213430362273,44.7213595499958,-2.35309616426238,1.79080315089693,0.997592466551429
"cloglog",4000,32,2,1,2000,1715.47988493043,-258.545879831563,1974.02576476199,1996.55935010812,1997.82494430869,2.53118840113472,73.4915726112637,44.6956225275677,44.7213595499958,-3.82464893851805,-0.532472269113525,0.9999986241843
"cloglog",4000,32,5,0,800,725.112128748599,-101.754956389984,826.867085138583,797.755110604339,798.203925268809,2.2440733223508,42.7236972019222,35.7770394491595,35.7770876399966,-1.70029717962872,0.801160753127865,0.969005147237294
"cloglog",4000,32,5,1,800,695.840053710142,-102.714330016787,798.55438372693,797.170456424161,797.618168219318,2.23855897578501,42.6847584967752,35.749138363972,35.7770876399966,-2.3739247048024,0.0261884775537686,0.996074372142326
"cloglog",4000,32,10,0,400,361.293564170951,-50.857713892082,412.151278063033,397.84648863742,398.061695309704,2.15206672284124,29.2628009408274,26.8327051962567,26.8328157299975,-1.24912596509072,0.52508990987963,0.906499464183155
"cloglog",4000,32,10,1,400,374.852270056784,-51.3262518576118,426.178521914396,397.526541776579,397.74021917827,2.1367740169124,29.2348620588548,26.809623771771,26.8328157299975,-0.775590172929422,1.06074978814397,0.791939415895246
"cloglog",4000,32,25,0,160,175.149009885572,-20.3538730392567,195.502882924829,157.895016695592,157.97908352154,2.10167064868914,18.1379939517005,17.5267411613646,17.5271218401653,0.951262484480126,2.14094560179879,0.166260906112097
"cloglog",4000,32,25,1,160,155.455677636486,-20.5525063409806,176.008183977467,157.774826648592,157.857949478062,2.07807073675985,18.1207250250486,17.5108376831567,17.5271218401653,-0.12798323515752,1.03651434773238,0.542343741636739
"cloglog",4000,32,50,0,80,93.9058866082266,-10.1837116887011,104.089598296928,77.9144698025994,77.9560537679409,2.07919826707674,12.736375177924,12.5209655054453,12.5219806739988,1.25557048863834,2.08718285483827,0.105921365019575
"cloglog",4000,32,50,1,80,96.6759121322631,-10.3260936469103,107.002005779173,77.8597446237425,77.9009582922328,2.06068342451508,12.7242589269159,12.5094423530614,12.5219806739988,1.47876333046936,2.32632651924879,0.0745574217827353
"cloglog",4000,33,2,0,2000,1811.03016008224,-234.416683019919,2045.44684310216,1997.4699320539,1998.73478844599,2.52971278417263,74.6516065224341,44.7213432173264,44.7213595499958,-2.49746496635191,1.04451367726514,0.998835630677559
"cloglog",4000,33,2,1,2000,1787.4662586015,-236.116015562746,2023.58227416425,1997.21789466081,1998.47998440934,2.5241794970548,74.6134994425722,44.7137240423558,44.7213595499958,-2.81117542571167,0.561400113556419,0.999714045459377
"cloglog",4000,33,5,0,800,747.7633924322,-93.6691440681813,841.432536500381,797.771578256066,798.217103242451,2.22762493192369,43.0306772390457,35.7770411619575,35.7770876399966,-1.16215195838212,1.20790964971923,0.897620911482408
"cloglog",4000,33,5,1,800,691.06021347903,-93.6800553945033,784.740268873533,797.616136914591,798.058577217483,2.21220151445755,43.0093842714778,35.7688660629305,35.7770876399966,-2.47750404337281,-0.372343599613076,0.997363390722873
"cloglog",4000,33,10,0,400,348.527397940143,-46.8229309836141,395.350328923757,397.856659186429,398.070848556759,2.14189370330115,29.3750087515279,26.8327052660741,26.8328157299975,-1.67929349957113,-0.101388197948183,0.964700629047883
"cloglog",4000,33,10,1,400,362.050884176636,-46.7875219658864,408.838406142523,397.777367362101,397.989990854608,2.12623492506888,29.3628875388889,26.8261283620765,26.8328157299975,-1.21672240641004,0.404397352517382,0.90162880372186
"cloglog",4000,33,25,0,160,143.026049835148,-18.6551224926649,161.681172327813,157.921187339289,158.00420632079,2.07547453752045,18.1669571562761,17.5267377357776,17.5271218401653,-0.819902715463549,0.20979180851879,0.797497914371703
"cloglog",4000,33,25,1,160,130.130433517989,-18.8481250345591,148.978558552548,157.880617622428,157.963654967508,2.07593362699291,18.1609524795191,17.52228785934,17.5271218401653,-1.52801369508205,-0.512781007085828,0.948733745783994
"cloglog",4000,33,50,0,80,69.5151782437993,-9.36756675536418,78.8827449991635,77.9300806713724,77.9713470643954,2.06331965115,12.7465728882686,12.5209225649169,12.5219806739988,-0.660169796331516,0.0727899985039261,0.742717366392864
"cloglog",4000,33,50,1,80,72.7155909163661,-9.46735390980884,82.182944826175,77.9144052285936,77.9555867126722,2.05907420392902,12.7428567831836,12.5177836203767,12.5219806739988,-0.407978713147606,0.337708195132996,0.647777381580686
"cloglog",4000,34,2,0,2000,1781.14570664994,-211.005788991938,1992.15149564188,1997.48260759504,1998.74111916383,2.51702313759159,73.5701655625608,44.7213406354796,44.7213595499958,-2.94055204702683,-0.147348523731894,0.999809170703451
"cloglog",4000,34,2,1,2000,1824.77287915917,-211.770508047889,2036.54338720706,1997.17356627152,1998.43205159954,2.51697065605757,73.5462974741362,44.7128345352103,44.7213595499958,-2.34411102983088,0.85235785213982,0.99754718931132
"cloglog",4000,34,5,0,800,746.27389550684,-84.3621675717264,830.636063078567,797.75546949952,798.20421054638,2.24370523429904,42.7316547798134,35.7770398389767,35.7770876399966,-1.20476434291986,0.906499047382183,0.904406391988834
"cloglog",4000,34,5,1,800,781.007599968943,-85.1854051325891,866.193005101532,797.556139237625,798.006478685417,2.25169723895819,42.7149135740967,35.7678338912918,35.7770876399966,-0.387418301572253,1.90636443412684,0.659713289024441
"cloglog",4000,34,10,0,400,349.474769805354,-42.1551178332022,391.629887638556,397.865204650627,398.078540251179,2.13335600552064,29.2657319028831,26.8327065480496,26.8328157299975,-1.65348452606121,-0.240328071306382,0.961751646878454
"cloglog",4000,34,10,1,400,387.450893217756,-42.4642903674781,429.915183585234,397.749369538382,397.963304445955,2.13934907573282,29.2551007604695,26.825120186565,26.8328157299975,-0.352023272965155,1.19111783720103,0.638170866859319
"cloglog",4000,34,25,0,160,162.599254623863,-16.7551823682301,179.354436992093,157.927748552885,158.010506189279,2.06894090985521,18.1386828147502,17.5267398409859,17.5271218401653,0.257543842553938,1.21779241299066,0.384499741590409
"cloglog",4000,34,25,1,160,165.645650927008,-16.7837533622547,182.429404289262,157.867959116884,157.951268698919,2.08273955085407,18.1327195068259,17.5216391845416,17.5271218401653,0.428931347401874,1.39702315134644,0.322500157547172
"cloglog",4000,34,50,0,80,101.968520419626,-8.3600451150189,110.328565534644,77.9412522893119,77.9822954070276,2.05215588578249,12.736554971126,12.520923235092,12.5219806739988,1.88648093497684,2.58337740119364,0.0356366410375655
"cloglog",4000,34,50,1,80,110.462958879033,-8.43365591142019,118.896614790453,77.9073753393606,77.9486271560287,2.06259083340992,12.7325606475072,12.5172328925255,12.5219806739988,2.55687637710536,3.27132905379398,0.00917364057870962
"cloglog",4000,35,2,0,2000,1720.8686797626,-230.692916335117,1951.56159609772,1997.47607875821,1998.73786316271,2.52356880898889,73.7050206819011,44.7213423277149,44.7213595499958,-3.75289765115739,-1.05489380706165,0.999997828074681
"cloglog",4000,35,2,1,2000,1749.45893043389,-235.506078187678,1984.96500862156,1995.18980443816,1996.43635751394,2.49310615156371,73.4439718384698,44.649032565988,44.7213595499958,-3.34582768133406,-0.25692267520963,0.999979079905047
"cloglog",4000,35,5,0,800,720.932175620045,-92.2864551295684,813.218630749613,797.774402021825,798.219359833771,2.22478905973002,42.7688002631511,35.7770415790188,35.7770876399966,-1.79668884628468,0.419242907011014,0.976043297664651
"cloglog",4000,35,5,1,800,678.905846265961,-93.067619107492,771.973465373454,796.358778634754,796.803529328321,2.22375346783299,42.6138587023688,35.7078783936993,35.7770876399966,-2.75621443223737,-0.695366542954531,0.999116695853427
"cloglog",4000,35,10,0,400,366.842240813711,-46.1472721422414,412.989512955953,397.868373501483,398.081393447692,2.13019946208449,29.2792988443857,26.8327081275268,26.8328157299975,-1.05966105447643,0.555595038615096,0.86666805126592
"cloglog",4000,35,10,1,400,377.805961131019,-46.7647101037807,424.5706712348,397.076831924301,397.289265977923,2.12434053621674,29.1894779934178,26.7771027149663,26.8328157299975,-0.660199226503036,1.01883334979437,0.759439915883916
"cloglog",4000,35,25,0,160,169.243520610077,-18.4648296342117,187.708350244289,157.921339923167,158.004354213964,2.07535726993127,18.1422237625708,17.5267430459636,17.5271218401653,0.624078990265183,1.69478128095028,0.256110015588374
"cloglog",4000,35,25,1,160,168.863984762841,-18.4705576321785,187.33454239502,157.589037344555,157.671732500549,2.06737889985367,18.0952884057403,17.4889512377462,17.5271218401653,0.623087467050799,1.69608854706221,0.262720738158762
"cloglog",4000,35,50,0,80,108.486388009735,-9.18339883485363,117.669786844588,77.9395348441683,77.9806174448528,2.0541300342216,12.7378917227937,12.5209673236725,12.5219806739988,2.39810903015484,3.16981654641794,0.0128081361766499
"cloglog",4000,35,50,1,80,110.71780296274,-9.3020827401202,120.01988570286,77.7717931632122,77.8127611168129,2.04839768003414,12.7072198875623,12.4936330013627,12.5219806739988,2.59270006272381,3.3782907326831,0.00878056803962008
"cloglog",4000,36,2,0,2000,1751.66944029947,-269.768174109623,2021.43761440909,1997.47852300337,1998.73907114743,2.52109628812086,76.4787569118459,44.7213381872872,44.7213595499958,-3.21408313405554,0.507555099684342,0.999975344362643
"cloglog",4000,36,2,1,2000,1832.12713395889,-270.157618061236,2102.28475202012,1997.18947244875,1998.45444986644,2.5299548353745,76.4474536053857,44.7127165514515,44.7213595499958,-2.15916071373544,2.32216492670959,0.996424385792568
"cloglog",4000,36,5,0,800,709.290691473214,-107.860812377143,817.151503850357,797.762726547415,798.210005169125,2.23639310854921,43.5410016922246,35.7770352897102,35.7770876399966,-2.0319246603369,0.529431757770023,0.989039334401437
"cloglog",4000,36,5,1,800,722.198149888833,-107.830438153217,830.02858804205,797.57932808305,798.026671985471,2.23671951210456,43.5205950310799,35.7680715888153,35.7770876399966,-1.7320805963334,0.894706218005503,0.974066702053221
"cloglog",4000,36,10,0,400,355.021056524974,-53.8537852656515,408.874841790625,397.852683181939,398.067262652805,2.14579470866383,29.5624143422794,26.8326984636642,26.8328157299975,-1.44885414841468,0.40277645397667,0.940391300716485
"cloglog",4000,36,10,1,400,367.659199985849,-53.7449147292376,421.404114715087,397.756556570231,397.970411815614,2.13855245383355,29.5504305333586,26.8254689689951,26.8328157299975,-1.018508226146,0.873561723247308,0.859979197358426
"cloglog",4000,36,25,0,160,142.121650405895,-21.5234799287668,163.645130334662,157.915890749871,157.999111318302,2.08051421077524,18.2154503453399,17.5267072654003,17.5271218401653,-0.867079322472864,0.322138033737018,0.812513707150586
"cloglog",4000,36,25,1,160,161.580902830908,-21.4164475891427,182.99735042005,157.864510739568,157.948041670104,2.08827326341211,18.2093089419147,17.5218557372649,17.5271218401653,0.204092978113253,1.42960364047923,0.406179620423229
"cloglog",4000,36,50,0,80,89.312710237445,-10.7461544263184,100.058864663763,77.9328728220001,77.9740792868355,2.06032324176513,12.763822836818,12.5208873944479,12.5219806739988,0.89156967790395,1.76383547596802,0.179279560969142
"cloglog",4000,36,50,1,80,90.1547151798929,-10.6187129946617,100.773428174555,77.9049013631749,77.9462214304506,2.06600336378786,12.7598629789013,12.5173748637788,12.5219806739988,0.960027065884124,1.82364169744236,0.163665172441586
"cloglog",4000,37,2,0,2000,1775.92377091938,-263.852113992825,2039.77588491221,1997.47755293922,1998.73859651925,2.52208716006043,71.6228047637187,44.7213433389152,44.7213595499958,-3.09334132823678,0.917621997218511,0.99986460644549
"cloglog",4000,37,2,1,2000,1780.77966482774,-267.184189233989,2047.96385406173,1997.04002548315,1998.29588848422,2.51172600213615,71.5625233227047,44.7089967654602,44.7213595499958,-3.02197785396976,1.11091657542815,0.999813656831117
"cloglog",4000,37,5,0,800,670.331750077093,-105.588433759686,775.920183836779,797.748925753038,798.198984302142,2.25029274552086,42.1990142095693,35.7770441342142,35.7770876399966,-3.01943488639721,-0.622712160953997,0.999620215637453
"cloglog",4000,37,5,1,800,716.693929331795,-106.371293259773,823.065222591568,797.487435022243,797.932992045641,2.22778511699259,42.1631577158039,35.7634217566929,35.7770876399966,-1.91621097819636,0.702735625156548,0.98177655363302
"cloglog",4000,37,10,0,400,315.232391014987,-52.8412098692893,368.073600884276,397.847510053506,398.062620838702,2.15110785196099,29.0718972236142,26.8327124059887,26.8328157299975,-2.84175189541511,-1.11762909021946,0.999160493294018
"cloglog",4000,37,10,1,400,365.583593053455,-52.9785126574667,418.562105710921,397.69630459948,397.910770966985,2.14466367504928,29.0520421133572,26.8217982844764,26.8328157299975,-1.10535126655559,0.769945941912796,0.876555277342622
"cloglog",4000,37,25,0,160,143.785428281558,-21.0178670314353,164.803295312993,157.907411589041,157.990987191458,2.08939006042841,18.0888208832269,17.5267556001841,17.5271218401653,-0.780702257966313,0.388680499513735,0.784403459212581
"cloglog",4000,37,25,1,160,146.049658790626,-21.130216680065,167.179875470691,157.843542917919,157.92699220851,2.08623226476639,18.0789405897912,17.5193256034719,17.5271218401653,-0.65235482514685,0.528152936454764,0.742877287010201
"cloglog",4000,37,50,0,80,80.6562917881034,-10.6553268453841,91.3116186334875,77.9181237901477,77.9596362487769,2.07562293145915,12.718922988053,12.5209801145066,12.5219806739988,0.215283007887352,1.06636878763518,0.396057440412875
"cloglog",4000,37,50,1,80,89.1891900880029,-10.6168155079204,99.8060055959233,77.8948627755454,77.9361562704837,2.06467474691096,12.7126749808458,12.5155968307302,12.5219806739988,0.888430431004855,1.74740762436046,0.181654969802463
"cloglog",4000,38,2,0,2000,1794.73184171059,-242.362377803736,2037.09421951432,1997.45723314621,1998.72844726046,2.54242822849828,74.4063233720262,44.721343665085,44.7213595499958,-2.72457208269796,0.857885052407781,0.999551417363004
"cloglog",4000,38,2,1,2000,1789.95276962268,-242.991889942915,2032.94465956559,1997.35351984076,1998.61834320551,2.52964672950858,74.3864208892954,44.7178660005174,44.7213595499958,-2.78815337179269,0.767619733009719,0.999665818691746
"cloglog",4000,38,5,0,800,698.72037775038,-96.8814115603693,795.601789310749,797.77192709877,798.217373095831,2.22722998530621,42.9627024168298,35.7770403045596,35.7770876399966,-2.30552418205398,-0.0731078860301511,0.995052566590414
"cloglog",4000,38,5,1,800,753.907973800231,-97.3901604953287,851.29813429556,797.679810414675,798.128591184951,2.24390385138244,42.9514595354843,35.7733929540093,35.7770876399966,-1.01910009782745,1.4862873974231,0.866052494474352
"cloglog",4000,38,10,0,400,349.480621221389,-48.445213292169,397.925834513558,397.856318076593,398.070541153888,2.1422307729555,29.350183148477,26.8327069186471,26.8328157299975,-1.64822470137514,-0.00539291994539557,0.961732844073227
"cloglog",4000,38,10,1,400,370.153481422921,-48.8010774081086,418.954558831029,397.813798329958,398.027990671784,2.14192341826186,29.344104214679,26.8297382542321,26.8328157299975,-0.942619229562327,0.779976605099536,0.838234346757438
"cloglog",4000,38,25,0,160,152.955035471499,-19.3714148649589,172.326450336458,157.910326756702,157.993782015392,2.08638146724795,18.1605731741818,17.5267443524062,17.5271218401653,-0.272859850714794,0.817759877869096,0.598421957571984
"cloglog",4000,38,25,1,160,152.161868316887,-19.49994201218,171.661810329067,157.890583276925,157.974096773614,2.08783741722715,18.1576943206486,17.5247164469029,17.5271218401653,-0.315497929355632,0.781051927255161,0.615974098553047
"cloglog",4000,38,50,0,80,93.8372112543962,-9.60340947204,103.440620726436,77.9267182560231,77.9680585598582,2.06701519175651,12.7444768499521,12.5209791204006,12.5219806739988,1.24842260578417,2.03439059530697,0.106813549262318
"cloglog",4000,38,50,1,80,98.4858166731884,-9.75176242223665,108.237579095425,77.9229575575993,77.9641888611571,2.06156517789088,12.7427033466293,12.5195278879098,12.5219806739988,1.61369676090187,2.41809359788265,0.0584919059251973
"cloglog",4000,39,2,0,2000,1724.7631941745,-279.533236292732,2004.29643046723,1997.4945187556,1998.74707352459,2.50510953797702,78.401317291884,44.7213380699262,44.7213595499958,-3.47865742568756,0.124087453151948,0.999996996855307
"cloglog",4000,39,2,1,2000,1707.6004255715,-280.045139566548,1987.64556513805,1996.81076801901,1998.07683000769,2.53212397735588,78.3121759189877,44.7018550001321,44.7213595499958,-3.69304439640005,-0.233351946347907,0.999999306351911
"cloglog",4000,39,5,0,800,723.619142798807,-111.681391525933,835.30053432474,797.771406545815,798.216956558988,2.22775006586724,44.0846972315659,35.7770368395392,35.7770876399966,-1.68204089862531,1.03651898093384,0.971690459839945
"cloglog",4000,39,5,1,800,732.272080126262,-112.414980816889,844.687060943152,797.337315565149,797.782369039981,2.22526737416157,44.0325695913147,35.756114608717,35.7770876399966,-1.47766155922275,1.31179498713587,0.95312342312901
"cloglog",4000,39,10,0,400,390.834468079424,-55.7952636707193,446.629731750143,397.867062810366,398.080202632057,2.13139821691493,29.7631309455912,26.8326963152718,26.8328157299975,-0.236285448053094,1.80934217521979,0.591671993104841
"cloglog",4000,39,10,1,400,418.392143540786,-56.6877071140968,475.079850654883,397.619176549004,397.83260799316,2.13431444156582,29.7330622555774,26.8157231364845,26.8328157299975,0.698648757172179,2.88066975738657,0.231375231723425
"cloglog",4000,39,25,0,160,180.189104820197,-22.3407383341771,202.529843154375,157.91363782771,157.996955275318,2.08293619018718,18.2676286758514,17.5267243127647,17.5271218401653,1.21939565270088,2.54085629946398,0.109112799230451
"cloglog",4000,39,25,1,160,180.721355484051,-22.6068431137474,203.328198597798,157.818105161858,157.901110450848,2.0751322247564,18.2525466129935,17.5152648551407,17.5271218401653,1.25479752539784,2.59357129467655,0.104075348874072
"cloglog",4000,39,50,0,80,105.291400987428,-11.2075320809747,116.498933068403,77.933683353227,77.9748798722597,2.05982595163557,12.7825100680884,12.5209364060629,12.5219806739988,2.1402461244681,3.07677093364108,0.021474140817147
"cloglog",4000,39,50,1,80,96.625513594843,-11.3453038163222,107.970817411165,77.886087995858,77.927154227941,2.05331160415264,12.7726768707315,12.5124170638283,12.5219806739988,1.46714943066682,2.40110787787568,0.0750518288569363
"cloglog",4000,40,2,0,2000,1742.26397702794,-282.264978328934,2024.52895535688,1997.45340187045,1998.72650482706,2.54620591321329,75.4775474009761,44.7213409908483,44.7213595499958,-3.38099784147476,0.576960573143324,0.999987874791856
"cloglog",4000,40,2,1,2000,1718.92764803312,-281.620974008494,2000.54862204162,1997.42229768026,1998.69795048872,2.55130561692806,75.4773880599328,44.7205279471244,44.7213595499958,-3.68977592899736,0.0413830434892206,0.99999815540841
"cloglog",4000,40,5,0,800,784.464681967259,-113.014201169134,897.478883136393,797.740114347808,798.191920445983,2.25903049087412,43.260571305925,35.7770383077194,35.7770876399966,-0.306871406913931,2.77515879979889,0.627042042113074
"cloglog",4000,40,5,1,800,690.931589324764,-112.706570308848,803.638159633612,797.709022090622,798.163703635027,2.2734077220241,43.259892890678,35.7762119978346,35.7770876399966,-2.46827778875216,0.153019442050392,0.997392122240466
"cloglog",4000,40,10,0,400,418.980849308242,-56.5074553015247,475.488304609766,397.837342428889,398.053459765313,2.16117336423081,29.459347666391,26.8327031759491,26.8328157299975,0.717718094738197,2.8858383867139,0.225275418960837
"cloglog",4000,40,10,1,400,357.31540989072,-56.4319190576739,413.747328948394,397.819648354288,398.03656473325,2.16916378962164,29.4587167428782,26.8320236783657,26.8328157299975,-1.37494918115741,0.585522896202967,0.929283922945117
"cloglog",4000,40,25,0,160,174.748294498753,-22.6917054081182,197.439999906871,157.901859996983,157.985650457971,2.09476152469628,18.1887701834213,17.5267333276619,17.5271218401653,0.926199755777026,2.25109543868224,0.171568119889121
"cloglog",4000,40,25,1,160,174.768375869963,-22.6318621661885,197.400238036151,157.893280449398,157.977244613166,2.09910409420238,18.1883188785538,17.5262622040936,17.5271218401653,0.927798524604827,2.24936686236365,0.171299412967987
"cloglog",4000,40,50,0,80,111.939054983612,-11.3153660049863,123.254420988598,77.9232420891341,77.9646488787848,2.07033948253361,12.7543880492303,12.5209503121875,12.5219806739988,2.66698902081236,3.61711938635595,0.0071014499459637
"cloglog",4000,40,50,1,80,114.379787082203,-11.2720043963824,125.651791478585,77.9209492669932,77.9623591495182,2.07049412625328,12.7540558155324,12.5206133064462,12.5219806739988,2.85860735930044,3.80887350817826,0.00459302332944994
"cloglog",4000,41,2,0,2000,1749.31689387259,-243.118970714108,1992.4358645867,1997.4490219096,1998.72429168773,2.55053955624868,74.8509495543418,44.7213367226639,44.7213595499958,-3.31501643618925,-0.140613576468614,0.99997930067911
"cloglog",4000,41,2,1,2000,1828.63537993139,-243.730320498702,2072.36570043009,1997.31010898016,1998.56887130676,2.51752465319742,74.854316505794,44.7163867935939,44.7213595499958,-2.25337344487967,1.65033077166918,0.99700464491213
"cloglog",4000,41,5,0,800,680.430607736175,-97.311808372121,777.742416108296,797.752550358112,798.201860186091,2.24654913989301,43.0860474508526,35.777035444599,35.7770876399966,-2.72296832880213,-0.571859681036926,0.998980162989306
"cloglog",4000,41,5,1,800,729.024186870036,-96.9572287351844,825.981415605221,797.643548951313,798.093109122346,2.24780085516582,43.0846127045646,35.7718508137068,35.7770876399966,-1.59266517148028,0.779615978723371,0.960978679041356
"cloglog",4000,41,10,0,400,371.536959545764,-48.5952017106374,420.132161256402,397.843638109741,398.05911742197,2.15479312229027,29.3953072184104,26.8326955524712,26.8328157299975,-0.894927832137126,0.822617459034924,0.825318497489564
"cloglog",4000,41,10,1,400,342.913036213834,-48.56199895181,391.475035165644,397.790291793161,398.005003116077,2.14711322916143,29.3926425556812,26.8284601730414,26.8328157299975,-1.86704055191253,-0.24339704583548,0.978654782927182
"cloglog",4000,41,25,0,160,165.011348926273,-19.5052951536732,184.516644079946,157.909634073676,157.993111655644,2.08693954921073,18.172150712465,17.5267248118009,17.5271218401653,0.390802110601351,1.51331938563007,0.335014146307372
"cloglog",4000,41,25,1,160,156.323761000608,-19.4170938384725,175.740854839081,157.879055556018,157.962687689123,2.09080332764379,18.1696294420661,17.5237652543591,17.5271218401653,-0.0855985841851411,1.01451753615194,0.522760797632453
"cloglog",4000,41,50,0,80,86.8985083220609,-9.65458424252236,96.5530925645833,77.9265571289224,77.9678883185753,2.0665594826455,12.7483986760672,12.520875037343,12.5219806739988,0.703770835938927,1.48433749163525,0.229665508079501
"cloglog",4000,41,50,1,80,84.2015233115741,-9.72702908502682,93.9285523966009,77.9087535773996,77.9501740047332,2.07102136668121,12.7464451050274,12.5187731168211,12.5219806739988,0.493688215210099,1.2763533808595,0.295632704699091
"cloglog",4000,42,2,0,2000,1687.36576300794,-289.832971863592,1977.19873487153,1997.4876684674,1998.74365362577,2.51197031674094,77.2730798098703,44.7213405399475,44.7213595499958,-4.01332399617714,-0.481759233826991,0.9999998913653
"cloglog",4000,42,2,1,2000,1728.03661961594,-290.771306123725,2018.80792573966,1997.38444159373,1998.64862172167,2.52836025587934,77.250623853633,44.7185497937802,44.7213595499958,-3.48667503951982,0.45080406477745,0.99999607169061
"cloglog",4000,42,5,0,800,660.97015377825,-115.879477323854,776.849631102103,797.7730000649,798.218224649575,2.22612292337686,43.7648461947444,35.7770363145017,35.7770876399966,-3.12586146602472,-0.597271203786393,0.999859272273029
"cloglog",4000,42,5,1,800,692.388278829055,-116.566121735205,808.95440056426,797.712684852328,798.15864447486,2.22979811265942,43.7532558294363,35.7742477465751,35.7770876399966,-2.40723585083267,0.301774510141429,0.997049812004126
"cloglog",4000,42,10,0,400,341.426228216071,-57.7340590907108,399.160287306782,397.859956609139,398.073809793549,2.13853184409562,29.6449603867803,26.8327007213618,26.8328157299975,-1.90365335816855,0.0404907998086153,0.981467189421832
"cloglog",4000,42,10,1,400,386.951688407568,-58.1363694978031,445.088057905371,397.826230042317,398.040296271373,2.1406622905607,29.6391357785166,26.8304894666932,26.8328157299975,-0.366898067339425,1.75351857417296,0.644902065180818
"cloglog",4000,42,25,0,160,165.448739806216,-23.1190538111136,188.567793617329,157.918195958989,158.001326338053,2.07825947658388,18.2369066444306,17.5267138735811,17.5271218401653,0.412928792917097,1.74399305538679,0.32636093131304
"cloglog",4000,42,25,1,160,181.170441583655,-23.2591630695398,204.429604653195,157.894964564494,157.978474257629,2.08774232836769,18.2344195813197,17.5251865303614,17.5271218401653,1.27645834381294,2.65053557718731,0.0999652021923242
"cloglog",4000,42,50,0,80,83.2955490716058,-11.4579445758418,94.7534936474476,77.9293991210644,77.9706754503175,2.06381646265484,12.7715122736666,12.5208936110389,12.5219806739988,0.420165586937254,1.34038501711521,0.319940626998044
"cloglog",4000,42,50,1,80,96.285025465858,-11.5850888835363,107.870114349394,77.9231470053543,77.9644054847393,2.06292396924894,12.7700575101429,12.5197693218518,12.5219806739988,1.43788533809808,2.38867890420776,0.0784623243361048
"cloglog",4000,43,2,0,2000,1669.62750935242,-305.204062614007,1974.83157196643,1997.45729078566,1998.72845407209,2.54232657284454,78.194833331202,44.7213396369811,44.7213595499958,-4.1924736899775,-0.534350766315029,0.999999980940628
"cloglog",4000,43,2,1,2000,1686.9025002246,-305.427927658862,1992.33042788346,1997.43806117714,1998.70561741827,2.53511248225557,78.1866025509405,44.7205051343836,44.7213595499958,-3.97172342602068,-0.142556295275442,0.999999896049168
"cloglog",4000,43,5,0,800,657.753461642831,-122.019081433092,779.772543075923,797.753871550783,798.202916147785,2.24522298500961,44.0260002927602,35.7770337339922,35.7770876399966,-3.17994841632194,-0.515145364171178,0.999901691863848
"cloglog",4000,43,5,1,800,718.919801084858,-122.276208596484,841.196009681342,797.732292399042,798.182238864053,2.24973232505745,44.0217802971502,35.7761917879793,35.7770876399966,-1.79030677047119,1.20230154937122,0.97892819431904
"cloglog",4000,43,10,0,400,335.633084559485,-60.9683897992972,396.601474358782,397.855272213212,398.069586723935,2.14314510723381,29.7414377693171,26.8326939408201,26.8328157299975,-2.09210422631011,-0.054713565786257,0.989663537567438
"cloglog",4000,43,10,1,400,396.012360684426,-61.0474802010817,457.059840885507,397.841671439102,398.056355172161,2.14683733058904,29.7393232314617,26.8320019445372,26.8328157299975,-0.0615115125666838,2.19899677390113,0.518713721259943
"cloglog",4000,43,25,0,160,154.656929746607,-24.4229640915301,179.079893838137,157.914129511481,157.997417976675,2.08221162985413,18.2619687041125,17.5266983834867,17.5271218401653,-0.178359727674946,1.20287776968454,0.560337373444877
"cloglog",4000,43,25,1,160,153.881686447007,-24.537137647587,178.418824094594,157.899640353718,157.983339620707,2.09248167472405,18.2610840739352,17.5262278964463,17.5271218401653,-0.220028224526198,1.16599445098109,0.577742263134545
"cloglog",4000,43,50,0,80,93.7786370854638,-12.2328180631751,106.011455148639,77.9325523452455,77.973763431773,2.06055432637473,12.7804175072873,12.5208732480183,12.5219806739988,1.23987222883626,2.23927606018243,0.107579121529189
"cloglog",4000,43,50,1,80,92.8293923740569,-12.2391761149122,105.068568488969,77.926879054855,77.9681591033977,2.06400242713533,12.7799268815609,12.520522731906,12.5219806739988,1.16608752595475,2.16447906895385,0.120588606523565
"cloglog",4000,44,2,0,2000,1773.07722550027,-270.295599084947,2043.37282458522,1997.47763461761,1998.73863044492,2.5219916546087,71.4400411439653,44.7213401548504,44.7213595499958,-3.1411013421049,0.998051355029958,0.999888096514889
"cloglog",4000,44,2,1,2000,1717.35603606545,-269.360392761067,1986.71642882652,1997.37492477092,1998.64669566137,2.54354178089985,71.4404927098294,44.7190135458019,44.7213595499958,-3.91961026700668,-0.266782871286449,0.999998385400966
"cloglog",4000,44,5,0,800,742.368982520109,-108.077363903242,850.44634642335,797.761127288527,798.208732395708,2.23802553590558,42.1493746054189,35.7770373134367,35.7770876399966,-1.31418663472403,1.46008775321437,0.920652128493774
"cloglog",4000,44,5,1,800,673.413577605889,-107.800229344858,781.213806950748,797.699811692561,798.149010911905,2.24599609672381,42.1480448343654,35.7744871266187,35.7770876399966,-2.9488018857125,-0.473387749801084,0.99948195713381
"cloglog",4000,44,10,0,400,403.918633486348,-54.0822948597131,458.000928346061,397.859391583837,398.073299510464,2.13907926627209,29.0538255746247,26.8326992245928,26.8328157299975,0.208552291571663,2.23338056056143,0.40813210138261
"cloglog",4000,44,10,1,400,348.488656714513,-53.7623795191106,402.251036233624,397.822050851703,398.036659001223,2.14608149519948,29.0522563827863,26.8306089724988,26.8328157299975,-1.69809165550461,0.157073484121084,0.964817249237625
"cloglog",4000,44,25,0,160,215.938196995872,-21.5989742952709,237.537171291143,157.908742303646,157.992253289499,2.08777464633273,18.0841128328437,17.5267203555738,17.5271218401653,3.20886378163023,4.53849416136473,0.00151071193562262
"cloglog",4000,44,25,1,160,164.394396216701,-21.4584171893528,185.852813406054,157.898253958929,157.981682264261,2.08570763331107,18.0828723681349,17.5253308465728,17.5271218401653,0.35924283075844,1.59033409330718,0.347395660875595
"cloglog",4000,44,50,0,80,134.540847774617,-10.7797982513121,145.320646025929,77.9298850518446,77.9711533359162,2.06341420357745,12.7171338009993,12.5209062024428,12.5219806739988,4.45155045221937,5.3789631198478,7.3861856698725e-05
"cloglog",4000,44,50,1,80,125.243387557748,-10.686923957625,135.930311515373,77.9251281766615,77.9663683012659,2.06200623021835,12.7162250376481,12.5199361993302,12.5219806739988,3.72109326793087,4.62973151709896,0.000554137790529365
"cloglog",4000,45,2,0,2000,1776.86122515615,-223.833039671687,2000.69426482784,1997.47170604872,1998.73566889431,2.52792569117479,67.2523231172502,44.7213437566563,44.7213595499958,-3.28033992978878,0.0437955519446117,0.999855915157031
"cloglog",4000,45,2,1,2000,1770.48224382811,-223.379033476222,1993.86127730434,1997.01633472382,1998.28991473999,2.54716003233637,67.2412759553089,44.7092784005571,44.7213595499958,-3.3689737096344,-0.0990541022822434,0.999906141995753
"cloglog",4000,45,5,0,800,740.522362285098,-89.4386450998473,829.961007384945,797.738930694245,798.190984090344,2.26026698049226,41.0322368563761,35.7770417133917,35.7770876399966,-1.39442966781023,0.888000286583495,0.92758255539895
"cloglog",4000,45,5,1,800,761.251094407388,-88.7543659018737,850.005460309262,797.46022166459,797.910166902123,2.24972618766783,41.01969375929,35.7635130740731,35.7770876399966,-0.882725440850005,1.45666040411744,0.82059423197351
"cloglog",4000,45,10,0,400,394.012253384495,-44.8062679465014,438.818521330996,397.846294777919,398.061523360341,2.15228582421514,28.6512726832666,26.8327066861888,26.8328157299975,-0.133817489917775,1.51892980634837,0.547031444527819
"cloglog",4000,45,10,1,400,420.343586182385,-44.6341389270463,464.977725109432,397.675866401604,397.892026280347,2.16159878743592,28.6405758025984,26.8216753352843,26.8328157299975,0.791454750666192,2.50117481441706,0.211531580371241
"cloglog",4000,45,25,0,160,195.50953538579,-17.9354972198617,213.445032605652,157.904056481493,157.987765811402,2.09273324772826,17.9811570897689,17.52675267141,17.5271218401653,2.09138259103996,3.16414956232668,0.0227605887840572
"cloglog",4000,45,25,1,160,199.259843268999,-17.7962213883691,217.056064657368,157.829320646669,157.91321790718,2.09743151278282,17.9734815215835,17.5190253045729,17.5271218401653,2.30509167478643,3.37592107562913,0.0145593937020539
"cloglog",4000,45,50,0,80,112.560511310027,-8.96075991733364,121.521271227361,77.9168130783771,77.9583508701122,2.07688958675441,12.6806884036563,12.5209714355406,12.5219806739988,2.73200453546836,3.47919652892076,0.00636490352883605
"cloglog",4000,45,50,1,80,119.384577125883,-8.89993587367153,128.284512999554,77.8841150096674,77.9256090420355,2.07470161840673,12.6752401443919,12.5154913289216,12.5219806739988,3.27413616179707,4.02372568795173,0.00179424945168861
"cloglog",4000,46,2,0,2000,1782.05365664781,-250.852047667463,2032.90570431528,1997.48756540331,1998.74360362861,2.51207645060329,69.2184210826994,44.7213440296546,44.7213595499958,-3.11237825691083,0.763888058999687,0.999797606448276
"cloglog",4000,46,2,1,2000,1746.49905198724,-249.694558691079,1996.19361067832,1997.42975335268,1998.69775745637,2.53600820738983,69.2224207650553,44.7204074694881,44.7213595499958,-3.6249917092196,-0.0559956163136606,0.99998325144344
"cloglog",4000,46,5,0,800,726.800274558393,-100.373348251688,827.173622810081,797.75976018897,798.207637288881,2.23938549955293,41.5520481177325,35.7770387975572,35.7770876399966,-1.7077253431533,0.809625013548587,0.965723421825617
"cloglog",4000,46,5,1,800,739.36139793595,-100.079639440087,839.441037376037,797.728287004773,798.178061480387,2.24887237806998,41.5531317089011,35.7760043236476,35.7770876399966,-1.40463273569151,1.15337016180912,0.931701606068932
"cloglog",4000,46,10,0,400,365.235482139512,-50.1485732645992,415.384055404111,397.852082081837,398.066733851668,2.14651769830278,28.8379922913478,26.8327103549367,26.8328157299975,-1.13102880439118,0.645381004131691,0.87920064846076
"cloglog",4000,46,10,1,400,379.315559765135,-49.9300467177039,429.245606482839,397.843341976504,398.057604639535,2.14262663030844,28.8379895743716,26.8318432365272,26.8328157299975,-0.642478289396241,1.16235033010504,0.74189000524665
"cloglog",4000,46,25,0,160,184.948336731703,-20.11050087871,205.058837610413,157.91291761674,157.996270340878,2.08381810345763,18.0288141113379,17.5267467589892,17.5271218401653,1.49956724541086,2.68518555763335,0.0701792050072944
"cloglog",4000,46,25,1,160,192.50867918341,-19.8959116569037,212.404590840313,157.906723886923,157.990115181615,2.08478236729508,18.0284637124953,17.5261682534468,17.5271218401653,1.91929583398193,3.10475597813555,0.0319793265869061
"cloglog",4000,46,50,0,80,118.294962542315,-9.9975640710021,128.292526613317,77.9294207036498,77.9707094428596,2.06443696049206,12.6976682973041,12.5209973611089,12.5219806739988,3.17897277622498,4.01899431164808,0.00221308428476964
"cloglog",4000,46,50,1,80,106.929628069295,-9.94551623140427,116.875144300699,77.9310145618468,77.9722171755316,2.06013068424267,12.6973216683625,12.5205707599592,12.5219806739988,2.28383703783001,3.10712090295266,0.0165343190441129
"cloglog",4000,47,2,0,2000,1729.4817784809,-242.531837556433,1972.01361603733,1997.48694919532,1998.74329227771,2.51268616477618,72.1631632735311,44.7213422273406,44.7213595499958,-3.71387780907772,-0.597693962414953,0.999995582104541
"cloglog",4000,47,2,1,2000,1755.36956260609,-242.784155296101,1998.15371790219,1997.47617712072,1998.73698653209,2.52161882275007,72.1623936246072,44.7212919864724,44.7213595499958,-3.35502472068876,-0.0130423027599583,0.999967650718817
"cloglog",4000,47,5,0,800,697.944473461253,-97.0132970714197,794.957770532673,797.756860428926,798.205335899366,2.2423773521994,42.3460507891687,35.7770433081503,35.7770876399966,-2.35706482912932,-0.0907723239934015,0.995348573803753
"cloglog",4000,47,5,1,800,752.840631635802,-97.0695687915296,849.910200427332,797.766159972081,798.212530696129,2.23185362023858,42.3456818063223,35.7769860996059,35.7770876399966,-1.0609234854632,1.44499789857291,0.871955923014147
"cloglog",4000,47,10,0,400,377.795938472266,-48.4870771680735,426.28301564034,397.857629197358,398.071725876052,2.14096678693692,29.1252531110966,26.8327083268916,26.8328157299975,-0.688807429366107,1.0513769024208,0.759554376835263
"cloglog",4000,47,10,1,400,397.013565686726,-48.4665826516819,445.480148338408,397.855189662818,398.069460215246,2.14270552428157,29.1250801058005,26.8326604425603,26.8328157299975,-0.0288968810741211,1.76690225051118,0.504529915201641
"cloglog",4000,47,25,0,160,160.1873176828,-19.409769544958,179.597087227758,157.909488974059,157.992976165038,2.08717977447843,18.1025139476156,17.5267382740269,17.5271218401653,0.125829413270026,1.23263728395689,0.436458562072156
"cloglog",4000,47,25,1,160,179.736348081074,-19.4376898743964,199.17403795547,157.909967331199,157.993423648844,2.08640794113692,18.1024499676159,17.5267059665355,17.5271218401653,1.20571418724651,2.34959235267902,0.113541971881212
"cloglog",4000,47,50,0,80,98.9058322224846,-9.79197876770679,108.697810990191,77.9292978238083,77.9705838539391,2.06430150653964,12.7237737783077,12.520955440292,12.5219806739988,1.64860950565141,2.45406409141695,0.0552076843195916
"cloglog",4000,47,50,1,80,108.32676187623,-9.81449747567667,118.141259351906,77.9290197496296,77.9703082533016,2.06442518359684,12.7237366098878,12.5209311267718,12.5219806739988,2.38905779478157,3.20830381477881,0.0131519691626768
"cloglog",4000,48,2,0,2000,1725.24645413872,-262.843410833984,1988.0898649727,1997.46120449621,1998.73041476213,2.53842053184641,78.0339086889745,44.7213426422673,44.7213595499958,-3.48841618894777,-0.237930016425173,0.999996874715786
"cloglog",4000,48,2,1,2000,1748.24243174226,-262.013752901663,2010.25618464392,1997.15808792495,1998.41786151782,2.51954718573992,78.0008655993312,44.711280557241,44.7213595499958,-3.19119094730699,0.264772625130766,0.999980900934614
"cloglog",4000,48,5,0,800,723.529595680287,-105.134340422367,828.663936102653,797.750344542445,798.200103286552,2.24879372053667,43.9803100833848,35.7770386470086,35.7770876399966,-1.68759039491625,0.851491178928196,0.971845280150106
"cloglog",4000,48,5,1,800,740.108386599682,-104.560526509378,844.66891310906,797.546357882631,797.996886619579,2.25264368473798,43.9591605498761,35.7670746107233,35.7770876399966,-1.30662120396453,1.30488800097418,0.929072123410131
"cloglog",4000,48,10,0,400,417.836097539185,-52.5714439850494,470.407541524234,397.851761004535,398.066435361526,2.14674356990037,29.7245540387573,26.8327022254732,26.8328157299975,0.672317455413863,2.69600525339683,0.237225599945901
"cloglog",4000,48,10,1,400,386.494531556788,-52.7377457952446,439.232277352033,397.73322991237,397.948427634086,2.1519772171588,29.7119551028149,26.8247361436909,26.8328157299975,-0.378255093503329,1.53902165138935,0.651031982163952
"cloglog",4000,48,25,0,160,191.437152828426,-20.8756788164463,212.312831644872,157.914809841966,157.998081528476,2.08179216273513,18.2576938257694,17.5267328125522,17.5271218401653,1.83606666353145,3.098966059293,0.0359703925275719
"cloglog",4000,48,25,1,160,198.048236718919,-20.9369346287976,218.985171347717,157.865659662169,157.948940822615,2.08202901113666,18.250971095385,17.5212845478922,17.5271218401653,2.20166789190252,3.48354770212581,0.0168643120329562
"cloglog",4000,48,50,0,80,100.949798904139,-10.3460343066394,111.295833210779,77.9306785539951,77.9719372298272,2.06293379160449,12.7790052972519,12.5209580389136,12.5219806739988,1.80132332796625,2.66144937770615,0.0413525159203903
"cloglog",4000,48,50,1,80,97.0003111116645,-10.4623564914323,107.462667603097,77.9049013675004,77.9461727875675,2.06357100335147,12.7745504868633,12.5169880273217,12.5219806739988,1.49480091403614,2.35811480773981,0.0714382836925588
"cloglog",4000,49,2,0,2000,1733.41404832212,-263.338786369537,1996.75283469165,1997.48610248303,1998.74286220572,2.51351944536292,74.252132946011,44.721339294866,44.7213595499958,-3.55642381819424,-0.044498388139531,0.999993939199112
"cloglog",4000,49,2,1,2000,1709.93862224556,-263.058492447062,1972.99711469263,1997.46004570729,1998.72136277906,2.52263414355034,74.2468253502063,44.7208345181528,44.7213595499958,-3.87250797735183,-0.575218427017347,0.999999148213784
"cloglog",4000,49,5,0,800,693.112084113451,-105.242903134097,798.354987247548,797.76069285678,798.208376654332,2.23841898776189,42.9199276430898,35.7770357036327,35.7770876399966,-2.43822891812768,0.00409789660692232,0.996865296701668
"cloglog",4000,49,5,1,800,702.535281412629,-105.364263954908,807.899545367537,797.736545593355,798.187008634518,2.25231520581678,42.9173594344371,35.7765349751368,35.7770876399966,-2.21824607653602,0.271477848253571,0.993343661153764
"cloglog",4000,49,10,0,400,350.468156352762,-52.569367196963,403.037523549725,397.862021544506,398.075664986986,2.13643442479708,29.3345101898392,26.8326986302099,26.8328157299975,-1.6156351302624,0.184918357676945,0.958453153208046
"cloglog",4000,49,10,1,400,372.846653111319,-52.604292812655,425.450945923974,397.854604053223,398.068389337541,2.13785284318677,29.3332608885603,26.8322831843714,26.8328157299975,-0.852545887649888,1.02050788590298,0.812536859245392
"cloglog",4000,49,25,0,160,167.01839546356,-20.9913966640818,188.009792127642,157.921783590691,158.004775178031,2.07478968349337,18.1564387795999,17.5267270338218,17.5271218401653,0.501013000582994,1.71195779404274,0.296214180288602
"cloglog",4000,49,25,1,160,164.348908966324,-21.1238690386385,185.472778004963,157.909048974396,157.992456573383,2.08518997467169,18.1559541478807,17.526467351955,17.5271218401653,0.354696863600519,1.5679327088419,0.348316446078193
"cloglog",4000,49,50,0,80,108.859377808741,-10.5693399885627,119.428717797304,77.9346606773004,77.97583553898,2.05874308397824,12.742892736921,12.5209233008103,12.5219806739988,2.42682079884734,3.31068893742374,0.012036088878783
"cloglog",4000,49,50,1,80,102.018139977079,-10.6077849576362,112.625924934715,77.9318171794527,77.9730228998605,2.06028602039088,12.7426032556182,12.5207184451963,12.5219806739988,1.89021994285247,2.76764485892178,0.0353765530806897
"cloglog",4000,50,2,0,2000,1776.37756195785,-276.6587491731,2053.03631113095,1997.47181275793,1998.73572054538,2.52781557489734,72.2980880195065,44.7213418187909,44.7213595499958,-3.05809263919161,1.21419859908489,0.999860462143505
"cloglog",4000,50,2,1,2000,1730.43103206823,-276.490045544525,2006.92107761276,1997.31048446511,1998.56373649499,2.50650405976224,72.2746455539272,44.7162410950442,44.7213595499958,-3.69257365915068,0.186897219289912,0.999995229524917
"cloglog",4000,50,5,0,800,704.568182004165,-110.609519279389,815.177701283554,797.742392084726,798.193747699914,2.25677807593924,42.3828349844926,35.7770384179724,35.7770876399966,-2.19839494254342,0.474716587360361,0.992238223530013
"cloglog",4000,50,5,1,800,733.580963721865,-109.933387187416,843.514350909282,797.647809665202,798.095474329451,2.23832332124934,42.3689040505459,35.7716221618139,35.7770876399966,-1.51211949846294,1.26969015758851,0.949626645952325
"cloglog",4000,50,10,0,400,388.911952083108,-55.29154802294,444.203500106048,397.844759313349,398.06013245732,2.15373143971408,29.1386483728588,26.8327008084081,26.8328157299975,-0.306562168427849,1.71966914468294,0.61826407715094
"cloglog",4000,50,10,1,400,387.696077440794,-55.1178104695174,442.813887910312,397.794415970491,398.008420696067,2.14004725576819,29.1308315756517,26.8282784586441,26.8328157299975,-0.346654660491622,1.67008357555675,0.6348511038758
"cloglog",4000,50,25,0,160,159.84766677622,-22.0988035252906,181.946470301511,157.91479079616,157.998062323686,2.08178818813614,18.1059566650022,17.5267282786988,17.5271218401653,0.106753595837102,1.36639352176931,0.44392909146892
"cloglog",4000,50,25,1,160,162.574760450073,-22.0936344804161,184.668394930489,157.879815872341,157.963385798988,2.08924816617666,18.1019850672427,17.52368167434,17.5271218401653,0.259360758518594,1.52393826981037,0.385016226591173
"cloglog",4000,50,50,0,80,103.29162372702,-11.0227998325982,114.314423559618,77.9273355957654,77.9686523098053,2.06583570199653,12.7248874877163,12.5208863385621,12.5219806739988,1.99328191748175,2.9028113718974,0.0292404531013034
"cloglog",4000,50,50,1,80,95.7415235878481,-11.0255072879342,106.767030875782,77.9181865374013,77.9594144995494,2.06139810740599,12.7224268854759,12.5187472813987,12.5219806739988,1.40093845387268,2.30115807346294,0.0841655139598843
