"scen","n","rep","m","oracle","G","HL","C","EF","mu","muEF","d","sdHL","sdEF","sdEF_simple","zHL","zEF","pHL_chisq"
"loglog",16000,951,2,0,8000,7611.15359980657,-301.276375583386,7912.42997538995,7997.47644387907,7998.73817970405,2.52347164996923,100.210085326267,89.4427174199518,89.4427190999916,-3.85512937958986,-0.964955077436456,0.999045811533953
"loglog",16000,951,2,1,8000,7660.68181522716,-300.84969434536,7961.53150957252,7997.25185828969,7998.51235343701,2.52099029463737,100.182891336441,89.4405408488392,89.4427190999916,-3.35955609358724,-0.41346847317245,0.996535350307325
"loglog",16000,951,5,0,3200,3143.2029954156,-120.545454190214,3263.74844960581,3197.76503060186,3198.21198721936,2.23478308749719,73.8019520983362,71.5541703115257,71.5541752799933,-0.739303414543303,0.915899969227888,0.751995189384992
"loglog",16000,951,5,1,3200,3098.35763959668,-120.108305587519,3218.4659451842,3197.62296218404,3198.06919390597,2.23115860966828,73.790031215237,71.5510230866917,71.5541752799933,-1.34524028452851,0.285065822937564,0.894485579069994
"loglog",16000,951,10,0,1600,1689.68970651829,-60.3168450425371,1750.00655156083,1597.86198315143,1598.07575205025,2.13768898822583,54.421322536516,53.6656195290778,53.665631459995,1.68734825040772,2.83106392591365,0.0544021769741336
"loglog",16000,951,10,1,1600,1595.68855798852,-59.9825188789068,1655.67107686743,1597.78176132912,1597.99535207528,2.13590746155471,54.4152500828879,53.662908963322,53.665631459995,-0.0384672189765515,1.07477820167315,0.511612342505518
"loglog",16000,951,25,0,640,754.472164568929,-24.1316381285808,778.603802697509,637.916452002764,637.999764492589,2.08281224560901,35.2401123371036,35.0542021005171,35.0542436803306,3.30747278701053,4.01104660153844,0.000969739687292764
"loglog",16000,951,25,1,640,725.288848346906,-24.0216147584446,749.31046310535,637.884806391428,637.967996583616,2.07975480469641,35.2373410114066,35.0523116590187,35.0542436803306,2.4804380650397,3.17646572371173,0.00916795610602474
"loglog",16000,951,50,0,320,440.650650073865,-12.0691425720737,452.719792645939,317.936694313963,317.977931561368,2.06186237027794,25.1089749479777,25.0438465837845,25.0439613479976,4.88725469734024,5.38023824071076,6.06484131142534e-06
"loglog",16000,951,50,1,320,409.707004313836,-11.9958271438139,421.702831457649,317.921260849879,317.962450000715,2.05945754179958,25.1072639556048,25.0424540985701,25.0439613479976,3.65574455369785,4.14258047748036,0.00038714575785219
"loglog",16000,952,2,0,8000,7767.1574183489,-337.606297119279,8104.76371546818,7997.47388790958,7998.73690113942,2.52602645968656,100.833954397945,89.4427173972606,89.4427190999916,-2.28411620803569,1.18541584395116,0.966952344587289
"loglog",16000,952,2,1,8000,7642.61438815849,-338.124288000007,7980.73867615849,7997.24769061418,7998.51416075998,2.53294029159458,100.855427174407,89.4405072052664,89.4427190999916,-3.5162540320456,-0.198740874318696,0.997795843309612
"loglog",16000,952,5,0,3200,3159.0348210463,-135.080666690208,3294.11548773651,3197.76053676823,3198.20839108861,2.23927160191521,73.9377843748805,71.5541700919685,71.5541752799933,-0.523760835536828,1.34034251986469,0.684693927823865
"loglog",16000,952,5,1,3200,3162.96621461976,-135.072656538329,3298.03887115809,3197.61252378855,3198.0616549722,2.24565591825747,73.9430150817536,71.5510884051592,71.5541752799933,-0.468554185009657,1.39728435184336,0.666884131774728
"loglog",16000,952,10,0,1600,1655.70170192948,-67.5570868234467,1723.25878875293,1597.85595069267,1598.0703225354,2.14371842731537,54.4673971064546,53.6656193165773,53.665631459995,1.06202525381844,2.33274986503057,0.153770602967102
"loglog",16000,952,10,1,1600,1665.45800757568,-67.5443604613635,1733.00236803705,1597.77792479705,1597.99202890028,2.14104103237407,54.4679278840025,53.6629473266083,53.665631459995,1.24256760644123,2.51589496780809,0.117296702628268
"loglog",16000,952,25,0,640,781.290205736167,-26.9678325191846,808.258038255352,637.914353956279,637.997748976201,2.08487549804766,35.2514952274352,35.0542000298531,35.0542436803306,4.06722752765117,4.85705818801036,8.37840437225846e-05
"loglog",16000,952,25,1,640,754.547421134237,-27.047604802997,781.595025937234,637.884103577313,637.967326878861,2.08058253869328,35.2504599008768,35.0523170991657,35.0542436803306,3.30955448198344,4.09752367160322,0.000963586608523088
"loglog",16000,952,50,0,320,471.343846780593,-13.4714860484335,484.815332829027,317.93371154572,317.975008106724,2.0648280501746,25.1129686128601,25.0438450997652,25.0439613479976,6.10880129704431,6.66192927075193,4.75607601599217e-08
"loglog",16000,952,50,1,320,445.829860004214,-13.4685055972303,459.298365601444,317.919157192263,317.960392979628,2.06178936823387,25.1118977607367,25.0424714935815,25.0439613479976,5.09362948315056,5.64393065828356,2.80867544896946e-06
"loglog",16000,953,2,0,8000,7777.64839828625,-303.704280564748,8081.352678851,7997.4674752068,7998.73369592651,2.53244143942357,100.612018491929,89.4427173263541,89.4427190999916,-2.18481927125021,0.92370832857226,0.960218657503782
"loglog",16000,953,2,1,8000,7793.73744322992,-303.701189334291,8097.43863256421,7997.1884902157,7998.45032277588,2.52366512036404,100.633257629124,89.4400535887488,89.4427190999916,-2.0217078506549,1.10675593111209,0.947781591425996
"loglog",16000,953,5,0,3200,3287.90545861064,-121.495879387013,3409.40133799765,3197.75909118084,3198.20723506767,2.24071943416178,73.8893953205463,71.5541702091234,71.5541752799933,1.22001766341072,2.95152752540839,0.130905466997274
"loglog",16000,953,5,1,3200,3231.84470181758,-121.924945871222,3353.7696476888,3197.57789416699,3198.02539588872,2.23750860863571,73.8940260101577,71.5502096795206,71.5541752799933,0.463729065809408,2.17671272380154,0.333584713188335
"loglog",16000,953,10,0,1600,1661.07480555825,-60.7096367838787,1721.78444234213,1597.85807347038,1598.07223250626,2.14159035880551,54.4509746319958,53.665619136715,53.665631459995,1.16098439954695,2.30524145301876,0.1328290600908
"loglog",16000,953,10,1,1600,1654.25790906226,-60.8595426952031,1715.11745175746,1597.755610677,1597.96962487349,2.14014196491572,54.4508667084031,53.6621930327065,53.665631459995,1.0376749131991,2.1830607409684,0.159759776460319
"loglog",16000,953,25,0,640,729.858094241773,-24.3262352961591,754.184329537932,637.915414209776,637.998767262702,2.0838263231323,35.2474352631204,35.0542006370215,35.0542436803306,2.60849276963412,3.31445476330514,0.00664322311220306
"loglog",16000,953,25,1,640,788.424434663832,-24.3000112360176,812.724445899849,637.872583651786,637.95588106147,2.08243524209533,35.2459074698502,35.0517936049832,35.0542436803306,4.27147041513486,4.98600918423568,4.11461350987919e-05
"loglog",16000,953,50,0,320,428.682452385516,-12.1462696214756,440.828722006992,317.934987358304,317.976258526472,2.06355840840118,25.1115435473737,25.0438455835608,25.0439613479976,4.41022133180639,4.90549516729022,3.31837740660233e-05
"loglog",16000,953,50,1,320,454.527555862629,-12.1316430217762,466.659198884405,317.915697113526,317.956903147656,2.06030170651409,25.1101004173266,25.0420863952569,25.0439613479976,5.44051423445674,5.93809530842103,7.37028396350806e-07
"loglog",16000,954,2,0,8000,7809.98558765969,-314.698307802236,8124.68389546192,7997.47892827961,7998.73942117697,2.52098579471351,101.089075607556,89.4427173852126,89.4427190999916,-1.85473395115214,1.40810205645407,0.932294456541375
"loglog",16000,954,2,1,8000,7679.50439543913,-314.703326665154,7994.20772210428,7997.34727977715,7998.60727602872,2.51999250314596,101.069470485356,89.4414100598385,89.4427190999916,-3.1447961764485,-0.0491892281382348,0.994570138041316
"loglog",16000,954,5,0,3200,3183.43209974636,-125.820737158564,3309.25283690493,3197.76364225787,3198.21087568811,2.23616715120069,73.9935028046354,71.5541700909983,71.5541752799933,-0.193686499061185,1.55185869776148,0.569104120244144
"loglog",16000,954,5,1,3200,3117.20168154685,-126.004837714273,3243.20651926112,3197.68537097103,3198.13125443798,2.22941733474265,73.9853586347788,71.5523296211488,71.5541752799933,-1.08783265918172,0.629962225713712,0.843890557900036
"loglog",16000,954,10,0,1600,1601.56261662318,-62.8710261751235,1664.43364279831,1597.85977511393,1598.07376388272,2.13988768793315,54.4863044363014,53.6656190846656,53.665631459995,0.0679591238122347,1.23654362043034,0.470202022824228
"loglog",16000,954,10,1,1600,1601.3303278194,-62.9426904285997,1664.273018248,1597.81345389794,1598.02732693297,2.1387303502726,54.4823343030631,53.6640483238904,53.665631459995,0.0645507202738259,1.23445199130724,0.471834502653785
"loglog",16000,954,25,0,640,727.583980620879,-25.20481191622,752.788792537099,637.919228545566,638.002428766214,2.08000551621423,35.2561719402174,35.0542003084897,35.0542436803306,2.54323561353609,3.27453950627093,0.00780923501683921
"loglog",16000,954,25,1,640,710.161847026921,-25.2724277966957,735.434274823617,637.901467305339,637.984563438955,2.07740334040748,35.2544202906094,35.0530903014924,35.0542436803306,2.04968282348497,2.78006048957438,0.0245837738643654
"loglog",16000,954,50,0,320,414.603123737557,-12.5641146176117,427.167238355168,317.939437741845,317.980619217052,2.05907376031363,25.114606804778,25.0438429096631,25.0439613479976,3.84890302074415,4.35981887971305,0.000211406671022006
"loglog",16000,954,50,1,320,412.310492641718,-12.6128131826099,424.923305824328,317.931084001424,317.972226282865,2.05711407205696,25.1135710913021,25.0430376209438,25.0439613479976,3.75810386731426,4.27069116615543,0.000281361243584707
"loglog",16000,955,2,0,8000,7807.66464075461,-312.248171193589,8119.9128119482,7997.49085835111,7998.74538604178,2.50905538133545,100.087015256871,89.4427173885597,89.4427190999916,-1.89661183430549,1.35469303084842,0.934700762892017
"loglog",16000,955,2,1,8000,7715.26452983528,-312.289508398615,8027.5540382339,7997.48677521514,7998.74334038635,2.5131303424179,100.086872355839,89.442717313387,89.4427190999916,-2.81977285069392,0.322113400765746,0.987999458083873
"loglog",16000,955,5,0,3200,3242.44061064482,-124.857392407868,3367.29800305269,3197.77342656583,3198.21870323503,2.22638334603536,73.7752232749407,71.5541701143361,71.5541752799933,0.605449663127859,2.36295522046423,0.287243888982755
"loglog",16000,955,5,1,3200,3228.92656608284,-124.875188412925,3353.80175449577,3197.77332921748,3198.21862428483,2.22647533672476,73.7751737383305,71.5541700011953,71.5541752799933,0.422272633011426,2.17434050605774,0.34686703157403
"loglog",16000,955,10,0,1600,1709.77953366084,-62.494274528466,1772.2738081893,1597.86913191822,1598.08218526349,2.13053345273585,54.4122609634401,53.6656192052708,53.665631459995,2.05671294963857,3.2458699909812,0.0259082397938531
"loglog",16000,955,10,1,1600,1685.36377522196,-62.4976595815742,1747.86143480353,1597.86764922425,1598.08085055323,2.13201328978402,54.4122409851623,53.6656191110605,53.665631459995,1.60802283481699,2.79099704301058,0.0630334196548966
"loglog",16000,955,25,0,640,847.886045435012,-24.9818311431151,872.867876578127,637.92247865207,638.005549122333,2.0767617565886,35.2378698120784,35.054200642931,35.0542436803306,5.95846366147177,6.69997669746197,4.38483233001368e-08
"loglog",16000,955,25,1,640,850.055543446449,-24.9890408863494,875.044584332798,637.922007129501,638.005096412558,2.07723207641024,35.2378635900748,35.0542005770056,35.0542436803306,6.02004533489078,6.76208511443649,3.3164546690809e-08
"loglog",16000,955,50,0,320,519.523203522653,-12.4724160400601,531.995619562713,317.940093005058,317.98126175872,2.05843768309177,25.108185717995,25.0438443541629,25.0439613479976,8.02858130737503,8.54558728194696,6.64638419412092e-12
"loglog",16000,955,50,1,320,523.323909046436,-12.4783374931349,535.802246539571,317.940056174432,317.981225652848,2.05847392076985,25.1081833180253,25.0438443077271,25.0439613479976,8.17995672050703,8.69758724779788,3.11021870805656e-12
"loglog",16000,956,2,0,8000,7650.13672200742,-283.200537387082,7933.33725939451,7997.47571068274,7998.73781280732,2.52420424914705,100.896462856197,89.4427173271436,89.4427190999916,-3.4425288939055,-0.731200430478911,0.997332457842794
"loglog",16000,956,2,1,8000,7887.22595089178,-283.874644516608,8171.10059540839,7997.16585233067,7998.42360683994,2.51550901853987,100.919916973894,89.4396768455208,89.4427190999916,-1.08937764452712,1.93065309109615,0.809119054316212
"loglog",16000,956,5,0,3200,3157.59363186834,-113.331701594532,3270.92533346287,3197.7674639136,3198.21393279933,2.23234442861857,73.9514332195116,71.5541700424035,71.5541752799933,-0.543246158948866,1.01617279077453,0.691123105841668
"loglog",16000,956,5,1,3200,3139.66445311932,-114.371473998694,3254.03592711802,3197.56521225873,3198.01177973966,2.23283740463966,73.9565404881114,71.5498013003688,71.5541752799933,-0.782902482421006,0.783009125953579,0.765944652807484
"loglog",16000,956,10,0,1600,1592.51144807383,-56.6861217145436,1649.19756978838,1597.85640794522,1598.07073344453,2.14325499313715,54.4720263374498,53.665619050534,53.665631459995,-0.0981230226000995,0.95269256645868,0.534028565709409
"loglog",16000,956,10,1,1600,1637.0696795339,-57.0324243715806,1694.10210390548,1597.74572072821,1597.95981277407,2.14092045858312,54.4718911588931,53.6618821937142,53.665631459995,0.721912861277029,1.79163099021285,0.242804801954219
"loglog",16000,956,25,0,640,710.762840697512,-22.6292227835228,733.392063481035,637.913114091124,637.996558881,2.08611974690479,35.252636732499,35.0542001570819,35.0542436803306,2.06650433439008,2.72137159520276,0.0236949011659718
"loglog",16000,956,25,1,640,686.3875475274,-22.7691527344194,709.156700261819,637.866843028032,637.950212788263,2.08424400576934,35.2509681907621,35.0515767991494,35.0542436803306,1.3764360807566,2.03147743913434,0.0900682560008277
"loglog",16000,956,50,0,320,411.34141426911,-11.3274397568681,422.668854025978,317.934540494101,317.975819764444,2.06396351713483,25.1133639745602,25.0438421741085,25.0439613479976,3.71940907118735,4.18039027453107,0.000317068925590362
"loglog",16000,956,50,1,320,428.912523845293,-11.398945637628,440.311469482921,317.911357605237,317.952606437318,2.06244160405426,25.1117794450426,25.041913858922,25.0439613479976,4.4202827793619,4.88616260462092,3.21514136797006e-05
"loglog",16000,957,2,0,8000,7802.34354443254,-293.195825380492,8095.53936981303,7997.48304999831,7998.74148169996,2.51686340329052,101.650427716882,89.4427173299052,89.4427190999916,-1.91971160327312,1.08223331091384,0.939968524952527
"loglog",16000,957,2,1,8000,7868.68169206332,-293.556625562612,8162.23831762594,7997.27004546636,7998.53272972616,2.52536851959919,101.672043894968,89.4407074366641,89.4427190999916,-1.26473658320347,1.83032528019417,0.84679024232169
"loglog",16000,957,5,0,3200,3137.16792953246,-117.305206253284,3254.47313578575,3197.77303525235,3198.21838895093,2.22676849289561,74.1164475791284,71.5541699607476,71.5541752799933,-0.817701167546987,0.786184045816984,0.775524919940186
"loglog",16000,957,5,1,3200,3053.49024762345,-117.462964748753,3170.95321237221,3197.63197493768,3198.07921207258,2.23618567451032,74.1219661526633,71.5513160244122,71.5541752799933,-1.9446560148897,-0.379112519623277,0.966114505682719
"loglog",16000,957,10,0,1600,1685.49615712618,-58.6476655781029,1744.14382270429,1597.86280028518,1598.07648609681,2.13685811634606,54.5280660190187,53.6656188329314,53.665631459995,1.60712387654535,2.72180475663949,0.0627541039689473
"loglog",16000,957,10,1,1600,1620.39095674645,-58.6635059072027,1679.05446265365,1597.78829850335,1598.00198080757,2.13682304218673,54.5288256656787,53.6631527308197,53.665631459995,0.4145084359908,1.510393588924,0.342366972781966
"loglog",16000,957,25,0,640,780.095353001561,-23.5236111571839,803.618964158745,637.920468914696,638.003619169098,2.07875636004501,35.2664954017513,35.0541996126428,35.0542436803306,4.03144351224093,4.72455074769174,9.41537519328617e-05
"loglog",16000,957,25,1,640,718.394534937355,-23.5027042956568,741.897239233012,637.88762973424,637.970828728533,2.07997485733349,35.2656225490478,35.052476379335,35.0542436803306,2.28287208289446,2.96488069429946,0.0145935500837526
"loglog",16000,957,50,0,320,450.038581867941,-11.7461036394494,461.78468550739,317.938257654532,317.979462656409,2.06025009385765,25.1182290944743,25.0438423825544,25.0439613479976,5.25914162644807,5.74213895193478,1.4804067674949e-06
"loglog",16000,957,50,1,320,411.555995792526,-11.7374752727534,423.29347106528,317.922061813999,317.96326327851,2.06007322551644,25.1172558952108,25.0425644682342,25.0439613479976,3.72787275684764,4.20604718499891,0.000308811896998092
"loglog",16000,958,2,0,8000,7757.36150726438,-307.900244100133,8065.26175136451,7997.4788265721,7998.73936936418,2.5210855841468,102.003958254809,89.4427172048197,89.4427190999916,-2.35400001544944,0.743742856648715,0.972367797631328
"loglog",16000,958,2,1,8000,7753.417259822,-307.70418203012,8061.12144185212,7997.47602262255,7998.73137067367,2.51069610223516,102.010130006331,89.4425853816335,89.4427190999916,-2.39249536085682,0.697543244219187,0.974329902027707
"loglog",16000,958,5,0,3200,3215.99125363648,-123.156674474613,3339.14792811109,3197.77220241819,3198.21772372741,2.22760654607634,74.1941179003151,71.554170049951,71.5541752799933,0.245559240191576,1.96955962573952,0.407930143140535
"loglog",16000,958,5,1,3200,3189.94732052878,-123.0963227943,3313.04364332308,3197.76071707733,3198.20687380712,2.23078364895218,74.196099134232,71.5539896397487,71.5541752799933,-0.105307376529553,1.60489680720982,0.536824493757602
"loglog",16000,958,10,0,1600,1674.30921033757,-61.5783512371983,1735.88756157477,1597.86153683133,1598.07534910258,2.13812271251925,54.5544638819788,53.6656188726143,53.665631459995,1.40130922506406,2.56797956247017,0.0900165729282282
"loglog",16000,958,10,1,1600,1617.80574873755,-61.5741131340725,1679.37986187162,1597.85630216975,1598.07017271259,2.1387054283995,54.5551372482037,53.6654648145984,53.665631459995,0.365674940510765,1.51512130641059,0.359168508752514
"loglog",16000,958,25,0,640,672.46569447128,-24.6434811154315,697.109175586712,637.915422239913,637.998774525776,2.08380714658672,35.2730319471155,35.0541999165389,35.0542436803306,0.97950956649172,1.68625731586151,0.166874626832106
"loglog",16000,958,25,1,640,720.146947317646,-24.6274635996987,744.774410917345,637.917601718946,638.00078707808,2.07963397833428,35.2731364390067,35.0540913377988,35.0542436803306,2.3312172916885,3.04596752516963,0.0129985969598123
"loglog",16000,958,50,0,320,396.567479820221,-12.3214399327792,408.888919753,317.934433018446,317.975714829057,2.06409053054563,25.1205240955123,25.0438436617352,25.0439613479976,3.13023114099049,3.63016181349392,0.00177055727437656
"loglog",16000,958,50,1,320,400.850042095631,-12.3123186565851,413.162360752216,317.935414355707,317.976656439046,2.06210416693675,25.1205218642619,25.0437651986607,25.0439613479976,3.30067297916621,3.80077450647316,0.00109706391538691
"loglog",16000,959,2,0,8000,7685.03338367883,-262.086283977427,7947.11966765626,7997.48132276042,7998.74061667069,2.51858782053944,103.005221813135,89.4427170958326,89.4427190999916,-3.03332135576982,-0.577139768228677,0.993830065767313
"loglog",16000,959,2,1,8000,7616.04393284032,-262.89219766697,7878.93613050729,7997.38032238517,7998.64223908065,2.52383339094501,102.985669357009,89.4417334314493,89.4427190999916,-3.70281022520638,-1.33836972944072,0.998908637641179
"loglog",16000,959,5,0,3200,3089.79908048647,-104.760142417527,3194.559222904,3197.76536542196,3198.21225307615,2.2344382709687,74.4151207278771,71.5541698416428,71.5541752799933,-1.4508648763778,-0.051052652560177,0.913107395559307
"loglog",16000,959,5,1,3200,3011.38932474902,-104.505513238961,3115.89483798798,3197.6989493992,3198.1468957386,2.23973169699256,74.4072247083335,71.552830801459,71.5541752799933,-2.50391847539648,-1.14952905188112,0.99115351272726
"loglog",16000,959,10,0,1600,1570.8817216674,-52.3708806575943,1623.252602325,1597.8638528827,1598.07743301438,2.13580131682857,54.6296657029236,53.6656185926359,53.665631459995,-0.493909872376352,0.469111695175208,0.681043544323349
"loglog",16000,959,10,1,1600,1537.72444877749,-52.1704037802122,1589.89485255771,1597.82983314423,1598.04334397532,2.13510831085721,54.6260000852719,53.6644657543852,53.665631459995,-1.10030725795252,-0.151841470944815,0.857256855655973
"loglog",16000,959,25,0,640,688.285910124977,-20.9447361032736,709.230646228251,637.923766063184,638.006783956788,2.07544734009204,35.2916477339537,35.0541989036338,35.0542436803306,1.42702727969656,2.031821136956,0.0821267193412891
"loglog",16000,959,25,1,640,672.70838431688,-20.9642216796152,693.672605996495,637.906090609003,637.989219845135,2.07823090330871,35.2901646422703,35.0533862765274,35.0542436803306,0.986175441816758,1.58853086866095,0.165239738486777
"loglog",16000,959,50,0,320,396.153869242518,-10.5155028625414,406.669372105059,317.941996417934,317.983126254671,2.05649183682347,25.1270555436856,25.0438406651189,25.0439613479976,3.11265570645972,3.54123982165046,0.00185270457365961
"loglog",16000,959,50,1,320,385.36192214269,-10.5052025721822,395.867124714872,317.931655945729,317.972839577944,2.05918161070892,25.1262144170616,25.0432427866436,25.0439613479976,2.68366197460978,3.1103913259377,0.00572240155659337
"loglog",16000,960,2,0,8000,7740.89747152312,-262.382975915817,8003.28044743894,7997.4851447926,7998.7425294568,2.51476932840979,99.8581745026361,89.4427174466256,89.4427190999916,-2.56952096858831,0.0507354663597559,0.979805232115296
"loglog",16000,960,2,1,8000,7728.68921230666,-261.887379704993,7990.57659201165,7997.34118617362,7998.60497256723,2.52757278722769,99.8390351055406,89.4414734055761,89.4427190999916,-2.69085106424519,-0.0897612734885559,0.984160971937963
"loglog",16000,960,5,0,3200,3167.0509569129,-104.884326962203,3271.9352838751,3197.76101497412,3198.20877423757,2.23879631724615,73.7255924153559,71.5541703029386,71.5541752799933,-0.416545422764526,1.0303593672514,0.647988929315783
"loglog",16000,960,5,1,3200,3122.16642224365,-105.062509467229,3227.22893171088,3197.68366912585,3198.12981697563,2.23073924887087,73.7174893419977,71.5523326270788,71.5541752799933,-1.02441425442284,0.406682964298452,0.828298752684848
"loglog",16000,960,10,0,1600,1666.55555688775,-52.4578930953683,1719.01344998312,1597.85975122972,1598.0737435116,2.1399228188463,54.3954387219308,53.6656195924914,53.665631459995,1.26289643529135,2.25357887209487,0.113621377664102
"loglog",16000,960,10,1,1600,1569.15069561052,-52.4786738777395,1621.62936948826,1597.81729127324,1598.03071806243,2.13426789185673,54.391491696521,53.6640341214833,53.665631459995,-0.527041909838843,0.439747995322414,0.692025719201122
"loglog",16000,960,25,0,640,741.435270357481,-20.9728600945984,762.408130452079,637.920332893103,638.00348955901,2.07891664766993,35.233712746211,35.0542012169025,35.0542436803306,2.93795145036226,3.54892242796518,0.00279520988485541
"loglog",16000,960,25,1,640,699.095872381758,-20.982553746645,720.078426128403,637.897505848614,637.980758047481,2.08130497167446,35.2319776979563,35.0530886959208,35.0542436803306,1.73701195708617,2.34209512300339,0.0467574658569267
"loglog",16000,960,50,0,320,436.532494743938,-10.4988514256668,447.031346169605,317.939677287663,317.980855137509,2.05889249229916,25.106732315282,25.0438476181621,25.0439613479976,4.7235464960962,5.1529818021456,1.10226722532289e-05
"loglog",16000,960,50,1,320,433.353075856647,-10.5415304591416,443.894606315789,317.927881051379,317.969085398612,2.06021736163366,25.1056900017151,25.04303048259,25.0439613479976,4.59757110031163,5.02836591620653,1.73257268969487e-05
"loglog",16000,961,2,0,8000,7704.72385640061,-368.046489992626,8072.77034639324,7997.46893371682,7998.73442284507,2.53097825649979,102.767539962288,89.4427172872971,89.4427190999916,-2.84861423581454,0.827746805928901,0.990422971442458
"loglog",16000,961,2,1,8000,7712.18420370207,-368.659776072113,8080.84397977419,7996.98861311846,7998.24886863288,2.5205110288259,102.721737850432,89.437784795169,89.4427190999916,-2.77258168890288,0.923492362098062,0.98875717625458
"loglog",16000,961,5,0,3200,3151.58795815152,-147.230001496292,3298.81795964781,3197.7625151004,3198.20997372621,2.23729312904267,74.3625231920043,71.5541700818229,71.5541752799933,-0.620938544939568,1.40603944964435,0.717292514615728
"loglog",16000,961,5,1,3200,3210.46621918147,-147.270373190256,3357.73659237172,3197.45240672019,3197.89921474594,2.23404012875131,74.3412632623214,71.5473294461096,71.5541752799933,0.175055035254851,2.23400899604747,0.434862527057261
"loglog",16000,961,10,0,1600,1674.51443402568,-73.5961523977095,1748.11058642339,1597.86285433006,1598.07653496677,2.13680636710753,54.6117627421896,53.6656190101662,53.665631459995,1.40357270754067,2.79572013188185,0.0894463993913301
"loglog",16000,961,10,1,1600,1660.90695723007,-73.6989177297411,1734.60587495981,1597.68663983426,1597.90028061253,2.13640778272186,54.6003539506109,53.6597559070966,53.665631459995,1.15787376493914,2.54763727557682,0.133451331743932
"loglog",16000,961,25,0,640,771.830972320727,-29.4720912143147,801.303063535042,637.923721116839,638.006741346308,2.07550573673669,35.2872127220311,35.054199837038,35.0542436803306,3.79478119336655,4.65839536911055,0.000207028954975708
"loglog",16000,961,25,1,640,731.41837269546,-29.5135766386985,760.931949334159,637.841474275545,637.924773830408,2.08248887157138,35.281642133767,35.0500931126106,35.0542436803306,2.65228296532023,3.50946786670572,0.00593612326297313
"loglog",16000,961,50,0,320,467.253836414471,-14.7025025384212,481.956338952892,317.941878145583,317.983011199061,2.05665267392662,25.1255048468251,25.0438443792092,25.0439613479976,5.94264510023391,6.54745035430575,9.43246069238269e-08
"loglog",16000,961,50,1,320,446.756429836887,-14.73572979577,461.492159632657,317.896969640953,317.938228804385,2.06295817163219,25.1219595182929,25.0408284889138,25.0439613479976,5.12935545900006,5.73279477920734,2.44210501452243e-06
"loglog",16000,962,2,0,8000,7833.36182258411,-346.345776620482,8179.70759920459,7997.49403119853,7998.74697135193,2.50588030681435,102.150891482154,89.4427171531723,89.4427190999916,-1.60676237116433,2.02320136968515,0.904139092918931
"loglog",16000,962,2,1,8000,7685.36747997857,-345.463984528022,8030.83146450659,7996.57635981431,7997.83591709109,2.51911455356724,102.188976723723,89.4338377557134,89.4427190999916,-3.04542515067076,0.368938069119082,0.993782622124662
"loglog",16000,962,5,0,3200,3128.68049614043,-138.600654334277,3267.2811504747,3197.76905742882,3198.2152063394,2.23074455289843,74.2264548999106,71.5541697775,71.5541752799933,-0.930780829847738,0.965225986830201,0.806413778180752
"loglog",16000,962,5,1,3200,3124.10940487172,-138.544794578322,3262.65419945004,3197.18911289424,3197.63595154569,2.23419325725711,74.2309222969312,71.5416216044037,71.5541752799933,-0.984491445898962,0.908817083625482,0.821939657795649
"loglog",16000,962,10,0,1600,1638.93285683072,-69.3094736820876,1708.24233051281,1597.86215023866,1598.07590043141,2.13750192751409,54.5654640717135,53.6656185193074,53.665631459995,0.752686837558624,2.05283071584758,0.232778651357698
"loglog",16000,962,10,1,1600,1602.71557691315,-69.1407925906819,1671.85636950383,1597.53922830638,1597.75272875981,2.1350045343799,54.5612471020082,53.6548321251973,53.665631459995,0.0948722560738404,1.38111774483054,0.462109519402101
"loglog",16000,962,25,0,640,746.27542629012,-27.6572436262583,773.932669916378,637.91598961228,637.999318826087,2.08323034517961,35.2757496018246,35.0541992407253,35.0542436803306,3.07178268076364,3.87780505715749,0.0019062565374494
"loglog",16000,962,25,1,640,742.766325945066,-27.4941255939706,770.260451539037,637.780050678699,637.863288392531,2.08094284579975,35.2699472657848,35.0466611113962,35.0542436803306,2.97664962397645,3.77773970323964,0.00251900101103162
"loglog",16000,962,50,0,320,448.934396285698,-13.9049631565894,462.839359442287,317.936207626518,317.977453495529,2.06229345051046,25.1214765333876,25.0438417141436,25.0439613479976,5.21458953597241,5.78433243590367,1.75348129223644e-06
"loglog",16000,962,50,1,320,427.131699633061,-13.8101302894991,440.941829922561,317.867254429991,317.908468178974,2.06068744915218,25.1165894608908,25.0383312452008,25.0439613479976,4.35028989000307,4.91380038624456,4.10165438451624e-05
"loglog",16000,963,2,0,8000,7702.04870356311,-244.482882978925,7946.53158654204,7997.47021350153,7998.73506490271,2.52970280236598,100.262663795618,89.4427174118178,89.4427190999916,-2.9464757742785,-0.583652642398132,0.990965648673613
"loglog",16000,963,2,1,8000,7744.01288683847,-244.288275415166,7988.30116225363,7997.45049989592,7998.71598648219,2.53097317254895,100.270181403485,89.4425354406348,89.4427190999916,-2.5275471681618,-0.116441513841811,0.97854426050731
"loglog",16000,963,5,0,3200,3266.80317124111,-97.8098745731543,3364.61304581426,3197.74645848205,3198.19712879686,2.25335157408113,73.8133772009219,71.5541701635712,71.5541752799933,0.935558233178831,2.32573330998001,0.194196218483013
"loglog",16000,963,5,1,3200,3165.22663739351,-97.649770457879,3262.87640785139,3197.75049865963,3198.19797191334,2.23736626853964,73.8158124360772,71.5539114920194,71.5541752799933,-0.440608322157077,0.903911953789741,0.656474467009971
"loglog",16000,963,10,0,1600,1713.34200288282,-48.8800829106238,1762.22208579344,1597.85195507896,1598.06672610411,2.14771025158008,54.4251967354529,53.6656191730162,53.665631459995,2.12199596384061,3.05885522647371,0.0224891415190853
"loglog",16000,963,10,1,1600,1637.73107410956,-48.8210188355022,1686.55209294506,1597.85080871696,1598.06502286895,2.14214151982129,54.4259959773975,53.6653971774248,53.665631459995,0.732742959984768,1.64886639678763,0.239218305559259
"loglog",16000,963,25,0,640,782.67235348925,-19.5045345112018,802.176888000452,637.907069097997,637.990755763068,2.09216662677492,35.2410644522288,35.0542003632621,35.0542436803306,4.10785788231483,4.68377913448159,7.31417129050949e-05
"loglog",16000,963,25,1,640,773.385115688341,-19.5331911407001,792.918306829041,637.908274960241,637.991797938925,2.088074467091,35.2411778912713,35.0540431738522,35.0542436803306,3.8442767476752,4.41964734629185,0.000178976355037976
"loglog",16000,963,50,0,320,465.697536320799,-9.71642841751559,475.413964738314,317.931464189373,317.972805469081,2.06706398540133,25.1093090237007,25.0438442725165,25.0439613479976,5.88491192616848,6.28662107765986,1.22030253032663e-07
"loglog",16000,963,50,1,320,460.914705834272,-9.74417895564628,470.658884789918,317.932143217138,317.973441252915,2.06490178886935,25.1092903694083,25.0437285330283,25.0439613479976,5.69440874328074,6.09675365773261,2.66434987969352e-07
"loglog",16000,964,2,0,8000,7885.28533764981,-310.008395283889,8195.2937329337,7997.48024980799,7998.74008170152,2.51966378705242,101.512513779599,89.4427173070664,89.4427190999916,-1.10523233028959,2.19753667095548,0.813305434292999
"loglog",16000,964,2,1,8000,7697.73014326153,-307.303568889482,8005.03371215102,7996.59935300273,7997.85891969166,2.51913337785881,101.447317066123,89.4338486070445,89.4427190999916,-2.94605336429346,0.0802245746001735,0.991785195457958
"loglog",16000,964,5,0,3200,3126.33971160573,-123.928886863777,3250.2685984695,3197.76861849994,3198.21485589327,2.23118696664515,74.0862008986196,71.5541699891228,71.5541752799933,-0.964132402901329,0.727473221814239,0.81446302939075
"loglog",16000,964,5,1,3200,3146.07521687345,-124.927200472073,3271.00241734552,3197.20357688443,3197.65069935426,2.23561234914291,74.0543120872284,71.5419355480107,71.5541752799933,-0.690417054320356,1.02529680570405,0.740362354736066
"loglog",16000,964,10,0,1600,1687.54539536017,-61.9625261042262,1749.5079214644,1597.86564462228,1598.07904594583,2.13401323552201,54.5177885651967,53.6656188459547,53.665631459995,1.644963104669,2.82171115837198,0.0585540817013994
"loglog",16000,964,10,1,1600,1596.28310998457,-62.7163029717316,1658.9994129563,1597.54855688392,1597.76189329753,2.13336413608003,54.4997734747641,53.6550819322533,53.665631459995,-0.0232193056718166,1.14131816509177,0.507414548762093
"loglog",16000,964,25,0,640,739.237251487794,-24.7655660360736,764.002817523868,637.922900445893,638.005953703934,2.07633145103497,35.2639542003296,35.0542000621177,35.0542436803306,2.87302865884946,3.59434428960471,0.00331246184330828
"loglog",16000,964,25,1,640,704.666895985524,-25.0112583911253,729.678154376649,637.78853800354,637.871542522764,2.07511298059366,35.2545834026897,35.0468051764744,35.0542436803306,1.89701172236463,2.61954296237854,0.0341129754003878
"loglog",16000,964,50,0,320,425.423094506457,-12.4017843591422,437.824878865599,317.940689663184,317.981845927272,2.05781320442449,25.1173372811877,25.0438420945092,25.0439613479976,4.27921175083215,4.78532936304537,5.16872786433519e-05
"loglog",16000,964,50,1,320,385.056109196819,-12.5063400199373,397.562449216756,317.872422492147,317.913559959662,2.05687337576965,25.1112224755222,25.0384366064859,25.0439613479976,2.67544468494756,3.18106479685164,0.0058988924653485
"loglog",16000,965,2,0,8000,7834.74404000286,-262.51016449272,8097.25420449558,7997.48375165679,7998.74183223364,2.51616115369389,101.463244917366,89.4427172289229,89.4427190999916,-1.603927725616,1.10140182805277,0.90224009887283
"loglog",16000,965,2,1,8000,7902.3680210684,-262.52713552662,8164.89515659502,7997.34507385536,7998.603757089,2.51736646727493,101.479119512973,89.4413438278211,89.4427190999916,-0.935927048271466,1.85922295427647,0.774542408883882
"loglog",16000,965,5,0,3200,3357.29233473173,-104.995896751326,3462.28823148305,3197.76904249205,3198.21519584838,2.23076678165155,74.0753933016721,71.5541700483117,71.5541752799933,2.15352609185645,3.69053313673234,0.0245376208099279
"loglog",16000,965,5,1,3200,3287.64661247938,-104.980765304536,3392.62737778392,3197.68424271426,3198.1297441897,2.22750737721696,74.0795184954936,71.5522575949884,71.5541752799933,1.21440273360575,2.7182599142454,0.131582071467096
"loglog",16000,965,10,0,1600,1784.68114321305,-52.5242620574,1837.20540527045,1597.86152774055,1598.0753408057,2.13813065149176,54.5141187070874,53.6656188593496,53.665631459995,3.42699505932222,4.45592670964016,0.00070314933494676
"loglog",16000,965,10,1,1600,1631.06816724903,-52.4105659247179,1683.47873317375,1597.81548975604,1598.02898181109,2.13492055044803,54.5147809109902,53.6639884854735,53.665631459995,0.60997544037254,1.59231085452766,0.276684373500654
"loglog",16000,965,25,0,640,780.309976816676,-21.0228297008722,801.332806517549,637.918001865608,638.001250773873,2.08122270662709,35.2630466155407,35.054199630213,35.0542436803306,4.03799412182144,4.65940051311003,9.22055846776398e-05
"loglog",16000,965,25,1,640,706.446508340684,-20.9832393478087,727.429747688493,637.895906077508,637.979199463653,2.08233465362607,35.2625093264981,35.0530554996464,35.0542436803306,1.94400805763599,2.55186165513424,0.0307344820468275
"loglog",16000,965,50,0,320,388.641427003751,-10.5418199434494,399.1832469472,317.935018034738,317.976287798568,2.06348819150691,25.1170192911165,25.0438423274157,25.0439613479976,2.8150796139262,3.24259185499401,0.00410873465571841
"loglog",16000,965,50,1,320,389.39255519156,-10.5262269302724,399.918782121833,317.925433891721,317.966681611346,2.06238598125495,25.1164017082535,25.0430076918836,25.0439613479976,2.84543630612322,3.2724543920117,0.00380313511514115
"loglog",16000,966,2,0,8000,7746.75769109956,-335.648915619758,8082.40660671932,7997.48459246202,7998.74225361538,2.51532230673156,101.540515049431,89.4427172913629,89.4427190999916,-2.46923015153507,0.935395923084465,0.977379051991685
"loglog",16000,966,2,1,8000,7727.705678448,-335.603243078744,8063.30892152674,7997.48075713237,7998.73967288579,2.51783150685465,101.538557845283,89.4427040825569,89.4427190999916,-2.6568732549406,0.721906267294277,0.984474021481904
"loglog",16000,966,5,0,3200,3003.01793761395,-134.22606364937,3137.24400126332,3197.77078905953,3198.21659213937,2.22901539921233,74.0923381542501,71.5541699406106,71.5541752799933,-2.62851539440056,-0.852117925854745,0.99345016693544
"loglog",16000,966,5,1,3200,3179.61951313654,-134.232002488156,3313.8515156247,3197.77134835627,3198.21687062061,2.22761132167274,74.0916349359075,71.5541515224095,71.5541752799933,-0.24499169488479,1.61604382895761,0.587815675018917
"loglog",16000,966,10,0,1600,1550.44180269005,-67.143678753849,1617.5854814439,1597.8632072085,1598.0768520264,2.13644817904551,54.5198742579617,53.6656187721393,53.665631459995,-0.869800328116502,0.36352193199022,0.798960798209282
"loglog",16000,966,10,1,1600,1618.31335724753,-67.1347760517744,1685.44813329931,1597.85928038505,1598.07327155196,2.13991166902203,54.5195978285824,53.6656033795811,53.665631459995,0.375169254307241,1.62813527184895,0.355845292973268
"loglog",16000,966,25,0,640,701.327061358226,-26.8054883953548,728.132549753581,637.921973930964,638.005064241827,2.07725777158178,35.264471244157,35.0542000291879,35.0542436803306,1.79798775340402,2.57108949674245,0.0412947846126949
"loglog",16000,966,25,1,640,724.704981037236,-26.8147454226883,751.519726459925,637.918221306586,638.001453613927,2.08080768353437,35.2643936929069,35.0541889853498,35.0542436803306,2.46103082010756,3.23836540316023,0.00954551741193414
"loglog",16000,966,50,0,320,400.509263362187,-13.4203183916982,413.929581753885,317.940565858162,317.98172511376,2.05796277992704,25.117520347712,25.0438441184842,25.0439613479976,3.28729493839334,3.8311952504651,0.00114034278961183
"loglog",16000,966,50,1,320,406.268009393709,-13.4257640261138,419.693773419823,317.940405936344,317.981566386114,2.05802248849863,25.1174890102161,25.0438362942209,25.0439613479976,3.51657776863919,4.06136687042552,0.000584878448169111
"loglog",16000,967,2,0,8000,7845.74886597357,-343.799433964547,8189.54829993812,7997.48312952264,7998.74152119994,2.51678335460075,100.637502680386,89.4427173273439,89.4427190999916,-1.50773081115655,2.1332846814108,0.886138743716476
"loglog",16000,967,2,1,8000,7781.74301910688,-345.428330673972,8127.17134978085,7997.37071752153,7998.63605900409,2.53068296511789,100.620044201266,89.4417465765286,89.4427190999916,-2.14298950200563,1.43708386404082,0.957306581738189
"loglog",16000,967,5,0,3200,3277.88169805106,-137.495803836199,3415.37750188726,3197.77007531547,3198.21602166417,2.22973174350047,73.8949515806503,71.5541700730681,71.5541752799933,1.08412849622285,3.03492417005652,0.158908277071941
"loglog",16000,967,5,1,3200,3260.34449498444,-138.426188505898,3398.77068349033,3197.70499746267,3198.15104937545,2.23025956390219,73.8877443714397,71.552771969368,71.5541752799933,0.847765729684106,2.80379960961918,0.216853623764589
"loglog",16000,967,10,0,1600,1627.44742267873,-68.7563204460694,1696.2037431248,1597.85956180877,1598.07357171452,2.14009905748415,54.4528579593943,53.6656189892568,53.665631459995,0.543366537198497,1.82854820755768,0.29823047412716
"loglog",16000,967,10,1,1600,1643.65115769082,-69.1168743025481,1712.76803199337,1597.82418463933,1598.03811868579,2.13934046458797,54.4494542770193,53.6644234014276,53.665631459995,0.841642467495442,2.1379138363113,0.208478445443816
"loglog",16000,967,25,0,640,704.705405453505,-27.5578032080855,732.26320866159,637.918893397279,638.002107922146,2.08036312167985,35.2479015104341,35.0542014233064,35.0542436803306,1.89476562275504,2.68901007331958,0.0340366984139847
"loglog",16000,967,25,1,640,673.071350808328,-27.5895858440301,700.660936652358,637.905329808501,637.988468941388,2.07847832219276,35.2464787861551,35.0533595866607,35.0542436803306,0.997717281581074,1.78791614983517,0.162814736919066
"loglog",16000,967,50,0,320,382.456335248284,-13.7566554524255,396.212990700709,317.938444761919,317.97964623652,2.06007373001914,25.1117046682375,25.0438433550041,25.0439613479976,2.56923579417409,3.12385536657484,0.00760970160921368
"loglog",16000,967,50,1,320,408.040697695281,-13.7934718948181,421.834169590099,317.932740847949,317.973900210058,2.05796810545095,25.1108864347108,25.0432336006791,25.0439613479976,3.58840206942181,4.14723877260104,0.000473430375303989
"loglog",16000,968,2,0,8000,7706.89567388388,-319.07370164665,8025.96937553053,7997.47462370486,7998.73726753776,2.5252876658046,102.296972968127,89.4427171645542,89.4427190999916,-2.84054299350105,0.304464229800497,0.989961752949306
"loglog",16000,968,2,1,8000,7755.48746852041,-319.267029529667,8074.75449805007,7997.32300485715,7998.57931305816,2.51261640201321,102.273215315336,89.441100980297,89.4427190999916,-2.36460284925144,0.851679867052314,0.973315029822263
"loglog",16000,968,5,0,3200,3162.63075673729,-127.676940016743,3290.30769675404,3197.76807861696,3198.21442385621,2.23172619625379,74.2586374501295,71.5541700024785,71.5541752799933,-0.473174880205233,1.28704271036382,0.668418738048331
"loglog",16000,968,5,1,3200,3240.64800971826,-126.881240663013,3367.52925038127,3197.66633580194,3198.11226406644,2.22964132247551,74.2486658644616,71.5519144456065,71.5541752799933,0.578888164735206,2.36774917383411,0.294860154139992
"loglog",16000,968,10,0,1600,1611.24808952914,-63.881559179493,1675.12964870864,1597.86256648473,1598.0762756811,2.13709196367907,54.5764081145146,53.6656188991668,53.665631459995,0.245262073977603,1.43580516927077,0.403041586944528
"loglog",16000,968,10,1,1600,1592.79121061405,-63.5577029424695,1656.34891355652,1597.80852004335,1598.02178848374,2.13268440396727,54.5715197937816,53.6636828525475,53.665631459995,-0.0919400714559526,1.08690127051174,0.532056785619399
"loglog",16000,968,25,0,640,720.576530212572,-25.5141891305705,746.090719343142,637.922412025055,638.005484659062,2.07681585016007,35.2784593812654,35.0541998152762,35.0542436803306,2.34290611430186,3.0833747526303,0.0126317961585125
"loglog",16000,968,25,1,640,705.541844099161,-25.4589236767309,731.000767775892,637.898909642905,637.981925063019,2.07538550285452,35.2763273868453,35.0528410075404,35.0542436803306,1.91751634784637,2.65367485314139,0.0324149016612519
"loglog",16000,968,50,0,320,394.122388639576,-12.7223240976581,406.844712737234,317.939015945153,317.980205679123,2.05948669851966,25.1224298900932,25.0438420161659,25.0439613479976,3.0324842392919,3.54835759628051,0.00230974546059559
"loglog",16000,968,50,1,320,384.783958468038,-12.6646354160218,397.44859388406,317.929005866336,317.970141484691,2.05678091777074,25.1211577973246,25.0428491945871,25.0439613479976,2.66130061126491,3.1736984790272,0.00606007888651269
"loglog",16000,969,2,0,8000,7684.41181598278,-337.144508351278,8021.55632433406,7997.48167389608,7998.74079407745,2.51824036274124,100.98448848445,89.4427174019423,89.4427190999916,-3.10017768680885,0.255085387825144,0.99391748298075
"loglog",16000,969,2,1,8000,7585.26111520313,-336.749945729611,7922.01106093274,7997.33623891213,7998.59706166886,2.5216455134661,100.964663855566,89.4413383149484,89.4427190999916,-4.08137964286677,-0.856270737658633,0.999543404919262
"loglog",16000,969,5,0,3200,3253.32506616315,-134.797266306169,3388.12233246931,3197.76989053994,3198.21587497134,2.22992215701006,73.97065063735,71.5541702297973,71.5541752799933,0.751043490148211,2.65402361439018,0.243166134701344
"loglog",16000,969,5,1,3200,3191.78455356033,-134.792813617855,3326.57736717818,3197.67307516841,3198.12026366444,2.2359424801213,73.9623433937148,71.5522084500552,71.5541752799933,-0.0796151303203356,1.79529194550869,0.527676469117272
"loglog",16000,969,10,0,1600,1660.18436244201,-67.4564333340214,1727.64079577603,1597.8612504896,1598.07509212219,2.1384163258868,54.478547605163,53.6656192725761,53.665631459995,1.14399363955325,2.41431488931029,0.136153603219321
"loglog",16000,969,10,1,1600,1627.13389510106,-67.2979916231981,1694.43188672426,1597.80870820151,1598.02268687915,2.13978677642706,54.4744429779695,53.663929214434,53.665631459995,0.538329265916713,1.79653635610372,0.300133126642431
"loglog",16000,969,25,0,640,743.75627288597,-26.9334796341197,770.68975252009,637.920154992944,638.003318666137,2.07909182982884,35.2542522010857,35.0542009715364,35.0542436803306,3.00208092031992,3.78517924176028,0.00233003130863421
"loglog",16000,969,25,1,640,727.002306537336,-26.8351411020412,753.837447639377,637.899575844669,637.982682290077,2.07766113519651,35.2524077977515,35.0530019732594,35.0542436803306,2.52756439230655,3.30513105375914,0.00813541305640186
"loglog",16000,969,50,0,320,443.505284327563,-13.4587255156446,456.964009843207,317.937774121335,317.978989819691,2.06078491777497,25.1139376163837,25.0438467017004,25.0439613479976,4.99991328019826,5.54966741647082,3.977818812935e-06
"loglog",16000,969,50,1,320,438.233003793559,-13.4022268827955,451.635230676355,317.9269438576,317.968149614861,2.06028786309023,25.1128220777073,25.0429625964303,25.0439613479976,4.79062287638137,5.33751070971718,8.62650158145693e-06
"loglog",16000,970,2,0,8000,7739.78026201099,-304.359531828045,8044.13979383903,7997.4846315312,7998.74227139853,2.51527973464528,101.325087781718,89.442717325104,89.4427190999916,-2.54334217874437,0.507559741007133,0.980241928204313
"loglog",16000,970,2,1,8000,7762.24653764091,-302.097529468116,8064.34406710903,7996.63220726852,7997.89352828937,2.52264204171829,101.262090250698,89.4341192834605,89.4427190999916,-2.31464380250619,0.743011049385319,0.969766993229934
"loglog",16000,970,5,0,3200,3187.86043750826,-121.738781711464,3309.59921921973,3197.76744813321,3198.2139204305,2.23236148642964,74.0451356298136,71.5541701577947,71.5541752799933,-0.133796913742977,1.55665698510089,0.547195996199708
"loglog",16000,970,5,1,3200,3131.32713478802,-120.596808304626,3251.92394309265,3197.22137170901,3197.66948467169,2.24056481339688,74.0149973167332,71.5424684009019,71.5541752799933,-0.890282230762052,0.758353180057094,0.797065655924564
"loglog",16000,970,10,0,1600,1623.31221750603,-60.8565902603017,1684.16880776633,1597.86718931784,1598.08043611209,2.13246794253286,54.5038357141299,53.6656188917186,53.665631459995,0.466848394334117,1.60416246811467,0.323772331778295
"loglog",16000,970,10,1,1600,1612.29022847807,-60.4578107259948,1672.74803920406,1597.55732521497,1597.77098000808,2.13654793107362,54.4866141760858,53.6554854558287,53.665631459995,0.270394912326212,1.39737919728089,0.395962984530848
"loglog",16000,970,25,0,640,710.236575443358,-24.3980118051574,734.634587248515,637.92460675702,638.007592385997,2.07464072441809,35.2605077787676,35.0542010228788,35.0542436803306,2.05079204020653,2.75650256011975,0.0244717215204462
"loglog",16000,970,25,1,640,693.275833207588,-24.1605756719601,717.436408879548,637.790890630578,637.874000528864,2.0777474571666,35.2515107217534,35.0470791598798,35.0542436803306,1.5739734678313,2.2701580347889,0.0638291854458182
"loglog",16000,970,50,0,320,416.802011832322,-12.1903316583751,428.992343490698,317.940871580808,317.982024735761,2.05765774766125,25.116129447002,25.0438442486794,25.0439613479976,3.93616144000702,4.43263892127063,0.000160040866499417
"loglog",16000,970,50,1,320,383.900050201385,-12.0964871818222,395.996537383207,317.873215439135,317.914388014471,2.05862876680647,25.1102502643569,25.0386369019767,25.0439613479976,2.62947736749453,3.11846645943301,0.00661140676621507
"loglog",16000,971,2,0,8000,7796.67611653165,-237.648247546598,8034.32436407825,7997.49232482658,7998.74611787955,2.50758610595122,102.255182602019,89.4427170940351,89.4427190999916,-1.96387315718275,0.397776894023595,0.945209307755939
"loglog",16000,971,2,1,8000,7848.35623942151,-237.698504453107,8086.05474387462,7997.46669107757,7998.72742713688,2.52147211861542,102.261433417864,89.4425967886001,89.4427190999916,-1.45812988017444,0.97635041773376,0.882063829951777
"loglog",16000,971,5,0,3200,3250.54386143848,-95.006019050064,3345.54988048854,3197.76926436076,3198.21537163215,2.23053635698233,74.2494327397012,71.5541696906685,71.5541752799933,0.710774414435364,2.0590625185551,0.254061182416953
"loglog",16000,971,5,1,3200,3193.35500899842,-94.963336226748,3288.31834522516,3197.76046919083,3198.20682738957,2.2317909937058,74.251481651536,71.5540052347391,71.5541752799933,-0.0593316132476941,1.25934973926296,0.51984780505649
"loglog",16000,971,10,0,1600,1656.37793380466,-47.5501503432538,1703.92808414791,1597.86360153345,1598.07720681467,2.1360528121584,54.573275260305,53.6656185938762,53.665631459995,1.0722158784149,1.97241511617129,0.151018384862106
"loglog",16000,971,10,1,1600,1596.20021752055,-47.4192305886617,1643.61944810921,1597.86271269831,1598.07597977726,2.13267078953456,54.5739844566052,53.665476988062,53.665631459995,-0.0304631445607691,0.848654868791733,0.507999802653483
"loglog",16000,971,25,0,640,699.485620088679,-18.9756704388129,718.461290527492,637.921838108453,638.004933404663,2.07738240524883,35.2776828677466,35.0541992806826,35.0542436803306,1.74511977476028,2.29519882849433,0.0457626542510125
"loglog",16000,971,25,1,640,652.8827917622,-18.9556047943202,671.83839655652,637.920768705047,638.0038338455,2.07662851132055,35.2778067389954,35.0540998260036,35.0542436803306,0.424119990447538,0.965209857875774,0.332845133984381
"loglog",16000,971,50,0,320,376.871295850647,-9.47638252645693,386.347678377104,317.941068119411,317.982216196737,2.05740386628825,25.1221520439021,25.0438393643718,25.0439613479976,2.34574759472247,2.72983152406039,0.0128672095828006
"loglog",16000,971,50,1,320,347.227166341759,-9.46357631382418,356.690742655583,317.940701313486,317.981838137863,2.056841218856,25.1221594977929,25.0437667513351,25.0439613479976,1.16576224392039,1.54565025709068,0.124771708547078
"loglog",16000,972,2,0,8000,7640.57924894898,-366.446589648772,8007.02583859776,7997.48916403205,7998.74453854417,2.51074902423591,103.012975334615,89.4427172434488,89.4427190999916,-3.46470834303859,0.0925877512312496,0.997908036723083
"loglog",16000,972,2,1,8000,7583.03012616238,-366.504526055066,7949.53465221744,7997.473674342,7998.73336011545,2.51937154690563,103.008176867028,89.4426466537034,89.4427190999916,-4.02340436249658,-0.550058721858854,0.999572377849678
"loglog",16000,972,5,0,3200,3039.93272786777,-146.579822770747,3186.51255063851,3197.77062876851,3198.21646298809,2.2291710978754,74.4168424780238,71.5541698364869,71.5541752799933,-2.12099701686965,-0.163567160045606,0.977337381657017
"loglog",16000,972,5,1,3200,3006.67203560566,-146.61204642762,3153.28408203328,3197.763206051,3198.20964679122,2.23220370110756,74.4150608885948,71.5540735364571,71.5541752799933,-2.56790988495483,-0.627854747291921,0.992521441854002
"loglog",16000,972,10,0,1600,1549.06214494443,-73.287871218026,1622.35001616246,1597.86158489632,1598.07539130876,2.13806412434435,54.6302528562879,53.6656185424552,53.665631459995,-0.89326769327353,0.452331036387882,0.805882652227066
"loglog",16000,972,10,1,1600,1597.54789777733,-73.3054420076748,1670.85333978501,1597.86435405331,1598.07763592425,2.13281870934251,54.6295226941048,53.6655361696948,53.665631459995,-0.00579277028925662,1.3560975824529,0.498485917547819
"loglog",16000,972,25,0,640,689.393282891027,-29.2598188704431,718.65310176147,637.92387390897,638.006887344227,2.07533588143216,35.2917900148386,35.0541987901201,35.0542436803306,1.45839610176804,2.30061496769889,0.0777506327412904
"loglog",16000,972,25,1,640,684.748305819177,-29.3039236714332,714.05222949061,637.921625563394,638.004687399053,2.07654589146019,35.2915652352945,35.0541421345346,35.0542436803306,1.32685189629822,2.16943098478046,0.0973860698198073
"loglog",16000,972,50,0,320,399.079141423593,-14.6134124510119,413.692553874605,317.941862346577,317.982994550346,2.05661018842484,25.1271068562922,25.0438396405398,25.0439613479976,3.2290736669788,3.82168072859437,0.00133986539931365
"loglog",16000,972,50,1,320,396.31552127483,-14.6360737203839,410.951594995213,317.940917063388,317.982057689905,2.05703132585447,25.1270052969656,25.0437986892319,25.0439613479976,3.11913828509068,3.71227777618587,0.00182018825529533
"loglog",16000,973,2,0,8000,7880.65212201801,-344.935492605627,8225.58761462364,7997.48578325222,7998.74284910096,2.51413169748368,100.819347382043,89.4427173217127,89.4427190999916,-1.15884167342889,2.53620163066762,0.823070945278411
"loglog",16000,973,2,1,8000,7713.85698424323,-344.820166566645,8058.67715080988,7997.47801524359,7998.73731247544,2.51859446370328,100.816607915101,89.4426857500942,89.4427190999916,-2.81323719241972,0.670148015254238,0.988350996694605
"loglog",16000,973,5,0,3200,3292.76755509502,-137.974626681429,3430.74218177645,3197.7678378228,3198.21423266737,2.2319742228622,73.9345971717492,71.5541702030399,71.5541752799933,1.28491559981769,3.24967711105111,0.118647716813329
"loglog",16000,973,5,1,3200,3146.38015121576,-137.952861587623,3284.33301280338,3197.762957295,3198.20990938964,2.23476047319698,73.9336166266973,71.5541250606506,71.5541752799933,-0.694985696948635,1.20360780515093,0.739111423177466
"loglog",16000,973,10,0,1600,1748.1113497538,-68.9504655179007,1817.0618152717,1597.8690323927,1598.08209655096,2.1306415826369,54.466313791193,53.6656194986064,53.665631459995,2.75844475058634,4.08044704909124,0.00482510703530336
"loglog",16000,973,10,1,1600,1725.10908500448,-68.9748556209205,1794.0839406254,1597.86249192972,1598.07609130713,2.13599377411486,54.4659151310247,53.6655803210531,53.665631459995,2.3362609949481,3.6523941070918,0.0137930760981329
"loglog",16000,973,25,0,640,777.218599275916,-27.5573855794643,804.775984855381,637.920269127856,638.003428107509,2.07897449131371,35.2512294238668,35.0542009009886,35.0542436803306,3.9515878573514,4.75756264474334,0.000124338385770712
"loglog",16000,973,25,1,640,775.361606019061,-27.5995420833462,802.961148102407,637.92198972385,638.00505955125,2.07674568499298,35.2511047150016,35.0541732161593,35.0542436803306,3.89887401845654,4.70574751639316,0.000148466066114678
"loglog",16000,973,50,0,320,472.081352716972,-13.8110458384016,485.892398555374,317.939511956234,317.980692481103,2.05902624344699,25.1128749713333,25.043845026082,25.0439613479976,6.13796074470536,6.70470951642601,4.19854384249037e-08
"loglog",16000,973,50,1,320,483.151138839404,-13.8539289156641,497.005067755069,317.940151741599,317.981314174444,2.05812164223198,25.1128193385268,25.0438243625243,25.0439613479976,6.57875107014955,7.14841914673851,6.18503649260934e-09
"loglog",16000,974,2,0,8000,7598.12089398467,-310.989051779565,7909.10994576423,7997.47806381849,7998.73898929038,2.52185094378103,101.170846944024,89.4427173102081,89.4427190999916,-3.94735422205948,-1.00208319046589,0.999337959208443
"loglog",16000,974,2,1,8000,7804.00285877334,-311.171188447801,8115.17404722114,7997.46073037092,7998.7198015322,2.51814232255193,101.178100249055,89.442510564512,89.4427190999916,-1.91205281697698,1.30200108375698,0.938362552136175
"loglog",16000,974,5,0,3200,3014.97879276927,-124.454103301517,3139.43289607078,3197.76625452534,3198.21296564985,2.23355562255718,74.011380109607,71.5541701357192,71.5541752799933,-2.46972102783885,-0.821476504689728,0.989971459970092
"loglog",16000,974,5,1,3200,3067.96173717945,-124.400630577276,3192.36236775672,3197.75303213452,3198.19971404465,2.23340955061587,74.01369289416,71.5538802481407,71.5541752799933,-1.75361193152026,-0.0815797307941845,0.94951806393473
"loglog",16000,974,10,0,1600,1504.58570718206,-62.2055003274701,1566.79120750953,1597.86343271837,1598.07705511769,2.13622399324322,54.4923797002056,53.6656189377392,53.665631459995,-1.71175724109474,-0.582977485910701,0.952922030205477
"loglog",16000,974,10,1,1600,1572.07730467255,-62.1618809643865,1634.23918563693,1597.85194087008,1598.06596355454,2.14022684461475,54.4931273041602,53.6653709498871,53.665631459995,-0.4729887505569,0.674051468239562,0.673368517285583
"loglog",16000,974,25,0,640,660.820011013228,-24.8769010219518,685.69691203518,637.921114424433,638.004239038545,2.07811535281927,35.2576722889307,35.0542000128769,35.0542436803306,0.649472727556791,1.36054090463096,0.25785077230339
"loglog",16000,974,25,1,640,706.616099787889,-24.858009093976,731.474108881865,637.915268296705,637.99849718014,2.0807220858656,35.2577599653205,35.0540234194451,35.0542436803306,1.94853080736715,2.66661577141162,0.0304277884247037
"loglog",16000,974,50,0,320,395.110462245629,-12.4324522227551,407.542914468385,317.938779943496,317.979975024399,2.0597540451735,25.1151369692506,25.043844715793,25.0439613479976,3.07271596394708,3.57624559888386,0.00207583739697797
"loglog",16000,974,50,1,320,403.136751341097,-12.3824805715124,415.51923191261,317.931654004498,317.972958486789,2.06522411455412,25.115099221338,25.043715463003,25.0439613479976,3.3925845399093,3.8950399979558,0.000843945335663839
"loglog",16000,975,2,0,8000,7743.24280826545,-309.20293993765,8052.4457482031,7997.48969027365,7998.74480179602,2.51022304474388,101.903568492151,89.4427172248978,89.4427190999916,-2.49497525719898,0.600394845698306,0.978861955291902
"loglog",16000,975,2,1,8000,7879.68719776082,-309.386400410066,8189.07359817088,7997.47576789226,7998.73509297226,2.51865015999721,101.899649082864,89.4426632291732,89.4427190999916,-1.15592714196356,2.12805051109591,0.825063846908144
"loglog",16000,975,5,0,3200,3176.84981328788,-123.686567386607,3300.53638067448,3197.76963031411,3198.21566554523,2.23017615560974,74.1720427593561,71.5541700172821,71.5541752799933,-0.282044504209065,1.42997557101894,0.601296586235942
"loglog",16000,975,5,1,3200,3334.22342557324,-123.821424514584,3458.04485008782,3197.7702228417,3198.2154312437,2.22604201001637,74.1705826044392,71.5540930022581,71.5541752799933,1.83972132805356,3.63123069474063,0.0457026807682811
"loglog",16000,975,10,0,1600,1634.21206850632,-61.8261248477774,1696.0381933541,1597.86301255028,1598.07667720627,2.13664655986635,54.5469630007364,53.6656188668126,53.665631459995,0.666380930420469,1.82540550572897,0.258641029361235
"loglog",16000,975,10,1,1600,1707.87618477394,-61.9435634022278,1769.81974817617,1597.8629438762,1598.0764168784,2.13473002204921,54.5463689977836,53.6655531123152,53.665631459995,2.01687560362106,3.20025270098918,0.0279088340099096
"loglog",16000,975,25,0,640,730.91555614344,-24.7729633566631,755.688519500103,637.923938721409,638.006950115055,2.07528484116735,35.2711693602823,35.0541995931111,35.0542436803306,2.63647673464283,3.35713183444572,0.00615623274488042
"loglog",16000,975,25,1,640,799.747647752981,-24.7737574630808,824.521405216062,637.922142059274,638.005191640495,2.07623953053167,35.2709881269028,35.0541536942495,35.0542436803306,4.58806271918067,5.32080207105853,1.26603966808896e-05
"loglog",16000,975,50,0,320,446.148011581317,-12.3396250780934,458.48763665941,317.941496962715,317.982637135653,2.05700864686478,25.1198696505852,25.043842243491,25.0439613479976,5.10378900853947,5.61036114816907,2.67718277127153e-06
"loglog",16000,975,50,1,320,475.758333724181,-12.3926984517515,488.151032175932,317.941079222989,317.982219292619,2.05700348148429,25.1197883190931,25.0438092210326,25.0439613479976,6.28258695879366,6.79484543990217,2.24255818562295e-08
"loglog",16000,976,2,0,8000,7752.01160618211,-290.526204435559,8042.53781061767,7997.48101679733,7998.74046439007,2.51889518546696,102.19610441582,89.4427172559377,89.4427190999916,-2.40194488839269,0.489669227090616,0.975000510868549
"loglog",16000,976,2,1,8000,7966.68145366987,-290.687382989451,8257.36883665932,7997.45910344279,7998.72166795919,2.52512903280751,102.188885160325,89.4425564941438,89.4427190999916,-0.301183927436264,2.89176851420901,0.595872142692963
"loglog",16000,976,5,0,3200,3265.22957532938,-116.189839582334,3381.41941491171,3197.76570216741,3198.21252274271,2.23410287651234,74.2364133734146,71.5541699613241,71.5541752799933,0.908770643627704,2.56039434554306,0.19957661651327
"loglog",16000,976,5,1,3200,3406.87530091472,-116.311371133262,3523.18667204798,3197.74776179994,3198.1961674591,2.24202829579371,74.2337640786957,71.5539516868703,71.5541752799933,2.81714852682236,4.54189456944435,0.00515492438602459
"loglog",16000,976,10,0,1600,1713.51268694981,-58.0908581837121,1771.60354513352,1597.85868786324,1598.07278461706,2.14096753816249,54.5688486701044,53.6656187526256,53.665631459995,2.1194143161376,3.23355557151703,0.0223354738754072
"loglog",16000,976,10,1,1600,1832.71971870851,-58.2073788572583,1890.92709756577,1597.85590861565,1598.06971095147,2.13802335824146,54.5677220880987,53.665429068289,53.665631459995,4.30407942837862,5.45709578212152,3.50298168444474e-05
"loglog",16000,976,25,0,640,713.554935793757,-23.2043994083517,736.759335202109,637.917271547963,638.00054972242,2.08195436142936,35.2765923129167,35.0541997362313,35.0542436803306,2.14413182471991,2.81731679007962,0.0199174723959335
"loglog",16000,976,25,1,640,751.954802728392,-23.2636337371762,775.218436465568,637.915003070692,637.998273661192,2.08176476252286,35.2762058043106,35.0540656722615,35.0542436803306,3.2327682940257,3.91452917579712,0.00119784321466158
"loglog",16000,976,50,0,320,439.809662280122,-11.6062479307796,451.415910210901,317.937421751635,317.978643314069,2.06107812171827,25.1217734885657,25.0438419058936,25.0439613479976,4.85125942975157,5.32814683139453,6.8591117643807e-06
"loglog",16000,976,50,1,320,463.412655389797,-11.6433045650633,475.05595995486,317.936789490608,317.977999094458,2.06048019248999,25.1215865444565,25.043745789812,25.0439613479976,5.79087095640822,6.27214324002214,1.7755963582732e-07
"loglog",16000,977,2,0,8000,7703.39868156851,-326.201811133437,8029.60049270194,7997.48625064728,7998.74308210807,2.51366292158627,102.427608571596,89.4427173399591,89.4427190999916,-2.87117480511331,0.344996345276329,0.990695240535496
"loglog",16000,977,2,1,8000,7908.6996103534,-326.418479937978,8235.11809029138,7996.61737616014,7997.87523123352,2.51571014677674,102.367730188623,89.4340102595209,89.4427190999916,-0.858842582957906,2.6527140890744,0.759108846664694
"loglog",16000,977,5,0,3200,3162.79945761267,-130.474158515881,3293.27361612855,3197.77176373056,3198.21737278285,2.22804526145183,74.2874437873556,71.5541701091173,71.5541752799933,-0.47077008354199,1.32845148229291,0.667647326382232
"loglog",16000,977,5,1,3200,3120.12242025898,-130.539098267049,3250.66151852603,3197.21668150757,3197.66392542984,2.23621961134454,74.2577301616067,71.5422444507419,71.5541752799933,-1.03819846204316,0.740787397754538,0.834832579340394
"loglog",16000,977,10,0,1600,1620.87237316644,-65.2090458004866,1686.08141896693,1597.86423275453,1598.0777756366,2.1354288207339,54.5862051770078,53.6656190736262,53.665631459995,0.421501006294684,1.63985145144034,0.339273126574914
"loglog",16000,977,10,1,1600,1625.93797621133,-65.5115103364473,1691.44948654778,1597.55096943357,1597.76511032879,2.14140895217052,54.5691931270291,53.6554224431137,53.665631459995,0.520202061842524,1.74603743579355,0.307442738763869
"loglog",16000,977,25,0,640,691.617154899018,-26.0825166125467,717.699671511564,637.921640820549,638.004743718628,2.07757245197823,35.2808837422639,35.0541991387773,35.0542436803306,1.52194356781787,2.27347735081407,0.0695127332113234
"loglog",16000,977,25,1,640,740.435576302014,-26.2324127752233,766.667989077237,637.789512484865,637.872620103957,2.07769047729423,35.2718546215735,35.0469960209496,35.0542436803306,2.91014081676235,3.67493319245655,0.00302055781090223
"loglog",16000,977,50,0,320,388.506703265683,-13.0298229510134,401.536526216696,317.942097791984,317.98322635072,2.05642793677408,25.1232823502612,25.0438440074605,25.0439613479976,2.80873352812375,3.33628095755132,0.00416585807037746
"loglog",16000,977,50,1,320,424.411773110627,-13.1223709219018,437.534144032529,317.875476011155,317.916591421197,2.05577050211651,25.1173723964561,25.0385882954704,25.0439613479976,4.24153830336586,4.77732814645032,5.92024523085915e-05
"loglog",16000,978,2,0,8000,7786.2690998701,-306.739779299854,8093.00887916996,7997.47215214328,7998.73603348171,2.52776267687224,102.060120094382,89.4427173228476,89.4427190999916,-2.06939842984567,1.05400247789836,0.953890924468826
"loglog",16000,978,2,1,8000,7729.44707176906,-307.899524438187,8037.34659620725,7997.37143917756,7998.63311341432,2.5233484735084,102.041381751047,89.4416673206685,89.4427190999916,-2.62564425148774,0.432834985668757,0.983916092965213
"loglog",16000,978,5,0,3200,3238.44380543139,-122.691529075889,3361.13533450728,3197.76306569587,3198.21041379991,2.23674052022252,74.2064819120141,71.5541700143096,71.5541752799933,0.548210057764984,2.27694515462598,0.304354650817877
"loglog",16000,978,5,1,3200,3177.42694679512,-122.902078850115,3300.32902564523,3197.69983240603,3198.14627309017,2.23220342072947,74.1987158481467,71.5526933932396,71.5541752799933,-0.273224211216792,1.42807695572665,0.598496245632562
"loglog",16000,978,10,0,1600,1632.56404391143,-61.3267425660109,1693.89078647744,1597.86128352885,1598.07512118814,2.13837659283922,54.5586693152422,53.6656190170646,53.665631459995,0.636063174159636,1.78541992143682,0.2680199599975
"loglog",16000,978,10,1,1600,1655.26802021576,-61.5060561420831,1716.77407635785,1597.8266476307,1598.04012940055,2.13481769843807,54.554948268891,53.6643502935044,53.665631459995,1.05290857030866,2.21252929193987,0.155553423603472
"loglog",16000,978,25,0,640,727.207361628621,-24.4476642521112,751.655025880732,637.918182031937,638.001423628339,2.08103991003539,35.2740696684962,35.0541995080905,35.0542436803306,2.53129793176172,3.2422250071967,0.0080190658839004
"loglog",16000,978,25,1,640,774.670120355722,-24.5817755023312,799.251895858053,637.901533232839,637.984788633619,2.08138501950261,35.2725407486881,35.0533101816707,35.0542436803306,3.87748044852623,4.60062420321034,0.000158532952792692
"loglog",16000,978,50,0,320,453.757510084281,-12.2772791906095,466.034789274891,317.937926296806,317.97913790047,2.06058018319802,25.1208885218029,25.0438423787461,25.0439613479976,5.4066393260571,5.91185845747342,8.31568076830535e-07
"loglog",16000,978,50,1,320,463.412346905838,-12.2991831667351,475.711530072573,317.9311441837,317.97232469204,2.05902541697957,25.1200061539388,25.0431911420005,25.0439613479976,5.79144773415297,6.29868631701594,1.77568582918146e-07
"loglog",16000,979,2,0,8000,7851.34257334328,-324.837435537832,8176.18000888112,7997.48249408353,7998.74120303216,2.51741789724347,101.86794695997,89.4427172521176,89.4427190999916,-1.43460161023641,1.98382619960886,0.877272328527685
"loglog",16000,979,2,1,8000,7795.12365230399,-325.758671112962,8120.88232341696,7997.40186979301,7998.65855324474,2.51336690346356,101.85162856979,89.441885320899,89.4427190999916,-1.98600867094053,1.36651603142868,0.946580340341174
"loglog",16000,979,5,0,3200,3278.96119125011,-129.963477318783,3408.92466856889,3197.76395239447,3198.21112242934,2.23585017435183,74.1642133550516,71.5541699044593,71.5541752799933,1.09483044695587,2.94481155215557,0.155713785436794
"loglog",16000,979,5,1,3200,3308.44072132067,-129.710848082861,3438.15156940353,3197.71240178065,3198.15920297628,2.23400597814751,74.1575189094664,71.5530036744256,71.5541752799933,1.49315027212827,3.35405020199084,0.0847722181605707
"loglog",16000,979,10,0,1600,1680.00866484947,-65.0141647670379,1745.02282961651,1597.8603276786,1598.07426062412,2.13932945525615,54.5442981196664,53.6656188359867,53.665631459995,1.50608477884608,2.73822555631922,0.0751781127804363
"loglog",16000,979,10,1,1600,1746.05764775413,-64.8449594769247,1810.90260723105,1597.83494573449,1598.04840645252,2.13460718038831,54.5411912255805,53.6646199705385,53.665631459995,2.71762861589507,3.96637861025353,0.00532648821126971
"loglog",16000,979,25,0,640,778.068013810799,-25.9908133758984,804.058827186697,637.91900084516,638.002209655157,2.08022024990853,35.2705131934758,35.054199512381,35.0542436803306,3.97354617997344,4.7371390544203,0.000114585409468009
"loglog",16000,979,25,1,640,835.100344798947,-25.850082445475,860.950427244422,637.907956863541,637.991091992889,2.07837823367567,35.2692563484577,35.0534967265449,35.0542436803306,5.59105601737556,6.36054476935232,2.18243671911953e-07
"loglog",16000,979,50,0,320,456.763015567779,-13.0346330380628,469.797648605842,317.937930664951,317.979142094824,2.06057149366072,25.1196392650878,25.0438420309545,25.0439613479976,5.52655567374219,6.06210925317961,5.179289433196e-07
"loglog",16000,979,50,1,320,493.143301702377,-12.9986722431301,506.141973945508,317.935312435041,317.976444232848,2.0565898903258,25.1189248766796,25.0433265887873,25.0439613479976,6.97513886949833,7.51359964282491,1.02526666192775e-09
"loglog",16000,980,2,0,8000,7893.65787508288,-280.692329598952,8174.35020468183,7997.48021114059,7998.74006337815,2.51970447511709,100.31179523857,89.4427173089257,89.4427190999916,-1.03499629142105,1.9633811067831,0.794842197780744
"loglog",16000,980,2,1,8000,7740.74048088133,-280.946586292703,8021.68706717403,7997.42762310571,7998.6928034498,2.53036068818659,100.301618381685,89.4423149613276,89.4427190999916,-2.55915254774446,0.257084845513808,0.979867084156262
"loglog",16000,980,5,0,3200,3183.20494799308,-112.19403313827,3295.39898113135,3197.76063567056,3198.20847091552,2.23917622480291,73.8240591215719,71.5541702258113,71.5541752799933,-0.197167262958425,1.35827876850663,0.570223318855918
"loglog",16000,980,5,1,3200,3089.171034602,-112.744975050669,3201.91600965267,3197.73082158931,3198.17920299218,2.24190701434959,73.8200800813029,71.5535869930355,71.5541752799933,-1.47059969140842,0.0522238900595454,0.914371706900696
"loglog",16000,980,10,0,1600,1678.05888822564,-56.1132359442361,1734.17212416988,1597.86426573656,1598.07780566521,2.13539928648984,54.4288158055035,53.6656192157579,53.665631459995,1.47338539893373,2.53596847466745,0.0800250651737935
"loglog",16000,980,10,1,1600,1629.7314293543,-56.3656249288998,1686.0970542832,1597.84473976735,1598.05869399665,2.13954229296835,54.4270033023721,53.6651117684806,53.665631459995,0.585861569666073,1.64051387177506,0.28454596399356
"loglog",16000,980,25,0,640,711.71010574048,-22.4623849583039,734.172490698784,637.918689476999,638.001911920685,2.08056109215009,35.2419600174851,35.0542012031323,35.0542436803306,2.09385108622987,2.74348224969694,0.0223497770468867
"loglog",16000,980,25,1,640,764.671936686901,-22.5637975199006,787.235734206801,637.915349982932,637.998442362555,2.07730949056434,35.2412549331383,35.0538423095783,35.0542436803306,3.59682386295432,4.25737328667871,0.000398643157626318
"loglog",16000,980,50,0,320,442.837320452215,-11.2115294317574,454.048849883973,317.938527908911,317.979728357941,2.06002245151606,25.109625001672,25.043846065078,25.0439613479976,4.97414009707382,5.43323582058632,4.39286474547861e-06
"loglog",16000,980,50,1,320,457.321804380333,-11.3047674295394,468.626571809873,317.934672457192,317.97588268217,2.06051124888594,25.1092381701241,25.0435833818265,25.0439613479976,5.55122903286604,6.01554046123553,4.73944576442891e-07
"loglog",16000,981,2,0,8000,7782.09850094974,-285.604760460856,8067.70326141059,7997.47053552111,7998.73522534519,2.52937964815067,102.36362145625,89.4427172410698,89.4427190999916,-2.10398998694496,0.771086100610294,0.957045887860882
"loglog",16000,981,2,1,8000,7806.27886379618,-286.138362910827,8092.41722670701,7997.29748692194,7998.55403896318,2.5131040824843,102.384170144553,89.4408163987737,89.4427190999916,-1.86570465782023,1.04944466657531,0.936105770550159
"loglog",16000,981,5,0,3200,3138.46655206066,-114.215898506231,3252.68245056689,3197.76835177008,3198.21464247376,2.23145351841153,74.273336335467,71.5541699635897,71.5541752799933,-0.798426496442497,0.761210815817485,0.770568907834218
"loglog",16000,981,5,1,3200,3153.88128716965,-114.350118502655,3268.23140567231,3197.64888528535,3198.09518245076,2.23148582703845,74.2786038470863,71.5515654341971,71.5541752799933,-0.589235605529179,0.980219269780319,0.707421691673626
"loglog",16000,981,10,0,1600,1637.08161242885,-57.1318723580976,1694.21348478695,1597.86767212399,1598.08087000815,2.13197884156725,54.5814102707136,53.6656185339903,53.665631459995,0.718448645983521,1.79132594396389,0.242739828977732
"loglog",16000,981,10,1,1600,1703.13415302123,-57.0899672570915,1760.22412027832,1597.79930869709,1598.01260070716,2.13292010077787,54.5821856400878,53.6633837290379,53.665631459995,1.92983925229225,3.02275980937414,0.0334658554526395
"loglog",16000,981,25,0,640,712.803598223763,-22.8076606794747,735.611258903237,637.922084832341,638.005169950291,2.0771279487465,35.2796958038059,35.0541989184018,35.0542436803306,2.12251017718083,2.78443359039959,0.02087902532001
"loglog",16000,981,25,1,640,692.773997639005,-22.7071794648517,715.481177103857,637.892741344213,637.975853709573,2.07780913401475,35.2789283305515,35.0526354363622,35.0542436803306,1.5556384190748,2.21111258624173,0.0655083251846912
"loglog",16000,981,50,0,320,399.835387566061,-11.4234367257976,411.258824291859,317.940672386546,317.981828492509,2.05780529815975,25.1228602734429,25.043839909886,25.0439613479976,3.25976876391282,3.72454847718975,0.00123063948869985
"loglog",16000,981,50,1,320,397.256839287389,-11.3492958284568,408.606135115846,317.924777663159,317.965959032887,2.05906848640495,25.122002662731,25.0426970316845,25.0439613479976,3.15787171465914,3.61942549431792,0.00164109194618075
"loglog",16000,982,2,0,8000,7849.95268213543,-276.616994608705,8126.56967674413,7997.48672340889,7998.74332063675,2.5131944557191,100.520398819385,89.4427173879983,89.4427190999916,-1.46770250622012,1.42914213521582,0.87951894755523
"loglog",16000,982,2,1,8000,7839.65024818833,-275.626596243986,8115.27684443232,7997.38598647455,7998.64288068742,2.51378842574119,100.535185944874,89.4417590402168,89.4427190999916,-1.568960526643,1.3040213541915,0.895278926172488
"loglog",16000,982,5,0,3200,3260.18431410473,-110.603554555498,3370.78786866023,3197.76912893939,3198.21526515844,2.23068109527837,73.8694431869071,71.5541700683396,71.5541752799933,0.84493915850177,2.41177562868751,0.217434698835451
"loglog",16000,982,5,1,3200,3296.76776910659,-110.328752381142,3407.09652148773,3197.7049091132,3198.15123909334,2.23164990065747,73.873524003098,71.5528059998904,71.5541752799933,1.34097921183821,2.92015497470101,0.109197279406543
"loglog",16000,982,10,0,1600,1684.03398576554,-55.3204460693356,1739.35443183487,1597.86680293646,1598.08008914767,2.13286211218157,54.4442086463915,53.6656191273022,53.665631459995,1.58266939627553,2.63249255267285,0.0658939961328561
"loglog",16000,982,10,1,1600,1717.74569589205,-55.129327558975,1772.87502345102,1597.82624211476,1598.04003164454,2.1378952977563,54.4451126713261,53.6644461434456,53.665631459995,2.20257517880834,3.25792967916132,0.0188012771484389
"loglog",16000,982,25,0,640,722.398156964779,-22.0503901454022,744.448547110181,637.921144255217,638.004267827708,2.07808931226363,35.245763017252,35.0542001706302,35.0542436803306,2.39679908953063,3.03656277320105,0.0111756177562317
"loglog",16000,982,25,1,640,730.037708664558,-21.9197758729564,751.957484537514,637.905790652953,637.988920314548,2.07824153987405,35.2454857987089,35.0533724140455,35.0542436803306,2.6140061889849,3.25128672005607,0.00655814487789301
"loglog",16000,982,50,0,320,399.021645847765,-11.0270659012916,410.048711749057,317.940547169035,317.981707011313,2.05799211391686,25.1109578632691,25.0438450464294,25.0439613479976,3.22891301559352,3.67623280558788,0.0013485273972044
"loglog",16000,982,50,1,320,381.514228846213,-10.9553659937298,392.469594839943,317.930328023029,317.971537578403,2.06047776871553,25.1105503814576,25.0432415769092,25.0439613479976,2.53215878812982,2.97477692864768,0.0083321575258871
"loglog",16000,983,2,0,8000,7773.43839072835,-312.334276452895,8085.77266718124,7997.47898343636,7998.73944734432,2.52092781593264,100.481858706318,89.4427173270057,89.4427190999916,-2.22966210610038,0.973060998568742,0.963043274224002
"loglog",16000,983,2,1,8000,7849.19938654149,-312.512032892986,8161.71141943448,7997.46940190657,7998.73250562513,2.52620743712764,100.47857228355,89.442673820713,89.4427190999916,-1.47563815841907,1.82216057333032,0.880724508371081
"loglog",16000,983,5,0,3200,3262.989439595,-124.964824842402,3387.9542644374,3197.76816235596,3198.21449233026,2.23164987147006,73.8610471428273,71.5541702123993,71.5541752799933,0.883026707066759,2.65169411571574,0.207392027155752
"loglog",16000,983,5,1,3200,3226.15146278528,-124.978472767413,3351.12993555269,3197.75810253039,3198.20589203775,2.23894753677468,73.8598802610248,71.5541102319056,71.5541752799933,0.384421964326819,2.13718042219128,0.359683218296645
"loglog",16000,983,10,0,1600,1633.61143689744,-62.4753844746095,1696.08682137205,1597.86531561174,1598.07875024151,2.13434629777625,54.4413598174541,53.6656191013833,53.665631459995,0.656598611892941,1.82627299883343,0.262038722707122
"loglog",16000,983,10,1,1600,1622.29634373489,-62.4984004961094,1684.794744231,1597.85933743597,1598.07321347503,2.13876039052883,54.4408821837127,53.6655672802555,53.665631459995,0.448872342230792,1.61596224825292,0.3301893402843
"loglog",16000,983,25,0,640,759.322968334803,-24.9696439517249,784.292612286528,637.920234370589,638.003394392327,2.0790005434546,35.2450589914021,35.0542003809917,35.0542436803306,3.44453201209934,4.1732293506694,0.000639593586801214
"loglog",16000,983,25,1,640,739.451598538962,-24.9578657254856,764.409464264448,637.916935935238,638.000201071764,2.0816284131598,35.2449121784374,35.0541638635122,35.0542436803306,2.88083176628946,3.60611263429002,0.00325843153634024
"loglog",16000,983,50,0,320,413.661803366536,-12.5076105686778,426.169413935214,317.936427668622,317.977669286244,2.0620808810533,25.1107072486597,25.0438426772154,25.0439613479976,3.81213379416156,4.32009360717641,0.000237862600865633
"loglog",16000,983,50,1,320,405.29663647956,-12.4737104541215,417.770346933681,317.935527544491,317.976780335109,2.06263953091222,25.1106409502414,25.0438160288593,25.0439613479976,3.47904735319904,3.98475881165931,0.00065594607907356
"loglog",16000,984,2,0,8000,7816.48898205363,-317.634194423806,8134.12317647744,7997.47963451286,7998.73977660867,2.52028419161837,99.676479567313,89.4427176476092,89.4427190999916,-1.81578094696861,1.51363245023652,0.925189510198545
"loglog",16000,984,2,1,8000,7851.12589672716,-319.860837762669,8170.98673448983,7996.89713584814,7998.15998950187,2.52570730746352,99.6327084597194,89.4372159786822,89.4427190999916,-1.4630861829869,1.93238064374849,0.877624467033311
"loglog",16000,984,5,0,3200,3281.93096209393,-127.009023740613,3408.93998583455,3197.76561101557,3198.21245241887,2.23420701652862,73.6862389648282,71.554170483868,71.5541752799933,1.14221260659727,2.9450070064495,0.147148888332227
"loglog",16000,984,5,1,3200,3253.2909610831,-127.276488915997,3380.5674499991,3197.39626952986,3197.84176498307,2.22747726602473,73.6650463890709,71.5460879407967,71.5541752799933,0.758768157940533,2.55395773934186,0.243298152939886
"loglog",16000,984,10,0,1600,1685.37681068231,-63.4985560965476,1748.87536677885,1597.86594339724,1598.07931647629,2.13373079050328,54.3821102610945,53.6656196005544,53.665631459995,1.60918483789821,2.80991911441569,0.0630058722763109
"loglog",16000,984,10,1,1600,1674.3063479403,-63.5394518952127,1737.84579983551,1597.65653361658,1597.86971149575,2.13177879163205,54.3702397176756,53.6586602798735,53.665631459995,1.40977517704038,2.60863926921907,0.0900245449157456
"loglog",16000,984,25,0,640,775.847058135167,-25.3476223438534,801.194680479021,637.925009229427,638.00797907068,2.074246031327,35.230425893706,35.0542016208278,35.0542436803306,3.91485613378236,4.65526795256923,0.000141763131498858
"loglog",16000,984,25,1,640,798.464327488562,-25.2258430077654,823.690170496327,637.83474574183,637.917718876667,2.07432837091326,35.2242229131734,35.0492956347385,35.0542436803306,4.56020228303343,5.30031911498774,1.45139268149265e-05
"loglog",16000,984,50,0,320,482.840440373288,-12.6979064502798,495.538346823568,317.944178665623,317.985266435382,2.05438848794481,25.105578318278,25.0438473809444,25.0439613479976,6.56811245760525,7.08968864437678,6.53379682128929e-09
"loglog",16000,984,50,1,320,491.324543086983,-12.6213458457122,503.945888932695,317.897196553377,317.938303212374,2.05533294980872,25.1015239350034,25.0402564162255,25.0439613479976,6.90903655820538,7.42834189189026,1.4287346916736e-09
"loglog",16000,985,2,0,8000,7656.42918083123,-348.325830027714,8004.75501085895,7997.46995518668,7998.73493728756,2.52996420175309,100.595640498987,89.4427174793128,89.4427190999916,-3.39021425445248,0.0673064698955032,0.996879424550631
"loglog",16000,985,2,1,8000,7647.56141838876,-348.856489947447,7996.41790833621,7997.45618274039,7998.71749691624,2.52262835170152,100.602637489535,89.4425155540984,89.4427190999916,-3.47798798404286,-0.0257102404352267,0.997500135532493
"loglog",16000,985,5,0,3200,3166.25933651033,-139.349483712616,3305.60882022294,3197.76015111113,3198.20808269824,2.2396579355837,73.8858228702402,71.5541701728615,71.5541752799933,-0.426344505306845,1.50097104424854,0.651679983310812
"loglog",16000,985,5,1,3200,3186.97053088234,-139.350812889524,3326.32134377186,3197.75747995624,3198.20321438699,2.2286721537739,73.8880963875366,71.5538751182672,71.5541752799933,-0.145990350290306,1.79051280134179,0.55161071703464
"loglog",16000,985,10,0,1600,1621.67879927323,-69.6636653460072,1691.34246461923,1597.85723206615,1598.07147521899,2.14243152838636,54.4497639197072,53.6656191632583,53.665631459995,0.437496244101371,1.73800267013604,0.334116234493533
"loglog",16000,985,10,1,1600,1671.15452621985,-69.6593160908067,1740.81384231066,1597.85624945058,1598.06982602893,2.13576578343843,54.4504857507834,53.6653665919979,53.665631459995,1.34614550740191,2.65989082618168,0.0991301176866236
"loglog",16000,985,25,0,640,736.04648339854,-27.8888647691665,763.935348167707,637.915367257807,637.998722583652,2.08388314610443,35.2471379279504,35.0542011744346,35.0542436803306,2.78408750070219,3.59262574426892,0.00421921282448055
"loglog",16000,985,25,1,640,736.408739152945,-27.8405340787954,764.24927323174,637.918454388106,638.001554498267,2.07750275401126,35.2472171512296,35.0540217671845,35.0542436803306,2.79427122834299,3.60151880922432,0.00410599528460784
"loglog",16000,985,50,0,320,439.528587639373,-13.9673527818959,453.495940421269,317.93807621281,317.97928538502,2.06045861049143,25.1114397997859,25.0438447794462,25.0439613479976,4.84203663334349,5.41117612849402,7.14625991594834e-06
"loglog",16000,985,50,1,320,442.548469423854,-13.9146078488723,456.463077272726,317.936935430361,317.978133761428,2.05991655338136,25.1114009760478,25.0437134622253,25.0439613479976,4.9623489391274,5.52972879681688,4.58502237141032e-06
"loglog",16000,986,2,0,8000,7930.09371354836,-333.85099888728,8263.94471243564,7997.47827800465,7998.73909423548,2.52163246164471,102.876834965049,89.4427172501569,89.4427190999916,-0.655002309112491,2.96508901287546,0.703040546864265
"loglog",16000,986,2,1,8000,7826.49236044725,-333.836328219084,8160.32868866633,7997.28483479834,7998.54382328369,2.51797697069517,102.899559054494,89.4406510581137,89.4427190999916,-1.65979792256101,1.80885160683282,0.913178656644595
"loglog",16000,986,5,0,3200,3251.98077917153,-133.510889499821,3385.49166867135,3197.76878201652,3198.21498603121,2.23102007344918,74.3867028902625,71.554169803708,71.5541752799933,0.728786127743658,2.61727140645881,0.248399681666937
"loglog",16000,986,5,1,3200,3308.82351107385,-133.047737029111,3441.87124810296,3197.64175280683,3198.08823072214,2.23238957653982,74.3925473471969,71.5514209520878,71.5541752799933,1.49452817831504,3.40710239065786,0.0840478995353986
"loglog",16000,986,10,0,1600,1670.79571776203,-66.7429888794873,1737.53870664152,1597.86058511338,1598.07449165387,2.1390654049347,54.6199905078663,53.6656185156169,53.665631459995,1.3353193944284,2.59876283634108,0.100208714135427
"loglog",16000,986,10,1,1600,1708.94924750547,-66.5012626541651,1775.45051015964,1597.79074780563,1598.00458358728,2.1383578165239,54.6209300061956,53.663275317216,53.665631459995,2.03508983986973,3.30665479368215,0.0267655058075503
"loglog",16000,986,25,0,640,695.365437685583,-26.684684011134,722.050121696717,637.916681919473,637.999982790978,2.08252178763264,35.2892463626044,35.0541983321278,35.0542436803306,1.62793943446149,2.3977196143352,0.0572027598732537
"loglog",16000,986,25,1,640,734.857931717189,-26.6870063672368,761.544938084426,637.886603367682,637.969906325435,2.08257394383137,35.2884745890794,35.0525596618368,35.0542436803306,2.74796033205462,3.525421052019,0.00461082331367865
"loglog",16000,986,50,0,320,415.499192343545,-13.3680146273222,428.867206970867,317.936816446583,317.978049916997,2.06167352070282,25.1262135727261,25.0438409113226,25.0439613479976,3.8828920885582,4.42780152798909,0.000188829472604703
"loglog",16000,986,50,1,320,422.737410923041,-13.3565681791651,436.093979102207,317.9227639073,317.963971631365,2.06038620328055,25.1253260014849,25.0426426125442,25.0439613479976,4.17167311618353,4.71715422763205,7.39861931819272e-05
"loglog",16000,987,2,0,8000,7766.69104179798,-258.709821956241,8025.40086375422,7997.47298258095,7998.73644965316,2.52693414442741,99.6570083069517,89.4427174304227,89.4427190999916,-2.31576228008109,0.298117218115642,0.967228553514887
"loglog",16000,987,2,1,8000,7613.38471888686,-258.694531249559,7872.07925013642,7997.47934532109,7998.73950771148,2.5203247807759,99.6562803511573,89.4427150419388,89.4427190999916,-3.85419388603313,-1.41610479417661,0.998985314236406
"loglog",16000,987,5,0,3200,3151.51255257837,-103.450708801894,3254.96326138026,3197.77006296709,3198.2160135207,2.22975276801624,73.6820247483767,71.5541703217467,71.5541752799933,-0.627799121246927,0.793066953392072,0.717614416059458
"loglog",16000,987,5,1,3200,3148.2716052616,-103.408344493429,3251.67994975502,3197.76569226134,3198.21248482871,2.23396283684191,73.6817770623965,71.5541668810179,71.5541752799933,-0.671727650621551,0.747230626208298,0.731285296962936
"loglog",16000,987,10,0,1600,1592.08111236548,-51.7314208626537,1643.81253322814,1597.85864118412,1598.07274411851,2.1410293439093,54.3806794641782,53.6656194430615,53.665631459995,-0.106242306561189,0.852310838564958,0.537060396611673
"loglog",16000,987,10,1,1600,1642.67837467895,-51.7136983505879,1694.39207302954,1597.86301642347,1598.07667305044,2.13656626970951,54.3805849229179,53.6656165576475,53.665631459995,0.824105851730181,1.79473201198838,0.213358604130718
"loglog",16000,987,25,0,640,688.078329198554,-20.6717241289324,708.750053327487,637.919511719146,638.002702175787,2.07976141602525,35.2300702016004,35.0542025472776,35.0542436803306,1.42375014277234,2.01822737391565,0.0829678257827791
"loglog",16000,987,25,1,640,715.545557138109,-20.6602477544974,736.205804892606,637.921092465326,638.004218175224,2.07814274743948,35.2300422309222,35.0542004817939,35.0542436803306,2.20335996658697,2.80142138082381,0.0175526248632213
"loglog",16000,987,50,0,320,414.377381557216,-10.3604389482338,424.73782050545,317.93854348382,317.979744129043,2.06003226114786,25.1054534879619,25.0438481366777,25.0439613479976,3.84135017197117,4.26284634029768,0.000217484724828666
"loglog",16000,987,50,1,320,421.547687926033,-10.3611767150492,431.908864641082,317.939482930014,317.980664386666,2.05907283262822,25.1054421002349,25.0438465774622,25.0439613479976,4.12692214629632,4.54914942487084,8.65630425830236e-05
"loglog",16000,988,2,0,8000,7832.91276185659,-313.707207508832,8146.61996936542,7997.4627278753,7998.73132051409,2.53718527756864,101.63566792712,89.4427172563739,89.4427190999916,-1.61901790360352,1.65344539374221,0.904750216371012
"loglog",16000,988,2,1,8000,7855.62133353347,-312.659948748699,8168.28128228217,7997.0424626458,7998.30508668499,2.52524807838227,101.665161311769,89.4384421998473,89.4427190999916,-1.39104809639402,1.90048251530783,0.870174039495245
"loglog",16000,988,5,0,3200,3155.82192666161,-125.459888761454,3281.28181542307,3197.75906753474,3198.20721515993,2.24073812592942,74.1132084136308,71.5541699391719,71.5541752799933,-0.56585245424912,1.16100292035754,0.698949676293687
"loglog",16000,988,5,1,3200,3247.1456200126,-125.466909513719,3372.61252952632,3197.48655620588,3197.93343111416,2.23437454140762,74.1191866231759,71.5481279716587,71.5541752799933,0.66998932488536,2.44142094788761,0.267721792596424
"loglog",16000,988,10,0,1600,1675.86596230759,-62.7074212188608,1738.57338352646,1597.85332687222,1598.06795965987,2.14632787650593,54.5269645143932,53.665618730424,53.665631459995,1.43071663955886,2.6181646124753,0.085759503137742
"loglog",16000,988,10,1,1600,1703.64823471201,-62.5283044897752,1766.17653920179,1597.70341786739,1597.91737283626,2.13954968866966,54.5263420129723,53.6604409886116,53.665631459995,1.94300246327573,3.13562772250117,0.0328219635948254
"loglog",16000,988,25,0,640,704.45340613615,-25.0131528724873,729.466559008638,637.917300044633,638.000576835077,2.08191976109235,35.2662256022788,35.0541993955547,35.0542436803306,1.8866806684075,2.60927317556023,0.0345384456999219
"loglog",16000,988,25,1,640,738.13209562434,-24.9100808295164,763.042176453856,637.850954842984,637.934215615251,2.08151930665458,35.2637997463888,35.0505627955394,35.0542436803306,2.84374178343118,3.56935669102943,0.00360420713225921
"loglog",16000,988,50,0,320,391.722108205972,-12.4704664621776,404.192574668149,317.933128920277,317.974436339542,2.06537096324617,25.1181350786178,25.0438418129217,25.0439613479976,2.93767746111487,3.44268818548925,0.00298258110784781
"loglog",16000,988,50,1,320,468.161251240003,-12.4456895349311,480.606940774934,317.901527340534,317.942786087233,2.06293733497793,25.115910904911,25.041185126987,25.0439613479976,5.98265077736392,6.49586486673095,8.11108287159864e-08
"loglog",16000,989,2,0,8000,7587.63373087665,-403.514194042965,7991.14792491961,7997.48462120397,7998.74226727547,2.51529214300109,101.685163442077,89.4427173529417,89.4427190999916,-4.03058692589695,-0.0849073304190382,0.99951061106035
"loglog",16000,989,2,1,8000,7546.71497746787,-404.810231303867,7951.52520877173,7996.96766454502,7998.22737244911,2.51941580818464,101.636023677722,89.437539076806,89.4427190999916,-4.43005020055548,-0.522176304932488,0.999859536765394
"loglog",16000,989,5,0,3200,3119.59094531877,-161.452176630505,3281.04312194928,3197.77445986842,3198.21952896086,2.22534546218126,74.1240747359612,71.5541700685522,71.5541752799933,-1.05476547030292,1.15749498469585,0.83650522909144
"loglog",16000,989,5,1,3200,3011.1703445029,-160.691515555354,3171.86186005825,3197.43786288268,3197.88491750059,2.23527308951374,74.1019753351714,71.5470598651775,71.5541752799933,-2.51366468352942,-0.363719452502669,0.991221528955572
"loglog",16000,989,10,0,1600,1645.79066399045,-80.7280050118295,1726.51866900228,1597.86729945733,1598.08053560707,2.1323614973772,54.5306596006545,53.6656190777406,53.665631459995,0.878833391785,2.39330386199685,0.197986109740062
"loglog",16000,989,10,1,1600,1573.14064041219,-80.2695110455281,1653.41015145772,1597.67926139115,1597.89285642372,2.13595032570108,54.5188212901678,53.6595060133486,53.665631459995,-0.450094488440242,1.03462180624966,0.666483432057311
"loglog",16000,989,25,0,640,698.423795987844,-32.2877307619696,730.711526749813,637.918547054418,638.001775041549,2.08069967828024,35.2671419702385,35.0542010466974,35.0542436803306,1.71562665850511,2.64475437864811,0.0485144895431464
"loglog",16000,989,25,1,640,717.085336417831,-32.0149606678004,749.100297085631,637.842298034493,637.925430785173,2.07831876701378,35.2613506892952,35.0499138088448,35.0542436803306,2.24730581314332,3.17190127504403,0.0158943687818155
"loglog",16000,989,50,0,320,408.855473231025,-16.1202758500364,424.975749081062,317.938075043355,317.979284253927,2.06046052859787,25.11845805029,25.0438448155472,25.0439613479976,3.61954535607415,4.27236574955582,0.00042919988088792
"loglog",16000,989,50,1,320,425.026829527944,-15.9551159318018,440.981945459745,317.899258118047,317.940440912007,2.05913969801698,25.1147863886226,25.0407106071991,25.0439613479976,4.26551792048797,4.91365866080351,5.45164353842006e-05
"loglog",16000,990,2,0,8000,7589.84464639043,-333.596220264792,7923.44086665523,7997.47793238191,7998.73892258642,2.52198040902585,101.811324276178,89.4427171667635,89.4427190999916,-4.00381086180269,-0.841857876374731,0.999478108765691
"loglog",16000,990,2,1,8000,7628.25970388784,-334.035463760713,7962.29516764856,7997.46486073919,7998.72460918016,2.51949688195086,101.804441109341,89.4425603323018,89.4427190999916,-3.62661149973613,-0.407294261213726,0.998483787249055
"loglog",16000,990,5,0,3200,3000.5099756338,-133.423421838422,3133.93339747222,3197.77287646884,3198.21826257603,2.22693053596486,74.1517698291309,71.5541699029311,71.5541752799933,-2.66025883521861,-0.898408369365768,0.994027463483058
"loglog",16000,990,5,1,3200,3002.56413009179,-133.503535055578,3136.06766514737,3197.76452881778,3198.20957819883,2.22524690524911,74.1492160317653,71.5539520111443,71.5541752799933,-2.6325348961527,-0.868462346311511,0.993558122445354
"loglog",16000,990,10,0,1600,1474.75062724026,-66.7679818542784,1541.51860909454,1597.86764879933,1598.08084983271,2.1320103338365,54.5400667562519,53.6656187947075,53.665631459995,-2.25736836937325,-1.05397537582762,0.987025312370097
"loglog",16000,990,10,1,1600,1499.06717849807,-66.8893327754132,1565.95651127349,1597.85884569276,1598.0723683417,2.13522648939865,54.5389899938484,53.6654336335782,53.665631459995,-1.81139524596675,-0.598445869039198,0.962102083568534
"loglog",16000,990,25,0,640,722.826939351867,-26.6888655815024,749.51580493337,637.919920428874,638.003092795766,2.07930917231215,35.2694649823841,35.0541998585971,35.0542436803306,2.40738040583836,3.1811512625428,0.0108552051865576
"loglog",16000,990,25,1,640,658.205200856353,-26.7526933692689,684.957894225622,637.921379229382,638.004397621366,2.0754597996062,35.2691011134339,35.0540695561867,35.0542436803306,0.575115922623992,1.33945921825129,0.281500578206677
"loglog",16000,990,50,0,320,408.630634837364,-13.3565011660079,421.987136003371,317.940660436517,317.981817052235,2.05783078588194,25.1192681529385,25.043840988005,25.0439613479976,3.61037486636479,4.15293001584506,0.00044100057123725
"loglog",16000,990,50,1,320,398.511915960857,-13.4051199450928,411.917035905949,317.941354520576,317.98247274807,2.0559113747018,25.1190899607168,25.0437453407743,25.0439613479976,3.20754301076526,3.75081929159145,0.00142762603515251
"loglog",16000,991,2,0,8000,7617.35775984293,-325.828249242098,7943.18600908503,7997.47330840914,7998.73660998487,2.52660315144965,103.640586193081,89.4427170425026,89.4427190999916,-3.66763217508307,-0.62107461330185,0.998868832973079
"loglog",16000,991,2,1,8000,7784.02362147917,-325.901704464434,8109.9253259436,7997.2287511625,7998.48646637824,2.51543043147809,103.666197072755,89.4400606056852,89.4427190999916,-2.05665043865463,1.24596136016339,0.955611811315646
"loglog",16000,991,5,0,3200,3154.27421536804,-130.276485586574,3284.55070095462,3197.77605087093,3198.22080042284,2.22374775953171,74.5561299112859,71.5541696340941,71.5541752799933,-0.583477650391086,1.20649713319632,0.705715019263453
"loglog",16000,991,5,1,3200,3117.82565865775,-129.944224697091,3247.76988335484,3197.61067145902,3198.05583136775,2.22579954365799,74.5627134374073,71.5505750527065,71.5541752799933,-1.07003901981443,0.694809957159272,0.841982999526315
"loglog",16000,991,10,0,1600,1610.69629240546,-65.1760460499914,1675.87233845545,1597.86392058785,1598.07749313109,2.13572543239545,54.677709120951,53.6656182569477,53.665631459995,0.234691102167871,1.44962171034507,0.4068039101908
"loglog",16000,991,10,1,1600,1632.29792655055,-64.9886781142842,1697.28660466484,1597.78219647499,1597.99470758677,2.12511111784779,54.6785375082563,53.6625448738876,53.665631459995,0.631248230996565,1.85030168269901,0.269550936276347
"loglog",16000,991,25,0,640,657.088015964173,-26.0302063993539,683.118222363527,637.921220345031,638.004339080404,2.07796838433231,35.3035465909429,35.0541974070832,35.0542436803306,0.542914167837735,1.28697521609801,0.29193444150296
"loglog",16000,991,25,1,640,652.028442271361,-26.0005058020642,678.028948073425,637.885481035283,637.968471192443,2.07475392898568,35.3024425677504,35.052069487516,35.0542436803306,0.400622739033852,1.14288478445617,0.341449833927658
"loglog",16000,991,50,0,320,375.672508872112,-13.0167874808007,388.689296352913,317.939278711703,317.980461775115,2.05915317059525,25.1312269608722,25.0438360477858,25.0439613479976,2.29727065257485,2.82340271046655,0.0143464834229576
"loglog",16000,991,50,1,320,392.129520314239,-12.9925663897614,405.122086704,317.923092743877,317.964204472925,2.05558645239198,25.1300507405804,25.0422921089683,25.0439613479976,2.95289605008765,3.48042750447201,0.00285699178942281
"loglog",16000,992,2,0,8000,7884.38623568878,-276.705454854167,8161.09169054295,7997.48043704321,7998.74017699044,2.51947989445761,99.9877412744203,89.4427173291253,89.4427190999916,-1.1310806696197,1.81514513870476,0.815225830311335
"loglog",16000,992,2,1,8000,7804.61168885792,-277.42292699623,8082.03461585415,7997.19854022827,7998.46128518995,2.52548992335132,100.010965428368,89.4400443426775,89.4427190999916,-1.92565735712536,0.934406185488984,0.937765009419286
"loglog",16000,992,5,0,3200,3186.62627457128,-110.781111992361,3297.40738656364,3197.77133482019,3198.21702974165,2.22847460731181,73.7536847408735,71.5541701907433,71.5541752799933,-0.15111191106007,1.38622747713473,0.553317069383971
"loglog",16000,992,5,1,3200,3195.31591126616,-110.889371415881,3306.20528268204,3197.59315664515,3198.03853129456,2.22687324701401,73.7588132957771,71.5503113254848,71.5541752799933,-0.0308742139039496,1.5117579418408,0.510065979046814
"loglog",16000,992,10,0,1600,1660.69483231929,-55.4054827804354,1716.10031509973,1597.86117413459,1598.075022879,2.13848744409776,54.4049608581633,53.6656191124682,53.665631459995,1.15492516111748,2.19927197659607,0.134240676356159
"loglog",16000,992,10,1,1600,1673.07433726117,-55.4285013101548,1728.50283857132,1597.76310762887,1597.97672506252,2.13617433647674,54.405067014789,53.6623117129955,53.665631459995,1.38426866769272,2.43236098748226,0.0935055549590024
"loglog",16000,992,25,0,640,705.086944409241,-22.1394160487415,727.226360457983,637.919355903639,638.002551182474,2.07988197087211,35.2360651340849,35.0542005441308,35.0542436803306,1.90621706056019,2.54531005957996,0.0332886700586281
"loglog",16000,992,25,1,640,703.768663251954,-22.1253890639014,725.894052315855,637.876965138891,637.960135728655,2.07926474410411,35.2346246279262,35.0518615203615,35.0542436803306,1.87008372613223,2.50868036027471,0.0359331896040781
"loglog",16000,992,50,0,320,401.615745271553,-11.03182155397,412.647566825523,317.93615988509,317.97740758916,2.06238520351939,25.107555604659,25.0438456441267,25.0439613479976,3.33284477007933,3.78017659833985,0.00100533692198376
"loglog",16000,992,50,1,320,407.383106258383,-11.0547134412259,418.437819699609,317.915703843963,317.956922167157,2.06091615969863,25.1061682056169,25.0421356249551,25.0439613479976,3.56356261464079,4.01247317869804,0.000512215053150018
"loglog",16000,993,2,0,8000,7633.5980838936,-364.249578870951,7997.84766276455,7997.47549363832,7998.7377057841,2.52442429155231,99.4782057110154,89.4427175041685,89.4427190999916,-3.65786060518408,-0.00995098365056722,0.99825476474938
"loglog",16000,993,2,1,8000,7786.35706476186,-363.44996601262,8149.80703077447,7997.40323205589,7998.66415032503,2.52183653827403,99.4635305428574,89.4419980260992,89.4427190999916,-2.12184472180078,1.68984239825843,0.953822441216095
"loglog",16000,993,5,0,3200,3037.7226798302,-145.762312820621,3183.48499265082,3197.76528433968,3198.2121896607,2.23452660508638,73.6433597096726,71.554170245391,71.5541752799933,-2.1732116125666,-0.205818849682279,0.978832710336683
"loglog",16000,993,5,1,3200,3092.79952371967,-145.2914850246,3238.09100874427,3197.7099344199,3198.15842657371,2.2424607690516,73.6376706344628,71.5531504504394,71.5541752799933,-1.42468399388952,0.558082794666348,0.906876803038444
"loglog",16000,993,10,0,1600,1524.22642989638,-72.8880903362489,1597.11452023262,1597.86221367263,1598.07595915406,2.13745481427836,54.3675851096626,53.6656194316526,53.665631459995,-1.35440600548523,-0.0179153605533151,0.905536889564741
"loglog",16000,993,10,1,1600,1614.49458604866,-72.5337815168259,1687.02836756549,1597.82929588768,1598.04365272028,2.14356832603329,54.3649139016074,53.664735478427,53.665631459995,0.306544956387617,1.65815994529552,0.381115227867715
"loglog",16000,993,25,0,640,688.12529262183,-29.1944346820258,717.319727303856,637.920657066697,638.003801071761,2.07860012660744,35.2268362344061,35.054201707613,35.0542436803306,1.42518150710617,2.26266531166987,0.0827769529720551
"loglog",16000,993,25,1,640,724.983543920264,-29.114378737116,754.09792265738,637.904019781432,637.987369486172,2.08374261848845,35.2257379522953,35.0535760447067,35.0542436803306,2.47204258025083,3.31237397928025,0.00936369496272998
"loglog",16000,993,50,0,320,413.36896145287,-14.5575146935014,427.926476146371,317.939265796767,317.980451676825,2.05929400289727,25.104318454625,25.043846893101,25.0439613479976,3.8013258885553,4.3901412166768,0.000246711807617163
"loglog",16000,993,50,1,320,463.361973277086,-14.5058943393751,477.867867616461,317.930418251531,317.971664175342,2.06229619053698,25.1036942968641,25.0433907944251,25.0439613479976,5.79323319132844,6.38476653395971,1.79035494562995e-07
"loglog",16000,994,2,0,8000,7737.54011931821,-312.630397320573,8050.17051663878,7997.47414974382,7998.73703044898,2.52576141032206,102.542187054443,89.4427171988294,89.4427190999916,-2.53489844416519,0.57504386942396,0.98109356403461
"loglog",16000,994,2,1,8000,7737.16721001249,-313.405222200998,8050.57243221348,7997.37494452432,7998.63350983636,2.5171306240823,102.55811653106,89.4416407858486,89.4427190999916,-2.5371734906328,0.580701806460385,0.981232272773587
"loglog",16000,994,5,0,3200,3098.71511975536,-125.062381392894,3223.77750114826,3197.76716562216,3198.21369240153,2.23263389685385,74.3127306815391,71.5541696818466,71.5541752799933,-1.33290817008561,0.357265116210465,0.893650160779717
"loglog",16000,994,5,1,3200,3090.30258489894,-125.619399808337,3215.92198470727,3197.70312890499,3198.14865898741,2.22765041210991,74.3173569712168,71.5526605394353,71.5541752799933,-1.44516097427483,0.248395036409095,0.912083891347353
"loglog",16000,994,10,0,1600,1500.8445718594,-62.5656924957109,1563.41026435511,1597.86566036475,1598.07905889437,2.13398529613064,54.5948107948903,53.665618281511,53.665631459995,-1.7771119103216,-0.646015002704257,0.959317515807237
"loglog",16000,994,10,1,1600,1509.90796501804,-62.7671841198344,1572.67514913788,1597.82955782156,1598.04269870713,2.13140885566706,54.5958717024063,53.6643335220247,53.665631459995,-1.61040734513352,-0.472707809905881,0.942484685031897
"loglog",16000,994,25,0,640,651.577186084615,-24.9800460582147,676.557232142829,637.924777118965,638.007754081223,2.07442405644384,35.2830112272452,35.0541980852667,35.0542436803306,0.386940017044447,1.09971073843532,0.346031621028888
"loglog",16000,994,25,1,640,622.157963345406,-24.9755802161627,647.133543561568,637.906523282628,637.989574760253,2.07628694062114,35.2827354326843,35.0533033167244,35.0542436803306,-0.446353145358267,0.260858975791674,0.665861289074613
"loglog",16000,994,50,0,320,361.781162633971,-12.4835856379359,374.264748271907,317.942246903877,317.983371284045,2.05621900840751,25.1240227515636,25.0438388335196,25.0439613479976,1.74490033557088,2.24731429402637,0.0456713219264073
"loglog",16000,994,50,1,320,356.989785527423,-12.4418610251602,369.431646552583,317.935749613592,317.976835854109,2.05431202585569,25.1235873307586,25.0431821910664,25.0439613479976,1.55447689056797,2.05464346766717,0.0651138525781554
"loglog",16000,995,2,0,8000,7861.00250248524,-299.308104778452,8160.31060726369,7997.47231607737,7998.73611516566,2.52759817658677,100.342452707746,89.4427173584372,89.4427190999916,-1.36004063992345,1.80645777397979,0.860854004189611
"loglog",16000,995,2,1,8000,7719.67236109533,-298.825366341767,8018.4977274371,7997.39921136655,7998.66278185854,2.52714098399193,100.356024113919,89.4419927503405,89.4427190999916,-2.76741583500713,0.221763234121125,0.986838736894759
"loglog",16000,995,5,0,3200,3264.2500418443,-119.778075613724,3384.02811745803,3197.75909800418,3198.20724030244,2.24071149131004,73.8307181044841,71.5541701648362,71.5541752799933,0.900586443518344,2.59692589163591,0.202971547564008
"loglog",16000,995,5,1,3200,3143.04957135924,-119.504360805167,3262.5539321644,3197.70737421103,3198.15647237769,2.24549083329229,73.8346170531345,71.5531552979902,71.5541752799933,-0.740273397943736,0.899994689521662,0.752608851711966
"loglog",16000,995,10,0,1600,1643.68548463394,-59.8371044121213,1703.52258904606,1597.85642763987,1598.07075117293,2.14323533064685,54.4310751035951,53.6656191398336,53.665631459995,0.841964942027021,1.96497943307714,0.208307483382566
"loglog",16000,995,10,1,1600,1640.57916242687,-59.6459988458342,1700.22516127271,1597.82525034007,1598.04004121235,2.14790872281729,54.4320852041873,53.664743103869,53.665631459995,0.78545423946964,1.90413880976889,0.224120526751269
"loglog",16000,995,25,0,640,806.714068923002,-23.9144959794777,830.62856490248,637.915053145775,637.998420326879,2.08417952759069,35.2425152472902,35.0542002040395,35.0542436803306,4.78964156198263,5.49520866128344,5.94985827769969e-06
"loglog",16000,995,25,1,640,770.832441525386,-23.8129838219206,794.645425347307,637.900081793919,637.983593132607,2.08778346720012,35.2423957185728,35.0535810715515,35.0542436803306,3.77194447258907,4.4692104893626,0.000227188019518551
"loglog",16000,995,50,0,320,529.384596355662,-11.9791326121924,541.363728967854,317.934666342518,317.975943223056,2.06384402692311,25.1098158905477,25.0438428331774,25.0439613479976,8.42100678614463,8.91986853746186,9.11290964011826e-13
"loglog",16000,995,50,1,320,473.559694915297,-11.9285179640023,485.488212879299,317.929344041023,317.970611292662,2.0633625819488,25.1095424036615,25.0433898109814,25.0439613479976,6.19805603671931,6.68909452158834,3.26642366333553e-08
"loglog",16000,996,2,0,8000,7566.98529414969,-346.373814986019,7913.35910913571,7997.48636505553,7998.74314030799,2.51355050490434,99.848038323406,89.4427174543364,89.4427190999916,-4.31156263192127,-0.954622507034916,0.999735689878137
"loglog",16000,996,2,1,8000,7561.93897911024,-346.077897531529,7908.01687664177,7997.46602613478,7998.72896292028,2.52587357099863,99.8430729648252,89.442640113549,89.4427190999916,-4.36211580925577,-1.0141928521268,0.999773602538799
"loglog",16000,996,5,0,3200,3188.34189582874,-138.55663495487,3326.89853078361,3197.76788970338,3198.21427405918,2.23192177899003,73.7233939637712,71.554170227521,71.5541752799933,-0.127856211818873,1.79841728742373,0.544805412077861
"loglog",16000,996,5,1,3200,3059.11718432473,-138.453397782392,3197.57058210712,3197.75872627456,3198.20591167,2.23592697723429,73.7215874470904,71.554058869466,71.5541752799933,-1.8806098288283,-0.00887901501210067,0.960285325241716
"loglog",16000,996,10,0,1600,1605.61770152303,-69.2520720291799,1674.86977355221,1597.8650927896,1598.07855013345,2.134573438482,54.3946943569242,53.6656192627177,53.665631459995,0.142525090453897,1.43092028888806,0.441833561730979
"loglog",16000,996,10,1,1600,1577.09017179978,-69.2166242136133,1646.30679601339,1597.85225779445,1598.06671073936,2.14452944913976,54.3939627775363,53.6655242873703,53.665631459995,-0.381698352804086,0.898902711090813,0.640459838114949
"loglog",16000,996,25,0,640,709.145654392929,-27.743450338785,736.889104731714,637.91677540567,638.000074216433,2.08247026906492,35.2335301373718,35.0542009958626,35.0542436803306,2.02162198081045,2.82103222170011,0.0261515480980172
"loglog",16000,996,25,1,640,736.420517463794,-27.7328390817197,764.153356545514,637.918236389768,638.001427891128,2.07978753398775,35.2332939787516,35.0541344610374,35.0542436803306,2.79571592521069,3.59877459803218,0.00410236083346719
"loglog",16000,996,50,0,320,400.257553000332,-13.8922093440015,414.149762344333,317.937148096406,317.978376102195,2.06140028946217,25.1066679047522,25.0438459379871,25.0439613479976,3.27882637458015,3.84012050226933,0.00117332435255191
"loglog",16000,996,50,1,320,400.663303638836,-13.9063620835841,414.56966572242,317.938227687996,317.979421351891,2.05968319475067,25.1065560389677,25.0437961731128,25.0439613479976,3.29495912631118,3.85685315847717,0.00112058657405048
"loglog",16000,997,2,0,8000,7838.12466093552,-227.056524253541,8065.18118518906,7997.48428429184,7998.7420996603,2.51563073692352,100.266088513514,89.4427173822407,89.4427190999916,-1.58936711024533,0.742811572291795,0.897480613259048
"loglog",16000,997,2,1,8000,7895.93382409356,-225.983978837309,8121.91780293087,7997.26125168167,7998.52183399112,2.52116461889789,100.286363268019,89.4406139123931,89.4427190999916,-1.01038091607039,1.3796413457159,0.789644027265434
"loglog",16000,997,5,0,3200,3275.93715930009,-90.7862602493096,3366.7234195494,3197.76109967913,3198.20884275134,2.2387153610167,73.814120857003,71.5541703445115,71.5541752799933,1.05909355436756,2.35506296819207,0.164772076072762
"loglog",16000,997,5,1,3200,3212.98671049923,-89.9466438943736,3302.93335439361,3197.62517003698,3198.07234327604,2.23586619531574,73.8189208519135,71.5511726213128,71.5541752799933,0.208097602687383,1.46553868058242,0.422526860033752
"loglog",16000,997,10,0,1600,1734.54929498864,-45.3522681560436,1779.90156314469,1597.86234436879,1598.07607731091,2.13732942112829,54.4254461503484,53.6656195442494,53.665631459995,2.51145301119363,3.38811863867253,0.00909974853591528
"loglog",16000,997,10,1,1600,1727.74270057356,-45.0222359261869,1772.76493649974,1597.78231442884,1597.99623662069,2.13922191847886,54.4258684879431,53.6630367794484,53.665631459995,2.38784221097923,3.25677990601505,0.0123080935919964
"loglog",16000,997,25,0,640,794.539117597365,-18.0948284837791,812.633946081144,637.914659355225,637.998042608695,2.08458133675466,35.2411270123761,35.0542006699971,35.0542436803306,4.44436576012837,4.98188234604132,2.19374391150326e-05
"loglog",16000,997,25,1,640,777.73773504381,-18.0311760221248,795.768911065935,637.883869678715,637.967142594426,2.08182289277867,35.2400915909027,35.0523737227926,35.0542436803306,3.96860107483938,4.50188537071597,0.000118288275049258
"loglog",16000,997,50,0,320,462.895156387267,-9.03746739526472,471.932623782532,317.935851369281,317.977104810511,2.06267206148798,25.1093291791035,25.0438439037168,25.0439613479976,5.77312535846732,6.14743964879818,1.93202968450911e-07
"loglog",16000,997,50,1,320,441.753421237167,-9.01765172160601,450.771072958773,317.917780031112,317.95904911989,2.06345443889462,25.1082648554552,25.0424946613628,25.0439613479976,4.93206686797994,5.30346619355758,5.15676265646962e-06
"loglog",16000,998,2,0,8000,7621.62103107796,-330.231140261953,7951.85217133992,7997.48348023842,7998.74169717549,2.51643387415778,101.273253430976,89.4427171982966,89.4427190999916,-3.71136935396894,-0.524240847151641,0.998730368767033
"loglog",16000,998,2,1,8000,7594.66533276304,-330.244156217862,7924.9094889809,7997.47997843143,7998.73994604317,2.51993522348341,101.273219632095,89.4427171940416,89.4427190999916,-3.97750409369555,-0.825449621595164,0.999400225082222
"loglog",16000,998,5,0,3200,3234.4097455149,-132.076258298422,3366.48600381332,3197.76514631192,3198.21207834828,2.23466018177025,74.0337906930171,71.5541700155684,71.5541752799933,0.494971267308475,2.35169977414913,0.322085148787797
"loglog",16000,998,5,1,3200,3229.96466352256,-132.074852104947,3362.03951562751,3197.76746558495,3198.21393370624,2.23234060641326,74.033779821518,71.5541700092355,71.5541752799933,0.434898745075928,2.2895322788333,0.342118419800778
"loglog",16000,998,10,0,1600,1657.27423516257,-66.0735177854097,1723.34775294798,1597.86420641408,1598.07775109465,2.13544680564696,54.4999844567287,53.665618710093,53.665631459995,1.09009258150636,2.33426921862315,0.14742244396402
"loglog",16000,998,10,1,1600,1650.49145976677,-66.0696449241493,1716.56110469092,1597.86387819815,1598.07745568287,2.13577484723946,54.4999792947299,53.6656187043406,53.665631459995,0.965644065367655,2.20781296980479,0.176109977481981
"loglog",16000,998,25,0,640,711.872256373914,-26.4378259089456,738.310082282859,637.91655723539,637.999864345939,2.08267776372009,35.2595534892249,35.0542002861216,35.0542436803306,2.09746556096134,2.86157485032213,0.0221262183925589
"loglog",16000,998,25,1,640,717.751576216606,-26.434497172209,744.186073388815,637.917047716672,638.000335204713,2.08218720102061,35.2595526243678,35.054200281747,35.0542436803306,2.26419573017387,3.02918729654759,0.0152202792190963
"loglog",16000,998,50,0,320,398.632279729336,-13.1856626277596,411.817942357095,317.937997119492,317.979207623522,2.060525201538,25.1157941749385,25.0438436310541,25.0439613479976,3.21288994677157,3.74697814424993,0.0014085693422676
"loglog",16000,998,50,1,320,399.355753080325,-13.1842539299487,412.540007010274,317.93843833784,317.979640016539,2.06008393496495,25.1157937599296,25.0438436273086,25.0439613479976,3.24167794658278,3.77579290147871,0.0012989099600387
"loglog",16000,999,2,0,8000,7623.50272950907,-331.946021241039,7955.4487507501,7997.47648728771,7998.7382001896,2.52342580377858,103.239587077265,89.4427172947331,89.4427190999916,-3.62238719047532,-0.483990768044856,0.998664477538436
"loglog",16000,999,2,1,8000,7650.35717068349,-329.816276036046,7980.17344671954,7996.73124279542,7997.98715861154,2.5118316322369,103.17806254902,89.4350345836325,89.4427190999916,-3.35705152388736,-0.199180466300878,0.997317644644502
"loglog",16000,999,5,0,3200,3125.61333307451,-132.776806996669,3258.39014007118,3197.76882034748,3198.21501712206,2.23098387285825,74.4670705223546,71.5541699839474,71.5541752799933,-0.968958316297898,0.840972971423182,0.816918783145454
"loglog",16000,999,5,1,3200,3078.25956278479,-133.697870325757,3211.95743311055,3197.2933680002,3197.73874792766,2.22689963726071,74.4376044756802,71.5436851393747,71.5541752799933,-1.5991084889668,0.198741302676707,0.934218462795372
"loglog",16000,999,10,0,1600,1591.22595666487,-66.3977492871536,1657.62370595203,1597.86748315227,1598.08070010316,2.13216950895584,54.647360596957,53.6656186938826,53.665631459995,-0.121534259200105,1.10951866945779,0.543080262354651
"loglog",16000,999,10,1,1600,1603.39159877082,-66.7504518109351,1670.14205058176,1597.59704153692,1597.81043014222,2.13388605293355,54.6312009792125,53.6566924266813,53.665631459995,0.106066810358159,1.34804471107457,0.457373463842135
"loglog",16000,999,25,0,640,653.098330499593,-26.5345150965915,679.632845596184,637.924968630263,638.007938708986,2.07425196805669,35.2960292798257,35.0541994598738,35.0542436803306,0.429888635603617,1.18744423003716,0.330689094702817
"loglog",16000,999,25,1,640,685.818382675864,-26.6158402787253,712.434222954589,637.809701263819,637.892689340915,2.0747019274009,35.2878544674252,35.0479335680217,35.0542436803306,1.36048740102243,2.12684532367657,0.0925600228857494
"loglog",16000,999,50,0,320,400.295791181027,-13.2811729252408,413.576964106268,317.943751257597,317.984845892574,2.05473174887623,25.1285971615288,25.0438405340435,25.0439613479976,3.27722392913795,3.81699117129219,0.00116825749862199
"loglog",16000,999,50,1,320,390.707873562354,-13.331559787276,404.03943334963,317.883696007382,317.924821293074,2.05626428459488,25.123340264522,25.0392684971328,25.0439613479976,2.89866621190541,3.43918242126034,0.00331752649549366
"loglog",16000,1000,2,0,8000,7727.40645465326,-318.395905723705,8045.80236037696,7997.48169479686,7998.74080487729,2.51822016086259,100.743450955625,89.442717406599,89.4427190999916,-2.68082180609998,0.5261641960824,0.984568206972079
"loglog",16000,1000,2,1,8000,7757.24326324786,-319.285487752892,8076.52875100075,7997.2283762555,7998.48446256759,2.51217262417322,100.766124707506,89.4402395140495,89.4427190999916,-2.38160506523643,0.872585861321456,0.972428376784199
"loglog",16000,1000,5,0,3200,3358.12558137796,-127.390916565249,3485.51649794321,3197.76729552422,3198.21379815884,2.23251317313289,73.9180477215342,71.5541700529979,71.5541752799933,2.16940640069189,4.01517758603826,0.0239630184653495
"loglog",16000,1000,5,1,3200,3332.11291734802,-127.266695448316,3459.37961279634,3197.60145389515,3198.04861125156,2.23578678202815,73.9231881434782,71.5506651960884,71.5541752799933,1.81961123202366,3.65239094323707,0.0482204529233138
"loglog",16000,1000,10,0,1600,1705.76744882986,-63.6787925535564,1769.44624138342,1597.86103270272,1598.0748955707,2.13862867974533,54.4606951333013,53.6656190206125,53.665631459995,1.98136318060243,3.19331722879962,0.0302758141227052
"loglog",16000,1000,10,1,1600,1765.1896091429,-63.7592284715492,1828.94883761445,1597.77085958961,1597.98458294872,2.13723359119041,54.4609890640646,53.6625968162541,53.665631459995,3.07410409598612,4.30400816152394,0.00204072206302926
"loglog",16000,1000,25,0,640,751.042336900192,-25.4490346404465,776.491371540638,637.917314966057,638.000591597015,2.08191577395545,35.2498387006811,35.0541999169977,35.0542436803306,3.20923516543493,3.95076140010457,0.00129212886953931
"loglog",16000,1000,25,1,640,789.690950049109,-25.4771176910381,815.168067740147,637.879884697851,637.963101460338,2.08041906219123,35.2485915471758,35.0520804816568,35.0542436803306,4.30686897512141,5.05547641808429,3.61734836254077e-05
"loglog",16000,1000,50,0,320,449.840912395911,-12.6847452982867,462.525657694197,317.934891541767,317.976163932617,2.06361954250291,25.1123839908249,25.0438427023568,25.0439613479976,5.25262838057655,5.77185759707621,1.52605883506472e-06
"loglog",16000,1000,50,1,320,486.092160614881,-12.7167050662134,498.808865681094,317.919274813468,317.96046091461,2.059305057117,25.1111428703305,25.0422871693345,25.0439613479976,6.69714184933069,7.22172074553722,3.66851486511389e-09
