"scen","n","rep","m","oracle","G","HL","C","EF","mu","muEF","d","sdHL","sdEF","sdEF_simple","zHL","zEF","pHL_chisq"
"loglog",4000,751,2,0,2000,2031.09409118036,-62.3907108811235,2093.48480206148,1997.48696727242,1998.7433133272,2.51269210956297,50.6338224399118,44.7213456497159,44.7213595499958,0.663728754585425,2.11848474946071,0.297642019909243
"loglog",4000,751,2,1,2000,2046.4022069225,-62.2327956512437,2108.63500257374,1997.21580227814,1998.47718084499,2.52275713369006,50.6554433125645,44.7162652575776,44.7213595499958,0.97099939173091,2.46348439643204,0.220615169126439
"loglog",4000,751,5,0,800,841.037001516642,-25.1469318745383,866.18393339118,797.778455062746,798.222606617637,2.22075777445784,37.0161775504264,35.7770442887904,35.7770876399966,1.16863893887925,1.89957913305982,0.141163095297977
"loglog",4000,751,5,1,800,881.521121227063,-25.2095578806706,906.730679107733,797.601055648983,798.046974779175,2.22959565096301,37.0187912765227,35.7696816096488,35.7770876399966,2.26695855494617,3.03843085646143,0.0207546896008408
"loglog",4000,751,10,0,400,462.58162847487,-12.4128615502253,474.994490025095,397.862518265389,398.076128580516,2.13610315126938,27.249618029051,26.8327143841848,26.8328157299975,2.37504651039452,2.8665889087209,0.0139356163871906
"loglog",4000,751,10,1,400,473.542399020259,-12.4718289622839,486.014227982543,397.77405647406,397.987036138104,2.12979664043757,27.2471340660984,26.8264236177405,26.8328157299975,2.78078209482119,3.28136143299496,0.00541717604072674
"loglog",4000,751,25,0,160,208.490957845797,-5.07117379563189,213.562131641428,157.923438131456,158.006372891403,2.07336899867411,17.6292599228453,17.5267589967123,17.5271218401653,2.86838585032212,3.16976793943743,0.00438771353175338
"loglog",4000,751,25,1,160,208.491970124605,-5.14302155425532,213.634991678861,157.88485411068,157.967721795182,2.07169211254892,17.6258721105854,17.5223638642879,17.5271218401653,2.87118366095104,3.17692694403713,0.00438710334970004
"loglog",4000,751,50,0,80,111.899188099342,-2.53104661447769,114.430234713819,77.9429498370487,77.9839725538408,2.05113583960439,12.5568368202491,12.5210375910205,12.5219806739988,2.70420319610551,2.91080207171618,0.00715126462290534
"loglog",4000,751,50,1,80,106.951793181352,-2.59829740091361,109.550090582265,77.9196432416464,77.9607058920687,2.05313252111334,12.5538773840755,12.5177096727162,12.5219806739988,2.31260422987182,2.52357543960693,0.0164750898225095
"loglog",4000,752,2,0,2000,1928.04748185065,-92.5371334294563,2020.5846152801,1997.49353060302,1998.74661272042,2.50616423480537,49.9492812452386,44.721347767992,44.7213595499958,-1.39033129248459,0.488312710810445,0.866329584560411
"loglog",4000,752,2,1,2000,1942.29779663508,-92.7491996171777,2035.04699625225,1997.41835479721,1998.67956875729,2.52242792014386,49.937806586891,44.7202359798934,44.7213595499958,-1.10378412528451,0.81322083164584,0.810278542781934
"loglog",4000,752,5,0,800,772.462395528371,-37.0931981088534,809.555593637224,797.775009408774,798.219856315713,2.22423453469452,36.8670879658945,35.7770472969788,35.7770876399966,-0.686591083728111,0.316843847604732,0.735474507655844
"loglog",4000,752,5,1,800,801.752217231233,-37.0373632360398,838.789580467273,797.733999735685,798.17940609473,2.22703179522541,36.861767418666,35.7753982276682,35.7770876399966,0.109007727435052,1.13514248294616,0.456023031622324
"loglog",4000,752,10,0,400,382.186552273681,-18.5449001683695,400.731452442051,397.873492717049,398.086010705869,2.12517988819818,27.1990538103346,26.8327195814958,26.8328157299975,-0.576745814496219,0.0985901458160851,0.706910533855237
"loglog",4000,752,10,1,400,394.958276707199,-18.5247063466216,413.482983053821,397.848540246061,398.061422403068,2.12882157006697,27.1962658923103,26.8313140971488,26.8328157299975,-0.106274278619956,0.574759797262105,0.533646539142805
"loglog",4000,752,25,0,160,167.902563659094,-7.40536839568827,175.307932054782,157.932926942427,158.015488975577,2.06405082876153,17.6168009257686,17.526780116864,17.5271218401653,0.565916408925565,0.98662977249123,0.279894468560874
"loglog",4000,752,25,1,160,171.501357680915,-7.34899299537202,178.850350676287,157.916448407655,157.999309524433,2.07152791946478,17.6154521657964,17.5257986458982,17.5271218401653,0.771192765612808,1.18973414981771,0.218830353104922
"loglog",4000,752,50,0,80,105.194746380701,-3.71850221984351,108.913248600544,77.9430944958843,77.9841152330252,2.05103685704422,12.552486948014,12.5210480792347,12.5219806739988,2.17101614984178,2.47017128053466,0.0218027243165284
"loglog",4000,752,50,1,80,96.2007222497757,-3.67108520158877,99.8718074513645,77.9370154372254,77.9780673509038,2.05259568392427,12.5516476006307,12.5203422198104,12.5219806739988,1.45508441550196,1.74865348854595,0.0793258720970659
"loglog",4000,753,2,0,2000,1877.89938553088,-72.0721959362288,1949.9715814671,1997.47487328713,1998.73727134239,2.52479611052213,51.2645933628169,44.7213445385761,44.7213595499958,-2.33251606835102,-1.09043434132932,0.97312021006493
"loglog",4000,753,2,1,2000,1923.28483370372,-72.1285338093089,1995.41336751303,1997.48154582103,1998.74032699996,2.51756235786141,51.2659762169463,44.7213328979234,44.7213595499958,-1.44728955912838,-0.0743931200468834,0.882272707566195
"loglog",4000,753,5,0,800,776.809181131212,-28.6934446609213,805.502625792133,797.764644859715,798.21155853058,2.23456835432636,37.1547814588815,35.7770438541067,35.7770876399966,-0.564004494325825,0.203791774728088,0.69793741133663
"loglog",4000,753,5,1,800,794.550654391662,-28.7415651646761,823.292219556338,797.765314024164,798.212022016872,2.23353996354033,37.1552683480508,35.7770280613979,35.7770876399966,-0.0865196182245019,0.701013999721412,0.52781234992353
"loglog",4000,753,10,0,400,349.992770420919,-14.1822289500504,364.174999370969,397.864975681797,398.078338333826,2.13362652029402,27.2967020018194,26.8327131560599,26.8328157299975,-1.75377249814602,-1.26350767310314,0.9600585395708
"loglog",4000,753,10,1,400,346.215798959111,-14.2340345221076,360.449833481218,397.867434282018,398.08052842248,2.13094140461891,27.2968937834674,26.832698109625,26.8328157299975,-1.892216591845,-1.40241934625888,0.971138485186905
"loglog",4000,753,25,0,160,145.276300699046,-5.88898363740908,151.165284336455,157.916461526078,157.999675123056,2.0803399244411,17.6408865532839,17.5267569869813,17.5271218401653,-0.71652639388916,-0.38994040892319,0.757461964127227
"loglog",4000,753,25,1,160,145.604814207978,-5.925214692478,151.530028900456,157.911636220845,157.995038883731,2.08506657215697,17.6409357265631,17.5267461847418,17.5271218401653,-0.697628640771901,-0.36886538523067,0.751315520439483
"loglog",4000,753,50,0,80,81.6982212156801,-2.97005241520413,84.6682736308842,77.9304418011365,77.9717081996632,2.06331992633159,12.5608391557481,12.5209855004799,12.5219806739988,0.299962396447003,0.534827344937377,0.365144275741247
"loglog",4000,753,50,1,80,78.928297899494,-2.99061548141164,81.9189133809057,77.9306632941475,77.9719241670401,2.06304364462727,12.5608511783988,12.5209769323873,12.5219806739988,0.0794241243031483,0.315230132215653,0.4493172487981
"loglog",4000,754,2,0,2000,2008.59731016531,-68.1856610993442,2076.78297126465,1997.46793100597,1998.73378717177,2.53171233160385,51.4414403507018,44.7213431764265,44.7213595499958,0.216350457597276,1.74523345117284,0.429405328739939
"loglog",4000,754,2,1,2000,1999.72551035938,-69.6074675729783,2069.33297793236,1997.41271689121,1998.67552983357,2.52562588471588,51.4239184110234,44.7200287838561,44.7213595499958,0.0449750532366542,1.57999558632441,0.484909935223196
"loglog",4000,754,5,0,800,804.381201154505,-27.4168682543231,831.798069408828,797.789741265967,798.231631406925,2.20945070478955,37.1939080400665,35.7770426004596,35.7770876399966,0.177218803720163,0.938211645293239,0.430153457738778
"loglog",4000,754,5,1,800,812.399787337028,-27.8770040031437,840.276791340171,797.723500821543,798.170794966418,2.23647072437517,37.1864755944981,35.7753105118986,35.7770876399966,0.394667316029701,1.17695683898394,0.353843769849609
"loglog",4000,754,10,0,400,449.733905586115,-13.5681132880064,463.302018874121,397.87548321511,398.087796718041,2.12313502930389,27.3100182487588,26.8327128270623,26.8328157299975,1.8988790816118,2.43039988451367,0.0372829702575735
"loglog",4000,754,10,1,400,407.866079034952,-13.959798392911,421.825877427863,397.839452380994,398.053111750349,2.1365936935566,27.3063651554429,26.8312100440554,26.8328157299975,0.367190089082928,0.886011687079327,0.355531341288866
"loglog",4000,754,25,0,160,209.104765586277,-5.40200523749258,214.50677082377,157.922773777024,158.00573043476,2.07391644341325,17.6441755152156,17.5267448569724,17.5271218401653,2.90078682141404,3.22370416469735,0.00403167180683583
"loglog",4000,754,25,1,160,212.321494044859,-5.53695434720527,217.858448392064,157.910696761144,157.993766776625,2.07675038704033,17.6426072486608,17.5257354515377,17.5271218401653,3.08405648421638,3.41581566040279,0.00256266276311568
"loglog",4000,754,50,0,80,127.998702566522,-2.710026657464,130.708729223986,77.9404482029067,77.9815142257927,2.05330114429908,12.561976421978,12.5209824181443,12.5219806739988,3.98490274794933,4.21110846076944,0.000310670561425447
"loglog",4000,754,50,1,80,119.598246665217,-2.74666508262341,122.344911747841,77.9305794675563,77.97174959367,2.05850630568409,12.5610501958157,12.520253545284,12.5219806739988,3.31721206014614,3.54411050812023,0.00172136390964255
"loglog",4000,755,2,0,2000,1930.73165908446,-93.5714512244944,2024.30311030895,1997.46766765238,1998.73367636462,2.53201742447706,49.6749643882123,44.7213480251252,44.7213595499958,-1.34345357646114,0.571750071799423,0.856730375588918
"loglog",4000,755,2,1,2000,1955.58023276403,-93.4453694514129,2049.02560221544,1997.30880021559,1998.56459408531,2.51158773942674,49.6527812941412,44.7180603324509,44.7213595499958,-0.840407452794347,1.12842569098457,0.747068938238051
"loglog",4000,755,5,0,800,725.69416444636,-37.2591950695791,762.953359515939,797.767568682135,798.213908315872,2.23169816868815,36.8077306545295,35.7770472970106,35.7770876399966,-1.95810507613855,-0.985563411849234,0.967903777225711
"loglog",4000,755,5,1,800,750.363899644998,-37.5578173521828,787.92171699718,797.665261028563,798.109185643346,2.219623073911,36.7961467272799,35.7721350946985,35.7770876399966,-1.28549768360657,-0.284787827709924,0.884970973579595
"loglog",4000,755,10,0,400,374.945840214683,-18.6074139916432,393.553254206326,397.868091327526,398.0811547071,2.13063379574289,27.1789430199414,26.8327218965554,26.8328157299975,-0.84338272816661,-0.168745478681957,0.790948794776387
"loglog",4000,755,10,1,400,377.990786225274,-18.6425012258344,396.633287451108,397.808676883099,398.021254688469,2.12577805369936,27.1722115001982,26.8284896905801,26.8328157299975,-0.729344045392879,-0.0517348256785527,0.757324230638703
"loglog",4000,755,25,0,160,170.763760424363,-7.37198870780385,178.135749132167,157.924401239594,158.007308536516,2.07268242304776,17.6118427302881,17.5267922864499,17.5271218401653,0.729018500868661,1.14843836035032,0.230617678262722
"loglog",4000,755,25,1,160,169.496758447371,-7.38253521653809,176.879293663909,157.900056216669,157.982842880812,2.06966660357147,17.608198611947,17.523813308856,17.5271218401653,0.658596741567493,1.07832983894819,0.251753268173526
"loglog",4000,755,50,0,80,95.2266715756479,-3.73219635614188,98.9588679317898,77.9465081412285,77.9874640104609,2.04779346161886,12.5507670191091,12.5210740709694,12.5219806739988,1.37682130567076,1.67488857604892,0.0898710115638441
"loglog",4000,755,50,1,80,95.9450899194409,-3.77412405812879,99.7192139775697,77.9328927946365,77.9738472234508,2.04772144071394,12.5483817771782,12.5189368419877,12.5219806739988,1.43541991665916,1.73699787997862,0.0819915169257129
"loglog",4000,756,2,0,2000,1881.44046403144,-79.0223451539302,1960.46280918537,1997.4915708985,1998.74561834171,2.50809488641941,50.2985623189721,44.7213461025593,44.7213595499958,-2.30724500893516,-0.856029893835226,0.969287237689261
"loglog",4000,756,2,1,2000,1820.3236291321,-75.6385188903316,1895.96214802243,1996.76631560146,1998.03500983314,2.5373884633539,50.320185783439,44.7085901729784,44.7213595499958,-3.50639974241571,-2.28307046622996,0.998061585930501
"loglog",4000,756,5,0,800,741.484679441412,-31.7250625178929,773.209741959305,797.762552005446,798.209890818011,2.23669406282018,36.9429647628212,35.7770462250644,35.7770876399966,-1.52337184969713,-0.69877621258715,0.924029699656433
"loglog",4000,756,5,1,800,757.98678775588,-29.9597820850489,787.946569840929,797.298984762883,797.747524544771,2.24269890944045,36.9360602188218,35.7575021498896,35.7770876399966,-1.06433108388128,-0.274095060185079,0.841845472230682
"loglog",4000,756,10,0,400,366.524675938394,-15.8060174266222,382.330693365016,397.856771818963,398.0709611653,2.14189346336228,27.2247583304728,26.8327171638768,26.8328157299975,-1.15086773223987,-0.586607301234249,0.869210415717558
"loglog",4000,756,10,1,400,392.292233785195,-14.9127971291267,407.205030914322,397.590816273435,397.805893676782,2.15077403347004,27.2127866825282,26.8158001875778,26.8328157299975,-0.194709294202544,0.35050743113362,0.571274983123215
"loglog",4000,756,25,0,160,158.811849911548,-6.3164789743012,165.12832888585,157.912899327833,157.996260464699,2.08402842165848,17.6231347753913,17.5267724539481,17.5271218401653,0.0510096867085572,0.406924232050704,0.466889822915358
"loglog",4000,756,25,1,160,176.771745295145,-6.133207303695,182.90495259884,157.804381778943,157.887635184662,2.08133514296171,17.6123789513133,17.5146791734198,17.5271218401653,1.07693364812523,1.42836287016577,0.14593962157943
"loglog",4000,756,50,0,80,75.3112425126171,-3.2338235458392,78.5450660584563,77.9301304570399,77.9714086206526,2.06390818063461,12.5546613757996,12.5210295454134,12.5219806739988,-0.208598851536602,0.0458155166652329,0.565226641621043
"loglog",4000,756,50,1,80,90.7144361639338,-3.03626933043115,93.750705494365,77.8744270973127,77.9156702329158,2.06215678015202,12.5461948987772,12.5120746464796,12.5219806739988,1.02341858788376,1.26558030613289,0.15383901643598
"loglog",4000,757,2,0,2000,1900.72298819285,-90.7235608037233,1991.44654899657,1997.48975065128,1998.74470875307,2.50991620359109,50.4830524802388,44.7213444329734,44.7213595499958,-1.916816787105,-0.163191868425041,0.939904536897027
"loglog",4000,757,2,1,2000,1964.90643929916,-90.9304249562877,2055.83686425545,1997.37827178862,1998.63436221656,2.51218085588456,50.4634667458492,44.7191499194697,44.7213595499958,-0.643472091463709,1.2791500317402,0.697028977058767
"loglog",4000,757,5,0,800,802.878148069647,-36.300066130184,839.178214199831,797.764384377482,798.21135164481,2.23483633664025,36.983227239782,35.7770451973354,35.7770876399966,0.138272510914464,1.14505997711829,0.444907396376623
"loglog",4000,757,5,1,800,820.95497417329,-36.3888209652303,857.343795138521,797.688271194067,798.13702668202,2.24377743976312,36.9745384846842,35.7741218030016,35.7770876399966,0.629262836880587,1.65501668447758,0.27899720570578
"loglog",4000,757,10,0,400,412.805462231971,-18.1825799169745,430.988042148946,397.853605323389,398.068107687615,2.14502364226054,27.2384073176235,26.8327140189546,26.8328157299975,0.548925520285775,1.22685817163617,0.293924353894488
"loglog",4000,757,10,1,400,435.238520154532,-18.2506733887399,453.489193543271,397.821910154914,398.035753461629,2.13843306715239,27.2336378755589,26.83017737132,26.8328157299975,1.37391156372825,2.06683091632928,0.0960685176726544
"loglog",4000,757,25,0,160,173.844073576505,-7.42804827380385,181.272121850309,157.912463381227,157.995842518828,2.08447844002729,17.626504429224,17.5267739551499,17.5271218401653,0.903843995799003,1.32804128078814,0.183967960532499
"loglog",4000,757,25,1,160,169.260252059135,-7.45307301162402,176.713325070759,157.896789411381,157.980126680223,2.08343172105299,17.6240779768541,17.5249502421267,17.5271218401653,0.644769199425831,1.06894445528897,0.255820822784951
"loglog",4000,757,50,0,80,93.6155751468085,-3.65407071713343,97.2696458639419,77.9355387409161,77.9767096647558,2.05854619198229,12.5558658603231,12.5210386484166,12.5219806739988,1.24882159305649,1.54084151809769,0.109732851158986
"loglog",4000,757,50,1,80,92.2632978448556,-3.63428549535778,95.8975833402134,77.9307156314376,77.9718137627221,2.05490656422328,12.554320396666,12.5197163817621,12.5219806739988,1.1416454065665,1.43180316796987,0.128900272923786
"loglog",4000,758,2,0,2000,2001.81334983463,-88.2783878724179,2090.09173770704,1997.48386612816,1998.74176463197,2.51579700762152,51.2896638312687,44.7213445786523,44.7213595499958,0.0844124017016872,2.04264817920261,0.471766142762759
"loglog",4000,758,2,1,2000,1942.07564371033,-90.7832680666711,2032.858911777,1996.67210674606,1997.92771593491,2.51121837768833,51.3123397455618,44.7062241520619,44.7213595499958,-1.06400260261869,0.781349722653414,0.811247976651965
"loglog",4000,758,5,0,800,873.266212622218,-35.2510038329501,908.517216455168,797.762730730286,798.210027520275,2.23648394994391,37.1603768427215,35.7770447391877,35.7770876399966,2.03182766987253,3.08318335790521,0.0325624378886447
"loglog",4000,758,5,1,800,898.385883954311,-35.8416121715933,934.227496125905,797.250428755154,797.698364014407,2.23967629626679,37.1525250969117,35.7551142195333,35.7770876399966,2.72216908367191,3.81845045363918,0.00752740953440836
"loglog",4000,758,10,0,400,480.419296305254,-17.5904121250409,498.009708430295,397.857626824873,398.071727786003,2.14100961129196,27.2986129115396,26.8327142818022,26.8328157299975,3.02439064387336,3.72448271892009,0.00285313354830114
"loglog",4000,758,10,1,400,473.044884734159,-18.3055799078521,491.350464642011,397.572319396879,397.78614530421,2.13825907331696,27.2851569518998,26.8137018210046,26.8328157299975,2.76606674721822,3.48942193667966,0.0056662457875861
"loglog",4000,758,25,0,160,242.160756392463,-7.12026302669946,249.281019419162,157.910205810949,157.993671284719,2.08663684427393,17.6413624940449,17.526761066739,17.5271218401653,4.77573943678978,5.20845510398846,1.87907736410461e-05
"loglog",4000,758,25,1,160,232.136673761859,-7.22002460881391,239.356698370673,157.792568292318,157.87582034637,2.08130135132114,17.6294515356387,17.5133642405624,17.5271218401653,4.21704017956835,4.65249719614611,0.000112182861157035
"loglog",4000,758,50,0,80,140.464889342909,-3.46964874691346,143.934538089822,77.9311613420299,77.9724178063395,2.06282321547699,12.5610437286191,12.5210191514413,12.5219806739988,4.97838629909406,5.26811112463555,1.87350465721272e-05
"loglog",4000,758,50,1,80,126.304854171745,-3.55570974491669,129.860563916662,77.8706234482732,77.9118307820064,2.06036668666389,12.5517209688982,12.5111826819146,12.5219806739988,3.85877210332247,4.15218404649699,0.00044425475040038
"loglog",4000,759,2,0,2000,1954.26351930222,-107.063908431383,2061.3274277336,1997.46836977524,1998.734017862,2.53129617351853,49.978193565812,44.7213469125697,44.7213595499958,-0.864474031381881,1.39963158967399,0.753778562038498
"loglog",4000,759,2,1,2000,1931.32587394571,-106.87790515275,2038.20377909846,1996.67532448475,1997.92579189507,2.50093482065059,49.9113147188514,44.7056668016711,44.7213595499958,-1.30931134367324,0.900959320930695,0.854545149488322
"loglog",4000,759,5,0,800,771.855859593733,-42.9053220654457,814.761181659179,797.755819335557,798.20450940766,2.24345036051601,36.8733746361435,35.7770487432125,35.7770876399966,-0.702402749881112,0.462773561071327,0.740527983414759
"loglog",4000,759,5,1,800,750.192037139387,-43.2547581197066,793.446795259094,797.256827287648,797.704476668093,2.23824690222314,36.8336715638656,35.7551400462069,35.7770876399966,-1.27776537472393,-0.119078862605397,0.885838882253432
"loglog",4000,759,10,0,400,370.775166097674,-21.4006820557002,392.175848153374,397.860575936303,398.074388381415,2.13812445112135,27.2011857485731,26.8327217727591,26.8328157299975,-0.995743718269726,-0.219826385038209,0.832505418985526
"loglog",4000,759,10,1,400,393.239751185172,-21.5852702268407,414.825021412013,397.575637925287,397.789590143467,2.13952218179791,27.1759167763991,26.8139774461104,26.8328157299975,-0.159548867322147,0.635319072031836,0.55793829333876
"loglog",4000,759,25,0,160,144.784556063779,-8.50322006874661,153.287776132526,157.925488406584,158.008351629505,2.07158057303032,17.6173680468494,17.5267921537368,17.5271218401653,-0.745907805743691,-0.269334824968105,0.766523547805931
"loglog",4000,759,25,1,160,167.184858550074,-8.53444907043915,175.719307620513,157.796685719095,157.879859846358,2.07935318158911,17.6024273692043,17.513599809462,17.5271218401653,0.533345352550831,1.01860542482627,0.293104093902702
"loglog",4000,759,50,0,80,91.772589203683,-4.16342217840853,95.9360113820916,77.9426509717167,77.9836849016969,2.05169649901317,12.5527223737648,12.5210837477399,12.5219806739988,1.10174811647798,1.43376778257194,0.136448764629855
"loglog",4000,759,50,1,80,93.96015624842,-4.22541246151513,98.1855687099352,77.8781123779503,77.9191867195548,2.05371708022319,12.542339751912,12.5113247003566,12.5219806739988,1.28222039815323,1.61984302028408,0.105220449694883
"loglog",4000,760,2,0,2000,1993.33640550327,-71.2818584636774,2064.61826396695,1997.47402555521,1998.73685679163,2.52566247284964,49.6022927738765,44.7213464585572,44.7213595499958,-0.0834159031881277,1.47315348021485,0.525229730959107
"loglog",4000,760,2,1,2000,2027.12493444717,-71.9878727619493,2099.11280720912,1997.05835040808,1998.31296272335,2.50922463054199,49.558163938982,44.713352164835,44.7213595499958,0.606692856420362,2.25435668777799,0.319516985094839
"loglog",4000,760,5,0,800,844.022177421824,-28.6298079150274,872.651985336852,797.762231624271,798.209636581368,2.23702478548171,36.7920802803984,35.7770477704641,35.7770876399966,1.25733433513404,2.08072922151336,0.125654529155753
"loglog",4000,760,5,1,800,845.140938804624,-29.640757010852,874.781695815476,797.500674291912,797.945807626772,2.22566667430192,36.768062330044,35.765314764984,35.7770876399966,1.29569690360823,2.14833529897883,0.120169317766714
"loglog",4000,760,10,0,400,436.959985083699,-14.2726239336164,451.232609017315,397.868910832984,398.08188735586,2.12976522876107,27.1736357767435,26.8327189967127,26.8328157299975,1.43856621071557,1.98081758572312,0.0866468174738121
"loglog",4000,760,10,1,400,438.481000121329,-14.7711830627102,453.252183184039,397.712144226162,397.925632716786,2.13488490623667,27.1590402950895,26.8227216871077,26.8328157299975,1.50111548317624,2.06267473944844,0.0789307603815583
"loglog",4000,760,25,0,160,220.297808864662,-5.77962954957103,226.077438414233,157.935169257909,158.01764386286,2.06186512377667,17.6105360136005,17.5267868996484,17.5271218401653,3.54121189489015,3.88318720031557,0.000778455989871043
"loglog",4000,760,25,1,160,165.217090573835,-5.8593693020873,171.076459875922,157.86002872931,157.942868023771,2.07098236152572,17.6021706207112,17.5196073039901,17.5271218401653,0.417963329810482,0.749651040931709,0.33093064951495
"loglog",4000,760,50,0,80,116.031764090407,-2.89998774887428,118.931751839281,77.9456858480176,77.9866585972981,2.04863746402325,12.5503129944512,12.5210780914482,12.5219806739988,3.03467158621685,3.27009327335385,0.00339074224552225
"loglog",4000,760,50,1,80,95.9635824105741,-2.92870946021826,98.8922918707923,77.9104207045905,77.951429512133,2.05044037712264,12.5446596678554,12.51585821687,12.5219806739988,1.43911131780188,1.67314633929244,0.0817962895110907
"loglog",4000,761,2,0,2000,2073.14068737442,-55.5778593227443,2128.71854669716,1997.45104047166,1998.72535035541,2.54861976748448,51.0424384277045,44.7213447134051,44.7213595499958,1.48287678320771,2.90673720065464,0.118086975646354
"loglog",4000,761,2,1,2000,1946.60568091276,-55.572974409844,2002.17865532261,1997.4536387711,1998.72459204205,2.54190654189359,51.0456456256347,44.7212623626524,44.7213595499958,-0.996127235440545,0.0772353707850695,0.790894968963486
"loglog",4000,761,5,0,800,796.687953890904,-22.2555455995202,818.943499490424,797.733171816847,798.186379889901,2.26604036526849,37.105875251337,35.7770441679717,35.7770876399966,-0.0281685290769511,0.580179835513235,0.506450382653756
"loglog",4000,761,5,1,800,776.182239730377,-22.2934646948108,798.475704425188,797.728139324992,798.181844883178,2.26852779092856,37.106926795802,35.7769318824656,35.7770876399966,-0.580643600942257,0.00821365965575887,0.703487742914197
"loglog",4000,761,10,0,400,440.847900006598,-11.1636579702778,452.011557976876,397.848119191473,398.063166398402,2.15047206928999,27.2800755284398,26.8327113351732,26.8328157299975,1.57623393565379,2.01054566959683,0.0680048779407866
"loglog",4000,761,10,1,400,418.392223427029,-11.1669409197767,429.559164346806,397.84039688216,398.056070274544,2.15673392383448,27.2804450694012,26.8326137974153,26.8328157299975,0.753353784829589,1.17405983293722,0.231374397400157
"loglog",4000,761,25,0,160,209.940549551624,-4.42448426801769,214.365033819642,157.912961852909,157.99631649776,2.08386612127726,17.6368231698086,17.5267619357943,17.5271218401653,2.94994099548373,3.21615125077738,0.00358944202929514
"loglog",4000,761,25,1,160,215.855199652713,-4.44540494647215,220.300604599185,157.910725687769,157.994144712283,2.08547561285667,17.6368659335209,17.5266936372432,17.5271218401653,3.28541783916463,3.55494659611695,0.00152948355623274
"loglog",4000,761,50,0,80,119.295399301014,-2.33095652133403,121.626355822348,77.9338893729486,77.9750885855386,2.05996062950219,12.5594374161693,12.5210002515495,12.5219806739988,3.29326135857137,3.48624441816522,0.00182551668132117
"loglog",4000,761,50,1,80,112.502870657318,-2.33552829977819,114.838398957096,77.9326199250104,77.9738383984682,2.06092367288941,12.5594293246003,12.5209524275518,12.5219806739988,2.75253356174347,2.94422974385791,0.00643014712398694
"loglog",4000,762,2,0,2000,1935.9237639158,-67.9831836131583,2003.90694752896,1997.49458822829,1998.74713181811,2.50508717964678,49.8134183804598,44.7213451042688,44.7213595499958,-1.23602889169789,0.11537702407701,0.836897597284539
"loglog",4000,762,2,1,2000,1943.81854775407,-69.8194506117322,2013.6379983658,1997.17299071694,1998.42088498404,2.49578853419901,49.8302585764233,44.7155934408989,44.7213595499958,-1.07072378284062,0.340308876854584,0.803562388737499
"loglog",4000,762,5,0,800,754.837894365058,-27.2139231684857,782.051817533544,797.764307299319,798.211295405842,2.23494053261382,36.8376832413892,35.7770462326174,35.7770876399966,-1.16528535882601,-0.451671660293911,0.860763622990679
"loglog",4000,762,5,1,800,826.380281110595,-27.1053514318777,853.485632542473,797.580935770462,798.022973964863,2.21019097200261,36.8369018263841,35.7681941255315,35.7770876399966,0.781806935769651,1.55061388849991,0.236136959757709
"loglog",4000,762,10,0,400,403.286340639515,-13.6318642803141,416.918204919829,397.866005155699,398.079271791064,2.13266635364816,27.1890674327052,26.8327176384414,26.8328157299975,0.199357167995251,0.702088151584616,0.416774374565254
"loglog",4000,762,10,1,400,417.34523646666,-13.6629580009007,431.00819446756,397.76211473131,397.97414556855,2.12030837240619,27.1845064289544,26.8250842568047,26.8328157299975,0.720378050141532,1.23146114221917,0.242461313183408
"loglog",4000,762,25,0,160,187.926309259327,-5.40090393647786,193.327213195805,157.923131274633,158.006086059056,2.07386961058722,17.614318666704,17.5267803109938,17.5271218401653,1.70334025132679,2.01526615328161,0.0521298799036369
"loglog",4000,762,25,1,160,181.005775447816,-5.42240852260714,186.428183970423,157.878010948388,157.960840306163,2.07073394437103,17.6098807903208,17.5215340127603,17.5271218401653,1.31334020796662,1.62470612695942,0.101457504400896
"loglog",4000,762,50,0,80,94.8708828952985,-2.80875008597855,97.6796329812771,77.9390210449944,77.9801223756957,2.05506653506214,12.5515863971344,12.5210374486904,12.5219806739988,1.34898181907665,1.57331296917747,0.0939910736296153
"loglog",4000,762,50,1,80,90.801892451895,-2.80953055934786,93.6114230112429,77.9180021532043,77.9590384270498,2.051813692274,12.5480899889681,12.5172523084041,12.5219806739988,1.0267610696144,1.25046489425511,0.152343219073244
"loglog",4000,763,2,0,2000,1863.34493126888,-92.1010602215356,1955.44599149041,1997.48486358354,1998.7422720673,2.51481696751717,50.3229729563943,44.7213472988215,44.7213595499958,-2.66558043839939,-0.968134530643497,0.984972695220934
"loglog",4000,763,2,1,2000,1842.90105519055,-92.3180640242039,1935.21911921476,1997.41174940775,1998.66541479802,2.50733078055046,50.3064344547892,44.7197255184033,44.7213595499958,-3.07139028817589,-1.4187541369671,0.993954335184559
"loglog",4000,763,5,0,800,771.40520839232,-36.7987785138408,808.203986906161,797.767330048196,798.213714366594,2.23192159198997,36.9483262734029,35.7770481881592,35.7770876399966,-0.713486220209453,0.27923691432077,0.744251823299871
"loglog",4000,763,5,1,800,734.323211711775,-36.7086410275956,771.031852739371,797.731419950368,798.17464819539,2.21614122511093,36.9409634120885,35.7748005438976,35.7770876399966,-1.71647413553494,-0.758712698417792,0.947555132670053
"loglog",4000,763,10,0,400,377.820189683525,-18.3775373258809,396.197727009406,397.866178280468,398.079431855669,2.13253575200997,27.2265875333176,26.8327222876975,26.8328157299975,-0.736265188298479,-0.0701272433742576,0.759277375261449
"loglog",4000,763,10,1,400,390.071870313477,-18.4809572768861,408.552827590363,397.833501758273,398.047165016699,2.13663258426175,27.2227776902709,26.8308273237786,26.8328157299975,-0.285115337351099,0.39155194310217,0.602267745852066
"loglog",4000,763,25,0,160,167.166105890495,-7.32049456902551,174.48660045952,157.920770990528,158.003817776462,2.07616964834259,17.6236017334746,17.5267758124723,17.5271218401653,0.524599627237692,0.940434387899729,0.293453595719505
"loglog",4000,763,25,1,160,160.804748765268,-7.45609662412988,168.260845389398,157.911041946282,157.993987285201,2.07363347297833,17.6217509181843,17.5254379317791,17.5271218401653,0.164212218889117,0.585826051489422,0.42296478642238
"loglog",4000,763,50,0,80,94.0354076064632,-3.5287298712156,97.5641374776788,77.9399492167061,77.9810321986124,2.05414909531441,12.5548584439515,12.5210423239734,12.5219806739988,1.28201034377344,1.56401558052173,0.104254544386207
"loglog",4000,763,50,1,80,94.8086498949067,-3.67330324975302,98.4819531446598,77.9311116128347,77.9722443234071,2.05663552861673,12.5536784763984,12.5200500506758,12.5219806739988,1.3444297074999,1.63814910789,0.0947268999205031
"loglog",4000,764,2,0,2000,1829.10135264053,-104.371182413583,1933.47253505411,1997.46415459997,1998.73191774807,2.53552629620891,48.8521345008321,44.7213485340438,44.7213595499958,-3.44637555103293,-1.4592445181809,0.996932420095018
"loglog",4000,764,2,1,2000,1868.26566784344,-103.020395889072,1971.28606373252,1996.81730154071,1998.07733345058,2.52006381975227,48.7942629504003,44.7089449646951,44.7213595499958,-2.63456451484753,-0.599237350360732,0.981595859495912
"loglog",4000,764,5,0,800,785.920893769978,-41.7893954756429,827.710289245621,797.782091136167,798.225529412094,2.21719137963697,36.6311128847114,35.7770502482074,35.7770876399966,-0.323801174250956,0.824124952419856,0.613014787551773
"loglog",4000,764,5,1,800,743.012300605998,-41.2606785003918,784.27297910639,797.342237349961,797.788999629338,2.23381139688576,36.5984733333522,35.7589244747841,35.7770876399966,-1.4844864224009,-0.377976147813932,0.918126197659008
"loglog",4000,764,10,0,400,408.598105274996,-20.919992681996,429.518097956992,397.86583806526,398.079129901752,2.13291836491931,27.1192448352614,26.8327263725428,26.8328157299975,0.395743586332521,1.17166506372647,0.346075843957324
"loglog",4000,764,10,1,400,372.442549320345,-20.6231174126168,393.065666732962,397.624738419807,397.838196324784,2.13457904976628,27.0980614814904,26.8169780634196,26.8328157299975,-0.929298544719265,-0.177966718715864,0.816537660364677
"loglog",4000,764,25,0,160,178.79407975937,-8.31104797061467,187.105127729984,157.924347006511,158.007258543133,2.0727884155653,17.5971529087891,17.5268008279227,17.5271218401653,1.18597212066252,1.6601928368179,0.123192835666543
"loglog",4000,764,25,1,160,174.545784867792,-8.25379335234285,182.799578220135,157.817766309988,157.900905622432,2.07848281111239,17.584732048112,17.5158233624967,17.5271218401653,0.95128083339777,1.42149598579611,0.174294074515286
"loglog",4000,764,50,0,80,112.505211979223,-4.1057013707634,116.610913349986,77.9452344291473,77.9862208910075,2.04932309301377,12.5456885401005,12.5211191279349,12.5219806739988,2.75472943869201,3.08476359535677,0.00642748506701712
"loglog",4000,764,50,1,80,110.232678591686,-4.11751454382405,114.35019313551,77.8865231998134,77.9276476944019,2.05622472942774,12.5370927565988,12.5130383579526,12.5219806739988,2.5800363784377,2.9107675049969,0.00954252042949725
"loglog",4000,765,2,0,2000,1955.55306418919,-74.1028963965232,2029.65596058571,1997.50050853976,1998.75008143547,2.49914579142726,50.5793189438076,44.7213452425637,44.7213595499958,-0.829339841391943,0.691076687935246,0.747208317097473
"loglog",4000,765,2,1,2000,1952.56149998314,-74.3717758082967,2026.93327579143,1997.47289829236,1998.73225216431,2.51870774391088,50.5832024037596,44.7211891257551,44.7213595499958,-0.887871786976539,0.630596461731338,0.762312556849114
"loglog",4000,765,5,0,800,791.041693465988,-29.6308194867652,820.672512952754,797.782044695172,798.225484868849,2.217200868382,37.004290302027,35.7770475428878,35.7770876399966,-0.182150533739995,0.627414211779116,0.562765163245496
"loglog",4000,765,5,1,800,836.267024471509,-29.7381243767867,866.005148848295,797.766108614509,798.211701871789,2.2279662864026,37.0054642267059,35.7768249964691,35.7770876399966,1.0404116435652,1.89489835901304,0.168628312176326
"loglog",4000,765,10,0,400,415.739441467847,-14.7671870550712,430.506628522918,397.871168677324,398.083917998555,2.12749321230957,27.2455838734762,26.8327182984759,26.8328157299975,0.655822715104943,1.20832746662884,0.260047951775176
"loglog",4000,765,10,1,400,432.86489210288,-14.7603021800129,447.625194282893,397.865457133461,398.078485420049,2.13028286588161,27.2459235463214,26.8325253644943,26.8328157299975,1.28457510019491,1.84651679966006,0.110311693150098
"loglog",4000,765,25,0,160,175.67618450709,-5.91235197007996,181.58853647717,157.932238044422,158.014826654042,2.06471524051666,17.6282970829053,17.5267773628099,17.5271218401653,1.00656043968507,1.34501108419101,0.159453900880686
"loglog",4000,765,25,1,160,182.283814428126,-5.85890502138717,188.142719449513,157.926705055162,158.009467170387,2.06905288062278,17.6283097041826,17.5266469510151,17.5271218401653,1.38170418955054,1.71928220859042,0.0903154360570766
"loglog",4000,765,50,0,80,97.5962004215605,-2.91860149190306,100.514801913464,77.942681753804,77.9837104870875,2.05143666417464,12.5565050004598,12.5210445322636,12.5219806739988,1.56520613554781,1.79945781426773,0.0659873517224262
"loglog",4000,765,50,1,80,106.309560267128,-2.8721110733139,109.181671340442,77.9425351542476,77.9835542096912,2.05095277217924,12.5564597833403,12.5209460151353,12.5219806739988,2.25915788385811,2.49167411895543,0.0182702214723431
"loglog",4000,766,2,0,2000,1940.31442904058,-66.2343346106098,2006.54876365119,1997.46380628103,1998.73173454169,2.5358565213082,49.5138480166948,44.7213461603907,44.7213595499958,-1.15420997417103,0.174794137042798,0.818827671558322
"loglog",4000,766,2,1,2000,1900.10841104151,-66.2864505290006,1966.39486157051,1997.46836484069,1998.7323222008,2.52791472022955,49.5116001593251,44.7212844072307,44.7213595499958,-1.96640693263552,-0.723088816855637,0.941094191592404
"loglog",4000,766,5,0,800,770.558534682329,-26.4258895586041,796.984424240933,797.750702232581,798.200419463409,2.2485861541371,36.7730168102742,35.7770497907696,35.7770876399966,-0.739459797126431,-0.0339881356787899,0.751175762441541
"loglog",4000,766,5,1,800,791.814168346391,-26.5785384090347,818.392706755426,797.759736149108,798.207192577505,2.23728214198575,36.7721507535401,35.776953715333,35.7770876399966,-0.161686702596381,0.564204385273575,0.555093969158822
"loglog",4000,766,10,0,400,382.355131612272,-13.2082761500438,395.563407762316,397.853284815837,398.06782836339,2.14543547552875,27.16719290486,26.8327226838576,26.8328157299975,-0.570473116521076,-0.0933345687868052,0.704795765738523
"loglog",4000,766,10,1,400,422.559254449701,-13.1707519529038,435.730006402605,397.861519245482,398.07511361359,2.13594368107218,27.1668256802109,26.8326404559665,26.8328157299975,0.909113765993238,1.4033241659839,0.190323166905663
"loglog",4000,766,25,0,160,153.733558695713,-5.24943838081473,158.982997076528,157.92301013951,158.005975542801,2.07413508227595,17.6089724671527,17.5268002131762,17.5271218401653,-0.237915724589339,0.0557444326313961,0.581058358276459
"loglog",4000,766,25,1,160,159.905689020842,-5.28362625737262,165.189315278215,157.919151175861,158.002250215452,2.07747598976448,17.608846127924,17.5267440958172,17.5271218401653,0.11281476540537,0.410062760286335,0.442650671484353
"loglog",4000,766,50,0,80,82.4327626863273,-2.60234898854948,85.0351116748768,77.9382795592294,77.9794048925829,2.05626666767504,12.5498228478514,12.5211153311162,12.5219806739988,0.358131200861324,0.563504655592444,0.344004954167161
"loglog",4000,766,50,1,80,85.2773834511408,-2.60655771912694,87.8839411702677,77.9380871487743,77.979210982832,2.05619170288765,12.5497549325448,12.5210736507042,12.5219806739988,0.58481590611254,0.791044798852264,0.268133073308621
"loglog",4000,767,2,0,2000,1989.81145881849,-71.1192527929087,2060.9307116114,1997.46896913837,1998.73431440118,2.53069052562052,49.7884460554953,44.7213464004548,44.7213595499958,-0.153800950352006,1.39075413010332,0.547427411819425
"loglog",4000,767,2,1,2000,1956.8568194156,-71.4801555175067,2028.3369749331,1997.393559428,1998.65876279005,2.53040672409189,49.7726025776734,44.719863188411,44.7213595499958,-0.814438826041844,0.663647203436533,0.740476009296894
"loglog",4000,767,5,0,800,821.414037440907,-28.4689217539064,849.882959194813,797.758379710607,798.206551382539,2.24085835965952,36.8322677544188,35.7770464084953,35.7770876399966,0.642253631734691,1.44440117337366,0.275221579661568
"loglog",4000,767,5,1,800,826.880183138355,-29.0487339356129,855.928917073968,797.714840376594,798.161762517726,2.23461070566028,36.8251829026521,35.7748964791082,35.7770876399966,0.791994511985436,1.6147399501205,0.232387649998282
"loglog",4000,767,10,0,400,407.090698155548,-14.2251853606693,421.315883516217,397.864043622198,398.077507422278,2.13463800079249,27.1872600189786,26.8327196810126,26.8328157299975,0.339374196844731,0.866046243921513,0.365657123534568
"loglog",4000,767,10,1,400,402.908597007809,-14.4365473713978,417.345144379207,397.834226935583,398.047855485697,2.13628550113975,27.1835287696063,26.8308594397182,26.8328157299975,0.186670763580166,0.719219931693407,0.421961304554093
"loglog",4000,767,25,0,160,159.291430844273,-5.77296015397172,165.064390998245,157.9178070231,158.000974326717,2.07918259043183,17.6138984297681,17.5267815234603,17.5271218401653,0.0779852243755199,0.403007058773048,0.456228277049164
"loglog",4000,767,25,1,160,156.297447070797,-5.82877442927077,162.126221500068,157.908392822676,157.991458250845,2.07663570422157,17.6121036860598,17.5254785919843,17.5271218401653,-0.091468105150573,0.235928692475978,0.523354388755265
"loglog",4000,767,50,0,80,99.9691970122896,-2.95047040837971,102.919667420669,77.9350627104644,77.9762488890012,2.0593089268412,12.5515136831731,12.5210858768447,12.5219806739988,1.75549617823105,1.99211304650471,0.0475776690834151
"loglog",4000,767,50,1,80,106.517176264942,-3.0049174799572,109.5220937449,77.9331568778654,77.9742639768818,2.05535495082076,12.5504166961765,12.5201705108942,12.5219806739988,2.27753548579667,2.51976039308466,0.0176717137959541
"loglog",4000,768,2,0,2000,1948.90741352845,-96.8178292350251,2045.72524276347,1997.46867197623,1998.73414009002,2.53093622758518,51.6028207747966,44.7213412575544,44.7213595499958,-0.941058215784575,1.05075342894626,0.780089510427956
"loglog",4000,768,2,1,2000,1992.26435372523,-96.8674525430986,2089.13180626832,1997.47604718123,1998.73779374844,2.52349313441331,51.6022787748736,44.7213398760811,44.7213595499958,-0.100997350887172,2.02127245673681,0.531989496136385
"loglog",4000,768,5,0,800,795.967028287539,-38.7871278068319,834.754156094371,797.752453092735,798.201803327328,2.2467511729643,37.2296719359339,35.7770420618567,35.7770876399966,-0.0479570383609199,1.02167062061323,0.51365676870523
"loglog",4000,768,5,1,800,795.872450263281,-38.7761586539126,834.648608917194,797.766431180597,798.212977631977,2.2327322569018,37.229488333666,35.7770402477612,35.7770876399966,-0.0508731385277531,1.01840820349851,0.514602214987393
"loglog",4000,768,10,0,400,419.336808487836,-19.337785933794,438.67459442163,397.857908408761,398.071973038709,2.14064629947607,27.3222109532105,26.8327084382495,26.8328157299975,0.786133308020246,1.51317640842557,0.22163452638763
"loglog",4000,768,10,1,400,407.545824775481,-19.3617039814281,426.907528756909,397.85611051951,398.070352499044,2.1424197953401,27.3221358612277,26.8327068161671,26.8328157299975,0.354647027054769,1.07470246872336,0.359700150443551
"loglog",4000,768,25,0,160,160.498514341366,-7.71053353463011,168.209047875997,157.912178463694,157.995564699198,2.084655887599,17.6471907474478,17.5267598927861,17.5271218401653,0.146557937446582,0.582736526276159,0.429642862301933
"loglog",4000,768,25,1,160,154.047348620965,-7.73434510242775,161.781693723393,157.911913983424,157.995310407703,2.08491060698763,17.6471724294225,17.5267588313301,17.5271218401653,-0.218990627417216,0.216034427821351,0.574029633749877
"loglog",4000,768,50,0,80,102.333430213742,-3.89405763913917,106.227487852881,77.9299454423953,77.9712238610278,2.06392093162791,12.5630695900403,12.521001231389,12.5219806739988,1.94247787902828,2.25670962486747,0.0337619092693654
"loglog",4000,768,50,1,80,100.665035984112,-3.93381526101513,104.598851245127,77.9288778030377,77.9701774527624,2.0649824862326,12.563062165144,12.52100028539,12.5219806739988,1.80976245139945,2.12672096361475,0.043084212801582
"loglog",4000,769,2,0,2000,2027.09014608483,-94.7656950205017,2121.85584110533,1997.47838975257,1998.73901782058,2.52125613602953,49.9370400729325,44.7213458082488,44.7213595499958,0.592981808473519,2.75297670630566,0.319711797056522
"loglog",4000,769,2,1,2000,1934.53898745787,-94.3425528695445,2028.88154032742,1997.36622921983,1998.62986848391,2.52727852814914,49.917212454066,44.7193180609462,44.7213595499958,-1.25862881104935,0.67647882738914,0.842350296327795
"loglog",4000,769,5,0,800,826.988573096255,-37.7995037648154,864.78807686107,797.752091955244,798.201524109748,2.24716077251991,36.8644466899121,35.7770471787296,35.7770876399966,0.793080698781007,1.86115283406926,0.231579303477577
"loglog",4000,769,5,1,800,777.084528978176,-37.9275252954945,815.01205427367,797.695542412186,798.142482283103,2.23469935458501,36.8552321500655,35.774067173729,35.7770876399966,-0.55924253441377,0.471558682680486,0.695486045719893
"loglog",4000,769,10,0,400,391.156263616406,-18.9269293747119,410.083192991118,397.854636919606,398.06904009485,2.14403175243294,27.1981678963602,26.8327185008606,26.8328157299975,-0.246280313024178,0.447742665204926,0.587184365205746
"loglog",4000,769,10,1,400,404.590230386811,-18.9412234629001,423.531453849711,397.823051495511,398.036684113262,2.13632617751726,27.1931833450924,26.8301241905751,26.8328157299975,0.248855707896436,0.950229285386787,0.399011178197808
"loglog",4000,769,25,0,160,205.792834887565,-7.61182988134939,213.404664768915,157.909482918844,157.992981275784,2.08745892350294,17.6165787822639,17.5267753696585,17.5271218401653,2.7180846270179,3.16154468374465,0.00631992795419637
"loglog",4000,769,25,1,160,203.378018617194,-7.6246993719681,211.002717989162,157.894166000235,157.977640784224,2.08686959973261,17.6142282207154,17.5250416714925,17.5271218401653,2.58222228343036,3.02567481429687,0.00867421035008461
"loglog",4000,769,50,0,80,139.866262376238,-3.86793773111601,143.734200107354,77.930130524107,77.9714096694751,2.06395726840297,12.5523906851161,12.5210397595831,12.5219806739988,4.9342100167079,5.25218286185427,2.15834200409318e-05
"loglog",4000,769,50,1,80,121.55702855155,-3.80778229156435,125.364810843114,77.9248310130572,77.9660500698378,2.0609528390314,12.5508803948671,12.5197438026706,12.5219806739988,3.47642525191597,3.78592098371582,0.00117116565659944
"loglog",4000,770,2,0,2000,1988.45165224368,-98.6626429869268,2087.11429523061,1997.47940721876,1998.73952352078,2.52023260404836,51.4294178026415,44.7213411729546,44.7213595499958,-0.175536791213842,1.97612078242582,0.555961856920208
"loglog",4000,770,2,1,2000,1960.79091165196,-98.754397922289,2059.54530957425,1997.48384534582,1998.74085741339,2.51402413513617,51.4273957447133,44.7213071764395,44.7213595499958,-0.713490021466559,1.35963047593764,0.719633477252213
"loglog",4000,770,5,0,800,805.984619279771,-39.4063661736992,845.39098545347,797.787666066186,798.229978844798,2.21156389306086,37.1912675953467,35.7770454050364,35.7770876399966,0.22039994180276,1.31819176443322,0.414541653994567
"loglog",4000,770,5,1,800,790.614224365678,-39.4324099005104,830.046634266188,797.770601834362,798.216108425087,2.22753295362349,37.1904841951296,35.7769972519394,35.7770876399966,-0.192424960942604,0.889692491992907,0.567002428992082
"loglog",4000,770,10,0,400,412.142054362859,-19.8270690596615,431.96912342252,397.876751419643,398.088939890838,2.12188471194126,27.3091193197729,26.8327136695809,26.8328157299975,0.522364078320405,1.26264469367073,0.301881060759651
"loglog",4000,770,10,1,400,421.443355290299,-19.8029790675736,441.246334357873,397.860253332691,398.074034566515,2.13781233823301,27.3088147036322,26.8326757427058,26.8328157299975,0.863571056215444,1.60894501187023,0.200827264015511
"loglog",4000,770,25,0,160,169.560593001349,-7.84284150346144,177.403434504811,157.926159974859,158.008987036261,2.07067653505037,17.6439667218128,17.526760245951,17.5271218401653,0.6594000776541,1.10656203407755,0.250661932198228
"loglog",4000,770,25,1,160,159.682978458065,-7.86460612373848,167.547584581804,157.930724286152,158.013358059958,2.0658443451612,17.6438664614965,17.5267309998902,17.5271218401653,0.0993123687337584,0.543982019345483,0.447562537143906
"loglog",4000,770,50,0,80,111.313004889561,-3.96213914294234,115.275144032504,77.9420169300965,77.9830553323218,2.05192011126886,12.5619544424987,12.5210127436166,12.5219806739988,2.65651241709384,2.97836041411219,0.00792157772502943
"loglog",4000,770,50,1,80,105.474877014721,-3.93686589595932,109.41174291068,77.9433498642309,77.9843587741983,2.05044549837195,12.5619060099052,12.5209906338255,12.5219806739988,2.19166797847246,2.5099758521966,0.0208624332305353
"loglog",4000,771,2,0,2000,1927.62527940563,-68.844236767749,1996.46951617338,1997.46057702554,1998.73011962915,2.53908520721419,49.8523023882755,44.7213460833734,44.7213595499958,-1.40084397859897,-0.0505486451940529,0.86779904115039
"loglog",4000,771,2,1,2000,2007.58479518956,-69.1394195750737,2076.72421476464,1997.44421789402,1998.71246967911,2.53650357017427,49.8452680185476,44.7209887097519,44.7213595499958,0.203441122871908,1.74441011561356,0.435682373871534
"loglog",4000,771,5,0,800,785.300028212423,-27.5737124429214,812.873740655344,797.744091810144,798.195124331688,2.25516260772259,36.8460929992791,35.7770482845096,35.7770876399966,-0.337730885007657,0.410280250257853,0.619012537299154
"loglog",4000,771,5,1,800,788.27661940468,-27.6450776716531,815.921697076333,797.746546684144,798.194611119369,2.24032217612545,36.8432025489618,35.7765158051426,35.7770876399966,-0.25703322795784,0.495495035165379,0.590052107422563
"loglog",4000,771,10,0,400,399.439461647329,-13.7926845181015,413.232146165431,397.85096573811,398.065737091427,2.14771353316917,27.1919414732461,26.8327200598491,26.8328157299975,0.0584178923297087,0.565220709647642,0.470272812163985
"loglog",4000,771,10,1,400,440.701744144165,-13.7474057775445,454.449149921709,397.846565169317,398.061074824245,2.14509654928653,27.1905882139689,26.8322581244577,26.8328157299975,1.57610341628549,2.1015031547444,0.0686427415785971
"loglog",4000,771,25,0,160,174.408168234258,-5.53585905411944,179.944027288377,157.905332084962,157.988999760847,2.09169189712126,17.6150567070983,17.5267855968854,17.5271218401653,0.936859666347023,1.25265567985451,0.176163338082548
"loglog",4000,771,25,1,160,185.883326443495,-5.60245997920221,191.485786422697,157.90514111764,157.988688443043,2.08868313506375,17.6144701390503,17.526437635472,17.5271218401653,1.58836372056569,1.91123254344965,0.0640358537719668
"loglog",4000,771,50,0,80,90.6252620874176,-2.75849958404946,93.383761671467,77.9345510991089,77.9757475662255,2.05982335582599,12.5519164254451,12.5210859161641,12.5219806739988,1.01105763918107,1.23056532064448,0.155375157000899
"loglog",4000,771,50,1,80,105.823504455973,-2.70543531087834,108.528939766852,77.9337192793872,77.9749024608497,2.05915907312831,12.5515970125176,12.5208522976426,12.5219806739988,2.22201088425415,2.44025219527224,0.0197425017674596
"loglog",4000,772,2,0,2000,1952.55094060507,-73.6544316551374,2026.20537226021,1997.4670734831,1998.73336720799,2.5325874497906,51.0636237617788,44.7213450660558,44.7213595499958,-0.879611151131076,0.614292906701314,0.762365005974299
"loglog",4000,772,2,1,2000,1944.86001547623,-74.4506019661131,2019.31061744234,1997.05613392029,1998.31295909869,2.51365035680186,51.0164099542581,44.7127783667608,44.7213595499958,-1.02312409851763,0.469612023914517,0.798882931755078
"loglog",4000,772,5,0,800,802.005471424695,-29.4937867391378,831.499258163833,797.770339721854,798.216120370855,2.22890324500689,37.1105424838139,35.7770466363159,35.7770876399966,0.114122063957669,0.930293048817328,0.453518580467984
"loglog",4000,772,5,1,800,722.083415126148,-30.6512472977421,752.73466242389,797.490597667166,797.939028511845,2.24215422339718,37.0857586521171,35.7654391001966,35.7770876399966,-2.03331913062302,-1.26391195593365,0.974251191934029
"loglog",4000,772,10,0,400,408.971070443744,-14.7082865217106,423.679356965455,397.88060430158,398.09240976283,2.11805461249877,27.2816733763574,26.8327170950444,26.8328157299975,0.40651707793611,0.95357272660809,0.341298797323915
"loglog",4000,772,10,1,400,384.849130934354,-15.2737832677748,400.122914202129,397.71303627817,397.926318480671,2.13282202501004,27.2664107212858,26.8225765643845,26.8328157299975,-0.471785798112889,0.0818935390560046,0.672799785693937
"loglog",4000,772,25,0,160,158.698672017096,-5.88431068622945,164.582982703325,157.930644479313,158.013297363171,2.06632209645057,17.6372083551132,17.5267771079006,17.5271218401653,0.0435458674819256,0.374837045037381,0.469412766552229
"loglog",4000,772,25,1,160,151.558396648728,-6.11758283304316,157.675979481771,157.862206455916,157.944961183367,2.06886818629306,17.6287094225102,17.5195929756157,17.5271218401653,-0.35758770855558,-0.0153531935342632,0.629213280331474
"loglog",4000,772,50,0,80,77.2086762983459,-3.05542526124466,80.2641015595906,77.945051125716,77.9860350787599,2.04919765219393,12.5596468742206,12.5210639020452,12.5219806739988,-0.0586302174531315,0.181938731297313,0.504036587270282
"loglog",4000,772,50,1,80,84.9537890461971,-3.1285552848147,88.0823443310118,77.9099531700273,77.9509556366164,2.05012332945208,12.5538179673644,12.5157262802086,12.5219806739988,0.561091127375062,0.80949267086613,0.276243376369919
"loglog",4000,773,2,0,2000,2004.80532531155,-69.2111145138172,2074.01643982537,1997.48147291768,1998.74055878,2.51817172462797,50.2789552731283,44.7213451771527,44.7213595499958,0.145664370989531,1.68322041180083,0.453003339007225
"loglog",4000,773,2,1,2000,1893.74432876314,-69.3065550092306,1963.05088377237,1997.46870623232,1998.73289784001,2.52838321538809,50.2763046634036,44.7212963503927,44.7213595499958,-2.06308673964018,-0.797875217839656,0.952367024596418
"loglog",4000,773,5,0,800,793.517614342017,-27.7010848394843,821.218699181501,797.767048773634,798.213491479478,2.23221352921845,36.93872722897,35.7770480821749,35.7770876399966,-0.115040088015943,0.643015814194151,0.538126289882536
"loglog",4000,773,5,1,800,786.808267552083,-27.7670942288984,814.575361780981,797.761587748548,798.208784958742,2.235986050972,36.9377429825303,35.776975768899,35.7770876399966,-0.296534636716851,0.457461159600484,0.604401301279224
"loglog",4000,773,10,0,400,399.330066897289,-13.7681511548044,413.098218052094,397.866908587128,398.080085904909,2.13177317781602,27.2233303924849,26.8327197485667,26.8328157299975,0.0537464846904136,0.559694741640449,0.47181180841218
"loglog",4000,773,10,1,400,404.111821338465,-13.8863168582438,417.998138196709,397.861603349006,398.07521388073,2.13610531723468,27.2229149227344,26.832655626097,26.8328157299975,0.229594002229324,0.74248798156984,0.405502052833153
"loglog",4000,773,25,0,160,177.094865010392,-5.5815443430778,182.67640935347,157.923364256768,158.006308516039,2.07360648178047,17.6228091172874,17.5267791602,17.5271218401653,1.0878799529649,1.40756613704883,0.142115303056751
"loglog",4000,773,25,1,160,177.236801066888,-5.56281871525172,182.799619782139,157.920947475126,158.003971396269,2.07559802857544,17.6226625248367,17.526732865956,17.5271218401653,1.09608032069721,1.41473305809514,0.140458470185637
"loglog",4000,773,50,0,80,103.781031072579,-2.73600227164017,106.517033344219,77.9417844195335,77.9828318625967,2.0523721531623,12.5545883322897,12.5210507919079,12.5219806739988,2.0581516469631,2.27889830940258,0.027141811175387
"loglog",4000,773,50,1,80,103.321275410462,-2.76878963355077,106.090065044013,77.9390378606572,77.9801359938495,2.05490665961324,12.5545189784421,12.5210176590362,12.5219806739988,2.02176105618941,2.24501951962965,0.0291093867085638
"loglog",4000,774,2,0,2000,1867.30689712669,-56.3724175124889,1923.67931463918,1997.4695291948,1998.73459747625,2.53013656291112,49.3975176520021,44.7213454282926,44.7213595499958,-2.63500350331533,-1.67828767489607,0.982299862331303
"loglog",4000,774,2,1,2000,1932.42150820875,-56.3503459684414,1988.7718541772,1997.4659155807,1998.73233066806,2.53283017471176,49.3962076817077,44.7213291516662,44.7213595499958,-1.31678949507768,-0.222723176609596,0.850458661822824
"loglog",4000,774,5,0,800,775.819804485898,-22.4579120788771,798.277716564775,797.75066824022,798.200389641639,2.24860700709368,36.7479586819579,35.7770488588791,35.7770876399966,-0.596791346809958,0.00216135555062042,0.706676280119072
"loglog",4000,774,5,1,800,734.839956967186,-22.4551299765083,757.295086943695,797.748732256014,798.198720877224,2.24994310605014,36.7474472689419,35.7770229062597,35.7770876399966,-1.71192232288735,-1.14329339365944,0.946074313337517
"loglog",4000,774,10,0,400,413.938628099903,-11.2971964656938,425.235824565597,397.844424177033,398.059852320924,2.15428143891587,27.1587203805026,26.8327206350482,26.8328157299975,0.592598019987134,1.012792277544,0.280581721472407
"loglog",4000,774,10,1,400,410.707160987556,-11.3272725872306,422.034433574787,397.852382199183,398.066978695791,2.14596496608181,27.1585123826506,26.8326970931527,26.8328157299975,0.473324113164076,0.893218255167954,0.319442828472225
"loglog",4000,774,25,0,160,181.711710115403,-4.4855455237803,186.197255639183,157.912511588238,157.995895987071,2.08460997082304,17.6068713094378,17.5267968964064,17.5271218401653,1.35169946487928,1.60904241766474,0.0951789594484797
"loglog",4000,774,25,1,160,184.110751971737,-4.48840011208612,188.599152083823,157.912374522552,157.995758682874,2.084604008054,17.6068113474148,17.5267813786284,17.5271218401653,1.4879683170475,1.74609317819565,0.0760778837155353
"loglog",4000,774,50,0,80,100.906891854909,-2.22018864920092,103.12708050411,77.9309578892023,77.972225205327,2.06336580623742,12.5490183196579,12.5210774719013,12.5219806739988,1.83089492583774,2.00900085118337,0.0416095713792801
"loglog",4000,774,50,1,80,102.223977756977,-2.21994437784127,104.443922134818,77.9349422776988,77.9761283274747,2.05930248879302,12.5489905812011,12.521065174612,12.5219806739988,1.93553699176918,2.11386119617123,0.0343150528075744
"loglog",4000,775,2,0,2000,1899.96971651876,-124.994600301105,2024.96431681986,1997.48962483919,1998.74464856934,2.51004746031461,50.4354633429025,44.7213451918684,44.7213595499958,-1.9335582912643,0.586289793789328,0.9413601290297
"loglog",4000,775,2,1,2000,1876.44068115073,-125.47849403695,2001.91917518768,1997.49092441172,1998.74008414307,2.4983194627082,50.4406399776556,44.7211554838683,44.7213595499958,-2.39985542044291,0.0710869611979724,0.974579906073102
"loglog",4000,775,5,0,800,782.427120655218,-49.9555606242228,832.382681279441,797.788123340367,798.230341330938,2.21108995285842,36.9728414934057,35.7770446492458,35.7770876399966,-0.415467193342133,0.954588068503929,0.646414665670807
"loglog",4000,775,5,1,800,773.992593398443,-50.1578990765843,824.150492475027,797.777802501933,798.220809666409,2.21503582237986,36.9744150670811,35.7767716228389,35.7770876399966,-0.643288313292797,0.724763069233034,0.722518753258802
"loglog",4000,775,10,0,400,421.787995284427,-24.8778644806231,446.66585976505,397.878067256331,398.090128484507,2.12061228175598,27.2349320951467,26.8327189269856,26.8328157299975,0.877913994592112,1.8103171509649,0.197544601279044
"loglog",4000,775,10,1,400,399.114575655982,-25.0362747698398,424.150850425822,397.865414240091,398.078387926769,2.12973686677751,27.2353514328208,26.8324882577545,26.8328157299975,0.045865441427198,0.971675166633803,0.474845432536455
"loglog",4000,775,25,0,160,214.8282803589,-10.0462956329375,224.874575991838,157.92231035347,158.005296633358,2.07465699719665,17.6256697564091,17.526778381981,17.5271218401653,3.22858483064098,3.81526358701647,0.00178045390177984
"loglog",4000,775,25,1,160,195.725145258015,-10.0431765537714,205.768321811786,157.920453158923,158.003452336549,2.07497944064272,17.6256834539539,17.5266116180331,17.5271218401653,2.14486389692939,2.7252768827314,0.0221978552413349
"loglog",4000,775,50,0,80,139.049398348156,-4.93857142124566,143.987969769402,77.9361446958263,77.9773051642388,2.0580234206247,12.5555982230449,12.5210526154595,12.5219806739988,4.86741074114344,5.27197406100354,2.61543857795084e-05
"loglog",4000,775,50,1,80,135.301008480775,-4.9606734508597,140.261681931634,77.9377414499283,77.9788547639538,2.05566570127676,12.555545019046,12.520933953917,12.5219806739988,4.56875961527991,4.97429563935972,6.21669013021328e-05
"loglog",4000,776,2,0,2000,1929.95261153983,-79.3276359185268,2009.28024745835,1997.47383855736,1998.73675343872,2.52582976271694,49.4447300512,44.7213465349875,44.7213595499958,-1.3655899617131,0.235759762094522,0.859562243252665
"loglog",4000,776,2,1,2000,1972.27452809014,-79.2603502209924,2051.53487831114,1997.47874402085,1998.7387853205,2.52008259929124,49.4459976215044,44.7213314736417,44.7213595499958,-0.509732175365082,1.18055726989609,0.654744241873679
"loglog",4000,776,5,0,800,796.603714453101,-31.7732583516836,828.376972804785,797.759009822469,798.20705610934,2.24023143435825,36.75811249714,35.7770472563724,35.7770876399966,-0.0314296706463695,0.843275759434588,0.507292371074923
"loglog",4000,776,5,1,800,852.932321937519,-31.7714399433062,884.703761880825,797.775085608821,798.21980511526,2.22359753220001,36.7585599852369,35.7770234359961,35.7770876399966,1.5005276689525,2.41730441662598,0.0867124690509444
"loglog",4000,776,10,0,400,420.602857775654,-15.9466887749019,436.549546550555,397.866929027452,398.08010476776,2.13175740307532,27.1621479161272,26.8327200144126,26.8328157299975,0.83704458198249,1.43367656212761,0.208976693214724
"loglog",4000,776,10,1,400,439.206095365911,-15.9214804689206,455.127575834831,397.874361321207,398.086761685341,2.12400364133659,27.1623046435698,26.8326989251575,26.8328157299975,1.52165784851722,2.12579488588123,0.0754466518375932
"loglog",4000,776,25,0,160,204.751024720354,-6.28450055738599,211.03552527774,157.906337162242,157.989966390599,2.09073070892083,17.6076972415469,17.5267894855222,17.5271218401653,2.66046643780182,3.02654167957902,0.00725345662410916
"loglog",4000,776,25,1,160,211.133566493141,-6.31235432190477,217.445920815045,157.916306861917,157.999532385999,2.08063810206844,17.6077294153344,17.5267761571943,17.5271218401653,3.02238059070111,3.39174688464567,0.00303515011848305
"loglog",4000,776,50,0,80,115.977822677594,-3.21135031007418,119.189172987669,77.9328506787761,77.9740833109252,2.06163160745257,12.5493486858512,12.5211030855604,12.5219806739988,3.03162920651908,3.29165005631761,0.00342487710651333
"loglog",4000,776,50,1,80,117.223028612585,-3.21397619783533,120.437004810421,77.9361008594835,77.9772673046609,2.05832225886902,12.5493544754801,12.5210938763308,12.5219806739988,3.13059351617358,3.39105655824714,0.00271289858387311
"loglog",4000,777,2,0,2000,1910.76615082654,-77.9766591583836,1988.74280998493,1997.46194321707,1998.73080839294,2.5377303517523,50.068548281848,44.7213459888937,44.7213595499958,-1.73154196327982,-0.223338501718947,0.917736197248299
"loglog",4000,777,2,1,2000,1975.91927587398,-79.3238100384465,2055.24308591243,1996.79240923335,1998.0442095324,2.50360059810802,50.0877363346354,44.7086368538776,44.7213595499958,-0.416731417445352,1.27936972372867,0.63308699207794
"loglog",4000,777,5,0,800,822.264123402996,-31.2824037131053,853.546527116101,797.765875506777,798.212552574461,2.2333853384192,36.8929681834389,35.7770482776423,35.7770876399966,0.664035698467215,1.54663330837774,0.268300687589896
"loglog",4000,777,5,1,800,821.588858672205,-32.0943996929168,853.683258365122,797.328269423015,797.776193120506,2.23961848745463,36.8858303473405,35.7586274576356,35.7770876399966,0.657721109183047,1.56345668778398,0.273790749153685
"loglog",4000,777,10,0,400,413.653530966486,-15.6989531113238,429.35248407781,397.859171771431,398.073123433722,2.13951662290763,27.207820384112,26.8327193985644,26.8328157299975,0.580508066139604,1.16571712987693,0.283908636653183
"loglog",4000,777,10,1,400,424.849031459883,-16.3178044248791,441.166835884762,397.617954825606,397.831594147278,2.13639321671425,27.1961664795121,26.8166696912854,26.8328157299975,1.00128364248656,1.61598148600709,0.169903610902037
"loglog",4000,777,25,0,160,187.009045408,-6.29300639418418,193.302051802185,157.912087256011,157.995482709758,2.08488634368152,17.6189731606162,17.5267794625355,17.5271218401653,1.65145595527838,2.01443563364829,0.0572273843424132
"loglog",4000,777,25,1,160,163.057750854376,-6.37639721737464,169.434148071751,157.807114031754,157.890584152492,2.08675301845989,17.608911520172,17.5155675966054,17.5271218401653,0.298180657936025,0.659045951870587,0.374880090383233
"loglog",4000,777,50,0,80,116.099138053039,-3.17568742555311,119.274825478593,77.9319848384856,77.9732286951125,2.06219283134679,12.5532387102208,12.5210538147428,12.5219806739988,3.0404228020836,3.29857194087368,0.00334855082464459
"loglog",4000,777,50,1,80,90.0827919849875,-3.20325509658052,93.2860470815681,77.8823636278563,77.9235375095732,2.05869408584385,12.5453697971306,12.5127682207489,12.5219806739988,0.972504482085632,1.22774667451447,0.164959716431891
"loglog",4000,778,2,0,2000,2070.45635968871,-41.8661917555453,2112.32255144426,1997.48865241843,1998.74415599174,2.5110071466042,53.0720294151142,44.7213427926851,44.7213595499958,1.37488066829983,2.53969108170655,0.126487288169853
"loglog",4000,778,2,1,2000,1997.47819243709,-39.4795130198372,2036.95770545693,1997.29138375194,1998.54022781161,2.49768811934844,53.0314745431156,44.7166222649719,44.7213595499958,0.00352260024368705,0.859131922300971,0.499085890614954
"loglog",4000,778,5,0,800,842.520684991673,-16.9632143882342,859.483899379907,797.776990353157,798.221424654478,2.22217150660571,37.5586605215783,35.7770396538356,35.7770876399966,1.19130166031371,1.71234052113254,0.133295319696672
"loglog",4000,778,5,1,800,823.183883918777,-16.5140458800634,839.697929798841,797.646631481677,798.090786710358,2.22077614340416,37.539772494769,35.7711226655165,35.7770876399966,0.680271902038266,1.16314893098372,0.260917705754741
"loglog",4000,778,10,0,400,432.398125411372,-8.49888056027544,440.897005971648,397.871949827645,398.084604827506,2.12654999861421,27.4345200549143,26.8327032643374,26.8328157299975,1.25849387977695,1.59553067472864,0.113288718312754
"loglog",4000,778,10,1,400,428.037081454134,-8.22364198042185,436.260723434556,397.792648077742,398.005935148887,2.13287071145118,27.4246966904086,26.8277978758442,26.8328157299975,1.10281742466709,1.42593844126558,0.144013216907653
"loglog",4000,778,25,0,160,182.934603526777,-3.41189788749315,186.34650141427,157.927997164281,158.010748321097,2.06877892039836,17.6750548080289,17.5267527394,17.5271218401653,1.41479653863008,1.61671437456151,0.085021660963542
"loglog",4000,778,25,1,160,196.343782680469,-3.38031841998255,199.724101100452,157.899548280513,157.982164827357,2.06541367111248,17.6702680680209,17.5232672441583,17.5271218401653,2.17564522801619,2.38208638215056,0.0206501061692536
"loglog",4000,778,50,0,80,127.112705187473,-1.77945856761053,128.892163755084,77.9428723945476,77.9838853294645,2.05064674584497,12.572795429499,12.5209443349935,12.5219806739988,3.91081148728156,4.06584975250958,0.000374867647904242
"loglog",4000,778,50,1,80,127.534941531782,-1.70627008737432,129.241211619156,77.9279161837508,77.9689031197155,2.04934679823581,12.5697766150029,12.5183993015671,12.5219806739988,3.94653197645708,4.09575595603684,0.000342838944668976
"loglog",4000,779,2,0,2000,1948.05819047238,-72.2749080258037,2020.33309849818,1997.47345239972,1998.73656832639,2.52623185332572,49.7953000087867,44.7213475392191,44.7213595499958,-0.992367992935576,0.482913225118198,0.784112002000727
"loglog",4000,779,2,1,2000,2008.94662843511,-74.6249822813599,2083.57161071647,1996.41945278792,1997.68065141078,2.52239724572301,49.7155593083084,44.7009994004846,44.7213595499958,0.251976962976579,1.92145501124426,0.427244283797668
"loglog",4000,779,5,0,800,788.777589719512,-28.834024394254,817.611614113766,797.753100150915,798.202332144148,2.24615996616673,36.8337666124573,35.7770488705644,35.7770876399966,-0.243676149817582,0.54250651136256,0.585131806238247
"loglog",4000,779,5,1,800,776.536721934697,-29.7844908842476,806.321212818945,797.087815149407,797.533824580298,2.23004715445145,36.7836100033502,35.7475057985252,35.7770876399966,-0.558702455056427,0.24581821982696,0.700354867363994
"loglog",4000,779,10,0,400,442.644594391415,-14.3532952739211,456.997889665336,397.850080246228,398.064944602173,2.14864355944687,27.1877632385199,26.8327232812152,26.8328157299975,1.64759836078465,2.19630875500514,0.0605430360566411
"loglog",4000,779,10,1,400,418.301338272023,-14.5051270997983,432.806465371821,397.479870951268,397.693395282728,2.1352433145945,27.1546717563989,26.8073596866991,26.8328157299975,0.766772933495247,1.30982948337562,0.232324744804315
"loglog",4000,779,25,0,160,217.863669101402,-5.69501798798075,223.558687089382,157.912217224208,157.995609706443,2.08481205587201,17.6140409677893,17.5267878564504,17.5271218401653,3.40361714763957,3.74073549129026,0.00113111870079918
"loglog",4000,779,25,1,160,225.596386283109,-5.85377540525667,231.450161688366,157.758272421437,157.841295335169,2.07557284330111,17.5942291066535,17.5090072052123,17.5271218401653,3.85570254032999,4.20405711702966,0.000335100807921454
"loglog",4000,779,50,0,80,128.577983697361,-2.73694451337046,131.314928210732,77.9432946592876,77.9843146447078,2.05099927101325,12.5515590362572,12.5210757955664,12.5219806739988,4.03413543224448,4.25926768887605,0.000274522008903183
"loglog",4000,779,50,1,80,128.833727028747,-2.86307296418165,131.696799992929,77.8591389414615,77.9001794296629,2.05202441006781,12.5378543759968,12.5080984142298,12.5219806739988,4.0656548208818,4.30094317950555,0.000259874116841907
"loglog",4000,780,2,0,2000,1854.4566858019,-103.794567938414,1958.25125374031,1997.48104420582,1998.74035141448,2.51861441730619,51.0518878699157,44.7213451563608,44.7213595499958,-2.80154886276421,-0.905364038863416,0.989746030081844
"loglog",4000,780,2,1,2000,1907.77204301903,-103.767011747387,2011.53905476641,1997.48285201202,1998.74114098478,2.51657794552406,51.0512159900049,44.7213406596685,44.7213595499958,-1.75727075747927,0.286170172737529,0.924900180887717
"loglog",4000,780,5,0,800,773.97611385116,-41.4948426782384,815.470956529398,797.769085524726,798.215108246314,2.23011360793721,37.107946454659,35.777044171468,35.7770876399966,-0.641182656190313,0.482316208135666,0.722659824004541
"loglog",4000,780,5,1,800,835.518443767864,-41.4389155029894,876.957359270854,797.771134413898,798.216713917429,2.22789751765598,37.1076894306049,35.7770370955078,35.7770876399966,1.0172368566509,2.20087105433645,0.173241563347586
"loglog",4000,780,10,0,400,396.625239938064,-20.6952207607718,417.320460698836,397.861888935768,398.075564038287,2.13675102518645,27.2807903183401,26.8327151447464,26.8328157299975,-0.0453303948776309,0.717217641104683,0.510030053596822
"loglog",4000,780,10,1,400,418.359651045035,-20.610388886774,438.970039931809,397.866248514029,398.079479111611,2.13230597581581,27.28069585549,26.8327095132895,26.8328157299975,0.751205271286438,1.52390725953138,0.231714727695847
"loglog",4000,780,25,0,160,161.813897918009,-8.3767219571911,170.1906198752,157.90683420494,157.990439860742,2.09014139505171,17.6370095168565,17.5267786184612,17.5271218401653,0.221526427671038,0.696087985136511,0.401183229373908
"loglog",4000,780,25,1,160,165.027708598549,-8.32630386583442,173.354012464383,157.909899644474,157.993380916364,2.08703179726466,17.6369822541095,17.5267738388103,17.5271218401653,0.403572949812114,0.876409525751113,0.334688597854645
"loglog",4000,780,50,0,80,89.1768914512065,-4.15234694927755,93.329238400484,77.9338539430792,77.9750591331582,2.06025950394834,12.5595615127549,12.5210425615733,12.5219806739988,0.89517755032366,1.22627003237313,0.181892676773731
"loglog",4000,780,50,1,80,89.713896465581,-4.12193066509937,93.8358271306803,77.9336180394497,77.9748275575027,2.06047590265,12.5595509397182,12.5210395186866,12.5219806739988,0.937953791713792,1.2667478246919,0.17171437075136
"loglog",4000,781,2,0,2000,1828.66841411946,-109.957709773876,1938.62612389333,1997.46749220704,1998.73357950581,2.53217459753331,50.5177491635441,44.7213458974915,44.7213595499958,-3.34138161106744,-1.3440439773492,0.996999575192466
"loglog",4000,781,2,1,2000,1823.7867888096,-111.161469659292,1934.94825846889,1997.06065072405,1998.32491505317,2.52852865823582,50.5389957109612,44.7134327734914,44.7213595499958,-3.42851810719441,-1.4173963539174,0.997670740743369
"loglog",4000,781,5,0,800,748.566849095439,-43.996857863641,792.56370695908,797.741500758137,798.193051810317,2.25775526090082,36.9908174924833,35.7770478720651,35.7770876399966,-1.32937455823166,-0.15734514684853,0.893822404541116
"loglog",4000,781,5,1,800,734.897483655769,-44.0723460010215,778.96982965679,797.493063073195,797.94139910998,2.24168018392394,36.9897096140442,35.7656295918408,35.7770876399966,-1.69224306085551,-0.530441367024555,0.945907477216474
"loglog",4000,781,10,0,400,387.552976194178,-21.9529007602014,409.50587695438,397.842228205699,398.057873053986,2.15644848286863,27.2410045671478,26.8327182399291,26.8328157299975,-0.377711915364882,0.426643465564295,0.63678975233161
"loglog",4000,781,10,1,400,398.460772314765,-22.0470349992176,420.507807313982,397.706537629003,397.920805731206,2.14268102203522,27.2351382849537,26.8228517239711,26.8328157299975,0.0276934406526905,0.84208054442588,0.484064385157472
"loglog",4000,781,25,0,160,172.295306962412,-8.71362422663761,181.008931189049,157.901015919353,157.984855424501,2.09598762870828,17.6271786131515,17.5267821719884,17.5271218401653,0.816596425267918,1.31365104778591,0.206574377278315
"loglog",4000,781,25,1,160,190.100450948899,-8.8270341493349,198.927485098233,157.843026735291,157.92661799638,2.08978152723361,17.6212356442616,17.5197933190986,17.5271218401653,1.8305994463057,2.34025974822188,0.0415359397169895
"loglog",4000,781,50,0,80,104.463300764548,-4.33611726357253,108.79941802812,77.9222934702318,77.9637301915935,2.07183606808345,12.5561258026573,12.5210475442623,12.5219806739988,2.11378953281105,2.46270830994941,0.024436668626804
"loglog",4000,781,50,1,80,107.356367201107,-4.38309147892666,111.739458680034,77.897130164878,77.9384278412348,2.06488381784386,12.5514771328232,12.5160319765598,12.5219806739988,2.34707331451775,2.70061876656289,0.0154268064725092
"loglog",4000,782,2,0,2000,2031.16555906711,-79.4686414192916,2110.6342004864,1997.47445239376,1998.73705696803,2.52520914853061,50.6534677170726,44.721346424328,44.7213595499958,0.665129322666227,2.50209692831402,0.297254729263665
"loglog",4000,782,2,1,2000,1947.30327872806,-79.5736058570072,2026.87688458507,1997.47029264415,1998.72803577516,2.51548626201016,50.6585362555708,44.7210758600841,44.7213595499958,-0.99029734422251,0.629431387070785,0.78765267498764
"loglog",4000,782,5,0,800,805.709905828412,-31.8518700430577,837.56177587147,797.771358653808,798.216933063325,2.22787204758316,37.0204982380238,35.7770450243624,35.7770876399966,0.214436529826343,1.09972309846588,0.417206109064669
"loglog",4000,782,5,1,800,763.534702280684,-31.7214346709082,795.256136951592,797.764938544429,798.210028222074,2.22544838822208,37.0220094520707,35.7766603659962,35.7770876399966,-0.924591527319996,-0.0825647570305104,0.804748292233479
"loglog",4000,782,10,0,400,427.836545812058,-15.8742406124209,443.710786424479,397.857779904065,398.071865970877,2.1408606681234,27.2510798500925,26.8327151112304,26.8328157299975,1.10009460443055,1.70086852055087,0.145555233846773
"loglog",4000,782,10,1,400,390.115162936129,-15.8638814468853,405.979044383014,397.862773259281,398.075875276095,2.13102016814021,27.2514652249761,26.8323941957071,26.8328157299975,-0.284300688392036,0.294538349775115,0.601667792739743
"loglog",4000,782,25,0,160,190.746790402593,-6.34256711388151,197.089357516475,157.922163439282,158.005154579836,2.07477851385552,17.6296434632526,17.5267739332646,17.5271218401653,1.86189964826748,2.22997130478527,0.0387601544879936
"loglog",4000,782,25,1,160,183.597399919976,-6.44226103606034,190.039660956037,157.923236919803,158.006099664898,2.07156862739195,17.6295989701619,17.5265413269553,17.5271218401653,1.45631009778651,1.82771721434117,0.0798846875317417
"loglog",4000,782,50,0,80,125.654821226122,-3.1189350643061,128.773756290428,77.9427655595914,77.9837909666536,2.05127035311116,12.5569592518657,12.5210299317122,12.5219806739988,3.79965043363832,4.05637280645243,0.000508789420164178
"loglog",4000,782,50,1,80,119.58527998588,-3.15396507150035,122.739245057381,77.9408308747694,77.981872315106,2.0520720168294,12.5568535040036,12.5208530354045,12.5219806739988,3.31647168598671,3.57462647438771,0.00172570666489276
"loglog",4000,783,2,0,2000,1864.04316832103,-121.361358387864,1985.40452670889,1997.49160240362,1998.74562952839,2.50805424953706,51.2636781784194,44.7213463089197,44.7213595499958,-2.60317711924875,-0.298316216317412,0.984528252716803
"loglog",4000,783,2,1,2000,1898.29949058083,-122.904736738576,2021.20422731941,1997.13098409654,1998.39250441036,2.52304062763133,51.219994982349,44.7141639627657,44.7213595499958,-1.92954906672231,0.510167716163561,0.94449013976921
"loglog",4000,783,5,0,800,751.175572707351,-48.5586061378441,799.734178845196,797.779890608541,798.22375573926,2.21932565359402,37.154641032092,35.7770460302054,35.7770876399966,-1.25433368770636,0.0422176583460791,0.880810461917627
"loglog",4000,783,5,1,800,791.836542204939,-49.3252232081282,841.161765413067,797.540660730797,797.987770340297,2.23554804749736,37.1321613419524,35.767268769102,35.7770876399966,-0.153616657897428,1.20708112636395,0.554871534210061
"loglog",4000,783,10,0,400,408.968180946292,-24.3395805400426,433.307761486335,397.873198819213,398.085739878002,2.12541058788635,27.2966700012503,26.8327144390521,26.8328157299975,0.406459180792768,1.31265219880516,0.341335699370505
"loglog",4000,783,10,1,400,453.869101295019,-24.5656562691721,478.434757564191,397.746055627475,397.958488262816,2.12432635340924,27.2831540160057,26.8241773820597,26.8328157299975,2.05705856568559,3.00013932040274,0.0275646978415999
"loglog",4000,783,25,0,160,171.218829350233,-9.59256234568007,180.811391695914,157.931733187448,158.014342858758,2.06524178276137,17.6409295445809,17.526779428908,17.5271218401653,0.753197053999195,1.30069810769426,0.223299916573226
"loglog",4000,783,25,1,160,202.83838538847,-9.59352947332767,212.431914861798,157.879017530569,157.961547040849,2.06323775701744,17.6336353952295,17.5208009220094,17.5271218401653,2.54963692115719,3.10889713680403,0.00929813997985019
"loglog",4000,783,50,0,80,112.927324940855,-4.81356773758085,117.740892678436,77.9449356667021,77.9859169678698,2.04906505838663,12.5609251667467,12.5210280034607,12.5219806739988,2.78501693225303,3.1750568483337,0.0059637408934694
"loglog",4000,783,50,1,80,138.588687798629,-4.80776633561638,143.396454134245,77.9253459960284,77.9661670694996,2.04105367356089,12.5561215764599,12.5167098910764,12.5219806739988,4.83137579014297,5.22743497565548,2.9131657412338e-05
"loglog",4000,784,2,0,2000,1930.22517426631,-56.0069542763498,1986.23212854266,1997.48144866925,1998.74056425722,2.51823117593308,51.0534035193826,44.7213453253497,44.7213595499958,-1.31737102262741,-0.279697214463389,0.858575734176421
"loglog",4000,784,2,1,2000,1931.09384038174,-56.0077140962844,1987.10155447802,1997.47382429647,1998.73675192467,2.52585525641671,51.0533717555215,44.7213453174012,44.7213595499958,-1.30020763824572,-0.260171007022983,0.855401052904344
"loglog",4000,784,5,0,800,784.596012782893,-22.4750401927345,807.071052975628,797.760657949093,798.208374315782,2.23858183344768,37.1082440316414,35.7770454413034,35.7770876399966,-0.35476335541435,0.247719691509619,0.625782838057224
"loglog",4000,784,5,1,800,784.616728981651,-22.4688158302893,807.08554481194,797.762043656838,798.209482842324,2.23719592742689,37.1082319086157,35.7770454322551,35.7770876399966,-0.354242549404115,0.248093766893741,0.625584100357859
"loglog",4000,784,10,0,400,376.424219248294,-11.2223071788341,387.646526427128,397.853767584929,398.068255013799,2.14487428870004,27.2808722199453,26.8327150898376,26.8328157299975,-0.785515512988922,-0.388396349448013,0.774955166399834
"loglog",4000,784,10,1,400,378.733628743659,-11.2168539186072,389.950482662266,397.85197081217,398.066637910503,2.14667098333529,27.2808667815731,26.8327150839396,26.8328157299975,-0.700796724003799,-0.302472382047342,0.748727390546427
"loglog",4000,784,25,0,160,150.388215283304,-4.51436048061493,154.902575763919,157.910049470825,157.99352534389,2.08689682662933,17.6370125157361,17.5267754851603,17.5271218401653,-0.426480061791028,-0.176355860927618,0.654539536291283
"loglog",4000,784,25,1,160,150.388216510496,-4.51436030902961,154.902576819525,157.910353844448,157.993817542234,2.08659244464124,17.6370119712576,17.5267754842168,17.5271218401653,-0.426497263040427,-0.176372472249237,0.654539509999334
"loglog",4000,784,50,0,80,86.3598560954882,-2.39268394998079,88.752540045469,77.9295877828169,77.9708771360872,2.06446766351321,12.5595283620543,12.5210331105976,12.5219806739988,0.67122491144981,0.861084130530444,0.242041031765395
"loglog",4000,784,50,1,80,86.3598566185091,-2.39268393189062,88.7525405503998,77.9296700337999,77.9709577418787,2.06438540394134,12.5595279692281,12.5210331092064,12.5219806739988,0.671218425195909,0.861077733321669,0.242041019550862
"loglog",4000,785,2,0,2000,2005.11383942668,-51.9450856294707,2057.05892505616,1997.48828037876,1998.74397205325,2.51138334899027,49.5463272769619,44.7213471319137,44.7213595499958,0.153907655057921,1.30396235227205,0.451074927920035
"loglog",4000,785,2,1,2000,1918.68356492696,-51.5294541162713,1970.21301904324,1997.4768984476,1998.73357000449,2.51334311377953,49.5508131377768,44.721165820001,44.7213595499958,-1.59015217977455,-0.637741669706197,0.896372149182099
"loglog",4000,785,5,0,800,805.602396704316,-20.7843587875834,826.3867554919,797.769828205254,798.215708556101,2.22940175423248,36.7799832210573,35.7770459006021,35.7770876399966,0.212957370099553,0.787405617950274,0.4182500518923
"loglog",4000,785,5,1,800,786.753010686522,-20.8002509222187,807.553261608741,797.761545871873,798.207912574992,2.2318335155947,36.7812568290844,35.7767956709112,35.7770876399966,-0.29929741760879,0.261212578111002,0.604939013684633
"loglog",4000,785,10,0,400,412.597024834673,-10.4047197051012,423.001744539774,397.865573907107,398.078884048131,2.13310141023533,27.1695485965675,26.8327188861047,26.8328157299975,0.542204478488335,0.928823523155876,0.296412912737252
"loglog",4000,785,10,1,400,407.674076266489,-10.4335674290096,418.107643695499,397.862549031053,398.075828052268,2.13279021215093,27.1699204946421,26.832499839263,26.8328157299975,0.361117259705316,0.746550480321596,0.35802837781922
"loglog",4000,785,25,0,160,167.582314093519,-4.27348029272363,171.855794386243,157.920831460108,158.003878016062,2.07616389883784,17.6095205294773,17.5267815003169,17.5271218401653,0.548651090030424,0.790328582000666,0.285748403979279
"loglog",4000,785,25,1,160,158.456987107221,-4.22444436400039,162.681431471222,157.921841305106,158.004786953547,2.07364121104176,17.6095132710132,17.5266170800537,17.5271218401653,0.030389585099807,0.266830986054726,0.474808375590581
"loglog",4000,785,50,0,80,106.070490791952,-2.1160530591451,108.186543851097,77.9404512790835,77.9815269044047,2.05378126605865,12.5499552148092,12.5210639998107,12.5219806739988,2.24144541007402,2.41233627966035,0.0189816999027674
"loglog",4000,785,50,1,80,106.29678167723,-2.11601672504542,108.412798402275,77.9387134919818,77.9798079770669,2.0547242542519,12.5498912642979,12.5209400002089,12.5219806739988,2.25962660456838,2.43056754722094,0.018307641899647
"loglog",4000,786,2,0,2000,1926.43467113359,-60.2144005801096,1986.6490717137,1997.48502809426,1998.74233469167,2.51461319483107,50.7963585667978,44.7213444978285,44.7213595499958,-1.39872933740392,-0.27041367190028,0.871883897074211
"loglog",4000,786,2,1,2000,1897.7672098534,-59.9403799049321,1957.70758975833,1997.46646279205,1998.72703551408,2.52114544405386,50.790109737563,44.7210967324135,44.7213595499958,-1.96296588949707,-0.917228081439547,0.94545981106407
"loglog",4000,786,5,0,800,813.603311371382,-24.0993366853631,837.702648056745,797.769356380962,798.215328832841,2.22986225939524,37.0517954753468,35.7770452108318,35.7770876399966,0.427346496634814,1.10370543434225,0.342843191784352
"loglog",4000,786,5,1,800,750.284174403336,-24.0751822234358,774.359356626772,797.78904875186,798.2294597905,2.20205519320345,37.0492910545656,35.776691891772,35.7770876399966,-1.28220737823456,-0.667197046499937,0.88537415261386
"loglog",4000,786,10,0,400,434.432179003195,-12.0053054313687,446.437484434564,397.865883879009,398.079157892331,2.13274013322502,27.2616966517808,26.8327143273531,26.8328157299975,1.34130665421361,1.80221523444374,0.10074132244972
"loglog",4000,786,10,1,400,386.159159150693,-12.0625805278844,398.221739678578,397.870100046779,398.082513602767,2.12413555987957,27.2606234703947,26.8324236463579,26.8328157299975,-0.429591821654538,0.00518872531404982,0.655507151179171
"loglog",4000,786,25,0,160,165.225862474473,-4.76181473768786,169.98767721216,157.927286976463,158.010070134998,2.06957896337199,17.6322619628478,17.5267650466963,17.5271218401653,0.41393302307938,0.683389492884188,0.330757064374182
"loglog",4000,786,25,1,160,180.278285115552,-4.7947275381544,185.073012653707,157.92568589319,158.008452858072,2.06917412205344,17.6318196775187,17.5265462170014,17.5271218401653,1.26774204995205,1.54420383003818,0.108256064744309
"loglog",4000,786,50,0,80,99.9280838021477,-2.46942163777881,102.397505439926,77.9427732133841,77.9837980375298,2.05124120728544,12.5578680724636,12.5210261138237,12.5219806739988,1.75071998383007,1.9498168265493,0.0478551555201161
"loglog",4000,786,50,1,80,94.0745455743675,-2.51071987448807,96.5852654488556,77.942279236887,77.9832938660917,2.05073146023243,12.5576320226884,12.5208692534337,12.5219806739988,1.28465831044688,1.485677328486,0.103754927542533
"loglog",4000,787,2,0,2000,1906.55686866044,-83.5873875095874,1990.14425617002,1997.4826423314,1998.741152981,2.51702129920973,50.9670670807812,44.721345735683,44.7213595499958,-1.78401032036716,-0.192232516029074,0.927670115739076
"loglog",4000,787,2,1,2000,1909.66787801007,-81.8954445985235,1991.5633226086,1997.28138017881,1998.54877771246,2.53479506729993,50.9819534231609,44.717700468622,44.7213595499958,-1.71851991314498,-0.156212305880079,0.920420677307466
"loglog",4000,787,5,0,800,721.256754034352,-33.5021326250641,754.758886659416,797.76322573241,798.210428506694,2.23601387142281,37.0892704897956,35.7770454968084,35.7770876399966,-2.06276561085521,-1.21450894683727,0.975548781275028
"loglog",4000,787,5,1,800,759.378562589104,-33.5107351197465,792.88929770885,797.636473012331,798.085057932371,2.24292460020078,37.0906847419152,35.7718558772516,35.7770876399966,-1.03146951018655,-0.145247152995067,0.8329879320476
"loglog",4000,787,10,0,400,357.949846479317,-16.7436627277896,374.693509207106,397.855812108557,398.070096428737,2.14284320180738,27.2744484697061,26.8327169884024,26.8328157299975,-1.4631264010183,-0.871197174394787,0.925957041704658
"loglog",4000,787,10,1,400,402.617856393949,-16.7568679488842,419.374724342833,397.790664315951,398.004650850808,2.13986534857187,27.2725039591048,26.8282181547389,26.8328157299975,0.176998492152988,0.796552099314513,0.425965068669034
"loglog",4000,787,25,0,160,169.524072487664,-6.71553576043781,176.239608248102,157.91273810758,157.996107947303,2.08424599307741,17.6354446343317,17.5267806277171,17.5271218401653,0.658408938410307,1.04089283070893,0.251285958375363
"loglog",4000,787,25,1,160,172.02252654099,-6.74327816968005,178.76580471067,157.883708700418,157.967081404442,2.0843176005951,17.6329670562705,17.5236264951781,17.5271218401653,0.801839973695405,1.1868960635489,0.210734452695805
"loglog",4000,787,50,0,80,95.0699406824091,-3.3114872024557,98.3814278848648,77.9295638096046,77.9708594763308,2.06478333631154,12.5590436525354,12.5210800909369,12.5219806739988,1.36478360510709,1.63009646614334,0.0916678751644549
"loglog",4000,787,50,1,80,102.263729289138,-3.39878440744843,105.662513696587,77.909526295386,77.9509178821493,2.06957933816265,12.5569046442284,12.5187021533609,12.5219806739988,1.93950688356517,2.21361571470871,0.0341132592939747
"loglog",4000,788,2,0,2000,1985.64723258804,-75.4781301341615,2061.1253627222,1997.47605130813,1998.73785197065,2.52360132505709,52.1802665588788,44.7213436818844,44.7213595499958,-0.22669141995932,1.39502764486069,0.573489174285725
"loglog",4000,788,2,1,2000,1939.07159121893,-75.6868716491102,2014.75846286804,1997.47405513395,1998.73201076883,2.51591126976757,52.1740721911791,44.7211427785724,44.7213595499958,-1.11937714390055,0.358364100366467,0.824062685782482
"loglog",4000,788,5,0,800,788.88493767472,-30.181800388366,819.066738063086,797.779430857653,798.223390403856,2.21979773101385,37.3582173918107,35.7770454418691,35.7770876399966,-0.238086659479693,0.582589965208204,0.584075987842468
"loglog",4000,788,5,1,800,741.179303995268,-30.0024944538864,771.181798449154,797.772968108423,798.216972689915,2.22002290745944,37.3558071283255,35.7767712507198,35.7770876399966,-1.5149897288725,-0.755662774913391,0.925170896084781
"loglog",4000,788,10,0,400,387.743597171217,-15.1504752687652,402.894072439983,397.8702125002,398.083053093377,2.12840593177094,27.3660457084087,26.8327133676976,26.8328157299975,-0.370043061276868,0.179296788985852,0.634206675578009
"loglog",4000,788,10,1,400,415.046171073172,-14.9052812539829,429.951452327155,397.871062535762,398.083474061539,2.12411525777721,27.3650038046262,26.8324844009008,26.8328157299975,0.627630409264086,1.18766409362177,0.267853388595657
"loglog",4000,788,25,0,160,159.829612851471,-5.95802460425335,165.787637455725,157.919912125101,158.002990497963,2.07695932154295,17.658096651078,17.5267664693761,17.5271218401653,0.108148729962558,0.444157624360641,0.444327061288975
"loglog",4000,788,25,1,160,156.115049915029,-5.9131066877214,162.02815660275,157.927455897464,158.010172981409,2.06792709863747,17.6577318496078,17.5266040529305,17.5271218401653,-0.102640927944276,0.229250550146886,0.527469251364032
"loglog",4000,788,50,0,80,93.5818558600094,-3.01038034770405,96.5922362077135,77.9465665900053,77.9875104737136,2.04719418541591,12.5668860194152,12.5209850888397,12.5219806739988,1.24416575799672,1.48588354686109,0.110182362979911
"loglog",4000,788,50,1,80,86.0334819551402,-2.94858238534552,88.9820643404857,77.9424061908256,77.9834195493384,2.0506679256388,12.566707333884,12.5208776624445,12.5219806739988,0.64385009926175,0.878424427397534,0.249737506236921
"loglog",4000,789,2,0,2000,1895.99331653828,-70.0686458844896,1966.06196242277,1997.46292315153,1998.73129898192,2.53675166077108,50.2872895040754,44.7213453828571,44.7213595499958,-2.01779828688173,-0.730508804676256,0.94859619009255
"loglog",4000,789,2,1,2000,1900.15410830685,-63.0270857027762,1963.18119400962,1996.12570660381,1997.38506922975,2.51872525186554,50.3110987586641,44.6980460606492,44.7213595499958,-1.90756315534528,-0.76522081465736,0.941006366044762
"loglog",4000,789,5,0,800,799.683086810251,-28.0604280921927,827.743514902443,797.74914505605,798.199164653257,2.25009798603564,36.9405202513298,35.7770452768204,35.7770876399966,0.0523528564579711,0.825790671660852,0.476561320672331
"loglog",4000,789,5,1,800,752.909341312712,-26.7399867604047,779.649328073117,796.903079713604,797.35150150675,2.24210896572863,36.9218192599207,35.7409096721756,35.7770876399966,-1.19153766750189,-0.495291630683217,0.871581257366568
"loglog",4000,789,10,0,400,401.766835904798,-14.0992796307171,415.866115535515,397.850230538488,398.065076732635,2.1484619414698,27.2239332898933,26.8327190853165,26.8328157299975,0.143866256378314,0.66340793664184,0.437737995907614
"loglog",4000,789,10,1,400,386.660240294926,-13.6360348053985,400.296275100324,397.375049056887,397.588753291755,2.13704234867361,27.1989788289588,26.800806933575,26.8328157299975,-0.393941582488868,0.101023891380599,0.648813921284688
"loglog",4000,789,25,0,160,182.769403041559,-5.59372393605114,188.36312697761,157.906262654788,157.989891863446,2.09073021646688,17.6229397728973,17.5267798584275,17.5271218401653,1.41083954817851,1.73296152285266,0.0863417489677218
"loglog",4000,789,25,1,160,191.776776517347,-5.63380426801256,197.41058078536,157.708324015863,157.79161552159,2.08228764318787,17.6023605080802,17.5043610686765,17.5271218401653,1.93544794664589,2.26337682982708,0.0346618488071945
"loglog",4000,789,50,0,80,124.878332281496,-2.85306256697764,127.731394848474,77.923156756771,77.964578262363,2.07107527960245,12.5546542146583,12.5210618673739,12.5219806739988,3.74006123321995,3.97464824575206,0.000597563624208106
"loglog",4000,789,50,1,80,117.246976332436,-2.81076771091691,120.057744043353,77.8269075642524,77.8681345543054,2.06134950265278,12.5387873384099,12.504543682097,12.5219806739988,3.14385017500283,3.37394234940783,0.00270066667846197
"loglog",4000,790,2,0,2000,1917.93263029774,-71.5127841053948,1989.44541440314,1997.4828655348,1998.74126817502,2.51680528043746,49.5196804297448,44.7213457461929,44.7213595499958,-1.606436765074,-0.207861673587338,0.898553732426767
"loglog",4000,790,2,1,2000,1935.87785481632,-71.1275935051779,2007.0054483215,1997.41026819329,1998.67108589573,2.5216354048824,49.5048485945655,44.7200446078915,44.7213595499958,-1.24295730870543,0.186367489094475,0.837080268473697
"loglog",4000,790,5,0,800,759.696099551778,-28.5863518337685,788.282451385546,797.755135952012,798.203958490939,2.24411269463293,36.7742251760289,35.7770472735376,35.7770876399966,-1.03493781903101,-0.277314866974256,0.830924642853835
"loglog",4000,790,5,1,800,736.641381987014,-28.4508035532223,765.092185540236,797.718520008959,798.165998462288,2.23739226664492,36.7678417911277,35.775183309003,35.7770876399966,-1.66115646300142,-0.924490383078733,0.940657782364061
"loglog",4000,790,10,0,400,366.120686216841,-14.2182679689283,380.338954185769,397.86063315301,398.0744404585,2.13807305489843,27.1676100038312,26.8327217583485,26.8328157299975,-1.16830103684841,-0.660964863440019,0.872398066993841
"loglog",4000,790,10,1,400,366.396155068088,-14.0797078908896,380.475862958977,397.832274415954,398.046498838535,2.14224422581353,27.1643150283836,26.8311271604377,26.8328157299975,-1.15725794355643,-0.654860147115461,0.870230158522931
"loglog",4000,790,25,0,160,155.301256632941,-5.76257852414698,161.063835157088,157.912429920056,157.995816921945,2.08467504723208,17.6090572947656,17.5267946438688,17.5271218401653,-0.148285807888788,0.175047308848151,0.545825544533754
"loglog",4000,790,25,1,160,176.737689288983,-5.68518241088073,182.422871699863,157.908239379144,157.991372269084,2.07832224850198,17.6074712379988,17.5256480378602,17.5271218401653,1.06940114541847,1.39404256995237,0.146346958035514
"loglog",4000,790,50,0,80,87.8037868904995,-2.83238339561029,90.6361702861097,77.9351425588628,77.9763259534731,2.05916973051889,12.5498040073252,12.5210775559773,12.5219806739988,0.78635844240089,1.01108265451108,0.209794158933224
"loglog",4000,790,50,1,80,101.58381602028,-2.75004933772352,104.333865358004,77.9287026755845,77.9699071190477,2.06022217315695,12.5488042211613,12.5202370166479,12.5219806739988,1.88504919893528,2.10570759993605,0.0377096801544739
"loglog",4000,791,2,0,2000,1918.0465711269,-53.1155632030765,1971.16213432998,1997.5073678907,1998.75351381703,2.49229185265918,50.2218986457567,44.7213454460096,44.7213595499958,-1.58219420026861,-0.616962195834591,0.898224850013884
"loglog",4000,791,2,1,2000,1968.43914756458,-53.1012367156337,2021.54038428021,1997.46490479989,1998.73101317378,2.53221674778566,50.22399151671,44.721294991856,44.7213595499958,-0.577926133681662,0.510033779446273,0.677026104441195
"loglog",4000,791,5,0,800,783.701686591364,-21.1104404730733,804.812127064437,797.784890113246,798.227754487745,2.21432187249694,36.9262849625339,35.7770447553549,35.7770876399966,-0.381386958806475,0.184039028983979,0.634333219786846
"loglog",4000,791,5,1,800,839.152329308429,-21.106873748869,860.259203057298,797.770307806669,798.215748886619,2.22720539975335,36.9269639838011,35.7769719586872,35.7770876399966,1.12064510691737,1.73417287081541,0.151617273052487
"loglog",4000,791,10,0,400,439.374810455537,-10.6150777194908,449.989888175028,397.867290259537,398.080424524205,2.13134264668271,27.219109034833,26.8327155682761,26.8328157299975,1.52494044323354,1.93455871131413,0.0746535671598745
"loglog",4000,791,10,1,400,465.031127504086,-10.5705530621182,475.601680566204,397.862424974128,398.075950739633,2.1352576550579,27.2193492863158,26.832652719812,26.8328157299975,2.46768215593334,2.88923091712545,0.011377165622772
"loglog",4000,791,25,0,160,184.604705421304,-4.22503373948258,188.829739160787,157.929445340886,158.012143449365,2.06745271197136,17.6217326775329,17.5267693732305,17.5271218401653,1.51377055642369,1.75831581138344,0.072553081227767
"loglog",4000,791,25,1,160,170.334870401651,-4.24947390237589,174.584344304027,157.922244047097,158.005213216034,2.07422922342182,17.6217695411959,17.5267231208381,17.5271218401653,0.70439159504022,0.945934443859711,0.237647559064149
"loglog",4000,791,50,0,80,99.2342120579093,-2.01156075413842,101.245772812048,77.9440869527174,77.9850838640724,2.0498455677524,12.5541594521186,12.5210135485464,12.5219806739988,1.69586225078566,1.85773211232374,0.052748851559109
"loglog",4000,791,50,1,80,98.3990349396997,-2.0195472967825,100.418582236482,77.9419892098919,77.983023405938,2.05170980230114,12.5541531505304,12.5209771388072,12.5219806739988,1.62950423533295,1.79183769619768,0.0591904048887116
"loglog",4000,792,2,0,2000,2016.78048657141,-65.1737349636762,2081.95422153509,1997.48311033182,1998.74138928785,2.51655791206457,49.4184533992532,44.7213477166127,44.7213595499958,0.390489279048934,1.86069598739576,0.37953336075825
"loglog",4000,792,2,1,2000,1950.05504045612,-65.3518128250229,2015.40685328114,1997.30051490377,1998.54855305821,2.49607630888956,49.3923738547555,44.7176718805662,44.7213595499958,-0.956533787717588,0.376994139318159,0.774587732995951
"loglog",4000,792,5,0,800,840.647466839301,-26.1349569146015,866.782423753903,797.778120321097,798.222356979375,2.22118329139129,36.7524450947683,35.7770499438992,35.7770876399966,1.16643522376983,1.91631414222343,0.143281474515227
"loglog",4000,792,5,1,800,809.130940375743,-26.1170864448424,835.248026820585,797.660956132577,798.103131271444,2.21087569433661,36.7391662365658,35.7715770225466,35.7770876399966,0.312200450312618,1.03839133303317,0.384376573871836
"loglog",4000,792,10,0,400,446.888515894833,-13.1847851372034,460.073301032037,397.865314317183,398.078655928718,2.13341611535726,27.1602274551038,26.8327237867134,26.8328157299975,1.80496285087032,2.31041192821489,0.0455194058524772
"loglog",4000,792,10,1,400,419.582682083207,-13.1316280875684,432.714310170775,397.805381672751,398.017657276794,2.12275604042535,27.1526861947897,26.8280731367043,26.8328157299975,0.802031160166924,1.29329649271427,0.219140577132382
"loglog",4000,792,25,0,160,204.603602831502,-5.149268178398,209.7528710099,157.918357676629,158.001507797375,2.07875301866359,17.607244064013,17.5267964725198,17.5271218401653,2.65147941297029,2.95269950179806,0.00739520229222106
"loglog",4000,792,25,1,160,212.661426769265,-5.1793165024689,217.840743271734,157.892431284848,157.975435684497,2.07510999122235,17.6032850265048,17.5235804473534,17.5271218401653,3.11129402278907,3.4162714501806,0.00244055389694602
"loglog",4000,792,50,0,80,101.550310892205,-2.63269452085341,104.183005413059,77.9412307024265,77.9822928673721,2.05310824727867,12.5491708999872,12.5210819805027,12.5219806739988,1.88132589618354,2.0925278331765,0.0378950434241242
"loglog",4000,792,50,1,80,127.035223776778,-2.53582376251847,129.571047539297,77.9239857605126,77.9651021166784,2.05581780829239,12.5466382190134,12.5188140704077,12.5219806739988,3.91429458305744,4.12227109791539,0.000381046397305947
"loglog",4000,793,2,0,2000,1953.58501991144,-88.1056597474999,2041.69067965894,1997.48049446142,1998.74007925587,2.51916958889286,49.982208037025,44.7213441096765,44.7213595499958,-0.878221996864664,0.960404953342601,0.757199549635198
"loglog",4000,793,2,1,2000,1932.92586384519,-85.7052804697205,2018.63114431491,1997.01988838867,1998.28283796681,2.52589915627584,50.0013117309498,44.7127422528788,44.7213595499958,-1.28184686210559,0.455089652811249,0.848552540809443
"loglog",4000,793,5,0,800,826.575756928026,-35.4377393759602,862.013496303986,797.761006716866,798.208647470585,2.23820376859498,36.8742096216352,35.7770437181421,35.7770876399966,0.781433704120764,1.7834019304688,0.234666740222156
"loglog",4000,793,5,1,800,800.75659663324,-34.9913905151293,835.747987148369,797.472545156544,797.918908649701,2.23181746578206,36.8716594573924,35.7643930407277,35.7770876399966,0.0890670917724876,1.05773019705911,0.465889942959644
"loglog",4000,793,10,0,400,446.211229246129,-17.6520189098389,463.863248155968,397.857188675174,398.07133476729,2.14146092115969,27.2014351838683,26.8327153025607,26.8328157299975,1.77762828483518,2.45192902197264,0.0476870969670136
"loglog",4000,793,10,1,400,386.617016317847,-17.3918214330534,404.0088377509,397.696173546732,397.90979250438,2.13618957647995,27.1944202437588,26.821764330799,26.8328157299975,-0.407405531339747,0.227391649978709,0.649392918384538
"loglog",4000,793,25,0,160,189.112656312191,-7.11369057669349,196.226346888885,157.923884455443,158.006806606197,2.073053768849,17.6173745656766,17.5267736273771,17.5271218401653,1.77034164429431,2.18063752606405,0.0461005907386762
"loglog",4000,793,25,1,160,177.345083028531,-6.99228206702043,184.337365095552,157.845331804961,157.928581956599,2.08125379095897,17.6107593792688,17.5191205873253,17.5271218401653,1.10726350883682,1.50742630072758,0.139203920520148
"loglog",4000,793,50,0,80,109.306251405609,-3.50833747590736,112.814588881516,77.9362821124504,77.9774392629901,2.05785752698104,12.5526587353829,12.5210462288022,12.5219806739988,2.499069715385,2.78228743684295,0.0111665791247557
"loglog",4000,793,50,1,80,105.389350750701,-3.42224365462183,108.811594405323,77.9034869174133,77.944588752959,2.05509177728468,12.5474943085872,12.515498561002,12.5219806739988,2.19054602913646,2.46630252098346,0.0211456307368008
"loglog",4000,794,2,0,2000,1900.33833521747,-58.5677960028016,1958.90613122027,1997.45439424714,1998.72701785766,2.54524722104109,51.148032393681,44.7213441857213,44.7213595499958,-1.89872521942152,-0.890422400364787,0.940651272604167
"loglog",4000,794,2,1,2000,1911.7092265247,-61.0395719547297,1972.74879847943,1997.14033312879,1998.39847288599,2.51627951438021,51.169997760106,44.7147545686117,44.7213595499958,-1.66955462856594,-0.573628876061401,0.915377966653643
"loglog",4000,794,5,0,800,793.306343107086,-23.5227117126703,816.829054819757,797.743382244967,798.194556984845,2.25587369938729,37.1291265734914,35.7770461510365,35.7770876399966,-0.119502922566693,0.520850652573287,0.5402338108207
"loglog",4000,794,5,1,800,751.556858594103,-24.4602353022948,776.017093896398,797.538931800834,797.987917278838,2.24492739002079,37.1298507813122,35.7675987307225,35.7770876399966,-1.2384125505259,-0.614266100104975,0.878820874277804
"loglog",4000,794,10,0,400,380.093765302651,-11.6931657179512,391.786931020602,397.836184164244,398.052426475908,2.16242311664464,27.2879870796481,26.8327124923161,26.8328157299975,-0.650191559011154,-0.233502127565379,0.732609237404259
"loglog",4000,794,10,1,400,385.517072445255,-12.2390855294819,397.756157974737,397.72212703714,397.937762811589,2.15635774449554,27.2838692390146,26.8247326840309,26.8328157299975,-0.447335914307631,-0.00677005206319218,0.664021342512027
"loglog",4000,794,25,0,160,138.070540362248,-4.73279568174619,142.803336043994,157.896711099014,157.98071600073,2.10012254290812,17.6387654406361,17.5267630844219,17.5271218401653,-1.12401124690338,-0.865954533853752,0.871631696653465
"loglog",4000,794,25,1,160,146.969501226958,-4.78256432332224,151.752065550281,157.854605539024,157.938199191178,2.0898413038662,17.6340888382376,17.5210493170691,17.5271218401653,-0.617276254640497,-0.353068673510948,0.725025063380968
"loglog",4000,794,50,0,80,67.9390099482688,-2.34892924410502,70.2879391923738,77.9303537787878,77.9716234807214,2.06348509667921,12.5601221719017,12.520997955177,12.5219806739988,-0.795481420783524,-0.613663888122483,0.784949303395681
"loglog",4000,794,50,1,80,80.6292265788973,-2.43874737531551,83.0679739542128,77.9072487184911,77.9484359774201,2.05936294644619,12.5562403981128,12.5167450289382,12.5219806739988,0.216782872428537,0.409015120541048,0.396873745968522
"loglog",4000,795,2,0,2000,1959.59938728885,-65.0627737827283,2024.66216107157,1997.49804264143,1998.74884756065,2.50160983843832,51.0893082667041,44.7213449597695,44.7213595499958,-0.741811870983614,0.579439494367578,0.726027837982187
"loglog",4000,795,2,1,2000,2041.41138383983,-64.3481912748373,2105.75957511467,1997.42233652108,1998.68516822876,2.52566341535929,51.076399562727,44.7203288083526,44.7213595499958,0.861240175410761,2.39431170877062,0.244357644843898
"loglog",4000,795,5,0,800,812.085457884199,-26.0744131283725,838.159871012571,797.77370617956,798.218814147277,2.22553983858638,37.1162163061539,35.7770465120749,35.7770876399966,0.385592959869293,1.11638776140489,0.356739304471761
"loglog",4000,795,5,1,800,847.116574595856,-26.0195364989708,873.136111094827,797.744154386266,798.188392506919,2.2211906032658,37.1104157229645,35.7755728844258,35.7770876399966,1.33041948595143,2.09494111610817,0.110910314405198
"loglog",4000,795,10,0,400,420.125980017837,-13.0077492462091,433.133729264046,397.874438978216,398.086860209804,2.12421231588094,27.2835938263566,26.8327165730909,26.8328157299975,0.815564884202498,1.30612451999691,0.21369075527454
"loglog",4000,795,10,1,400,448.088348928529,-13.0729015302749,461.161250458803,397.848214642898,398.061368968257,2.13154325358628,27.2806899475241,26.831463146685,26.8328157299975,1.8416005747021,2.35171228440229,0.0418791900009464
"loglog",4000,795,25,0,160,185.463017451822,-5.12867753298663,190.591694984809,157.927848814504,158.010611203725,2.06905973051714,17.6376919852507,17.5267712991252,17.5271218401653,1.56115486427271,1.8589324425492,0.0667411746039113
"loglog",4000,795,25,1,160,175.367848778082,-5.18615499328459,180.554003771367,157.914079331826,157.997061706773,2.07455937366702,17.6363558826789,17.5258695891287,17.5271218401653,0.989647156269825,1.28706549765643,0.163411097947724
"loglog",4000,795,50,0,80,104.409943652449,-2.50253869127788,106.912482343727,77.9422699538438,77.9833046648266,2.05173554913986,12.5597775708358,12.5210258566126,12.5219806739988,2.10733618086235,2.31044788264076,0.0246393367611406
"loglog",4000,795,50,1,80,105.236329885071,-2.60050055818278,107.836830443254,77.9388939507815,77.979913350586,2.05096999022128,12.5589758723554,12.5203789873669,12.5219806739988,2.17353996151676,2.38466560179955,0.021660817604046
"loglog",4000,796,2,0,2000,1942.64670881436,-98.9960501497456,2041.64275896411,1997.48761692221,1998.74362497646,2.51201610850091,51.5373559923312,44.7213433684254,44.7213595499958,-1.06410014739618,0.959254144810288,0.808749937197983
"loglog",4000,796,2,1,2000,1982.24573125996,-97.705846168797,2079.95157742876,1997.16517700236,1998.4219343434,2.51351468208394,51.5599351000598,44.7151986410269,44.7213595499958,-0.289361220363104,1.82330942415974,0.594573663152573
"loglog",4000,796,5,0,800,805.607968682722,-39.7244552278003,845.332423910522,797.778776479143,798.222864545724,2.22044033290632,37.2151354618025,35.7770439290426,35.7770876399966,0.210376560676897,1.31675382287679,0.418195929966497
"loglog",4000,796,5,1,800,796.592296649588,-39.1740572112493,835.766353860837,797.583492271999,798.024715422193,2.20611575097128,37.2167482880064,35.767980459476,35.7770876399966,-0.0266330528057067,1.0551794636939,0.507406496238156
"loglog",4000,796,10,0,400,414.708168104397,-19.7628783771288,434.471046481526,397.871736535539,398.084426781716,2.12690246176956,27.3172475812699,26.8327139731916,26.8328157299975,0.616329720582889,1.35605439450378,0.271704446326929
"loglog",4000,796,10,1,400,437.981682467723,-19.7608484020003,457.742530869723,397.761436821279,397.973584034254,2.12147212975215,27.3136730137941,26.825059929828,26.8328157299975,1.47253156417782,2.22810114839703,0.0814022644229489
"loglog",4000,796,25,0,160,168.985333283108,-7.94164995986612,176.926983242974,157.928046305706,158.010799092435,2.06881966823711,17.6459886084242,17.5267625991467,17.5271218401653,0.626617596937766,1.07927428374362,0.260596573471289
"loglog",4000,796,25,1,160,197.658477623709,-7.82243458140204,205.480912205112,157.875348176484,157.958267620719,2.07298610586264,17.641764846021,17.5214754917327,17.5271218401653,2.25505383358502,2.71225129452228,0.0176713940335136
"loglog",4000,796,50,0,80,101.167252317054,-4.02231229410327,105.189564611157,77.9417654315432,77.9828077889575,2.05211787071403,12.5626666400186,12.5210031158406,12.5219806739988,1.84877045224819,2.17288954970225,0.0400705446793065
"loglog",4000,796,50,1,80,129.898263117875,-3.94280927066259,133.841072388537,77.9144473522127,77.955545570444,2.05491091156926,12.5592139609257,12.5171760643382,12.5219806739988,4.13909787088544,4.46470725751897,0.000206541649575739
"loglog",4000,797,2,0,2000,1925.68314076322,-93.0620198482626,2018.74516061148,1997.47566844513,1998.73765954448,2.52398219871615,51.7738986489035,44.7213447634711,44.7213595499958,-1.38665485032831,0.447381472377789,0.874417576098133
"loglog",4000,797,2,1,2000,1887.33308772726,-93.0490062788521,1980.38209400611,1997.46441691101,1998.73202444448,2.53521506693671,51.7736626452329,44.72134439858,44.7213595499958,-2.12716898046024,-0.410317057439606,0.96192589612967
"loglog",4000,797,5,0,800,760.449282476533,-37.2139967063732,797.663279182907,797.764053326533,798.211090201346,2.23518437406375,37.2676431479111,35.7770451970022,35.7770876399966,-1.00126457425553,-0.0153118016153439,0.825967823692698
"loglog",4000,797,5,1,800,756.542792462675,-37.1822906873485,793.725083150023,797.756819343285,798.205300835058,2.24240745886569,37.2675519567659,35.7770447012491,35.7770876399966,-1.1058957381591,-0.125226041514779,0.850714276081328
"loglog",4000,797,10,0,400,371.044996231229,-18.5753735845689,389.620369815798,397.861494359984,398.075205864824,2.13711504839401,27.3351420875785,26.8327127862931,26.8328157299975,-0.981026476571395,-0.315094344592135,0.829980747960544
"loglog",4000,797,10,1,400,368.654388039599,-18.5507700944919,387.205158134091,397.858704092067,398.072693941972,2.13989849905479,27.3351014920167,26.8327123206996,26.8328157299975,-1.06838147504214,-0.405010707750831,0.851542041327433
"loglog",4000,797,25,0,160,171.352626271698,-7.44352030731288,178.796146579011,157.9156121109,157.998861565342,2.08123636104003,17.6504328554186,17.5267631479891,17.5271218401653,0.761285248405257,1.18660158969827,0.221176211376121
"loglog",4000,797,25,1,160,171.928659660917,-7.43390791478163,179.362567575698,157.916477247358,157.999691985433,2.08036845188219,17.6504240576626,17.5267628455817,17.5271218401653,0.793872281356084,1.21887172083524,0.212178289446886
"loglog",4000,797,50,0,80,101.71893389688,-3.69817857675532,105.417112473635,77.9350051905062,77.9761843957923,2.05896026430118,12.5642439539732,12.5210184734816,12.5219806739988,1.89298526783641,2.19158913757381,0.0369700498033217
"loglog",4000,797,50,1,80,102.40980129441,-3.68523168750601,106.095032981916,77.9356955859883,77.9768609553019,2.05826846567777,12.5642408276645,12.5210182545071,12.5219806739988,1.94791758961936,2.24567774401993,0.0333805368417209
"loglog",4000,798,2,0,2000,2006.16091628381,-74.4122036587855,2080.57311994259,1997.48889148227,1998.74426703623,2.5107511079288,50.5820988367022,44.721344022391,44.7213595499958,0.17144454265401,1.82974941149777,0.444540368959336
"loglog",4000,798,2,1,2000,1982.50200068054,-73.9648984455651,2056.4668991261,1997.39548668617,1998.65786570348,2.52475803460955,50.5626412522894,44.7197339114527,44.7213595499958,-0.294555142626405,1.29269627447,0.592993037163005
"loglog",4000,798,5,0,800,798.670371873488,-29.7275353443247,828.397907217812,797.757638396703,798.20595842766,2.24160015478664,37.0048809517621,35.7770469234166,35.7770876399966,0.0246652185687343,0.843891583751467,0.486652699066725
"loglog",4000,798,5,1,800,768.012618499179,-29.4577992526408,797.47041775182,797.697926834593,798.148254638907,2.25163902157379,36.996770086329,35.7748862650974,35.7770876399966,-0.802375674042489,-0.0189472827967704,0.77140927745029
"loglog",4000,798,10,0,400,438.339544755149,-15.0014250597758,453.340969814924,397.85639799563,398.070621822844,2.14223827213538,27.2457585704089,26.8327148471084,26.8328157299975,1.48585133553545,2.05981199841345,0.0796249002793592
"loglog",4000,798,10,1,400,420.181990948529,-14.8839257699898,435.065916718519,397.830881962572,398.044827452596,2.13945490024155,27.2415529821908,26.8308361138639,26.8328157299975,0.820478516792696,1.37979633242938,0.213133697970799
"loglog",4000,798,25,0,160,189.224363396393,-5.95845307179029,195.182816468183,157.916447688005,157.999667858943,2.08050427344398,17.6283531334684,17.5267767463075,17.5271218401653,1.77599776175051,2.12150523438792,0.0455641874845616
"loglog",4000,798,25,1,160,165.841603075152,-5.91574821797611,171.757351293128,157.902362871472,157.985657570294,2.08236747054897,17.6263937778638,17.5254428751544,17.5271218401653,0.450417726038218,0.78581145258005,0.318680095310641
"loglog",4000,798,50,0,80,94.3273323543572,-3.0826813328103,97.4100136871675,77.9337180800903,77.974931660473,2.06067901913942,12.5565756474091,12.5210897882625,12.5219806739988,1.30558001915511,1.55218773727773,0.100572967575004
"loglog",4000,798,50,1,80,106.469263730721,-2.9559801675147,109.425243898236,77.9283842483293,77.9695862049432,2.06009783069645,12.5554397691181,12.520165415678,12.5219806739988,2.2731883555837,2.51239952899528,0.0178082617154699
"loglog",4000,799,2,0,2000,1868.80664763014,-78.8087536481793,1947.61540127832,1997.46217631207,1998.73092252385,2.53749242355591,49.9828991896379,44.721345906849,44.7213595499958,-2.57399092025062,-1.14297815079176,0.981188316692894
"loglog",4000,799,2,1,2000,1909.24022874853,-79.3783664441401,1988.61859519267,1997.44695689611,1998.71013630156,2.52635881089675,49.9898286787056,44.7208450473684,44.7213595499958,-1.76449350755942,-0.22565631526423,0.92144812285585
"loglog",4000,799,5,0,800,738.982912141202,-31.458076865567,770.440989006769,797.746676687203,798.197197350775,2.25260331786186,36.8744050846845,35.7770493864667,35.7770876399966,-1.59361932514019,-0.775810437696556,0.933005541515273
"loglog",4000,799,5,1,800,766.721770034092,-31.6651283269351,798.386898361027,797.73959963067,798.188149119727,2.24274744528008,36.8762291345681,35.7763246215606,35.7770876399966,-0.841133443535915,0.00555532865387065,0.781320604754714
"loglog",4000,799,10,0,400,381.900543807622,-15.6815434540039,397.582087261625,397.844244203966,398.059688704097,2.15444500130931,27.2015211690242,26.8327204566098,26.8328157299975,-0.586132676083572,-0.0177992180570513,0.710483661171352
"loglog",4000,799,10,1,400,394.85422247998,-15.7947675087843,410.648989988765,397.838667730986,398.053727137484,2.1505940649853,27.2018892140459,26.8320988504347,26.8328157299975,-0.109714631492002,0.469410273176464,0.53511985401279
"loglog",4000,799,25,0,160,175.186577725651,-6.29590489955848,181.48248262521,157.911565381189,157.994981425476,2.0854011071936,17.6174166582809,17.5267788660952,17.5271218401653,0.980564442536613,1.3400922884449,0.165769245857652
"loglog",4000,799,25,1,160,190.037363030661,-6.35238135123392,196.389744381895,157.905608215107,157.989087867725,2.08699131544272,17.617213829889,17.5263038851462,17.5271218401653,1.82388402194671,2.19102993796168,0.0418156391601085
"loglog",4000,799,50,0,80,107.420653870936,-3.10171947045645,110.522373341393,77.9347019904282,77.9758948035271,2.0596406549454,12.5527466899265,12.5210817653715,12.5219806739988,2.34896414377344,2.59933439839653,0.0152658493047877
"loglog",4000,799,50,1,80,115.078396041753,-3.10463702885378,118.183033070606,77.9310529188501,77.9722758937655,2.06114874577024,12.5525095843432,12.5207479536336,12.5219806739988,2.95935588603228,3.21152996017076,0.00404315424374766
"loglog",4000,800,2,0,2000,1899.87674353496,-66.3323704189995,1966.20911395396,1997.48853767081,1998.74409407,2.51111279838564,50.035513273018,44.7213455650843,44.7213595499958,-1.95085026115808,-0.727504499360151,0.941537877437564
"loglog",4000,800,2,1,2000,1884.69266650677,-66.2436485782446,1950.93631508501,1997.47432011789,1998.7335856157,2.51853099561998,50.0306511713155,44.7212116457391,44.7213595499958,-2.2542511634505,-1.06878299517727,0.965383476924473
"loglog",4000,800,5,0,800,739.183290083926,-26.692787785978,765.876077869904,797.745051175394,798.195886988948,2.25417906777314,36.8857777382189,35.7770467524531,35.7770876399966,-1.58765151997295,-0.903367160030565,0.932317575360851
"loglog",4000,800,5,1,800,752.87811215654,-26.4153081910668,779.293420347607,797.762778618357,798.209207871134,2.2321462638871,36.8840026161312,35.7768601534512,35.7770876399966,-1.21691419797769,-0.528715696190078,0.871751637617533
"loglog",4000,800,10,0,400,393.224487378186,-13.4226821874784,406.647169565665,397.848611645138,398.063615183021,2.15003537882543,27.2053773972271,26.8327171545079,26.8328157299975,-0.169970965645313,0.319891359984836,0.558153530475691
"loglog",4000,800,10,1,400,395.97448304607,-13.2826631276818,409.257146173752,397.855976449192,398.070000508634,2.1402405944264,27.2046178105042,26.8325566091408,26.8328157299975,-0.0691608099855397,0.416924329204868,0.519250440964591
"loglog",4000,800,25,0,160,175.52822962942,-5.34653583669959,180.874765466119,157.909923616299,157.993406110973,2.08706236685764,17.6183786748394,17.5267819866733,17.5271218401653,0.999995875799919,1.30550829995741,0.161344293933938
"loglog",4000,800,25,1,160,160.861294083327,-5.33338487244902,166.194678955776,157.913636322363,157.996927039734,2.0822679342719,17.6181044128803,17.5266644074867,17.5271218401653,0.16730845111855,0.46773029513478,0.421734980590931
"loglog",4000,800,50,0,80,102.30100212276,-2.7409939017244,105.041996024484,77.930516353392,77.9717900599425,2.06368532752812,12.5530578359358,12.5210596035762,12.5219806739988,1.94139834993844,2.1619740518454,0.0339249819914188
"loglog",4000,800,50,1,80,97.6792368250168,-2.72635923788043,100.405596062897,77.9305538441238,77.9718156366238,2.063089625002,12.5529151337959,12.5209726084139,12.5219806739988,1.57323480405951,1.79169631049255,0.065255728071835
