"scen","n","rep","m","oracle","G","HL","C","EF","mu","muEF","d","sdHL","sdEF","sdEF_simple","zHL","zEF","pHL_chisq"
"loglog",1000,601,2,0,500,496.385302155243,-13.4961784246773,509.88148057992,497.467699593464,498.733137987282,2.53087678763628,24.3609606521709,22.3605940184272,22.3606797749979,-0.0444316401834798,0.498570949566493,0.512001233491531
"loglog",1000,601,2,1,500,492.820787335698,-12.6801442238993,505.500931559597,497.377542331724,498.638728428392,2.52237219333711,24.3393538216286,22.3568516638012,22.3606797749979,-0.187217583072252,0.306939601085065,0.55706714568235
"loglog",1000,601,5,0,200,182.330113028851,-5.4735211713898,187.803634200241,197.752285787196,198.201272251538,2.24493232170989,18.3012540314627,17.8882705567876,17.8885438199983,-0.842683934763829,-0.581254516376497,0.780976045083808
"loglog",1000,601,5,1,200,207.966190815052,-5.71181904663946,213.678009861691,197.685956494623,198.135679661908,2.24861583642217,18.2901962127101,17.8828960866801,17.8885438199983,0.562062549842102,0.869117067193597,0.299434835362681
"loglog",1000,601,10,0,100,100.460423446008,-2.82170066639632,103.282124112404,97.8550685919691,98.0690716671676,2.14003075198579,13.5539770589599,13.4157162299493,13.4164078649987,0.192220692325622,0.388578019681047,0.412219798391631
"loglog",1000,601,10,1,100,120.785777652485,-2.78656796264839,123.572345615133,97.8113614477619,98.0261803290048,2.14818881242937,13.5471073331349,13.4110387413161,13.4164078649987,1.69589091159925,1.90486104610428,0.0590318952199841
"loglog",1000,601,25,0,40,43.453217241133,-1.2092442701121,44.6624615112451,37.9196221596309,38.0023581584801,2.06839997122926,8.79449982603357,8.76089247724892,8.76356092008266,0.629210892144373,0.760208320106726,0.250289455607038
"loglog",1000,601,25,1,40,50.7902141136577,-1.15852311480863,51.9487372284664,37.8733116453346,37.9572559811708,2.09860839590553,8.79043932660677,8.75740434967814,8.76356092008266,1.46942626965486,1.59767445793567,0.0802426409630964
"loglog",1000,601,50,0,20,26.1744881252274,-0.527465167529226,26.7019532927566,17.9309378134348,17.9718900908519,2.0476138708568,6.26549713168287,6.25422328697101,6.26099033699941,1.31570570355978,1.39586688887354,0.0958347000446818
"loglog",1000,601,50,1,20,26.2266988755713,-0.487919521626175,26.7146183971975,17.9214804084455,17.9624679451508,2.04937683526774,6.26294494127879,6.2518310649771,6.26099033699941,1.32608837296118,1.39993393312824,0.0946863529184647
"loglog",1000,602,2,0,500,492.491811236928,-19.8379455641262,512.329756801054,497.470603284189,498.734664394765,2.52812222115214,25.0761917665146,22.3605682714244,22.3606797749979,-0.198546577312029,0.607994047434936,0.561209166264477
"loglog",1000,602,2,1,500,509.132947733468,-19.4031921982686,528.536139931737,497.431189016182,498.674611173367,2.48684431436959,25.0810719747801,22.357691451141,22.3606797749979,0.466557359631687,1.33562666000767,0.355224504024694
"loglog",1000,602,5,0,200,201.254067715404,-7.8667925657459,209.12086028115,197.772164539656,198.217117774867,2.22476617605423,18.4547937631223,17.8882033003551,17.8885438199983,0.188672017712027,0.609549339483762,0.422266143942946
"loglog",1000,602,5,1,200,182.803654020857,-7.95947343674006,190.763127457597,197.710889981768,198.158492977751,2.23801497991311,18.4534376021529,17.8841009887744,17.8885438199983,-0.807829754125175,-0.413516202172868,0.773486175304013
"loglog",1000,602,10,0,100,114.818285032739,-3.9473920034971,118.765677036236,97.8547543646053,98.0687353620345,2.13980997429179,13.6056983641556,13.4156094367176,13.4164078649987,1.24679602723105,1.54275076147901,0.117863584917822
"loglog",1000,602,10,1,100,90.7484663025134,-4.07599605680182,94.8244623593152,97.8407350315347,98.053343141585,2.12608110050297,13.6031598554498,13.4119336276099,13.4164078649987,-0.521369211593872,-0.240746850672058,0.685587651978594
"loglog",1000,602,25,0,40,33.5913898615539,-1.49255013396513,35.083939995519,37.9184143989135,38.0011810889758,2.06916725155725,8.80664084714441,8.76072830203628,8.76356092008266,-0.49133655073066,-0.332990704982688,0.6734177582227
"loglog",1000,602,25,1,40,33.8538528426337,-1.58743840932364,35.4412912519573,37.9105210006455,37.9931039275563,2.06457317276995,8.80421844230279,8.75800286508957,8.76356092008266,-0.460764142166241,-0.291369244211008,0.661588745544472
"loglog",1000,602,50,0,20,19.0514171178351,-0.687642859933854,19.739059977769,17.9390839190459,17.979831596605,2.03738387795255,6.26862594937351,6.25348856669173,6.26099033699941,0.17744450024178,0.281319516682945,0.388663657133417
"loglog",1000,602,50,1,20,21.4333726598246,-0.792663635799177,22.2260362956238,17.934291359978,17.9750161948144,2.03624174181853,6.26687979204067,6.25163426506945,6.26099033699941,0.558345048247246,0.679985411904485,0.258115111417131
"loglog",1000,603,2,0,500,479.170587823118,-9.79213625720018,488.962724080319,497.467270183557,498.732909271112,2.53127817511165,26.5598053641564,22.3605272650696,22.3606797749979,-0.688886161234089,-0.436938944908348,0.720096824149704
"loglog",1000,603,2,1,500,465.643685180534,-11.2831046673394,476.926789847873,497.185440802499,498.44204435359,2.51320710218137,26.5776942049194,22.3498803960288,22.3606797749979,-1.18677547340158,-0.962656359876531,0.847811445219693
"loglog",1000,603,5,0,200,173.280219727099,-4.16164908373398,177.441868810833,197.770535260837,198.215787801734,2.22626270448719,18.7835561640163,17.8881760272868,17.8885438199983,-1.30381677036502,-1.16132125260913,0.896914734123381
"loglog",1000,603,5,1,200,187.660114249221,-4.11402383286059,191.774138082082,197.574172174502,198.021622702805,2.23725264151398,18.7784316778765,17.871811961537,17.8885438199983,-0.527949197001423,-0.349571975923245,0.689795971509924
"loglog",1000,603,10,0,100,83.5755534152064,-2.21665117421567,85.7922045894221,97.8614020323363,98.0746513241503,2.13249291813964,13.7171320429113,13.41547099048,13.4164078649987,-1.04146031199813,-0.915543460490069,0.850238086147001
"loglog",1000,603,10,1,100,101.852716914446,-2.27459243382383,104.12730934827,97.7754329818278,97.9864550382074,2.11022056379568,13.7072678025975,13.4010112865316,13.4164078649987,0.297454167477903,0.458238126866911,0.374803834748093
"loglog",1000,603,25,0,40,45.8804650833934,-0.794917373568479,46.6753824569619,37.9236061128315,38.006099567507,2.06233636688733,8.83348336012332,8.76032439351612,8.76356092008266,0.900761188556855,0.989607519085865,0.177896723761053
"loglog",1000,603,25,1,40,40.642235240568,-0.794830003348155,41.4370652439162,37.8693814897978,37.9522954183177,2.07284821299815,8.82513660850855,8.75077415249875,8.76356092008266,0.314199527302149,0.398224175926588,0.354772475105271
"loglog",1000,603,50,0,20,25.9345137588497,-0.508684414116923,26.4431981729666,17.9391754646277,17.979866522848,2.03455291101619,6.27674345229808,6.25256159967012,6.26099033699941,1.2738035822214,1.35357829190601,0.101264701687356
"loglog",1000,603,50,1,20,16.2559957055295,-0.576039858915198,16.8320355644447,17.9109414687775,17.9517599465524,2.04092388874349,6.27027744116421,6.24573115445981,6.26099033699941,-0.263935013845365,-0.179278350991473,0.574686613232318
"loglog",1000,604,2,0,500,457.147664339176,-32.1226491030229,489.270313442199,497.499659744616,498.749052701762,2.4987859142921,27.5948200963981,22.3605460490828,22.3606797749979,-1.46230326070169,-0.42390464162889,0.904965364479213
"loglog",1000,604,2,1,500,496.637028180314,-32.1733928938903,528.810421074204,497.259388478812,498.541753295819,2.56472963401417,27.62357721334,22.3523743994421,22.3606797749979,-0.0225300399615757,1.35415894694125,0.508814262534771
"loglog",1000,604,5,0,200,186.951046008019,-12.6926951681793,199.643741176199,197.724352962813,198.178776341189,2.27211689188142,19.0206699270079,17.8881360122894,17.8885438199983,-0.566399974140558,0.0818958908856222,0.70272035117748
"loglog",1000,604,5,1,200,198.592845276068,-12.4650984057218,211.05794368179,197.642547818099,198.088557531046,2.23004856473523,19.0248144959113,17.8769076952298,17.8885438199983,0.0499504191315002,0.725482637816901,0.474778562951834
"loglog",1000,604,10,0,100,105.639495816571,-6.43136738001889,112.070863196589,97.8481206617291,98.0626816868862,2.14561025157027,13.7985387010664,13.4154419583826,13.4164078649987,0.564652194238461,1.04418337861395,0.281142260784602
"loglog",1000,604,10,1,100,92.8802706238851,-6.5147814382596,99.3950520621447,97.7932898511626,98.0062577764951,2.12967925332464,13.7947550049529,13.4058638165457,13.4164078649987,-0.356151249189532,0.103596031158809,0.627186972643035
"loglog",1000,604,25,0,40,42.9425673528256,-2.63847417218445,45.5810415250101,37.8868796836096,37.9708642098972,2.09961315718959,8.85337422813792,8.76043498350756,8.76356092008266,0.571046421278338,0.868698566845124,0.267676366968766
"loglog",1000,604,25,1,40,33.6823831087898,-2.40232664907427,36.084709757864,37.868229159611,37.9516863307693,2.08642927895772,8.84795956230563,8.75345782308888,8.76356092008266,-0.473086028631271,-0.213284465480691,0.669328701401971
"loglog",1000,604,50,0,20,19.3406678342663,-1.25100721051146,20.5916750447778,17.9220418578629,17.9631143182783,2.05362302077069,6.28421837547993,6.25316965944434,6.26099033699941,0.225744220146558,0.420356534310474,0.371133430226287
"loglog",1000,604,50,1,20,18.7716194353325,-1.30829296195576,20.0799123972883,17.9145678811566,17.9554680843524,2.04501015979101,6.27968184972007,6.24814261667611,6.26099033699941,0.136480091617083,0.340012135328952,0.406011979828948
"loglog",1000,605,2,0,500,473.712086071018,-26.9912466583189,500.703332729337,497.512198649151,498.755490897623,2.48658449694385,24.8611294960142,22.3606057592079,22.3606797749979,-0.957322256092548,0.0871104232456453,0.776748624524802
"loglog",1000,605,2,1,500,438.822052562565,-28.0133700606434,466.835422623209,497.397217550234,498.655251390199,2.51606767992832,24.8472101645806,22.3570927503837,22.3606797749979,-2.35741415634531,-1.42325431675117,0.9734232923043
"loglog",1000,605,5,0,200,195.678040232571,-10.9019495747359,206.579989807307,197.770750776918,198.216021213467,2.22635218274438,18.4084501358456,17.8882488503271,17.8885438199983,-0.113682060624524,0.467567768305469,0.533312742653161
"loglog",1000,605,5,1,200,172.941407635076,-11.2686596676889,184.210067302765,197.727119978146,198.170229634628,2.21554828240809,18.4000551243821,17.8834831406898,17.8885438199983,-1.3470455482618,-0.78061763595148,0.900217356834857
"loglog",1000,605,10,0,100,83.9705144310964,-5.44061408433382,89.4111285154302,97.8662401015069,98.0790944945791,2.12854393072179,13.5901345143159,13.4156660724516,13.4164078649987,-1.02248624954908,-0.646107761801559,0.84282341460112
"loglog",1000,605,10,1,100,98.005309488223,-5.5852675137219,103.590577001945,97.8269481839081,98.0407648839905,2.13816700082363,13.5849116016513,13.411725816368,13.4164078649987,0.0131293680478008,0.413802980611289,0.4808496557518
"loglog",1000,605,25,0,40,48.1133959750625,-2.3363639547086,50.4497599297711,37.9256612974637,38.0081415356394,2.0620059543922,8.8030903003101,8.76078973299404,8.76356092008266,1.1572907161068,1.42014804296412,0.125961949554542
"loglog",1000,605,25,1,40,37.7506702791361,-2.35608436155012,40.1067546406863,37.9038997752195,37.9867745270651,2.07186879613873,8.80011145985334,8.75818667117775,8.76356092008266,-0.0174122221954174,0.242056968321741,0.480879979830099
"loglog",1000,605,50,0,20,23.4221723201691,-1.22965215497993,24.651824475149,17.9384337975074,17.9792075212621,2.03868618773719,6.26786239714635,6.25373784705342,6.26099033699941,0.874897720338975,1.06698059897584,0.174883985968951
"loglog",1000,605,50,1,20,22.2283052211872,-1.19772008185715,23.4260253030443,17.9278943521544,17.9687621900248,2.04339189351802,6.26592353080085,6.25191422574912,6.26099033699941,0.686317164244602,0.872894751265665,0.222006681753464
"loglog",1000,606,2,0,500,498.925424318757,-8.75841183907146,507.683836157829,497.483657486193,498.741136355804,2.51495773922209,25.0834340660957,22.3605710990589,22.3606797749979,0.0574788455506198,0.399931636916065,0.47989067793633
"loglog",1000,606,2,1,500,501.419228626766,-9.13322043722087,510.552449063986,497.478322245547,498.719457865643,2.48227124019109,25.0907522920379,22.3591964428395,22.3606797749979,0.157066090938564,0.529222560774675,0.448595915382144
"loglog",1000,606,5,0,200,214.391117337142,-3.98805566910665,218.379173006249,197.768805981466,198.214430985605,2.22812502069435,18.4564007655531,17.8882172778422,17.8885438199983,0.900625835276609,1.12726392504308,0.201780633566065
"loglog",1000,606,5,1,200,195.901519713557,-3.69164415797274,199.593163871529,197.739130896588,198.186119110163,2.2349410678785,18.4574837896984,17.8862400989866,17.8885438199983,-0.0995591383944007,0.0786663241452165,0.528813819430717
"loglog",1000,606,10,0,100,108.73198260424,-1.89335317010807,110.625335774348,97.8606215622636,98.0740283792976,2.13406817033986,13.6061974752849,13.4156310683079,13.4164078649987,0.799000680515179,0.935573386830895,0.215502707969675
"loglog",1000,606,10,1,100,103.920013046059,-1.85561991811359,105.775632964173,97.8510658072556,98.0640921199866,2.13026312731038,13.605703605136,13.4138494600393,13.4164078649987,0.446059051037432,0.574893945780383,0.322026761934649
"loglog",1000,606,25,0,40,56.2686475752271,-0.856151997351715,57.1247995725789,37.9096861423713,37.9928312384178,2.07862740116241,8.80708281115428,8.76091429488329,8.76356092008266,2.08456782189036,2.18378672478681,0.028412253389426
"loglog",1000,606,25,1,40,58.0623529174338,-0.863512880622475,58.9258657980563,37.9075990195573,37.9906054884946,2.07516172343358,8.80618090940493,8.75970642700944,8.76356092008266,2.28870541103141,2.38994999250323,0.0196100178599919
"loglog",1000,606,50,0,20,36.0580450982912,-0.381570064228922,36.4396151625201,17.9342513331401,17.9750773123923,2.04129896260667,6.2683695503921,6.25321016746573,6.26099033699941,2.89130907478442,2.95280941398633,0.00693617063738181
"loglog",1000,606,50,1,20,36.412032129746,-0.502493794018481,36.9145259237644,17.9348010908672,17.9755599042848,2.03794067088302,6.26760043949361,6.25233199525887,6.26099033699941,2.9480550359352,3.02910434600098,0.00624584980413102
"loglog",1000,607,2,0,500,454.708444891211,-7.57842554006016,462.286870431271,497.47235977338,498.735393333908,2.52606712105562,25.1883025703279,22.3605453295484,22.3606797749979,-1.69776882593688,-1.63003729853007,0.918092854315213
"loglog",1000,607,2,1,500,482.724986101765,-7.10122272894476,489.82620883071,497.380071552102,498.630718127255,2.50129315030631,25.1632553251896,22.3561347564998,22.3606797749979,-0.582400220517811,-0.39382967549813,0.68005969999043
"loglog",1000,607,5,0,200,194.819172883091,-2.97786022628887,197.79703310938,197.796994904353,198.236936168702,2.19970632174507,18.479189580803,17.8881838794621,17.8885438199983,-0.161144622075583,-0.0245918234229892,0.550590048009523
"loglog",1000,607,5,1,200,208.746359627028,-3.26764956341025,212.014009190438,197.72023457738,198.160341688755,2.20053555687553,18.4655840043229,17.881641998408,17.8885438199983,0.597117591681214,0.774742470681214,0.28640645584014
"loglog",1000,607,10,0,100,97.8622923757813,-1.40763923363074,99.269931609412,97.8720155776172,98.0843110834082,2.12295505790961,13.6140397918545,13.4156677198906,13.4164078649987,-0.000714204011783672,0.0883758118312671,0.484920816412577
"loglog",1000,607,10,1,100,120.37153810295,-1.61773430372406,121.989272406674,97.8455702564109,98.0562418582063,2.10671601795488,13.6056772749513,13.4100335674396,13.4164078649987,1.65563002791569,1.7847107114317,0.0621261316761052
"loglog",1000,607,25,0,40,47.6254250495345,-0.668705982587183,48.2941310321217,37.9226784374261,38.0052989264556,2.0655122257365,8.80903722414948,8.76088374513747,8.76356092008266,1.10145369638226,1.17440573405356,0.136167828036313
"loglog",1000,607,25,1,40,49.8918918703502,-0.726040947522516,50.6179328178727,37.9206876141754,38.002679733456,2.04980298201649,8.80449626667792,8.75703105559569,8.76356092008266,1.35966941135313,1.44058562820279,0.0937600735371168
"loglog",1000,607,50,0,20,28.8800844946689,-0.464703955823454,29.3447884504924,17.9393786041923,17.9801480243785,2.03847100930944,6.26994614490775,6.25393679098984,6.26099033699941,1.74494415703432,1.8171978396851,0.0498644462540859
"loglog",1000,607,50,1,20,27.7032099653454,-0.474360562160278,28.1775705275057,17.9396119386818,17.980191764608,2.02899129631158,6.26681302890976,6.2510526283731,6.26099033699941,1.55798457391703,1.63130585665085,0.0667176780131266
"loglog",1000,608,2,0,500,464.997025225145,-33.2921470762701,498.289172301415,497.5094292678,498.753845026463,2.48883151732536,27.1457048448103,22.3605406310976,22.3606797749979,-1.19769975502666,-0.0207809253234952,0.852803012240991
"loglog",1000,608,2,1,500,469.380901832321,-29.3075962127536,498.688498045075,496.557454861556,497.833707335951,2.55250494879125,26.9873537513722,22.3115047797365,22.3606797749979,-1.00701066431356,0.0383116565898276,0.816890822596487
"loglog",1000,608,5,0,200,201.622842450708,-13.307847857326,214.930690308034,197.749767843511,198.199114290309,2.24673223398653,18.9172583774087,17.8881591500335,17.8885438199983,0.204737627933528,0.935343647012089,0.415111857472032
"loglog",1000,608,5,1,200,197.101636144605,-12.5175390908943,209.6191752355,197.142480528493,197.594270101073,2.2589478628995,18.8156707144126,17.8315263929381,17.8885438199983,-0.002170764173509,0.674362074757057,0.504663888604798
"loglog",1000,608,10,0,100,95.6841502787906,-6.61940919164083,102.303559470431,97.8668073683009,98.0795254081542,2.12718039853314,13.7631010610511,13.4155070920693,13.4164078649987,-0.158587594454788,0.314862049812067,0.547363364536147
"loglog",1000,608,10,1,100,96.9484676473782,-6.59275428915382,103.541221936532,97.5187010288078,97.7308149608474,2.12113932039596,13.6976387227735,13.3670312420017,13.4164078649987,-0.0416300497458461,0.434681932771068,0.511047272812238
"loglog",1000,608,25,0,40,32.1826501605708,-2.67929138563174,34.8619415462025,37.9347641871756,38.0167874841539,2.05058242445906,8.84492395703838,8.76023258815747,8.76356092008266,-0.650329392829602,-0.360132668419818,0.734725972357169
"loglog",1000,608,25,1,40,39.5250868301298,-2.40421971388857,41.9293065440184,37.7822765037217,37.8645935188778,2.05792537890457,8.80800874411056,8.72813151628815,8.76356092008266,0.197866552706762,0.465702540979719,0.401692902296231
"loglog",1000,608,50,0,20,20.6187461042038,-1.45519238983318,22.073938494037,17.9471415772581,17.9876454008232,2.02519117825578,6.28052523301287,6.25218814783415,6.26099033699941,0.425379156651222,0.653578074842381,0.299082141731188
"loglog",1000,608,50,1,20,22.5685540218023,-1.06391015835946,23.6324641801617,17.8722506357234,17.9127894279732,2.02693961249117,6.25561279966729,6.22916280838723,6.26099033699941,0.750734346334327,0.918209224598732,0.20771778112184
"loglog",1000,609,2,0,500,464.873364386986,-35.8968763384649,500.770240725451,497.49872029423,498.748626425762,2.49981226306398,27.3906295257508,22.3605517126688,22.3606797749979,-1.19111376671982,0.0904098577560374,0.853745427466675
"loglog",1000,609,2,1,500,466.28869809351,-35.4269638368407,501.715661930351,497.287272953824,498.529429265468,2.4843126232863,27.3528666449605,22.3516655112729,22.3606797749979,-1.13328431943442,0.142550122865613,0.842726669291619
"loglog",1000,609,5,0,200,218.365540556698,-14.2154878458752,232.581028402573,197.779703663318,198.22314636345,2.21721350065621,18.9739350282609,17.8881966043038,17.8885438199983,1.08495348290788,1.92070127577071,0.153032002501653
"loglog",1000,609,5,1,200,179.638252843659,-14.5517194028544,194.189972246514,197.648021009401,198.090493353557,2.21236172078232,18.9492781382716,17.8760104692857,17.8885438199983,-0.950419748674619,-0.218198636309005,0.820980904813561
"loglog",1000,609,10,0,100,89.5907033952149,-7.02395762553217,96.6146610207471,97.8659705874841,98.0787965203306,2.12825932846506,13.782884910648,13.4155599853821,13.4164078649987,-0.60040167540513,-0.109137114006336,0.715921676114691
"loglog",1000,609,10,1,100,83.7174599049904,-7.34473133284217,91.0621912378326,97.7992791350738,98.0109069496157,2.11627814541868,13.7674682567998,13.4050083025399,13.4164078649987,-1.0228328816468,-0.51836713226552,0.847598658113374
"loglog",1000,609,25,0,40,38.9653628659125,-2.84444149279522,41.8098043587077,37.915105447098,37.9979829204182,2.07193683300515,8.85037906657842,8.76061536971083,8.76356092008266,0.118668071832155,0.435108868204468,0.426137162173286
"loglog",1000,609,25,1,40,48.2758037443782,-2.90390348311703,51.1797072274953,37.8851770487074,37.9679332558851,2.06890517944122,8.8417419402746,8.75337703292665,8.76356092008266,1.17517868830134,1.5093345027768,0.122700983822407
"loglog",1000,609,50,0,20,27.3679974318057,-1.47833288756223,28.8463303193679,17.9360501913637,17.9768390450056,2.03944268209584,6.28359337289545,6.2531829809385,6.26099033699941,1.50104354001121,1.73823336171285,0.0723472317164008
"loglog",1000,609,50,1,20,22.2853895190925,-1.30257587944257,23.587965398535,17.9275135428111,17.9681168001296,2.03016286592335,6.27747304982603,6.24759878346419,6.26099033699941,0.6942086316726,0.899521367037808,0.219560872554698
"loglog",1000,610,2,0,500,465.551246304868,-34.3193629178331,499.870609222701,497.470452142086,498.734468291277,2.52803229838011,25.659840726902,22.3605295535782,22.3606797749979,-1.24393624173022,0.0508101084413955,0.848531497997642
"loglog",1000,610,2,1,500,470.57332529539,-34.5811781470744,505.154503442465,497.419438755397,498.698424097107,2.55797068341965,25.667601291301,22.3596496664258,22.3606797749979,-1.04591438659698,0.288737947225165,0.806291066871847
"loglog",1000,610,5,0,200,187.103168616321,-13.4056325716015,200.508801187922,197.754451017742,198.202904900497,2.24226941377548,18.5827806028159,17.888189951453,17.8885438199983,-0.573180226849743,0.128906071194646,0.699965608530945
"loglog",1000,610,5,1,200,189.298328468908,-13.5175713983123,202.81589986722,197.727757866085,198.178808933406,2.255255336605,18.584733173417,17.8869970186471,17.8885438199983,-0.453567415712728,0.259243680142609,0.659176613706994
"loglog",1000,610,10,0,100,93.0500979210762,-6.77431713932033,99.8244150603965,97.8484684315026,98.0630864334063,2.14618001903762,13.6492992957992,13.4156310562474,13.4164078649987,-0.351547021311426,0.131289286326191,0.622424100226876
"loglog",1000,610,10,1,100,113.357663291433,-6.8774049908739,120.235068282307,97.8567098696803,98.0697159510858,2.13006081405522,13.6494613694315,13.4145873049155,13.4164078649987,1.1356457959922,1.65233203432947,0.137537201158663
"loglog",1000,610,25,0,40,45.5903264851957,-2.61365852747214,48.2039850126678,37.9065548254736,37.9897880855122,2.08083150096391,8.8175994723089,8.7607148441627,8.76356092008266,0.871413096484189,1.16590907350002,0.18565790204036
"loglog",1000,610,25,1,40,48.1354002217605,-2.74251132105236,50.8779115428128,37.9170496929039,37.9997168015352,2.06667771578143,8.8171613758305,8.7599138347124,8.76356092008266,1.15891612881976,1.47012801544303,0.125516199954442
"loglog",1000,610,50,0,20,31.0408540860217,-1.19921100043275,32.2400650864544,17.9185119732708,17.9596328339765,2.05604303528856,6.27206813202776,6.25291978859481,6.26099033699941,2.09218743108718,2.28380224523671,0.0284755600224851
"loglog",1000,610,50,1,20,35.1013587771635,-1.26399061070481,36.3653493878683,17.9223385053981,17.9633489806009,2.05052376014292,6.27166084238952,6.2523899456665,6.26099033699941,2.7391500757908,2.94319461312897,0.00917856300884142
"loglog",1000,611,2,0,500,488.631913050235,-18.6442483580957,507.276161408331,497.486508986765,498.742552740035,2.51208750654159,25.0612226964739,22.360576448224,22.3606797749979,-0.353318592782593,0.381636345022458,0.609325596047038
"loglog",1000,611,2,1,500,486.789728438319,-18.5585718476432,505.348300285962,497.468126754331,498.732162755712,2.52807200276126,25.064167073482,22.3604894204754,22.3606797749979,-0.426042416837762,0.295885184167413,0.631845759477512
"loglog",1000,611,5,0,200,205.104820467824,-7.689365347735,212.794185815559,197.765534795491,198.211831003806,2.23148104157739,18.4516946181403,17.8882231603351,17.8885438199983,0.397756727727226,0.815193028455038,0.349652859162517
"loglog",1000,611,5,1,200,217.648467329905,-7.62105770052062,225.269525030426,197.731049577801,198.183895354619,2.26422888408839,18.4526215409976,17.8880808364568,17.8885438199983,1.07938146934039,1.51417191835388,0.161154962855364
"loglog",1000,611,10,0,100,104.859456488012,-4.15660824730086,109.016064735312,97.858827190264,98.0724227605064,2.13595570242342,13.6046968387772,13.4156473980774,13.4164078649987,0.514574442981621,0.815737150066605,0.29932399793797
"loglog",1000,611,10,1,100,117.774507261355,-4.11543933808461,121.889946599439,97.8470118920632,98.0616910749472,2.14679182884,13.6049726642079,13.4155207426826,13.4164078649987,1.46472145598036,1.77617074890584,0.0846941408543013
"loglog",1000,611,25,0,40,45.6071003973501,-1.35492285408946,46.9620232514396,37.91829944568,38.0010846003571,2.06962886692841,8.80682428644479,8.76083782576291,8.76356092008266,0.873050341597537,1.02284037546399,0.185202667473499
"loglog",1000,611,25,1,40,46.5716414275489,-1.40535631917533,47.9769977467242,37.9142148742692,37.9971481752739,2.07333252511707,8.80683693205674,8.76075568224526,8.76356092008266,0.983034728594413,1.13915396495712,0.16036544490507
"loglog",1000,611,50,0,20,35.8215363832415,-0.727992300468693,36.5495286837102,17.9334467107041,17.9743201809038,2.0436735099818,6.26912741972933,6.25371753973551,6.26099033699941,2.8533619553245,2.97026662697529,0.00743678837936183
"loglog",1000,611,50,1,20,33.1547359148513,-0.775505518967726,33.930241433819,17.9287755686948,17.9697380880242,2.04812596647188,6.26908584623742,6.25364991035308,6.26099033699941,2.42873693543291,2.55219009292026,0.0159850205820051
"loglog",1000,612,2,0,500,496.786518402027,-21.8516827409485,518.638201142975,497.472601318746,498.735698433836,2.52619423018015,24.2897457476746,22.3605730808195,22.3606797749979,-0.0282457842023802,0.890071226582781,0.506921875845386
"loglog",1000,612,2,1,500,483.733135075189,-21.8330698449003,505.566204920089,497.468145671191,498.732144368293,2.52799739420291,24.2873026763547,22.3604733797844,22.3606797749979,-0.56552227223547,0.305631300184127,0.668319104530587
"loglog",1000,612,5,0,200,202.973762241822,-8.66432629956272,211.638088541385,197.750250033415,198.19965152696,2.24700746772476,18.2858963423621,17.8882439924835,17.8885438199983,0.285657979822711,0.75124405839227,0.389233208267972
"loglog",1000,612,5,1,200,206.951049694124,-8.77400492672627,215.725054620851,197.725334876627,198.179372076339,2.27018599856051,18.2849999460543,17.8880962269944,17.8885438199983,0.504550989593403,0.980858014282898,0.316828003727582
"loglog",1000,612,10,0,100,102.156161849955,-4.43035346669066,106.586515316645,97.8467511812989,98.0615386138355,2.14787432536529,13.5485629380384,13.4156316445042,13.4164078649987,0.318071421180517,0.635451011827835,0.366834390871488
"loglog",1000,612,10,1,100,119.193648700901,-4.4617661935761,123.655414894477,97.8481880168017,98.0627184117306,2.14530394928891,13.5481282134098,13.4154852618354,13.4164078649987,1.57552839387596,1.90769815502335,0.0716612875840375
"loglog",1000,612,25,0,40,58.9179738731881,-1.79406680981852,60.7120406830066,37.9233731210343,38.0059553395733,2.06455546347383,8.79284937829748,8.76083544458676,8.76356092008266,2.38769025248773,2.59177169655243,0.0163493717477794
"loglog",1000,612,25,1,40,57.1388192273745,-1.76321030137648,58.902029528751,37.9226498325812,38.0052407261456,2.06477233910846,8.79265026057223,8.76072529657661,8.76356092008266,2.1854809216013,2.38528068112936,0.023777525002391
"loglog",1000,612,50,0,20,27.4488593403212,-0.926626297593621,28.3754856379148,17.9375857004385,17.9784114071626,2.04128533620335,6.26482717717975,6.25428344641797,6.26099033699941,1.51820207818796,1.66239255381158,0.0709529008754114
"loglog",1000,612,50,1,20,26.8405034829707,-0.900097346270445,27.7406008292412,17.9387939767349,17.9795913526492,2.03986879571868,6.2647447859251,6.25421868574474,6.26099033699941,1.42092133206052,1.56070805436341,0.0820360185472387
"loglog",1000,613,2,0,500,490.532315051393,-12.0175443004861,502.549859351879,497.473544150923,498.736052687399,2.52501707295265,27.3789046360239,22.3605436903635,22.3606797749979,-0.253524718822993,0.170559657103679,0.585764571758283
"loglog",1000,613,2,1,500,453.834350462061,-12.7258138037489,466.56016426581,497.41754716883,498.692658595509,2.55022285335825,27.3622629757072,22.3588479102548,22.3606797749979,-1.59282135200084,-1.43712656656882,0.922458935393716
"loglog",1000,613,5,0,200,225.483691931833,-4.76338260937174,230.247074541205,197.780080409501,198.22332870872,2.21624149609625,18.9712019623542,17.8881422019877,17.8885438199983,1.46029817073827,1.79022200689607,0.0876983439268071
"loglog",1000,613,5,1,200,163.009301279148,-5.12739773729956,168.136699016448,197.743158247278,198.189824026143,2.23332889432586,18.9635140293989,17.886279361783,17.8885438199983,-1.8316150115576,-1.6802334572672,0.967122558293977
"loglog",1000,613,10,0,100,96.5041476580639,-2.5023265464645,99.0064742045284,97.8663457296771,98.0790831451032,2.12737415426062,13.7815738966149,13.4154588659106,13.4164078649987,-0.0988419814624932,0.0691285381062734,0.523799599515416
"loglog",1000,613,10,1,100,76.8857426801537,-2.7827474295254,79.6684901096791,97.8492154155138,98.0624811101611,2.13265694647345,13.7776899712783,13.413841223345,13.4164078649987,-1.52155207288462,-1.37126947413615,0.94339977757346
"loglog",1000,613,25,0,40,35.880067446444,-0.929937560962425,36.8100050074064,37.9255266564451,38.0079400750917,2.06033546616583,8.8492380300982,8.7602900334267,8.76356092008266,-0.231145235673857,-0.136746050999949,0.567857481444813
"loglog",1000,613,25,1,40,33.2444752952654,-1.13334665249629,34.3778219477617,37.909727644914,37.9925926729729,2.07162570147355,8.84765443403369,8.7592946196178,8.76356092008266,-0.527286908008419,-0.412678289997851,0.688880991301902
"loglog",1000,613,50,0,20,18.541028476107,-0.571509433811192,19.1125379099182,17.9338875177223,17.9746553836526,2.03839329651555,6.28160775482143,6.25209144670379,6.26099033699941,0.0966537520459924,0.182000301173695,0.420582460330253
"loglog",1000,613,50,1,20,19.9030545822498,-0.67631181787357,20.5793664001233,17.9274503177874,17.9682942069967,2.04219446046265,6.28059661047983,6.25126643843488,6.26099033699941,0.314556782896366,0.417686914938216,0.338304028215403
"loglog",1000,614,2,0,500,489.846299530098,-28.0672162035022,517.913515733601,497.440418768929,498.719513771092,2.55819000432539,26.4834421437289,22.3605833617105,22.3606797749979,-0.286749705631798,0.858385564098279,0.594303130965488
"loglog",1000,614,2,1,500,471.876583632352,-28.150412565582,500.026996197934,497.491378226877,498.744878412092,2.5070003704292,26.4844284577648,22.360571250531,22.3606797749979,-0.967164333388322,0.0573383287697637,0.794309421589056
"loglog",1000,614,5,0,200,175.423981286391,-11.4387082614158,186.862689547807,197.737157206942,198.189110999871,2.25976896464527,18.7666520098127,17.8882192294357,17.8885438199983,-1.18898010731394,-0.633177696828851,0.87428511710724
"loglog",1000,614,5,1,200,173.362530886766,-11.5174345530307,184.879965439797,197.761302381378,198.208399879559,2.23548749090456,18.7670829495195,17.8882058123433,17.8885438199983,-1.30008331930115,-0.745096214767648,0.896101209380567
"loglog",1000,614,10,0,100,101.560754041444,-5.65923541252783,107.219989453971,97.8316028861939,98.0478938098669,2.16290923673033,13.7118497607968,13.4156184885447,13.4164078649987,0.271965578700527,0.683687871113539,0.382537625635424
"loglog",1000,614,10,1,100,103.276853932026,-5.69704978391681,108.973903715943,97.8452793224449,98.0601930740762,2.14913751631324,13.7120181401693,13.4156051592804,13.4164078649987,0.396117810963881,0.813508635077616,0.338050192070132
"loglog",1000,614,25,0,40,30.7668557798983,-2.19212586807929,32.9589816479776,37.9098086577382,37.9929400025118,2.0782836193412,8.83325409325101,8.7608761422836,8.76356092008266,-0.808643428846619,-0.574595311334026,0.791386964080202
"loglog",1000,614,25,1,40,31.6534439191383,-2.15931173101169,33.81275565015,37.9084924417283,37.991674973934,2.07956330514274,8.83328317455224,8.76086808811049,8.76356092008266,-0.708122721641048,-0.476998315892383,0.756572526423975
"loglog",1000,614,50,0,20,18.7156884378913,-1.08663709963258,19.8023255375239,17.9214675059815,17.9625645637987,2.05485289085839,6.27829936223812,6.25349946855705,6.26099033699941,0.126502558429553,0.294197030474791,0.409524043775964
"loglog",1000,614,50,1,20,18.802564319709,-1.06293443691848,19.8654987566275,17.9174706399475,17.9586468681538,2.05881141031154,6.27830716774774,6.25348745254362,6.26099033699941,0.140976485557812,0.304926155676243,0.404075070058064
"loglog",1000,615,2,0,500,470.735307652998,-29.318556842028,500.053864495026,497.461169287671,498.729858656709,2.53737873807592,28.315609332956,22.3605340376678,22.3606797749979,-0.943856136748119,0.0592117270583462,0.804824260712301
"loglog",1000,615,2,1,500,493.164438685458,-29.7810366868951,522.945475372353,497.366951522284,498.637102229726,2.54030141488312,28.2842726787237,22.3557832454805,22.3606797749979,-0.14858125872857,1.0873416008603,0.552735665300446
"loglog",1000,615,5,0,200,212.620868970998,-11.7713734760794,224.392242447078,197.754623423592,198.20302994802,2.24203262214125,19.18966060808,17.8881510147649,17.8885438199983,0.77470080638879,1.46405363401959,0.22641940756827
"loglog",1000,615,5,1,200,207.799180869315,-11.3715316109558,219.170712480271,197.74854278504,198.185357776888,2.18407495923972,19.1738924018371,17.8823283215175,17.8885438199983,0.524183502944464,1.17352474051893,0.302262625580033
"loglog",1000,615,10,0,100,113.167429891031,-5.99638640448556,119.163816295516,97.8569509025103,98.0706688674478,2.13717964937523,13.8569949966993,13.4155059977742,13.4164078649987,1.10489171657834,1.57229607527053,0.140268715666655
"loglog",1000,615,10,1,100,104.466365329407,-5.55842087691267,110.024786206319,97.8588887034662,98.068977726575,2.10089023108858,13.8485178245583,13.4108508433621,13.4164078649987,0.477125184777756,0.8915026063139,0.308719062046495
"loglog",1000,615,25,0,40,45.5434164910287,-2.50150541583705,48.0449219068658,37.9406876932346,38.0225026378955,2.04537361652274,8.86822003523725,8.76035974154521,8.76356092008266,0.857300424164623,1.14406480608779,0.186935281499061
"loglog",1000,615,25,1,40,35.6561484248411,-2.37114137361546,38.0272897984566,37.9281814553739,38.0098957818991,2.04285816313166,8.86379617109757,8.75705632125861,8.76356092008266,-0.256327310181299,0.00198628579277662,0.578332354182446
"loglog",1000,615,50,0,20,29.1648600968448,-1.13802040314759,30.3028804999924,17.9475392598009,17.9880783107147,2.02695254569072,6.28908713106106,6.25281936361878,6.26099033699941,1.78361670037021,1.96947992147826,0.0464010859594329
"loglog",1000,615,50,1,20,23.4535209621405,-1.19044999495757,24.643970957098,17.9480862807642,17.9884685113708,2.01911153032964,6.28645253475493,6.25053333521463,6.26099033699941,0.875761751311927,1.06478952895605,0.173758587369834
"loglog",1000,616,2,0,500,490.811512872736,-28.7160693840153,519.527582256752,497.48676225508,498.742795025184,2.51206554020828,24.9858500184818,22.3605960130364,22.3606797749979,-0.26716118832883,0.929527424915237,0.582279916261737
"loglog",1000,616,2,1,500,503.606370965769,-28.2420090179881,531.848379983757,497.337996598557,498.593584374447,2.51117555178009,24.960142071449,22.3545898690078,22.3606797749979,0.251135364104454,1.48760481870501,0.421487786595376
"loglog",1000,616,5,0,200,202.476569188602,-11.4875778525212,213.964147041123,197.76234596865,198.20925262213,2.23453326739946,18.4352360205471,17.8882087779497,17.8885438199983,0.255718083278011,0.880741868264302,0.398693799113111
"loglog",1000,616,5,1,200,196.647137761534,-11.3435154532537,207.990653214788,197.703288332636,198.142114032216,2.19412849789656,18.4203254112266,17.8796586665089,17.8885438199983,-0.0573361516435732,0.55082366874374,0.513804986904456
"loglog",1000,616,10,0,100,96.9666869027585,-5.62517448926253,102.591861392021,97.8787648445579,98.0903489034822,2.11584058924356,13.5990853858213,13.4156240854257,13.4164078649987,-0.0670690650086193,0.335542533084916,0.510524869569214
"loglog",1000,616,10,1,100,101.184586928108,-5.59780932421683,106.782396252324,97.8137757811284,98.0263910076993,2.12615226570849,13.589396862257,13.4083953498038,13.4164078649987,0.248047148901893,0.653024095441317,0.392593016965178
"loglog",1000,616,25,0,40,43.0737830958005,-2.22232195555783,45.2961050513583,37.9203308242045,38.0030457027671,2.06787196406649,8.8052641453796,8.76088020282771,8.76356092008266,0.585269469093687,0.832457376398918,0.263138144830966
"loglog",1000,616,25,1,40,38.8066943779753,-1.97069169922433,40.7773860771996,37.9045672461143,37.9870704460267,2.06257999780905,8.80006736389112,8.75629310460803,8.76356092008266,0.102513662061566,0.318664028012551,0.433165712674901
"loglog",1000,616,50,0,20,24.0259852901262,-1.03818532918708,25.0641706193133,17.9453386719694,17.9859857916357,2.03235598331151,6.2686939507943,6.25390722423366,6.26099033699941,0.970002151307184,1.13180201974374,0.154178303135024
"loglog",1000,616,50,1,20,21.5796146401188,-0.932346032924001,22.5119606730428,17.9335010805619,17.974181673429,2.03402964335712,6.26533278967327,6.25073419812759,6.26099033699941,0.581950501586541,0.725959360257729,0.251184646867724
"loglog",1000,617,2,0,500,477.320339265138,-21.5984112956693,498.918750560807,497.489534590693,498.74397606255,2.50888294371406,25.9963461699502,22.3605577951332,22.3606797749979,-0.775847313068511,0.00781619581491972,0.740003486803352
"loglog",1000,617,2,1,500,505.957014896505,-20.3129171296806,526.269932026186,496.954932627957,498.216805115996,2.52374497607791,25.8981341490757,22.3366867073864,22.3606797749979,0.347595784960031,1.25592158217956,0.392851216066202
"loglog",1000,617,5,0,200,255.434895556879,-8.69800775351748,264.132903310397,197.76159696823,198.208580358741,2.23491695255672,18.6573694080989,17.8881649807527,17.8885438199983,3.0911806121829,3.68535973491908,0.00368872479669485
"loglog",1000,617,5,1,200,248.98811824461,-8.60661736769318,257.594735612303,197.43597192733,197.880804744763,2.22416408716697,18.5984650432957,17.8577860771751,17.8885438199983,2.77184951539123,3.34385968168041,0.00812534216312896
"loglog",1000,617,10,0,100,134.372049948796,-4.63370249692151,139.005752445717,97.8733507841255,98.0854325446678,2.12081760542323,13.6744632752069,13.4155469972522,13.4164078649987,2.66911383870151,3.05021628334878,0.00869277554691194
"loglog",1000,617,10,1,100,120.798790422944,-3.81041557844712,124.609206001391,97.6798482411594,97.892842432101,2.12994190941595,13.6384125635545,13.3906083256792,13.4164078649987,1.69513439148808,1.99515682331293,0.0589367994304354
"loglog",1000,617,25,0,40,46.8304870992172,-1.63487595849745,48.4653630577147,37.9369433149869,38.0189385355082,2.04988051303269,8.82326387757483,8.7605478297495,8.76356092008266,1.00796529579424,1.19243964249953,0.154142289844202
"loglog",1000,617,25,1,40,54.5133441862424,-1.50353199336552,56.0168761796079,37.8414212472823,37.9239541564218,2.06332272848512,8.80222054374988,8.74253080873269,8.76356092008266,1.89405876120636,2.06952911222384,0.0402623787048991
"loglog",1000,617,50,0,20,28.1570654798482,-0.895537125932955,29.0526026057812,17.9448126015239,17.9854330019433,2.03102002097207,6.27396615080168,6.253259682914,6.26099033699941,1.62771883571916,1.76982408616055,0.0597048826667009
"loglog",1000,617,50,1,20,35.0041621582591,-0.556503572481032,35.5606657307401,17.904653245777,17.9452475401647,2.02971471938413,6.25997243452913,6.24027971068033,6.26099033699941,2.73156297273189,2.82285714860287,0.0094410088918812
"loglog",1000,618,2,0,500,484.577238532463,-27.6978164170366,512.275054949499,497.521445099688,498.759921149859,2.47695210034227,25.2452507683611,22.360564100126,22.3606797749979,-0.512738284360712,0.604418284758924,0.658372312524917
"loglog",1000,618,2,1,500,496.061692176709,-27.7929557536679,523.854647930377,497.080462847728,498.334729674038,2.50853365261881,25.174845981873,22.3431869583323,22.3606797749979,-0.0404678015409826,1.14217896954142,0.51609871840085
"loglog",1000,618,5,0,200,190.077189239612,-11.0692581708545,201.146447410467,197.80006037551,198.239423978818,2.19681801653809,18.4917463803898,17.8882172255431,17.8885438199983,-0.41763881988388,0.162510517118378,0.644290772099682
"loglog",1000,618,5,1,200,153.489564743422,-11.1881683630607,164.677733106483,197.519361734059,197.962084230222,2.21361248081542,18.4509970412241,17.8649344250678,17.8885438199983,-2.3863099046769,-1.86311073591378,0.991718899727754
"loglog",1000,618,10,0,100,86.4740382648678,-5.45479956826862,91.9288378331364,97.890478304354,98.1009114813339,2.10433176979907,13.6182466124698,13.4156517756583,13.4164078649987,-0.838319378724754,-0.460065135217377,0.790985771358186
"loglog",1000,618,10,1,100,88.0625147786598,-5.47020928429824,93.5327240629581,97.7319871706673,97.9432779804578,2.11290809790516,13.592315169373,13.3957829370308,13.4164078649987,-0.711392597325531,-0.329249431573526,0.754048020353604
"loglog",1000,618,25,0,40,32.9423803833388,-2.29942109365151,35.2418014769903,37.9297262696215,38.0120392461201,2.05782441246337,8.80997493950584,8.76076056893091,8.76356092008266,-0.566102164935611,-0.316209733998907,0.702167581461654
"loglog",1000,618,25,1,40,33.9257389482878,-2.05106629541907,35.9768052437069,37.8723420527523,37.9545785767833,2.05591310077371,8.79554067610943,8.74782182862443,8.76356092008266,-0.448705002886788,-0.226087518907255,0.658331142758515
"loglog",1000,618,50,0,20,17.5948879160925,-1.06063710540892,18.6555250215014,17.9395287830434,17.9802863826676,2.03787998120973,6.27034132487534,6.25382105434801,6.26099033699941,-0.0549636533474923,0.107972171407808,0.482624563804635
"loglog",1000,618,50,1,20,18.1781711219664,-1.13333994544714,19.3115110674136,17.9055237457783,17.9463105072136,2.03933807176617,6.25977368258182,6.24368081628307,6.26099033699941,0.043555468618113,0.218653163153321,0.443974493719059
"loglog",1000,619,2,0,500,463.805113462729,-11.2068131556463,475.011926618375,497.467809473049,498.73320644061,2.53079393512146,25.9940773173789,22.3605527683643,22.3606797749979,-1.29501407568001,-1.06085390947023,0.861724428119161
"loglog",1000,619,2,1,500,468.073687473929,-11.0266359934245,479.100323467354,497.448689347722,498.701375866723,2.50537303800089,26.0041680063694,22.3586737990527,22.3606797749979,-1.12962667625428,-0.876664357445004,0.82810593924695
"loglog",1000,619,5,0,200,183.331081626303,-4.32208111112685,187.65316273743,197.746226638631,198.196326660206,2.25050010787198,18.6566414219897,17.8881687847314,17.8885438199983,-0.772654878564465,-0.589393137422483,0.764992133327447
"loglog",1000,619,5,1,200,201.511199862359,-4.12651149245932,205.637711354819,197.7682294732,198.208173688463,2.19972107631737,18.6585729105909,17.8856078290845,17.8885438199983,0.200603251229094,0.415391958570958,0.417273966873898
"loglog",1000,619,10,0,100,85.8958299473012,-2.24368442162048,88.1395143689217,97.8505234149093,98.064898997767,2.14375582857687,13.6740023705499,13.4155478594486,13.4164078649987,-0.874264399233633,-0.739841915725775,0.803678956532149
"loglog",1000,619,10,1,100,86.8478536071615,-2.10834557785423,88.9561991850157,97.8560493931905,98.0683626377661,2.1231324457561,13.6736477991899,13.413528078794,13.4164078649987,-0.805066500738826,-0.679326378505606,0.782560016332
"loglog",1000,619,25,0,40,38.8136145818374,-0.897368123872431,39.7109827057098,37.9267054818861,38.0091026112799,2.05992823484464,8.82313997601263,8.76050671493656,8.76356092008266,0.100520801252449,0.194267312360856,0.432858310694856
"loglog",1000,619,25,1,40,34.4115995947123,-0.948741095599232,35.3603406903116,37.9255354017613,38.0077189570716,2.05458888275795,8.82213481778109,8.75907289961881,8.76356092008266,-0.398309012458823,-0.302244118424368,0.636138403426979
"loglog",1000,619,50,0,20,26.5854743857907,-0.327049247395851,26.9125236331866,17.9469163149355,17.9875017511208,2.02927180926669,6.27399293079904,6.25336996557888,6.26099033699941,1.37688361560761,1.42723394444798,0.0871054750793704
"loglog",1000,619,50,1,20,24.2467288359667,-0.405354329834589,24.6520831658013,17.9445667576369,17.9851419603837,2.02876013733962,6.273209991285,6.25247594992156,6.26099033699941,1.00461519494565,1.06628818068484,0.147109581117899
"loglog",1000,620,2,0,500,522.747203444945,-21.7896509195716,544.536854364517,497.443101287168,498.720967996736,2.55573341913582,24.838010732998,22.3606091679148,22.3606797749979,1.01876524774025,2.04895519722793,0.214017022026374
"loglog",1000,620,2,1,500,492.645999028956,-22.3886074299234,515.034606458879,497.388124669346,498.642132161931,2.50801498517023,24.8146622635481,22.3565364598594,22.3606797749979,-0.19110176032322,0.733229600496496,0.559268419173901
"loglog",1000,620,5,0,200,170.274737951799,-8.7639252273526,179.038663179151,197.757456509694,198.205415710825,2.23979600565479,18.4033953968743,17.8882627290649,17.8885438199983,-1.49335043698313,-1.07147087573416,0.923677407154967
"loglog",1000,620,5,1,200,202.918596025067,-8.91399494215675,211.832590967224,197.706147824893,198.151574214883,2.22713194995131,18.3911319996438,17.8827026868659,17.8885438199983,0.283421825272917,0.765041895059231,0.390279031689458
"loglog",1000,620,10,0,100,76.4478074167766,-4.14415230788756,80.5919597246642,97.841074223205,98.0564601618966,2.15385938691564,13.5884133074343,13.4156891671124,13.4164078649987,-1.57437563329959,-1.30179674109068,0.947475690219514
"loglog",1000,620,10,1,100,80.8491280809323,-4.40426020045897,85.2533882813913,97.83319950119,98.0457921055809,2.12592604390909,13.5811865831128,13.4109526618838,13.4164078649987,-1.25055872815827,-0.95387733792751,0.895527706030046
"loglog",1000,620,25,0,40,27.3712245928268,-1.70723030073874,29.0784548935656,37.9251633754474,38.0076857108794,2.06305838579915,8.80283216819861,8.76092591118705,8.76356092008266,-1.19892536640061,-1.01921085828518,0.89928841600206
"loglog",1000,620,25,1,40,37.6571252790427,-1.5835597012531,39.2406849802958,37.9089885598025,37.9915835770451,2.064875431065,8.79908636812529,8.75779808095155,8.76356092008266,-0.0286237991335339,0.142627335285052,0.485172999017771
"loglog",1000,620,50,0,20,13.7858081709445,-0.863544900076599,14.6493530710211,17.9347805289503,17.975650507197,2.04349891233226,6.26826743502448,6.25413173925302,6.26099033699941,-0.661900979977833,-0.53185599134392,0.742943548609507
"loglog",1000,620,50,1,20,20.0397946673485,-0.819090886711106,20.8588855540596,17.9298508848299,17.970680982727,2.04150489485498,6.26588824550542,6.2519691047584,6.26099033699941,0.336734984705817,0.461967185527901,0.330583721948246
"loglog",1000,621,2,0,500,507.766267839198,-15.4852824801035,523.251550319301,497.482842233466,498.740777295495,2.51587012405797,25.0927487514286,22.3605897376749,22.3606797749979,0.409816625017852,1.09615950703251,0.371248739782202
"loglog",1000,621,2,1,500,522.010644981661,-15.5421205554798,537.552765537141,497.472341748833,498.734338698538,2.52399389941011,25.0899230745672,22.3604927978088,22.3606797749979,0.978014287245951,1.73602734025644,0.220663427770615
"loglog",1000,621,5,0,200,217.203868626494,-6.55248412966113,223.756352756155,197.755732026977,198.203953842687,2.24110907855092,18.4582020142843,17.8881857686537,17.8885438199983,1.05363114914803,1.42845111538614,0.166339338842699
"loglog",1000,621,5,1,200,202.143270204464,-6.42257651155027,208.565846716014,197.768730090619,198.214086871053,2.22678390217001,18.4572690218929,17.8880718760505,17.8885438199983,0.237009067194949,0.578696234937472,0.405078406117268
"loglog",1000,621,10,0,100,113.095217421016,-3.37564130350801,116.470858724524,97.8699409345287,98.0824162027146,2.12475268185925,13.6066854307225,13.4156184227593,13.4164078649987,1.11895557253861,1.37067423523417,0.141315980936372
"loglog",1000,621,10,1,100,109.213766790779,-3.28911060798078,112.502877398759,97.8672633973979,98.0799371996469,2.12673802248968,13.6063097101852,13.4155269518388,13.4164078649987,0.833914825919858,1.07509308064382,0.20624301983809
"loglog",1000,621,25,0,40,45.5876712926273,-1.40880602845937,46.9964773210867,37.9198158637461,38.0025056995617,2.06724589539002,8.80655207514723,8.76060922339065,8.76356092008266,0.870698925464875,1.02663769061987,0.185730036163585
"loglog",1000,621,25,1,40,43.2653816305084,-1.37601496031014,44.6413965908185,37.9222963592559,38.004874479498,2.06445300605338,8.80638294715442,8.76054005442006,8.76356092008266,0.606728699321325,0.757547145506412,0.256598939780452
"loglog",1000,621,50,0,20,22.2777654749977,-0.869024199105003,23.1467896741027,17.9367272760533,17.9775196230594,2.03961735030095,6.26850767417214,6.25343993872898,6.26099033699941,0.692515415882881,0.826628240087327,0.219886393786711
"loglog",1000,621,50,1,20,23.2447807381578,-0.826845174536187,24.0716259126939,17.9382755696807,17.979034719625,2.03795749721369,6.26844770500716,6.2534045087966,6.26099033699941,0.846542145392437,0.974283877605965,0.181358151078084
"loglog",1000,622,2,0,500,473.702821703008,-13.063527019581,486.766348722589,497.499275268742,498.748902127287,2.49925371708912,26.8833229266715,22.3605337906856,22.3606797749979,-0.885175304803012,-0.535879577690994,0.776839232702275
"loglog",1000,622,2,1,500,495.968916574252,-12.5308949017869,508.499811476038,497.473348660352,498.72647507469,2.50625282867477,26.8750863850544,22.3596264226338,22.3606797749979,-0.0559786883861861,0.437097481711749,0.517273458713832
"loglog",1000,622,5,0,200,176.751214562006,-5.44206768304629,182.193282245052,197.750899649674,198.2000597988,2.24580074562846,18.8574060294462,17.8881771131024,17.8885438199983,-1.11360412216173,-0.894824411260096,0.858757897393412
"loglog",1000,622,5,1,200,209.805501295763,-5.13475788853686,214.9402591843,197.75766846817,198.203204699249,2.22768115539363,18.8539414431469,17.8871467460283,17.8885438199983,0.63900871146346,0.935702866571904,0.269211949370104
"loglog",1000,622,10,0,100,80.8726960233832,-2.87294473030633,83.7456407536895,97.8555338675079,98.0693339979409,2.13800130432971,13.7425535482383,13.4154522794891,13.4164078649987,-1.23578473131014,-1.06770110659265,0.895180430917175
"loglog",1000,622,10,1,100,85.6349392373244,-2.85228972724394,88.4872289645683,97.852539922715,98.0659554447714,2.13415522056444,13.740735073552,13.4145423543873,13.4164078649987,-0.889151899079034,-0.714055405480932,0.809268002043404
"loglog",1000,622,25,0,40,43.7577910207295,-1.12716639795929,44.8849574186888,37.918236254244,38.0009641509479,2.06819741759737,8.84020239375571,8.76047573216943,8.76356092008266,0.660567994530335,0.78580130556861,0.240273159610387
"loglog",1000,622,25,1,40,42.3352464191319,-1.03856307887775,43.3738094980097,37.909430427923,37.9923984487588,2.07420052089434,8.83935232345214,8.75986197966234,8.76356092008266,0.500694601737568,0.61432600898791,0.289307029017404
"loglog",1000,622,50,0,20,23.4989579824048,-0.607736092667339,24.1066940750722,17.9467255215543,17.9872679648893,2.02712216674967,6.27925981996178,6.25264134328919,6.26099033699941,0.884217665782832,0.978694566697115,0.172137347104033
"loglog",1000,622,50,1,20,22.0349747737413,-0.524216331855826,22.5591911055971,17.9393327087376,17.9799949194833,2.03311053728317,6.27872474028431,6.25220088405976,6.26099033699941,0.652304764807734,0.73241347663487,0.230436067287066
"loglog",1000,623,2,0,500,475.726490717484,-25.8761139809843,501.602604698469,497.510017860312,498.754394407365,2.48875309410723,25.6363284928171,22.3605710055553,22.3606797749979,-0.849713216497857,0.127376456101941,0.756585915940736
"loglog",1000,623,2,1,500,502.820117668794,-25.2148377436508,528.034955412445,497.494956105465,498.73601246472,2.48211271850964,25.6269408233491,22.3596373892875,22.3606797749979,0.207795444646978,1.31034964644653,0.431187974521706
"loglog",1000,623,5,0,200,232.766335220813,-10.1331638147753,242.899499035589,197.773686975837,198.218335139321,2.22324081742272,18.5776792921149,17.8882193457002,17.8885438199983,1.88358554880583,2.49779830137245,0.0457816501607775
"loglog",1000,623,5,1,200,230.465938385457,-10.0731288634519,240.539067248909,197.77459988138,198.216630711234,2.21015414926931,18.5739422930026,17.8871384885855,17.8885438199983,1.76006461032196,2.36608200717415,0.0567059650120136
"loglog",1000,623,10,0,100,121.450084209951,-4.99243060291767,126.442514812868,97.8648585066124,98.0778176134382,2.12959106825812,13.6472287014123,13.41558872451,13.4164078649987,1.72820623288137,2.1143087926964,0.0543369511090359
"loglog",1000,623,10,1,100,119.904388228976,-4.97287316714533,124.877261396121,97.8826721392015,98.0931107252216,2.10438586020095,13.6452586069227,13.4146117835739,13.4164078649987,1.61387312063122,1.99664001486025,0.0657747618410071
"loglog",1000,623,25,0,40,56.7975898674183,-1.97705640684399,58.7746462742623,37.9355862386279,38.0176683115178,2.05205182224779,8.81704436127649,8.76076419348571,8.76356092008266,2.13926604607212,2.36931134137578,0.0255077088902852
"loglog",1000,623,25,1,40,45.4667710170089,-1.86695930647874,47.3337303234876,37.928414115585,38.0106756626441,2.0565386764774,8.81616913091898,8.76017389575239,8.76356092008266,0.855060377073104,1.06425451957798,0.189035916013071
"loglog",1000,623,50,0,20,17.614686194597,-0.789790079907471,18.4044762745044,17.9459580783394,17.9865827495852,2.03123356228955,6.27258705103052,6.25374040742257,6.26099033699941,-0.0528126403105124,0.0668229727641447,0.481293949922398
"loglog",1000,623,50,1,20,19.770482465425,-0.791708190324988,20.56219065575,17.9467426791823,17.9873287336851,2.02930272513938,6.27214836694921,6.25338164612065,6.26099033699941,0.290767960122375,0.411755121912678,0.345888512661532
"loglog",1000,624,2,0,500,480.199282216194,-22.0181586057578,502.217440821952,497.492073016882,498.745496944728,2.50684785569108,24.4455049846132,22.3605971584001,22.3606797749979,-0.707401659796884,0.155270624153233,0.708741414765646
"loglog",1000,624,2,1,500,482.380043466031,-21.6916743219342,504.071717787965,497.4138972178,498.67856883557,2.52934323554038,24.4534578549426,22.3587376605519,22.3606797749979,-0.614794596369557,0.241209903451296,0.684040207888052
"loglog",1000,624,5,0,200,210.061750839277,-8.73987255145595,218.801623390733,197.738932567632,198.190561710207,2.2581457128766,18.3190979656183,17.8882315894346,17.8885438199983,0.672676039768582,1.15221348613907,0.26513952755862
"loglog",1000,624,5,1,200,195.078766109341,-8.72127886029566,203.800044969637,197.737991113099,198.182293455018,2.22151170959288,18.319646191573,17.8850775116783,17.8885438199983,-0.145157006633745,0.314102721162426,0.545371209798692
"loglog",1000,624,10,0,100,115.51271991223,-4.21924730072911,119.731967212959,97.8403094916281,98.0557463295719,2.15436837943829,13.5598678511118,13.4156348566124,13.4164078649987,1.30328780594662,1.61574320671846,0.109295452039751
"loglog",1000,624,10,1,100,103.452939187577,-4.29427252000322,107.747211707581,97.8225627961679,98.0377326026249,2.15169806457005,13.5585587319256,13.4129659298502,13.4164078649987,0.415263635518423,0.723887554455611,0.333625856310638
"loglog",1000,624,25,0,40,43.3986562111226,-1.58286156101098,44.9815177721336,37.905437580615,37.988760901355,2.08308301850083,8.79582719612522,8.76096499530277,8.76356092008266,0.624525528756126,0.798171990702823,0.252111817689844
"loglog",1000,624,25,1,40,48.4895759289629,-1.69470330784181,50.1842792368047,37.9014539920628,37.9846244393288,2.07926118165012,8.79446472890855,8.75927686230265,8.76356092008266,1.20395297079259,1.39276963033097,0.118510154251237
"loglog",1000,624,50,0,20,36.1847167520857,-0.779020312025605,36.9637370641113,17.9290698219035,17.9700700533845,2.05001157405311,6.2660225538169,6.2543526935994,6.26099033699941,2.9134346027947,3.03687175015962,0.00668127273957752
"loglog",1000,624,50,1,20,42.5252146360941,-0.878751835316662,43.4039664714108,17.9309530233983,17.971840371066,2.0443673833839,6.26495861854527,6.25318285331892,6.26099033699941,3.92568620324049,4.06706899460752,0.000933528538883248
"loglog",1000,625,2,0,500,458.272252602114,-27.4798649648309,485.752117566945,497.470507986078,498.734610754952,2.52820553774651,24.6307583841593,22.3605799960447,22.3606797749979,-1.59143517924214,-0.580597336486935,0.898433373765439
"loglog",1000,625,2,1,500,490.088791727087,-27.4222026061874,517.510994333275,496.842536983918,498.098130591481,2.51118721512632,24.6468356372076,22.3357504735027,22.3606797749979,-0.27402078531471,0.869138637845362,0.59128891754302
"loglog",1000,625,5,0,200,202.278094943354,-11.0875052407834,213.365600184137,197.743180829271,198.193934204746,2.25376687737202,18.3585683734791,17.8882121654799,17.8885438199983,0.247018940792427,0.848137636061194,0.402491740076942
"loglog",1000,625,5,1,200,179.691296375206,-10.9442712267526,190.635567601959,197.352560339059,197.803018291014,2.25228975977515,18.3390309234649,17.8544509245697,17.8885438199983,-0.963042378714536,-0.4014377546157,0.820236255032676
"loglog",1000,625,10,0,100,107.546602996702,-5.48993870535077,113.036541702053,97.8345969211506,98.0505845903253,2.15987669174682,13.57295617105,13.4155928944171,13.4164078649987,0.715540959033388,1.11705514841344,0.239409138112795
"loglog",1000,625,10,1,100,93.0898424552699,-5.77519510950354,98.8650375647734,97.6224950473047,97.8373417567531,2.14846709448409,13.5490277966772,13.386151590969,13.4164078649987,-0.334537109234244,0.0767730591601605,0.621307568590492
"loglog",1000,625,25,0,40,46.2037438960077,-2.22224740333485,48.4259912993426,37.894816315012,37.9785470783507,2.09326908346862,8.79887146693337,8.76086110434618,8.76356092008266,0.944317417548505,1.19251339526533,0.169530109069906
"loglog",1000,625,25,1,40,42.0984730069972,-2.44659815808926,44.5450711650865,37.8179548843161,37.9009525363072,2.07494129977544,8.7796110982946,8.74016352547097,8.76356092008266,0.487552133546387,0.76018241642925,0.298014445075895
"loglog",1000,625,50,0,20,21.2596631118135,-1.2056645056896,22.4653276175031,17.9148999678416,17.9561254303076,2.06127312329856,6.26584823392792,6.25340082066195,6.26099033699941,0.533808515479334,0.721079987755876,0.266515725856725
"loglog",1000,625,50,1,20,36.0737648073498,-1.35093235722196,37.4246971645718,17.8822445031437,17.9231300447328,2.04427707945669,6.25082146778545,6.23792127191856,6.26099033699941,2.91026073900189,3.12629260129168,0.00690404755173535
"loglog",1000,626,2,0,500,474.727412652603,-24.5621261008882,499.289538753491,497.449081876102,498.723712198074,2.54926064394366,25.0068165950273,22.3605343103502,22.3606797749979,-0.908619021423847,0.0253046974443289,0.76669971877163
"loglog",1000,626,2,1,500,450.121817464704,-25.7275845919072,475.849402056612,497.356642073377,498.609392935882,2.50550172501005,25.020909640969,22.3556258820957,22.3606797749979,-1.88781404379202,-1.01808784058685,0.939106789080265
"loglog",1000,626,5,0,200,184.267721990129,-9.78962451242783,194.057346502557,197.75567710489,198.203945823484,2.24134359297096,18.4398179913904,17.8882108430684,17.8885438199983,-0.731458147854747,-0.231806263762494,0.749525547491313
"loglog",1000,626,5,1,200,170.647973339948,-10.4721921059636,181.120165445912,197.6865040387,198.131312135918,2.22404048608913,18.4392334782442,17.8807904153751,17.8885438199983,-1.46635871445816,-0.951364357773519,0.92065898985162
"loglog",1000,626,10,0,100,76.8865615291578,-4.87972748077695,81.7662890099348,97.8488904178684,98.0634502113182,2.14559793449803,13.6005887065519,13.4155977333755,13.4164078649987,-1.5412809945949,-1.21479202979074,0.943391944728638
"loglog",1000,626,10,1,100,75.756970198782,-5.21217154455762,80.9691417433396,97.7906033345286,98.0062450583606,2.15641723831953,13.5969850842876,13.4093525917502,13.4164078649987,-1.62047931943444,-1.27053884208419,0.953456600299427
"loglog",1000,626,25,0,40,38.3176625272728,-2.03025121253704,40.3479137398098,37.9256704081965,38.0081344174425,2.06160023115132,8.80551597729199,8.76066908215425,8.76356092008266,0.0445166552519083,0.26707769696877,0.455074383273857
"loglog",1000,626,25,1,40,38.905703282633,-2.19872952715286,41.1044328097859,37.8902323658607,37.973337187307,2.07762053615624,8.80196023975502,8.75643612768563,8.76356092008266,0.115368723456142,0.357576481666912,0.428775043623609
"loglog",1000,626,50,0,20,21.3098311498121,-0.890265183396658,22.2000963332088,17.9382647355568,17.9790329337084,2.038409907579,6.26851939569606,6.25357073286408,6.26099033699941,0.537856900717298,0.674984513618385,0.264070829934888
"loglog",1000,626,50,1,20,20.6154019261699,-1.00484465383269,21.6202465800026,17.9188091801331,17.959767762211,2.04792910389733,6.26566263980606,6.25046395487743,6.26099033699941,0.430376306714199,0.585633137670561,0.299258491301443
"loglog",1000,627,2,0,500,503.14137084911,-17.4395078293999,520.58087867851,497.434972780072,498.716849285475,2.56375301080667,24.4388654259364,22.3605788348455,22.3606797749979,0.233496848956922,0.977793533634435,0.427218016260706
"loglog",1000,627,2,1,500,493.943447238529,-17.3528721176466,511.296319356175,497.457553950469,498.725741796825,2.53637569271081,24.4412542234144,22.3604023809264,22.3606797749979,-0.143777675229702,0.562180292876723,0.542901774594963
"loglog",1000,627,5,0,200,229.224779879081,-7.01813461770024,236.242914496782,197.736147506133,198.188346013848,2.26099253857494,18.317712412201,17.8882422390175,17.8885438199983,1.71902646271349,2.1273509143302,0.0634358160932444
"loglog",1000,627,5,1,200,212.550783842193,-7.22084684361671,219.771630685809,197.730341283509,198.183082940847,2.26370828669172,18.3183200271675,17.887977232893,17.8885438199983,0.809050313385949,1.20687473289403,0.227431509092671
"loglog",1000,627,10,0,100,109.614850507437,-3.66419249130434,113.279042998741,97.8521468672553,98.0664343741373,2.14287506881929,13.5594117604344,13.4156819169565,13.4164078649987,0.867493652969819,1.13394225644064,0.198737197781826
"loglog",1000,627,10,1,100,124.65303492388,-3.71186648042538,128.364901404305,97.8620680024443,98.0751813732204,2.13113370776167,13.5595286454349,13.4154400774719,13.4164078649987,1.97580370394771,2.25782530100888,0.0358571882018358
"loglog",1000,627,25,0,40,57.4145406851327,-1.45632169558962,58.8708623807224,37.9249990138117,38.0075629953844,2.06409953931804,8.79599682428051,8.76111467106263,8.76356092008266,2.21572859343492,2.38135216449661,0.0224570579690842
"loglog",1000,627,25,1,40,63.7183386351818,-1.46070569723569,65.1790443324175,37.9156974593817,37.9985988033863,2.07253360011461,8.79590723538352,8.76092568127651,8.76356092008266,2.93348263974445,3.10246274399065,0.00557343347393609
"loglog",1000,627,50,0,20,36.6791564536943,-0.702360596231115,37.3815170499254,17.9497131843141,17.9903038888012,2.0295352243558,6.26601537688671,6.2544122704076,6.26099033699941,2.98905159704315,3.10040533350713,0.00576840574312032
"loglog",1000,627,50,1,20,36.1292762117597,-0.683175220381364,36.8124514321411,17.9445214367786,17.9852087842011,2.03436737112643,6.26593578805573,6.2542995882591,6.26099033699941,2.902161048258,3.01028794387839,0.00679172832955937
"loglog",1000,628,2,0,500,542.190808821807,-5.35596559825511,547.546774420062,497.479196307856,498.738822808179,2.51925300064692,26.3971106893465,22.3605186747339,22.3606797749979,1.69380706245232,2.18277367899488,0.0835140989267516
"loglog",1000,628,2,1,500,536.064827951294,-4.43158904368781,540.496416994981,497.197476262465,498.447447141266,2.49994175760128,26.4114263173588,22.350257321294,22.3606797749979,1.47161123453917,1.88136401515405,0.115517691049697
"loglog",1000,628,5,0,200,231.471509594988,-2.10103930829889,233.572548903287,197.7886093146,198.230215845148,2.20803265273734,18.7468558199612,17.8881301132084,17.8885438199983,1.79672263999185,1.9757421728525,0.0516925226728747
"loglog",1000,628,5,1,200,231.858151205149,-1.40503387487335,233.263185080023,197.583361629755,198.02956717057,2.23102770407765,18.7406213007236,17.8724047502014,17.8885438199983,1.82890358998243,1.9713977163065,0.0498648709675163
"loglog",1000,628,10,0,100,136.874615630272,-1.10477202272399,137.979387652996,97.8596978301079,98.0731418646049,2.13444034496945,13.704834720435,13.4155207056159,13.4164078649987,2.84679958540397,2.97463264110846,0.00582236080579817
"loglog",1000,628,10,1,100,126.679769251716,-0.662237709026605,127.342006960743,97.7736881697616,97.9854261916628,2.1173802190118,13.6950476982516,13.4019238016881,13.4164078649987,2.11069590401245,2.19047512905442,0.0271948493902952
"loglog",1000,628,25,0,40,59.8376117713644,-0.559908374041204,60.3975201454056,37.9154663889119,37.9983455912213,2.07198005773424,8.83101477210531,8.76067236431667,8.76356092008266,2.48240388541738,2.55678715316635,0.0133999993553058
"loglog",1000,628,25,1,40,66.3138901120594,-0.494130121499858,66.8080202335593,37.8635300265748,37.9467618894297,2.08079657137043,8.8223640261193,8.7512411417532,8.76356092008266,3.22480006506817,3.29796172641492,0.00300212269155451
"loglog",1000,628,50,0,20,36.1722433368935,0.0122892097115356,36.159954127182,17.9324378591606,17.9732865368804,2.04243388599294,6.27637431844959,6.2529493948037,6.26099033699941,2.90610542843445,2.90849428677848,0.00670597521686352
"loglog",1000,628,50,1,20,34.2863929926434,0.263082669896146,34.0233103227473,17.9052417794092,17.9461657269074,2.04619737491027,6.2693807590615,6.24563352986193,6.26099033699941,2.61288185273444,2.5741415212678,0.0116078787849833
"loglog",1000,629,2,0,500,553.67970552555,-17.4052358541438,571.084941379694,497.476463847794,498.737607356168,2.5222870167493,24.2998953356507,22.3605825504128,22.3606797749979,2.31290056609008,3.23548520528995,0.0424041939914044
"loglog",1000,629,2,1,500,490.778371223933,-17.0282255198656,507.806596743798,497.480758674903,498.733533376599,2.50554940339088,24.2938444967705,22.3601926973954,22.3606797749979,-0.27588829968273,0.405768567828864,0.582693830184683
"loglog",1000,629,5,0,200,216.580368019882,-7.0516264613757,223.631994481258,197.754456088778,198.202997446627,2.24270678924372,18.2881235978814,17.8882521284934,17.8885438199983,1.02940642490434,1.42154732904988,0.173801505318184
"loglog",1000,629,5,1,200,203.076121970134,-7.08957540958155,210.165697379715,197.754460911459,198.201419829262,2.23479458901462,18.285596306119,17.8875946050935,17.8885438199983,0.291030216875885,0.668858939091034,0.387295334792865
"loglog",1000,629,10,0,100,94.6655116270783,-3.42912919363204,98.0946408207103,97.8546694568884,98.0687100199301,2.14040563041754,13.5495040096466,13.4156976583556,13.4164078649987,-0.235370817082276,0.00193287009297076,0.576581464296227
"loglog",1000,629,10,1,100,94.0093486112739,-3.48040432037401,97.4897529316479,97.8502827609703,98.0642903316343,2.14007570663998,13.5480450895731,13.4150817581495,13.4164078649987,-0.283504677191586,-0.0428277225845041,0.595301775792076
"loglog",1000,629,25,0,40,44.9593088575408,-1.43715526544176,46.3964641229826,37.8971373659178,37.98078786957,2.09126259130339,8.79312206093353,8.76093425158737,8.76356092008266,0.803147214684886,0.960591189448523,0.203369669442921
"loglog",1000,629,25,1,40,38.9521796217967,-1.40133828835846,40.3535179101552,37.9028373447955,37.986185897486,2.08371381726349,8.79255321438787,8.76053612461703,8.76356092008266,0.119344432887148,0.270226842169731,0.426719555180243
"loglog",1000,629,50,0,20,23.3920987447176,-0.590565070994591,23.9826638157121,17.9204247248786,17.9615774038822,2.05763395017546,6.26467468851921,6.25403288032653,6.26099033699941,0.873417103343997,0.962752599330054,0.175968876727636
"loglog",1000,629,50,1,20,21.4078242979668,-0.51061812980324,21.9184424277701,17.9209557457818,17.9620760902582,2.05601722381915,6.26427825301893,6.25369658675785,6.26099033699941,0.556627341785885,0.632644433995964,0.259339168025871
"loglog",1000,630,2,0,500,472.645025443166,-30.0034844287981,502.648509871964,497.49329059442,498.746007684619,2.50543418039735,25.5866933381069,22.3605772310898,22.3606797749979,-0.971140147845801,0.174526003824228,0.787053859975374
"loglog",1000,630,2,1,500,484.311124383781,-30.4550643954071,514.766188779188,497.260337300232,498.525931082352,2.53118756423897,25.5979854686197,22.3519527273888,22.3606797749979,-0.505868437667697,0.726569973322136,0.661519205433189
"loglog",1000,630,5,0,200,200.24057574867,-12.0667602656592,212.307336014329,197.749761544237,198.199240742999,2.24739599381378,18.5668008138363,17.888253971124,17.8885438199983,0.134154194328243,0.788679280499008,0.442099175497467
"loglog",1000,630,5,1,200,203.836402764559,-12.2178086155864,216.054211380145,197.631650869647,198.077203441226,2.22776285789766,18.5623157698891,17.8764817163695,17.8885438199983,0.334266045887288,1.00562337847819,0.373012553655659
"loglog",1000,630,10,0,100,110.234608183865,-5.8662519894042,116.10086017327,97.8514502061095,98.0658002119548,2.14350005845363,13.6438594562723,13.4156791171001,13.4164078649987,0.907599350274976,1.34432702242606,0.187502242201986
"loglog",1000,630,10,1,100,103.934249194455,-6.18738919213221,110.121638386587,97.7862944243411,97.9993296134612,2.13035189120047,13.6362237820444,13.4053542457797,13.4164078649987,0.450854640432725,0.904288581328789,0.321676402995331
"loglog",1000,630,25,0,40,52.431720420462,-2.39520826806166,54.8269286885237,37.9062626725023,37.989531324464,2.08171629904215,8.81644799299173,8.76085051804309,8.76356092008266,1.64754079641894,1.92189072617811,0.0597171868988068
"loglog",1000,630,25,1,40,49.6296204744306,-2.6090472132001,52.2386676876307,37.8592540828145,37.94321240985,2.09895817588834,8.8106656835208,8.75438652799261,8.76356092008266,1.33592248468024,1.63294769223065,0.0980397339695259
"loglog",1000,630,50,0,20,22.2644731931208,-0.875350404951527,23.1398235980723,17.9153042250325,17.9565285574791,2.06121662232909,6.2721433586267,6.25352015000796,6.26099033699941,0.693410325531941,0.828860372439464,0.220454766622222
"loglog",1000,630,50,1,20,24.5069058392168,-1.23531092687939,25.7422167660962,17.9005419592578,17.9417544906479,2.06062656950501,6.26753903058651,6.24872282817356,6.26099033699941,1.05406026954424,1.24832905698401,0.139112058299193
"loglog",1000,631,2,0,500,458.318227133925,-21.3351976837366,479.653424817661,497.477645039375,498.738130668706,2.52097125866298,25.12378169656,22.3605700492192,22.3606797749979,-1.55865937614048,-0.853498180459456,0.898159783646031
"loglog",1000,631,2,1,500,502.100498295748,-22.3263445408902,524.426842836638,497.255721278549,498.512036422113,2.51263028712791,25.0794589291534,22.3519203943984,22.3606797749979,0.19317709488411,1.15939954855154,0.440111676035553
"loglog",1000,631,5,0,200,188.119554849319,-8.61779824363706,196.737353092956,197.792122600344,198.233051779262,2.20464589459108,18.4652839309117,17.8882110411917,17.8885438199983,-0.523824479884227,-0.0836136538674197,0.681311101924202
"loglog",1000,631,5,1,200,172.911017201214,-8.69830157634049,181.609318777555,197.584100597534,198.038855098379,2.27377250422598,18.4399948405242,17.8760630679528,17.8885438199983,-1.33802008133418,-0.919080239221055,0.9005099810378
"loglog",1000,631,10,0,100,92.6172281738145,-4.23493751192127,96.8521656857358,97.8640724797663,98.0771283314879,2.13055851721562,13.6092893021708,13.4156335215519,13.4164078649987,-0.385534041451738,-0.0913085948408046,0.634537062113057
"loglog",1000,631,10,1,100,90.4833913734977,-4.48770021471855,94.9710915882162,97.7532645208723,97.9693425486617,2.1607802778938,13.5935312414408,13.4049357971962,13.4164078649987,-0.534803872389827,-0.223667685232227,0.692631387872456
"loglog",1000,631,25,0,40,42.0993413229616,-1.8761333262052,43.9754746491668,37.9191468880314,38.0018555160603,2.06771570072239,8.80769993800648,8.76061463297677,8.76356092008266,0.474606817256798,0.681872149771377,0.29798223586313
"loglog",1000,631,25,1,40,39.2419121888321,-1.9593259050605,41.2012380938926,37.8624296298177,37.9460475146212,2.09044712008691,8.79885143508811,8.75318079946208,8.76356092008266,0.156779844413931,0.371886592296994,0.413989032942552
"loglog",1000,631,50,0,20,27.8405762644474,-0.973381463021169,28.8139577274685,17.9227035835229,17.9637667650753,2.05315907761955,6.26894859256397,6.25332316684275,6.26099033699941,1.58206316968187,1.73510798545078,0.0645230777649023
"loglog",1000,631,50,1,20,23.1754709685198,-1.13777096710024,24.3132419356201,17.9165060793333,17.9573566125079,2.04252665872845,6.26326065949354,6.24806966528286,6.26099033699941,0.839652886107368,1.0172558347786,0.183936905281546
"loglog",1000,632,2,0,500,514.141405400899,-24.064498259205,538.205903660104,497.503345466874,498.751028886889,2.49536684002989,24.200453835595,22.3605803790404,22.3606797749979,0.687510244520821,1.76448348407797,0.299059988092678
"loglog",1000,632,2,1,500,472.828394012709,-24.6098263011979,497.438220313907,497.399467793539,498.651782245544,2.50462890400966,24.184901933143,22.357320578251,22.3606797749979,-1.01596747626907,-0.0542802938925339,0.785301877328535
"loglog",1000,632,5,0,200,225.00703304081,-9.67127067287358,234.678303713683,197.763862663002,198.210526867131,2.23332102064573,18.2670116492196,17.8882472601599,17.8885438199983,1.49138627056011,2.03864449748366,0.0912525626712927
"loglog",1000,632,5,1,200,184.969625312777,-9.79408055574468,194.763705868522,197.716081193919,198.160203958576,2.22061382328383,18.257793847715,17.8831257561977,17.8885438199983,-0.698137791863459,-0.189927540428829,0.737626891842821
"loglog",1000,632,10,0,100,130.534078376565,-4.79889496386507,135.33297334043,97.8591361360415,98.0727372757399,2.13601139698392,13.5423264755651,13.4156962757331,13.4164078649987,2.41280124943675,2.77736133100215,0.0156299268006682
"loglog",1000,632,10,1,100,101.215872009968,-5.08299294661744,106.298864956585,97.8249312552379,98.0385843724536,2.13653117215677,13.5364464799232,13.4113011189745,13.4164078649987,0.250504499815312,0.615919403408587,0.391752938399085
"loglog",1000,632,25,0,40,71.0288646516046,-2.046854549848,73.0757192014526,37.9143853748265,37.9973672120446,2.07454593045037,8.7917090077982,8.76107064846203,8.76356092008266,3.76655770196735,4.00388872512584,0.000919290393735972
"loglog",1000,632,25,1,40,56.9810385203192,-2.03345855290078,59.01449707322,37.9024681889228,37.9854108423651,2.07356633605691,8.78846442052214,8.75826186309127,8.76356092008266,2.17086505884299,2.40105703158692,0.0245640485954185
"loglog",1000,632,50,0,20,30.4243105972112,-0.760428264498049,31.1847388617093,17.9330630342912,17.973965976821,2.04514712649022,6.26403271202638,6.25406523718622,6.26099033699941,1.99412233894276,2.11234970916804,0.0335199306847234
"loglog",1000,632,50,1,20,28.9464569049027,-0.859783483670275,29.806240388573,17.9259399395878,17.9668506629231,2.04553616676095,6.261786474826,6.2519640535093,6.26099033699941,1.7599637115734,1.89370726132124,0.0490373784103581
"loglog",1000,633,2,0,500,489.915910724173,-7.88863974505417,497.804550469227,497.499122597737,498.748835383339,2.49942557120441,26.0318409745328,22.360565557924,22.3606797749979,-0.291305247330874,-0.0422299208696771,0.593438315373717
"loglog",1000,633,2,1,500,463.128176716383,-8.03630241334812,471.164479129731,497.372923941686,498.625372580821,2.5048972782712,26.0115277468156,22.3559255306186,22.3606797749979,-1.31652194975343,-1.22834965671541,0.866630270485187
"loglog",1000,633,5,0,200,215.98784900871,-3.27517323540759,219.263022244118,197.784696488733,198.227115793523,2.21209652394959,18.6654095566057,17.8881900931047,17.8885438199983,0.97523456234771,1.17596617327448,0.181100774023145
"loglog",1000,633,5,1,200,184.403564188776,-3.04395694886222,187.447521137639,197.688045547114,198.135045244258,2.23499848572048,18.6527787213923,17.881633435225,17.8885438199983,-0.712198517805903,-0.59768164610542,0.747242931056434
"loglog",1000,633,10,0,100,113.724614923646,-1.85727621426996,115.581891137916,97.8748767736715,98.0867980154463,2.11921241774819,13.6772665599064,13.4155444156864,13.4164078649987,1.15883814068787,1.30409117814205,0.132379615156658
"loglog",1000,633,10,1,100,94.9050809271483,-1.8517185281393,96.7567994552876,97.8315678167205,98.0434670505369,2.11899233816359,13.6689267496052,13.4096992453768,13.4164078649987,-0.214097781280213,-0.0959505184795917,0.569722663881455
"loglog",1000,633,25,0,40,50.9234227602343,-0.865214984088662,51.7886377443229,37.931684434506,38.0138827228221,2.05495720790322,8.82424758959327,8.76052869851499,8.76356092008266,1.47227717647564,1.5723657207853,0.0783827235396621
"loglog",1000,633,25,1,40,41.0788370762324,-0.7734893670828,41.8523264433152,37.8994087768731,37.9822012915772,2.06981286760252,8.81980308832278,8.75671122492879,8.76356092008266,0.360487447114191,0.441961034494376,0.337198498666921
"loglog",1000,633,50,0,20,25.2882929440836,-0.633126753699824,25.9214196977834,17.9502336778588,17.9907470430593,2.02566826002452,6.27468854896587,6.25331848744571,6.26099033699941,1.16946988029137,1.26823424564827,0.117178933717951
"loglog",1000,633,50,1,20,23.29147820458,-0.458324822040473,23.7498030266205,17.9332602478731,17.9739322740246,2.03360130757542,6.27164743287479,6.25049086268557,6.26099033699941,0.854355735722666,0.924066746033805,0.179636342487767
"loglog",1000,634,2,0,500,472.605219262246,-13.8195799767645,486.424799239011,497.496733163547,498.747858315318,2.50225030354108,24.2356212603449,22.3605949028258,22.3606797749979,-1.02706316598656,-0.55110604748488,0.787433140295953
"loglog",1000,634,2,1,500,463.997743057268,-10.92834371319,474.926086770458,497.155702412709,498.407701700153,2.50399857488777,24.1799939018476,22.3479233233169,22.3606797749979,-1.37129725880154,-1.05072917022208,0.860307108340725
"loglog",1000,634,5,0,200,171.70789475507,-5.70859693922479,177.416491694295,197.758225706704,198.20601245268,2.23893372987748,18.2744612352874,17.8882479239196,17.8885438199983,-1.42550473123288,-1.16218876475798,0.911621643963055
"loglog",1000,634,5,1,200,193.566815081386,-4.49728684220155,198.064101923587,197.548792972997,197.99742638188,2.24316704441602,18.2449733271816,17.8708190182559,17.8885438199983,-0.218250683089718,0.00373097291395302,0.575693476788305
"loglog",1000,634,10,0,100,95.1495078992548,-2.76821944224854,97.9177273415033,97.8736742856559,98.0858226639091,2.12148378253219,13.5449469778264,13.4157168333558,13.4164078649987,-0.201120490974287,-0.0125297309486944,0.562715028033025
"loglog",1000,634,10,1,100,95.2133701824228,-2.2912706848464,97.5046408672692,97.7383868842544,97.9524692403005,2.14082356046049,13.5253394767669,13.4005424820787,13.4164078649987,-0.18668786141516,-0.0334186749253028,0.560882766795298
"loglog",1000,634,25,0,40,36.37364425717,-1.17833953524636,37.5519837924164,37.9165096617548,37.9994099545228,2.07250731920019,8.79247644129693,8.76110774430795,8.76356092008266,-0.175475637027371,-0.0510695879065139,0.544764556369501
"loglog",1000,634,25,1,40,38.0413899916412,-0.995774071474214,39.0371640631154,37.863652769953,37.9466208624441,2.07420231227903,8.78020118045923,8.74999850198882,8.76356092008266,0.0202429554898749,0.124633529985561,0.467599497419873
"loglog",1000,634,50,0,20,24.2450197977203,-0.535696349756368,24.7807161474767,17.9294120002542,17.9704143121263,2.05011559360123,6.265066310779,6.25452441775191,6.26099033699941,1.00806719102081,1.0888600604102,0.14716330153581
"loglog",1000,634,50,1,20,22.221077627147,-0.577712476557414,22.7987901037044,17.9087033009477,17.9496467972655,2.04717481588535,6.25734018837752,6.24715967763766,6.26099033699941,0.689170509573554,0.776215681471521,0.222317752208432
"loglog",1000,635,2,0,500,447.866168259952,-40.5956894275771,488.461857687529,497.49568304437,498.747043849569,2.50272161039757,27.7719893860597,22.3605463212905,22.3606797749979,-1.78703491833143,-0.459970253600071,0.947803186540272
"loglog",1000,635,2,1,500,444.420582978443,-39.8390492878486,484.259632266292,497.015465885395,498.287406788111,2.54388180543328,27.6705217774499,22.3364410800062,22.3606797749979,-1.90075501033066,-0.628021915916417,0.959195446836616
"loglog",1000,635,5,0,200,173.505225428556,-15.7086701663728,189.213895594929,197.799294980047,198.238742856476,2.1972393821464,19.062234633226,17.8881600694349,17.8885438199983,-1.27446073447997,-0.504515122098427,0.894680493497067
"loglog",1000,635,5,1,200,162.854095014861,-14.8621197445565,177.716214759417,197.481553432616,197.922642897463,2.20544732423774,19.0015811489943,17.8592965769765,17.8885438199983,-1.8223461587873,-1.13142351665156,0.967769630290806
"loglog",1000,635,10,0,100,99.3813409343471,-8.03177401708655,107.413114951434,97.8978019273981,98.1073600832446,2.09558155846511,13.8131036509039,13.4154252558877,13.4164078649987,0.107400845200486,0.693660818847688,0.442041984721689
"loglog",1000,635,10,1,100,97.429132780409,-7.54292462714676,104.972057407556,97.6953400130176,97.9081875136428,2.12847500625217,13.7778268718727,13.3922914047552,13.4164078649987,-0.0193214238416703,0.527457899505143,0.497283365548224
"loglog",1000,635,25,0,40,36.0234845891135,-3.28699082733861,39.3104754164521,37.9245610539747,38.0070168667794,2.06139532011708,8.85768862033874,8.76038204529055,8.76356092008266,-0.214624440567488,0.148790148983678,0.561145940186778
"loglog",1000,635,25,1,40,45.099587917735,-3.06104168250137,48.1606296002364,37.8582739338267,37.9404931153916,2.05547953912215,8.83852208883164,8.7444442840471,8.76356092008266,0.819290138230052,1.16875768806599,0.199333204983398
"loglog",1000,635,50,0,20,26.5040477820883,-1.80410080341145,28.3081485854997,17.9454655227346,17.9860113736196,2.02729254424994,6.28550641036849,6.25233866732093,6.26099033699941,1.36163766299491,1.65092419990472,0.0887792156485049
"loglog",1000,635,50,1,20,22.3442542326529,-1.38735531428547,23.7316095469383,17.9177234851467,17.9580446141934,2.01605645233609,6.27207735251638,6.24010624969107,6.26099033699941,0.705751938108714,0.925235036347465,0.217059316770423
"loglog",1000,636,2,0,500,505.823104639062,-14.6062983881756,520.429403027238,497.497482178463,498.748107437514,2.50125051810147,25.2576556704635,22.3605920348904,22.3606797749979,0.329627680780174,0.969620820231125,0.394466285196746
"loglog",1000,636,2,1,500,503.528295399061,-13.6585193051179,517.186814704179,497.32361301476,498.578402195296,2.50957836107138,25.2246430210895,22.3539143648529,22.3606797749979,0.245977014585027,0.832445369753268,0.422448545194772
"loglog",1000,636,5,0,200,195.248754991972,-5.68705162027229,200.935806612244,197.769638324786,198.215141404825,2.22751540019804,18.4946279051105,17.8882386734015,17.8885438199983,-0.136303544237155,0.152092403119831,0.541951978870023
"loglog",1000,636,5,1,200,211.306987755908,-5.214213256303,216.521201012211,197.689261131738,198.129039949911,2.19889409086414,18.4756363633483,17.8786777503945,17.8885438199983,0.737064009940369,1.02872042994868,0.245849911320532
"loglog",1000,636,10,0,100,78.9907295573466,-2.86871624031302,81.8594457976596,97.8758711655756,98.087760290368,2.11889124792432,13.6192958120113,13.415644335092,13.4164078649987,-1.38664596678879,-1.20965598724611,0.920529718825996
"loglog",1000,636,10,1,100,110.249704622899,-2.73041878689886,112.980123409798,97.8276547189119,98.0382235778816,2.1056885896965,13.6074859136318,13.4074795923025,13.4164078649987,0.912883539459907,1.11444509231211,0.187234075142884
"loglog",1000,636,25,0,40,34.2421131564621,-1.28046716141693,35.522580317879,37.9257551495866,38.0082529491361,2.06244498873669,8.81043903115049,8.76090228372259,8.76356092008266,-0.41809970877734,-0.2837233598502,0.643912444372244
"loglog",1000,636,25,1,40,48.4308750076619,-1.23600263744882,49.6668776451107,37.9048525093633,37.9871595786026,2.05767673098264,8.80393591261185,8.75530700772563,8.76356092008266,1.19560417099582,1.33401582105596,0.119649532760367
"loglog",1000,636,50,0,20,20.0688626940584,-0.632636785041998,20.7014994791004,17.9361174497319,17.9769406491394,2.04115997037561,6.27040302969219,6.25378027179607,6.26099033699941,0.340128893506111,0.435665903109605,0.328956121486384
"loglog",1000,636,50,1,20,17.5989861472045,-0.662108755567841,18.2610949027724,17.9338400878185,17.9744784957915,2.03192039864603,6.26656235986256,6.25018956069356,6.26099033699941,-0.0534350288698529,0.0458572342802871,0.482349029124847
"loglog",1000,637,2,0,500,465.751334442933,-8.94219543145866,474.693529874391,497.45778507242,498.728169056388,2.54076796793583,26.4471159565511,22.3605390018543,22.3606797749979,-1.19886231381813,-1.07486850741851,0.846970172525382
"loglog",1000,637,2,1,500,514.016914660563,-8.78121803717235,522.798132697736,497.415741489123,498.670393980373,2.50930498249959,26.4586588069544,22.3576394663539,22.3606797749979,0.627438196794647,1.0791720098033,0.300402101870966
"loglog",1000,637,5,0,200,189.242076290118,-3.79205754772605,193.034133837844,197.766530776729,198.21252602894,2.22997626105701,18.7585168529089,17.8881594279826,17.8885438199983,-0.454431155376162,-0.289487144384197,0.660244092104609
"loglog",1000,637,5,1,200,201.653489940448,-3.94459590801441,205.598085848462,197.721928455754,198.167188099338,2.22629821791997,18.7597379546265,17.8839588228603,17.8885438199983,0.209574435112175,0.415506310584047,0.414518913293271
"loglog",1000,637,10,0,100,89.5738180554581,-1.79029137623158,91.3641094316897,97.8520382226552,98.066282570005,2.14244347349745,13.7088834777905,13.4155770310709,13.4164078649987,-0.603858088122824,-0.49958142857313,0.716355433941512
"loglog",1000,637,10,1,100,93.1741465384333,-1.92925431427135,95.1034008527047,97.8417211116184,98.0543234014098,2.12602289791496,13.7073883910611,13.41204338622,13.4164078649987,-0.340515234559842,-0.220020355118821,0.618936953269388
"loglog",1000,637,25,0,40,36.2580684659543,-0.805426927048888,37.0634953930032,37.912160473434,37.9951738693733,2.07533489848442,8.83223803822714,8.76072114714978,8.76356092008266,-0.187278920735665,-0.106347235658021,0.550169583092909
"loglog",1000,637,25,1,40,33.9890285011007,-0.795695357884486,34.7847238589852,37.9053434226005,37.9882103247754,2.07167255437168,8.83045685917585,8.75844345134728,8.76356092008266,-0.443500827188833,-0.365759793230998,0.655457162116904
"loglog",1000,637,50,0,20,13.8640148971042,-0.417087073177262,14.2811019702815,17.9422721497811,17.9828974029175,2.03126265681762,6.27635257438036,6.25254373634648,6.26099033699941,-0.649781414339931,-0.592046307667907,0.737911936364282
"loglog",1000,637,50,1,20,15.2178882688058,-0.383030694974686,15.6009189637805,17.9345101617991,17.9751744298917,2.03321340462787,6.2747159352028,6.25073336124324,6.26099033699941,-0.432947390933249,-0.379836305421765,0.646955712299119
"loglog",1000,638,2,0,500,499.615283780061,-4.71909739686919,504.33438117693,497.491249082604,498.745048536859,2.50759890850875,25.4338242343542,22.3605784509377,22.3606797749979,0.0835122031938638,0.249963687314039,0.471202483703417
"loglog",1000,638,2,1,500,510.855254332453,-4.59676404046092,515.452018372913,497.495152265977,498.746070806444,2.50183708093471,25.4303681004798,22.3604912123492,22.3606797749979,0.525360152620987,0.747118988032031,0.335432062447193
"loglog",1000,638,5,0,200,201.38281518241,-1.85378109417253,203.236596276583,197.793472355061,198.234126669459,2.20327157198852,18.5329037987383,17.8881825791379,17.8885438199983,0.193674065668728,0.279652199713011,0.419764389311948
"loglog",1000,638,5,1,200,233.046812904706,-2.00504053394375,235.051853438649,197.749344567982,198.198598402174,2.2462691709585,18.5315124454329,17.8880767111625,17.8885438199983,1.90472679662057,2.06021338300046,0.0445783945026076
"loglog",1000,638,10,0,100,108.562298410727,-1.12388435662662,109.686182767354,97.8654260442753,98.0783302847887,2.12904240513402,13.6319917781076,13.4155814862187,13.4164078649987,0.784688880434207,0.865251535648242,0.218827114207443
"loglog",1000,638,10,1,100,110.388278024947,-1.11190490869107,111.500182933638,97.8558750522599,98.0696778457709,2.13802793511034,13.6314576797416,13.415504522368,13.4164078649987,0.919373647861012,1.00111815142503,0.184784727911389
"loglog",1000,638,25,0,40,38.7927166189731,-0.37697291315119,39.1696895321243,37.9148289786095,37.9977013276207,2.07180872527952,8.81280610921779,8.76051297982722,8.76356092008266,0.0996149954377611,0.1337807737061,0.433786852391069
"loglog",1000,638,25,1,40,42.5614842961268,-0.360344727209142,42.921829023336,37.9102594270136,37.9933044974449,2.07612676078147,8.81264448314386,8.76045775731269,8.76356092008266,0.527789913460105,0.562587556772021,0.281129868527116
"loglog",1000,638,50,0,20,24.3807145890783,-0.269158765530905,24.6498733546092,17.9243037572151,17.9653053043522,2.05007735685279,6.26986631265228,6.25279983151687,6.26099033699941,1.02975255131587,1.06905198157213,0.142946382008432
"loglog",1000,638,50,1,20,27.6059098451176,-0.244747727558007,27.8506575726756,17.9245887509378,17.9655820067144,2.04966278882891,6.26978910030608,6.25275924369041,6.26099033699941,1.54412228853235,1.58091415017076,0.0683111753276134
"loglog",1000,639,2,0,500,506.669089054526,-24.0141903391114,530.683279393637,497.472808087138,498.735756755906,2.52589733753608,25.9221677266778,22.360566350399,22.3606797749979,0.354765120893945,1.42874389392025,0.384299337121384
"loglog",1000,639,2,1,500,458.248776273439,-24.7576957259922,483.006471999432,497.060442138076,498.337912735557,2.55494119496249,25.9326311201942,22.3440180621465,22.3606797749979,-1.49663432471429,-0.686154150676189,0.898572879666452
"loglog",1000,639,5,0,200,205.701907715864,-9.64314749809205,215.345055213956,197.788629065454,198.230293315039,2.20832124792465,18.6410188897221,17.888217010127,17.8885438199983,0.424508912158925,0.956761754915421,0.338876936154762
"loglog",1000,639,5,1,200,208.535249430383,-10.2433616345434,218.778611064927,197.496808221811,197.944204330036,2.23698054112184,18.6295354893093,17.865211720474,17.8885438199983,0.592523695231483,1.1661998223628,0.28990205337694
"loglog",1000,639,10,0,100,100.718866123752,-4.5266991855587,105.245565309311,97.8691841407831,98.0817215531784,2.12537412395381,13.6689546187316,13.4156110110499,13.4164078649987,0.208478414220772,0.533993103275848,0.405176535558865
"loglog",1000,639,10,1,100,91.2969851431867,-4.80439598265655,96.1013811258433,97.7138554292787,97.9267795084979,2.12924079219165,13.653576270453,13.3955741403966,13.4164078649987,-0.469977254236197,-0.136268767842495,0.670842681710567
"loglog",1000,639,25,0,40,32.1427200728918,-1.89873622753137,34.0414563004232,37.9269094705171,38.0093202735368,2.06027007549319,8.82238685348679,8.76066374654661,8.76356092008266,-0.655626362081278,-0.45291819066537,0.73639972768129
"loglog",1000,639,25,1,40,31.2458470032599,-2.08439167563542,33.3302386788953,37.8609792785664,37.9433314540239,2.05880438643778,8.80892129935426,8.74597934655178,8.76356092008266,-0.750958267250208,-0.527452969226071,0.772871520655543
"loglog",1000,639,50,0,20,23.0789453355541,-0.765289047156533,23.8442343827106,17.9308735286691,17.9717732554594,2.0449863395136,6.27408658140205,6.25332730757161,6.26099033699941,0.820529289816493,0.939093835715401,0.187574630471775
"loglog",1000,639,50,1,20,15.8453238039274,-1.17139753951759,17.016721343445,17.9025037440759,17.9432643997296,2.03803278268164,6.26345890165984,6.24230142347734,6.26099033699941,-0.328441516492324,-0.148429720615511,0.603341346755265
"loglog",1000,640,2,0,500,489.721197571126,-13.533047696971,503.254245268097,497.524874673478,498.761861596085,2.47397384521464,24.6973703729728,22.3605828692304,22.3606797749979,-0.315971983433961,0.200906376112143,0.595856383807135
"loglog",1000,640,2,1,500,500.681041208612,-14.7615563473296,515.442597555942,497.354012503997,498.6000818304,2.49213865280592,24.6751799160318,22.3545746088706,22.3606797749979,0.134833006929898,0.753425910366378,0.457824185500134
"loglog",1000,640,5,0,200,217.14709566233,-5.60821134083612,222.755307003166,197.769237150911,198.214833594144,2.2279822161665,18.3730661991155,17.8882412716335,17.8885438199983,1.0546883302664,1.37187737108272,0.167009539196148
"loglog",1000,640,5,1,200,206.913077295092,-5.89568920212337,212.808766497216,197.708387334302,198.14637582409,2.18994244893865,18.3588263060549,17.8796376628825,17.8885438199983,0.501376820464527,0.820060839575319,0.317487977357961
"loglog",1000,640,10,0,100,111.915312909291,-2.69178355145518,114.607096460746,97.8811390117475,98.0925339037934,2.11394892045913,13.5781715014516,13.4156968437344,13.4164078649987,1.03358349068158,1.2309880544644,0.159246672130405
"loglog",1000,640,10,1,100,95.8049163171711,-2.68601613451481,98.490932451686,97.8465016037264,98.0559054130055,2.0940380927913,13.5686406178822,13.4084344665213,13.4164078649987,-0.150463509503274,0.0324442827211959,0.543893000971269
"loglog",1000,640,25,0,40,47.090205491928,-1.10170086346242,48.1919063553904,37.9216542502898,38.0042962277817,2.06604943729629,8.80005107163894,8.76079116578855,8.76356092008266,1.04187477629384,1.16286416772403,0.148082577191337
"loglog",1000,640,25,1,40,44.9752357265329,-0.987814126899615,45.9630498534325,37.9183081485155,38.0001708283896,2.04656699685408,8.79451615368164,8.75580646795151,8.76356092008266,0.802423630214522,0.909439816216713,0.202908523749014
"loglog",1000,640,50,0,20,28.9768065776789,-0.748352976499344,29.7251595541783,17.937722565638,17.9784924246521,2.03849295070373,6.26624556014439,6.25343056184762,6.26099033699941,1.76167434009505,1.87843568635638,0.048663259212762
"loglog",1000,640,50,1,20,27.4445037701069,-0.606078732864718,28.0505825029717,17.9373188058031,17.9778751612198,2.02781777083452,6.26260205161761,6.24996587571726,6.26099033699941,1.518088629286,1.61164197406052,0.071027408740805
"loglog",1000,641,2,0,500,461.770754531768,-13.163523389699,474.934277921467,497.508464571262,498.753535640205,2.49014213788567,25.3946855428953,22.3605682208737,22.3606797749979,-1.40729090656107,-1.06523490295309,0.87611708852785
"loglog",1000,641,2,1,500,493.407607019655,-12.3840599050284,505.791666924683,497.418869360357,498.680805572775,2.52387242483634,25.4082425188304,22.358222873362,22.3606797749979,-0.15787248321994,0.318042332442262,0.54966808461217
"loglog",1000,641,5,0,200,192.073875449943,-5.41804239726961,197.491917847212,197.775918030782,198.220113490731,2.22097729974545,18.5242611966197,17.888214068396,17.8885438199983,-0.307814844560725,-0.0407081243960384,0.605353711881876
"loglog",1000,641,5,1,200,182.973930699148,-5.33554903488381,188.309479734032,197.721711571136,198.169715006501,2.24001717682495,18.5270564688046,17.8851120269818,17.8885438199983,-0.796013165762184,-0.55130967352029,0.770761249693115
"loglog",1000,641,10,0,100,105.267319720811,-2.63237058721857,107.89969030803,97.8637711645433,98.0768349210749,2.13063756531535,13.6292351166461,13.415590866543,13.4164078649987,0.543210862011272,0.732197000092761,0.289739465503183
"loglog",1000,641,10,1,100,111.886354817855,-2.66854527635319,114.554900094209,97.8251080584079,98.0400892480409,2.1498118963302,13.6288269313829,13.4129996076588,13.4164078649987,1.03172832337234,1.23125410640717,0.159706328771902
"loglog",1000,641,25,0,40,39.3236353845065,-1.01183424951725,40.3354696340238,37.9035223332449,37.9868657737491,2.08358601260428,8.81246986310831,8.7606396081523,8.76356092008266,0.161148131377631,0.268085889309858,0.410425129832251
"loglog",1000,641,25,1,40,41.4567712346626,-1.12498711484679,42.5817583495094,37.8929230429107,37.9763677187484,2.08611689594299,8.81129073035924,8.75888405987286,8.76356092008266,0.40446380681466,0.525796505500012,0.322362967485165
"loglog",1000,641,50,0,20,20.8220689509137,-0.599750552318989,21.4218195032327,17.9210885586877,17.96215676983,2.05341055711096,6.27009533587205,6.25286630667074,6.26099033699941,0.462669263675958,0.553292292482231,0.288484762396567
"loglog",1000,641,50,1,20,21.9729264666695,-0.713728590838234,22.6866550575077,17.9147772342053,17.9558756242049,2.05491949997688,6.26882656712044,6.25136739327939,6.26099033699941,0.647353884975676,0.756759143349777,0.233189330448548
"loglog",1000,642,2,0,500,484.436170724295,-27.9330562145706,512.369226938865,497.497897702673,498.748338770706,2.50088213606674,24.9711911070944,22.3605960630597,22.3606797749979,-0.523071843964509,0.609146917628965,0.660041732932185
"loglog",1000,642,2,1,500,470.664743973046,-27.8954629608379,498.560206933884,497.466569540728,498.730232393203,2.52732570494932,24.9738685004644,22.360405427319,22.3606797749979,-1.07319479027385,-0.00760386299219543,0.805464025585471
"loglog",1000,642,5,0,200,178.975457193286,-11.2989149151637,190.27437210845,197.77090592658,198.216191775875,2.22642924647461,18.4322086674581,17.8882623028649,17.8885438199983,-1.01970681172232,-0.443968202889864,0.830133437733978
"loglog",1000,642,5,1,200,195.713324973088,-11.1697878749641,206.883112848052,197.759850042012,198.206649437783,2.23399697885683,18.4329400402829,17.8879694717841,17.8885438199983,-0.111025428632181,0.485044623088998,0.532602456657118
"loglog",1000,642,10,0,100,106.16318644831,-5.71532261459055,111.878509062901,97.8537583325463,98.0679004539622,2.14142121415892,13.5981220062471,13.4157022408391,13.4164078649987,0.611071742991176,1.02943613096134,0.269290800215239
"loglog",1000,642,10,1,100,97.2974176309964,-5.67486268601513,102.972280317012,97.8676881939061,98.0802512351157,2.12563041209561,13.5982890891121,13.4154580437743,13.4164078649987,-0.0419369347991214,0.364656135178784,0.501050901316938
"loglog",1000,642,25,0,40,46.4513437228142,-2.22954699484203,48.6808907176562,37.9148535747235,37.9978115519962,2.07394943181644,8.80536094489132,8.76103886797023,8.76356092008266,0.969465102170895,1.2193849755326,0.163320667909847
"loglog",1000,642,25,1,40,44.1212506283499,-2.28344634392165,46.4046969722716,37.9128181120793,37.9958302094076,2.07530243320935,8.80529433293239,8.76089175175701,8.76356092008266,0.705079498938577,0.959818589377905,0.228669568398388
"loglog",1000,642,50,0,20,26.4263113187174,-1.10686210491343,27.5331734236308,17.9287496845152,17.9697329044326,2.04916099586779,6.26885473566445,6.2539828605014,6.26099033699941,1.35552058430358,1.5291760039188,0.0904025028225235
"loglog",1000,642,50,1,20,24.9642696603869,-1.080642291258,26.0449119516449,17.9274498232047,17.9684522314885,2.05012041418936,6.26878011508489,6.25387719161272,6.26099033699941,1.12251821056048,1.29143241427702,0.125903571297762
"loglog",1000,643,2,0,500,464.086225981981,-23.0142990830533,487.100525065034,497.464678298852,498.731745727375,2.53413485704722,25.9235883752577,22.360579206939,22.3606797749979,-1.28757068017361,-0.520166340715006,0.859652907352664
"loglog",1000,643,2,1,500,491.036813161365,-24.5065079066102,515.543321067975,497.301652408109,498.558707834693,2.51411085316618,25.936692263973,22.3537184267199,22.3606797749979,-0.241543493016897,0.759811540480919,0.579464188742593
"loglog",1000,643,5,0,200,174.941898477318,-9.22844342015044,184.170341897468,197.737530879293,198.18939753431,2.2593332750852,18.6414210208454,17.8882067394691,17.8885438199983,-1.22284842858732,-0.783703802232451,0.879636800136566
"loglog",1000,643,5,1,200,197.728792019235,-9.71543570545593,207.444227724691,197.642125574505,198.089770169816,2.23822297655121,18.6385228011877,17.8782747130987,17.8885438199983,0.00464985587397718,0.523230440576093,0.49207024861313
"loglog",1000,643,10,0,100,75.8901205188157,-4.45694103804264,80.3470615568583,97.8302925524131,98.0466776807193,2.16385128306256,13.6690012884265,13.4155531034965,13.4164078649987,-1.60510424797268,-1.3193355493668,0.95234566400146
"loglog",1000,643,10,1,100,87.168236693546,-4.61071967335295,91.778956366899,97.7741470022687,97.9897215316426,2.15574529373838,13.6633355098855,13.4071225948503,13.4164078649987,-0.77623141882517,-0.463243706530228,0.775205078878157
"loglog",1000,643,25,0,40,30.6924880953904,-1.88316527312859,32.5756533685189,37.9176295912605,38.0004320469345,2.0700613918479,8.82256522942628,8.76076571262937,8.76356092008266,-0.818938858255403,-0.619212846954147,0.794196608128373
"loglog",1000,643,25,1,40,25.1409107325464,-1.82643172072659,26.967342453273,37.8896378734118,37.9724600483407,2.07055437322264,8.8173203040824,8.75482457681835,8.76356092008266,-1.44587320197076,-1.25703462113996,0.945836296140594
"loglog",1000,643,50,0,20,15.4686390468096,-0.941625404015641,16.4102644508252,17.9307275742833,17.9716426413934,2.0457533555063,6.27415945923083,6.25349403139023,6.26099033699941,-0.392417270149442,-0.249680927611125,0.629577372857163
"loglog",1000,643,50,1,20,14.3454248205064,-0.879770869293153,15.2251956897996,17.9155149400899,17.9564476330879,2.04663464989926,6.26993301441171,6.24903061016119,6.26099033699941,-0.56939844674217,-0.437068101226322,0.706311754373983
"loglog",1000,644,2,0,500,488.994469010948,-28.0007461137051,516.995215124653,497.501452219416,498.750064371562,2.49722430429353,24.8936793273014,22.3605486097206,22.3606797749979,-0.341732658182761,0.815952733161423,0.604853980684076
"loglog",1000,644,2,1,500,476.605642234862,-27.8785129656358,504.484155200498,497.489496592323,498.74253159378,2.50607000291357,24.895283150033,22.3604403598941,22.3606797749979,-0.838867918537125,0.25677596300906,0.74750593932677
"loglog",1000,644,5,0,200,198.869010482632,-11.2039507966401,210.072961279272,197.762886074072,198.209746578421,2.23430252174661,18.4153883073305,17.8882429387869,17.8885438199983,0.0600652231764158,0.663185017189589,0.469270866485457
"loglog",1000,644,5,1,200,201.198839765256,-11.1909437891712,212.389783554428,197.791563645281,198.232223497987,2.2032992635315,18.4158561282481,17.8880446755815,17.8885438199983,0.185018610932197,0.791453750994183,0.423340600213668
"loglog",1000,644,10,0,100,96.8291946249245,-5.5637706638746,102.392965288799,97.8682015717073,98.0808676365205,2.12666064813183,13.5923948764418,13.4156667636882,13.4164078649987,-0.076440315060567,0.321422537413495,0.514468314574153
"loglog",1000,644,10,1,100,99.9595470429414,-5.60594771308104,105.565494756022,97.86922593794,98.0816668733408,2.12440935400795,13.5924931233484,13.4155056889689,13.4164078649987,0.153784966895496,0.557849108053774,0.425983599907951
"loglog",1000,644,25,0,40,45.8592420422591,-2.30515715121041,48.1643991934695,37.8993384881366,37.9829301960117,2.08979269687645,8.80386682455361,8.76110299453439,8.76356092008266,0.90413720615613,1.16212182459327,0.178456322754441
"loglog",1000,644,25,1,40,47.2607801898958,-2.2613338940814,49.5221140839772,37.906507069424,37.9897924163113,2.08213367218392,8.80382372789081,8.76099623350774,8.76356092008266,1.06252389979563,1.31632537673727,0.144202193087175
"loglog",1000,644,50,0,20,20.1524558616191,-1.18804042186098,21.3404962834801,17.9330768041308,17.9739475753282,2.04353855987279,6.26767064611084,6.25356499903586,6.26099033699941,0.354099502478725,0.538340723838471,0.324302239073213
"loglog",1000,644,50,1,20,23.2221646520859,-1.17434461510796,24.3965092671938,17.9329657094733,17.9738343668721,2.0434328699418,6.26762644537135,6.25349733821155,6.26099033699941,0.84389186061315,1.02705327162713,0.182196559408747
"loglog",1000,645,2,0,500,502.341721895479,-14.8178931561755,517.159615051655,497.46308365435,498.730821262269,2.53547521583944,24.8265300220826,22.3605535402357,22.3606797749979,0.196509066582817,0.824165365862913,0.437115789073548
"loglog",1000,645,2,1,500,496.231817338525,-14.1090869503364,510.340904288862,497.422625142088,498.675222029235,2.50519377429541,24.8342665745824,22.3580158075469,22.3606797749979,-0.0479501901127775,0.521767332130088,0.513944589895569
"loglog",1000,645,5,0,200,170.026704556812,-5.79327404839822,175.81997860521,197.806880629596,198.244906302542,2.19012836473085,18.4007180056049,17.8882118667212,17.8885438199983,-1.5097332649912,-1.25361483106375,0.925636824571973
"loglog",1000,645,5,1,200,190.634627593715,-5.66713253438919,196.301760128104,197.739501276993,198.181866407074,2.21182565040588,18.4004924482543,17.8843544810716,17.8885438199983,-0.386124105279152,-0.105125755640765,0.633523939928517
"loglog",1000,645,10,0,100,87.6919292481672,-2.86336173575535,90.5552909839226,97.8868590370082,98.0976545666854,2.10795529677202,13.5873956724276,13.4156429223883,13.4164078649987,-0.750322580914399,-0.562206643870641,0.762925031740897
"loglog",1000,645,10,1,100,95.8339797777961,-3.02866655824859,98.8626463360447,97.8543067615232,98.0657221036647,2.1141534214147,13.5853553387891,13.4122114373226,13.4164078649987,-0.148713591462609,0.0594178101131361,0.543057752269843
"loglog",1000,645,25,0,40,37.52628096394,-1.21366226275838,38.7399432266984,37.922141989342,38.0047971183686,2.06637822566401,8.80247808505399,8.76096418943292,8.76356092008266,-0.0449715434195888,0.0839115527051847,0.491192514522014
"loglog",1000,645,25,1,40,30.960756158755,-1.25276339165642,32.2135195504114,37.8945401205205,37.9778267477258,2.0821656801325,8.80028195978463,8.75840062293489,8.76356092008266,-0.787904750489967,-0.658146098297883,0.783977958813028
"loglog",1000,645,50,0,20,16.6348968598442,-0.652318709348284,17.2872155691925,17.9438543688631,17.9844977680929,2.03216996149121,6.26706796404762,6.25337001260739,6.26099033699941,-0.208862823337492,-0.111505028088005,0.548326874772037
"loglog",1000,645,50,1,20,12.5794468147522,-0.497780348086217,13.0772271628384,17.9318681898008,17.9726126159736,2.03722130864306,6.26505233687637,6.2512097295952,6.26099033699941,-0.854329874236483,-0.783110096268073,0.815926478962706
"loglog",1000,646,2,0,500,485.695707245574,-9.83564683705827,495.531354082632,497.480359949396,498.739435881955,2.51815186511798,26.2007006634472,22.3605705850824,22.3606797749979,-0.449783876209948,-0.143470480197086,0.645040351317396
"loglog",1000,646,2,1,500,523.048087665964,-10.8483727572601,533.896460423224,497.34454336062,498.616972447918,2.54485817459503,26.2208113594513,22.3558130889693,22.3606797749979,0.980272652626324,1.57809012961885,0.211337605503726
"loglog",1000,646,5,0,200,205.071107531159,-4.00581640521061,209.07692393637,197.7407709346,198.191984763687,2.2560691454397,18.7032335720152,17.8882020858835,17.8885438199983,0.391928837777428,0.608498222483309,0.350265646807831
"loglog",1000,646,5,1,200,212.048196355579,-3.5552158439939,215.603412199573,197.679032720929,198.127713885243,2.24340582156774,18.7053604617253,17.8817579888394,17.8885438199983,0.768184268036521,0.977291960065519,0.234770208727404
"loglog",1000,646,10,0,100,101.127328049566,-2.04787313715444,103.175201186721,97.8472832470356,98.0620264346538,2.14743187618163,13.6902763446246,13.4156313733448,13.4164078649987,0.239589378618977,0.381135602922588,0.394132295734809
"loglog",1000,646,10,1,100,97.4616107386227,-1.74221612398943,99.2038268626121,97.8095427315045,98.0237459589986,2.14203227494088,13.6878973489977,13.4099059517332,13.4164078649987,-0.0254189510638986,0.0880006845581924,0.496354923431324
"loglog",1000,646,25,0,40,45.8413635192173,-0.724469795691589,46.5658333149089,37.9059722395473,37.9892174362917,2.08112991861031,8.8275594693754,8.76063111300792,8.76356092008266,0.898933766144484,0.978995207991638,0.178928726916751
"loglog",1000,646,25,1,40,36.1468916845821,-0.617048044431424,36.7639397290135,37.8758452198708,37.9595573499548,2.09280325210085,8.82444387439,8.75662696231562,8.76356092008266,-0.195927761556333,-0.136538603972365,0.555370994937543
"loglog",1000,646,50,0,20,30.1246706543668,-0.369775365987175,30.494446020354,17.9158426464823,17.9570549534387,2.0606153478228,6.27582416636493,6.25347067805997,6.26099033699941,1.94537445349685,2.0048692497915,0.0362519136002026
"loglog",1000,646,50,1,20,21.1367735898922,-0.249219675174431,21.3859932650666,17.9119730022975,17.9530803737222,2.0553685712373,6.2732899333419,6.25062103734491,6.26099033699941,0.514052534134481,0.549211489679851,0.272568909856062
"loglog",1000,647,2,0,500,518.264711806932,-18.8130686933339,537.077780500266,497.503043027658,498.75073577682,2.49538549832343,26.6464097782517,22.3604864749569,22.3606797749979,0.779154450901659,1.71405236493274,0.256343711009272
"loglog",1000,647,2,1,500,562.756273854819,-18.5845298243214,581.34080367914,497.453326867037,498.723128572525,2.53960341097497,26.6509274759504,22.3602438895754,22.3606797749979,2.45030673122766,3.69484677871214,0.0232932214997587
"loglog",1000,647,5,0,200,193.625418133428,-7.45167892340558,201.077097056833,197.801323629088,198.240342330447,2.1950935067944,18.8031356546308,17.8881220444926,17.8885438199983,-0.222085591061066,0.158583149160703,0.574522386648339
"loglog",1000,647,5,1,200,225.341658035057,-7.33647280947549,232.678130844533,197.776334515522,198.219701488551,2.21683486514437,18.804520791691,17.8878342696864,17.8885438199983,1.46588811408135,1.92636117019359,0.08874593307371
"loglog",1000,647,10,0,100,119.074404688941,-3.85265025910847,122.92705494805,97.887273402937,98.0979016772108,2.10628274273869,13.7238364746879,13.4154394850253,13.4164078649987,1.54381985861474,1.85078940563626,0.0726896679339551
"loglog",1000,647,10,1,100,128.12470446228,-3.81380667207733,131.938511134358,97.8877309817695,98.0981198669298,2.10388885160347,13.7242703348492,13.4151797755776,13.4164078649987,2.20317530497282,2.52254474658882,0.0221900584701046
"loglog",1000,647,25,0,40,64.7088652774179,-1.43748210013913,66.146347377557,37.93837193253,38.0202600357647,2.04720258086892,8.83483339397063,8.76024874461382,8.76356092008266,3.03010732077388,3.21064939612422,0.00441408453815934
"loglog",1000,647,25,1,40,63.9364033085909,-1.42799131799686,65.3643946265878,37.9342402580626,38.0162615325808,2.05053186295349,8.83482484982697,8.76007349540045,8.76356092008266,2.94314414745161,3.12190680915706,0.00529616584101787
"loglog",1000,647,50,0,20,44.0621517501369,-0.85885023841646,44.9210019885533,17.9510724066943,17.9915117645704,2.02196789380432,6.27677217946818,6.25235189512175,6.26099033699941,4.15995333220059,4.30709766112078,0.000565219161071162
"loglog",1000,647,50,1,20,43.1005548855785,-0.852705702931694,43.9532605885102,17.9535913924668,17.9939729721765,2.01907898548574,6.27671518458319,6.25223613974253,6.26099033699941,4.00638913087493,4.15200050607857,0.000774457387952804
"loglog",1000,648,2,0,500,475.719794078099,-32.6909179811874,508.410712059286,497.514333849077,498.756453190053,2.48423868195063,26.6892735651005,22.3605666804849,22.3606797749979,-0.816602959155754,0.431753765778183,0.756654438615304
"loglog",1000,648,2,1,500,486.423922167974,-32.4497140300802,518.873636198055,497.454313042699,498.724822560318,2.54101903523775,26.6913393012481,22.3604340457992,22.3606797749979,-0.413257302311868,0.901092241611567,0.636273640955372
"loglog",1000,648,5,0,200,207.292890448945,-13.1121301311671,220.405020580112,197.780556098474,198.223790144002,2.21617022763901,18.8131888993465,17.8881883182779,17.8885438199983,0.505620519804669,1.23999311956291,0.310916708444468
"loglog",1000,648,5,1,200,190.559185227647,-13.0191618598075,203.578347087454,197.768033082802,198.213315953823,2.22641435510491,18.8139550341498,17.8879842073066,17.8885438199983,-0.383164934861944,0.299923740509539,0.634986243992712
"loglog",1000,648,10,0,100,111.716332669696,-6.63887193743807,118.355204607134,97.8528165598035,98.0669360979816,2.14119538178141,13.7275841896592,13.4155177444173,13.4164078649987,1.00990210064318,1.51229858553879,0.162424215296897
"loglog",1000,648,10,1,100,112.278688966042,-6.63625111917952,118.914940085221,97.8562889687856,98.0699329263338,2.13643957548268,13.7277736766015,13.4153462604629,13.4164078649987,1.05060007085043,1.55381804943201,0.15355895301801
"loglog",1000,648,25,0,40,52.7513748995592,-2.49211548194338,55.2434903815026,37.9148432134453,37.9977411215633,2.07244770295103,8.83678028365998,8.76067757255467,8.76356092008266,1.67895219863597,1.96854057430061,0.0562880763953544
"loglog",1000,648,25,1,40,43.9055516359906,-2.40882083436733,46.3143724703579,37.9182124016473,38.0009564631407,2.06860153733386,8.83675579894704,8.76057302315313,8.76356092008266,0.67754947297024,0.948958017386067,0.235509888890997
"loglog",1000,648,50,0,20,25.989153468158,-1.25849233454905,27.2476458027071,17.9415865752401,17.9822364038516,2.03249143057847,6.2780581908281,6.25270624380994,6.26099033699941,1.28185605298706,1.48182387554637,0.100006177397882
"loglog",1000,648,50,1,20,25.0000930748062,-1.23097004733083,26.231063122137,17.9380558870223,17.9787709939597,2.03575534687007,6.27800200760645,6.25262320947173,6.26099033699941,1.12488609898937,1.31981279723946,0.124913633186463
"loglog",1000,649,2,0,500,520.966795721465,-28.4955878761642,549.462383597629,497.484723386102,498.741709055415,2.51397133862597,25.5911195920279,22.3605744557736,22.3606797749979,0.917586753128128,2.26830820659518,0.230293261149972
"loglog",1000,649,2,1,500,471.455872600341,-24.9351780985608,496.391050698902,496.863893767635,498.098926140472,2.47006474567381,25.5206075887809,22.3345419193455,22.3606797749979,-0.99558841140064,-0.0764678965763955,0.798222082283071
"loglog",1000,649,5,0,200,211.79904383875,-11.332760144963,223.131803983713,197.780456545584,198.223757741362,2.21650597888812,18.5678077028517,17.8882278410611,17.8885438199983,0.754994209198573,1.39242671010576,0.238460619065709
"loglog",1000,649,5,1,200,190.714934661412,-10.586487949733,201.301422611145,197.390974936002,197.83071636531,2.19870714653765,18.5152182200066,17.8526681417368,17.8885438199983,-0.36057043429152,0.194408265379752,0.631965636787623
"loglog",1000,649,10,0,100,127.318071565913,-5.69102508474769,133.009096650661,97.869612711175,98.0821314284906,2.12518717315554,13.6441397803042,13.4156564868983,13.4164078649987,2.15832286453469,2.60344808741037,0.0248738665313487
"loglog",1000,649,10,1,100,97.6227428284956,-5.2390149527574,102.861757781253,97.6531852602224,97.8652382179695,2.12052957747162,13.6082208072371,13.3862547271115,13.4164078649987,-0.00223706185827081,0.37325746933262,0.491752105109811
"loglog",1000,649,25,0,40,41.597558051345,-2.40721878462979,44.0047768359748,37.9204913964042,38.0031989997856,2.0676900845345,8.81644976824185,8.76088564358255,8.76356092008266,0.417068860096742,0.685042366759513,0.316928954093032
"loglog",1000,649,25,1,40,42.9133565212309,-2.20694082345968,45.1202973446906,37.8391072078155,37.9211852881077,2.05195200730482,8.79350525638106,8.73969960838221,8.76356092008266,0.577045121993101,0.823725342880003,0.268693246025898
"loglog",1000,649,50,0,20,22.9368668869723,-1.17639892963701,24.1132658166093,17.9356326981798,17.9764364914271,2.04018966236368,6.27186847562074,6.2533038497682,6.26099033699941,0.797407376802098,0.981373922108345,0.1930278642112
"loglog",1000,649,50,1,20,26.7475869619609,-1.15398887072718,27.9015758326881,17.8950840561053,17.9357620916778,2.03390177862655,6.25662107876787,6.23868056411645,6.26099033699941,1.41490155699168,1.5974233074749,0.0838530412263972
"loglog",1000,650,2,0,500,460.441651304856,-27.6649973638144,488.10664866867,497.504209985082,498.751440615113,2.49446126006186,25.9445772128184,22.3605472179695,22.3606797749979,-1.42852814197779,-0.476052390072492,0.884955020920228
"loglog",1000,650,2,1,500,455.840033060018,-27.9148452957851,483.754878355803,497.420753673,498.665082308279,2.48865727055917,25.9548876155543,22.3563934472622,22.3606797749979,-1.60203816825867,-0.666932436470542,0.912177655951347
"loglog",1000,650,5,0,200,199.084744843607,-11.1814216507592,210.266166494366,197.777692293445,198.221556631006,2.21932168780165,18.6458448782324,17.8882118526348,17.8885438199983,0.0700988643152179,0.673326655709667,0.464975945302001
"loglog",1000,650,5,1,200,186.255313634403,-11.2793906255495,197.534704259953,197.70960523804,198.156473129193,2.23433945576419,18.6458399632252,17.8835907802903,17.8885438199983,-0.614308158078584,-0.0347675630067274,0.715188022971247
"loglog",1000,650,10,0,100,104.675925148499,-5.42901308256638,110.104938231065,97.8619877541823,98.0752205219402,2.13232767757943,13.6700891397515,13.4155493774261,13.4164078649987,0.498455959186239,0.896699596169104,0.303691457595166
"loglog",1000,650,10,1,100,105.102456330239,-5.45999927596386,110.562455606203,97.8345716991612,98.0474275629117,2.12855863750498,13.6677629853381,13.411408120787,13.4164078649987,0.531753779961985,0.933162866313326,0.293593334792968
"loglog",1000,650,25,0,40,44.0145284315223,-2.44222846717318,46.4567568986955,37.9209104727919,38.0035946719772,2.06710497963135,8.82268709756998,8.76082931738253,8.76356092008266,0.690675968822328,0.964881510697424,0.232037192014289
"loglog",1000,650,25,1,40,51.1332148390991,-2.36278663658844,53.4960014756876,37.8805622337877,37.9643409181128,2.09446710812767,8.82032315540497,8.7579900099331,8.76356092008266,1.50251327211185,1.77342752617429,0.0755262253247971
"loglog",1000,650,50,0,20,29.4691178626275,-1.11942063294341,30.5885384955709,17.9311478993531,17.9720622230225,2.04571618346884,6.27406094321336,6.25360034914632,6.26099033699941,1.83899551944183,2.01747402586586,0.0429387146562541
"loglog",1000,650,50,1,20,23.6377445134016,-1.04557800293363,24.6833225163352,17.9231473609315,17.9641029918903,2.04778154794056,6.27237077685213,6.2517419126972,6.26099033699941,0.911074513254145,1.07477557747518,0.167257660050681
