"scen","n","rep","m","oracle","G","HL","C","EF","mu","muEF","d","sdHL","sdEF","sdEF_simple","zHL","zEF","pHL_chisq"
"null",16000,1651,2,0,8000,7853.60791643996,-19.5016182829481,7873.1095347229,7997.46788059524,7998.73391576713,2.53207034379323,90.4543860312006,89.4427186269928,89.4427190999916,-1.59041446708465,-1.40452328565869,0.873548545595559
"null",16000,1651,2,1,8000,8060.00143540001,-19.3793884747792,8079.38082387479,7997.46725088936,7998.73114164049,2.52778150227137,90.4537290424906,89.4426971736554,89.4427190999916,0.691338932873399,0.901691080242306,0.310571044567759
"null",16000,1651,5,0,3200,3067.7590598135,-7.78519774454386,3075.54425755804,3197.75129092084,3198.20101041065,2.24859744905249,71.7573606943754,71.5541728653876,71.5541752799933,-1.81155256895521,-1.71418029083164,0.949788269394935
"null",16000,1651,5,1,3200,3208.55616951473,-7.76861992885264,3216.32478944359,3197.74909674088,3198.1986304555,2.24766857310236,71.7570995837784,71.5541135788427,71.5541752799933,0.150606320998703,0.253320991365651,0.444258019577039
"null",16000,1651,10,0,1600,1585.42816007619,-3.91092714321082,1589.3390872194,1597.8463763513,1598.06171918025,2.15342828956301,53.7334061440764,53.6656249965291,53.665631459995,-0.231107930173029,-0.162536669635615,0.583620792265552
"null",16000,1651,10,1,1600,1562.48676298073,-3.91770858344908,1566.40447156418,1597.84259401158,1598.05813965411,2.15545642531089,53.7332767324004,53.6655701273994,53.665631459995,-0.657987622957123,-0.589831953984411,0.732727803733808
"null",16000,1651,25,0,640,634.804381434454,-1.56688420372122,636.371265638175,637.902925326262,637.986790847587,2.09663803312533,35.0708278861916,35.0542199111546,35.0542436803306,-0.0883510335673738,-0.0460864687192273,0.528276313317518
"null",16000,1651,25,1,640,669.292196758539,-1.58189361264724,670.874090371187,637.904805482352,637.988564450164,2.09397419530504,35.0707660232204,35.0541780685056,35.0542436803306,0.894973074024279,0.938134274800438,0.189246345164918
"null",16000,1651,50,0,320,301.421141404939,-0.782581005366835,302.203722410305,317.92530093287,317.966778113517,2.07385903238852,25.0497059708973,25.0438957958102,25.0439613479976,-0.658856417201286,-0.62941707758779,0.73976585307732
"null",16000,1651,50,1,320,317.720392149369,-0.80849243984448,318.528884589213,317.92492739734,317.966404074599,2.07383386297673,25.0496681078338,25.0438649775335,25.0439613479976,-0.00816518794142779,0.0224598126175288,0.493876254710901
"null",16000,1652,2,0,8000,7903.82014368693,3.87399799686731,7899.94614569006,7997.46283247312,7998.73139123111,2.53711751597164,90.6582478687334,89.4427186287799,89.4427190999916,-1.03291968450334,-1.1044526268376,0.771052347507666
"null",16000,1652,2,1,8000,7962.67350791076,4.01189579168647,7958.66161211907,7997.41204437331,7998.67165557633,2.5192224060499,90.6602969637174,89.4424058373952,89.4427190999916,-0.383172542181837,-0.447327451477515,0.608132341390718
"null",16000,1652,5,0,3200,3182.12535513372,1.54479967350126,3180.58055546022,3197.75342539769,3198.20271809539,2.24646348850124,71.7985129392615,71.5541728754244,71.5541752799933,-0.21766565384425,-0.246277218043606,0.575535442293971
"null",16000,1652,5,1,3200,3140.10115518135,1.63669225691674,3138.46446292443,3197.70734402589,3198.15726502172,2.24960497914565,71.7984909471269,71.5533556871005,71.5541752799933,-0.802331470823879,-0.834241825894559,0.764246396346438
"null",16000,1652,10,0,1600,1545.6833411662,0.7967798402109,1544.88656132599,1597.842800922,1598.05850108178,2.15700159771118,53.7471475805489,53.6656249285182,53.665631459995,-0.970460054231435,-0.990800718832786,0.822227216640177
"null",16000,1652,10,1,1600,1568.66169003087,0.819812180104284,1567.84187785077,1597.81824741747,1598.03399153348,2.15744116008117,53.7466987404888,53.6648693789867,53.665631459995,-0.542480897801466,-0.56260481078409,0.695099235371965
"null",16000,1652,25,0,640,640.08121830546,0.30107138282716,639.780146922633,637.896003350438,637.980145000877,2.10354126097017,35.0741956246897,35.0542188690151,35.0542436803306,0.0623026391939081,0.0513490809332176,0.469367810260044
"null",16000,1652,25,1,640,639.699543803374,0.317089074738583,639.382454728635,637.886973162706,637.971066410409,2.1023311925603,35.0737297890026,35.0536717938183,35.0542436803306,0.0516788676759373,0.0402636370457316,0.473610786097671
"null",16000,1652,50,0,320,302.560171054601,0.169117890591566,302.391053164009,317.915868945788,317.957534184232,2.08326192219343,25.050882817873,25.0438935204534,25.0439613479976,-0.612980309030539,-0.621567928625392,0.724372448937076
"null",16000,1652,50,1,320,317.492925909855,0.185253497360144,317.307672412495,317.913314283096,317.954924699342,2.08052081228956,25.0505027036709,25.0434840787967,25.0439613479976,-0.0167816342136409,-0.0258451373942298,0.497476681881901
"null",16000,1653,2,0,8000,8230.99616508302,-2.28326340554766,8233.27942848857,7997.47401126224,7998.73697995742,2.52593739034318,90.6627180970048,89.4427185884707,89.4427190999916,2.57572416448975,2.6222643076212,0.0336328930999113
"null",16000,1653,2,1,8000,8047.0077798681,-2.08968695928183,8049.09746682739,7997.29583037006,7998.56063976499,2.52961878986279,90.6654723484146,89.4418981327225,89.4427190999916,0.548300783202303,0.565024089576014,0.347540635305539
"null",16000,1653,5,0,3200,3325.22307585914,-0.912189218920587,3326.13526507806,3197.74565547607,3198.1965018675,2.25423195715167,71.7994153631258,71.5541728223019,71.5541752799933,1.77546599423335,1.78799863326322,0.0572281618828137
"null",16000,1653,5,1,3200,3274.6953126865,-0.879986042120735,3275.57529872862,3197.64653525072,3198.09468888389,2.24076816583498,71.7985777760176,71.5520218662632,71.5541752799933,1.07312400638548,1.08285702938697,0.16859055171341
"null",16000,1653,10,0,1600,1768.6290853448,-0.471701834529587,1769.10078717933,1597.84293095184,1598.05861785101,2.15686899173781,53.7474487834269,53.6656248193575,53.665631459995,3.17756764755732,3.18718304136135,0.0017018619635266
"null",16000,1653,10,1,1600,1650.23247241447,-0.505522306791161,1650.73799472126,1597.78761315828,1598.00253071391,2.14917555623637,53.74597938888,53.6636485549651,53.665631459995,0.97579130294971,0.98270366304551,0.177272827584302
"null",16000,1653,25,0,640,676.975946281307,-0.199943040924052,677.175889322231,637.898757093548,637.982788365624,2.10078180190586,35.0742689009979,35.0542185187267,35.0542436803306,1.1141269771883,1.11807088027561,0.138247040730522
"null",16000,1653,25,1,640,683.596458746476,-0.189044805834575,683.785503552311,637.876770885855,637.960610511246,2.09599063477824,35.0729725541561,35.0527875837647,35.0542436803306,1.30355896666659,1.30731095013651,0.102790373659187
"null",16000,1653,50,0,320,359.058942149269,-0.137243011090741,359.19618516036,317.915427976718,317.957101783525,2.08369034039102,25.0509074593222,25.0438924896675,25.0439613479976,1.64239615827733,1.64667227324382,0.0560264176622954
"null",16000,1653,50,1,320,353.56093194977,-0.0803938866010324,353.641325836371,317.908409572444,317.949951370361,2.07708989583688,25.049902662912,25.0428394000895,25.0439613479976,1.42325991669867,1.42521276824075,0.0827353761326588
"null",16000,1654,2,0,8000,7918.2668069208,0.244053493475833,7918.02275342733,7997.46610811274,7998.73302906018,2.53384189487308,90.4346411629052,89.4427186166916,89.4427190999916,-0.875762873313923,-0.902368318864922,0.734754509214454
"null",16000,1654,2,1,8000,7890.15014685172,0.944353233231736,7889.20579361848,7997.37420451315,7998.63484460846,2.52128019061864,90.430469746221,89.4422493242112,89.4427190999916,-1.1857071843411,-1.22346040955786,0.802704417210087
"null",16000,1654,5,0,3200,3132.63805371457,0.105694282328459,3132.53235943225,3197.75620292435,3198.20494047431,2.24368774979712,71.753379114962,71.5541729172694,71.5541752799933,-0.907527283216144,-0.917802251980432,0.792339243098109
"null",16000,1654,5,1,3200,3203.29513866098,0.392100962640799,3202.90303769834,3197.68864545038,3198.13771906814,2.24536808880533,71.7510319845391,71.5529198031434,71.5541752799933,0.0781381543306645,0.0665985209730262,0.470302954892184
"null",16000,1654,10,0,1600,1499.92690518394,0.0532973737070685,1499.87360781023,1597.85043403944,1598.06537087532,2.14936835876566,53.7320768457007,53.6656249240485,53.665631459995,-1.82244079522006,-1.82969569820636,0.960774965712181
"null",16000,1654,10,1,1600,1584.78015305533,0.213086398007159,1584.56706665732,1597.81094232019,1598.02612475616,2.1518243596891,53.7305228464056,53.66446575007,53.665631459995,-0.242521169989638,-0.250800187996351,0.588111320172742
"null",16000,1654,25,0,640,547.539041680825,0.0266108071276111,547.512430873698,637.90342605164,637.987271297575,2.09613114839026,35.0705014494035,35.054219567303,35.0542436803306,-2.57664933879499,-2.58099713930783,0.995905890854965
"null",16000,1654,25,1,640,594.081333888093,0.0868359547277563,593.994497933365,637.884329071416,637.968310642415,2.09953927498356,35.0695625408403,35.0533817733246,35.0542436803306,-1.24903169614141,-1.2544813220422,0.892533500133691
"null",16000,1654,50,0,320,251.374000832872,-0.00464919080544786,251.378650023677,317.921468246769,317.963021606815,2.07766800234383,25.0495900480303,25.0438939406612,25.0439613479976,-2.65662900216323,-2.65870681855237,0.997642814877828
"null",16000,1654,50,1,320,275.975576925019,0.0411418830783133,275.93443504194,317.911968553552,317.953551467261,2.07914568547163,25.0489338769179,25.0432738347117,25.0439613479976,-1.67417870295777,-1.67786035893915,0.957217962213897
"null",16000,1655,2,0,8000,8069.10342531645,-12.1273845424786,8081.23080985893,7997.4823573693,7998.74115576067,2.5175967827458,90.3032587133044,89.4427187086798,89.4427190999916,0.793117202719472,0.922262374055602,0.285764170695074
"null",16000,1655,2,1,8000,7928.13497936095,-11.2719913166057,7939.40697067755,7996.96636955778,7998.22723357709,2.52172803862448,90.2925873187852,89.4405729247266,89.4427190999916,-0.762314961180763,-0.657646311691676,0.708408825873985
"null",16000,1655,5,0,3200,3057.54593124256,-4.85217675290885,3062.39810799547,3197.75211161357,3198.20166862862,2.24778507522926,71.7268993111939,71.5541731051983,71.5541752799933,-1.95472245025835,-1.89791251494852,0.961988933209568
"null",16000,1655,5,1,3200,3037.82800137097,-5.12945918475682,3042.95746055572,3197.42802915913,3197.87837515505,2.25172997961628,71.7185801202435,71.5481294060894,71.5541752799933,-2.22536513579295,-2.16526855258559,0.978763376127162
"null",16000,1655,10,0,1600,1499.6712491461,-2.43232858596192,1502.10357773206,1597.84512106304,1598.06059086608,2.15469803039467,53.7232386487691,53.6656255544095,53.665631459995,-1.8274004767058,-1.78805356581059,0.961173449561446
"null",16000,1655,10,1,1600,1509.14663689982,-2.37149849704153,1511.51813539686,1597.66336168501,1597.87894662864,2.15584943626648,53.716805078558,53.6599883458518,53.665631459995,-1.64784045990333,-1.60940793865174,0.944078984456319
"null",16000,1655,25,0,640,632.391247823225,-0.964270631309144,633.355518454534,637.902225957132,637.986120463201,2.09736265172275,35.0683368876952,35.054221367709,35.0542436803306,-0.157149686098773,-0.132098270279444,0.555195590655411
"null",16000,1655,25,1,640,560.982720430136,-0.95090895111426,561.93362938125,637.824159026502,637.908090081998,2.09827638739968,35.0640204625686,35.0501053888428,35.0542436803306,-2.19146114971029,-2.16759578488834,0.987147584796619
"null",16000,1655,50,0,320,303.864753634426,-0.471405231531581,304.336158865958,317.920904311543,317.962470225027,2.07829567418854,25.0488372575802,25.0438990528721,25.0439613479976,-0.561149826340286,-0.54409704057271,0.706258724815231
"null",16000,1655,50,1,320,284.477478428359,-0.468682779912204,284.946161208271,317.879476780015,317.921085593392,2.08044066883777,25.0457317603741,25.0408639220162,25.0439613479976,-1.33364034523849,-1.31684451813696,0.911873921156007
"null",16000,1656,2,0,8000,8025.93806212556,-23.419435565239,8049.3574976908,7997.45906583984,7998.72950827575,2.54088487181637,90.4360295715805,89.4427186314362,89.4427190999916,0.314907636045382,0.566038132446183,0.410635584015856
"null",16000,1656,2,1,8000,7778.19733295595,-24.1757848054768,7802.37311776143,7996.94034263455,7998.21052949812,2.54037372714176,90.4376667821408,89.4405140339966,89.4427190999916,-2.41871575706984,-2.18958280653721,0.959837834529812
"null",16000,1656,5,0,3200,3209.14398402727,-9.37018127791236,3218.51416530518,3197.74152258874,3198.19319639711,2.2583690418668,71.753659019484,71.5541729451324,71.5541752799933,0.158911219223424,0.283994183311278,0.441362584561764
"null",16000,1656,5,1,3200,3138.08628604788,-9.23885268060897,3147.32513872849,3197.40967503177,3197.86014045624,2.25232712236883,71.7490245104539,71.5477740110429,71.5541752799933,-0.826818056254504,-0.706311306344141,0.772026313608929
"null",16000,1656,10,0,1600,1634.90550592912,-4.70042248036106,1639.60592840948,1597.83552396646,1598.0519519126,2.16427946137259,53.7321708315596,53.6656249683179,53.665631459995,0.689902927593805,0.774312728518842,0.25474792793772
"null",16000,1656,10,1,1600,1629.80806770231,-4.74936111372111,1634.55742881603,1597.651080842,1597.86694245463,2.15861612628273,53.7269518100769,53.6596794826223,53.665631459995,0.59852617312042,0.683762682057868,0.284092255274383
"null",16000,1656,25,0,640,651.759106045183,-1.87793245822522,653.637038503409,637.894567274027,637.97876689927,2.10499063107871,35.0705243876571,35.0542196153772,35.0542436803306,0.395333089916263,0.446687211295653,0.344181500673479
"null",16000,1656,25,1,640,676.878336829448,-1.94031350443652,678.818650333884,637.813032777028,637.89726820376,2.10588566829548,35.066417026859,35.0499149705369,35.0542436803306,1.11403751408357,1.16751730109825,0.138827536342212
"null",16000,1656,50,0,320,323.256312979016,-0.940846607639531,324.197159586655,317.912601714884,317.954332608595,2.0865446855688,25.0495988154242,25.0438947401012,25.0439613479976,0.213325223429989,0.249275403959588,0.407612136338751
"null",16000,1656,50,1,320,369.18269489414,-0.964623478707354,370.147318372847,317.870871889416,317.912614727514,2.08714190490444,25.0464912486619,25.0407156564959,25.0439613479976,2.04866312392019,2.08599084634317,0.0252358238322789
"null",16000,1657,2,0,8000,8124.80405999216,-12.3717808945097,8137.17584088667,7997.46441593418,7998.7321826667,2.53553346504257,90.7721714811757,89.4427185953249,89.4427190999916,1.4028489346472,1.54784716290147,0.158023670520431
"null",16000,1657,2,1,8000,8163.46597751576,-12.097041545316,8175.56301906107,7996.72676586341,7997.99189166968,2.5302516125318,90.7748564089977,89.4392986777074,89.4427190999916,1.83684357374336,1.98538148237574,0.0960087030805866
"null",16000,1657,5,0,3200,3223.37130767246,-4.95471986898215,3228.32602754145,3197.7447139717,3198.195748114,2.25517071149808,71.8215390515803,71.5541727605388,71.5541752799933,0.356809308727845,0.421083470956749,0.372690448398511
"null",16000,1657,5,1,3200,3351.78484299099,-3.88986790633372,3355.67471089733,3197.27637840991,3197.72585423642,2.24737913255036,71.8150971008143,71.5450901165833,71.5541752799933,2.15147609372693,2.2076826851923,0.028636041650471
"null",16000,1657,10,0,1600,1634.64938442744,-2.48763067693354,1637.13701510437,1597.83775524251,1598.05395923236,2.1620398984412,53.7548377340765,53.6656246624457,53.665631459995,0.684805884207782,0.728269839731674,0.256182137188556
"null",16000,1657,10,1,1600,1705.59416434494,-2.23656185828634,1707.83072620322,1597.57498640048,1597.79084023546,2.15853834974725,53.7475563287557,53.6572716741381,53.665631459995,2.00975049514321,2.05079167342017,0.0304775947582396
"null",16000,1657,25,0,640,618.620871967401,-1.00377599723792,619.624647964638,637.893470089693,637.97771287692,2.10606968066233,35.0760808843126,35.0542185768653,35.0542436803306,-0.549451296621677,-0.52356223180492,0.701733084614591
"null",16000,1657,25,1,640,688.894105086477,-0.97441358999522,689.868518676473,637.782006877171,637.866171003309,2.10410315343441,35.0703099106937,35.0481567512357,35.0542436803306,1.45741792243817,1.48373987374759,0.0797002728804748
"null",16000,1657,50,0,320,320.554600873248,-0.50161931464824,321.056220187896,317.913034718246,317.954756168336,2.08607250447924,25.0515409136062,25.043891614242,25.0439613479976,0.105445256406051,0.12384113728542,0.449292941019805
"null",16000,1657,50,1,320,312.736351740829,-0.50192079254009,313.238272533369,317.857451137242,317.899126388828,2.08376257926166,25.047169207177,25.0394144938411,25.0439613479976,-0.204458210588748,-0.186140688577385,0.572759636299621
"null",16000,1658,2,0,8000,7939.18432803776,-1.84569471159448,7941.03002274935,7997.45848269861,7998.7292166725,2.5414679477882,90.6871662418529,89.4427186410176,89.4427190999916,-0.642584359791755,-0.645096602605817,0.677567442953668
"null",16000,1658,2,1,8000,7759.41651141789,-2.03875386127215,7761.45526527916,7997.45735507869,7998.72384412903,2.53297810067653,90.6881116115137,89.442674005949,89.4427190999916,-2.62482964338829,-2.65274469359102,0.971297232562835
"null",16000,1658,5,0,3200,3195.75369532479,-0.721343308563166,3196.47503863335,3197.74932599133,3198.19943871092,2.25056359797273,71.804354822752,71.5541728973718,71.5541752799933,-0.0277926132957421,-0.0240992245140429,0.507881634800879
"null",16000,1658,5,1,3200,3260.36441296282,-0.734739360667057,3261.09915232349,3197.74021932676,3198.19091445621,2.2534756472451,71.8045681309119,71.5540545634013,71.5541752799933,0.872147765332813,0.879170834568711,0.216781433081849
"null",16000,1658,10,0,1600,1608.64290944952,-0.353843666993806,1608.99675311652,1597.84367082357,1598.05928399504,2.15613171471487,53.7490983202214,53.6656249448454,53.665631459995,0.200919437971058,0.203807728554605,0.420885170847939
"null",16000,1658,10,1,1600,1621.2176089255,-0.367947687409471,1621.58555661291,1597.83726127686,1598.05316719911,2.15905922247209,53.7491142850279,53.6655157518204,53.665631459995,0.434990380021084,0.438501132135397,0.337061464864357
"null",16000,1658,25,0,640,669.102361518199,-0.142224582711106,669.24458610091,637.897669439611,637.98174446581,2.10187565498796,35.0746739890954,35.0542189053394,35.0542436803306,0.889664493768053,0.891842483197876,0.190643016047552
"null",16000,1658,25,1,640,646.833963732849,-0.143312414991877,646.977276147841,637.897760057577,637.981771587404,2.10028824567864,35.0746268528427,35.0541389171984,35.0542436803306,0.254776870834983,0.256617473379822,0.39557626889335
"null",16000,1658,50,0,320,320.534915764088,-0.0754545812475789,320.610370345335,317.917825001466,317.959451214658,2.08131065959091,25.0510506438115,25.0438939094608,25.0439613479976,0.104470299463001,0.105850916804759,0.449600147848766
"null",16000,1658,50,1,320,330.568038898817,-0.0874278358774521,330.655466734695,317.915074261816,317.956740420176,2.08330791802039,25.0510039711304,25.0438356418872,25.0439613479976,0.505088125473264,0.507059960626768,0.302127898146859
"null",16000,1659,2,0,8000,7993.25867111718,-7.70790987976417,8000.96658099695,7997.4691268362,7998.73453639837,2.5308191243366,90.647079557766,89.4427185463601,89.4427190999916,-0.0464488843938086,0.0249550174106537,0.512853362879757
"null",16000,1659,2,1,8000,8022.10172635026,-7.67599686595513,8029.77772321621,7997.47290836555,7998.73623327217,2.52664981324178,90.6468577515321,89.4427167380185,89.4427190999916,0.27170073619343,0.347054417353728,0.422444626331589
"null",16000,1659,5,0,3200,3313.01631607194,-3.09538762691388,3316.11170369885,3197.75214800388,3198.20169512681,2.24773561463528,71.7962563191011,71.5541727349958,71.5541752799933,1.60543423818314,1.64784252357622,0.076419286404547
"null",16000,1659,5,1,3200,3195.34222700027,-3.10480652490999,3198.44703352518,3197.74851720283,3198.19874080763,2.2511180240343,71.7961797423686,71.5541679863209,71.5541752799933,-0.0335155743827931,0.00346999657091806,0.509934677685682
"null",16000,1659,10,0,1600,1629.89220488134,-1.53012424500046,1631.42232912634,1597.84496044899,1598.06044393231,2.154834833276,53.7463934311972,53.665624656172,53.665631459995,0.596267812339397,0.621662105076948,0.283594567681629
"null",16000,1659,10,1,1600,1568.35237894125,-1.51976745234819,1569.87214639359,1597.84320546294,1598.05885046732,2.15645004383449,53.7463625323253,53.6656202696834,53.665631459995,-0.548703672810505,-0.525228329274527,0.697036592931951
"null",16000,1659,25,0,640,625.99382718187,-0.623167406115177,626.616994587985,637.903571351777,637.987409508302,2.09595391311751,35.0740091973145,35.0542177649735,35.0542436803306,-0.339560387947304,-0.324366528346221,0.625343814288608
"null",16000,1659,25,1,640,634.834616536653,-0.618810354254616,635.453426890908,637.903043469633,637.98690030099,2.09642078391616,35.0739987848349,35.054214504451,35.0542436803306,-0.0874843770111199,-0.0722730047127557,0.527938383953127
"null",16000,1659,50,0,320,315.648251672774,-0.268918026482186,315.917169699256,317.921127836037,317.962687056926,2.07796104446555,25.0508145006362,25.043890164097,25.0439613479976,-0.0907306292657731,-0.0816773011008677,0.526720454736662
"null",16000,1659,50,1,320,320.205710051694,-0.273213411286211,320.47892346298,317.920411602534,317.961984512356,2.07864549111455,25.0508093365539,25.0438877054973,25.0439613479976,0.0912265315845583,0.100501127469571,0.454743951642872
"null",16000,1660,2,0,8000,8156.67674121898,0.758492599164438,8155.91824861982,7997.46142575709,7998.73068816493,2.53852481567152,90.4729002823309,89.44271862165,89.4427190999916,1.75981221962646,1.75741036137114,0.105345635851144
"null",16000,1660,2,1,8000,8144.69327231142,0.843788909641003,8143.84948340178,7996.985286374,7998.25172802441,2.53288330081348,90.4612203634672,89.4405250178436,89.4427190999916,1.63283211683348,1.627872324635,0.123410774857426
"null",16000,1660,5,0,3200,3237.20986277937,0.277469296632787,3236.93239348274,3197.7543489414,3198.20345732415,2.24554191373766,71.7610962139013,71.554172945132,71.5541752799933,0.549817602010518,0.541253354829363,0.309730430755306
"null",16000,1660,5,1,3200,3243.39682190561,-0.0528590761111004,3243.44968098172,3197.4398252236,3197.89008379708,2.25129286741513,71.7525993769525,71.5482988437705,71.5541752799933,0.64049242927871,0.636767022010068,0.283220787422559
"null",16000,1660,10,0,1600,1598.33224346033,0.147134030464723,1598.18510942986,1597.84593449505,1598.06132161414,2.15387119085667,53.7346539715965,53.6656250596013,53.665631459995,0.00905019255417108,0.00230665003131371,0.492951378397289
"null",16000,1660,10,1,1600,1623.97079386063,0.0601056633366615,1623.91068819729,1597.66720382859,1597.88311444982,2.15910621231323,53.7282766087557,53.6601902782257,53.665631459995,0.489566978363696,0.485044380433942,0.319641356301985
"null",16000,1660,25,0,640,691.866142309368,0.0574513091393759,691.808691000228,637.901350707936,637.985279219983,2.09821280118872,35.0711337510707,35.0542199513088,35.0542436803306,1.53872389710767,1.53543316197042,0.0686349420290642
"null",16000,1660,25,1,640,646.913252263103,0.000194262102837272,646.913058001001,637.823469273979,637.907550364658,2.10202726696645,35.0669403688109,35.0502639314855,35.0542436803306,0.259212320593802,0.256931236065608,0.39472942024275
"null",16000,1660,50,0,320,323.774694684293,0.0327392359750637,323.741955448318,317.920478702116,317.962052248491,2.07867731872161,25.0498127895634,25.0438955388417,25.0439613479976,0.233702983385798,0.230790900355854,0.399744197236091
"null",16000,1660,50,1,320,333.824561292086,0.00425039885546173,333.820310893231,317.876937586442,317.91862864547,2.08455295138131,25.0468170309671,25.0409835968505,25.0439613479976,0.636712588506831,0.635026263495536,0.259885179055484
"null",16000,1661,2,0,8000,7966.34825904315,-5.93020074966664,7972.27845979282,7997.46712993941,7998.73354035596,2.53282083309794,90.5243479430774,89.4427186186057,89.4427190999916,-0.343762441855187,-0.295776794038998,0.596894996599752
"null",16000,1661,2,1,8000,7939.37313654368,-6.07775333012402,7945.45088987381,7997.38029733951,7998.6482346281,2.53587457719215,90.5263315944428,89.4423431424082,89.4427190999916,-0.64077666435988,-0.594766895469134,0.677029077317501
"null",16000,1661,5,0,3200,3190.96387034736,-2.3611000965446,3193.3249704439,3197.74846771841,3198.19875089119,2.25141586391074,71.7714754234051,71.5541727497259,71.5541752799933,-0.0945305545277988,-0.0681131548307714,0.531764508329443
"null",16000,1661,5,1,3200,3057.62468643965,-2.37694435399488,3060.00163079365,3197.69230898225,3198.14304808574,2.25369551747857,71.7712962851746,71.5531472641189,71.5541752799933,-1.95158273282476,-1.93061273436633,0.961904973148025
"null",16000,1661,10,0,1600,1591.81388702396,-1.1665305410528,1592.98041756501,1597.83969891983,1598.05570866259,2.16009742760319,53.7381184662708,53.6656247022209,53.665631459995,-0.112132915476992,-0.0945724777404555,0.538942274312998
"null",16000,1661,10,1,1600,1548.22733329448,-1.16874879112324,1549.3960820856,1597.81408767029,1598.02960510347,2.1551743317805,53.7374923473158,53.6646682005703,53.665631459995,-0.922758993950186,-0.906248461950853,0.810001526682654
"null",16000,1661,25,0,640,621.517766204693,-0.456224332074377,621.973990536767,637.900576039689,637.984534709979,2.09896675726275,35.0719817337252,35.0542187693529,35.0542436803306,-0.467119593052326,-0.456736585075749,0.672469822404269
"null",16000,1661,25,1,640,614.48625839176,-0.475253088374676,614.961511480134,637.888086794835,637.972024296922,2.09843755217372,35.0713740960505,35.0535233796901,35.0542436803306,-0.667262946099135,-0.656439370374964,0.741443219381186
"null",16000,1661,50,0,320,308.315407058446,-0.210997456584136,308.52640451503,317.916664785897,317.958313807281,2.08245106921385,25.0501065456156,25.0438923123862,25.0439613479976,-0.383282111394103,-0.376615151295235,0.641130238275712
"null",16000,1661,50,1,320,318.627384939534,-0.213309127593362,318.840694067127,317.916134729513,317.957659944566,2.07626075265675,25.0496187793607,25.0433727641742,25.0439613479976,0.0283936540625966,0.0352601916234112,0.479544910379022
"null",16000,1662,2,0,8000,7952.69112269083,-20.3392531458261,7973.03037583665,7997.47495147617,7998.73745069756,2.52499844278178,90.5408445078998,89.4427186127197,89.4427190999916,-0.494625702120941,-0.287413836024129,0.638198648699306
"null",16000,1662,2,1,8000,8066.09154735538,-20.2235967325936,8086.31514408798,7997.45437305407,7998.7141452696,2.51954443105677,90.5390293169435,89.4426026215195,89.4427190999916,0.758094877083782,0.97941021672934,0.293866069527615
"null",16000,1662,5,0,3200,3263.38906621255,-8.14423971770588,3271.53330593025,3197.75703584299,3198.20560595521,2.24285056109153,71.7748050556955,71.5541728235478,71.5541752799933,0.914416003201022,1.02478579629275,0.205984432525181
"null",16000,1662,5,1,3200,3191.16192248547,-8.03778783742964,3199.1997103229,3197.73395606606,3198.18388793229,2.24965933115098,71.7739673980928,71.5538627670961,71.5541752799933,-0.0915657001951779,0.014196611494104,0.530778184456332
"null",16000,1662,10,0,1600,1613.3322688918,-4.06827625523982,1617.40054514704,1597.84675678091,1598.06206120436,2.1530442345317,53.7392310334851,53.6656248845786,53.665631459995,0.288160284638997,0.360351416465731,0.388922214083209
"null",16000,1662,10,1,1600,1608.40572969048,-4.01195346944511,1612.41768315993,1597.83407553865,1598.04973430751,2.15658768865991,53.7387476825746,53.6653384380895,53.665631459995,0.196723120796932,0.267732381283492,0.422519333303634
"null",16000,1662,25,0,640,607.727607743224,-1.58332983088953,609.310937574113,637.901602630464,637.985520657338,2.09795067185426,35.0722551564112,35.0542193462267,35.0542436803306,-0.86033802938174,-0.818006608562846,0.800249386041585
"null",16000,1662,25,1,640,596.130235255342,-1.5782704475047,597.708505702847,637.896217783882,637.980195136171,2.09943380722544,35.0719956241396,35.054010888799,35.0542436803306,-1.19086415772112,-1.14884683413481,0.881005735562074
"null",16000,1662,50,0,320,311.028169458582,-0.786814826954271,311.814984285536,317.920660950034,317.962230270835,2.07846604007764,25.0502031508236,25.0438932020116,25.0439613479976,-0.275147129544364,-0.245458880363129,0.599483319920777
"null",16000,1662,50,1,320,281.046777485419,-0.789420996555168,281.836198481974,317.920094447214,317.961635038065,2.07702954253373,25.0500298055491,25.0437383206867,25.0439613479976,-1.47198694963738,-1.44249377203605,0.93313223856108
"null",16000,1663,2,0,8000,7934.59946422654,1.73770158341066,7932.86176264313,7997.4719600936,7998.73595314584,2.52798610447961,90.5462717066837,89.4427185318626,89.4427190999916,-0.69436868776585,-0.736495844312283,0.69052675660149
"null",16000,1663,2,1,8000,8030.28338147333,1.64035591076989,8028.64302556256,7997.46857224784,7998.73197907857,2.5268136614697,90.5469918870932,89.4426973012053,89.4427190999916,0.362406398507494,0.334415747584807,0.397362003057551
"null",16000,1663,5,0,3200,3113.90631475944,0.672837013478803,3113.23347774596,3197.75600964627,3198.20478410425,2.24387228991305,71.7758997330977,71.5541727023686,71.5541752799933,-1.16821516969668,-1.18751014999131,0.853716244511864
"null",16000,1663,5,1,3200,3135.06516706003,0.629815512619584,3134.43535154741,3197.74948313837,3198.1989857177,2.24751289662853,71.7760880536092,71.5541175361708,71.5541752799933,-0.873331464254821,-0.891124597240043,0.783422364055027
"null",16000,1663,10,0,1600,1500.08862933661,0.329987243438104,1499.75864209317,1597.84525941138,1598.06071279994,2.15453388554932,53.739595776257,53.6656245945956,53.665631459995,-1.81908011518689,-1.83175117124534,0.960521200296872
"null",16000,1663,10,1,1600,1577.94528347491,0.315813432636431,1577.62947004227,1597.84431536013,1598.05969988808,2.15384527940895,53.7396366908446,53.6655733607467,53.665631459995,-0.37028593996092,-0.380695268239665,0.634739349058855
"null",16000,1663,25,0,640,674.461826968933,0.152731678228298,674.309095290705,637.899726699041,637.983719038827,2.09980849466249,35.0723435045669,35.054218318226,35.0542436803306,1.04247668152348,1.03626262386204,0.153747860615426
"null",16000,1663,25,1,640,646.639330030058,0.140606026238878,646.498724003819,637.902778337503,637.986620990909,2.09606633514545,35.0723306304696,35.0541814124787,35.0542436803306,0.249100973203219,0.24282703717281,0.397657450178311
"null",16000,1663,50,0,320,333.58976829988,0.0900135539894747,333.499754745891,317.918933253204,317.960536827902,2.08017873490481,25.0502330571383,25.043891985794,25.0439613479976,0.625576417230613,0.620479353880117,0.262817015776862
"null",16000,1663,50,1,320,328.148025855131,0.084797985212271,328.063227869919,317.919512214676,317.961097256191,2.07925207572251,25.0502146038051,25.0438650989975,25.0439613479976,0.408320399734251,0.403377456865959,0.335577847815096
"null",16000,1664,2,0,8000,8098.41204934536,51.049238551608,8047.36281079375,7997.46658364224,7998.73326717241,2.53336706034163,90.5412171853342,89.4427186220203,89.4427190999916,1.11491173678931,0.543694829165983,0.213046971774614
"null",16000,1664,2,1,8000,8092.21897217316,51.4477434086942,8040.77122876447,7997.42736430405,7998.6925560892,2.53038357028821,90.5427837852983,89.4425306427356,89.4427190999916,1.04692614812782,0.470454853780375,0.227435165060747
"null",16000,1664,5,0,3200,3175.33016591671,20.4307275302599,3154.89943838645,3197.7473309882,3198.19784204511,2.25255528453175,71.7748803907783,71.5541728270135,71.5541752799933,-0.312326052644621,-0.605113607606569,0.608646509044488
"null",16000,1664,5,1,3200,3155.74966359508,20.4436052286837,3135.3060583664,3197.72645279502,3198.17571714079,2.2463217288178,71.7749774668975,71.5536568234002,71.5541752799933,-0.584838765282822,-0.878636558429946,0.69926705786366
"null",16000,1664,10,0,1600,1623.6404226378,10.2242844485048,1613.41613818929,1597.84257054674,1598.05829373768,2.15723190947218,53.7392557901365,53.6656249339643,53.665631459995,0.480055998389875,0.28617656964787,0.321710742859652
"null",16000,1664,10,1,1600,1618.86456491009,10.2798373419115,1608.58472756818,1597.8297905351,1598.04527362007,2.15483084967043,53.7390148963216,53.6651493139156,53.665631459995,0.391424636561882,0.196392893392634,0.352249796536317
"null",16000,1664,25,0,640,673.32832167307,4.07881796215695,669.249503710913,637.900107837159,637.984085332284,2.0994373781318,35.0722604754863,35.0542189046118,35.0542436803306,1.01014914224517,0.891915990588965,0.161112481956069
"null",16000,1664,25,1,640,648.411946712358,4.12302939654255,644.288917315815,637.891999524065,637.976044296481,2.10111931040329,35.0719792989726,35.0538756037674,35.0542436803306,0.299953050799191,0.180090586578557,0.378833029657711
"null",16000,1664,50,0,320,328.746170284979,2.05254660466126,326.693623680317,317.919532187674,317.961123947027,2.07958796761861,25.0502044724834,25.0438926716075,25.0439613479976,0.432197593803952,0.348687795775088,0.327159107497081
"null",16000,1664,50,1,320,344.895480019383,2.07426856751609,342.821211451867,317.914204134056,317.95583733689,2.08166014166528,25.0499750490345,25.0436409541357,25.0439613479976,1.07709791456922,0.992881752318465,0.143649014115957
"null",16000,1665,2,0,8000,8088.88049867054,-11.1546723615161,8100.03517103205,7997.45812010001,7998.72903565419,2.54183110835696,90.6688806530132,89.4427186345089,89.4427190999916,1.00831043586381,1.132637032108,0.235416097304193
"null",16000,1665,2,1,8000,8039.41438768822,-10.7631934494122,8050.17758113763,7997.14985783901,7998.41558739465,2.53145911128687,90.6712626225569,89.4413244742499,89.4427190999916,0.466129274334108,0.578725707017915,0.369885804683176
"null",16000,1665,5,0,3200,3283.91084624872,-4.45663592681537,3288.36748217554,3197.74864298727,3198.19889245201,2.25124732369157,71.8006613678525,71.5541729410013,71.5541752799933,1.20001963241009,1.26014439154898,0.141620394469432
"null",16000,1665,5,1,3200,3223.47710821321,-4.12800214413288,3227.60511035735,3197.54739452062,3197.99700136584,2.24803422608824,71.7982977128007,71.5502911719872,71.5541752799933,0.361146636042997,0.413808364809267,0.372192536594345
"null",16000,1665,10,0,1600,1668.4304755176,-2.23038693140862,1670.66086244901,1597.83976796358,1598.05577151206,2.16003548481328,53.7478649331755,53.6656249885615,53.665631459995,1.31336765919519,1.35291615354198,0.107537751555841
"null",16000,1665,10,1,1600,1661.67973339886,-1.98350321329788,1663.66323661215,1597.72829953037,1597.94398033739,2.15680807019501,53.7448792944648,53.662035950674,53.665631459995,1.18990747970796,1.22468808926989,0.130603317922609
"null",16000,1665,25,0,640,642.968877927797,-0.873522029918626,643.842399957716,637.897645268512,637.981721603093,2.10190836452963,35.0743720168216,35.0542193930358,35.0542436803306,0.144585130614831,0.16718895631112,0.437466855155885
"null",16000,1665,25,1,640,656.618814932704,-0.75714213326458,657.375957065969,637.849691344491,637.933728779534,2.1009358760922,35.0719225605173,35.0516068639735,35.0542436803306,0.535160955485894,0.554674379462401,0.296373147542877
"null",16000,1665,50,0,320,305.348616401154,-0.439440907159261,305.788057308313,317.914171073588,317.955870602141,2.08497642767291,25.05094586232,25.0438948419374,25.0439613479976,-0.501600009097235,-0.485859462780228,0.685077057414837
"null",16000,1665,50,1,320,330.683420872262,-0.388143434188548,331.07156430645,317.891458858587,317.933111460771,2.08263010918337,25.0490677145408,25.0419578127909,25.0439613479976,0.510676172041667,0.52465757445563,0.300574958208134
"null",16000,1666,2,0,8000,7918.67916252526,-13.4366875955938,7932.11585012085,7997.47248222919,7998.73621492644,2.52746539451275,90.6696931493352,89.4427185625752,89.4427190999916,-0.869014959322187,-0.744838326430996,0.733677852329124
"null",16000,1666,2,1,8000,7988.67052964859,-13.6947485149119,8002.36527816351,7997.29732924626,7998.55451242964,2.51436636676474,90.6725258551517,89.4418316440028,89.4427190999916,-0.0951423765501305,0.0426060788763198,0.527315024007922
"null",16000,1666,5,0,3200,3156.28611978093,-5.39519524663992,3161.68131502757,3197.75131359406,3198.20102773472,2.24857070330667,71.8008249648126,71.554172772264,71.5541752799933,-0.577503027763951,-0.510378518711714,0.696907452803675
"null",16000,1666,5,1,3200,3160.9283239342,-5.55217595239008,3166.48049988659,3197.63193369404,3198.08233424043,2.25200273194944,71.7999122000899,71.5519539243012,71.5541752799933,-0.51119296159527,-0.441662772581686,0.676164491220069
"null",16000,1666,10,0,1600,1563.43643170024,-2.6756849092213,1566.11211660946,1597.84580438392,1598.06120343915,2.15399055229756,53.7479192836939,53.6656246832478,53.665631459995,-0.64019915826058,-0.595336158262591,0.727090060380226
"null",16000,1666,10,1,1600,1598.70705088954,-2.64244389710923,1601.34949478665,1597.78009311171,1597.99550958259,2.15416470888344,53.7463749163207,53.6635674920426,53.665631459995,0.017246889288475,0.0625002280095665,0.490307696259631
"null",16000,1666,25,0,640,620.885037364875,-1.08975839870297,621.974795763578,637.901542911525,637.985462781312,2.09799674467796,35.0743842444073,35.0542185925832,35.0542436803306,-0.485154790689252,-0.45674009179373,0.67895301905545
"null",16000,1666,25,1,640,623.851302705039,-1.07843015816736,624.929732863207,637.87334070146,637.957270623708,2.09824805620053,35.0730273826584,35.0527244718386,35.0542436803306,-0.399795485101284,-0.371655497733634,0.648158935061293
"null",16000,1666,50,0,320,280.757014914327,-0.550299757375146,281.307314671702,317.918468364884,317.9600810025,2.08063188079259,25.0509462581062,25.0438910872345,25.0439613479976,-1.48343511928345,-1.46354119665856,0.934735125868306
"null",16000,1666,50,1,320,305.533021161918,-0.539867891164747,306.072889053083,317.905137557262,317.946730121777,2.07962822573821,25.0498872168117,25.0427824437853,25.0439613479976,-0.493899085782733,-0.474142244191421,0.682404607081417
"null",16000,1667,2,0,8000,8058.89823573767,-27.1761527985354,8086.0743885362,7997.47143356352,7998.7356930305,2.52851893395931,90.2315129202569,89.4427186762797,89.4427190999916,0.680768837694545,0.976476305710302,0.313641655593716
"null",16000,1667,2,1,8000,7986.73245131294,-27.07573128318,8013.80818259612,7997.45371201601,7998.71957486677,2.53172570151889,90.2323581514197,89.4426584530431,89.4427190999916,-0.118818358765267,0.168695877228105,0.53341574235485
"null",16000,1667,5,0,3200,3231.20558784258,-10.8780855162333,3242.08367335882,3197.75557746429,3198.20444101043,2.24431773065616,71.7124509411751,71.5541730338858,71.5541752799933,0.466446341455123,0.613230933821467,0.336475978801403
"null",16000,1667,5,1,3200,3293.61653864411,-10.8285106274281,3304.44504927154,3197.7425323056,3198.19214151429,2.24804604340953,71.7125796223236,71.5539976548622,71.5541752799933,1.33692034010534,1.48493321462989,0.116594553656365
"null",16000,1667,10,0,1600,1665.17744530402,-5.43859466381296,1670.61603996783,1597.84868200829,1598.06379516435,2.15113156065974,53.7184161193239,53.6656253341552,53.665631459995,1.25336464027852,1.35193141516046,0.118249840195383
"null",16000,1667,10,1,1600,1678.64415863721,-5.43324262425886,1684.07740126147,1597.8431627509,1598.05830117703,2.15138426136077,53.7183673280606,53.6654611569474,53.665631459995,1.50415956227526,1.60287637951853,0.0785455558327295
"null",16000,1667,25,0,640,678.310543507315,-2.19548687408161,680.506030381396,637.903320224671,637.987170555024,2.09625825881395,35.0671543635038,35.0542207618505,35.0542436803306,1.15228121631384,1.21294551418601,0.130481233926488
"null",16000,1667,25,1,640,651.171859866348,-2.1908660689044,653.362725935252,637.900144956552,637.984031999034,2.09717606205066,35.0670642119952,35.0541003962233,35.0542436803306,0.378466666886136,0.438713125209034,0.350168204827991
"null",16000,1667,50,0,320,333.905497715801,-1.10133628383193,335.006833999632,317.9206267909,317.96219794903,2.07855790645373,25.0484220739176,25.0438977699711,25.0439613479976,0.6381587980963,0.680590386015722,0.258878774356746
"null",16000,1667,50,1,320,329.056191943983,-1.10294337544022,330.159135319424,317.918619008339,317.960207189314,2.07940904877399,25.0483437180742,25.0438084244315,25.0439613479976,0.444643089419444,0.487103555632089,0.322833609434684
"null",16000,1668,2,0,8000,7992.45131679097,3.81993119080141,7988.63138560017,7997.4638314902,7998.73189183676,2.53612069313163,90.5308275233574,89.4427186638978,89.4427190999916,-0.0553680424265818,-0.112927093311519,0.515399482016553
"null",16000,1668,2,1,8000,7944.33832356004,3.41175389787036,7940.92656966217,7997.43815208354,7998.69924732321,2.52219047933675,90.5285507987268,89.4425399126521,89.4427190999916,-0.586553391775337,-0.645919466480475,0.662744256702179
"null",16000,1668,5,0,3200,3237.39258220379,1.539267077696,3235.8533151261,3197.74316646624,3198.19451167181,2.25672602786084,71.772783350129,71.5541729703407,71.5541752799933,0.552429679982354,0.526297794957341,0.308931701705513
"null",16000,1668,5,1,3200,3225.90298431085,1.38668002624713,3224.5163042846,3197.72250655277,3198.17303418289,2.25263815061751,71.7716846545446,71.5537023223784,71.5541752799933,0.392640606023397,0.368160825320016,0.360839112551507
"null",16000,1668,10,0,1600,1649.73281312383,0.775040741388528,1648.95777238244,1597.84624359203,1598.06160002441,2.15356432378704,53.7385564454521,53.6656251282798,53.665631459995,0.965537092245268,0.948394288455095,0.179530303313702
"null",16000,1668,10,1,1600,1645.39065990557,0.754710887516913,1644.63594901806,1597.83260728706,1598.04792283655,2.15315549491684,53.7378815897004,53.6651852628861,53.665631459995,0.885000510098855,0.868123830250293,0.199922469362015
"null",16000,1668,25,0,640,620.19855476997,0.312441602468545,619.886113167501,637.898731401386,637.982764599727,2.10082995852534,35.0720902333857,35.054219825514,35.0542436803306,-0.504679832699782,-0.516247445309131,0.685930686514242
"null",16000,1668,25,1,640,667.738547388888,0.328668800070285,667.409878588817,637.895847487052,637.979756402503,2.09772288627638,35.0717093349866,35.0538998183364,35.0542436803306,0.850905201591239,0.839567703988247,0.200869898942665
"null",16000,1668,50,0,320,309.427387262806,0.178527191281868,309.248860071524,317.92014768933,317.961727811824,2.07900612468731,25.0501473593476,25.0438953370071,25.0439613479976,-0.339030357973319,-0.347903855332948,0.6242001873707
"null",16000,1668,50,1,320,308.026948013534,0.184436860537703,307.842511152996,317.917704235465,317.959272251178,2.07840078567469,25.0498900098391,25.0436596169796,25.0439613479976,-0.394842301425108,-0.40396496570025,0.645485270057788
"null",16000,1669,2,0,8000,8037.9823443085,0.541905023255244,8037.44043928524,7997.48154109367,7998.74074459769,2.51840700803488,90.7516599986242,89.4427185787251,89.4427190999916,0.446281679204989,0.43267574267089,0.374153917664597
"null",16000,1669,2,1,8000,7947.42195049979,-0.499348240128371,7947.92129873992,7996.59884593888,7997.86450470686,2.53131753595979,90.7317397173374,89.4384549011562,89.4427190999916,-0.54200322392463,-0.558408640021043,0.653754459752543
"null",16000,1669,5,0,3200,3152.22946404894,0.23601633059063,3151.99344771835,3197.76071547464,3198.2085492721,2.23916898730976,71.8173915989879,71.5541727583977,71.5541752799933,-0.633986426016995,-0.645875701893766,0.714547070227638
"null",16000,1669,5,1,3200,3234.1274922286,-0.415264022215817,3234.54275625081,3197.19393387037,3197.64350699596,2.24786562794273,71.8022588460606,71.5434343101093,71.5541752799933,0.514378780720631,0.515760105880707,0.323342192364227
"null",16000,1669,10,0,1600,1605.94257110121,0.1411764560737,1605.80139464513,1597.85599221576,1598.07037232446,2.14380108695789,53.7534533062644,53.6656246002668,53.665631459995,0.150438313969655,0.144059113785721,0.439573807553294
"null",16000,1669,10,1,1600,1590.01150631098,-0.418954236786444,1590.43046054776,1597.53347189162,1597.74862411759,2.15152225972116,53.7420066604517,53.6557253115729,53.665631459995,-0.13996436024742,-0.136391103229573,0.551615788202502
"null",16000,1669,25,0,640,616.350828243746,0.0544904475698637,616.296337796177,637.907666739284,637.99134124854,2.09186273141928,35.0757401772739,35.0542180193773,35.0542436803306,-0.614579717679179,-0.61889851430636,0.723856547152031
"null",16000,1669,25,1,640,628.25123842766,-0.252018474910614,628.503256902571,637.770911718011,637.85467638675,2.09411671847811,35.0681537221861,35.0470234474168,35.0542436803306,-0.271462061155737,-0.266824927321139,0.600880622733477
"null",16000,1669,50,0,320,299.395315216585,0.00312382046874052,299.392191396116,317.925555522702,317.967026293434,2.07353853655576,25.0514208099847,25.0438905863626,25.0439613479976,-0.739688197594442,-0.74169126531131,0.766096649346564
"null",16000,1669,50,1,320,325.667842665932,-0.142049294851097,325.809891960783,317.855295282083,317.896800420052,2.07525689843672,25.0459793683126,25.0385878023967,25.0439613479976,0.311928204881185,0.316035856462074,0.371445971201088
"null",16000,1670,2,0,8000,7919.66036770833,5.48213715391691,7914.17823055441,7997.47845107495,7998.73920022805,2.52149830619846,90.4433821517878,89.4427185988194,89.4427190999916,-0.860406604830684,-0.945420387465238,0.731107223827342
"null",16000,1670,2,1,8000,7805.44677822292,6.1783064735768,7799.26847174935,7997.3089296077,7998.57389432585,2.52992943631254,90.445734287515,89.4420003734595,89.4427190999916,-2.12129574596486,-2.22832027173273,0.936938115961171
"null",16000,1670,5,0,3200,3029.91044951185,2.18982910782751,3027.72062040402,3197.75228141093,3198.20180245987,2.24760524471186,71.7551420887011,71.5541728172108,71.5541752799933,-2.33909134611705,-2.38254703176226,0.983471849972645
"null",16000,1670,5,1,3200,3089.32296812811,2.31557887526223,3087.00738925284,3197.65277714981,3198.10147366812,2.24348259152354,71.754303098403,71.5522068449158,71.5541752799933,-1.50973257831164,-1.55262974147062,0.914067106031732
"null",16000,1670,10,0,1600,1528.18888818259,1.06837277096743,1527.12051541162,1597.8451305701,1598.0605975554,2.15466985298699,53.7326656780579,53.6656248481452,53.665631459995,-1.29634816193307,-1.32189054622053,0.892787327608972
"null",16000,1670,10,1,1600,1520.11413116913,1.04515093260262,1519.06898023653,1597.78878767636,1598.00408760933,2.15299932962469,53.7312893207074,53.6638099847893,53.665631459995,-1.44561311461587,-1.47091880720309,0.917568748164803
"null",16000,1670,25,0,640,596.894253567757,0.430041526338002,596.464212041419,637.901792810285,637.985702662968,2.09774631707754,35.0706445545732,35.0542185561857,35.0542436803306,-1.16928387725286,-1.18449340284102,0.876498499057522
"null",16000,1670,25,1,640,550.133255884772,0.44226279555784,549.690993089214,637.878936393405,637.962768785728,2.09580980807014,35.0694386992624,35.0528947602687,35.0542436803306,-2.50205545806124,-2.5182449637959,0.994824442734361
"null",16000,1670,50,0,320,295.582974353234,0.210174220515977,295.372800132718,317.921542784531,317.963094486613,2.07758510409337,25.0496395013515,25.043893237017,25.0439613479976,-0.891772052451779,-0.902028056903902,0.811675019424173
"null",16000,1670,50,1,320,271.305347126181,0.19387437345811,271.111472752723,317.907317016949,317.948900284316,2.07916336835828,25.0487042975264,25.0429156182992,25.0439613479976,-1.86045431081916,-1.87028652116561,0.972826953402522
"null",16000,1671,2,0,8000,7943.53567509219,27.6206067825274,7915.91506830966,7997.4574786805,7998.7287162534,2.54247514579785,90.425506614752,89.4427186862744,89.4427190999916,-0.59631187711276,-0.925884735617389,0.665069715133839
"null",16000,1671,2,1,8000,7949.4020958131,26.8602070338866,7922.54188877921,7996.21894338374,7997.48626124235,2.53463571721925,90.4031897940535,89.4371157370382,89.4427190999916,-0.517867208859545,-0.837956052647016,0.647936506668566
"null",16000,1671,5,0,3200,3187.71650542643,11.0302098835191,3176.68629554291,3197.75473752982,3198.20376825022,2.24515360201243,71.7515376047702,71.5541729513317,71.5541752799933,-0.13990267579606,-0.300715832771153,0.547910380606356
"null",16000,1671,5,1,3200,3257.61129728546,10.6330445349337,3246.97825275053,3196.94674522312,3197.39778608089,2.2552042888226,71.7319198172104,71.5389751180144,71.5541752799933,0.845712093262345,0.693055311288018,0.226893711065296
"null",16000,1671,10,0,1600,1541.04537064323,5.50502262680341,1535.54034801642,1597.85318107747,1598.06784387101,2.14662793540729,53.7314627879021,53.6656251714194,53.665631459995,-1.05725412052312,-1.16513122981167,0.843236968406126
"null",16000,1671,10,1,1600,1665.0904011934,4.96774946823948,1660.12265172516,1597.39247660156,1597.60794721573,2.15470614173954,53.7157508741001,53.6514451461593,53.665631459995,1.2602993254346,1.16520075720464,0.118546681776695
"null",16000,1671,25,0,640,619.593473656882,2.19475529551573,617.398718361366,637.907056639758,637.990756780696,2.0925035234458,35.0703508417247,35.0542197682967,35.0542436803306,-0.522195602363003,-0.587433939635234,0.692030655332678
"null",16000,1671,25,1,640,715.272662384498,2.12184978706055,713.150812597437,637.711354338417,637.79511741772,2.09407698256818,35.0596015640683,35.0438502003549,35.0542436803306,2.21227009395257,2.1503257989316,0.0178616825297283
"null",16000,1671,50,0,320,292.009964834266,1.09334614202186,290.916618692245,317.926409476864,317.967864565236,2.07275441864286,25.0495395630369,25.0438961542878,25.0439613479976,-1.03460762531697,-1.08015325196756,0.849301913539235
"null",16000,1671,50,1,320,337.914637198906,1.06657414176223,336.848063057144,317.826565112592,317.868032668366,2.07337778870277,25.0417344386806,25.0362250887978,25.0439613479976,0.802183735935057,0.758102722014211,0.211837010348755
"null",16000,1672,2,0,8000,8036.57531679219,-12.0425612308539,8048.61787802304,7997.46684168552,7998.73339593523,2.53310849941257,90.8388663954325,89.4427185952524,89.4427190999916,0.430525794283061,0.557725468000945,0.378363050132807
"null",16000,1672,2,1,8000,8078.29550575749,-12.240002060114,8090.53550781761,7997.26619372487,7998.53338439556,2.53438134137247,90.8414393509266,89.4417729224829,89.4427190999916,0.891986219192279,1.02862589163769,0.261728507095877
"null",16000,1672,5,0,3200,3209.24803018739,-4.82699800097823,3214.07502818837,3197.74230964197,3198.19382531394,2.25757835986293,71.8350299637399,71.5541728388648,71.5541752799933,0.16016866076657,0.221946565019871,0.440850436370472
"null",16000,1672,5,1,3200,3200.32152229018,-4.79449142764006,3205.11601371782,3197.61999614064,3198.07036329068,2.25183575023731,71.8338961973854,71.5517214306789,71.5541752799933,0.0376079579773968,0.0984693349965378,0.485100322296678
"null",16000,1672,10,0,1600,1650.07278340671,-2.42292592403386,1652.49570933074,1597.83997859196,1598.05596081583,2.15982223869253,53.7593446465078,53.6656248565465,53.665631459995,0.971604195665044,1.01442494446748,0.177992301019452
"null",16000,1672,10,1,1600,1625.65705742574,-2.5627308083276,1628.21978823407,1597.77137497606,1597.98698878495,2.15613808897765,53.7575906839016,53.6633560378299,53.665631459995,0.518730138291652,0.563378843242743,0.30917157216047
"null",16000,1672,25,0,640,635.739485005901,-0.945899374888364,636.685384380789,637.894896564381,637.979082373165,2.10464521960744,35.0771856579498,35.0542186948334,35.0542436803306,-0.0614476765467488,-0.0369056290667394,0.51782166584051
"null",16000,1672,25,1,640,646.49970031389,-0.96531830688845,647.465018620778,637.867344828503,637.951405515937,2.10151718584182,35.0756833581298,35.0525787292114,35.0542436803306,0.246106551859533,0.271409792082221,0.399152541894628
"null",16000,1672,50,0,320,305.240894068662,-0.468624879302901,305.709518947965,317.915580687211,317.957251461121,2.0835386955316,25.0519283690253,25.0438925997849,25.0439613479976,-0.505936566313211,-0.489050672308908,0.686634239878637
"null",16000,1672,50,1,320,307.33204207264,-0.476388524331008,307.808430596971,317.899941982438,317.941613143094,2.08355803279381,25.0507700392375,25.0426845221625,25.0439613479976,-0.421859283896073,-0.404636433332657,0.655908989218403
"null",16000,1673,2,0,8000,7944.26789847413,3.68068719925102,7940.58721127487,7997.47063102826,7998.73529126452,2.52932047250921,90.4275642156823,89.4427186415652,89.4427190999916,-0.588346407598038,-0.650115301421768,0.662948538832551
"null",16000,1673,2,1,8000,8031.51141310574,3.64625761929123,8027.86515548645,7997.46931166971,7998.73367413644,2.52872493344412,90.4279370767002,89.4427101128601,89.4427190999916,0.376455579288022,0.325699895645573,0.39363234258103
"null",16000,1673,5,0,3200,3291.22901115869,1.48526599873504,3289.74374515996,3197.75028001816,3198.20020208266,2.24961032251997,71.7519526081967,71.5541729468828,71.5541752799933,1.30280400382936,1.27935994935265,0.12243424150953
"null",16000,1673,5,1,3200,3180.44012812125,1.5072041649286,3178.93292395632,3197.74188473834,3198.19324425298,2.25679757318366,71.7520506941869,71.5541500242834,71.5541752799933,-0.241132573211599,-0.269171254079986,0.583802267276821
"null",16000,1673,10,0,1600,1591.64909812241,0.749197066319653,1590.89990105609,1597.84107333418,1598.05694673625,2.1587340207713,53.7316011392094,53.6656251289745,53.665631459995,-0.115238985633935,-0.133363687890827,0.540102438275724
"null",16000,1673,10,1,1600,1551.45030486321,0.750529975493094,1550.69977488772,1597.83658111615,1598.05283528675,2.16254170600983,53.7316255143931,53.6656037201754,53.665631459995,-0.863295606802623,-0.882372639390079,0.793811305285781
"null",16000,1673,25,0,640,626.855819731746,0.301171690378057,626.554648041368,637.893575458619,637.977815195926,2.10599343266507,35.070385862366,35.0542202517776,35.0542436803306,-0.314731516504869,-0.325871380749903,0.616049110794992
"null",16000,1673,25,1,640,564.548391369952,0.295657706324365,564.252733663628,637.894316872012,637.978515254844,2.10495957078249,35.0703819979848,35.0542046451221,35.0542436803306,-2.0913922610331,-2.10319367783673,0.983084287138305
"null",16000,1673,50,0,320,299.647987780789,0.185057643529416,299.462930137259,317.914965538768,317.956649390472,2.08419258519428,25.0495512819717,25.043895697813,25.0439613479976,-0.729233731668734,-0.738452175187257,0.762888849376844
"null",16000,1673,50,1,320,285.288508788292,0.16686548712933,285.121643301163,317.913501312475,317.955211513279,2.08551004020541,25.049544039876,25.0438843559031,25.0439613479976,-1.30241861776994,-1.31104136025835,0.906210279257482
"null",16000,1674,2,0,8000,8067.94498244617,-15.9935893506172,8083.93857179678,7997.46635539633,7998.73315128745,2.53359178223782,90.4813277606765,89.4427185870857,89.4427190999916,0.778930070923027,0.952625567014399,0.288867533637991
"null",16000,1674,2,1,8000,8082.97022285996,-16.1655617541949,8099.13578461415,7997.44884433615,7998.71277965014,2.52787062796649,90.4826109188393,89.4426122670236,89.4427190999916,0.945169217105301,1.12276466908423,0.249922215267256
"null",16000,1674,5,0,3200,3226.13538827614,-6.42344600299953,3232.55883427914,3197.74883427681,3198.19904462406,2.25105173624646,71.7627953565123,71.5541728101726,71.5541752799933,0.395560873267425,0.480192675083218,0.359757954647086
"null",16000,1674,5,1,3200,3150.25531703504,-6.60318180843515,3156.85849884347,3197.73598343274,3198.18580871578,2.24912641522047,71.7629808717537,71.5538910515404,71.5541752799933,-0.661631746910812,-0.577569007987926,0.722956082607057
"null",16000,1674,10,0,1600,1586.32327873188,-3.19871932624947,1589.52199805813,1597.845148205,1598.06061333675,2.15465131750439,53.7352210333441,53.665624839182,53.665631459995,-0.214419318494545,-0.159107721268725,0.577401989311583
"null",16000,1674,10,1,1600,1594.35172191125,-3.30785963379197,1597.65958154504,1597.83614414162,1598.05167866373,2.15534522107879,53.7351373632696,53.6653643871852,53.665631459995,-0.064844390492865,-0.00730633478715404,0.52104938577
"null",16000,1674,25,0,640,606.728428235998,-1.30577319075609,608.034201426754,637.898652425441,637.98268826557,2.10089600323364,35.0712718852963,35.0542190887009,35.0542436803306,-0.888768000527281,-0.854347568349341,0.808237744855553
"null",16000,1674,25,1,640,610.086123654747,-1.3227159113886,611.408839566136,637.895307547819,637.979335652783,2.10070262410539,35.0711290121103,35.0540300848963,35.0542436803306,-0.792936659765608,-0.757986913980983,0.780653335704852
"null",16000,1674,50,0,320,294.132698821329,-0.650522375922622,294.783221197251,317.920188090693,317.961766882611,2.07893959591221,25.049859194077,25.0438932837874,25.0439613479976,-0.949605707763354,-0.925516868432134,0.827558978020857
"null",16000,1674,50,1,320,316.972199396534,-0.636582530214896,317.608781926748,317.918287888384,317.959868554792,2.07903332036018,25.04973602491,25.0437536315145,25.0439613479976,-0.0377684016673927,-0.0140189299579045,0.505725730175698
"null",16000,1675,2,0,8000,8174.68440815564,3.12196598172913,8171.56244217392,7997.46653923997,7998.73324420929,2.53340993864012,90.4968465402444,89.4427186000595,89.4427190999916,1.95827673218272,1.93228918652867,0.0819471766905768
"null",16000,1675,2,1,8000,8194.314276313,3.03017538494592,8191.28410092805,7997.46148245508,7998.72984058892,2.53671626768202,90.4972376343212,89.4427107064249,89.4427190999916,2.17523538843641,2.15282227940454,0.0611810961287576
"null",16000,1675,5,0,3200,3222.57183153769,1.23660725649417,3221.3352242812,3197.7368750936,3198.18947745207,2.2630117923242,71.7659258449774,71.5541728233248,71.5541752799933,0.346054985728718,0.32347165673038,0.376460070978735
"null",16000,1675,5,1,3200,3169.86566442157,1.20802626727943,3168.65763815429,3197.74346327237,3198.19452088742,2.25528807525002,71.7660353241001,71.5541512404773,71.5541752799933,-0.388453935415292,-0.412790623899126,0.634758799065272
"null",16000,1675,10,0,1600,1578.62893277349,0.625208549934477,1578.00372422356,1597.83361725641,1598.05023547525,2.16618218840784,53.736266114317,53.6656248308181,53.665631459995,-0.357387773129905,-0.373544728397074,0.630145663934648
"null",16000,1675,10,1,1600,1695.84683412567,0.612521033353522,1695.23431309232,1597.83556297855,1598.05192347953,2.16360500982531,53.7362956238372,53.6656050614013,53.665631459995,1.82393054841771,1.81088780237537,0.0437806570130881
"null",16000,1675,25,0,640,616.992751593863,0.226739767371665,616.766011826491,637.893358429318,637.977606126312,2.10619242485385,35.0715280714939,35.0542192290375,35.0542436803306,-0.595942292358885,-0.605108165759688,0.717677319560005
"null",16000,1675,25,1,640,649.146960167795,0.242480236880031,648.904479930915,637.892965609142,637.9772180167,2.10631018894004,35.0715267526562,35.0542045358706,35.0542436803306,0.32088693024465,0.311724714877883,0.371118143025304
"null",16000,1675,50,0,320,311.185210327766,0.102892219540903,311.082318108225,317.91407531009,317.955776389202,2.08505395557275,25.0499490298617,25.0438934218416,25.0439613479976,-0.268617911130395,-0.274456457915686,0.597039768372949
"null",16000,1675,50,1,320,329.035599922177,0.135214197316458,328.900385724861,317.913595949309,317.95530385108,2.08539508853977,25.0499430060559,25.0438827350321,25.0439613479976,0.443993184742153,0.437036141303707,0.323120096931081
"null",16000,1676,2,0,8000,7876.50250984542,-17.3620499875252,7893.86455983295,7997.48159056781,7998.74076869201,2.51835624840168,90.6684620022345,89.4427185517827,89.4427190999916,-1.33430167503456,-1.17255166834343,0.83154087087509
"null",16000,1676,2,1,8000,8076.73380506132,-17.1861614113557,8093.91996647267,7997.39988270019,7998.66629903018,2.53283265998201,90.6707430503208,89.4424019381826,89.4427190999916,0.874967158007088,1.06497215390447,0.265736530124991
"null",16000,1676,5,0,3200,3105.6552525429,-6.9375053285111,3112.59275787141,3197.75590616436,3198.20470111154,2.24397473589079,71.8005755162101,71.5541726823722,71.5541752799933,-1.28272862660647,-1.19646332325244,0.87649021998582
"null",16000,1676,5,1,3200,3163.60698924653,-6.77007897626088,3170.37706822279,3197.7042402514,3198.15476617337,2.25262960985183,71.8006596822186,71.5533488791331,71.5541752799933,-0.474887712115543,-0.388209614025291,0.663945345820316
"null",16000,1676,10,0,1600,1521.96688085412,-3.43829417841039,1525.40517503253,1597.84525988906,1598.06071322445,2.15453335389118,53.7478359706489,53.6656245963229,53.665631459995,-1.41174761112957,-1.35385619264561,0.912296304476096
"null",16000,1676,10,1,1600,1653.13600949573,-3.44671503443426,1656.58272453016,1597.81809887519,1598.03384274386,2.15743868670348,53.7474219211809,53.6648631285295,53.665631459995,1.02921979591246,1.09100961733705,0.164520123358599
"null",16000,1676,25,0,640,603.45473233583,-1.3890844237814,604.843816759611,637.902266663422,637.986156921227,2.0972564451133,35.0743630211402,35.0542176629766,35.0542436803306,-0.982128579407998,-0.945459416046821,0.833067778809953
"null",16000,1676,25,1,640,622.337665210117,-1.39503786123187,623.732703071349,637.889350107598,637.973342264063,2.09980391160934,35.0739007361384,35.0536633991486,35.0542436803306,-0.443397642437231,-0.406252522897778,0.66399771760113
"null",16000,1676,50,0,320,320.077811616439,-0.68292287662113,320.76073449306,317.920676917927,317.962245013756,2.078404791457,25.0509378303998,25.0438896230509,25.0439613479976,0.0861099378041615,0.111743404136707,0.456745399566878
"null",16000,1676,50,1,320,347.387535137623,-0.684336512613098,348.071871650236,317.913235419402,317.954847053681,2.0805817139463,25.0505636387143,25.0434824252996,25.0439613479976,1.17659227725598,1.20258932384458,0.123543175424358
"null",16000,1677,2,0,8000,8111.82388755363,-1.11280663624294,8112.93669418988,7997.46392725003,7998.73193966059,2.53602482112033,90.472189615783,89.442718642839,89.4427190999916,1.2640344042657,1.27684797893189,0.18379414574336
"null",16000,1677,2,1,8000,8061.60357207885,-1.13544983063102,8062.73902190948,7997.45052315407,7998.71963904769,2.53823178724289,90.4710824647486,89.4426692482442,89.4427190999916,0.709100048070872,0.715758858717685,0.306135649989563
"null",16000,1677,5,0,3200,3139.40997105126,-0.458192369778273,3139.86816342104,3197.74924471875,3198.1993738159,2.25064548575973,71.7609519285832,71.5541729203831,71.5541752799933,-0.812966830840545,-0.81520347471221,0.766931227523475
"null",16000,1677,5,1,3200,3198.43172676088,-0.492661723391848,3198.92438848427,3197.74112009287,3198.19142529062,2.25152598878767,71.7604817652691,71.5540355842683,71.5541752799933,0.00962377413060225,0.0102434920359335,0.494521099260475
"null",16000,1677,10,0,1600,1573.74606543479,-0.209810096067396,1573.95587553085,1597.84319273456,1598.05885403632,2.15661301753278,53.7346055982365,53.6656250637403,53.665631459995,-0.448447086035187,-0.449132540184474,0.662539321201875
"null",16000,1677,10,1,1600,1613.74032559162,-0.205476164283788,1613.9458017559,1597.84127281044,1598.05671781006,2.15444999624787,53.7343538072442,53.6654973930166,53.665631459995,0.295882459817239,0.296076338014221,0.386175682013764
"null",16000,1677,25,0,640,659.043145879942,-0.119491475984232,659.162637355926,637.902573240954,637.986452342246,2.0969775322994,35.0711212334355,35.0542192346571,35.0542436803306,0.602791467608777,0.604098036585102,0.273802168732823
"null",16000,1677,25,1,640,635.586580350251,-0.111827810637609,635.698408160888,637.897532996876,637.981544445163,2.10028620717277,35.0709963836235,35.0541267967062,35.0542436803306,-0.0658935554994533,-0.0651317403373254,0.519531498808616
"null",16000,1677,50,0,320,312.092047230233,-0.0745475874740094,312.166594817707,317.919776342194,317.961363834966,2.07937463859433,25.0498084187344,25.0438951230053,25.0439613479976,-0.232645655988402,-0.231384494656148,0.582874270586202
"null",16000,1677,50,1,320,325.331469241114,-0.0486643822983521,325.380133623412,317.919291831126,317.960871014658,2.07895917661469,25.0497271079289,25.0438255616074,25.0439613479976,0.29589852927549,0.296251169395159,0.376420394570088
"null",16000,1678,2,0,8000,8051.64110271892,-0.0355755516420589,8051.67667827056,7997.4720097855,7998.73597882275,2.52793807450674,90.6793476643848,89.4427185843798,89.4427190999916,0.597369680402892,0.591895017120493,0.334162890875601
"null",16000,1678,2,1,8000,8044.28181324721,0.0248192489246614,8044.25699399829,7997.42119834561,7998.6857075395,2.52901838777804,90.6762986007383,89.4424790641213,89.4427190999916,0.516790116322854,0.50950383906643,0.355504710990199
"null",16000,1678,5,0,3200,3143.11558404393,-0.00314150442716232,3143.11872554836,3197.75224711713,3198.20177470294,2.2476379290368,71.8027758559805,71.5541727860304,71.5541752799933,-0.760926892057686,-0.769809041316178,0.752344912624215
"null",16000,1678,5,1,3200,3179.12660790771,-0.0127488676922201,3179.1393567754,3197.71669348068,3198.16700723506,2.25156877191124,71.8013155458444,71.553567042996,71.5541752799933,-0.258910097003675,-0.265921759682817,0.590222294558888
"null",16000,1678,10,0,1600,1549.62729158282,-0.0146361139878063,1549.64192769681,1597.85096428981,1598.06584741912,2.14883129310326,53.7485714293678,53.6656247001213,53.665631459995,-0.897208454560658,-0.902326582293549,0.803064500714465
"null",16000,1678,10,1,1600,1611.27111281117,-0.0461070600979021,1611.31721987127,1597.8299317547,1598.04512344653,2.15191691828663,53.7476896459914,53.6650611348499,53.665631459995,0.250079234009904,0.247313543375844,0.402884818037585
"null",16000,1678,25,0,640,664.029872027005,0.0113740382519674,664.018497988753,637.902268471765,637.986159485261,2.09727533738588,35.0745447669929,35.054218835026,35.0542436803306,0.744916398168829,0.742630683798921,0.230373409343307
"null",16000,1678,25,1,640,610.924353059274,0.0305581676725663,610.893794891601,637.895129480703,637.979001524909,2.09680110514907,35.0740555690984,35.0538118382283,35.0542436803306,-0.768966576114771,-0.772675073350207,0.773444051003261
"null",16000,1678,50,0,320,328.008777485413,0.0144996645354173,327.994277820878,317.917809920133,317.959435889859,2.08129848629403,25.0510032156607,25.0438917453566,25.0439613479976,0.402816904313508,0.400690197556033,0.337551309677975
"null",16000,1678,50,1,320,301.301172984135,0.00164415970331074,301.299528824432,317.915202680044,317.95680366149,2.08004907228757,25.0506755093352,25.0435934341516,25.0439613479976,-0.663216833802261,-0.66513117939149,0.741363216769267
"null",16000,1679,2,0,8000,7935.89876824216,-12.5067846540232,7948.40555289619,7997.46065114261,7998.73029979913,2.53929731303826,90.7993714112671,89.4427185800408,89.4427190999916,-0.677998998711187,-0.56264777839803,0.686876781563686
"null",16000,1679,2,1,8000,7956.50811557395,-12.4999452821702,7969.00806085612,7997.30959405772,7998.58176966437,2.54435121330469,90.8020656293124,89.4420289452333,89.4427190999916,-0.449345267654302,-0.33064666753431,0.626788218115342
"null",16000,1679,5,0,3200,3128.50594031109,-5.00215711798894,3133.50809742908,3197.74030346219,3198.19221998186,2.25958259836214,71.8270393353013,71.5541728012978,71.5541752799933,-0.963903897359534,-0.903988125645744,0.807021131848837
"null",16000,1679,5,1,3200,3198.18144649365,-5.13980844543102,3203.32125493908,3197.65111063789,3198.10173782901,2.25313595562729,71.826458933143,71.5523429365135,71.5541752799933,0.00738357234429137,0.0729468371804909,0.495769387312462
"null",16000,1679,10,0,1600,1579.04817104919,-2.50212991046047,1581.55030095965,1597.834473323,1598.05100549258,2.16532169579918,53.7566750116688,53.6656246618548,53.665631459995,-0.349469201168658,-0.307472514051605,0.627320048709445
"null",16000,1679,10,1,1600,1597.16193442089,-2.56119138652528,1599.72312580742,1597.78617708199,1598.00215262338,2.15975541397025,53.7554694336961,53.6639340934527,53.665631459995,-0.0116126352847207,0.0320694562019769,0.501210209753823
"null",16000,1679,25,0,640,614.101298246914,-0.985798179748235,615.087096426662,637.893487313052,637.977729250423,2.10604843427294,35.0765309752701,35.054218333947,35.0542436803306,-0.678293673992798,-0.653006511390188,0.745004904651074
"null",16000,1679,25,1,640,617.056823713318,-0.995988806850986,618.052812520169,637.876029433918,637.960049458688,2.10050061925899,35.0754307911501,35.0529885647892,35.0542436803306,-0.59355523940856,-0.567918393084345,0.71705715870182
"null",16000,1679,50,0,320,288.25564450801,-0.481135425872595,288.736779933882,317.911533567483,317.95328499775,2.08757151334708,25.0516978659737,25.0438914078379,25.0439613479976,-1.18378759069074,-1.16661203277395,0.883312398635328
"null",16000,1679,50,1,320,280.807833864212,-0.465941602874221,281.273775467087,317.903821416975,317.945493454726,2.08360188751909,25.0508409675824,25.0429879633705,25.0439613479976,-1.48082803290986,-1.46435074126448,0.934456105527978
"null",16000,1680,2,0,8000,7834.57850613589,-19.9806776457435,7854.55918378163,7997.45768598386,7998.72881689052,2.54226181332426,90.5730613298265,89.4427185802455,89.4427190999916,-1.79831814732241,-1.61186550897988,0.902468952730596
"null",16000,1680,2,1,8000,8027.70267830685,-19.8208879996396,8047.52356630649,7997.35466259694,7998.62267249421,2.536019794554,90.5684428807647,89.442208601115,89.4427190999916,0.335083774708045,0.546731734123011,0.405231382994349
"null",16000,1680,5,0,3200,3084.92860305355,-8.00515200424722,3092.9337550578,3197.74180945864,3198.1934242538,2.25807397582535,71.7813072903356,71.5541727379613,71.5541752799933,-1.57162373692625,-1.47104864983177,0.922557791882912
"null",16000,1680,5,1,3200,3144.89139434162,-8.07311420343205,3152.96450854505,3197.67022447195,3198.12220382047,2.25989674257912,71.7787440416955,71.552840782245,71.5541752799933,-0.735298880399402,-0.631109747450075,0.745189996130199
"null",16000,1680,10,0,1600,1510.1100044349,-4.01603292519399,1514.12603736009,1597.84003655755,1598.05601233803,2.15975780472779,53.7414008662543,53.6656246427023,53.665631459995,-1.63244780948284,-1.5639429436763,0.942055738013155
"null",16000,1680,10,1,1600,1527.78142515821,-3.97033054430984,1531.75175570252,1597.79759138003,1598.01386364033,2.16272260299763,53.7397064141603,53.6643860712028,53.665631459995,-1.30287586021067,-1.23475013484529,0.894151859566553
"null",16000,1680,25,0,640,604.075314873991,-1.5761917982672,605.651506672258,637.901884678173,637.985790825544,2.09765368427104,35.0727865093304,35.0542185206196,35.0542436803306,-0.964467701908528,-0.922407787646622,0.828520696475036
"null",16000,1680,25,1,640,603.538396911462,-1.55583258009526,605.094229491558,637.884337209949,637.968265485741,2.09820689481495,35.0717590991171,35.0533102053991,35.0542436803306,-0.979304750623443,-0.937829717123839,0.832459153590079
"null",16000,1680,50,0,320,311.107907045948,-0.793566543590831,311.901473589538,317.922141320466,317.963680490628,2.07695850811286,25.0503870809161,25.0438910708931,25.0439613479976,-0.272021116979451,-0.242063299346304,0.59824298239355
"null",16000,1680,50,1,320,300.139889514058,-0.783083057715094,300.922972571773,317.910604489459,317.952201096147,2.07983033439049,25.0496745293369,25.0432209550607,25.0439613479976,-0.709418996825227,-0.67999354216184,0.756580456563532
"null",16000,1681,2,0,8000,8006.22153658771,-9.09243831429137,8015.313974902,7997.45541327166,7998.72768089465,2.54453524598489,90.6194054915897,89.4427185995151,89.4427190999916,0.0967356083225227,0.185440405513825,0.471995937850823
"null",16000,1681,2,1,8000,7910.69829289618,-9.90895616829536,7920.60724906448,7997.16434647447,7998.43513179026,2.54157063158246,90.610858926222,89.4413250627462,89.4427190999916,-0.954257079150795,-0.87015574368089,0.754121994362498
"null",16000,1681,5,0,3200,3285.78007161555,-3.6487642623221,3289.42883587787,3197.7482931111,3198.19861182921,2.25159359054487,71.7906672690463,71.55417282325,71.5541752799933,1.22622872656327,1.27498118487116,0.13653359199913
"null",16000,1681,5,1,3200,3187.04636094472,-3.8849946523073,3190.93135559703,3197.55443029139,3198.00527101153,2.25420360069628,71.784918374674,71.5505143809899,71.5541752799933,-0.146382688517194,-0.0988660315820654,0.551234742247198
"null",16000,1681,10,0,1600,1677.86289234667,-1.83073630612572,1679.6936286528,1597.84741614057,1598.06265429246,2.15238151888961,53.7445272069728,53.6656247632388,53.665631459995,1.48881161235191,1.52110358764068,0.0805252828485343
"null",16000,1681,10,1,1600,1645.13732387839,-1.77379468764285,1646.91111856603,1597.73615311221,1597.9516881161,2.1553500389414,53.7403722367319,53.6622261055055,53.665631459995,0.882040238898476,0.912363015907492,0.201154863167571
"null",16000,1681,25,0,640,646.223466147304,-0.729760118373857,646.953226265678,637.909044179027,637.992664386176,2.09050517872423,35.0735533629624,35.0542191188264,35.0542436803306,0.23705673281046,0.255620068132959,0.402115309680158
"null",16000,1681,25,1,640,612.321564945839,-0.722081327225408,613.043646273064,637.858282123883,637.942076434503,2.09485776550851,35.070878709417,35.0517384278609,35.0542436803306,-0.72814591814567,-0.710333674681549,0.761150275476578
"null",16000,1681,50,0,320,329.806679546584,-0.363908310057799,330.170587856641,317.924817887326,317.966304120011,2.07431163424469,25.0506576348283,25.0438933939397,25.0439613479976,0.474313362645552,0.487315751774606,0.312473286616498
"null",16000,1681,50,1,320,295.321987898459,-0.360527541780749,295.68251544024,317.897652801745,317.939209253942,2.07782260984654,25.0487597495267,25.0420640671008,25.0439613479976,-0.901268770551123,-0.888772337378625,0.814594227269378
"null",16000,1682,2,0,8000,7922.91389911353,-14.4523031540892,7937.36620226762,7997.46282558856,7998.73138622688,2.53712127664349,90.7886951344743,89.4427185458167,89.4427190999916,-0.821125651873418,-0.68608361817435,0.722496772928443
"null",16000,1682,2,1,8000,8069.68586761238,-14.7295769377954,8084.41544455018,7997.4374149838,7998.70153109967,2.52823223173563,90.7860321727448,89.4425511899457,89.4427190999916,0.795810224320746,0.958312484496145,0.284209986310331
"null",16000,1682,5,0,3200,3130.20925113056,-5.79845310686035,3136.00770423742,3197.75397845988,3198.20315878576,2.24590162940123,71.8248794924911,71.5541726263676,71.5541752799933,-0.940408501992352,-0.869207933869891,0.801045909557925
"null",16000,1682,5,1,3200,3192.23062717811,-5.88484074383416,3198.11546792195,3197.7348561928,3198.18345289828,2.24298352736002,71.8236621101793,71.5537484571316,71.5541752799933,-0.0766353156185407,-0.000950124595802562,0.525453501828847
"null",16000,1682,10,0,1600,1508.57257869666,-2.87942499897646,1511.45200369564,1597.85134996246,1598.06619363159,2.14843669132257,53.7559533002469,53.6656243264009,53.665631459995,-1.66081644515056,-1.6139603521456,0.945258252196161
"null",16000,1682,10,1,1600,1560.58788673512,-2.88205996221553,1563.46994669733,1597.83156474205,1598.0471567242,2.15591982148055,53.75527275215,53.6652371798789,53.665631459995,-0.692837671546152,-0.644313001188501,0.743828196618995
"null",16000,1682,25,0,640,624.650894916053,-1.14437752045902,625.795272436512,637.906069540141,637.98980728557,2.09344363574542,35.0763523607953,35.0542170592101,35.0542436803306,-0.377894898755284,-0.347876400390301,0.639695359785121
"null",16000,1682,25,1,640,607.053070401832,-1.1517180366907,608.204788438523,637.896260146416,637.980181604988,2.09803646429917,35.0759968021311,35.0539378944094,35.0542436803306,-0.879324682305543,-0.849416497973946,0.80566301064844
"null",16000,1682,50,0,320,279.896527785226,-0.552520428766957,280.449048213993,317.924148729745,317.965646968989,2.07491196217033,25.0516322044786,25.0438878824771,25.0439613479976,-1.5179697927116,-1.49803412836894,0.93932584937649
"null",16000,1682,50,1,320,291.638298628503,-0.558401488520842,292.196700117023,317.917940620924,317.959509452012,2.07844155440849,25.0513974689321,25.0436805928535,25.0439613479976,-1.04902898231577,-1.02871497819457,0.852922585293124
"null",16000,1683,2,0,8000,8092.50201229458,26.7202099455197,8065.78180234906,7997.47226165902,7998.73610668915,2.52769006024955,90.5741412056473,89.4427186348628,89.4427190999916,1.04919295254249,0.749593669369707,0.226765711450571
"null",16000,1683,2,1,8000,7999.02654585587,27.1426671207344,7971.88387873513,7996.89053437546,7998.15412295902,2.52717716712893,90.5613071776406,89.4400546746076,89.4427190999916,0.0235863587549722,-0.293719008999512,0.494659390747525
"null",16000,1683,5,0,3200,3256.51729493417,10.7241060170432,3245.79318891713,3197.75561883946,3198.20447291072,2.24427035629106,71.7815266895765,71.5541728877524,71.5541752799933,0.818618366099015,0.665072546936786,0.230986330016777
"null",16000,1683,5,1,3200,3224.51793431028,10.2845901262435,3214.23334418404,3197.38569225224,3197.83361060758,2.23959177667422,71.7716328816024,71.5470403392402,71.5541752799933,0.378035735968198,0.229216100326417,0.367306351076895
"null",16000,1683,10,0,1600,1606.15387457023,5.39260524440167,1600.76126932583,1597.85590807145,1598.07029759236,2.14389520910066,53.7414748155208,53.6656249615265,53.665631459995,0.15440526199302,0.0501433037516872,0.438105220403644
"null",16000,1683,10,1,1600,1638.03743424,5.09854276373651,1632.93889147627,1597.64163947473,1597.85647063039,2.14831155666029,53.7339294828345,53.6590513078319,53.665631459995,0.751774440359517,0.653802480491353,0.237567214329168
"null",16000,1683,25,0,640,661.472074487346,2.12924377768442,659.342830709661,637.905335284706,637.989104174381,2.09422224186265,35.0728054806687,35.0542195938534,35.0542436803306,0.671937670216571,0.609162799306045,0.252127330361296
"null",16000,1683,25,1,640,638.105232936839,2.02191492533922,636.0833180115,637.817792454488,637.901483683247,2.09228071895376,35.0677804105366,35.0494396604561,35.0542436803306,0.00819671159639285,-0.0518743149494019,0.49137951696858
"null",16000,1683,50,0,320,309.003331030474,1.07088381092246,307.932447219552,317.923261167954,317.964778859142,2.07588455940049,25.0503970738954,25.0438947026381,25.0439613479976,-0.356079391123702,-0.400589914576397,0.63068197878251
"null",16000,1683,50,1,320,334.047328304804,1.02820566650159,333.019122638302,317.877681680126,317.919199003046,2.07586614597357,25.0467859111064,25.0403694846746,25.0439613479976,0.645577707338006,0.603023195983524,0.257120444521272
"null",16000,1684,2,0,8000,7887.48181355471,-17.807839437075,7905.28965299178,7997.47621634946,7998.73808345011,2.52373420130702,90.6521957345197,89.4427186225963,89.4427190999916,-1.21336722076622,-1.04478522005389,0.808562881892964
"null",16000,1684,2,1,8000,7806.36617414922,-17.803905544723,7824.17007969394,7996.19979165436,7997.46324571129,2.52690811386593,90.6270269314331,89.4365671248476,89.4427190999916,-2.09466892970861,-1.93760976732752,0.936017943398422
"null",16000,1684,5,0,3200,3101.66985462514,-7.1293734214183,3108.79922804656,3197.75625899983,3198.20498479744,2.24362898804258,71.7972888958679,71.5541728550194,71.5541752799933,-1.33830129037389,-1.24948347781237,0.886564270062107
"null",16000,1684,5,1,3200,3084.10872144972,-7.43314365934035,3091.54186510906,3196.94167731907,3197.38963178671,2.23977233818417,71.7764521598552,71.5384747372255,71.5541752799933,-1.57200519772214,-1.47959216444638,0.924069737751678
"null",16000,1684,10,0,1600,1601.15517500306,-3.57305565510374,1604.72823065817,1597.85212292998,1598.06689068442,2.14767754437556,53.7467386460428,53.6656248591474,53.665631459995,0.0614558605096392,0.124126756955296,0.473065860967019
"null",16000,1684,10,1,1600,1578.15531500264,-3.71944778442065,1581.87476278706,1597.39223281393,1597.607238895,2.15006081064721,53.7305424145569,53.6512441953153,53.665631459995,-0.358025751217422,-0.293235997485196,0.633329951395235
"null",16000,1684,25,0,640,654.479888340673,-1.42101241570389,655.900900756377,637.906827575707,637.990536297781,2.09271805184502,35.0740953821401,35.0542189333055,35.0542436803306,0.472515700958204,0.510933205862418,0.317016008991755
"null",16000,1684,25,1,640,637.024182417449,-1.40825431833035,638.43243673578,637.710149670604,637.793925429092,2.09439396222307,35.0632149598616,35.0437906466952,35.0542436803306,-0.0195637295079641,0.0182203835516658,0.503456679317961
"null",16000,1684,50,0,320,328.587426374027,-0.709508519289974,329.296934893317,317.926901374279,317.968345867238,2.0722246479427,25.0508472148957,25.0438931242439,25.0439613479976,0.425555467577523,0.452349359976802,0.329384063807524
"null",16000,1684,50,1,320,346.997224564855,-0.691486714170678,347.688711279025,317.824772116564,317.86626498483,2.0746434132731,25.0429746750204,25.0361800230794,25.0439613479976,1.16489565743917,1.19117398367899,0.126548737120002
"null",16000,1685,2,0,8000,8014.89965413199,2.45997853420794,8012.43967559778,7997.46725188351,7998.73359951035,2.53269525369612,90.6040994484508,89.44271857022,89.4427190999916,0.192401915085528,0.153238590088976,0.444805507708653
"null",16000,1685,2,1,8000,7898.47313008328,2.49546294425946,7895.97766713902,7997.46604403137,7998.73266327097,2.53323847919055,90.603823716074,89.4427155696153,89.4427190999916,-1.09259090718186,-1.14883582723927,0.783755272064699
"null",16000,1685,5,0,3200,3237.91772349782,0.971324822686848,3236.94639867513,3197.75822489069,3198.20655676639,2.24165937849816,71.7875748860134,71.5541727601775,71.5541752799933,0.559421301957884,0.541405768725571,0.306641330960938
"null",16000,1685,5,1,3200,3078.59386380568,1.01013536022778,3077.58372844545,3197.75638384808,3198.2049974532,2.24306802559751,71.7874750137557,71.5541645002772,71.5541752799933,-1.6599346894367,-1.68573373541778,0.933667965452818
"null",16000,1685,10,0,1600,1618.54692723613,0.494428907718272,1618.05249832841,1597.8478910924,1598.0630816344,2.15190542006535,53.7434941624734,53.6656247105854,53.665631459995,0.385144964358904,0.372480834832456,0.354320041541562
"null",16000,1685,10,1,1600,1584.29869097641,0.520771389424854,1583.77791958698,1597.84727817263,1598.06250598502,2.15227812386539,53.743453097813,53.665617180458,53.665631459995,-0.252097444716921,-0.266177622629403,0.591441102700255
"null",16000,1685,25,0,640,630.885071805644,0.180508485901251,630.704563319743,637.901907626028,637.985812832277,2.09763015621047,35.0732995553506,35.0542184944939,35.0542436803306,-0.200062038911129,-0.207713930740679,0.571911628381888
"null",16000,1685,25,1,640,651.590841665112,0.203082199800712,651.387759465312,637.905220431578,637.988988917849,2.09421215677565,35.0732845603425,35.0542128701043,35.0542436803306,0.390200729845786,0.38222996468678,0.345892603920912
"null",16000,1685,50,0,320,331.491129903294,0.0850802682932769,331.406049635001,317.923317782875,317.964833721272,2.07579691981679,25.050567720844,25.0438922235176,25.0439613479976,0.541616951424578,0.536706347151055,0.289816237103029
"null",16000,1685,50,1,320,329.08768962264,0.0981022910710635,328.989587331569,317.924117446623,317.965616351126,2.07494522511114,25.050560517526,25.0438882003362,25.0439613479976,0.44564161221886,0.440186080222762,0.322395622883937
"null",16000,1686,2,0,8000,8027.81510893516,-19.6211794077141,8047.43628834288,7997.47302443382,7998.73648538311,2.52692189857311,90.7065842499207,89.442718560155,89.4427190999916,0.33450807074538,0.544480352830716,0.404887686765883
"null",16000,1686,2,1,8000,7991.49455329195,-19.6885031323574,8011.18305642431,7997.36118806355,7998.62272089731,2.52306566752354,90.7015815651617,89.4421637491516,89.4427190999916,-0.0646806226569152,0.140429692222336,0.518416187451804
"null",16000,1686,5,0,3200,3123.7674239748,-7.86564451128239,3131.63306848609,3197.76201651721,3198.2095896108,2.23786546794758,71.8082789220685,71.5541726831622,71.5541752799933,-1.03044653977446,-0.930435202144098,0.823069356438305
"null",16000,1686,5,1,3200,3157.72343849516,-7.93030719638571,3165.65374569155,3197.6866182859,3198.1345110318,2.23946372949724,71.805530722894,71.5527582994235,71.5541752799933,-0.556547377178506,-0.453941484747941,0.690546310054843
"null",16000,1686,10,0,1600,1533.63593701587,-3.94084674619708,1537.57678376207,1597.85359680341,1598.06821626288,2.14619459469874,53.7504085808381,53.665624520629,53.665631459995,-1.19473807703176,-1.12719143848893,0.87334379227963
"null",16000,1686,10,1,1600,1544.49177926526,-3.95769641704032,1548.4494756823,1597.80946626003,1598.02437443463,2.14908174609797,53.7486214480594,53.6643285377481,53.665631459995,-0.991982409191385,-0.923796124970791,0.827783326580999
"null",16000,1686,25,0,640,600.220907182861,-1.55125955091523,601.772166733776,637.90879898209,637.992428196417,2.09073035815808,35.0749938488847,35.0542179754755,35.0542436803306,-1.07449460893997,-1.03326399944169,0.855537057388336
"null",16000,1686,25,1,640,635.97409749777,-1.59284811723679,637.566945615006,637.887222400519,637.971008691199,2.09465726700234,35.0739226632384,35.0532740530688,35.0542436803306,-0.0545455072453203,-0.011527113717852,0.515198054203057
"null",16000,1686,50,0,320,287.619276500597,-0.74698028979027,288.366256790387,317.926473938204,317.967926413516,2.07262376563892,25.051159477618,25.0438908391769,25.0439613479976,-1.2098121631729,-1.1819916407247,0.888515820990621
"null",16000,1686,50,1,320,326.462119808833,-0.788957109091712,327.251076917924,317.912622083682,317.954171098146,2.07745072322945,25.0504158257726,25.0431926444128,25.0439613479976,0.341291648993509,0.371234848199449,0.359799471096878
"null",16000,1687,2,0,8000,8123.9833269589,5.25956543505816,8118.72376152384,7997.46742447803,7998.73368852777,2.53252809948792,90.3233750130359,89.4427186794615,89.4427190999916,1.40069945861311,1.34152980552926,0.159578485132163
"null",16000,1687,2,1,8000,8007.09453492691,5.50054368254487,8001.59399124437,7997.45487139398,7998.72399742287,2.53825205777926,90.3226489474564,89.4426895214836,89.4427190999916,0.106724765551809,0.0320875170106672,0.469251703955267
"null",16000,1687,5,0,3200,3123.0324964645,2.11354914764311,3120.91894731686,3197.74336496554,3198.19467061302,2.25652823739772,71.7309520475326,71.5541730170834,71.5541752799933,-1.04154296532316,-1.07996109853318,0.825482024595578
"null",16000,1687,5,1,3200,3195.8401215044,2.11309097818004,3193.72703052622,3197.74430482086,3198.19453754647,2.25116362804968,71.7306451004234,71.5540893041457,71.5541752799933,-0.0265463012886449,-0.0624353836894672,0.50745040086699
"null",16000,1687,10,0,1600,1583.7656310824,1.06080450558563,1582.70482657682,1597.83744604374,1598.0536824483,2.16236404565817,53.7245912359335,53.6656252285016,53.665631459995,-0.261925026093503,-0.286009075756272,0.595120825095341
"null",16000,1687,10,1,1600,1643.54880674573,1.08023499986313,1642.46857174586,1597.83973164372,1598.05548953285,2.1575788912374,53.7244300837499,53.6655471518898,53.665631459995,0.850806142210377,0.827590224456617,0.208988699569068
"null",16000,1687,25,0,640,613.914236256565,0.408506869178468,613.505729387386,637.892507889166,637.976790167451,2.10705695712579,35.0686668725981,35.0542200257636,35.0542436803306,-0.68375201486023,-0.698091720827888,0.746726840196517
"null",16000,1687,25,1,640,643.046320135471,0.43397214415066,642.612347991321,637.891492573112,637.975773464448,2.1070222833893,35.0685894629882,35.0541639882163,35.0542436803306,0.14699272600627,0.132268866216061,0.436617267292518
"null",16000,1687,50,0,320,295.602280041061,0.191424270598326,295.410855770462,317.91279820499,317.954525616393,2.08637057014351,25.0489506029986,25.043896552672,25.0439613479976,-0.890676759978052,-0.900166226070956,0.81145802838828
"null",16000,1687,50,1,320,313.454793811116,0.22596227310455,313.228831538011,317.912547419949,317.954268864867,2.08607224588255,25.0489003291443,25.0438541172186,25.0439613479976,-0.177962048243967,-0.18868650586839,0.561441287107316
"null",16000,1688,2,0,8000,8182.50889438597,8.66558153458512,8173.84331285139,7997.46787942794,7998.73391453667,2.53207021746451,90.4821732402733,89.4427185972489,89.4427190999916,2.0450549354806,1.95778260165832,0.0731056781226574
"null",16000,1688,2,1,8000,8079.17339196814,8.2602626642106,8070.91312930393,7997.38353227525,7998.65117355716,2.53528256381745,90.4841224843692,89.4423488342976,89.4427190999916,0.903913940338183,0.807916570713538,0.259489379045387
"null",16000,1688,5,0,3200,3095.83957480343,3.47228701197195,3092.36728779146,3197.74688307786,3198.19748404927,2.25300485702417,71.7629663417898,71.5541728395216,71.5541752799933,-1.42005429080328,-1.4790220060982,0.900237775676392
"null",16000,1688,5,1,3200,3027.1705694264,3.37701689596146,3023.79355253044,3197.69615981389,3198.14642669713,2.25133441620491,71.7627903559922,71.5531756370504,71.5541752799933,-2.37623968551899,-2.43668953354475,0.984879777232084
"null",16000,1688,10,0,1600,1499.61505928964,1.72645581838978,1497.88860347125,1597.84113941632,1598.05700600588,2.15866589563628,53.7352782043897,53.6656250196811,53.665631459995,-1.82796262360576,-1.86652820120701,0.961260593705398
"null",16000,1688,10,1,1600,1532.66187473218,1.67163640682855,1530.99023832535,1597.81499730732,1598.03052040951,2.15523102185433,53.7346690775719,53.6646987437405,53.665631459995,-1.2124969538957,-1.24924361178834,0.876986467743291
"null",16000,1688,25,0,640,620.400772133269,0.689303582514499,619.711468550755,637.896525238256,637.980646291495,2.10302633097363,35.0712859666755,35.0542192445715,35.0542436803306,-0.498862605768462,-0.521169152656831,0.683881487590182
"null",16000,1688,25,1,640,623.71684741238,0.681918983934859,623.034928428445,637.884422312292,637.968524583835,2.10255678855889,35.0706982629986,35.0535477418573,35.0542436803306,-0.40397185119236,-0.426022389099218,0.649575785630313
"null",16000,1688,50,0,320,309.323238726219,0.36861067719467,308.954628049025,317.914644195802,317.956334187633,2.08449959158299,25.0498653428251,25.0438945189143,25.0439613479976,-0.342972121885796,-0.359437152708419,0.625794899817843
"null",16000,1688,50,1,320,291.621932424977,0.361471328316798,291.26046109666,317.909970860147,317.951626219883,2.08276798679945,25.0494002826921,25.0433993475437,25.0439613479976,-1.04944781665427,-1.06579641017627,0.853080738856214
"null",16000,1689,2,0,8000,8116.53391934748,-6.04157717919953,8122.57549652668,7997.46820371991,7998.73407800058,2.53174856134282,90.5308031914536,89.4427186575957,89.4427190999916,1.31519561773657,1.38458915812017,0.174151908590552
"null",16000,1689,2,1,8000,8054.62005626015,-5.53285950352578,8060.15291576368,7997.39043878651,7998.66114179459,2.54140601615161,90.5277067205783,89.442411966183,89.4427190999916,0.632177921509558,0.687501294043155,0.325673108259767
"null",16000,1689,5,0,3200,3280.40167311274,-2.44836336295037,3282.85003647569,3197.75183955181,3198.20144986859,2.24805158390137,71.7727788784268,71.5541729609054,71.5541752799933,1.15154846799138,1.18299999992111,0.151518512720917
"null",16000,1689,5,1,3200,3144.67937278189,-2.36832924652732,3147.04770202842,3197.69900523977,3198.15035473465,2.25674747437013,71.7710942744406,71.5533340607017,71.5541752799933,-0.738732396292322,-0.714189679307932,0.746049761185207
"null",16000,1689,10,0,1600,1583.04095748977,-1.23268352797734,1584.27364101774,1597.84355680036,1598.05918195102,2.15625150655781,53.7385545474011,53.6656251538268,53.665631459995,-0.275455851674204,-0.256878418797112,0.600111061558246
"null",16000,1689,10,1,1600,1570.23335868008,-1.16572778781918,1571.3990864679,1597.81265674047,1598.02887854143,2.16221800961814,53.737460172793,53.6648443485879,53.665631459995,-0.513222954187124,-0.496224155623345,0.685175348016542
"null",16000,1689,25,0,640,627.867197820027,-0.485037752773127,628.352235572801,637.898310463663,637.982360471657,2.1012501998607,35.0720893925001,35.0542197804705,35.0542436803306,-0.286014115993347,-0.274720845569126,0.6050692610393
"null",16000,1689,25,1,640,682.06155533624,-0.468749277833844,682.530304614074,637.887602070311,637.971652008015,2.10124844258129,35.0714371988189,35.0536478681727,35.0542436803306,1.2595421458068,1.27115593714047,0.11033619037779
"null",16000,1689,50,0,320,311.278104400166,-0.222842432592095,311.500946832758,317.918032813019,317.95965541759,2.08113022856503,25.0501480890803,25.0438960776817,25.0439613479976,-0.265065435511245,-0.257895519323299,0.595592934865559
"null",16000,1689,50,1,320,320.858623719151,-0.23210464289182,321.090728362043,317.911317974159,317.952965035002,2.08235304217644,25.0496949814531,25.0434715603136,25.0439613479976,0.117658348621582,0.125292666373493,0.444553908002472
"null",16000,1690,2,0,8000,7842.48599285798,-6.59605047851238,7849.08204333649,7997.46748858499,7998.73371869602,2.53246022205713,90.7149995582211,89.4427186047264,89.4427190999916,-1.70844398921645,-1.67315660451787,0.891096652156675
"null",16000,1690,2,1,8000,8060.58188097914,-6.63523236658272,8067.21711334573,7997.38861732773,7998.65351267085,2.52979068623676,90.7109662462529,89.4423276917196,89.4427190999916,0.696644146418392,0.766567714015557,0.308960827863276
"null",16000,1690,5,0,3200,3332.74166273041,-2.65265963963823,3335.39432237005,3197.75400350914,3198.20318026015,2.24588375504504,71.8099807412197,71.5541728442062,71.5541752799933,1.87978965915225,1.91730456319579,0.0474589227713521
"null",16000,1690,5,1,3200,3251.18457475817,-2.39980826975322,3253.58438302792,3197.69694907648,3198.1471322721,2.25091597809707,71.8078734273669,71.5531752492493,71.5541752799933,0.744871323000416,0.774769960420511,0.251528213139744
"null",16000,1690,10,0,1600,1666.25712432344,-1.32942658665004,1667.58655091009,1597.84682488405,1598.06212218583,2.15297301776234,53.750977278674,53.6656247781484,53.665631459995,1.27272661638724,1.29551140067183,0.114612344239371
"null",16000,1690,10,1,1600,1680.9187178151,-1.19697171730182,1682.1156895324,1597.81340407309,1598.02911642631,2.15712353220508,53.7496514496798,53.6647053749838,53.665631459995,1.54615539823199,1.56688781795286,0.0729951202581195
"null",16000,1690,25,0,640,668.208276076608,-0.538817210066456,668.747093286675,637.899891305084,637.98387728294,2.09964944639558,35.0751343162542,35.0542186497766,35.0542436803306,0.864098894055515,0.877589550949258,0.197309355600841
"null",16000,1690,25,1,640,643.15944672177,-0.503422536006947,643.662869257777,637.8855525799,637.969614359867,2.10154449917869,35.0743631714255,35.0535532154849,35.0542436803306,0.150363218744528,0.162415914384249,0.435376849009634
"null",16000,1690,50,0,320,347.301734372236,-0.266342821058469,347.568077193294,317.918699932705,317.960308173205,2.08041202503761,25.0512097628889,25.0438920255868,25.0439613479976,1.17291878187295,1.18223513301525,0.124199362572429
"null",16000,1690,50,1,320,349.99697753997,-0.258526345124257,350.255503885094,317.908794680212,317.950474734309,2.08400270482297,25.0506836882009,25.0434035407177,25.0439613479976,1.28093042326312,1.2899616099809,0.104781472223841
"null",16000,1691,2,0,8000,8017.20313987522,3.0754212817062,8014.12771859351,7997.47488769154,7998.73741875389,2.52506212470128,90.4578796857761,89.4427186235147,89.4427190999916,0.218093241320809,0.17206878409413,0.437629562910361
"null",16000,1691,2,1,8000,7954.66625349447,3.12096402823337,7951.54528946624,7997.46260116995,7998.72971780059,2.53423326126886,90.4584113068163,89.4427044686394,89.4427190999916,-0.473105232086412,-0.527538032471849,0.632308381197439
"null",16000,1691,5,0,3200,3218.32856125437,1.23909245267456,3217.08946880169,3197.74895403306,3198.19914068076,2.25093323851632,71.7580651755481,71.5541728313652,71.5541752799933,0.286791556753446,0.264000370257271,0.396667846413748
"null",16000,1691,5,1,3200,3251.48894007276,1.30584788555487,3250.1830921872,3197.75670112847,3198.20493047842,2.24114674974203,71.7582079823848,71.5541340371567,71.5541752799933,0.748795719055308,0.726417311986414,0.250329755412586
"null",16000,1691,10,0,1600,1573.24294044894,0.607460499671628,1572.63547994927,1597.84663902828,1598.06195513626,2.15316107976699,53.7336417080213,53.6656248506404,53.665631459995,-0.457882581512507,-0.473794449570853,0.665818191466433
"null",16000,1691,10,1,1600,1617.46038819832,0.614908939941579,1616.84547925838,1597.85236958078,1598.06699857279,2.14628992004392,53.7336740957048,53.6655891376886,53.665631459995,0.364911183676237,0.349916603680827,0.361436041382909
"null",16000,1691,25,0,640,622.859472665151,0.240435338470866,622.61903732668,637.901716279544,637.985629489435,2.0978302472779,35.0708842568849,35.0542189720632,35.0542436803306,-0.428909733333567,-0.438366411044599,0.658565688702239
"null",16000,1691,25,1,640,616.560819663164,0.244297714305737,616.316521948858,637.905395121354,637.989141686697,2.09366413358809,35.0708761629905,35.0541929521391,35.0542436803306,-0.608612552449269,-0.618260410885215,0.721841996606375
"null",16000,1691,50,0,320,332.720726940196,0.127026391127217,332.593700549069,317.922036079149,317.963577800579,2.07708607151254,25.0497229842085,25.0438928216048,25.0439613479976,0.590772635305242,0.584179258899739,0.27382608991921
"null",16000,1691,50,1,320,332.602825601116,0.107572455701669,332.495253145414,317.922169763517,317.963703926457,2.07670814698514,25.0497102845338,25.0438739432723,25.0439613479976,0.586060903333596,0.580243665651461,0.275338542412798
"null",16000,1692,2,0,8000,7936.51040196973,3.35687914613796,7933.15352282359,7997.47694147257,7998.73844575549,2.52300856582941,90.3840822765173,89.4427186234939,89.4427190999916,-0.674527394285264,-0.73326173378041,0.685152343806612
"null",16000,1692,2,1,8000,7994.59198492183,3.4872003479535,7991.10478457388,7997.45013271421,7998.71966731174,2.53906919505999,90.383043048949,89.4426714884207,89.4427190999916,-0.0316226107903207,-0.0851370225323664,0.508647825174885
"null",16000,1692,5,0,3200,3112.12066160698,1.34227693053483,3110.77838467645,3197.74959244082,3198.19965198182,2.25029770498935,71.7431864464329,71.5541729136343,71.5541752799933,-1.19354791827894,-1.22174939274175,0.858865937346601
"null",16000,1692,5,1,3200,3135.43356260087,1.43728409074962,3133.99627851012,3197.74215198296,3198.19230156011,2.2507478857404,71.7427342585906,71.55404019691,71.5541752799933,-0.868500343986146,-0.897168390119257,0.782050237912513
"null",16000,1692,10,0,1600,1522.76385760961,0.670958530516314,1522.09289907909,1597.84566777082,1598.06108164714,2.15413876317201,53.7286741908682,53.6656250734738,53.665631459995,-1.39742532813093,-1.41558367137323,0.909953835649117
"null",16000,1692,10,1,1600,1569.32531131036,0.708090156761716,1568.6172211536,1597.84340617455,1598.05865187174,2.15245697187239,53.728432265966,53.6655016968187,53.665631459995,-0.530782188525893,-0.548609996874193,0.690925086410475
"null",16000,1692,25,0,640,622.001123899909,0.231562018156032,621.769561881753,637.901908187907,637.985814003445,2.09764538844781,35.0696671018686,35.0542193717317,35.0542436803306,-0.453405623777672,-0.462604856486095,0.667484729152574
"null",16000,1692,25,1,640,600.019253042236,0.255042013841974,599.764211028394,637.901601623088,637.98545216332,2.09626350578367,35.0695457079768,35.0541291939297,35.0542436803306,-1.08020642457984,-1.09034918321534,0.856869833229166
"null",16000,1692,50,0,320,320.123288318088,0.129803718863711,319.993484599224,317.920747729035,317.962315763395,2.0784017179985,25.0492992998556,25.04389498906,25.0439613479976,0.0879282315519798,0.0811043504501272,0.456033557557298
"null",16000,1692,50,1,320,297.236897946832,0.146204790694904,297.090693156137,317.919174129208,317.960755977128,2.07909239598961,25.0492196676753,25.0438267353422,25.0439613479976,-0.825665488057722,-0.833341607156981,0.792566460126646
"null",16000,1693,2,0,8000,7952.39548738785,-15.9196805120528,7968.3151678999,7997.4727706378,7998.73635966563,2.52717805566727,90.8236892564436,89.4427185809206,89.4427190999916,-0.496316364364716,-0.340119265697494,0.639077610032005
"null",16000,1693,2,1,8000,7864.86782656276,-15.9324573879213,7880.80028395069,7997.27759453208,7998.54043270929,2.52567635442455,90.8170299191264,89.4417463469096,89.4427190999916,-1.45798390552112,-1.3163891981932,0.853887544034973
"null",16000,1693,5,0,3200,3297.61728434648,-6.36331178710047,3303.98059613359,3197.75764592906,3198.20609318827,2.24223629606376,71.8319581416633,71.5541726956904,71.5541752799933,1.39018399332076,1.47824367133918,0.107262879808576
"null",16000,1693,5,1,3200,3220.48223132488,-5.92342999913387,3226.40566132401,3197.63172683317,3198.0802101038,2.24241635315282,71.8278608355298,71.5517530493383,71.5541752799933,0.318128706965502,0.395873616131768,0.38637070676021
"null",16000,1693,10,0,1600,1647.93102497389,-3.16945471732455,1651.10047969121,1597.85294846777,1598.06763282092,2.14684353143957,53.7583182414879,53.6656245438394,53.665631459995,0.931540980898207,0.988208882707993,0.187823877039555
"null",16000,1693,10,1,1600,1645.54842282706,-3.14810355371566,1648.69652638077,1597.77938144138,1597.99437421029,2.14992768910493,53.7554911619637,53.6634069670247,53.665631459995,0.888635567327514,0.944817987453563,0.199157369099704
"null",16000,1693,25,0,640,657.144540899577,-1.28482950546757,658.429370405044,637.91152259069,637.99504284712,2.08800641074552,35.076933701085,35.0542179737616,35.0542436803306,0.548309566417191,0.582934914514982,0.291401945678516
"null",16000,1693,25,1,640,618.352068271179,-1.28839016079122,619.64045843197,637.872761836176,637.956634569741,2.09681833911643,35.0751750723077,35.0526156444702,35.0542436803306,-0.556538735010021,-0.52253379101711,0.704391628007182
"null",16000,1693,50,0,320,324.457854449858,-0.615372003621493,325.07322645348,317.927984437117,317.969406683068,2.07111229756375,25.0518384504823,25.0438907565656,25.0439613479976,0.260654323859251,0.283654797869197,0.389450292126936
"null",16000,1693,50,1,320,290.962662490311,-0.603208484213768,291.565870974525,317.908501379908,317.950007874122,2.07532471068824,25.0506013742825,25.042709209056,25.0439613479976,-1.07565636796492,-1.05356559784899,0.859361579328103
"null",16000,1694,2,0,8000,8117.88188835661,-3.54300890497711,8121.42489726159,7997.46339923473,7998.73167543647,2.53655240347682,90.5619520776681,89.4427186397126,89.4427190999916,1.32968080258034,1.37175192895622,0.171453322860012
"null",16000,1694,2,1,8000,7963.893295349,-3.05283387962772,7966.94612922863,7997.06598068064,7998.3290813127,2.52620126412801,90.5645163196243,89.4408719502193,89.4427190999916,-0.366287887129712,-0.350879317249305,0.604411352793868
"null",16000,1694,5,0,3200,3225.89282505297,-1.39826445152772,3227.2910895045,3197.75036292542,3198.20026789734,2.24952485964411,71.7790650705126,71.5541728471741,71.5541752799933,0.392070614181271,0.406556605290993,0.360886400696901
"null",16000,1694,5,1,3200,3195.41206351649,-1.55157649369438,3196.96364001019,3197.49419404391,3197.94341506376,2.24610509926587,71.775879714268,71.5492340758359,71.5541752799933,-0.0290087775406514,-0.0136937182658868,0.509586229340274
"null",16000,1694,10,0,1600,1630.8821550901,-0.700067672300288,1631.5822227624,1597.83930795126,1598.05535734598,2.16049394722511,53.7406530196521,53.665624902252,53.665631459995,0.614857566519634,0.62473632753711,0.277771684628675
"null",16000,1694,10,1,1600,1602.70456047745,-0.583634834495174,1603.28819531194,1597.70224944314,1597.9173952445,2.15145801356886,53.7367806660425,53.6610483876568,53.665631459995,0.0930891462477715,0.100087497893152,0.462186755432541
"null",16000,1694,25,0,640,612.557093240448,-0.244748182493524,612.801841422942,637.895621395842,637.979778497588,2.10392754363866,35.0726033795485,35.0542191053262,35.0542436803306,-0.722459290551813,-0.718256966415212,0.759044441482923
"null",16000,1694,25,1,640,584.526525699021,-0.217513812140116,584.744039511161,637.837851133102,637.92184339805,2.09980662369189,35.0694864209574,35.0509134379377,35.0542436803306,-1.52016270766437,-1.51715886038312,0.936016262864256
"null",16000,1694,50,0,320,333.813658040939,-0.133435821442727,333.947093862382,317.915749818618,317.957417253251,2.08337173165886,25.0503246256965,25.0438927698559,25.0439613479976,0.634638810469276,0.638466102537251,0.260020922122858
"null",16000,1694,50,1,320,263.923159742825,-0.119433461307209,264.042593204132,317.887453468637,317.929053102952,2.07998171576214,25.0479434993372,25.0414430599092,25.0439613479976,-2.15444009314539,-2.15189115778601,0.987860802440484
"null",16000,1695,2,0,8000,7866.51468720248,23.2522938408207,7843.26239336166,7997.47615007308,7998.73804904416,2.52379794216527,90.7440967480081,89.4427185674106,89.4427190999916,-1.44319539853124,-1.73827068511256,0.850850138015847
"null",16000,1695,2,1,8000,7981.79172247737,23.2290918902973,7958.56263058708,7997.45908012027,7998.72931618693,2.54047213332423,90.7442980258573,89.4427166880605,89.4427190999916,-0.172653907559353,-0.449077209270594,0.548933912869643
"null",16000,1695,5,0,3200,3230.37841829182,9.29431222838933,3221.08410606343,3197.74982634568,3198.19983756732,2.25005610821352,71.8158619532612,71.5541726982374,71.5541752799933,0.454336842289463,0.31981738636848,0.340232932608386
"null",16000,1695,5,1,3200,3223.31736554999,9.3192708941765,3213.99809465581,3197.74454717515,3198.19556311044,2.25507967646777,71.8159243710543,71.5541678066549,71.5541752799933,0.35608841073623,0.220847115266181,0.372944393553119
"null",16000,1695,10,0,1600,1599.64212484187,4.63930322594409,1595.00282161592,1597.84182348985,1598.05762052465,2.1579703480221,53.7529420940574,53.6656246067757,53.665631459995,0.0334921453949307,-0.0569228240817132,0.483716114776654
"null",16000,1695,10,1,1600,1633.43256733929,4.65866052520313,1628.77390681409,1597.84432555635,1598.05985796963,2.15532413278426,53.7529624870042,53.6656200822099,53.665631459995,0.662070333175512,0.5723226303434,0.263055128883121
"null",16000,1695,25,0,640,698.667643980181,1.84267463382469,696.824969346356,637.899067947389,637.983086399434,2.10046130111722,35.0756150633628,35.0542179980536,35.0542436803306,1.73250207937953,1.67859636606898,0.0478708571353233
"null",16000,1695,25,1,640,645.434236977503,1.8395323021478,643.594704675355,637.898983612861,637.98300295194,2.10048347695864,35.0756184592221,35.0542146749801,35.0542436803306,0.214828809744358,0.160086362665577,0.410615406613965
"null",16000,1695,50,0,320,326.216231065851,0.892990877505109,325.323240188346,317.920271957623,317.961848778613,2.07884104950697,25.0513783645415,25.0438920915452,25.0439613479976,0.331157790501884,0.293939591451051,0.363389622534448
"null",16000,1695,50,1,320,328.68928099512,0.891763782223303,327.797517212897,317.91999781942,317.961579492941,2.07908367604263,25.0513783217122,25.043889653334,25.0439613479976,0.429887850376946,0.392748005845288,0.327955685541417
"null",16000,1696,2,0,8000,8012.67801758064,15.8072125958365,7996.87080498481,7997.46157067983,7998.7307589177,2.53837647572133,90.7993870616766,89.442718567704,89.4427190999916,0.167583145583058,-0.0207949172685315,0.451744984580631
"null",16000,1696,2,1,8000,8130.30402080472,15.7858524409286,8114.51816836379,7997.47291222636,7998.73614155449,2.52645865625018,90.7991055357651,89.442715726409,89.4427190999916,1.46291208260891,1.29448246141651,0.147864403970631
"null",16000,1696,5,0,3200,3195.87591156193,6.3313056425003,3189.54460591943,3197.7447109222,3198.19574544082,2.25517259308535,71.8270420207586,71.5541727334261,71.5541752799933,-0.0260180470711432,-0.120903354632076,0.507271821720526
"null",16000,1696,5,1,3200,3326.28469847985,6.29195324686611,3319.99274523299,3197.75004317784,3198.19993825614,2.24947539152219,71.8269460951757,71.5541657067236,71.5541752799933,1.789504667673,1.70210645004277,0.0557588381657865
"null",16000,1696,10,0,1600,1543.77106671672,3.17075253934511,1540.60031417737,1597.84035417681,1598.05629824062,2.1594406380753,53.7566764501062,53.6656246499302,53.665631459995,-1.00581529645487,-1.07062918652377,0.831090901077945
"null",16000,1696,10,1,1600,1643.86398604433,3.16172382515835,1640.70226221917,1597.84316156817,1598.05880435354,2.15642785375929,53.7566363198555,53.6656181852209,53.665631459995,0.856095686536844,0.794614118082916,0.207419846482824
"null",16000,1696,25,0,640,571.944450858821,1.28497947976162,570.65947137906,637.900759906281,637.984710841085,2.09877337008622,35.076531043163,35.0542182220541,35.0542436803306,-1.88035438756182,-1.92060307936543,0.971174630122746
"null",16000,1696,25,1,640,574.02695639857,1.27584631974202,572.751110078828,637.89873390137,637.982762399527,2.10071245393535,35.0765176409208,35.0542135715678,35.0542436803306,-1.82092698473254,-1.86087906914586,0.966798986789182
"null",16000,1696,50,0,320,276.899242633588,0.656599392353131,276.242643241235,317.917675796368,317.959304453381,2.08143285062925,25.0516987441368,25.0438917476551,25.0439613479976,-1.63735136613762,-1.66574195546314,0.953428920036869
"null",16000,1696,50,1,320,282.896424022138,0.652137507169753,282.244286514968,317.91717288445,317.95881069954,2.08189075447193,25.0516920670648,25.0438882655301,25.0439613479976,-1.39793945928121,-1.42607744476037,0.922203351772795
"null",16000,1697,2,0,8000,8001.25791930386,-1.43621150286617,8002.69413080673,7997.47160440805,7998.73577549078,2.5283421654592,90.597613204473,89.4427185587778,89.4427190999916,0.0417926561405543,0.0442557580955483,0.487624078762668
"null",16000,1697,2,1,8000,8016.45766719668,-2.15679754219151,8018.61446473888,7997.31580062338,7998.57932460588,2.52704796501111,90.6001911730622,89.4419943952546,89.4427190999916,0.211278434686113,0.224001491340365,0.439949622677807
"null",16000,1697,5,0,3200,3287.67002646468,-0.578929891053692,3288.24895635574,3197.75229382659,3198.20181176203,2.247589677217,71.7862650675782,71.5541727450594,71.5541752799933,1.25257571979046,1.25844714765315,0.131520768490525
"null",16000,1697,5,1,3200,3124.32533033334,-0.566778990274749,3124.89210932361,3197.65308733447,3198.10241574593,2.24664205730191,71.7855484649456,71.5522624487915,71.5541752799933,-1.02148355162238,-1.0231724884271,0.82122407617141
"null",16000,1697,10,0,1600,1657.0337859272,-0.312304372721478,1657.34609029993,1597.84925332962,1598.06430733003,2.15054000410918,53.7430570653569,53.6656246004419,53.665631459995,1.10124983261763,1.10465094576401,0.148381315125898
"null",16000,1697,10,1,1600,1587.06092927699,-0.366126089190631,1587.42705536618,1597.79111838515,1598.00634974952,2.15231364370813,53.7417587802662,53.6638567818152,53.665631459995,-0.199662038453877,-0.197140030884429,0.57226434421712
"null",16000,1697,25,0,640,636.57121770329,-0.104634000223347,636.675851703514,637.903829290636,637.987657320624,2.09570074970271,35.0731915628758,35.0542180355996,35.0542436803306,-0.0379951617735234,-0.0374221902704501,0.508520818400827
"null",16000,1697,25,1,640,657.740334627775,-0.103739193703624,657.844073821479,637.880084166467,637.963898398563,2.09535580241586,35.0720302241874,35.0529305846474,35.0542436803306,0.566270339480148,0.567147313828955,0.28581883637037
"null",16000,1697,50,0,320,289.373951051799,-0.060389977921362,289.43434102972,317.920191141954,317.961769306933,2.07890824897366,25.0505289265194,25.0438909846204,25.0439613479976,-1.13954640135101,-1.13909728702827,0.873775769687372
"null",16000,1697,50,1,320,314.908245930013,-0.0531681407750117,314.961414070788,317.912092339521,317.95358577281,2.07467166447455,25.0496205774248,25.0429370324456,25.0439613479976,-0.119915844642179,-0.119481660563448,0.538452198385827
"null",16000,1698,2,0,8000,8027.33133200444,-10.5567703817758,8037.88810238621,7997.4632967486,7998.73162192522,2.53665035323328,90.7303706632293,89.442718542927,89.4427190999916,0.329195560841476,0.437782763078734,0.406367115641961
"null",16000,1698,2,1,8000,8019.26264790412,-10.809948260977,8030.07259616509,7997.45752804282,7998.71619351702,2.51733094840655,90.7282879480335,89.4426009164613,89.4427190999916,0.240334303164486,0.350575702481621,0.431232081497229
"null",16000,1698,5,0,3200,3274.92386550747,-4.2234391892793,3279.14730469675,3197.75090108916,3198.20069793581,2.24898423328894,71.8130871486531,71.5541727821324,71.5541752799933,1.0746364970853,1.13126325989956,0.167883478114588
"null",16000,1698,5,1,3200,3230.5954005599,-4.35173742268866,3234.94713798258,3197.74201836318,3198.19044307867,2.2421235774477,71.8121807939681,71.5538717205047,71.5541752799933,0.457490384409509,0.513692606984163,0.339245795820478
"null",16000,1698,10,0,1600,1629.18592617528,-2.07933169473218,1631.26525787001,1597.84584251055,1598.06123758881,2.15395078260188,53.7520146022066,53.6656245986957,53.665631459995,0.583049470734416,0.61872046639711,0.287785781655329
"null",16000,1698,10,1,1600,1610.09364393179,-2.16727687355282,1612.26092080534,1597.8422272253,1598.05709992753,2.14872702222939,53.7515120274874,53.6653471575279,53.665631459995,0.22792692232025,0.264673977345593,0.410923776127114
"null",16000,1698,25,0,640,726.266148556668,-0.820583950109252,727.086732506777,637.902090683104,637.985988428721,2.09744364041073,35.0753882190408,35.0542182711512,35.0542436803306,2.51926100779678,2.54179806232863,0.00856560412770933
"null",16000,1698,25,1,640,675.545638837206,-0.844773862753687,676.39041269996,637.899105872893,637.982973277899,2.09668512515838,35.075129205031,35.0540181326496,35.0542436803306,1.07331131253292,1.09566439079028,0.146925145122902
"null",16000,1698,50,0,320,381.181142761837,-0.424215040726556,381.605357802563,317.923117624114,317.964637250634,2.07598132603155,25.0512979119295,25.0438909746458,25.0439613479976,2.52513962989517,2.54116744943342,0.00860193084332427
"null",16000,1698,50,1,320,330.740866601587,-0.438001551699091,331.178868153286,317.920367946447,317.961904132997,2.07680932748463,25.0511280422952,25.0437423364723,25.0439613479976,0.51177330751313,0.527755151075854,0.299803269407999
"null",16000,1699,2,0,8000,8143.61780943379,10.9082127266512,8132.70959670714,7997.47406992226,7998.73700907374,2.52587830296097,90.6345760237499,89.4427185715564,89.4427190999916,1.61245019200215,1.49785907419859,0.125133150886946
"null",16000,1699,2,1,8000,8033.98605556925,10.8280058067541,8023.15804976249,7997.14966275369,7998.41507443344,2.53082335951701,90.6373193486302,89.4412563464313,89.4427190999916,0.406415294277124,0.276639398190184,0.386147641677474
"null",16000,1699,5,0,3200,3350.1316795808,4.36492117901914,3345.76675840178,3197.74831857955,3198.19863200962,2.25156715034552,71.7937305405972,71.5541727751526,71.5541752799933,2.12251626783886,2.06232733422658,0.0299729980398568
"null",16000,1699,5,1,3200,3326.8614665932,4.43922303028899,3322.42224356291,3197.54463543146,3197.9949214523,2.25143010418148,71.7914696437944,71.5502906216935,71.5541752799933,1.80128407738924,1.73901910152255,0.054973269864279
"null",16000,1699,10,0,1600,1672.41995294382,2.17694243950062,1670.24301050432,1597.83746139082,1598.05369492338,2.16233532561136,53.7455503936646,53.6656246993018,53.665631459995,1.38769611636153,1.3451686435298,0.0953951583066759
"null",16000,1699,10,1,1600,1620.62266709478,2.31819129537899,1618.3044757994,1597.72594913945,1597.9418858721,2.15936732650772,53.7426033824048,53.6620381415912,53.665631459995,0.426044078892312,0.379459868325791,0.340876462148529
"null",16000,1699,25,0,640,677.092351173168,0.892796221085091,676.199554952083,637.895941366543,637.980085114853,2.1035937077401,35.0738031517822,35.0542182985,35.0542436803306,1.11754090758284,1.09029588141937,0.137557004778452
"null",16000,1699,25,1,640,684.947396196977,0.970820283974737,683.976575913002,637.847940780437,637.932049742477,2.10272405099597,35.0713652340322,35.0516078421165,35.0542436803306,1.34296042090872,1.31362094366467,0.0964740852356181
"null",16000,1699,50,0,320,346.607200837745,0.429299976106679,346.177900861639,317.911909496105,317.953653398532,2.08719512138552,25.0507430822321,25.0438913672472,25.0439613479976,1.14548663276954,1.12699129097879,0.129604886593894
"null",16000,1699,50,1,320,342.34710177014,0.487156652833924,341.859945117306,317.890932214229,317.93259760308,2.08326944256164,25.0488800895988,25.0419660246926,25.0439613479976,0.976337842986677,0.955489975932086,0.166495688275941
"null",16000,1700,2,0,8000,8052.36941138504,-2.26261697438918,8054.63202835943,7997.48023174423,7998.74008990321,2.51971631796087,90.7528847475972,89.4427185634474,89.4427190999916,0.604820219141992,0.62489087266025,0.332079012766564
"null",16000,1700,2,1,8000,8109.41843401228,-1.74498505207548,8111.16341906435,7997.44048199422,7998.7047009399,2.52843789135761,90.754467322424,89.4425731281922,89.4427190999916,1.23385608798995,1.25732874392238,0.188845848687999
"null",16000,1700,5,0,3200,3218.86391539487,-0.944157946762131,3219.80807334163,3197.75354914293,3198.20281618675,2.24633521906653,71.8176382228564,71.5541727207744,71.5541752799933,0.29394403344804,0.301942658734903,0.394100732322914
"null",16000,1700,5,1,3200,3273.03450249047,-1.04118485572012,3274.07568734619,3197.73563393162,3198.18450140226,2.24433735320158,71.817844188798,71.5537920773483,71.5541752799933,1.04847018744942,1.06061724669861,0.173786985911735
"null",16000,1700,10,0,1600,1615.41728638502,-0.475533886949897,1615.89282027197,1597.84499544397,1598.06047529773,2.15479853760247,53.7535346077135,53.6656245813459,53.665631459995,0.326904845779737,0.332286172263026,0.374954428412971
"null",16000,1700,10,1,1600,1606.23414443129,-0.459548349549665,1606.69369278084,1597.83675380004,1598.05193742224,2.15183622195558,53.7534079350636,53.6652729095982,53.665631459995,0.156220618446868,0.161030679433123,0.437547590154246
"null",16000,1700,25,0,640,684.867348144136,-0.179750458538846,685.047098602675,637.901842724322,637.985750580569,2.09769640617317,35.075760939317,35.0542184917503,35.0542436803306,1.33897324426024,1.34253023022554,0.0968399876159379
"null",16000,1700,25,1,640,655.017264802407,-0.173730224063202,655.19099502647,637.901100564253,637.98484562581,2.09362653891934,35.0755628578481,35.0539613310088,35.0542436803306,0.487979745543093,0.490847503315961,0.31176823527767
"null",16000,1700,50,0,320,339.251592250467,-0.0735906826738174,339.32518293314,317.91932110987,317.960916658935,2.07977745324569,25.0514278341922,25.0438908607855,25.0439613479976,0.85153913309007,0.853072966695372,0.197411628875337
"null",16000,1700,50,1,320,300.774611451899,-0.0866155500720124,300.861227001971,317.919158208238,317.960708003871,2.0774897816741,25.051259234133,25.0437013737876,25.0439613479976,-0.684378641253248,-0.682785693164263,0.748318764126262
