"scen","n","rep","m","oracle","G","HL","C","EF","mu","muEF","d","sdHL","sdEF","sdEF_simple","zHL","zEF","pHL_chisq"
"null",16000,2851,2,0,8000,8038.49090001088,4.36429052017995,8034.1266094907,7997.46423828084,7998.73209281484,2.53570906800192,90.6973728503735,89.4427185538125,89.4427190999916,0.452346748761107,0.395722729006336,0.372636344112226
"null",16000,2851,2,1,8000,8192.38458000472,3.77726398130532,8188.60731602342,7997.41521637301,7998.68272097998,2.53500921394279,90.699282037565,89.4424839905038,89.4427190999916,2.14962411224997,2.12342710723015,0.0630182653128715
"null",16000,2851,5,0,3200,3199.64149692859,1.77623899127202,3197.86525793732,3197.75566485348,3198.20450838137,2.24421763947254,71.8064174298217,71.5541726848591,71.5541752799933,0.0262627233416465,-0.00474116926131306,0.488489191094288
"null",16000,2851,5,1,3200,3306.07908857777,1.62340773893841,3304.45568083883,3197.7177004332,3198.1677175612,2.25008563999748,71.8065487496544,71.5535581446371,71.5541752799933,1.50907389411461,1.48543225569278,0.0893460370519926
"null",16000,2851,10,0,1600,1559.86884291285,0.863724537139963,1559.00511837571,1597.8492040249,1598.06426268607,2.15058661169426,53.7497871555593,53.6656244768745,53.665631459995,-0.706614167645444,-0.727824276547568,0.747970231587871
"null",16000,2851,10,1,1600,1642.47474289116,0.825233865179788,1641.64950902598,1597.82958641023,1598.04478948007,2.15203069838281,53.7495029712722,53.6650539323436,53.665631459995,0.830615243173345,0.81253471953806,0.214388774459228
"null",16000,2851,25,0,640,600.069739059369,0.360350814595631,599.709388244773,637.902942919314,637.986806345911,2.09658566493427,35.0748416243512,35.0542179271993,35.0542436803306,-1.07864218647473,-1.09194899685489,0.856536914150275
"null",16000,2851,25,1,640,596.965672483099,0.327122671094355,596.638549812005,637.896942016892,637.980734423637,2.09481016862835,35.0745017705424,35.053802230762,35.0542436803306,-1.16698078283664,-1.17939230499087,0.876071341171773
"null",16000,2851,50,0,320,270.83935588163,0.17858602708869,270.660769854541,317.918785455215,317.960391579994,2.08030623895256,25.0511057408499,25.0438903367377,25.0439613479976,-1.87933538984728,-1.88866909611355,0.97409035054148
"null",16000,2851,50,1,320,299.854931170817,0.166600155648953,299.688331015168,317.916388666416,317.957963693111,2.07875133471883,25.0508271490197,25.0435847018881,25.0439613479976,-0.720992460175368,-0.729513482012244,0.760245063208976
"null",16000,2852,2,0,8000,7966.87007436582,-15.74051849105,7982.61059285687,7997.46415206174,7998.73205102422,2.53579792497073,90.572351872082,89.4427185996494,89.4427190999916,-0.337786057925546,-0.180243382801363,0.595292828989875
"null",16000,2852,2,1,8000,8087.32551420313,-15.7360969889582,8103.06161119208,7997.46544772002,7998.73162335781,2.53235127558596,90.5719084572112,89.442708622413,89.4427190999916,0.99214058766971,1.16644486108649,0.239186307114384
"null",16000,2852,5,0,3200,3301.46173141332,-6.27571103621339,3307.73744244953,3197.75058395774,3198.20044511385,2.24930578055985,71.7811647412021,71.5541728930339,71.5541752799933,1.44482397059869,1.53082612665274,0.0988214217862806
"null",16000,2852,5,1,3200,3212.47232973033,-6.31078410546628,3218.7831138358,3197.7560489737,3198.20453931015,2.24245168227365,71.7810031802429,71.5541464735448,71.5541752799933,0.20501637069184,0.287594437776611,0.425038042099621
"null",16000,2852,10,0,1600,1602.46484248718,-3.14711992735888,1605.61196241453,1597.84531651728,1598.06076551757,2.15449000287813,53.7413544157941,53.6656250602886,53.665631459995,0.0859584954662171,0.140708263222247,0.463867849695151
"null",16000,2852,10,1,1600,1587.44346558411,-3.13468931927618,1590.57815490338,1597.84842402955,1598.06348444202,2.15060412472464,53.7412789400911,53.6656006642365,53.665631459995,-0.193612036234671,-0.139480960727064,0.569595764438431
"null",16000,2852,25,0,640,670.921222367206,-1.23142141265681,672.152643779863,637.904814485295,637.98860408827,2.0947400743739,35.0727756486307,35.0542194097136,35.0542436803306,0.941368547863991,0.974605632842188,0.177531990556967
"null",16000,2852,25,1,640,641.902804646899,-1.24118142692887,643.143986073828,637.903517371247,637.987345440329,2.0957017270597,35.0727439349517,35.0542014738044,35.0542436803306,0.114028354413037,0.14710478107317,0.449196931040801
"null",16000,2852,50,0,320,312.617340999908,-0.601107061807202,313.218448061715,317.920751773698,317.962319485878,2.07838560895213,25.0503860545456,25.0438940061032,25.0439613479976,-0.211709742206869,-0.189422276863421,0.574630693443112
"null",16000,2852,50,1,320,313.542155953831,-0.611222445551973,314.153378399383,317.92088925105,317.962450807186,2.07807780679913,25.0503679272108,25.0438808321347,25.0439613479976,-0.174797165053291,-0.152095932468851,0.560062541729506
"null",16000,2853,2,0,8000,7920.04460818016,26.6429058988211,7893.40170228134,7997.46426307109,7998.73210493453,2.53568372689002,90.6823535911978,89.4427185544303,89.4427190999916,-0.853745539511898,-1.17762970933284,0.730097238562627
"null",16000,2853,2,1,8000,7963.49831168401,27.2818817871868,7936.21642989683,7997.34720638071,7998.61710182497,2.53979088851448,90.6849381901513,89.4421842233871,89.4427190999916,-0.373258176850983,-0.697664893472346,0.605617277866902
"null",16000,2853,5,0,3200,3192.3926086279,10.6537803151085,3181.73882831279,3197.74518787981,3198.19612656342,2.25469341806295,71.8033826537914,71.5541727059905,71.5541752799933,-0.0745449455734027,-0.2299977433637,0.524646133461836
"null",16000,2853,5,1,3200,3141.75328429617,11.0207092752557,3130.73257502091,3197.67482318699,3198.12512481818,2.25150815598821,71.8031023042993,71.5527652507688,71.5541752799933,-0.778817865749386,-0.941858075800203,0.757761948134283
"null",16000,2853,10,0,1600,1590.89988512619,5.31770188905463,1585.58218323714,1597.84232836495,1598.05807481365,2.15746448704899,53.7487736107334,53.6656246026597,53.665631459995,-0.129164681766254,-0.232474543413739,0.54537368425717
"null",16000,2853,10,1,1600,1569.37010321327,5.58511973867114,1563.7849834746,1597.79971061453,1598.01558785765,2.15877243115163,53.7479138312025,53.664327332319,53.665631459995,-0.528943457983226,-0.637865153346138,0.69064249157811
"null",16000,2853,25,0,640,601.851443091581,2.11588856593556,599.735554525646,637.897270357012,637.981361086283,2.10226823178371,35.0745938681667,35.0542185147784,35.0542436803306,-1.02769051014288,-1.09104718864331,0.844465431892679
"null",16000,2853,25,1,640,611.184605707883,2.23896440952668,608.945641298356,637.880016312172,637.964093737648,2.10193563690622,35.0737693735575,35.0532783505492,35.0542436803306,-0.761121803589619,-0.827838473454418,0.771180168272973
"null",16000,2853,50,0,320,292.632266579297,1.0661520029137,291.566114576384,317.916325230014,317.957980790764,2.08277803748064,25.0510196554353,25.0438912957146,25.0439613479976,-1.00930257524392,-1.05382449966536,0.843114957871987
"null",16000,2853,50,1,320,298.921306014753,1.12192396106753,297.799382053686,317.906757682375,317.948425704896,2.08340112600284,25.0503695299566,25.0431994947754,25.0439613479976,-0.757891082002545,-0.804571462820217,0.772053846821366
"null",16000,2854,2,0,8000,7878.28974268668,7.23476361873746,7871.05497906794,7997.4730481999,7998.7364989417,2.52690148358916,90.4425660240393,89.4427186230718,89.4427190999916,-1.31777890381333,-1.42752279715277,0.827924997154827
"null",16000,2854,2,1,8000,7903.95874064727,7.50777561459802,7896.45096503268,7996.98514525536,7998.25284401589,2.53539752106248,90.4312819036557,89.4405476779208,89.4427190999916,-1.02869717922599,-1.13820724074504,0.770717685725107
"null",16000,2854,5,0,3200,3254.61964764006,2.87502118444145,3251.74462645562,3197.75866008977,3198.20690645857,2.24123184400629,71.7549768037111,71.5541729615062,71.5541752799933,0.792432665762595,0.748212407204495,0.238184333153676
"null",16000,2854,5,1,3200,3271.20047527155,1.80758527693167,3269.39288999462,3197.44498800328,3197.89347196668,2.24241981701915,71.7464644787999,71.5482267930282,71.5541752799933,1.02800169742261,0.999317820059642,0.179644543118549
"null",16000,2854,10,0,1600,1675.5804340216,1.44880707837641,1674.13162694322,1597.85598724432,1598.07036919203,2.14381947709726,53.732610614388,53.6656250851888,53.665631459995,1.44650419714521,1.41731802490805,0.0865286113511984
"null",16000,2854,10,1,1600,1669.93843494242,1.0873990197352,1668.85103592269,1597.67646285738,1597.89121729829,2.1475444091038,53.726187393487,53.6601178150577,53.665631459995,1.34500465398372,1.32239401465652,0.102821020284452
"null",16000,2854,25,0,640,708.156314188003,0.577037918344914,707.579276269658,637.905106232903,637.988884263876,2.09445077433718,35.0706321729257,35.0542195661631,35.0542436803306,2.00313491951633,1.98522154727859,0.0277589024211739
"null",16000,2854,25,1,640,675.538389808898,0.44153650867661,675.096853300221,637.830712651965,637.914477042003,2.09410975096607,35.0664087850653,35.0502275036532,35.0542436803306,1.07532189532315,1.06083123866578,0.146970069526238
"null",16000,2854,50,0,320,343.770644848759,0.270851954730388,343.499792894028,317.922365046083,317.963900599066,2.07677764916412,25.0496363129751,25.0438944733753,25.0439613479976,1.03188243852015,1.01964541984913,0.153445104372961
"null",16000,2854,50,1,320,350.882621252082,0.223286937399332,350.659334314682,317.883410673959,317.924965088614,2.07772073272225,25.0466157737959,25.0409556352726,25.0439613479976,1.31751174993656,1.30723322635336,0.0989274833558245
"null",16000,2855,2,0,8000,7931.84005898101,7.49818667706781,7924.34187230395,7997.46803966384,7998.73399415797,2.53190898825682,90.6153927605042,89.4427185848056,89.4427190999916,-0.724247599481043,-0.831729212070944,0.698217335343839
"null",16000,2855,2,1,8000,8030.52155272088,8.73363719026747,8021.78791553061,7997.19749992589,7998.46392176392,2.53284367605656,90.6184399980013,89.4414514341777,89.4427190999916,0.367740305347582,0.26077387377659,0.396637876803461
"null",16000,2855,5,0,3200,3207.64910199496,3.03035578000085,3204.61874621496,3197.75055882274,3198.20042416539,2.24932671327902,71.7898565093595,71.5541727734641,71.5541752799933,0.137882197479083,0.0896987806690462,0.448732503498089
"null",16000,2855,5,1,3200,3250.00512680232,3.54513439146216,3246.45999241086,3197.57801037911,3198.027653822,2.24821721443264,71.7881514316972,71.5508595723565,71.5541752799933,0.730303195968095,0.676893874907035,0.256201563015589
"null",16000,2855,10,0,1600,1559.39403396429,1.5492902148171,1557.84474374947,1597.83848246601,1598.0546136448,2.16131178788433,53.744256186539,53.6656246234961,53.665631459995,-0.715321994005994,-0.749266782552736,0.750686552880932
"null",16000,2855,10,1,1600,1664.71992509203,1.61569677103712,1663.10422832099,1597.74340774206,1597.95934033729,2.1593259522771,53.7418418606354,53.6625807036717,53.665631459995,1.246263898503,1.21397232726164,0.119816100845581
"null",16000,2855,25,0,640,596.660529602419,0.595539873144603,596.064989729274,637.895637097174,637.979793285494,2.10390470801809,35.0734864510729,35.0542186755879,35.0542436803306,-1.17567746087283,-1.19571353006393,0.877889430221203
"null",16000,2855,25,1,640,615.685305038933,0.605627667811457,615.079677371122,637.856895153167,637.940941367224,2.10115535142917,35.071438671898,35.0520014888248,35.0542436803306,-0.632183650110691,-0.65220994593963,0.730196515966579
"null",16000,2855,50,0,320,316.61064407971,0.296436520689276,316.31420755902,317.914773363927,317.956460013307,2.08433246900477,25.0506323284936,25.0438914767141,25.0439613479976,-0.0520597351442388,-0.0655749708791631,0.511457366862898
"null",16000,2855,50,1,320,305.113111219019,0.33343764736307,304.779673571656,317.897406171939,317.939015311872,2.08045699662634,25.0490508636916,25.0422487993652,25.0439613479976,-0.510370433693805,-0.525485624140498,0.688477575839149
"null",16000,2856,2,0,8000,8039.03338378407,-4.11258265928794,8043.14596644336,7997.46426707218,7998.73210937158,2.5356845988,90.5368078589682,89.442718647016,89.4427190999916,0.45914051638141,0.496562020292094,0.371019773743893
"null",16000,2856,2,1,8000,8161.84760053339,-4.26579724168946,8166.11339777508,7997.46476561457,7998.72810537411,2.52667951907173,90.5375996552326,89.4426807996713,89.4427190999916,1.81563058381034,1.87142526257537,0.0981766843259899
"null",16000,2856,5,0,3200,3182.78174727509,-1.6180694904715,3184.39981676556,3197.7477365236,3198.19816736037,2.25215418382246,71.7739903863817,71.5541729278608,71.5541752799933,-0.208515496601908,-0.192837818260036,0.572307100435676
"null",16000,2856,5,1,3200,3308.54712063829,-1.65785908899276,3310.20497972728,3197.74819075367,3198.1974482905,2.24628768412425,71.7741633624934,71.5540700537981,71.5541752799933,1.54371607684266,1.56535514125984,0.0845704146169889
"null",16000,2856,10,0,1600,1542.14842484871,-0.816302526634519,1542.96472737535,1597.83966700309,1598.0556808754,2.16013872307982,53.7389592042512,53.6656250430683,53.665631459995,-1.03632900560485,-1.02655943084317,0.838390897089771
"null",16000,2856,10,1,1600,1673.07824729983,-0.834405661418786,1673.91265296125,1597.84520137558,1598.06035585862,2.15154483036563,53.738967243215,53.6655292984905,53.665631459995,1.39997193440202,1.41342679545259,0.0934943494657347
"null",16000,2856,25,0,640,631.228481410483,-0.304200827855584,631.532682238339,637.901446612363,637.985371168655,2.09811390730634,35.0721889816559,35.0542197575328,35.0542436803306,-0.190263721644807,-0.184077379983045,0.56810824354954
"null",16000,2856,25,1,640,659.829312213819,-0.317370555638143,660.146682769457,637.902557448592,637.986385411905,2.09569908282644,35.072146533191,35.0541501225818,35.0542436803306,0.625189985006373,0.632173288471097,0.266681206047343
"null",16000,2856,50,0,320,312.310519221378,-0.166063337282581,312.47658255866,317.923940969092,317.965445015528,2.07520232176866,25.05018118416,25.0438944996526,25.0439613479976,-0.224087071724028,-0.219169684529044,0.579448812016523
"null",16000,2856,50,1,320,305.65939498834,-0.169094629035565,305.828489617375,317.921674318721,317.963210397196,2.07680392375031,25.0501395659204,25.0438430867169,25.0439613479976,-0.489509421618703,-0.484539083630384,0.680568268710486
"null",16000,2857,2,0,8000,7921.44263083959,-4.39002280831378,7925.83265364791,7997.47210631568,7998.73602669574,2.52784076012112,90.6398349167605,89.4427185455492,89.4427190999916,-0.838808626978525,-0.815084494672505,0.726406831050348
"null",16000,2857,2,1,8000,7987.40750999124,-3.89197125495524,7991.2994812462,7997.35319484096,7998.62150749873,2.53662531554155,90.642214429646,89.4422055086811,89.4427190999916,-0.109724645545128,-0.0818632122373593,0.531291485607286
"null",16000,2857,5,0,3200,3172.69440485502,-1.73552516088723,3174.42993001591,3197.7561705979,3198.20491381345,2.24371607775053,71.794792640657,71.5541728054579,71.5541752799933,-0.349074979132807,-0.332265511086041,0.621307187131251
"null",16000,2857,5,1,3200,3168.7317031395,-1.59764310784329,3170.32934624734,3197.68432662179,3198.13306738119,2.24370379700616,71.7944725249188,71.5528002145456,71.5541752799933,-0.403270926912143,-0.388576282835651,0.640108231806251
"null",16000,2857,10,0,1600,1537.3971147257,-0.867616299077053,1538.26473102477,1597.84869673219,1598.06380682439,2.15110092195509,53.7459051603665,53.6656247473106,53.665631459995,-1.12476628361027,-1.11429012670929,0.858592422074365
"null",16000,2857,10,1,1600,1644.79278108694,-0.732769460928915,1645.52555054787,1597.8058112109,1598.02118909203,2.15377881133079,53.7450476693513,53.6643637068675,53.665631459995,0.87425673459464,0.885212423561393,0.202838442679999
"null",16000,2857,25,0,640,639.174243539091,-0.352859434300812,639.527102973392,637.901510506281,637.985431994204,2.098037198074,35.0738908230026,35.0542190100022,35.0542436803306,0.0362871926366157,0.0439796128034649,0.479457976058403
"null",16000,2857,25,1,640,620.335273941128,-0.309321549491027,620.644595490619,637.886661849632,637.970491142385,2.09573231882491,35.0730820942908,35.0533022970727,35.0542436803306,-0.500423312137737,-0.494272850669841,0.684545796853853
"null",16000,2857,50,0,320,327.277912757154,-0.154040327864785,327.431953085019,317.918383637278,317.95999843146,2.08073970908857,25.0507753798756,25.0438928725396,25.0439613479976,0.373622332161232,0.378214149923362,0.347990876444591
"null",16000,2857,50,1,320,317.749755908644,-0.148278554555092,317.898034463199,317.913740802577,317.955273080764,2.07661390935854,25.0501359503833,25.0432147881981,25.0439613479976,-0.00654626762333969,-0.00228559384441776,0.493411628713313
"null",16000,2858,2,0,8000,8107.24350367095,25.3424593021363,8081.90104436881,7997.46950364093,7998.73472833662,2.53044939139389,90.2961025545014,89.4427186641875,89.4427190999916,1.2157113864772,0.92982768496153,0.193487206717313
"null",16000,2858,2,1,8000,8043.8044918653,24.6260864927217,8019.17840537258,7997.26986603372,7998.53303198422,2.5263319009991,90.2904419081241,89.4418575167746,89.4427190999916,0.515388172304422,0.230824515071072,0.356906053026881
"null",16000,2858,5,0,3200,3201.85965737112,10.1516117450474,3191.70804562608,3197.74875872956,3198.19898564084,2.25113455640118,71.7254579695416,71.5541729944519,71.5541752799933,0.0573143589171516,-0.090713647340564,0.477441227409886
"null",16000,2858,5,1,3200,3184.18114635491,10.0202526757828,3174.16089367912,3197.62211342126,3198.07181239188,2.24849485308767,71.7216378415306,71.5517286891431,71.5541752799933,-0.187404630887684,-0.334176674006494,0.565409986903001
"null",16000,2858,10,0,1600,1633.50846019144,5.06109414587478,1628.44736604556,1597.84141791661,1598.05725732833,2.15839411716343,53.7227575936482,53.665625274367,53.665631459995,0.66390937234841,0.566286306399365,0.262623621272339
"null",16000,2858,10,1,1600,1655.45414832741,4.7609711153083,1650.6931772121,1597.7733711761,1597.98874716519,2.15375989091695,53.7199909152885,53.6633546635935,53.665631459995,1.07373021045866,0.982130736650832,0.154786568647934
"null",16000,2858,25,0,640,629.776886230648,2.03965045524865,627.737235775399,637.899990981304,637.98397400989,2.09957571465142,35.068217449202,35.0542201297158,35.0542436803306,-0.23163722999104,-0.292311116794895,0.584147324662414
"null",16000,2858,25,1,640,646.509098058418,1.94902496321213,644.560073095206,637.869886877525,637.953834852945,2.09869938548831,35.0664391048589,35.0525670453521,35.0542436803306,0.246366936633039,0.188466603136773,0.399051861640822
"null",16000,2858,50,0,320,318.289781460036,1.01553469281122,317.274246767225,317.919515636171,317.96110900624,2.079668503433,25.0487943081474,25.0438977354665,25.0439613479976,0.0147817822810118,-0.0274263314069632,0.484874086227379
"null",16000,2858,50,1,320,287.321599730991,0.969864662001179,286.351735068989,317.903180046636,317.94478391107,2.08019322174273,25.0475283878124,25.0426760209198,25.0439613479976,-1.22094203636177,-1.26156840489767,0.890894572330005
"null",16000,2859,2,0,8000,7946.48437197665,-9.6497568950791,7956.13412887173,7997.46826644127,7998.73410908804,2.53168529353382,90.5625455784097,89.4427186452037,89.4427190999916,-0.56296887569797,-0.476282260440837,0.65649703094695
"null",16000,2859,2,1,8000,8096.83687833226,-8.9310784204761,8105.76795675273,7997.24943058159,7998.5133077792,2.52775439521124,90.5554749871051,89.4417134623806,89.4427190999916,1.09973966526979,1.19915691260373,0.216654593792654
"null",16000,2859,5,0,3200,3181.25448205749,-3.84477950930254,3185.09926156679,3197.75070163773,3198.20053899412,2.24918678197521,71.7791851245489,71.5541728779264,71.5541752799933,-0.229818986543471,-0.183095924394009,0.5798115072194
"null",16000,2859,5,1,3200,3240.16160332991,-3.47573214216458,3243.63733547207,3197.61482599342,3198.06325694553,2.24215476059113,71.7746588383732,71.551448997657,71.5541752799933,0.592782717815488,0.636941378056907,0.296943190838973
"null",16000,2859,10,0,1600,1625.64391713936,-1.92806287426615,1627.57198001363,1597.84807154759,1598.06324473468,2.15173187086326,53.7406934706696,53.665624978484,53.665631459995,0.517221565198861,0.549862883191662,0.309252549078174
"null",16000,2859,10,1,1600,1671.00629673122,-1.86262516744817,1672.86892189866,1597.76768946074,1597.98291167257,2.15222211830765,53.7375392426942,53.6631211037774,53.665631459995,1.36289469712617,1.39548368946478,0.099574650639965
"null",16000,2859,25,0,640,660.049657482826,-0.75072357600069,660.800381058826,637.902298748349,637.986188741013,2.09724981659215,35.0726132212715,35.054219087886,35.0542436803306,0.63147158709702,0.650825860950285,0.264703288035005
"null",16000,2859,25,1,640,637.756797751369,-0.677924892062783,638.434722643432,637.869897143505,637.953719833446,2.09556724850955,35.0706265242773,35.0523982414362,35.0542436803306,-0.00322490366854762,0.0137223937338894,0.495270306336808
"null",16000,2859,50,0,320,335.042313934051,-0.384894576224212,335.427208510276,317.921397851589,317.96295260706,2.07773777356205,25.0503294445168,25.0438938878709,25.0439613479976,0.683460715372337,0.697345867276389,0.244975567319618
"null",16000,2859,50,1,320,314.683564133492,-0.334547076621221,315.018111210113,317.903179530053,317.944750289083,2.07853795149125,25.0489235329174,25.0425471428213,25.0439613479976,-0.128533084159488,-0.11686666944375,0.542011702390574
"null",16000,2860,2,0,8000,7985.03626835735,-7.20166720115542,7992.2379355585,7997.46347023823,7998.73171042841,2.53648038037356,90.7260160620098,89.4427185984116,89.4427190999916,-0.136975064268059,-0.0726026106056403,0.538749440907521
"null",16000,2860,2,1,8000,7869.77927602612,-7.02982635020095,7876.80910237632,7997.44326695514,7998.70927666121,2.53201941214146,90.7241801666868,89.4426047461362,89.4427190999916,-1.40716610163315,-1.36288712332202,0.844706519591881
"null",16000,2860,5,0,3200,3155.49444223079,-2.89843011870893,3158.3928723495,3197.74024111157,3198.19217015168,2.25964520057613,71.8122069320697,71.5541728146897,71.5541752799933,-0.588281584504642,-0.556212115053739,0.700386826209212
"null",16000,2860,5,1,3200,3103.72352742905,-2.82057483833366,3106.54410226738,3197.73304376804,3198.18326119134,2.25108711649155,71.8113621264236,71.5538716296429,71.5541752799933,-1.30911757631741,-1.280701614558,0.881447700401001
"null",16000,2860,10,0,1600,1572.05500020214,-1.45155831357738,1573.50655851572,1597.83840774755,1598.05454682912,2.16139081565967,53.7517206922571,53.6656247823353,53.665631459995,-0.47967594736226,-0.457424811747999,0.673512351568745
"null",16000,2860,10,1,1600,1602.42802035139,-1.46322881001671,1603.89124916141,1597.83144819512,1598.04739910221,2.15950907081763,53.7512416873557,53.6653473232516,53.665631459995,0.085515646001353,0.108894293071537,0.464126148740358
"null",16000,2860,25,0,640,588.681143817539,-0.593492431919421,589.274636249459,637.895185369622,637.979359354015,2.10434960982638,35.0753160986293,35.0542183106358,35.0542436803306,-1.40309616636657,-1.3894111879191,0.919115580763506
"null",16000,2860,25,1,640,663.612427362611,-0.599879097462988,664.212306460074,637.894434506815,637.97848646554,2.1012989681224,35.0750598878027,35.0540150943477,35.0542436803306,0.733227339826719,0.748382743714989,0.23384674799218
"null",16000,2860,50,0,320,311.671993826888,-0.276907965140183,311.948901792028,317.916900163737,317.958544433634,2.08221349482468,25.0512734756728,25.0438921220789,25.0439613479976,-0.249284985169074,-0.239964403788007,0.589446978600694
"null",16000,2860,50,1,320,305.084138568812,-0.282459427828069,305.36659799664,317.913490239856,317.955164374643,2.08370673933104,25.0511067724847,25.0437438875507,25.0439613479976,-0.512127140232204,-0.502663117564485,0.688894939547553
"null",16000,2861,2,0,8000,8148.76841496187,4.04542585807113,8144.7229891038,7997.46439623166,7998.73217282499,2.53555318666673,90.5698320999314,89.4427185903171,89.4427190999916,1.67057854941437,1.63222695575139,0.117036620262111
"null",16000,2861,2,1,8000,8068.70754033223,4.02549702972535,8064.6820433025,7997.43185893513,7998.69418539902,2.52465292779208,90.5674521500377,89.4425165657042,89.4427190999916,0.786990024617474,0.737768350413128,0.286822892190285
"null",16000,2861,5,0,3200,3221.81345981153,1.57572708881138,3220.23773272272,3197.75058460565,3198.20044487557,2.24930134957744,71.7806565798973,71.5541728135496,71.5541752799933,0.335227850404244,0.307980471028303,0.380047388675094
"null",16000,2861,5,1,3200,3240.04673153977,1.57758064262819,3238.46915089714,3197.73426937935,3198.18181691405,2.23773767351638,71.7794547909632,71.5536403836024,71.5541752799933,0.589478734320841,0.563036817792966,0.297436141078198
"null",16000,2861,10,0,1600,1583.9601476395,0.797088832529238,1583.16305880697,1597.84595002132,1598.06133514718,2.15385125854389,53.7411842377305,53.665624890931,53.665631459995,-0.25838288788721,-0.277613022684186,0.593778933949211
"null",16000,2861,10,1,1600,1607.08340570828,0.801239764381118,1606.2821659439,1597.83247692271,1598.04765706071,2.15180137998781,53.7404527902879,53.6651379809598,53.665631459995,0.172140879081657,0.153442424504866,0.431656763410072
"null",16000,2861,25,0,640,639.993914552149,0.309317837349444,639.6845967148,637.901609811929,637.985527552132,2.09794350507834,35.0727340402464,35.054219345584,35.0542436803306,0.0596561630416212,0.0484697475621244,0.47033790528119
"null",16000,2861,25,1,640,653.650801751892,0.321196336929258,653.329605414963,637.898256870186,637.982044354465,2.09468710697638,35.0723174778693,35.0538661270192,35.0542436803306,0.449144682031512,0.437827913328734,0.325190587056155
"null",16000,2861,50,0,320,307.625989724687,0.151796629213108,307.474193095474,317.918800177031,317.960406930624,2.08033767969142,25.0503714902393,25.0438940703774,25.0439613479976,-0.410884543422983,-0.41871339200214,0.651511695172261
"null",16000,2861,50,1,320,312.309329276527,0.14626991272528,312.163059363802,317.915746552804,317.957347931659,2.08006894270919,25.0500923107432,25.0436371348944,25.0439613479976,-0.223808248158554,-0.231367693783726,0.579467481574953
"null",16000,2862,2,0,8000,8150.21757751364,0.670128306715134,8149.54744920692,7997.46334574406,7998.73164780477,2.53660412142798,90.5045001697565,89.4427186293724,89.4427190999916,1.68780813642486,1.68617192895368,0.114827633142524
"null",16000,2862,2,1,8000,8137.21179645793,1.44260047766694,8135.76919598026,7997.13024641123,7998.39354649126,2.52660016006794,90.4953457544112,89.4411755259712,89.4427190999916,1.54794203921665,1.53593296019582,0.135743439697994
"null",16000,2862,5,0,3200,3321.57186827168,0.275631157536624,3321.29623711415,3197.75050524186,3198.20038174252,2.24938250331072,71.7674712811262,71.5541728608683,71.5541752799933,1.72531316513568,1.72031693540747,0.0625177511228726
"null",16000,2862,5,1,3200,3156.7936741515,0.47773071604094,3156.31594343545,3197.52460529821,3197.97679473572,2.2609471875466,71.7611679651576,71.5500812102783,71.5541752799933,-0.567590136861859,-0.582261411805029,0.694667627195886
"null",16000,2862,10,0,1600,1652.93746836232,0.149539211278048,1652.78792915104,1597.84453574693,1598.06006243533,2.15526688407987,53.7367820794708,53.6656249522151,53.665631459995,1.02523691377569,1.01979370899786,0.165372259862895
"null",16000,2862,10,1,1600,1633.43210496455,0.301074940845048,1633.1310300237,1597.71537868339,1597.93169393172,2.1631524833048,53.7321896251358,53.6618236093243,53.665631459995,0.664717491141485,0.655947445026206,0.263057758980228
"null",16000,2862,25,0,640,686.13611170558,0.0427803684369634,686.093331337143,637.89940749378,637.983413367894,2.10014685286216,35.0716548174241,35.0542194231703,35.0542436803306,1.37537576891967,1.37244299718877,0.091162642018945
"null",16000,2862,25,1,640,672.073633131392,0.0738094272665799,671.999823704126,637.844325668305,637.928454897155,2.10323072124918,35.0686736514052,35.051441093457,35.0542436803306,0.97606507173149,0.972039030182143,0.169538564650822
"null",16000,2862,50,0,320,328.030211677001,0.030774565849928,327.999437111151,317.919140878404,317.960740717262,2.07999194288727,25.04999352101,25.0438936981697,25.0439613479976,0.403635665219484,0.400844074602611,0.337247210017861
"null",16000,2862,50,1,320,332.203468850951,0.0487883102093442,332.154680540741,317.88881878688,317.930496635053,2.08389240862552,25.0478787054023,25.0418506547074,25.0439613479976,0.571491511613831,0.568016481761685,0.280494555242944
"null",16000,2863,2,0,8000,8123.79671674695,-2.20636557611074,8126.00308232306,7997.46685796027,7998.73340448952,2.53309305849934,90.5745184166436,89.4427186326606,89.4427190999916,1.39476158410867,1.42291826298607,0.159933410620246
"null",16000,2863,2,1,8000,7952.68631165133,-1.94510873371873,7954.63142038504,7997.44920353895,7998.71595397352,2.53350086913299,90.5729943459921,89.4426386119446,89.4427190999916,-0.49421896902992,-0.492880512836186,0.63821295820868
"null",16000,2863,5,0,3200,3240.15779115457,-0.895688783974276,3241.05347993855,3197.75294603694,3198.20233356588,2.24693764470216,71.7816020078931,71.5541727594909,71.5541752799933,0.590748101623207,0.59886299736427,0.296959543873282
"null",16000,2863,5,1,3200,3305.05459829771,-0.898407924849873,3305.95300622256,3197.73911043761,3198.18904252021,2.24966041300274,71.7809380336839,71.5539606463965,71.5541752799933,1.49504159181839,1.50605169481659,0.0913870231574011
"null",16000,2863,10,0,1600,1609.18769830621,-0.435934627861538,1609.62363293407,1597.85351907132,1598.06814686564,2.14627794314415,53.741500228273,53.6656247376414,53.665631459995,0.210901801898802,0.215323796656179,0.417137398048721
"null",16000,2863,10,1,1600,1636.30572111677,-0.436439480907532,1636.74216059768,1597.84318898751,1598.05822199483,2.15033007317624,53.7411338058491,53.6654278327548,53.665631459995,0.715700049578606,0.720835371394087,0.246984636649924
"null",16000,2863,25,0,640,644.414514572124,-0.202687243153771,644.617201815277,637.906094378976,637.989832224003,2.09344612568117,35.072810563384,35.0542186580095,35.0542436803306,0.185568823501782,0.189060542353875,0.421670201176174
"null",16000,2863,25,1,640,660.083648884273,-0.169789678041498,660.253438562315,637.900763675128,637.984607901288,2.09610565400259,35.0726239363934,35.0540758970628,35.0542436803306,0.632484334487647,0.635270794940358,0.264398870481249
"null",16000,2863,50,0,320,323.824768718897,-0.103366690783349,323.92813540968,317.923524997984,317.965036944062,2.07559730391754,25.0503972621451,25.0438928365629,25.0439613479976,0.235574855726158,0.238105892903035,0.398986718788824
"null",16000,2863,50,1,320,331.920161734351,-0.110852436722778,332.031014171074,317.919979965329,317.961535344361,2.07776895158368,25.0502755592632,25.0437866452464,25.0439613479976,0.558883343853887,0.561795188004607,0.284182912288519
"null",16000,2864,2,0,8000,8126.8331759538,24.0215367250371,8102.81163922877,7997.4657770454,7998.73286467601,2.53417526121742,90.4143989305691,89.4427186617283,89.4427190999916,1.43082739517789,1.16363608027591,0.154222938961596
"null",16000,2864,2,1,8000,8113.77063217209,23.1683602061519,8090.60227196594,7997.37370743004,7998.63778640644,2.52815795280315,90.4105664289807,89.4422759942609,89.4427190999916,1.28742611997106,1.0281992999082,0.179768737830674
"null",16000,2864,5,0,3200,3182.95703601381,9.59916870670249,3173.3578673071,3197.74689497272,3198.19749445763,2.25299742456597,71.7492975006926,71.5541729798619,71.5541752799933,-0.206132456680421,-0.347144353936127,0.571444221809817
"null",16000,2864,5,1,3200,3179.10122856963,9.21374845303537,3169.8874801166,3197.6902324058,3198.1396415654,2.2470457979736,71.7471123056599,71.552982937615,71.5541752799933,-0.259090620358045,-0.394842538897842,0.590346125273813
"null",16000,2864,10,0,1600,1601.2066140241,4.772819681331,1596.43379434277,1597.84912001451,1598.06418902271,2.15069008203219,53.7307149785457,53.6656252195119,53.665631459995,0.0624874247612201,-0.0303806146537352,0.472704198122785
"null",16000,2864,10,1,1600,1591.32176042194,4.61485574959139,1586.70690467235,1597.81580114665,1598.03065722773,2.14856081084965,53.729241624494,53.6645156978839,53.665631459995,-0.120866041067497,-0.211010057728602,0.542406210605647
"null",16000,2864,25,0,640,673.166034725612,1.90198095611741,671.264053769495,637.905340122549,637.989109125267,2.09422506795348,35.0701683298888,35.0542200554626,35.0542436803306,1.00543271624425,0.949242190856911,0.162186114989285
"null",16000,2864,25,1,640,681.09365113263,1.81520711564322,679.278444016986,637.887797769165,637.971668507527,2.0967684590385,35.0692744090063,35.0534191284983,35.0542436803306,1.23201446541387,1.17839504779941,0.115300373036044
"null",16000,2864,50,0,320,351.745895261656,0.934152032374176,350.811743229281,317.92423234834,317.96573068489,2.07491682749081,25.0494744295974,25.0438950047067,25.0439613479976,1.35019451239875,1.3115377036287,0.0934640232770874
"null",16000,2864,50,1,320,353.913696954867,0.910861845217341,353.00283510965,317.915259987135,317.956784349977,2.07621814210014,25.0488484114316,25.0433020296729,25.0439613479976,1.43712941914344,1.39941812458072,0.0807662347023253
"null",16000,2865,2,0,8000,8034.10623345068,9.67103424458182,8024.4351992061,7997.48507898113,7998.74251498455,2.51487200684051,90.4871379799181,89.4427186343439,89.4427190999916,0.4047111588133,0.287252943714566,0.385785247436653
"null",16000,2865,2,1,8000,7883.99462078137,10.1469048795494,7873.84771590182,7997.35908386376,7998.62105979712,2.52395186672166,90.4826622851333,89.4421902245748,89.4427190999916,-1.25288602500612,-1.39501664239232,0.816058474961225
"null",16000,2865,5,0,3200,3095.98654649566,3.85816466071538,3092.12838183495,3197.75491671083,3198.20391131482,2.24497301996678,71.7639681195247,71.5541729203772,71.5541752799933,-1.41809842574018,-1.48245064055051,0.899908379434236
"null",16000,2865,5,1,3200,3224.51831453508,3.96425379459407,3220.55406074049,3197.67709466059,3198.12691084338,2.24908091395366,71.7614212075617,71.5527720999604,71.5541752799933,0.374034117814606,0.313435094670781,0.367304570158148
"null",16000,2865,10,0,1600,1598.9080064808,1.92743120254235,1596.98057527826,1597.85232011432,1598.06706893904,2.14748824718643,53.735612469521,53.6656251513232,53.665631459995,0.019645935311176,-0.0202456164018313,0.488890605876812
"null",16000,2865,10,1,1600,1595.80209750829,1.98647643619347,1593.8156210721,1597.80206411222,1598.01769835129,2.15634239065198,53.7338994172876,53.6643291461294,53.665631459995,-0.0372198300443412,-0.0783029872179644,0.510810709039876
"null",16000,2865,25,0,640,640.41130107572,0.787737438622261,639.623563637098,637.899572941988,637.983572591088,2.0999912275029,35.0713687717251,35.0542199642214,35.0542436803306,0.0716176249088027,0.0467844113400125,0.465702509655211
"null",16000,2865,25,1,640,652.946817559009,0.800532006857262,652.146285552151,637.881332957394,637.96535317311,2.10050539290947,35.0703140450646,35.0532733156776,35.0542436803306,0.429579403887183,0.404553727446023,0.332204051561472
"null",16000,2865,50,0,320,338.405380080674,0.391746865342857,338.013633215331,317.919769066032,317.961356764858,2.0793849412879,25.0498948631663,25.0438953721626,25.0439613479976,0.817792295198974,0.800685203020063,0.206467357609279
"null",16000,2865,50,1,320,319.89635258548,0.391776180556284,319.504576404924,317.908335195551,317.94996909411,2.08169492793747,25.0491509256766,25.0431900283166,25.0439613479976,0.0793646617335464,0.0620770480540223,0.459587789945367
"null",16000,2866,2,0,8000,8071.69697958604,-13.223136758154,8084.92011634419,7997.47292156953,7998.73643589716,2.52702865525377,90.552580660111,89.4427186173878,89.4427190999916,0.81967910219048,0.96356284535255,0.278875414117617
"null",16000,2866,2,1,8000,7938.94088476424,-13.7898263933782,7952.73071115762,7997.1978617084,7998.46412325224,2.53252308767123,90.5449301020901,89.4414892965196,89.4427190999916,-0.643404074402329,-0.511322121918153,0.678261056546814
"null",16000,2866,5,0,3200,3295.46691794114,-5.31821907995553,3300.7851370211,3197.74840106631,3198.19869877048,2.2514885208614,71.7771730975543,71.5541728812819,71.5541752799933,1.36141495489135,1.43368910742387,0.112208430402994
"null",16000,2866,5,1,3200,3061.51195045349,-5.57534076784315,3067.08729122133,3197.57762383707,3198.02743373126,2.24904947095364,71.7719924376955,71.5508696674254,71.5541752799933,-1.89580459956856,-1.83002866517977,0.957571121447149
"null",16000,2866,10,0,1600,1664.91013545867,-2.62870609128818,1667.53884154996,1597.84959505651,1598.06461544426,2.15020387746962,53.7400212524224,53.6656248140005,53.665631459995,1.24786962936193,1.29457592912585,0.119163138308259
"null",16000,2866,10,1,1600,1528.52784004238,-2.63922645948462,1531.16706650187,1597.74859392513,1597.96394978497,2.15355859837035,53.7362804050532,53.6625634983343,53.665631459995,-1.28815677901369,-1.24475759129873,0.891642789134984
"null",16000,2866,25,0,640,710.951339123431,-1.0733815140115,712.024720637442,637.90857979067,637.992218716212,2.09097313856829,35.0724483710304,35.0542193122293,35.0542436803306,2.08262504402441,2.11194268118823,0.0234218401666173
"null",16000,2866,25,1,640,641.75850874756,-1.01761795926249,642.776126706822,637.860072319543,637.943988826573,2.09791267573396,35.0700549683211,35.0519982785877,35.0542436803306,0.111161400560622,0.137856274037349,0.450789278993489
"null",16000,2866,50,0,320,388.306882965511,-0.526507510907844,388.833390476419,317.927166702628,317.9686060522,2.07196747858448,25.0502712936043,25.0438937552123,25.0439613479976,2.80953908394805,2.82962326533072,0.00425191587726013
"null",16000,2866,50,1,320,301.874082347996,-0.496774867551678,302.370857215548,317.902863286644,317.944362672547,2.07496929511644,25.0485626343061,25.0422466009977,25.0439613479976,-0.639908212405586,-0.621889309898354,0.733693388768639
"null",16000,2867,2,0,8000,7953.15782614233,-12.872081364854,7966.02990750719,7997.47481160657,7998.73738068321,2.52513815327137,90.6358080040811,89.4427185627247,89.4427190999916,-0.488956698684026,-0.365680669165702,0.636809640981373
"null",16000,2867,2,1,8000,8033.2731038565,-12.2483644185729,8045.52146827507,7997.42884596423,7998.68915471387,2.52061749929688,90.633055826082,89.4424780572459,89.4427190999916,0.395487690065955,0.523602594409626,0.388299642266013
"null",16000,2867,5,0,3200,3138.05591037181,-5.13516606826691,3143.19107644007,3197.76226456377,3198.20978943104,2.2376243363922,71.7939789908587,71.5541728528471,71.5541752799933,-0.831634560880928,-0.768909915346473,0.772142511321093
"null",16000,2867,5,1,3200,3148.35850798193,-4.90445545709613,3153.26296343903,3197.72712747226,3198.17528197954,2.24077253638637,71.7926195116006,71.553561436385,71.5541752799933,-0.687655915415579,-0.627674117666984,0.730922988394658
"null",16000,2867,10,0,1600,1597.91148241952,-2.57001998002125,1600.48150239954,1597.84739184367,1598.06263276086,2.15240917194775,53.7456334384125,53.6656248550467,53.665631459995,0.00119247968163019,0.0450729800540228,0.495920047409357
"null",16000,2867,10,1,1600,1574.3307665492,-2.52917107870243,1576.8599376279,1597.83121877618,1598.04629121377,2.15072437588991,53.7448008829497,53.6650647292259,53.665631459995,-0.43726001103178,-0.394788559238018,0.65871415402301
"null",16000,2867,25,0,640,621.066940818451,-1.04843230811947,622.11537312657,637.906405182888,637.990130688891,2.09313765008755,35.0738238755318,35.0542187557015,35.0542436803306,-0.480114869259646,-0.452862968447666,0.677094179561817
"null",16000,2867,25,1,640,635.51436156223,-1.01634259727636,636.530704159506,637.895731364044,637.979577853373,2.09616223324567,35.0733456503616,35.0538100851719,35.0542436803306,-0.0678968532273167,-0.0413328448561422,0.520339046740985
"null",16000,2867,50,0,320,287.457969213131,-0.525848138594803,287.983817351725,317.925202562307,317.966680729132,2.07390834125503,25.0507511061932,25.0438919105285,25.0439613479976,-1.21622035283582,-1.19721261713328,0.889809197421317
"null",16000,2867,50,1,320,298.201059761996,-0.517252049351599,298.718311811348,317.919532777114,317.961046887467,2.07570551763205,25.0504266939978,25.0435924745703,25.0439613479976,-0.787151183330656,-0.768369597758732,0.780951899292542
"null",16000,2868,2,0,8000,8082.37401708033,-3.369513336936,8085.74353041726,7997.46143620467,7998.73069339291,2.53851437649295,90.5640801251188,89.4427186277001,89.4427190999916,0.937596680255027,0.972833097644715,0.251411831368864
"null",16000,2868,2,1,8000,8166.08193823978,-4.1300216280345,8170.21195986781,7997.17324619653,7998.4322642617,2.51803613034215,90.5554520360779,89.4413266233545,89.4427190999916,1.86525149226743,1.92058528301453,0.0925797155106444
"null",16000,2868,5,0,3200,3230.56946780619,-1.34086459760485,3231.91033240379,3197.74791045582,3198.19830603131,2.25197787744287,71.779494424729,71.5541728680232,71.5541752799933,0.457255343095053,0.471139907307211,0.339363713816293
"null",16000,2868,5,1,3200,3191.62205919695,-1.52403377148546,3193.14609296844,3197.55721536041,3198.00735950172,2.25072070657549,71.773767638473,71.5505140018355,71.5541752799933,-0.0826925541007226,-0.0679417415947836,0.528486085945606
"null",16000,2868,10,0,1600,1595.59919179222,-0.685065732775716,1596.284257525,1597.83921018383,1598.05526920065,2.16059016814665,53.7407967432582,53.6656248619884,53.665631459995,-0.041681897689581,-0.033000858188132,0.512243296757219
"null",16000,2868,10,1,1600,1586.9435508429,-0.803519040039635,1587.74706988294,1597.73715334982,1597.95258453826,2.15431188438872,53.736655144141,53.6622295281801,53.665631459995,-0.200861078494126,-0.190180593408985,0.573082607654436
"null",16000,2868,25,0,640,641.641989984061,-0.296380115269723,641.938370099331,637.902741076879,637.986613502413,2.09681063835467,35.0726389184805,35.0542192518729,35.0542436803306,0.106614415752221,0.112732694701417,0.452075851740628
"null",16000,2868,25,1,640,639.225355838125,-0.298630717557333,639.523986555683,637.853968864521,637.937946810396,2.09944864687885,35.0699853157474,35.0517547920917,35.0542436803306,0.0391042927807646,0.0452485119416645,0.478888682805565
"null",16000,2868,50,0,320,346.185693253546,-0.181586708571055,346.367279962117,317.923558568864,317.9650699456,2.07556883679548,25.0503374960205,25.0438932350935,25.0439613479976,1.12821372922309,1.13409723280236,0.132967430097361
"null",16000,2868,50,1,320,334.888513232521,-0.184331446864753,335.072844679385,317.897953716278,317.939506038179,2.07761609508213,25.0484488602701,25.0420718219832,25.0439613479976,0.678307850958075,0.684182154056665,0.246830930781066
"null",16000,2869,2,0,8000,8002.94246207372,9.00416572923005,7993.93829634449,7997.46597607944,7998.73296246579,2.53397277268244,90.5037900572104,89.4427185951562,89.4427190999916,0.0605111232448606,-0.0536059971856935,0.482316170162012
"null",16000,2869,2,1,8000,8041.65273547009,10.3203500790777,8031.33238539101,7996.60358818814,7997.87153065159,2.53588492690536,90.5043382800273,89.4390619416266,89.4427190999916,0.497756772084935,0.374119025994008,0.36324772490533
"null",16000,2869,5,0,3200,3239.02380892053,3.61267166408529,3235.41113725645,3197.74599493058,3198.1967734725,2.25389270958414,71.767326859218,71.5541728457025,71.5541752799933,0.575161648014585,0.520086562445425,0.301842717628387
"null",16000,2869,5,1,3200,3282.34799331434,4.08400959643407,3278.2639837179,3197.19206609184,3197.64338102704,2.25657467596298,71.7590392271537,71.5437472099432,71.5541752799933,1.18669268902742,1.12687140155365,0.145972348034564
"null",16000,2869,10,0,1600,1538.16076928452,1.80833478566498,1536.35243449885,1597.83988361333,1598.05587533048,2.15991717149321,53.7367338073409,53.6656248625535,53.665631459995,-1.11058321003978,-1.14977587589182,0.855463689263879
"null",16000,2869,10,1,1600,1601.24619906567,1.97811135103416,1599.26808771463,1597.52896293443,1597.74487598771,2.15913053286318,53.7279012114706,53.6558833770531,53.665631459995,0.0691863267953027,0.0283885313418105,0.472425900054002
"null",16000,2869,25,0,640,564.831131209731,0.696993577938312,564.134137631793,637.894138688234,637.978355129043,2.10541102023035,35.0716428268469,35.0542191461494,35.0542436803306,-2.08325021554377,-2.10657145690156,0.982720409559619
"null",16000,2869,25,1,640,614.968939182694,0.737147412536366,614.231791770158,637.763518905834,637.847641851621,2.1030736446802,35.0647992193501,35.0471230667005,35.0542436803306,-0.650070162402667,-0.673831345201101,0.736943419659453
"null",16000,2869,50,0,320,284.371951711444,0.351894936250769,284.020056775194,317.912662849469,317.954392354974,2.08647527520201,25.0499895985076,25.0438940679925,25.0439613479976,-1.33895110040379,-1.3549943745829,0.91259246038127
"null",16000,2869,50,1,320,294.683815736904,0.387475417693342,294.296340319211,317.846682225702,317.888377350099,2.08475621986727,25.0448494905343,25.0386621209361,25.0439613479976,-0.924855487654336,-0.94222434557163,0.821620300330381
"null",16000,2870,2,0,8000,7964.44276155473,9.07423423752733,7955.3685273172,7997.46437239613,7998.73216178652,2.53557878079289,90.7247470987436,89.4427186017996,89.4427190999916,-0.363975782764766,-0.484820174824735,0.602732181798664
"null",16000,2870,2,1,8000,8083.08097020848,8.92244732847448,8074.15852288,7997.32382722493,7998.58997374623,2.53229304259198,90.7273113256901,89.4420561034592,89.4427190999916,0.945218608713088,0.844888326877971,0.249646038602967
"null",16000,2870,5,0,3200,3258.62260566795,3.6193683573328,3255.00323731061,3197.74283901043,3198.19424838305,2.25704686308902,71.8119509963991,71.5541727981496,71.5541752799933,0.847766504221132,0.793929783631504,0.223147905938931
"null",16000,2870,5,1,3200,3269.77822946582,3.18346853419821,3266.59476093162,3197.65888297928,3198.10858360183,2.24850311276639,71.8113526236304,71.552409592647,71.5541752799933,1.0042889299764,0.957147043959649,0.184272869155775
"null",16000,2870,10,0,1600,1609.82465852868,1.79281856078663,1608.0318399679,1597.83648678781,1598.05281780771,2.16331019901561,53.7516356672001,53.6656247403168,53.665631459995,0.223028966320155,0.185948122442863,0.41276617003782
"null",16000,2870,10,1,1600,1579.12551736745,1.65834250408956,1577.46717486336,1597.78909444473,1598.00499237424,2.1589792951388,53.7504660923235,53.6640032631774,53.665631459995,-0.347226330004616,-0.382711245192752,0.626798044027731
"null",16000,2870,25,0,640,643.518122422558,0.729876960892055,642.788245461666,637.895683670721,637.979838111298,2.10386101444514,35.0752957256763,35.0542188661451,35.0542436803306,0.160296260815879,0.137170574780976,0.431449234706405
"null",16000,2870,25,1,640,585.047280992572,0.708556310124029,584.338724682448,637.874009420075,637.95814869173,2.10348179137626,35.0742381592164,35.0530404795762,35.0542436803306,-1.50614043811018,-1.52966542347514,0.934058049929022
"null",16000,2870,50,0,320,313.673352303445,0.349937078956507,313.323415224489,317.91291037928,317.954634376769,2.08619987445985,25.0512660883943,25.0438918724962,25.0439613479976,-0.169235281796733,-0.184924099491348,0.557991125149866
"null",16000,2870,50,1,320,283.324479045149,0.353864817578296,282.97061422757,317.902623137184,317.944327190363,2.0852026589388,25.0504369493276,25.0430193205368,25.0439613479976,-1.38034095620691,-1.39654538117584,0.919498303918725
"null",16000,2871,2,0,8000,8077.64639092492,-3.48559863367322,8081.13198955859,7997.47055832483,7998.73525375637,2.52939086309096,90.5345741900357,89.4427186147749,89.4427190999916,0.885582478488247,0.921223516886777,0.263390589601404
"null",16000,2871,2,1,8000,8054.96141647395,-3.74450722206899,8058.70592369602,7997.45868420435,7998.72363538807,2.52990236744773,90.5354941679573,89.4426654070131,89.4427190999916,0.635140204381303,0.670622773091466,0.324706035438251
"null",16000,2871,5,0,3200,3264.2967902924,-1.3857329073517,3265.68252319975,3197.74820972355,3198.19854527053,2.25167773488985,71.77353905181,71.5541728542725,71.5541752799933,0.927202161799639,0.943117294733613,0.202808728651485
"null",16000,2871,5,1,3200,3235.5301677662,-1.35582674847541,3236.88599451467,3197.74300690771,3198.19293414541,2.24963618849801,71.773715999462,71.5540348477934,71.5541752799933,0.526476305877269,0.540753019051453,0.317116111118035
"null",16000,2871,10,0,1600,1643.33583501755,-0.706429375342067,1644.04226439289,1597.84279337157,1598.05849418355,2.15700811982224,53.7388079735533,53.6656249039568,53.665631459995,0.846558443729622,0.856857071759277,0.210052858432731
"null",16000,2871,10,1,1600,1543.76717568418,-0.680280862607307,1544.44745654679,1597.83923650885,1598.05488668669,2.1565017784564,53.7388000510481,53.6654975921369,53.665631459995,-1.00620149265155,-0.998917974213671,0.831108649538301
"null",16000,2871,25,0,640,626.312262440632,-0.260310908107345,626.57257334874,637.896846727921,637.980954588974,2.10269652631163,35.0721509865802,35.0542188090017,35.0542436803306,-0.330307208466387,-0.325449592883369,0.621917345139906
"null",16000,2871,25,1,640,645.061795225726,-0.252563159547958,645.314358385274,637.898195786491,637.982181284123,2.09963744080924,35.0720905286136,35.0541274718432,35.0542436803306,0.204253562626689,0.209167297261647,0.414643957896726
"null",16000,2871,50,0,320,300.898060155171,-0.130298705327655,301.028358860499,317.919016772829,317.960618825668,2.08010264198811,25.0501661411712,25.0438926288599,25.0439613479976,-0.679474799557618,-0.676103360451926,0.746696269174643
"null",16000,2871,50,1,320,303.58883095489,-0.12561810423281,303.714449059123,317.916892624865,317.958519429524,2.08134023293114,25.0501088925335,25.0438240819045,25.0439613479976,-0.571976023395484,-0.568765789274694,0.710131056620005
"null",16000,2872,2,0,8000,8079.25819890566,9.92950760707448,8069.32869129859,7997.46729974532,7998.73362272708,2.53264596350975,91.0258999529916,89.4427185436748,89.4427190999916,0.8985453503078,0.789276865919967,0.259273605069744
"null",16000,2872,2,1,8000,8025.43410543396,7.91029253900138,8017.52381289496,7997.0095637418,7998.27856751472,2.53800754585336,91.0290163725858,89.4404970509012,89.4427190999916,0.312258034029773,0.215173730187191,0.412182283264464
"null",16000,2872,5,0,3200,3343.06376106417,3.95036632633301,3339.11339473783,3197.74671663734,3198.19734989248,2.25316627569241,71.8728994691752,71.5541727109252,71.5541752799933,2.02186144569205,1.96936166692398,0.0362913014245372
"null",16000,2872,5,1,3200,3223.3262599617,3.76490744891423,3219.56135251279,3197.44926815607,3197.9015781161,2.26154980013648,71.8694304688743,71.5486254585631,71.5541752799933,0.360055612474002,0.302728029474597,0.372902517030617
"null",16000,2872,10,0,1600,1657.91733122327,1.99835487931387,1655.91897634396,1597.8421104728,1598.0578785416,2.15768068802401,53.7719967806236,53.6656244998736,53.665631459995,1.11722131122564,1.07817803932365,0.144878774631172
"null",16000,2872,10,1,1600,1602.76821496506,1.81165345613683,1600.95656150892,1597.676304907,1597.89217981533,2.15874908329822,53.7676648041484,53.6604457284553,53.665631459995,0.0947020867766904,0.0571068997283936,0.461740499634487
"null",16000,2872,25,0,640,661.36641258573,0.817515758072077,660.548896827658,637.896218751522,637.980351102588,2.10330877665448,35.0802878853601,35.0542178724307,35.0542436803306,0.669042224251626,0.643818264814861,0.253049945178279
"null",16000,2872,25,1,640,609.943244446077,0.699237894484006,609.244006551593,637.828992981617,637.912991795391,2.09997034434777,35.0767436899825,35.0504439102789,35.0542436803306,-0.794992510764442,-0.817935011527495,0.781869551051071
"null",16000,2872,50,0,320,316.183917080663,0.372353934291233,315.811563146371,317.916022397067,317.957683611882,2.08306074071506,25.0530115936329,25.0438896797057,25.0439613479976,-0.0691376088631502,-0.0856943746741222,0.518224632234432
"null",16000,2872,50,1,320,327.119964061324,0.312454425489353,326.807509635835,317.882194256536,317.923809963153,2.08078533086178,25.0503014568253,25.0410966640553,25.0439613479976,0.368768807860855,0.354764800913606,0.350264603485958
"null",16000,2873,2,0,8000,7886.99856666556,4.85431545398594,7882.14425121158,7997.4693481035,7998.73464794755,2.53059968809782,90.5740154597038,89.4427185682621,89.4427190999916,-1.21967410716249,-1.30352027087581,0.809612499971342
"null",16000,2873,2,1,8000,7907.20684276074,4.66611885673286,7902.540723904,7997.39510954529,7998.65662843925,2.52303778790048,90.5762523007875,89.4423346038544,89.4427190999916,-0.995716476379034,-1.07461310084252,0.762797753391281
"null",16000,2873,5,0,3200,3150.68042330231,1.92395775083903,3148.75646555147,3197.74730624427,3198.1978214866,2.25257621166451,71.7815002099545,71.554172715117,71.5541752799933,-0.655696562544534,-0.690963979584707,0.721155302349799
"null",16000,2873,5,1,3200,3072.64688926374,1.63389149471715,3071.01299776903,3197.70053196233,3198.15008607658,2.24777057124982,71.7814017955534,71.5531891486873,71.5541752799933,-1.74214545231031,-1.7768193119018,0.942946671770291
"null",16000,2873,10,0,1600,1518.34171623162,0.949193699055613,1517.39252253257,1597.84026378955,1598.05621679234,2.15953002796823,53.7414657424621,53.6656246218944,53.665631459995,-1.47927762035543,-1.50307938886573,0.922389530556956
"null",16000,2873,10,1,1600,1511.01641121928,0.780919284824385,1510.23549193445,1597.81856373284,1598.03378468779,2.15220954952354,53.7408980300577,53.6647149378134,53.665631459995,-1.61519728354759,-1.63605253200496,0.940100826033121
"null",16000,2873,25,0,640,599.338847657224,0.390401020548787,598.948446636675,637.90289983832,637.986765647623,2.09664523256848,35.0728025240773,35.0542188572734,35.0542436803306,-1.09954293371971,-1.11365536827096,0.861307501896786
"null",16000,2873,25,1,640,639.814723438676,0.327567061527498,639.487156377148,637.890079371296,637.97396212464,2.09706883360566,35.0722310079799,35.0535564680546,35.0542436803306,0.0548765793354245,0.0431680663811398,0.472329848811518
"null",16000,2873,50,0,320,346.890664884094,0.214851163981599,346.675813720113,317.920586630133,317.962157231095,2.07853004811582,25.0503938858834,25.0438923676767,25.0439613479976,1.15647196550819,1.14653329711949,0.127378464747348
"null",16000,2873,50,1,320,342.550648417257,0.189914064085727,342.360734353172,317.916714627665,317.958236267081,2.07608197081626,25.0499378072406,25.0434036935249,25.0439613479976,0.983393011956775,0.974408206836498,0.164584714332236
"null",16000,2874,2,0,8000,8156.45569854922,12.0623665622386,8144.39333198698,7997.46342401915,7998.73168724954,2.53652646077158,90.5214575383467,89.4427185925845,89.4427190999916,1.75640426981326,1.6285467059755,0.105660388059696
"null",16000,2874,2,1,8000,8036.82773502664,12.2976135286361,8024.530121498,7997.08868793824,7998.35086439893,2.52435292137993,90.5238157497228,89.4409824001382,89.4427190999916,0.438989969206198,0.292698675669192,0.377606823435702
"null",16000,2874,5,0,3200,3227.80776198675,4.79217279239471,3223.01558919435,3197.7482157579,3198.19855005194,2.25167147019958,71.7708929234777,71.55417282862,71.5541752799933,0.418826421191277,0.346828677648847,0.352013019355429
"null",16000,2874,5,1,3200,3209.316711287,4.79912112725741,3204.51759015974,3197.5109248686,3197.95947428646,2.24274708930534,71.7678490810386,71.5494967839455,71.5541752799933,0.164499655062329,0.0916584485993068,0.440512426425923
"null",16000,2874,10,0,1600,1610.54961261035,2.41548414936017,1608.13412846099,1597.84458573282,1598.06010737082,2.15521637997425,53.7379244535778,53.6656249176923,53.665631459995,0.236425708784108,0.187718322587638,0.407805627318259
"null",16000,2874,10,1,1600,1590.84653229273,2.39377874385291,1588.45275354888,1597.7101699684,1597.92534171672,2.15171748321587,53.7342593138414,53.6613076600064,53.665631459995,-0.127732991266897,-0.176525481411301,0.545748828982004
"null",16000,2874,25,0,640,614.675189972323,0.944820164282257,613.73036980804,637.900248178544,637.984220208492,2.09930074870037,35.0719344720157,35.0542191033795,35.0542436803306,-0.662212066595653,-0.691895327319184,0.739686379978892
"null",16000,2874,25,1,640,630.450439048348,1.0000809267129,629.450358121635,637.844219779488,637.928084127406,2.09660869795664,35.0689755352702,35.0510833166604,35.0542436803306,-0.210835378515804,-0.241867731424488,0.576717711992403
"null",16000,2874,50,0,320,325.58532008698,0.492302075138171,325.093018011842,317.918329497187,317.95994533228,2.080791754663,25.0500905168674,25.0438927474314,25.0439613479976,0.306066382659594,0.284822840901727,0.372664081813098
"null",16000,2874,50,1,320,280.418097534308,0.534608548098811,279.883488986209,317.892490766433,317.934022167269,2.07657004184725,25.047830722846,25.0415690287595,25.0439613479976,-1.49611332201891,-1.51949477037003,0.936573289056594
"null",16000,2875,2,0,8000,8045.36374299152,20.020216921868,8025.34352606966,7997.46178359187,7998.73086732796,2.5381674721793,90.6825052632458,89.4427186253559,89.4427190999916,0.528238156418383,0.297538571621133,0.352335784511453
"null",16000,2875,2,1,8000,7932.9186138899,19.1737808040656,7913.74483308583,7997.18448518131,7998.45149303699,2.53401571136322,90.6741825391681,89.441397508499,89.4427190999916,-0.708756004099044,-0.947063242645626,0.695221365401314
"null",16000,2875,5,0,3200,3170.5015317864,7.9929512245744,3162.50858056183,3197.7449442453,3198.19593271994,2.25494237319407,71.8034131408442,71.5541728155675,71.5541752799933,-0.379416677664965,-0.498745925693277,0.63174808050973
"null",16000,2875,5,1,3200,3212.60100557793,7.41797601795196,3205.18302955998,3197.57369476433,3198.02241562687,2.24360431269552,71.797844104232,71.5506781765076,71.5541752799933,0.20930030700904,0.100077513108228,0.424409538172136
"null",16000,2875,10,0,1600,1572.83456174001,3.96721145513216,1568.86735028488,1597.84630884167,1598.06165761935,2.15348777676489,53.748784034297,53.6656247277827,53.665631459995,-0.465345357128426,-0.5440038662096,0.66847085300941
"null",16000,2875,10,1,1600,1529.1569114048,3.61799296147153,1525.53891844333,1597.74381595672,1597.95919409204,2.15378135319056,53.744827309884,53.662416146764,53.665631459995,-1.27615824601051,-1.34955301771437,0.889495813179469
"null",16000,2875,25,0,640,624.008092010494,1.58085426983368,622.42723774066,637.906226906617,637.989959429718,2.0933130775257,35.0745965059042,35.0542186119947,35.0542436803306,-0.396245040018738,-0.44396144901466,0.646504392298966
"null",16000,2875,25,1,640,635.440310195463,1.48022628224291,633.96008391322,637.857881590068,637.941808659323,2.09817673138735,35.0720801787876,35.0518939773443,35.0542436803306,-0.0689315085469897,-0.11359513835905,0.521167063336728
"null",16000,2875,50,0,320,326.235157083264,0.790061486299737,325.445095596965,317.923537246839,317.965048843711,2.07557984359814,25.0510219979641,25.043892398735,25.0439613479976,0.331787654695316,0.298677483282568,0.363112793735846
"null",16000,2875,50,1,320,303.481705831509,0.762461210294746,302.719244621215,317.897984521614,317.939560255885,2.07878671355045,25.0492251960347,25.0421640391436,25.0439613479976,-0.575517948251197,-0.607787554257646,0.711628615224116
"null",16000,2876,2,0,8000,8046.84692613643,-8.81525852754694,8055.66218466398,7997.47004473819,7998.73499732765,2.52990517891652,90.4539837116149,89.4427185924729,89.4427190999916,0.545878460761483,0.636465306870941,0.348008707077248
"null",16000,2876,2,1,8000,8014.86517533507,-9.59058267711122,8024.45575801218,7997.31634887899,7998.58099286549,2.52928797299864,90.4562467590154,89.4420260383067,89.4427190999916,0.194003477756811,0.289290910467608,0.444913071965767
"null",16000,2876,5,0,3200,3379.89910057911,-3.54531896595991,3383.44441954507,3197.74592578424,3198.19671836994,2.25396292850903,71.7572795245346,71.5541728884887,71.5541752799933,2.53846266193239,2.58891541467229,0.0125130181047245
"null",16000,2876,5,1,3200,3271.5347527448,-3.58564164408546,3275.12039438889,3197.6511525168,3198.10122071156,2.25034097377857,71.7564858536903,71.5523029674168,71.5541752799933,1.02964351373955,1.07640384003291,0.178567610915379
"null",16000,2876,10,0,1600,1719.99894943632,-1.76698861120275,1721.76593804752,1597.83875612204,1598.05486087274,2.16104750707505,53.7333798944657,53.6656249840522,53.665631459995,2.27345075917813,2.30522009594668,0.0171243513692117
"null",16000,2876,10,1,1600,1658.0120139941,-1.73092185798202,1659.74293585209,1597.78958637804,1598.00506507527,2.15478697223087,53.7320651595853,53.6638900787423,53.665631459995,1.12079123400893,1.15045462947672,0.144506836961228
"null",16000,2876,25,0,640,718.782378118446,-0.709664181556161,719.492042300002,637.895264972565,637.979436499138,2.1042881643048,35.0708206734355,35.054219354535,35.0542436803306,2.30639350869679,2.32532936981007,0.0142265103370812
"null",16000,2876,25,1,640,623.977774524597,-0.686219718257869,624.663994242855,637.876636306102,637.960607498269,2.09927980418701,35.0696707864603,35.0529571084233,35.0542436803306,-0.396321421610576,-0.379329287805484,0.646824517591912
"null",16000,2876,50,0,320,340.313085270377,-0.377125743249911,340.690211013627,317.915029917775,317.956712181905,2.08411320650771,25.0497022514202,25.0438944778979,25.0439613479976,0.894144574166834,0.907746151533458,0.186418154005436
"null",16000,2876,50,1,320,314.289922746938,-0.348305787286386,314.638228534224,317.90390933315,317.945574032931,2.08323498903257,25.0488150342976,25.0429669245544,25.0439613479976,-0.144277746522702,-0.132066839710748,0.548243731038171
"null",16000,2877,2,0,8000,7835.92221619932,-25.8943595554301,7861.81657575475,7997.4633629466,7998.73165752726,2.53658916130621,90.3625920961502,89.4427186286958,89.4427190999916,-1.78769934549238,-1.53075715800726,0.900599960247806
"null",16000,2877,2,1,8000,7974.30058329025,-25.9758458342318,8000.27642912448,7997.46639063493,7998.73059401781,2.52840676575679,90.3619049983496,89.4426961595171,89.4427190999916,-0.256366965095605,0.0172829663353736,0.572325060573194
"null",16000,2877,5,0,3200,3070.61789672791,-10.3606127251471,3080.97850945306,3197.75177296646,3198.20139647914,2.24811756338434,71.7388549679947,71.5541729203796,71.5541752799933,-1.77217598880373,-1.63823970345546,0.945869979104121
"null",16000,2877,5,1,3200,3238.17894369394,-10.3792364039543,3248.55818009789,3197.75233124454,3198.20118142953,2.24425092491051,71.7385807924716,71.5541102104676,71.5541752799933,0.563526794129663,0.70376109101555,0.305504925770135
"null",16000,2877,10,0,1600,1505.10124032283,-5.16128957098162,1510.26252989381,1597.84686058616,1598.06215502383,2.15294437672252,53.7272286496037,53.6656250277337,53.665631459995,-1.72623123497012,-1.63604961434148,0.951981619481595
"null",16000,2877,10,1,1600,1615.88110747109,-5.15426752450949,1621.0353749956,1597.84555281412,1598.06079257332,2.15239759192459,53.7270924389694,53.6655670412505,53.665631459995,0.335688268957694,0.428106580978171,0.371870309604402
"null",16000,2877,25,0,640,595.511147864845,-2.04415288033914,597.555300745184,637.904374359085,637.98818173711,2.09518445062681,35.0693132496406,35.0542196690721,35.0542436803306,-1.20884107973441,-1.15343834133609,0.884574553253259
"null",16000,2877,25,1,640,647.636180520599,-2.06676219934455,649.702942719944,637.905156627299,637.988900695624,2.0936017081301,35.0692499420307,35.054176940525,35.0542436803306,0.277480240078849,0.33416964957397,0.387034686214215
"null",16000,2877,50,0,320,289.238761784418,-1.03590659171071,290.274668376128,317.924697081698,317.966186199845,2.07445590734138,25.0491754864107,25.0438952637023,25.0439613479976,-1.1451848110866,-1.1057192793747,0.874955321250977
"null",16000,2877,50,1,320,307.117129270005,-1.03902151704213,308.156150787047,317.924158500553,317.965650153222,2.07458263345256,25.0491362717268,25.0438634323263,25.0439613479976,-0.431433208447422,-0.391692735135775,0.65911248606924
"null",16000,2878,2,0,8000,8059.53986668191,0.301725275427236,8059.23814140648,7997.47777451671,7998.73886308988,2.52217714635455,90.4131331826962,89.442718640213,89.4427190999916,0.686427844943633,0.676402498004965,0.311854137365556
"null",16000,2878,2,1,8000,7815.04348775625,1.37075727749672,7813.67273047875,7997.2006735378,7998.46672262847,2.53209818132716,90.4059485865854,89.4415447812047,89.4427190999916,-2.01488053197177,-2.06608676763982,0.926815581781969
"null",16000,2878,5,0,3200,3314.78226309824,0.0829612122508897,3314.69930188599,3197.76124880676,3198.20897729461,2.23864243924934,71.7490414773208,71.5541729490079,71.5541752799933,1.63097669156275,1.62800183120548,0.0733703924659108
"null",16000,2878,5,1,3200,3102.02298800745,0.450571768582979,3101.57241623886,3197.57847701646,3198.02853071458,2.25026849058842,71.7440602261286,71.5509232261096,71.5541752799933,-1.33189407886634,-1.34807644858611,0.885695702386534
"null",16000,2878,10,0,1600,1640.0899878019,0.0340244392947624,1640.0559633626,1597.85418807742,1598.06874993654,2.14561859121919,53.7306293360586,53.6656250828256,53.665631459995,0.786065606272979,0.782385621359283,0.226673278539654
"null",16000,2878,10,1,1600,1554.42247964095,0.22511780318575,1554.19736183777,1597.74936629885,1597.96474700342,2.15380704565618,53.7269878182192,53.6626021698961,53.665631459995,-0.806426870690965,-0.815603108978606,0.778200981283922
"null",16000,2878,25,0,640,635.745357269128,0.0391951703776869,635.70616209875,637.90550947891,637.989271888441,2.09406023825915,35.0701474792873,35.0542202883345,35.0542436803306,-0.0615951846526536,-0.0651308108099712,0.517755998884303
"null",16000,2878,25,1,640,648.626932650985,0.0690676704868534,648.557864980498,637.861791328119,637.945652952735,2.09654061539,35.0677885021185,35.0520186778192,35.0542436803306,0.30698090135384,0.302756087325691,0.37657072411444
"null",16000,2878,50,0,320,306.595968706351,0.0161018685501393,306.5798668378,317.923557826976,317.96506972616,2.07559495918094,25.0494672919922,25.0438952695152,25.0439613479976,-0.452208783068476,-0.454609906559456,0.666839213862764
"null",16000,2878,50,1,320,324.987145909464,0.00672867963251372,324.980417229831,317.901054620036,317.942594408946,2.07698944552553,25.0477799188781,25.0422636857276,25.0439613479976,0.282902968342007,0.281037805096512,0.381537292407356
"null",16000,2879,2,0,8000,8112.69539683535,28.894884938699,8083.80051189665,7997.46926709189,7998.73460887803,2.53068357228093,90.5129044642488,89.4427186367733,89.4427190999916,1.27303538015365,0.951065713510662,0.181985096873619
"null",16000,2879,2,1,8000,7953.56993095184,28.7079962755361,7924.8619346763,7997.1783022243,7998.44514340134,2.53368235409657,90.5148598588081,89.4414540374657,89.4427190999916,-0.481781348835763,-0.822696919643302,0.635581677286894
"null",16000,2879,5,0,3200,3301.7899729051,11.559794553976,3290.23017835112,3197.745205674,3198.19614255733,2.25468441667514,71.7691675802314,71.5541729085623,71.5541752799933,1.449714003089,1.28621479436846,0.0981241605828822
"null",16000,2879,5,1,3200,3158.71736426957,11.9765848829719,3146.7407793866,3197.56407915202,3198.01421732374,2.2506908585966,71.7669492516022,71.5506666855318,71.5541752799933,-0.5412897620361,-0.71660321716493,0.686114843678381
"null",16000,2879,10,0,1600,1664.04640247221,5.80911883070608,1658.2372836415,1597.8426756152,1598.05838842067,2.15712805475813,53.7373485650499,53.6656249820701,53.665631459995,1.23198722350192,1.12136763973093,0.122148870984519
"null",16000,2879,10,1,1600,1588.88241154097,6.03025566546719,1582.8521558755,1597.7368124586,1597.95272511114,2.15912652546531,53.7346128898765,53.6623790162516,53.665631459995,-0.164780212258634,-0.281399548668351,0.559534000667688
"null",16000,2879,25,0,640,642.022760878073,2.31945148511847,639.703309392954,637.896009800853,637.980151587468,2.10354466535868,35.0717938360539,35.0542194241084,35.0542436803306,0.117665811349996,0.049156929858811,0.447873981378903
"null",16000,2879,25,1,640,650.415477471319,2.34794020053682,648.067537270782,637.849835515702,637.934054528294,2.10547531480646,35.0695702340115,35.051858096241,35.0542436803306,0.358306128982171,0.28909973088059,0.357939547698943
"null",16000,2879,50,0,320,330.3308149209,1.15924959002082,329.171565330879,317.916237556886,317.957895777633,2.0829110373261,25.0500435151243,25.04389492859,25.0439613479976,0.495591049832632,0.44776060533798,0.305333121534359
"null",16000,2879,50,1,320,335.350941531918,1.17634060187459,334.174600930044,317.893615721911,317.935273461915,2.08288700017142,25.0483434424513,25.0421448903683,25.0439613479976,0.696945322955799,0.648479894163337,0.241276896754408
"null",16000,2880,2,0,8000,8050.03113643731,-17.2526688097635,8067.28380524707,7997.46938318223,7998.7346651223,2.53056388015086,90.6901000798409,89.4427185754153,89.4427190999916,0.57957542453701,0.766402690085576,0.338787970884778
"null",16000,2880,2,1,8000,7928.83028396678,-17.0016305141034,7945.83191448088,7997.32157506327,7998.5880475628,2.5329449990486,90.6930386519158,89.4420381804078,89.4427190999916,-0.75519898896943,-0.589835989375618,0.706508295478782
"null",16000,2880,5,0,3200,3300.39944781319,-6.91419828805842,3307.31364610125,3197.74808600861,3198.19844482986,2.25179410627783,71.8049479045986,71.5541726691172,71.5541752799933,1.42958618869781,1.5249313520255,0.101103124416807
"null",16000,2880,5,1,3200,3307.55203403677,-6.48522126511744,3314.03725530188,3197.65592570841,3198.10603545796,2.25054874775535,71.8044697148026,71.5523849622021,71.5541752799933,1.53049119037927,1.62022859063564,0.086472052407219
"null",16000,2880,10,0,1600,1550.05341658889,-3.45731500634586,1553.51073159523,1597.84387625817,1598.05946774402,2.15591485846432,53.7492962209522,53.6656245213578,53.665631459995,-0.889136473021447,-0.830116793498851,0.800923762016694
"null",16000,2880,10,1,1600,1579.33286788061,-3.38536247959693,1582.7182303602,1597.78939508829,1598.00518936286,2.15794274565359,53.7481566111008,53.6639777462826,53.665631459995,-0.343389027110824,-0.284864440629605,0.625397588449933
"null",16000,2880,25,0,640,582.421797761834,-1.37499245725365,583.796790219088,637.901735742697,637.985647349231,2.09779016335881,35.0747213170116,35.0542178019996,35.0542436803306,-1.58176418507861,-1.54585840243886,0.943484054490368
"null",16000,2880,25,1,640,589.564654362128,-1.37309009227584,590.937744454404,637.878260473978,637.962212125239,2.09879128152024,35.0736549411583,35.053016424137,35.0542436803306,-1.3774899192258,-1.34152413880291,0.91513339350996
"null",16000,2880,50,0,320,290.830743408371,-0.653198892002933,291.483942300374,317.919057813952,317.960658421712,2.08003038798783,25.0510634114566,25.0438901201567,25.0439613479976,-1.08132393266758,-1.05721259733639,0.860597279080062
"null",16000,2880,50,1,320,279.111964510894,-0.649967851379182,279.761932362273,317.907269441772,317.948876865212,2.08037117199499,25.0502266843392,25.0430047501514,25.0439613479976,-1.54870075308067,-1.52485474023269,0.943295363613913
"null",16000,2881,2,0,8000,7918.51414248663,-11.9874588028868,7930.50160128952,7997.47018108729,7998.73506456696,2.52976695932301,90.638216711109,89.4427186039593,89.4427190999916,-0.871112004027192,-0.762873315373698,0.734108979024647
"null",16000,2881,2,1,8000,8014.8495923214,-12.0888683920681,8026.93846071347,7997.10727635581,7998.37083694373,2.52712117583764,90.6283489516227,89.4409981369381,89.4427190999916,0.195770045144081,0.319401889120292,0.444961688067053
"null",16000,2881,5,0,3200,3307.38018870103,-4.7800711096148,3312.16025981065,3197.75600829718,3198.20478349904,2.24387600931055,71.7944646327416,71.5541727565182,71.5541752799933,1.52691688648465,1.59257625267186,0.086803704631111
"null",16000,2881,5,1,3200,3283.4472044065,-4.56166554318444,3288.00886994968,3197.51978062287,3197.96926591489,2.24742646009764,71.787697818585,71.5497232323673,71.5541752799933,1.1969658645521,1.25842001851463,0.142902048117258
"null",16000,2881,10,0,1600,1675.27113563324,-2.38983406021058,1677.66096969345,1597.84999779329,1598.06497753018,2.14979736890198,53.745795527696,53.6656246778788,53.665631459995,1.44050594246129,1.48318393088762,0.0873676522121292
"null",16000,2881,10,1,1600,1640.40427618223,-2.27452396574879,1642.67880014798,1597.71491482634,1597.93030867169,2.1539384534814,53.7408422955983,53.6615133001762,53.665631459995,0.794356015506372,0.833902898451084,0.22503122999092
"null",16000,2881,25,0,640,678.60018579235,-0.952325529171692,679.552511321522,637.909327995676,637.99293642262,2.090210673621,35.0738633862754,35.0542185380372,35.0542436803306,1.16014758193411,1.18557984266018,0.12883779208466
"null",16000,2881,25,1,640,679.502744666171,-0.909487898335154,680.412232564506,637.845450548492,637.929388183789,2.09844088243401,35.0706744983673,35.0512435551387,35.0542436803306,1.18780989283848,1.21202103183264,0.12381183417905
"null",16000,2881,50,0,320,363.360065489402,-0.47551307737618,363.835578566778,317.925725077944,317.967192937407,2.07339297312437,25.0507655546177,25.043892490034,25.0439613479976,1.81369069589502,1.8315198265455,0.0404280616611043
"null",16000,2881,50,1,320,338.8475029638,-0.463191414426764,339.310694378227,317.892861787381,317.934417744288,2.07779784538286,25.0484880401518,25.0416913083389,25.0439613479976,0.836563114820735,0.853627511446086,0.201703781684905
"null",16000,2882,2,0,8000,7834.40807432253,-19.961223102329,7854.36929742486,7997.47324253159,7998.73659633347,2.52670760375372,90.5573293169702,89.4427186460883,89.4427190999916,-1.8006843779402,-1.61407547862942,0.90270417068848
"null",16000,2882,2,1,8000,7902.33180178806,-20.3496492792122,7922.68145106727,7997.34624627081,7998.61307418486,2.53365582809857,90.5526605125482,89.442174564701,89.4427190999916,-1.04927280926865,-0.848946523126651,0.774629077800591
"null",16000,2882,5,0,3200,3151.79099678685,-7.9710541753565,3159.76205096221,3197.75412729069,3198.20327934108,2.24576025190534,71.778132441175,71.5541728700677,71.5541752799933,-0.640350047300435,-0.537232516804739,0.716424906098943
"null",16000,2882,5,1,3200,3076.12956987801,-8.03973006968166,3084.16929994769,3197.66962575457,3198.12029157423,2.25332909829223,71.7754115770409,71.5527060220018,71.5541752799933,-1.69333833420244,-1.59254622168306,0.937644071028365
"null",16000,2882,10,0,1600,1544.83252860255,-3.98906699516609,1548.82159559772,1597.84828207857,1598.06343392088,2.1515184230448,53.7403418349668,53.6656248938478,53.665631459995,-0.986516863603709,-0.917567594164103,0.826205592870937
"null",16000,2882,10,1,1600,1514.25693283749,-4.01166920986391,1518.26860204735,1597.79670369297,1598.012687233,2.15983540032868,53.7385255129027,53.6642686263658,53.665631459995,-1.55456016066944,-1.4859810303362,0.93269403886916
"null",16000,2882,25,0,640,620.692773607683,-1.59389675031131,622.286670357994,637.903818149585,637.987647532447,2.09573457155048,35.0725271535465,35.0542193377306,35.0542436803306,-0.490727242623625,-0.447905486731323,0.680913258734041
"null",16000,2882,25,1,640,665.902817880819,-1.62297139676639,667.525789277585,637.882138881113,637.966094110243,2.09888072825003,35.0714185135974,35.0532291153795,35.0542436803306,0.798960526470917,0.843280231617031,0.215166836431604
"null",16000,2882,50,0,320,316.645230142533,-0.807833922127931,317.453064064661,317.920234097254,317.961812068479,2.07889856126152,25.0502990189695,25.0438936862039,25.0439613479976,-0.0508977539052477,-0.0203142534540421,0.510908978460401
"null",16000,2882,50,1,320,333.642889541271,-0.824113692957469,334.467003234229,317.907916247803,317.949551418341,2.08175852687477,25.0495255294987,25.0431623845825,25.0439613479976,0.628154544282215,0.65955934646883,0.262152098475272
"null",16000,2883,2,0,8000,7921.60275539918,7.54268393482748,7914.06007146435,7997.47362277233,7998.73678648288,2.52632742108356,90.344148155951,89.4427186207613,89.4427190999916,-0.839798359072352,-0.946714459536474,0.725982584372423
"null",16000,2883,2,1,8000,7821.77376665163,7.72026935625154,7814.05349729538,7997.33412740181,7998.59563994667,2.52302508973044,90.3393081631839,89.4420942316883,89.4427190999916,-1.94334409151171,-2.06325829282644,0.919011201920052
"null",16000,2883,5,0,3200,3252.81327171767,3.05360225589144,3249.75966946178,3197.75336048319,3198.20266543708,2.24652476944531,71.7351382803945,71.5541728028497,71.5541752799933,0.767544505445428,0.720531060665844,0.245151414929466
"null",16000,2883,5,1,3200,3191.2294197319,3.29816901032676,3187.93125072157,3197.66384632397,3198.11299520133,2.2457443867735,71.7321859383038,71.5524589688729,71.5541752799933,-0.0897006902537579,-0.142297618090069,0.530442005774138
"null",16000,2883,10,0,1600,1631.34341486371,1.53156329407344,1629.81185156964,1597.84618668886,1598.06154791586,2.15361227003443,53.7259875430662,53.6656248133645,53.665631459995,0.623482781921974,0.591632050576113,0.275079434548384
"null",16000,2883,10,1,1600,1626.16014826732,1.61041517988487,1624.54973308743,1597.7897954391,1598.00576803979,2.1597260068702,53.723966656802,53.6640516371816,53.665631459995,0.528076286873092,0.494632146434031,0.306078605970468
"null",16000,2883,25,0,640,637.770339993529,0.591513438244785,637.178826555285,637.902815645443,637.986685020204,2.0967343690164,35.0690084009734,35.0542191775458,35.0542436803306,-0.00377757050895973,-0.0230459694688295,0.495119050094923
"null",16000,2883,25,1,640,646.93984804855,0.609577935248992,646.330270113301,637.878566241433,637.962541709476,2.09938670108475,35.0677395648529,35.0530659449884,35.0542436803306,0.258393666645087,0.238716020360589,0.394445488064466
"null",16000,2883,50,0,320,332.733347376126,0.270342992733953,332.463004383392,317.922512842575,317.964045271288,2.07662143564146,25.0490675109221,25.0438938013899,25.0439613479976,0.591272889782957,0.578941886077629,0.273664458250494
"null",16000,2883,50,1,320,315.697227386536,0.303996792146375,315.393230594389,317.906562661426,317.948193934205,2.08156363896804,25.0481755397309,25.0430428750873,25.0439613479976,-0.0882034410604411,-0.102022879270699,0.525943731405787
"null",16000,2884,2,0,8000,8023.06662546468,-3.64529553006978,8026.71192099475,7997.47216498014,7998.73605748445,2.5277850086215,90.3884958098038,89.4427186464982,89.4427190999916,0.283160597543254,0.312779664277291,0.419467100232331
"null",16000,2884,2,1,8000,8008.73016022014,-3.602055440543,8012.33221566068,7997.43909118815,7998.70444564853,2.53070892077429,90.3866488704603,89.4425881048659,89.4427190999916,0.124919655425838,0.15236332379126,0.464114751828985
"null",16000,2884,5,0,3200,3273.26679913522,-1.47096284342351,3274.73776197864,3197.75452049806,3198.20359484437,2.24537173155425,71.7440756468719,71.5541729740191,71.5541752799933,1.05252284535433,1.06959753642969,0.173053990830891
"null",16000,2884,5,1,3200,3228.93328152898,-1.52207127344563,3230.45535280243,3197.73515268711,3198.18421741793,2.24532365412421,71.7431732578678,71.5538049925914,71.5541752799933,0.434858501863776,0.451005161609952,0.346836231145708
"null",16000,2884,10,0,1600,1610.54293862951,-0.74790435760427,1611.29084298712,1597.84786717915,1598.06306119911,2.15194019956111,53.7289719163612,53.66562513005,53.665631459995,0.236279813247162,0.246485189652644,0.407851221628163
"null",16000,2884,10,1,1600,1588.81140964276,-0.731416503068837,1589.54282614583,1597.83401975384,1598.04951344836,2.15493694516403,53.7284365769448,53.6652858879615,53.665631459995,-0.167929883799209,-0.158513779657985,0.560031293237608
"null",16000,2884,25,0,640,673.940303396478,-0.284610132637935,674.224913529116,637.89959150746,637.983590430739,2.099973081986,35.0697407730108,35.0542200110191,35.0542436803306,1.02768686322182,1.03386476969061,0.157107159053426
"null",16000,2884,25,1,640,642.505887667028,-0.263112383444252,642.769000050472,637.893632093141,637.977684009102,2.10129789902781,35.0694423309785,35.0539725847392,35.0542436803306,0.131517790626867,0.136683967267538,0.442553447122625
"null",16000,2884,50,0,320,331.157870159383,-0.142731912551458,331.300602071935,317.918079570621,317.959701293702,2.08108615407118,25.049326121594,25.0438963063232,25.0439613479976,0.528548773108468,0.532700687427143,0.294231256914318
"null",16000,2884,50,1,320,333.815597975701,-0.12010003633068,333.935698012032,317.912415931973,317.954103589893,2.08438289598488,25.0491248104893,25.0437133283378,25.0439613479976,0.634879747857236,0.638147954043825,0.259996767474947
"null",16000,2885,2,0,8000,8151.21938054017,25.4033589759706,8125.8160215642,7997.46596958639,7998.73296011743,2.53398106207727,90.5589393240382,89.4427186320916,89.4427190999916,1.6978269854025,1.42083182835158,0.113318157346047
"null",16000,2885,2,1,8000,8025.79260417276,25.1106912426647,8000.68191293009,7997.39887551495,7998.66460342367,2.53145581743935,90.5555293890077,89.4423942866902,89.4427190999916,0.313550468418478,0.0225542878464977,0.411081862521111
"null",16000,2885,5,0,3200,3163.57355961706,10.1647066840527,3153.40885293301,3197.74763865101,3198.1980886747,2.25225011843603,71.7784583135104,71.554172891157,71.5541752799933,-0.476104946203931,-0.625948619514134,0.66409890434846
"null",16000,2885,5,1,3200,3352.4374090885,9.98826567900853,3342.4491434095,3197.70735568561,3198.15692700022,2.24785657304596,71.77667337662,71.5533203753779,71.5541752799933,2.15571502723472,2.01656912149296,0.0281222440712793
"null",16000,2885,10,0,1600,1621.49089772587,5.0700242655357,1616.42087346033,1597.84261925175,1598.05833753874,2.15718286988148,53.7404509605904,53.6656249205532,53.665631459995,0.440046148690903,0.342165696361128,0.335314914524337
"null",16000,2885,10,1,1600,1731.22556896383,5.00970378729673,1726.21586517654,1597.81624983364,1598.03210652988,2.15856696246947,53.7393280036647,53.6648416798997,53.665631459995,2.48252674691242,2.38859846845807,0.010560196160163
"null",16000,2885,25,0,640,696.033635731679,2.03606002312406,693.997575708555,637.898737282945,637.982770304752,2.10082554517801,35.072554528551,35.0542198904973,35.0542436803306,1.65756099691596,1.5979475674764,0.0552046465873349
"null",16000,2885,25,1,640,727.785659421495,1.97625599739744,725.809403424098,637.8860585789,637.97017126267,2.10281709424331,35.071895802284,35.0536488847966,35.0542436803306,2.56329459204029,2.50585131522571,0.00769889800177329
"null",16000,2885,50,0,320,343.541055766981,1.00671718935826,342.534338577623,317.916785072445,317.958432392128,2.08236598416867,25.0503097963602,25.0438951083519,25.0439613479976,1.02291232734614,0.981313253356468,0.155500400957303
"null",16000,2885,50,1,320,391.287708778281,0.979404657549834,390.308304120731,317.909039923717,317.950732620192,2.08463482379439,25.0498548575481,25.0434716394348,25.0439613479976,2.92930515054276,2.88927879258562,0.00312205012278024
"null",16000,2886,2,0,8000,8056.47046419577,3.33298978553759,8053.13747441023,7997.47537251167,7998.73766070705,2.52457639075851,90.4694776160888,89.4427185911298,89.4427190999916,0.652099395714892,0.608208410478387,0.320445447372523
"null",16000,2886,2,1,8000,8058.35218867775,2.1424872603123,8056.20970141744,7996.91376737354,7998.18536574268,2.54319673829244,90.4564575739494,89.440209885968,89.4427190999916,0.679204370279338,0.64874999453527,0.315166417942632
"null",16000,2886,5,0,3200,3177.35072513481,1.33386220658635,3176.01686292823,3197.74743782237,3198.19792715883,2.25244668226898,71.7604051017131,71.5541727835188,71.5541752799933,-0.284233522074594,-0.30998980727101,0.598866358830884
"null",16000,2886,5,1,3200,3245.29245704111,1.73932444379138,3243.55313259732,3197.38859861804,3197.84039431696,2.2589784945642,71.7507543068958,71.5474598765742,71.5541752799933,0.667642575828077,0.638914901510379,0.275328363773967
"null",16000,2886,10,0,1600,1520.74498501144,0.652933974408326,1520.09205103703,1597.84006687193,1598.05604024258,2.15973370649346,53.7344230809456,53.6656248767073,53.665631459995,-1.43474289738542,-1.45277334205395,0.915800498143783
"null",16000,2886,10,1,1600,1636.3305353428,0.944735110746591,1635.38580023205,1597.63820610934,1597.85445998901,2.16253879669443,53.7271287781614,53.659385756987,53.665631459995,0.720163725726275,0.699436635615107,0.246848248124901
"null",16000,2886,25,0,640,635.466352408225,0.255433745600182,635.210918662625,637.901093270145,637.985031362055,2.09845229775899,35.0710760601312,35.0542189539273,35.0542436803306,-0.0694230441559859,-0.0791377694957922,0.520875871277199
"null",16000,2886,25,1,640,656.836386572488,0.352658042717893,656.48372852977,637.812075764294,637.896160925511,2.10212903041296,35.0662490588615,35.0496595563943,35.0542436803306,0.542524829965707,0.53032091722182,0.294310780113395
"null",16000,2886,50,0,320,325.731488392016,0.122142930297915,325.609345461718,317.918721356019,317.96032957666,2.0804110320748,25.0497910663673,25.0438936543067,25.0439613479976,0.311889508990259,0.305424387702713,0.370507518591096
"null",16000,2886,50,1,320,346.43123912404,0.164308579082907,346.266930544957,317.872522191027,317.914180948559,2.08293787660514,25.0463195122523,25.0405169071988,25.0439613479976,1.14023607017558,1.132274932721,0.1310010471885
"null",16000,2887,2,0,8000,8161.80529587446,-6.79295573110634,8168.59825160557,7997.46058492028,7998.73026730339,2.53936476622483,90.4270447467194,89.4427186166806,89.4427190999916,1.81742875059674,1.89918181076508,0.0982338366975166
"null",16000,2887,2,1,8000,8042.09786467926,-5.98965306254967,8048.08751774181,7996.90230512276,7998.1669102459,2.52921024628232,90.4284960318816,89.44030293316,89.4427190999916,0.499793334399449,0.558144436666495,0.361932597479416
"null",16000,2887,5,0,3200,3220.06543673019,-2.70711105790526,3222.77254778809,3197.73845541831,3198.19074231634,2.26143449013497,71.7518469891072,71.5541728988197,71.5541752799933,0.311169429760691,0.343541186710589,0.38835714317386
"null",16000,2887,5,1,3200,3196.9851210149,-2.61212081063862,3199.59724182554,3197.38734162485,3197.8374911932,2.25074784175767,71.7467467191614,71.5473297972667,71.5541752799933,-0.00560611635148958,0.0245956157598751,0.501737392737461
"null",16000,2887,10,0,1600,1631.17953110364,-1.35376029550769,1632.53329139915,1597.834387916,1598.05092967607,2.16541760067715,53.7315659615108,53.6656250473463,53.665631459995,0.620587592990063,0.642540950425137,0.276034448846796
"null",16000,2887,10,1,1600,1702.19484160624,-1.25786199582535,1703.45270360207,1597.64139395134,1597.8568271861,2.15433234752553,53.7259084024422,53.6592485041377,53.665631459995,1.94605267298089,1.96789704216282,0.0346695471807996
"null",16000,2887,25,0,640,640.575746216573,-0.539923451664243,641.115669668237,637.895255981192,637.979428104363,2.10430307926877,35.0703760753306,35.0542196583269,35.0542436803306,0.0764317505356391,0.0894683035150418,0.463878015300872
"null",16000,2887,25,1,640,650.729352457322,-0.486616364077539,651.2159688214,637.812347458988,637.896358522974,2.10027659964172,35.0659337875636,35.0495801164217,35.0542436803306,0.368363354490666,0.380021964719226,0.354706583917287
"null",16000,2887,50,0,320,328.63723889291,-0.255754284176581,328.892993177087,317.913118468163,317.954838996574,2.08602642057468,25.049546807471,25.0438946368174,25.0439613479976,0.428116345064932,0.436759311566188,0.328685158664852
"null",16000,2887,50,1,320,329.490003711975,-0.254042855891192,329.744046567866,317.873674152561,317.915294921926,2.08103846828739,25.0461849979061,25.0404608878428,25.0439613479976,0.463796365010706,0.472385540303009,0.316825580391117
"null",16000,2888,2,0,8000,8005.55170602989,11.6421221964554,7993.90958383344,7997.46829925281,7998.7341236942,2.53164888278739,90.8047826524419,89.4427185718654,89.4427190999916,0.0890196148370757,-0.0539399957626361,0.474102566254034
"null",16000,2888,2,1,8000,7965.97383584069,11.6648447759916,7954.3089910647,7997.44213565868,7998.70910245069,2.53393358401794,90.8063119602274,89.4426020985557,89.4427190999916,-0.346543088676186,-0.496408985698642,0.598043658657709
"null",16000,2888,5,0,3200,3171.63303142024,4.65783487608551,3166.97519654415,3197.74900032533,3198.19917656186,2.25088118267986,71.8281339826496,71.5541726771525,71.5541752799933,-0.363589689123768,-0.436368402421387,0.626371681968385
"null",16000,2888,5,1,3200,3268.23238898843,4.75691962109082,3263.47546936734,3197.73516666011,3198.18503476511,2.24934052496605,71.8283899342984,71.5538777037312,71.5541752799933,0.981467389047729,0.912465357538961,0.189388296273414
"null",16000,2888,10,0,1600,1641.65490323048,2.33139032151489,1639.32351290897,1597.84337462632,1598.05901656631,2.15641939994747,53.7570407748255,53.6656246122476,53.665631459995,0.814991449914116,0.768918588776477,0.218566360286286
"null",16000,2888,10,1,1600,1617.10264130588,2.38940316044717,1614.71323814543,1597.83458903954,1598.05024165396,2.1565261441614,53.7569774741704,53.6653519113911,53.665631459995,0.358428862106282,0.310498224608483,0.363790382425764
"null",16000,2888,25,0,640,670.112476822079,0.916697127271293,669.195779694808,637.899094102755,637.983111771143,2.1004417097009,35.0766204046995,35.0542183485836,35.0542436803306,0.91837190549316,0.890411179997856,0.183286998305973
"null",16000,2888,25,1,640,683.380962593343,0.895764536348952,682.485198056995,637.893727556919,637.977812772469,2.10213038874381,35.0764788735097,35.0540216690741,35.0542436803306,1.29680163167053,1.2696798588389,0.10382588605122
"null",16000,2888,50,0,320,359.740242523121,0.457571458465922,359.282671064655,317.916968420294,317.958611174309,2.08213770072806,25.0517296490806,25.0438915232108,25.0439613479976,1.66947650675934,1.65006544019114,0.0532704233459396
"null",16000,2888,50,1,320,352.527356390997,0.445532101282232,352.081824289715,317.915884903105,317.957511507531,2.081330221297,25.051603199047,25.0437452435513,25.0439613479976,1.38160704578014,1.36258824110864,0.0887206579319929
"null",16000,2889,2,0,8000,7925.86954411717,-8.82723113197868,7934.69677524915,7997.46778962761,7998.73387025988,2.53216126453535,90.5800949678748,89.4427186602274,89.4427190999916,-0.790441272288724,-0.715956491148176,0.714561726063382
"null",16000,2889,2,1,8000,8041.15357866609,-8.66481506620064,8049.81839373229,7997.45904378873,7998.72503411967,2.53198066188141,90.5790790974793,89.4426791014674,89.4427190999916,0.482391025750411,0.571241381920786,0.364724453044295
"null",16000,2889,5,0,3200,3255.32431057549,-3.53311985803896,3258.85743043352,3197.75008272267,3198.20004366742,2.2498047237303,71.7827280882154,71.5541728440593,71.5541752799933,0.802062409526393,0.847712779774528,0.235496885157628
"null",16000,2889,5,1,3200,3293.55885062722,-3.4625996365639,3297.02145026378,3197.74086659109,3198.19152607059,2.2532973975301,71.7823059878139,71.5540639499717,71.5541752799933,1.3348412637008,1.38119232839505,0.116733251049588
"null",16000,2889,10,0,1600,1684.13927407772,-1.75254670570862,1685.89182078343,1597.84134295679,1598.05718910056,2.15846143770206,53.7418766786035,53.6656250086465,53.665631459995,1.605785589458,1.63670192360039,0.0656638442394195
"null",16000,2889,10,1,1600,1643.54327205816,-1.72903361292207,1645.27230567108,1597.83607598239,1598.05212880307,2.16052820686281,53.7416597207858,53.6655247735989,53.665631459995,0.850498408743662,0.879897794109291,0.209016313411384
"null",16000,2889,25,0,640,656.332864653906,-0.723319057797475,657.056183711703,637.897650505384,637.981726509293,2.10190009772759,35.0729036880502,35.0542192180809,35.0542436803306,0.525625545934005,0.544141550657386,0.299094402809323
"null",16000,2889,25,1,640,652.719454583267,-0.7516591517801,653.471113735048,637.895459371625,637.979566898567,2.1026881735389,35.0727979052094,35.0541442825378,35.0542436803306,0.422663605330461,0.441931964209952,0.334483010355516
"null",16000,2889,50,0,320,319.480933917775,-0.357669931789012,319.838603849564,317.916365170164,317.958020485803,2.08276578195902,25.0504304821694,25.0438935435029,25.0439613479976,0.0624567609217221,0.0750914932813533,0.466106549115978
"null",16000,2889,50,1,320,303.091711717708,-0.366887037224159,303.458598754932,317.914904417284,317.956574563433,2.0835073074476,25.0503638008314,25.0438379459862,25.0439613479976,-0.591735625774987,-0.578903913999508,0.717052467104337
"null",16000,2890,2,0,8000,7954.23621375972,-5.71305860934444,7959.94927236907,7997.46928671255,7998.73461839362,2.53066336214107,90.5101920577732,89.4427186112067,89.4427190999916,-0.477659719528932,-0.433633353578463,0.633593478318109
"null",16000,2890,2,1,8000,8055.59637657183,-5.79973092244368,8061.39610749427,7997.4625885888,7998.72740650145,2.52963582531015,90.5092727750228,89.4426841804922,89.4427190999916,0.642296487427668,0.700657650952826,0.322910410719203
"null",16000,2890,5,0,3200,3245.63318953563,-2.25386722153934,3247.88705675717,3197.75824375207,3198.20657252694,2.24164387434753,71.7686196955839,71.5541728694011,71.5541752799933,0.667073520246389,0.694305897727346,0.273921617159506
"null",16000,2890,5,1,3200,3203.96613434464,-2.29377335642744,3206.25990770106,3197.74767010753,3198.19712408923,2.24726990846165,71.7682460422916,71.5540788593763,71.5541752799933,0.0866464568945737,0.112680978364399,0.466970129288885
"null",16000,2890,10,0,1600,1679.43620123647,-1.14053434605548,1680.57673558253,1597.85425339212,1598.06880835298,2.14554960855863,53.737165557894,53.6656249616286,53.665631459995,1.51816618903087,1.53744463590134,0.0765770132598877
"null",16000,2890,10,1,1600,1600.33335483431,-1.1193008448928,1601.45265567921,1597.83900392083,1598.05480683793,2.15802917095847,53.7369755363927,53.6655382709327,53.665631459995,0.0464177763742889,0.0633152848317977,0.478847861468871
"null",16000,2890,25,0,640,691.211799487184,-0.447302476751365,691.659101963935,637.901688376349,637.985603129313,2.09786882410008,35.0717489012228,35.0542195864899,35.0542436803306,1.52003001792069,1.53115657594924,0.0709607077977919
"null",16000,2890,25,1,640,627.575287998655,-0.438235691557938,628.013523690213,637.901576521232,637.985448486049,2.09679912043696,35.0716591299141,35.0541564977293,35.0542436803306,-0.294433989687396,-0.284471965442455,0.608246115957356
"null",16000,2890,50,0,320,328.400045974886,-0.234386278988049,328.634432253874,317.918315953013,317.959932512153,2.08082795699402,25.0500272498363,25.0438945611886,25.0439613479976,0.418431881024846,0.426231619672423,0.332019103626038
"null",16000,2890,50,1,320,303.394832208076,-0.234583898643146,303.62941610672,317.920427362171,317.961989530912,2.0781084370254,25.0499708506243,25.043847567649,25.0439613479976,-0.579864752766085,-0.572299179887464,0.712840641552146
"null",16000,2891,2,0,8000,8028.08622083121,-6.21633809978375,8034.30255893099,7997.46981673462,7998.73488347785,2.53013348645299,90.5765553268971,89.4427186180153,89.4427190999916,0.338016874080637,0.397658702717282,0.404059223226398
"null",16000,2891,2,1,8000,8053.98190360034,-5.91049122518662,8059.89239482553,7996.20406802927,7997.47264486835,2.53715367815525,90.5524249712214,89.4365909327673,89.4427190999916,0.638059506296295,0.697921838323448,0.327484213228778
"null",16000,2891,5,0,3200,3287.72318626902,-2.49842426882454,3290.22161053784,3197.75543604586,3198.20432624605,2.24445100094598,71.7820132169609,71.5541728412695,71.5541752799933,1.25334671167879,1.28598068621269,0.131381658678991
"null",16000,2891,5,1,3200,3182.24826617801,-3.07305280617683,3185.32131898419,3196.93375925697,3197.38305716938,2.24648956204727,71.7614721231822,71.5384600433432,71.5541752799933,-0.204643141291083,-0.168604945897432,0.574931272209922
"null",16000,2891,10,0,1600,1604.85638636509,-1.24354132092061,1606.09992768601,1597.84628247366,1598.06163428857,2.15351814906007,53.7416374211018,53.6656248786828,53.665631459995,0.130440831873041,0.149784772200345,0.447137671277692
"null",16000,2891,10,1,1600,1527.33861263771,-1.32417503524274,1528.66278767295,1597.38838370767,1597.60314548048,2.14761772804221,53.7253823234583,53.6510549722605,53.665631459995,-1.30384872178711,-1.28497674170939,0.895620761427083
"null",16000,2891,25,0,640,688.857830150666,-0.483905607330134,689.341735757996,637.907035525204,637.990736288152,2.09251907368597,35.0728451047055,35.0542194341091,35.0542436803306,1.45271347315436,1.46490209449302,0.0798434174729852
"null",16000,2891,25,1,640,598.409638877996,-0.64213827724601,599.051777155242,637.70700343038,637.790833337103,2.09574766806344,35.0619027189837,35.0436963114617,35.0542436803306,-1.12079954323493,-1.10545005976412,0.867220285574505
"null",16000,2891,50,0,320,352.181849149766,-0.249191849013142,352.431040998779,317.926476829726,317.967929693344,2.07264318087773,25.0504089565932,25.0438926600824,25.0439613479976,1.3674576083527,1.37610840987058,0.0907943956419755
"null",16000,2891,50,1,320,287.283309467856,-0.305592730255228,287.588902198111,317.820509666826,317.862076333126,2.07833331498307,25.0425044733858,25.0361361046211,25.0439613479976,-1.21941478462842,-1.20917916440895,0.891198003188681
"null",16000,2892,2,0,8000,7980.67822565099,7.45978961286633,7973.21843603812,7997.47215916579,7998.73605590181,2.52779347203096,90.3919765200572,89.4427186586076,89.4427190999916,-0.185790090684394,-0.285295664603872,0.552422691197308
"null",16000,2892,2,1,8000,7895.04655962255,5.35428428867195,7889.69227533388,7996.92927346093,7998.1932270607,2.52790719954342,90.3929274924281,89.4404826837311,89.4427190999916,-1.12710935097121,-1.21310785084301,0.791679517335771
"null",16000,2892,5,0,3200,3096.47360364182,2.98039056696789,3093.49321307485,3197.74737853706,3198.19788107674,2.25251269842895,71.7447769492466,71.5541729389901,71.5541752799933,-1.41158393964873,-1.46329226795991,0.898811176247622
"null",16000,2892,5,1,3200,3193.8477359341,2.8185394020724,3191.02919653203,3197.40601396858,3197.85557828278,2.24782157098085,71.7397674494046,71.5476424058718,71.5541752799933,-0.0495997988423327,-0.0954102961496647,0.517390386687757
"null",16000,2892,10,0,1600,1557.91237768089,1.481779542939,1556.43059813795,1597.83765918919,1598.05387413883,2.16214949635178,53.7292061865775,53.6656251597598,53.665631459995,-0.74308340550687,-0.775604045922627,0.759065348161036
"null",16000,2892,10,1,1600,1611.17542585933,1.50140368868588,1609.67402217065,1597.64825558039,1597.86403765199,2.15782071603905,53.7237828704581,53.6595779385232,53.665631459995,0.251791098023782,0.220090894717521,0.403536476442798
"null",16000,2892,25,0,640,638.23941680118,0.56943537665334,637.669981424527,637.896319513371,637.980449312394,2.10324497557967,35.0697984366229,35.0542199841329,35.0542436803306,0.00978326945418148,-0.00885679065195841,0.48988173369076
"null",16000,2892,25,1,640,656.868564008401,0.576833464716996,656.291730543684,637.819309538797,637.90319782081,2.0972070503137,35.0655416080497,35.0497897145737,35.0542436803306,0.543247119423664,0.524640315180782,0.294006371270376
"null",16000,2892,50,0,320,291.445893180575,0.325995373919506,291.119897806656,317.91934101829,317.96093742051,2.07982011099717,25.0493459580794,25.0438959111949,25.0439613479976,-1.05685185880777,-1.07175974972233,0.854775041807725
"null",16000,2892,50,1,320,307.490083358744,0.305203592809054,307.184879765935,317.875923854727,317.917543102726,2.08096239996705,25.0461423368565,25.0406296128818,25.0439613479976,-0.414668269320651,-0.428609963196376,0.653547004318928
"null",16000,2893,2,0,8000,7999.66300339118,13.9491857438216,7985.71381764736,7997.46793200963,7998.73394073124,2.53201744321416,90.5435013402017,89.4427185816352,89.4427190999916,0.0242432791869651,-0.145569402298403,0.492652301285726
"null",16000,2893,2,1,8000,8082.38060832507,13.7832475277886,8068.59736079728,7997.45159232907,7998.71819544857,2.5332062389908,90.5446076295697,89.4426490692288,89.4427190999916,0.937979833580501,0.781273431365229,0.251395337173635
"null",16000,2893,5,0,3200,3259.53519803897,5.5953047952118,3253.93989324376,3197.75585201801,3198.20465879996,2.24403390973653,71.7753407997211,71.5541727970146,71.5541752799933,0.860732186467022,0.778923608018089,0.219798822549217
"null",16000,2893,5,1,3200,3206.82821467987,5.53012360122486,3201.29809107864,3197.74484831083,3198.19389257125,2.24522130210391,71.7755530450301,71.5539855343656,71.5541752799933,0.126552370322189,0.0433826080295484,0.452788241333368
"null",16000,2893,10,0,1600,1663.37377629525,2.79217117099023,1660.58160512426,1597.84630195677,1598.06165165573,2.15349698962102,53.7394091301726,53.6656247961486,53.665631459995,1.21935606288036,1.16499069387558,0.12451081779934
"null",16000,2893,10,1,1600,1636.79453504353,2.78736176081188,1634.00717328272,1597.83787792762,1598.05352100428,2.15643076660911,53.7393872207605,53.6654527303305,53.665631459995,0.724918149063979,0.669958985701674,0.244305620881841
"null",16000,2893,25,0,640,638.063872163075,1.12029275810396,636.943579404971,637.903468353371,637.987311227522,2.09607185377896,35.072298235855,35.0542185963561,35.0542436803306,0.00457351863929767,-0.0297747850142892,0.491841260838664
"null",16000,2893,25,1,640,645.948014165827,1.13191031566023,644.816103850167,637.901578280873,637.985402520678,2.09560599512262,35.072211647374,35.0540927435852,35.0542436803306,0.229424821161977,0.194861734960713,0.405076141587595
"null",16000,2893,50,0,320,338.168010869772,0.571862079516905,337.596148790255,317.922479534855,317.964012141553,2.07663033486889,25.0502168220018,25.043891830255,25.0439613479976,0.808197848297044,0.783909177605731,0.209053843199296
"null",16000,2893,50,1,320,354.787137431367,0.576975841809613,354.210161589557,317.918648550035,317.960233866822,2.07926583934071,25.0501385628765,25.0437993917586,25.0439613479976,1.4717878222027,1.44746119211706,0.0760484475057561
"null",16000,2894,2,0,8000,8060.19332285087,3.73737316188847,8056.45594968898,7997.46934653876,7998.7346466707,2.5306002638795,90.7143861771427,89.442718545821,89.4427190999916,0.691444642414489,0.645343790492072,0.310038316429983
"null",16000,2894,2,1,8000,7923.71314207373,5.74996179902772,7917.9631802747,7995.9633902987,7997.23606174838,2.54534289934582,90.7123679906488,89.4358602236229,89.4427190999916,-0.796476266967457,-0.886365729311033,0.720361513592053
"null",16000,2894,5,0,3200,3180.4760514717,1.49667150176235,3178.97937996994,3197.74796947999,3198.19835196657,2.25191243289871,71.8098558859749,71.5541726670478,71.5541752799933,-0.240522944868556,-0.268593308821442,0.583626388570017
"null",16000,2894,5,1,3200,3155.25406803521,2.08003318034115,3153.17403485487,3196.76661242264,3197.2170707776,2.25229177480597,71.7941404028313,71.5354533659926,71.5541752799933,-0.578216330114197,-0.615681230080369,0.701439777714595
"null",16000,2894,10,0,1600,1544.94639659773,0.76852280236957,1544.17787379536,1597.84027449778,1598.05622607764,2.15951579857313,53.750935290654,53.6656244629738,53.665631459995,-0.984055023675994,-1.00396394938908,0.825676371700888
"null",16000,2894,10,1,1600,1492.75085085508,0.921814492730044,1491.82903636235,1597.28924701293,1597.50512002731,2.15873014373937,53.7349256637869,53.6483225814954,53.665631459995,-1.94544599934762,-1.96979287664457,0.970780060149011
"null",16000,2894,25,0,640,627.616066390211,0.295553326614082,627.320513063597,637.896576597964,637.980694673802,2.10295189596622,35.0751228080132,35.0542179134742,35.0542436803306,-0.293099763727811,-0.304105532649973,0.607802693633245
"null",16000,2894,25,1,640,628.746024904917,0.238449303895719,628.507575601021,637.663364803905,637.747365518332,2.10001786067941,35.0628719556164,35.0416021905042,35.0542436803306,-0.254324286677816,-0.263680577933573,0.595469532422854
"null",16000,2894,50,0,320,336.537857284955,0.11206668097811,336.425790603977,317.914529763827,317.956221029304,2.08456327385734,25.0512042425643,25.043890455357,25.0439613479976,0.743410470043818,0.737488035558883,0.227359794696437
"null",16000,2894,50,1,320,310.211695997452,0.122027211491493,310.089668785961,317.799474310864,317.841045816696,2.07857529161071,25.0419799338664,25.0345312682818,25.0439613479976,-0.303002331822399,-0.309627408145477,0.612136106131223
"null",16000,2895,2,0,8000,8001.45415601867,7.64317125451982,7993.81098476415,7997.46992392205,7998.7349365347,2.53002522530082,90.7383485962082,89.442718592269,89.4427190999916,0.043909021469523,-0.0550514546969121,0.487005577643209
"null",16000,2895,2,1,8000,7996.58357411392,7.65514010133752,7988.92843401259,7997.46675695266,7998.73055824813,2.52760259094075,90.7390677685311,89.4426923765623,89.4427190999916,-0.00973321481535868,-0.109591113316184,0.502365179204421
"null",16000,2895,5,0,3200,3198.14608910721,3.05888191173938,3195.08720719547,3197.74820521393,3198.19854157289,2.25168179479822,71.8146995057273,71.5541728226425,71.5541752799933,0.00554042411966539,-0.0434822212971815,0.495945743298858
"null",16000,2895,5,1,3200,3229.60552263849,3.1396925445847,3226.4658300939,3197.75360058926,3198.20213983888,2.24269624809531,71.814880240575,71.5541041384261,71.5541752799933,0.443528164950234,0.394997472127405,0.343758361031987
"null",16000,2895,10,0,1600,1635.28785862261,1.55467237404797,1633.73318624856,1597.83836579744,1598.05450927073,2.16143473290192,53.7525539862019,53.6656248571056,53.665631459995,0.696701645744865,0.664832974046968,0.252614983828059
"null",16000,2895,10,1,1600,1638.34977131726,1.57211851663054,1636.77765280063,1597.84330715334,1598.058756178,2.15449024653588,53.7525836562516,53.6655620178535,53.665631459995,0.753572412871484,0.721484974102247,0.235890579854935
"null",16000,2895,25,0,640,681.141907986726,0.604468048340733,680.537439938385,637.900561069996,637.984520164324,2.09897735819897,35.0755204803904,35.054218519932,35.0542436803306,1.23280699258347,1.21391722796118,0.115049061388252
"null",16000,2895,25,1,640,728.681299530569,0.620194211220342,728.061105319349,637.897737281717,637.981774991198,2.1009427370312,35.0754992741854,35.0541726316837,35.0542436803306,2.58823292974952,2.56971777011026,0.00722553833770719
"null",16000,2895,50,0,320,353.79864886911,0.305609167940291,353.493039701169,317.919387335323,317.9609818515,2.07972580884581,25.0513451997246,25.0438921057226,25.0439613479976,1.4322289381163,1.41879136436425,0.081404366410027
"null",16000,2895,50,1,320,367.795536794917,0.309187214809345,367.486349580107,317.917778921763,317.959397017998,2.08090481176948,25.0513205971923,25.0438588953998,25.0439613479976,1.99102309515547,1.97760867320677,0.02832082808501
"null",16000,2896,2,0,8000,7866.64564675073,-3.94869121971734,7870.59433797044,7997.46557406759,7998.73276177821,2.53437542124823,90.5623113429185,89.4427186119728,89.4427190999916,-1.44452946680551,-1.43263113863597,0.850606822576569
"null",16000,2896,2,1,8000,7981.94717726364,-4.07062386534449,7986.01780112899,7997.31696412536,7998.58494453598,2.53596082123045,90.5570891608845,89.4420297619687,89.4427190999916,-0.169724833297272,-0.140506017589629,0.548446564806165
"null",16000,2896,5,0,3200,3123.53073338863,-1.56746698007669,3125.0982003687,3197.74830204549,3198.19861908979,2.25158522151155,71.779137763914,71.5541728380425,71.5541752799933,-1.03397130376468,-1.02160944389004,0.823848629215539
"null",16000,2896,5,1,3200,3234.79894447529,-1.58378733681004,3236.3827318121,3197.65018298562,3198.10125900288,2.25538008629548,71.7759958322444,71.552371217972,71.5541752799933,0.517565253660829,0.535013335792981,0.320355266650845
"null",16000,2896,10,0,1600,1491.11515174474,-0.802449036645031,1491.91760078139,1597.84405249456,1598.05962718562,2.15574691058048,53.7406777139394,53.6656248348615,53.665631459995,-1.98599841479361,-1.97784013008045,0.97273959884612
"null",16000,2896,10,1,1600,1530.52123222621,-0.844694657856621,1531.36592688406,1597.78640203572,1598.00242431615,2.16022280433747,53.7385215901336,53.6639570766383,53.665631459995,-1.25171232514632,-1.24173655954824,0.884737198416832
"null",16000,2896,25,0,640,594.583464337833,-0.319240300055361,594.902704637888,637.900520628573,637.984481990769,2.09903405491259,35.0726096813752,35.0542194193029,35.0542436803306,-1.23506795428864,-1.22900404192591,0.889783304454959
"null",16000,2896,25,1,640,579.786211076555,-0.337452393705667,580.123663470261,637.871424726137,637.95564321569,2.10546223883466,35.071274703583,35.053008292153,35.0542436803306,-1.65620480408849,-1.64984355303893,0.951868479552376
"null",16000,2896,50,0,320,276.43193245068,-0.167516931779992,276.59944938246,317.919009375894,317.960611746862,2.08011854837641,25.0503272330211,25.0438932649587,25.0439613479976,-1.65614910093975,-1.65154682328383,0.955377204275112
"null",16000,2896,50,1,320,270.146424549691,-0.162666318302949,270.309090867994,317.906510116369,317.948129845273,2.08098644523091,25.0493838143428,25.0429939486772,25.0439613479976,-1.90663714208137,-1.90229008060739,0.975880398433828
"null",16000,2897,2,0,8000,8137.97149790938,-6.46010310847491,8144.43160101785,7997.47386932825,7998.73690909778,2.52607953905113,90.6219902909888,89.4427186044961,89.4427190999916,1.55037014890081,1.62891618449479,0.134453587130038
"null",16000,2897,2,1,8000,8144.54564857991,-6.18316561181194,8150.72881419172,7997.44545586511,7998.71264299015,2.53437425007647,90.6202406701856,89.4426243519623,89.4427190999916,1.62325978861801,1.69959426283581,0.123646200001363
"null",16000,2897,5,0,3200,3255.18467381205,-2.56361248482827,3257.74828629688,3197.75113274592,3198.20088354466,2.24875399370425,71.7911889322744,71.5541728213123,71.5541752799933,0.800008217168744,0.832200281329852,0.236028069103663
"null",16000,2897,5,1,3200,3232.47700738333,-2.37855802743726,3234.85556541077,3197.73097545562,3198.18217832239,2.25601433386013,71.7904189470234,71.553926071153,71.5541752799933,0.48399260566164,0.512527950624372,0.330734313660758
"null",16000,2897,10,0,1600,1695.26471932703,-1.28094580495259,1696.54566513198,1597.84210931978,1598.0578784991,2.15769179326,53.7447014934421,53.6656248698597,53.665631459995,1.81269236408612,1.83521177423559,0.0447061644703676
"null",16000,2897,10,1,1600,1601.43269243658,-1.24981671835942,1602.68250915494,1597.83910909772,1598.05444678594,2.15337688217906,53.7442765571312,53.6653952971464,53.665631459995,0.0668644843519337,0.0862392300173344,0.471115024940451
"null",16000,2897,25,0,640,717.693858505044,-0.508243726367404,718.202102231411,637.902866214539,637.986733341056,2.09667816292064,35.0735955036008,35.0542188511447,35.0542436803306,2.27495901531717,2.28832281874499,0.0152776730058935
"null",16000,2897,25,1,640,629.656530267138,-0.510083845673693,630.166614112812,637.897960669181,637.981898741747,2.09845181416378,35.0733773380172,35.0540514316135,35.0542436803306,-0.234976812258945,-0.222949539632587,0.58547238505814
"null",16000,2897,50,0,320,320.238371625153,-0.247425514105838,320.485797139259,317.921167374267,317.962726486147,2.07795559397295,25.0506721264208,25.0438928612499,25.0439613479976,0.09250068178577,0.100745945013046,0.454233106940262
"null",16000,2897,50,1,320,302.795967074266,-0.246944950764583,303.042912025031,317.918509049498,317.960089094132,2.07900223172262,25.0505290104343,25.0437681929005,25.0439613479976,-0.603681541772345,-0.595644271828488,0.721135692430811
"null",16000,2898,2,0,8000,8117.66424450999,14.2639768264786,8103.40026768351,7997.46332144505,7998.73163541568,2.53662794127032,90.5702898111903,89.4427186020316,89.4427190999916,1.32715621552638,1.1702308908291,0.171887199353294
"null",16000,2898,2,1,8000,7958.33110425693,14.4463356992579,7943.88476855767,7997.45993621618,7998.72394783527,2.52802323818323,90.5689999930451,89.4426624990598,89.4427190999916,-0.432033388491122,-0.613121051468855,0.621299713343663
"null",16000,2898,5,0,3200,3304.36419207196,5.72117075268491,3298.64302131927,3197.74744242395,3198.19793139676,2.25244486406474,71.7807499148443,71.5541728409104,71.5541752799933,1.48531117011859,1.40376285455544,0.092782053814142
"null",16000,2898,5,1,3200,3224.77339707015,5.63051608173812,3219.14288098841,3197.74015372124,3198.19057921396,2.25212746358272,71.7802248805646,71.554027779848,71.5541752799933,0.376611293624204,0.292817922687949,0.366110476542473
"null",16000,2898,10,0,1600,1592.07803965822,2.87310060403577,1589.20493905418,1597.84165799951,1598.05747211449,2.158141149834,53.7412153331039,53.6656248278726,53.665631459995,-0.107247636763825,-0.164957234518444,0.537082039098573
"null",16000,2898,10,1,1600,1718.55275811767,2.82888245935341,1715.72387565831,1597.84276850361,1598.05804090902,2.15272405405994,53.7409378319081,53.6654897837393,53.665631459995,2.24614594541714,2.19257916444002,0.0181850744154035
"null",16000,2898,25,0,640,633.329181053803,1.1576898091173,632.171491244685,637.901744350362,637.985656564986,2.09780536560359,35.0727415943515,35.0542191543634,35.0542436803306,-0.130373705866663,-0.165862069119207,0.54474782099549
"null",16000,2898,25,1,640,688.320824233063,1.13552875900669,687.185295474056,637.898182245683,637.982163091091,2.09952113520387,35.0726055576984,35.0541204998231,35.0542436803306,1.43766455858059,1.40363334413748,0.0819858990133995
"null",16000,2898,50,0,320,318.855626692541,0.561088079154255,318.294538613387,317.918399606251,317.960013874467,2.08071341081843,25.0503722326272,25.0438920971969,25.0439613479976,0.0374136989896566,0.0133575379426425,0.475946185877342
"null",16000,2898,50,1,320,352.253866787645,0.566963353531506,351.686903434113,317.91564339365,317.957294131125,2.08253687375561,25.0502866538799,25.043819966495,25.0439613479976,1.37077167492916,1.34682366141081,0.0903590931107753
"null",16000,2899,2,0,8000,8001.07758690162,-16.166155972526,8017.24374287415,7997.47109528416,7998.73552262128,2.52885467423575,90.4876236209509,89.4427186037055,89.4427190999916,0.0398561866600399,0.206928194287931,0.488192487686664
"null",16000,2899,2,1,8000,8121.47423798098,-17.4866406240768,8138.96087860505,7996.9349462607,7998.20091570209,2.53193888278439,90.4752290762763,89.4402673328036,89.4427190999916,1.37650153519133,1.57378736782175,0.164394299643742
"null",16000,2899,5,0,3200,3151.57442170731,-6.47790123372552,3158.05232294103,3197.7600305454,3198.20800184401,2.23985649303445,71.7640652040028,71.5541728227041,71.5541752799933,-0.643575704731947,-0.56119269245798,0.717350313412397
"null",16000,2899,5,1,3200,3258.79892127682,-6.55380035570255,3265.35272163252,3197.40904688125,3197.85875959473,2.24856356739549,71.7547320674293,71.5476387681487,71.5541752799933,0.855551580039107,0.943342969801012,0.222498548958645
"null",16000,2899,10,0,1600,1551.26230525644,-3.21413245704708,1554.47643771348,1597.85396022606,1598.06854419865,2.14583972588012,53.7356444538083,53.6656248360506,53.665631459995,-0.867053060276902,-0.812291045121369,0.794776961293902
"null",16000,2899,10,1,1600,1558.42674433066,-3.2340592446746,1561.66080357534,1597.65669946833,1597.87163746197,2.14937993631445,53.7285756109335,53.6595502596849,53.665631459995,-0.730150663619861,-0.674825519621164,0.756173468102278
"null",16000,2899,25,0,640,596.38158509888,-1.29476955192901,597.676354650809,637.912947436847,637.996411156852,2.08659300011986,35.0713749486318,35.0542186140971,35.0542436803306,-1.18419544140476,-1.15021980520849,0.879535503658355
"null",16000,2899,25,1,640,580.920002502813,-1.24340544507142,582.163407947884,637.827095153522,637.910667652482,2.08931247400236,35.0666807703415,35.0497763376878,35.0542436803306,-1.62282518335295,-1.59051684574245,0.94838927732309
"null",16000,2899,50,0,320,312.977849164781,-0.654203357823777,313.632052522604,317.931304622711,317.97266081993,2.06780986096454,25.0498943493047,25.0438921945787,25.0439613479976,-0.197743566853315,-0.173320036023206,0.568959346396423
"null",16000,2899,50,1,320,293.553750596636,-0.610161701500097,294.163912298136,317.885997209402,317.927409430785,2.07061106918745,25.0465182567209,25.0406053190718,25.0439613479976,-0.971482198178857,-0.948998509814405,0.833667848975516
"null",16000,2900,2,0,8000,8236.33445894975,2.99307824320735,8233.34138070654,7997.4695432049,7998.73474585617,2.53040530254209,90.4760068480522,89.442718616289,89.4427190999916,2.64009126912509,2.62298193167443,0.0306521969787986
"null",16000,2900,2,1,8000,8087.83424314669,3.02752186141398,8084.80672128528,7997.44992283894,7998.71748322476,2.53512077163246,90.474619947878,89.442650464878,89.4427190999916,0.999001934021059,0.962507680766071,0.237949172477436
"null",16000,2900,5,0,3200,3127.24286471599,1.16537274094549,3126.07749197505,3197.74886942679,3198.19907340647,2.25101989838333,71.7617219205057,71.5541729052978,71.5541752799933,-0.98250157359517,-1.00792977548453,0.81138181029965
"null",16000,2900,5,1,3200,3116.90069032916,1.2072580005643,3115.6934323286,3197.73581025127,3198.18671778678,2.25453767757588,71.7611286312263,71.5539911372582,71.5541752799933,-1.12644716525447,-1.15288167923356,0.844805359786897
"null",16000,2900,10,0,1600,1459.54852097505,0.604530912842668,1458.94399006221,1597.84150814663,1598.05733764542,2.15829498784919,53.7348628947001,53.6656249672152,53.665631459995,-2.57361756821795,-2.59222449506917,0.993992165751308
"null",16000,2900,10,1,1600,1606.96236922257,0.63037453151698,1606.33199469106,1597.83535622524,1598.05126298755,2.15906762315924,53.7345413818754,53.665456466229,53.665631459995,0.16985374328355,0.15430282809044,0.432495299217983
"null",16000,2900,25,0,640,603.699406076463,0.247499974187296,603.451906102275,637.89939062436,637.98339712318,2.10016247051554,35.0711841288436,35.0542193629016,35.0542436803306,-0.975159105613724,-0.985088005053409,0.831284021199226
"null",16000,2900,25,1,640,657.994251605616,0.247773694151659,657.746477911464,637.896091159617,637.980137712511,2.10116382236977,35.0710217603718,35.0540966091911,35.0542436803306,0.573070285300588,0.563881032774075,0.283455983533016
"null",16000,2900,50,0,320,302.444511368958,0.136369269370674,302.308142099588,317.919105094951,317.960705920196,2.08004126226945,25.0498300432318,25.0438947589031,25.0439613479976,-0.617752443800454,-0.625005174765959,0.725953935274828
"null",16000,2900,50,1,320,346.052079755669,0.120442833659469,345.93163692201,317.913836410393,317.955518756797,2.08411732017384,25.0497235050147,25.0438025554025,25.0439613479976,1.12329556610248,1.1170874751677,0.134046321902245
