"scen","n","rep","m","oracle","G","HL","C","EF","mu","muEF","d","sdHL","sdEF","sdEF_simple","zHL","zEF","pHL_chisq"
"null",16000,801,2,0,8000,7970.31018960918,4.01008279536777,7966.30010681382,7997.46714490802,7998.73354663019,2.53280344433273,90.6730617270386,89.4427185941699,89.4427190999916,-0.299504117116872,-0.362616882918502,0.58469334169817
"null",16000,801,2,1,8000,7988.79580857134,3.72256630531956,7985.07324226602,7997.04848674273,7998.31664927687,2.53632506828483,90.6757046375784,89.4407827604928,89.4427190999916,-0.0910131132079992,-0.148068997185781,0.526920466652837
"null",16000,801,5,0,3200,3147.34370942738,1.59848609999823,3145.74522332738,3197.74634058385,3198.1970489857,2.2535420092121,71.8015043732968,71.5541727176883,71.5541752799933,-0.701971798451897,-0.733036574474285,0.73513888289088
"null",16000,801,5,1,3200,3176.54733570847,0.475307726716398,3176.07202798176,3197.48215422344,3197.93186301952,2.24854398038441,71.7982212923353,71.5490378184174,71.5541752799933,-0.291578511809242,-0.305522417970748,0.602762318994
"null",16000,801,10,0,1600,1541.94679790636,0.810911131894255,1541.13588677447,1597.84446786157,1598.06000029617,2.15532434609111,53.7481457871062,53.6656245570293,53.665631459995,-1.03999252693503,-1.06071836471811,0.839283752433845
"null",16000,801,10,1,1600,1522.82349239672,0.560836639318229,1522.2626557574,1597.69381204064,1597.90927035813,2.15458317494402,53.7441404881298,53.66087805767,53.665631459995,-1.39308804576477,-1.40971630243229,0.909776739175406
"null",16000,801,25,0,640,631.713238211663,0.339098947507355,631.374139264156,637.898312372475,637.98236138092,2.1012252111182,35.0744396807128,35.0542184521862,35.0542436803306,-0.176341353336378,-0.188514318919355,0.562731061974303
"null",16000,801,25,1,640,594.295722596902,0.272132242578955,594.023590354323,637.836132805567,637.920088850058,2.09890111227719,35.0711940127081,35.0507718129592,35.0542436803306,-1.24148639458606,-1.25236895581015,0.891365202714808
"null",16000,801,50,0,320,296.016360773773,0.175073637683829,295.841287136089,317.918815487514,317.960420943507,2.08027279963171,25.050964637524,25.0438901409921,25.0439613479976,-0.874315820993713,-0.883214775455867,0.806769142107032
"null",16000,801,50,1,320,313.922500362575,0.158755114449145,313.763745248126,317.886732215771,317.928322556072,2.07951701507973,25.0484981628746,25.0413508072081,25.0439613479976,-0.158262256979178,-0.166308013493716,0.554054679059603
"null",16000,802,2,0,8000,8066.76536128193,-3.51094280511642,8070.27630408705,7997.463839169,7998.73189491286,2.53611148771377,90.3721526594802,89.4427186322872,89.4427190999916,0.766845981571968,0.799890815800448,0.292044144252941
"null",16000,802,2,1,8000,7937.17737424759,-3.95347756473308,7941.13085181233,7997.34278436981,7998.60835417898,2.53113961833066,90.3676363240295,89.4421655647622,89.4427190999916,-0.665784926657682,-0.64262198934613,0.683267375101443
"null",16000,802,5,0,3200,3192.49130530443,-1.41109085374452,3193.90239615817,3197.74584612518,3198.19665503041,2.2540445261735,71.7407816339222,71.5541729401418,71.5541752799933,-0.0732434286479329,-0.0600140941581923,0.524154160601385
"null",16000,802,5,1,3200,3167.89327253636,-1.65391121219396,3169.54718374855,3197.66957533789,3198.11948064927,2.24952655692454,71.7380741302255,71.5526404058936,71.5541752799933,-0.415069726397732,-0.399318553985471,0.644046817669638
"null",16000,802,10,0,1600,1659.65651618934,-0.705981748867408,1660.36249793821,1597.83749001092,1598.05372181761,2.16231806699627,53.7278721654614,53.6656251629514,53.665631459995,1.15059509500107,1.161055627907,0.138151595474231
"null",16000,802,10,1,1600,1539.3933275432,-0.781108048582209,1540.17443559178,1597.79944289038,1598.01493012728,2.15487236895195,53.7260216691105,53.6642021969511,53.665631459995,-1.08711037096498,-1.07782268565578,0.850318376649485
"null",16000,802,25,0,640,663.702430888832,-0.29811117391322,664.000542062745,637.900545116009,637.984505782172,2.09901665407243,35.0694708594055,35.0542198402885,35.0542436803306,0.735736386678401,0.742165605142694,0.233095307885889
"null",16000,802,25,1,640,662.031716086447,-0.312674073144639,662.344390159591,637.879757072136,637.963773648351,2.1004144053919,35.0683261546521,35.0531846526917,35.0542436803306,0.688711485908972,0.695532139313558,0.247272024807244
"null",16000,802,50,0,320,331.205897583035,-0.145742133483312,331.351639716519,317.920149471823,317.961729668344,2.07900982606246,25.0492311768932,25.043895764923,25.0439613479976,0.530385464423679,0.534657633694871,0.293592895124655
"null",16000,802,50,1,320,329.473543437263,-0.159228013813721,329.632771451077,317.906938531553,317.948586393659,2.08239310525389,25.0484327694485,25.0431361509745,25.0439613479976,0.461769604995703,0.46656237409641,0.317052583067981
"null",16000,803,2,0,8000,7895.39163115137,-12.8183506812638,7908.20998183263,7997.46158610996,7998.73076720211,2.53836218430102,90.6930585558539,89.4427185826544,89.4427190999916,-1.12544395992258,-1.01205315316782,0.790889248423419
"null",16000,803,2,1,8000,7826.79613468342,-12.6255489639741,7839.42168364739,7997.43860428653,7998.70677271509,2.53633685711389,90.6909938729346,89.4425974826209,89.4427190999916,-1.88158120576112,-1.78086385626987,0.912792767126332
"null",16000,803,5,0,3200,3170.52581771589,-5.15784406644941,3175.68366178234,3197.74468461844,3198.19572417565,2.25519778604105,71.805546334911,71.5541727098399,71.5541752799933,-0.37906357227064,-0.314615647707985,0.631632937038078
"null",16000,803,5,1,3200,3095.95173619214,-5.14358074510442,3101.09531693724,3197.72693413443,3198.17831139768,2.25688631622191,71.8046290797411,71.5538645367571,71.5541752799933,-1.41739048368696,-1.35678198639524,0.899986467793665
"null",16000,803,10,0,1600,1570.27332778147,-2.56610277292738,1572.8394305544,1597.84151015311,1598.05733852655,2.15828373444851,53.7494964391754,53.6656246219755,53.665631459995,-0.512901221369229,-0.46990803050907,0.684921267580097
"null",16000,803,10,1,1600,1576.97111469867,-2.58338132466531,1579.55449602333,1597.83385770847,1598.04954197358,2.15684265109845,53.7489844308391,53.6653389293787,53.665631459995,-0.38815138984911,-0.344636711874527,0.641254008383175
"null",16000,803,25,0,640,621.533914735213,-1.05088771947154,622.584802454685,637.898429897366,637.982474044413,2.10110367617982,35.0747705061572,35.0542182157743,35.0542436803306,-0.466560862009913,-0.439253030689448,0.672303722644413
"null",16000,803,25,1,640,601.999367568976,-1.04678872964975,603.046156298625,637.895352225577,637.979363215662,2.1002747521501,35.0745023871518,35.0540093123506,35.0542436803306,-1.02342106697285,-0.996553820870044,0.84343503521007
"null",16000,803,50,0,320,300.83827362749,-0.542377274721286,301.380650902211,317.917102529604,317.958742689592,2.0820079993919,25.0510823660365,25.0438918608328,25.0439613479976,-0.681760119286046,-0.661961482644295,0.747482678046141
"null",16000,803,50,1,320,301.186112460974,-0.517136143538091,301.703248604512,317.915899222044,317.957523729578,2.08122537669095,25.0509076953631,25.0437382407704,25.0439613479976,-0.667831559818773,-0.649035498167151,0.742890847778826
"null",16000,804,2,0,8000,7801.9342915877,-11.7606255190325,7813.69491710673,7997.46085476373,7998.730400742,2.53909195654067,90.6273391567828,89.4427185545956,89.4427190999916,-2.15747880270185,-2.06875961090476,0.940359574644043
"null",16000,804,2,1,8000,8056.55851337675,-11.415738966238,8067.97425234299,7996.79989644667,7998.0689431028,2.53809331226564,90.6289134917097,89.4397040006542,89.4427190999916,0.659376954083738,0.781591464565615,0.320197591097408
"null",16000,804,5,0,3200,3114.55961066779,-4.68013429084722,3119.23974495864,3197.74881230401,3198.19902712752,2.25107411755847,71.7922687156424,71.5541728086828,71.5541752799933,-1.15874875003213,-1.10348955301324,0.8518015503458
"null",16000,804,5,1,3200,3125.52502531206,-4.58884244269872,3130.11386775476,3197.32364967662,3197.77195864425,2.24154483810372,71.7861203465636,71.5459048046366,71.5541752799933,-1.00017418434013,-0.945659867944025,0.817215972850528
"null",16000,804,10,0,1600,1534.52526617058,-2.3084686236277,1536.8337347942,1597.84419301262,1598.05975331702,2.1556030439883,53.7450618311887,53.6656246953823,53.665631459995,-1.1781347845674,-1.14087963888155,0.869954369290224
"null",16000,804,10,1,1600,1579.87734568262,-2.25971649134014,1582.13706217396,1597.60692882958,1597.82183039543,2.14901565850281,53.7382918011683,53.6579868095502,53.665631459995,-0.329924576176713,-0.292310039084047,0.621712905657112
"null",16000,804,25,0,640,618.796490724236,-0.956509601142318,619.753000325378,637.902357188671,637.986244714076,2.09718813512516,35.0736841567857,35.0542188957872,35.0542436803306,-0.544735089106363,-0.520144078603017,0.699990726870139
"null",16000,804,25,1,640,646.561916546582,-0.87039492410787,647.432311470689,637.798479340382,637.882375069262,2.09739322200733,35.0683833204766,35.0486808628582,35.0542436803306,0.249895671725553,0.272476343369244,0.398486147957708
"null",16000,804,50,0,320,293.35206014109,-0.470025108932888,293.822085250023,317.919186722553,317.960785198673,2.07992380598713,25.0507019631679,25.0438918633995,25.0439613479976,-0.980696134486961,-0.963855780895147,0.835764650127966
"null",16000,804,50,1,320,314.988423672769,-0.452813671296001,315.441237344065,317.867479323036,317.909056089337,2.07883831500969,25.0467061262761,25.0398102394991,25.0439613479976,-0.11494747595763,-0.098555808597115,0.537181638158622
"null",16000,805,2,0,8000,8094.18152994188,25.0312789385764,8069.1502510033,7997.46051897479,7998.73023406766,2.53943018575511,90.56403687855,89.4427186139821,89.4427190999916,1.06798475753462,0.787319728501997,0.222816542005224
"null",16000,805,2,1,8000,8033.9021742669,24.6759244875118,8009.22624977939,7997.23179520833,7998.49883339064,2.53407636461724,90.5563969623061,89.4415658135999,89.4427190999916,0.404945208606673,0.119937707833795,0.38640064527433
"null",16000,805,5,0,3200,3132.01400637589,10.0056776796661,3122.00832869622,3197.75055794623,3198.20042388113,2.24932967449648,71.7794866176674,71.5541728578777,71.5541752799933,-0.915812506719192,-1.06481693717908,0.794597092175048
"null",16000,805,5,1,3200,3120.94977117885,10.140404952856,3110.80936622599,3197.59961441178,3198.04949961941,2.24942603817643,71.7747836750995,71.5512895601112,71.5541752799933,-1.0679216196582,-1.21926710098117,0.832207175832077
"null",16000,805,10,0,1600,1655.72438209501,5.00401122262132,1650.72037087239,1597.84680321098,1598.06210323202,2.1530002104303,53.7407939136171,53.6656249699625,53.665631459995,1.07697662556056,0.981229002174891,0.153677749318461
"null",16000,805,10,1,1600,1597.43457619,4.9946835887948,1592.4398926012,1597.76223766662,1597.97747473663,2.15237070016649,53.7374651121774,53.6629525093028,53.665631459995,-0.00609744944125636,-0.103191901982549,0.499285741971467
"null",16000,805,25,0,640,673.389591788093,2.00237580406331,671.38721598403,637.904731499325,637.988524075619,2.09481440735369,35.0726376706691,35.054218960628,35.0542436803306,1.01175339653577,0.952772387994806,0.160708393747299
"null",16000,805,25,1,640,612.107089243694,2.07690912007771,610.030180123616,637.867886893511,637.951698610154,2.09529291607008,35.0705261490173,35.0522754091101,35.0542436803306,-0.734542662415661,-0.796567930630861,0.763059558489213
"null",16000,805,50,0,320,335.462911794745,1.00350762819025,334.459404166554,317.921860131975,317.963405625174,2.07727465991877,25.0503378163858,25.0438938468588,25.0439613479976,0.70023214023468,0.658683455626049,0.239943112144614
"null",16000,805,50,1,320,298.233597122877,1.03582712775868,297.197769995118,317.901590444583,317.943170729677,2.07901425465335,25.0488452485065,25.0424608274611,25.0439613479976,-0.785185629380619,-0.828409032063219,0.780553977170168
"null",16000,806,2,0,8000,7985.5969173112,-4.96669189799374,7990.56360920919,7997.46252008161,7998.73123494088,2.53742971852595,90.5398596623225,89.4427186009445,89.4427190999916,-0.131053911665792,-0.0913168322636638,0.536987103257634
"null",16000,806,2,1,8000,7996.33485543944,-4.27356382122745,8000.60841926067,7997.37713789149,7998.64648973816,2.53870369335845,90.5417728679489,89.4423419295811,89.4427190999916,-0.0115116196538995,0.0219351313950119,0.503149791454004
"null",16000,806,5,0,3200,3167.14301700376,-1.95522765560235,3169.09824465936,3197.75330092947,3198.20261815118,2.24658610850887,71.7746062318999,71.5541728473894,71.5541752799933,-0.426477908172936,-0.406745998642036,0.647558810237446
"null",16000,806,5,1,3200,3346.00551034931,-1.7347668606397,3347.74027720995,3197.69235891468,3198.14297705767,2.25309071495122,71.774395793169,71.5531374649004,71.5541752799933,2.06637965803322,2.09071615099565,0.0335391720626907
"null",16000,806,10,0,1600,1513.29204840045,-0.986210026381907,1514.27825842683,1597.84119606668,1598.05705649922,2.15860432540195,53.7391644921058,53.6656248624,53.665631459995,-1.57332456626947,-1.56112592161547,0.934968808312579
"null",16000,806,10,1,1600,1615.32083615197,-0.896382101678901,1616.21721825365,1597.81302989393,1598.02862747762,2.15597583682606,53.7385206001668,53.6646606226728,53.665631459995,0.325796208427532,0.338930509668613,0.37559684906481
"null",16000,806,25,0,640,635.194999176627,-0.390766466313831,635.58576564294,637.899042843954,637.983062944918,2.10050252409784,35.0722379556539,35.0542189025084,35.0542436803306,-0.0770992621214019,-0.0683882675761372,0.523909833142492
"null",16000,806,25,1,640,687.434792903608,-0.371772724057046,687.806565627665,637.88918781882,637.973074757512,2.0971734673023,35.0716200152321,35.0535147174185,35.0542436803306,1.41269793249556,1.42164034824703,0.085617680817614
"null",16000,806,50,0,320,327.024213257171,-0.178744689854439,327.202957947025,317.919774343532,317.961361379645,2.07935180567908,25.0501973747713,25.0438931237996,25.0439613479976,0.363447791545482,0.369015972145222,0.351645950101562
"null",16000,806,50,1,320,367.556952934542,-0.176936292714952,367.733889227257,317.914052273742,317.955617770913,2.07827485854075,25.0497026207283,25.0433674712644,25.0439613479976,1.98177604790093,1.98768282713824,0.0288826706824882
"null",16000,807,2,0,8000,7874.74499835856,-21.6116690635185,7896.35666742207,7997.46562298528,7998.73278743848,2.53432890639492,90.5619598235578,89.4427186293653,89.4427190999916,-1.35510124632705,-1.14459982416938,0.835049131263253
"null",16000,807,2,1,8000,8204.28004067364,-19.7927073810181,8224.07274805466,7997.20690539014,7998.47399929793,2.53418781558286,90.5542341773186,89.4415108000735,89.4427190999916,2.28673056720921,2.52230476362366,0.0523550037922766
"null",16000,807,5,0,3200,3184.05729028846,-8.68016073151325,3192.73745101997,3197.75079872787,3198.20061645981,2.24908865966762,71.7790674323525,71.5541728554782,71.5541752799933,-0.190773005686078,-0.0763500606857384,0.566021180996648
"null",16000,807,5,1,3200,3274.03392873194,-8.2790681173746,3282.31299684932,3197.5818382591,3198.03219725869,2.25179499793165,71.7740255980312,71.5510008406136,71.5541752799933,1.06517768560184,1.17791223882905,0.170647628613394
"null",16000,807,10,0,1600,1585.68897158515,-4.314046965461,1590.00301855061,1597.84618978407,1598.06155104748,2.15361263414986,53.7406541458612,53.6656249411806,53.665631459995,-0.226220138034078,-0.150161905422785,0.581810659534741
"null",16000,807,10,1,1600,1675.45918818843,-4.26138769951526,1679.72057588795,1597.74907235283,1597.96477850065,2.15706147821507,53.7370354867748,53.6626873380947,53.665631459995,1.44611840105568,1.52351291824446,0.0868567847715589
"null",16000,807,25,0,640,612.728234916127,-1.73205329541973,614.460288211547,637.903945969916,637.987769943107,2.09559932977783,35.0726038004528,35.0542189341694,35.0542436803306,-0.717816994627119,-0.671174039728113,0.757508311247953
"null",16000,807,25,1,640,709.349710654676,-1.73185683956369,711.08156749424,637.861956403103,637.945850549866,2.09735366907625,35.0702774954895,35.0520686591208,35.0542436803306,2.03841427433153,2.08648789478346,0.0258300714009995
"null",16000,807,50,0,320,301.64249956892,-0.852427680026076,302.494927248946,317.922352911902,317.963888483318,2.0767785707967,25.0503254301949,25.0438935651717,25.0439613479976,-0.649885902215047,-0.617673972863593,0.736806335987454
"null",16000,807,50,1,320,362.033992534158,-0.873363632858352,362.907356167016,317.901744807563,317.943280558194,2.07678753156546,25.0486702262829,25.0423006069436,25.0439613479976,1.76185990425503,1.79552495254188,0.044795684796757
"null",16000,808,2,0,8000,8180.32628397139,19.0308605140124,8161.29542345738,7997.45831757163,7998.72913541695,2.54163569063701,90.5843569589211,89.4427186458674,89.4427190999916,2.01875878505922,1.81754636376924,0.0754945949611064
"null",16000,808,2,1,8000,7964.16626320714,18.2024598339443,7945.9638033732,7997.27182501553,7998.53946412168,2.53527821231135,90.5865781575395,89.4418568312228,89.4427190999916,-0.365457692317415,-0.587819423826309,0.603577392368914
"null",16000,808,5,0,3200,3264.51965471559,7.60056882007911,3256.91908589551,3197.74909541927,3198.19925422431,2.25079402523904,71.7835890096136,71.5541729026127,71.5541752799933,0.930164682729614,0.820634622541346,0.202033614762075
"null",16000,808,5,1,3200,3191.80064255752,7.53007989508317,3184.27056266243,3197.62630937623,3198.07608771979,2.24889171781911,71.7823838481778,71.5518072040445,71.5541752799933,-0.081157332849705,-0.192944463554772,0.527596302029657
"null",16000,808,10,0,1600,1608.01253268557,3.80742584778682,1604.20510683779,1597.83817429631,1598.05433729591,2.16162999600343,53.7421638543564,53.6656250031148,53.665631459995,0.189317989071606,0.114612837202946,0.425231732043523
"null",16000,808,10,1,1600,1659.46874492091,3.86952901494597,1655.59921590596,1597.77609830452,1597.99144395081,2.15345646291027,53.7404280611856,53.663426218321,53.665631459995,1.14797460388942,1.07350156363074,0.138867242809919
"null",16000,808,25,0,640,653.571796458533,1.53430783762299,652.03748862091,637.896454707641,637.980579000138,2.10310731242124,35.0729744698595,35.0542198271831,35.0542436803306,0.446935054349701,0.401004777458259,0.325974410703727
"null",16000,808,25,1,640,643.89691193941,1.52948534714015,642.36742659227,637.8680171083,637.952083869227,2.10166902318115,35.0715024549788,35.0526246199342,35.0542436803306,0.171902952799049,0.125963255845088,0.427310299869077
"null",16000,808,50,0,320,311.823781746392,0.740793039138109,311.082988707254,317.915055532809,317.956737321012,2.08408941016252,25.0504561898339,25.0438946160795,25.0439613479976,-0.243160193980397,-0.274468037784566,0.587074018126336
"null",16000,808,50,1,320,318.519526858234,0.775556785387976,317.743970072846,317.903144480058,317.944759473556,2.08074967490319,25.049321862475,25.0427157628724,25.0439613479976,0.0246067490992325,-0.00801787644005641,0.481246722631011
"null",16000,809,2,0,8000,8059.93489794499,11.9731882790262,8047.96170966597,7997.48142292134,7998.74068636259,2.51852688249595,90.4521164969186,89.4427186447959,89.4427190999916,0.690458968152314,0.550307772942947,0.310755864234245
"null",16000,809,2,1,8000,8073.53998113355,11.298580367233,8062.24140076632,7996.466405781,7997.73210700914,2.53140245627548,90.4325098626227,89.4381066576774,89.4427190999916,0.852277300161499,0.721273025200338,0.274030707963338
"null",16000,809,5,0,3200,3218.32234681956,4.82038264498936,3213.50196417457,3197.76237349798,3198.20987755375,2.23752027885917,71.7569033992883,71.5541730103785,71.5541752799933,0.28652258316073,0.213713414291006,0.396697673905089
"null",16000,809,5,1,3200,3102.26719401944,5.0951572495476,3097.17203676989,3197.10912753182,3197.55786986914,2.24371168660526,71.740615220249,71.5418510692366,71.5541752799933,-1.32201171151388,-1.40317634501934,0.885092328422161
"null",16000,809,10,0,1600,1628.13289089374,2.38650572676631,1625.74638516697,1597.85295111337,1598.06763723121,2.14686117838765,53.7332546490785,53.6656253038545,53.665631459995,0.563523277682031,0.515763075135155,0.294090785073043
"null",16000,809,10,1,1600,1528.16060886633,2.44060804798512,1525.72000081835,1597.48637900547,1597.70130237531,2.14923369840436,53.7204446280167,53.6542120358101,53.665631459995,-1.290491369146,-1.34157783379475,0.892882430527867
"null",16000,809,25,0,640,625.245938311832,0.972034184598058,624.273904127234,637.908327202947,637.991976727448,2.09123811252069,35.0707903918068,35.0542200641973,35.0542436803306,-0.361052281675211,-0.391338691178722,0.633356642191504
"null",16000,809,25,1,640,588.519445355983,0.915684253640673,587.603761102342,637.75043323853,637.834197646485,2.09411019886517,35.0621596053114,35.0459379927494,35.0542436803306,-1.40410597740505,-1.43327413734895,0.919829291922722
"null",16000,809,50,0,320,282.781659448972,0.472008218457714,282.309651230515,317.925628213795,317.967098841498,2.07353138514596,25.0496929158996,25.0438958294094,25.0439613479976,-1.40297004369726,-1.42379795275742,0.922917191373962
"null",16000,809,50,1,320,272.563788927498,0.445353598739693,272.118435328758,317.845681674994,317.887166877781,2.07426013933577,25.0434452784196,25.0377707762876,25.0439613479976,-1.80813351534009,-1.82798748171176,0.969164362145746
"null",16000,810,2,0,8000,8196.38328796569,-2.93090861108265,8199.31419657677,7997.4685830464,7998.73426431981,2.53136254682942,90.7331026243748,89.442718543258,89.4427190999916,2.19230577557539,2.24255183120302,0.0592583796396576
"null",16000,810,2,1,8000,8039.2377221568,-2.38265489276201,8041.62037704956,7997.14288323813,7998.40566448269,2.52556248911651,90.7229321571868,89.4411014320178,89.4427190999916,0.463993368796042,0.483163913178297,0.370411463909611
"null",16000,810,5,0,3200,3273.22118167022,-1.1715230664765,3274.3927047367,3197.7518747729,3198.20147619166,2.24800709379361,71.8136396544302,71.554172705267,71.5541752799933,1.05090491528462,1.06480482778929,0.173197775060766
"null",16000,810,5,1,3200,3248.85303777496,-0.838213597902498,3249.69125137286,3197.54060253272,3197.99050496136,2.24951214317372,71.8071389427637,71.5501448840616,71.5541752799933,0.714586822392921,0.722580597080256,0.260810943553533
"null",16000,810,10,0,1600,1647.414602288,-0.595200022419806,1648.00980231042,1597.84444844816,1598.05998314475,2.15534696587723,53.7521996314826,53.665624661867,53.665631459995,0.922197680833126,0.930760043890016,0.190245042232665
"null",16000,810,10,1,1600,1624.04789175872,-0.508933093474916,1624.55682485219,1597.72478994047,1597.94050416306,2.15714222592364,53.7475963359869,53.6619193573691,53.665631459995,0.489754028323362,0.496000161900193,0.319159272997646
"null",16000,810,25,0,640,643.415127151574,-0.199455715587992,643.614582867162,637.899727211964,637.983719712809,2.09981252112587,35.0754335078202,35.0542185570663,35.0542436803306,0.157243956468291,0.160632967618043,0.432576240991754
"null",16000,810,25,1,640,672.094499234363,-0.140126688706233,672.234625923069,637.848284054461,637.932320186828,2.10090330919431,35.0725118576967,35.0515255919519,35.0542436803306,0.976440333639425,0.978625185550168,0.169396075953724
"null",16000,810,50,0,320,345.591486623833,-0.082782546687766,345.674269170521,317.920474105118,317.962046818672,2.07863567771907,25.0513142597777,25.0438918193975,25.0439613479976,1.1045732863263,1.10654616110363,0.137813669065586
"null",16000,810,50,1,320,318.266317701916,-0.051289257085052,318.317606959001,317.890594550186,317.932251076906,2.0828263360008,25.0492457753815,25.0419045146905,25.0439613479976,0.0149993798256133,0.0153884414769288,0.485244720434482
"null",16000,811,2,0,8000,8041.08124752987,-25.0806716948191,8066.16191922469,7997.46218079625,7998.73106550672,2.53776942093034,90.4985156950034,89.4427186345289,89.4427190999916,0.481986543078976,0.753899867394419,0.364938613025741
"null",16000,811,2,1,8000,8017.76211032719,-25.6460008914011,8043.40811121859,7997.40034754183,7998.66716952461,2.53364396556236,90.5003151559636,89.4424205852453,89.4427190999916,0.224991070476109,0.500220604509959,0.43589143066413
"null",16000,811,5,0,3200,3306.16765909491,-10.0410194427971,3316.2086785377,3197.74305112,3198.19441902998,2.25683954992333,71.7662631106097,71.5541729472033,71.5541752799933,1.51080191827458,1.64929946985478,0.0891712120872061
"null",16000,811,5,1,3200,3140.55410920237,-10.0381219334129,3150.59223113578,3197.70740146184,3198.15741868967,2.25008613915857,71.766198302426,71.5533655299512,71.5541752799933,-0.796381773193874,-0.664751227305692,0.762477951527485
"null",16000,811,10,0,1600,1656.8638073195,-4.99838082724397,1661.86218814674,1597.83486202933,1598.051356326,2.16494296663122,53.7363789691077,53.6656250326394,53.665631459995,1.09849130928785,1.18904478950788,0.149061728590799
"null",16000,811,10,1,1600,1557.77258741394,-4.99966126702066,1562.77224868096,1597.82111645954,1598.03659664107,2.154801815354,53.7359169233215,53.664876728168,53.665631459995,-0.745284184928819,-0.657121568334944,0.759848152451116
"null",16000,811,25,0,640,637.919584878399,-2.00609772573743,639.925682604137,637.894118993864,637.978336618596,2.10544061827887,35.0715562146486,35.0542197291442,35.0542436803306,0.00072611219128872,0.0555523985582281,0.493452294677607
"null",16000,811,25,1,640,669.741161959785,-2.02859202285309,671.769753982638,637.888052345359,637.972107349336,2.10137509942041,35.0710907211449,35.0536784594378,35.0542436803306,0.908244053990079,0.964168330362573,0.185969368654667
"null",16000,811,50,0,320,351.576121695376,-0.997704218378247,352.573825913754,317.91749373022,317.959126767408,2.08165185942016,25.0499599396037,25.0438946995438,25.0439613479976,1.34365995180465,1.38216118385838,0.0945197970784152
"null",16000,811,50,1,320,349.432863741753,-1.02954371059668,350.46240745235,317.913848281937,317.955449762025,2.08007400441043,25.0495834260573,25.0434908513705,25.0439613479976,1.25826505470066,1.29802022742153,0.108644000480794
"null",16000,812,2,0,8000,8122.65512823033,4.92651854503424,8117.7286096853,7997.48378803435,7998.74187040318,2.51616473765657,90.3127517478495,89.4427186596165,89.4427190999916,1.38597637402812,1.33031219382922,0.162116018741623
"null",16000,812,2,1,8000,7964.87929827948,5.0254361364643,7959.85386214302,7997.34825645901,7998.61564380246,2.5347746868886,90.3086654813934,89.4422107413744,89.4427190999916,-0.359533141215837,-0.43337235672232,0.60139681861498
"null",16000,812,5,0,3200,3339.08304634732,2.02496553713889,3337.05808081018,3197.75810066355,3198.20645923323,2.24179284839799,71.7288109500715,71.5541729958574,71.5541752799933,1.97026750913443,1.94051046589543,0.0403098653857514
"null",16000,812,5,1,3200,3231.80566647266,1.93034280070073,3229.87532367195,3197.6777254539,3198.12702406157,2.2464930383892,71.7263231434211,71.5527405953303,71.5541752799933,0.475807758199448,0.443704872045861,0.333761011993002
"null",16000,812,10,0,1600,1712.8513558551,1.02288265438023,1711.82847320072,1597.84709435792,1598.06236594978,2.15271591858222,53.7238763790896,53.6656252172938,53.665631459995,2.14065457015197,2.1199064911719,0.0229359038221082
"null",16000,812,10,1,1600,1644.24574513335,0.880534685820363,1643.36521044753,1597.80107336962,1598.01671116981,2.15637800185851,53.7221729926457,53.6643016722912,53.665631459995,0.864534496214175,0.845040331553158,0.205529201740055
"null",16000,812,25,0,640,750.888449719311,0.39910335930389,750.489346360007,637.902747405739,637.98662022594,2.09682050503055,35.0684916069305,35.0542201909913,35.0542436803306,3.22185805936526,3.20939177996547,0.00130869085794433
"null",16000,812,25,1,640,663.501610590815,0.344894544123477,663.156716046691,637.883868715932,637.967769341782,2.09751564624125,35.067423939848,35.0532498022186,35.0542436803306,0.730528193882317,0.718590910886536,0.234773892422522
"null",16000,812,50,0,320,354.582711812906,0.215546940984313,354.367164871922,317.919990946833,317.961574516007,2.07917845870528,25.0488891324729,25.0438965717906,25.0439613479976,1.46364657818473,1.45367116700688,0.0771326906732951
"null",16000,812,50,1,320,325.533641344447,0.203058161035009,325.330583183412,317.909898172961,317.951498150141,2.07999885898298,25.0481379412662,25.0431800164682,25.0439613479976,0.30436366924209,0.294654473929376,0.373427663085876
"null",16000,813,2,0,8000,7992.88770508519,-1.82442696956028,7994.71213205475,7997.47074526318,7998.73534586371,2.52920120105084,90.7146090212244,89.4427185607092,89.4427190999916,-0.0505215226901816,-0.0449808980954735,0.514023312786183
"null",16000,813,2,1,8000,7900.53978118117,-1.68175917259843,7902.22154035377,7997.47250757223,7998.7325803368,2.52014552912363,90.7154602762156,89.4426848139012,89.4427190999916,-1.06853590441937,-1.0790266435297,0.778893899730492
"null",16000,813,5,0,3200,3174.04597011008,-0.768419100979532,3174.81438921106,3197.74981345839,3198.1998271744,2.25006858007857,71.8099008228181,71.5541726902722,71.5541752799933,-0.330091576185279,-0.326821442888798,0.614829477699998
"null",16000,813,5,1,3200,3105.80848901092,-0.719520686104878,3106.52800969703,3197.74686052676,3198.19654964831,2.24844560773191,71.8101080940238,71.5540850399878,71.5541752799933,-1.28029846989592,-1.28110840771777,0.876090925758495
"null",16000,813,10,0,1600,1567.75694220521,-0.372201090535487,1568.12914329574,1597.84976666793,1598.06476943479,2.15002766860367,53.7509506599363,53.6656246273539,53.665631459995,-0.559856599618262,-0.557817529320008,0.700751197072353
"null",16000,813,10,1,1600,1523.0959606202,-0.356326860280211,1523.45228748048,1597.84313403004,1598.05854398791,2.15409957876888,53.7509804991282,53.6655442653466,53.665631459995,-1.39061971922629,-1.39020776792172,0.908964361913707
"null",16000,813,25,0,640,708.077107294008,-0.163285295774352,708.240392589782,637.908291010949,637.991940758604,2.09124369136811,35.0751272462106,35.0542182926764,35.0542436803306,2.00052920094934,2.00399424812889,0.0278911380713613
"null",16000,813,25,1,640,576.92346519901,-0.13395485586203,577.057420054873,637.90245245731,637.986291458477,2.09597502916892,35.0750972990647,35.0541591075565,35.0542436803306,-1.73852653175464,-1.73813530133918,0.959839214565744
"null",16000,813,50,0,320,342.703803978267,-0.120844859259099,342.824648837526,317.923471472678,317.964984113559,2.07563204403167,25.0512068459079,25.0438913200792,25.0439613479976,0.989187174015787,0.992643850999128,0.163156731229905
"null",16000,813,50,1,320,301.04691687165,-0.0906910468675785,301.137607918518,317.922537374214,317.964057433274,2.07600295301768,25.0511735787888,25.0438477684562,25.0439613479976,-0.67364590523026,-0.671879563808482,0.744733142509262
"null",16000,814,2,0,8000,7963.94628013914,-13.0744110207077,7977.02069115985,7997.46819904347,7998.7340739809,2.5317498748507,90.733440584675,89.4427185863022,89.4427190999916,-0.369454951650921,-0.242763001440971,0.604249511560383
"null",16000,814,2,1,8000,7827.57458228255,-11.1409743462007,7838.71555662875,7997.15305388844,7998.41954955707,2.53299133726249,90.7365566342765,89.4413068637262,89.4427190999916,-1.86891014929507,-1.78557311524577,0.911798094250135
"null",16000,814,5,0,3200,3204.33858823679,-5.26037644708048,3209.59896468387,3197.76200162658,3198.20957822027,2.23788296842552,71.8137073375102,71.5541727811345,71.5541752799933,0.0915784305536753,0.159171520275174,0.465121340908363
"null",16000,814,5,1,3200,3072.42032116525,-4.54169298124753,3076.9620141465,3197.54381454559,3197.99507328788,2.25629371146118,71.8116469751092,71.550363158087,71.5541752799933,-1.74238439933994,-1.69157854410837,0.943279077705189
"null",16000,814,10,0,1600,1543.68187513746,-2.61106061635652,1546.29293575382,1597.84910359769,1598.06417260433,2.15069006647609,53.7522221149475,53.665624618248,53.665631459995,-1.00772072909644,-0.964700163629805,0.831497443802319
"null",16000,814,10,1,1600,1507.64404761243,-2.19270446202668,1509.83675207446,1597.72984427488,1597.9454958574,2.15651582520927,53.7493657670211,53.6620687053007,53.665631459995,-1.6760345983044,-1.64191850796532,0.947124601902941
"null",16000,814,25,0,640,549.225609946513,-1.0159447540753,550.241554700588,637.899817293539,637.98380613395,2.09972101025769,35.0754391336896,35.0542185038863,35.0542436803306,-2.52809970558162,-2.50304400378043,0.99522834157544
"null",16000,814,25,1,640,542.239519600765,-0.91009825139065,543.149617852156,637.848348321678,637.932469891293,2.10303924039099,35.0730532302234,35.051646189709,35.0542436803306,-2.72599103629004,-2.70409131503117,0.997516147677223
"null",16000,814,50,0,320,289.692726471501,-0.491481249200777,290.184207720702,317.91780478129,317.959430839303,2.08130290067379,25.0513163226738,25.0438916802863,25.0439613479976,-1.12669042800926,-1.10906178133909,0.870965251003218
"null",16000,814,50,1,320,243.434209220899,-0.466781097650042,243.900990318549,317.891622184296,317.933279797671,2.08288066874676,25.0494813097539,25.04198923531,25.0439613479976,-2.97241336228405,-2.95632622406586,0.999309818940188
"null",16000,815,2,0,8000,7992.43791794876,9.00311805932663,7983.43479988944,7997.48028423105,7998.74011754907,2.51966663604115,90.5707483770787,89.4427186398486,89.4427190999916,-0.0556732319500411,-0.171118654401168,0.515441733815268
"null",16000,815,2,1,8000,7883.93193013372,8.47526976976321,7875.45666036396,7997.28454776865,7998.54720131404,2.52530709078488,90.5645349252121,89.4418306252992,89.4427190999916,-1.25162258856111,-1.37620775524763,0.816191551974033
"null",16000,815,5,0,3200,3199.37502617895,3.61112188802315,3195.76390429092,3197.75900382787,3198.20718112298,2.24088647557351,71.7808418364724,71.5541729301408,71.5541752799933,0.0225132822314879,-0.0341458328984564,0.48981750452414
"null",16000,815,5,1,3200,3053.41122047306,3.5676978519911,3049.84352262107,3197.63088751084,3198.08057720479,2.24844846977324,71.7769952925468,71.5518703608281,71.5541752799933,-2.00927423124881,-2.07174255314619,0.966191116746184
"null",16000,815,10,0,1600,1482.63043636321,1.80986618260355,1480.82057018061,1597.84651905696,1598.0618475662,2.15328509245358,53.7412465062745,53.6656250083479,53.665631459995,-2.14390417386947,-2.18466247933126,0.981244793427703
"null",16000,815,10,1,1600,1458.56350161978,1.84910741307883,1456.7143942067,1597.77923596662,1597.99450489336,2.15268926739268,53.7385555707098,53.663495563662,53.665631459995,-2.59061176595373,-2.63270420986747,0.994300131945445
"null",16000,815,25,0,640,604.368007006057,0.727148639923923,603.640858366133,637.903429745762,637.987274693901,2.09612370347418,35.0727492544085,35.0542193760742,35.0542436803306,-0.956167493356405,-0.979808335176083,0.826349997079717
"null",16000,815,25,1,640,651.256892918229,0.697152663176245,650.559740255053,637.871666538938,637.955628724078,2.09905462850639,35.0710640988365,35.0526783664907,35.0542436803306,0.381660115631765,0.359576275433028,0.349298757522296
"null",16000,815,50,0,320,293.632692756247,0.360270387673324,293.272422368574,317.922416904909,317.963951456933,2.07672760119821,25.0503773229653,25.0438945898857,25.0439613479976,-0.969635061201003,-0.985930083667217,0.832842734219084
"null",16000,815,50,1,320,308.685275161866,0.351488908943185,308.333786252923,317.904568615787,317.94616753347,2.07994588419484,25.0491952080935,25.0427632194069,25.0439613479976,-0.368047491240037,-0.383838684107299,0.635523254988378
"null",16000,816,2,0,8000,7952.64853083232,-18.4077408410801,7971.0562716734,7997.46267615735,7998.73131304692,2.53727377914737,90.4420128605686,89.4427186222779,89.4427190999916,-0.495501414747544,-0.309416370609152,0.638325323451949
"null",16000,816,2,1,8000,7892.16499173008,-18.7488073194907,7910.91379904957,7996.77776133159,7998.04836437294,2.54120608270658,90.4427129704229,89.4398554609251,89.4427190999916,-1.15667438719714,-0.974225247506595,0.798210570741661
"null",16000,816,5,0,3200,3096.20784770304,-7.36555812143398,3103.57340582447,3197.74588900604,3198.1966892644,2.25400129177299,71.7548654840874,71.5541729179486,71.5541752799933,-1.41506838063154,-1.32240063131506,0.899410917100627
"null",16000,816,5,1,3200,3156.10600032198,-7.81487738357691,3163.92087770556,3197.30357770772,3197.75410424179,2.25263267033425,71.7482984551011,71.5457781943503,71.5541752799933,-0.57419588022034,-0.472889210098772,0.697700602705382
"null",16000,816,10,0,1600,1515.43579845669,-3.69919804892109,1519.13499650561,1597.83969627103,1598.05570689382,2.16010622787766,53.7325736624451,53.6656249380725,53.665631459995,-1.53359298089864,-1.47060078922555,0.929833254645709
"null",16000,816,10,1,1600,1546.06273845162,-3.81085218504193,1549.87359063666,1597.58911949061,1597.80530815437,2.16188663763581,53.7255575849595,53.6578538600257,53.665631459995,-0.959066473298312,-0.893284283093971,0.820435268616052
"null",16000,816,25,0,640,621.989448085017,-1.45862182114727,623.448069906164,637.894404891918,637.978610925999,2.10515085201203,35.0706232033412,35.0542194870073,35.0542436803306,-0.45351223771199,-0.414516176154489,0.667605470991391
"null",16000,816,25,1,640,642.965782908163,-1.60044182415639,644.56622473232,637.791031734483,637.875107862067,2.10190318959856,35.0651449352067,35.0485298480629,35.0542436803306,0.147575353908912,0.190910058118247,0.437500816829835
"null",16000,816,50,0,320,324.165764486719,-0.756897496376508,324.922661983095,317.913570891529,317.955282356912,2.08557326911579,25.0496330749404,25.0438945406687,25.0439613479976,0.24959222262796,0.278206714809037,0.393840732629481
"null",16000,816,50,1,320,314.857902750625,-0.825051222179724,315.682953972805,317.859806145022,317.901506318278,2.08500866277758,25.0455114874137,25.0396961073645,25.0439613479976,-0.119857939252118,-0.0886014085777985,0.539249886993302
"null",16000,817,2,0,8000,7934.06098350921,-0.921843120369659,7934.98282662958,7997.46692658843,7998.7334396082,2.5330260395391,90.4693312569296,89.4427186903486,89.4427190999916,-0.700855662336513,-0.712753524401714,0.692034096728569
"null",16000,817,2,1,8000,7863.22041087106,0.0549681947328587,7863.16544267633,7996.96399198083,7998.22998982311,2.53199568455141,90.4577900856505,89.4404152095087,89.4427190999916,-1.47851921855634,-1.51010644159465,0.856884537270922
"null",16000,817,5,0,3200,3039.21649425262,-0.354378877999399,3039.57087313062,3197.7550508083,3198.20401896204,2.24484076870917,71.7603753867474,71.5541729684079,71.5541752799933,-2.20927713520522,-2.21696568139311,0.977831371530132
"null",16000,817,5,1,3200,3100.32629030854,-0.20617604286784,3100.53246635141,3197.42728144234,3197.87714635838,2.24932458021519,71.7517019413248,71.5480213333454,71.5541752799933,-1.3532918175683,-1.36055027368873,0.889826448862926
"null",16000,817,10,0,1600,1476.30293591745,-0.186044039058462,1476.48897995651,1597.85158518314,1598.06640749642,2.14822313286249,53.7344131436166,53.6656251665854,53.665631459995,-2.26202617940244,-2.26546186991248,0.986025693924523
"null",16000,817,10,1,1600,1487.21621697686,-0.13610800277023,1487.35232497963,1597.66423946563,1597.87956117595,2.15321710325195,53.7278078180267,53.6599138906644,53.665631459995,-2.05569568114248,-2.05977289530379,0.976976975610539
"null",16000,817,25,0,640,565.815815625853,-0.0594322566352969,565.875247882488,637.91289899417,637.996365875508,2.08667203344616,35.07107499736,35.0542203708062,35.0542436803306,-2.05574204308663,-2.05741611794863,0.981401537202491
"null",16000,817,25,1,640,582.393690540971,-0.032754700302764,582.426445241273,637.827782847948,637.91153646149,2.09384033854772,35.0666877028533,35.0500572970337,35.0542436803306,-1.58081917450297,-1.58302426583801,0.943579038216093
"null",16000,817,50,0,320,291.250806665836,-0.0367572548933862,291.287563920729,317.927550901189,317.968983172326,2.0716135568239,25.0497928849082,25.0438962037857,25.0439613479976,-1.0649486947026,-1.06538611382534,0.856638043855473
"null",16000,817,50,1,320,278.180009636607,-0.0536794263814541,278.233689062988,317.883015850272,317.924544005816,2.07640777716077,25.0466416388896,25.0408239802582,25.0439613479976,-1.5851628647898,-1.58504588244058,0.947750479976254
"null",16000,818,2,0,8000,7810.83116068842,-19.5899490477144,7830.42110973613,7997.47644718437,7998.73819734306,2.52350031736526,90.6617648422422,89.4427185541934,89.4427190999916,-2.05869902070332,-1.88184225980278,0.931401078445283
"null",16000,818,2,1,8000,8017.91803609107,-20.0396444690268,8037.95768056009,7996.82752101026,7998.09468894013,2.53433585974088,90.6459754249563,89.4395788908328,89.4427190999916,0.232669073082774,0.445697443059519,0.435406809409262
"null",16000,818,5,0,3200,3258.73474848524,-7.84941194980498,3266.58416043504,3197.76690268456,3198.21349890662,2.23298111034086,71.7992224629675,71.5541727427874,71.5541752799933,0.849143538178661,0.95550907665702,0.222734764952068
"null",16000,818,5,1,3200,3266.27783555646,-7.35627864094932,3273.63411419741,3197.33962530619,3197.78927502096,2.2482485738398,71.787764049296,71.5462599239742,71.5541752799933,0.960305856621076,1.06008111754613,0.195982338497187
"null",16000,818,10,0,1600,1664.78830346251,-3.90650239506738,1668.69480585758,1597.85496952292,1598.06945199091,2.14482467989171,53.74738411392,53.6656246286961,53.665631459995,1.24533193648491,1.31602593569553,0.119581073018323
"null",16000,818,10,1,1600,1632.03111925068,-3.91128479243828,1635.94240404311,1597.61547392995,1597.8306605878,2.15186657846287,53.7388153222408,53.6583181093412,53.665631459995,0.640424339732007,0.710267201772086,0.271090436079888
"null",16000,818,25,0,640,642.577978198,-1.56425126377627,644.142229461777,637.910321335714,637.99388997874,2.0892160756645,35.0742528300655,35.0542184719888,35.0542436803306,0.133079295656031,0.175395137904711,0.441760627159536
"null",16000,818,25,1,640,673.653373164821,-1.53177599825666,675.185149163078,637.80373651399,637.887609100632,2.09681466606306,35.0686396069003,35.0489245674761,35.0542436803306,1.02227052582265,1.06415647620343,0.158976546328065
"null",16000,818,50,0,320,327.010902401836,-0.791566603645467,327.802469005481,317.924674459039,317.966163019231,2.07442800961023,25.0509007239372,25.0438912842216,25.0439613479976,0.362710628369323,0.392762685104258,0.351838155814396
"null",16000,818,50,1,320,306.967074513714,-0.79406948166391,307.761143995378,317.872327329048,317.913849391913,2.07610314324859,25.0468677568167,25.0399714316689,25.0439613479976,-0.435393875242784,-0.405459943284701,0.661343326202934
"null",16000,819,2,0,8000,8161.96339917551,4.42984713802355,8157.53355203749,7997.46241539261,7998.73118225167,2.5375337181149,90.7732645251607,89.4427185860201,89.4427190999916,1.81221843946468,1.77546447934825,0.0980203693138882
"null",16000,819,2,1,8000,8023.17669801161,5.12718042267703,8018.04951758893,7997.15733252574,7998.4197795009,2.52489395032113,90.7764093368293,89.4412062791873,89.4427190999916,0.286631358036275,0.219470855824122,0.419127738377023
"null",16000,819,5,0,3200,3285.3983120441,1.79943492394741,3283.59887712016,3197.7469481437,3198.19753501295,2.2529343462622,71.8217597145358,71.5541727115084,71.5541752799933,1.22040123005596,1.19352008235108,0.137562046697286
"null",16000,819,5,1,3200,3249.03177897527,1.74870011060917,3247.28307886466,3197.55167630768,3198.0009990105,2.24661351411365,71.8196599543977,71.550310125039,71.5541752799933,0.716796803274744,0.688775209611754,0.260092962433435
"null",16000,819,10,0,1600,1632.98981693266,0.917070679723439,1632.07274625294,1597.84313302414,1598.05879902983,2.15666005692951,53.7549115366877,53.6656245841162,53.665631459995,0.653832048156918,0.633812565989919,0.265579965803141
"null",16000,819,10,1,1600,1657.44527248889,0.963086778929851,1656.48218570996,1597.73704423659,1597.95192822009,2.14883983500746,53.7520303166943,53.6620481572228,53.665631459995,1.11080879923071,1.09071978241277,0.146742964463268
"null",16000,819,25,0,640,651.948700546296,0.362625502116223,651.586075044179,637.899628865669,637.983624712395,2.09989616815361,35.0760978282504,35.0542177495795,35.0542436803306,0.400531203596758,0.388040333090805,0.342257656435726
"null",16000,819,25,1,640,650.151776420049,0.424518395469405,649.72725802458,637.858988426767,637.942668138794,2.09199280067341,35.0736906220159,35.0516223287543,35.0542436803306,0.350484587600428,0.33620668895883,0.360664427558286
"null",16000,819,50,0,320,321.257976179592,0.163191717946502,321.094784461645,317.921017173338,317.962578786349,2.07808065054685,25.0515460126246,25.0438908567631,25.0439613479976,0.133203715434248,0.125068652199876,0.438345558933283
"null",16000,819,50,1,320,321.057953288675,0.197415036838438,320.860538251837,317.900183412292,317.941665709576,2.07411486419347,25.0496957342933,25.0419727813379,25.0439613479976,0.126060208869536,0.116559209122546,0.441452681383844
"null",16000,820,2,0,8000,7945.16929465542,1.19402358692394,7943.9752710685,7997.46765003789,7998.73379953898,2.53229900217121,90.6876964529274,89.4427185826129,89.4427190999916,-0.576686335942138,-0.612218963580638,0.660330339741029
"null",16000,820,2,1,8000,8055.48376903917,0.872890759957864,8054.61087827921,7997.45182328848,7998.71710303915,2.53055950134835,90.686140173024,89.4426358940377,89.4427190999916,0.639920782161054,0.624911986116702,0.32322855099567
"null",16000,820,5,0,3200,3213.97819102692,0.47257435444167,3213.50561667248,3197.75131811075,3198.20103214257,2.24857015911515,71.8044630329504,71.5541728616151,71.5541752799933,0.225986968368901,0.213888078330634,0.417696212744929
"null",16000,820,5,1,3200,3294.53368483681,0.481092058836027,3294.05259277798,3197.74760387232,3198.19578949074,2.24092809211454,71.8037847335695,71.5539559692542,71.5541752799933,1.34792450458738,1.33964365755578,0.114405387377666
"null",16000,820,10,0,1600,1583.82002136469,0.238568404625636,1583.58145296006,1597.84831265087,1598.06346108855,2.15148437682086,53.7491341153835,53.665624739744,53.665631459995,-0.260995670294297,-0.269856322342689,0.594745709350008
"null",16000,820,10,1,1600,1620.65633944836,0.255381350680875,1620.40095809767,1597.84056751221,1598.05585486448,2.15287352274029,53.7487637114824,53.6654253038171,53.665631459995,0.424489241438609,0.416378014460757,0.340660077498671
"null",16000,820,25,0,640,688.691963272713,0.0716511583571074,688.620312114356,637.902482833096,637.986365346324,2.09706283068628,35.0746826716229,35.0542189157883,35.0542436803306,1.44803820223034,1.44444658400951,0.0805004872009947
"null",16000,820,25,1,640,668.050528458732,0.0967367273764467,667.953791731355,637.896433584295,637.980450262872,2.10041696442344,35.0744941255935,35.0540748536769,35.0542436803306,0.859715745762769,0.855060120502346,0.198500617807727
"null",16000,820,50,0,320,361.556113127887,0.0370088356326208,361.519104292254,317.921372601665,317.962927610919,2.07775046272936,25.0510525742116,25.0438928637443,25.0439613479976,1.74183261948607,1.73919353985061,0.046462619244425
"null",16000,820,50,1,320,319.815945174524,0.0246786534097285,319.791266521114,317.919284225869,317.96085335052,2.07845623257352,25.0509294146012,25.0437859182772,25.0439613479976,0.0757121988276301,0.0730885169106219,0.460848312013578
"null",16000,821,2,0,8000,7912.89118283355,-19.8270556207318,7932.71823845429,7997.47226734353,7998.73610686572,2.52767904438628,90.8939265558491,89.4427185175784,89.4427190999916,-0.930547152212672,-0.738102212294227,0.748588450037175
"null",16000,821,2,1,8000,8002.93847166225,-19.8207076503267,8022.75917931257,7997.47057378025,7998.73525832693,2.5293690933772,90.8939063603611,89.4427185011328,89.4427190999916,0.0601569247153149,0.26859560384824,0.482328739534741
"null",16000,821,5,0,3200,3212.10276694959,-7.92781003026174,3220.03057697985,3197.75235060605,3198.20185603839,2.24752716168297,71.8461707580133,71.554172554949,71.5541752799933,0.199738081962204,0.305065660911622,0.426844281179722
"null",16000,821,5,1,3200,3223.91778290933,-7.93726232322693,3231.85504523255,3197.75244249451,3198.201929128,2.24743316747124,71.8461645045853,71.5541725147448,71.5541752799933,0.364185626264689,0.470316613578567,0.370121084391823
"null",16000,821,10,0,1600,1621.97638220448,-3.95940270248651,1625.93578490697,1597.84486159752,1598.06035418122,2.15492583694263,53.7630659162393,53.6656243501768,53.665631459995,0.448849413546358,0.519428052189592,0.332221513950732
"null",16000,821,10,1,1600,1608.94986808745,-3.96478620372874,1612.91465429118,1597.84532747312,1598.06077334977,2.15445876649402,53.7630634799352,53.6656243126495,53.665631459995,0.20654590522855,0.27678576615201,0.418772497738906
"null",16000,821,25,0,640,649.171780411401,-1.5928711056699,650.764651517071,637.901476016583,637.985397793614,2.09804442577357,35.0780969672606,35.0542174497418,35.0542436803306,0.32129178516545,0.36455681093948,0.370858606765529
"null",16000,821,25,1,640,654.978897968432,-1.59670241072656,656.575600379158,637.901157673681,637.985092163032,2.09836223377159,35.0780963277985,35.0542174211826,35.0542436803306,0.486849119038899,0.530335850684038,0.312141566040526
"null",16000,821,50,0,320,320.461373209135,-0.783720689375361,321.24509389851,317.920898127967,317.962461397628,2.07816348306874,25.0522428331556,25.0438879513311,25.0439613479976,0.101407091496253,0.131075195163843,0.450748233803083
"null",16000,821,50,1,320,320.931400832926,-0.784868051873497,321.716268884799,317.920537257775,317.962107738506,2.07852403654221,25.0522425440976,25.0438879268312,25.0439613479976,0.120183395552363,0.149903288070203,0.443421068324631
"null",16000,822,2,0,8000,7867.36160794324,-14.1649702161013,7881.52657815934,7997.47406853749,7998.73701057148,2.52588406797256,90.449246571486,89.4427186568031,89.4427190999916,-1.43851348160675,-1.31045247922175,0.849271973113394
"null",16000,822,2,1,8000,8061.48278967392,-13.490296681723,8074.97308635565,7996.99682881826,7998.25966485286,2.5256720691985,90.4383538629051,89.4405835731908,89.4427190999916,0.713037755567873,0.857702604768962,0.306469028914852
"null",16000,822,5,0,3200,3260.25671181899,-5.69245690342957,3265.94916872242,3197.7621272181,3198.20968041299,2.23776597445979,71.7563247443087,71.5541730040902,71.5541752799933,0.870927891354172,0.946688158991807,0.217171953963123
"null",16000,822,5,1,3200,3133.7986379154,-5.46643659201716,3139.26507450742,3197.4495901203,3197.89904973661,2.24729808154035,71.748151382843,71.5484123101128,71.5541752799933,-0.887144142087456,-0.819500717570735,0.788102192922676
"null",16000,822,10,0,1600,1685.5980897024,-2.80467578446952,1688.40276548687,1597.85362457081,1598.06824291612,2.14618345307784,53.7330610368932,53.6656251383214,53.665631459995,1.63296978505178,1.68328464147985,0.0625397019212082
"null",16000,822,10,1,1600,1594.37520788272,-2.73084661585163,1597.10605449858,1597.67812269175,1597.8931959958,2.15073304047501,53.7268510607566,53.660272812382,53.665631459995,-0.0614760542227358,-0.01466898053195,0.520883633503352
"null",16000,822,25,0,640,683.248279997342,-1.12966160253135,684.377941599874,637.906546239755,637.99026701899,2.09301948086337,35.0707431285967,35.054220074799,35.0542436803306,1.29286492707978,1.32331212852265,0.104467319392471
"null",16000,822,25,1,640,666.288233659368,-1.05698474413166,667.3452184035,637.830004490272,637.913881413774,2.09692308755501,35.0666487186645,35.0503409622197,35.0542436803306,0.811546874564858,0.839687608786721,0.212114933535129
"null",16000,822,50,0,320,358.162293334258,-0.566163934500355,358.728457268758,317.924254718442,317.965753129168,2.07492053627589,25.0496777022806,25.0438970438575,25.0439613479976,1.60632959409902,1.62765020428753,0.0598291691296651
"null",16000,822,50,1,320,334.319436164078,-0.550685182279279,334.870121346357,317.88411375699,317.925673738956,2.07799909830348,25.0467364775235,25.0410319582402,25.0439613479976,0.656186183051679,0.676667304912115,0.253765860778361
"null",16000,823,2,0,8000,8063.57890446513,14.173931507977,8049.40497295715,7997.47139841686,7998.73567653523,2.52855623674377,90.2698263788178,89.4427187148554,89.4427190999916,0.732332260957875,0.566499958296895,0.30070681642875
"null",16000,823,2,1,8000,7936.89590031629,14.4143232848916,7922.4815770314,7996.95137011726,7998.21482172152,2.52690320852823,90.2590011667636,89.4405029996187,89.4427190999916,-0.665368207321596,-0.846744395997478,0.684063436042491
"null",16000,823,5,0,3200,3241.30788033217,5.67378886647562,3235.6340914657,3197.75428348699,3198.20340538867,2.24560950838024,71.7201660941109,71.5541730060165,71.5541752799933,0.60727127692416,0.523109757328679,0.292045404680575
"null",16000,823,5,1,3200,3175.03129041032,5.45714275143527,3169.57414765889,3197.42174699205,3197.8707847414,2.24518874675569,71.7116218496498,71.547895211673,71.5541752799933,-0.312229119969833,-0.395492236337583,0.610087861150761
"null",16000,823,10,0,1600,1577.6454043187,2.82358346099531,1574.8218208577,1597.84703405345,1598.06231198669,2.15277933245358,53.7209909435974,53.6656253475227,53.665631459995,-0.376047228093058,-0.433061032616204,0.636748723363273
"null",16000,823,10,1,1600,1528.13711387862,2.51485994863416,1525.62225392998,1597.65953844516,1597.87488747042,2.15349025266209,53.7143647293038,53.6597967546308,53.665631459995,-1.29429855341126,-1.3464947299527,0.892961398433779
"null",16000,823,25,0,640,653.409615612619,1.14320419864432,652.266411413975,637.902150538319,637.986047640595,2.0974275569036,35.0677854310839,35.0542207833215,35.0542436803306,0.44221398310925,0.407379295681682,0.327586038540797
"null",16000,823,25,1,640,603.212050394957,1.01175412273978,602.200296272217,637.823313228365,637.907171837277,2.09646522281766,35.0633284063949,35.0499640201114,35.0542436803306,-0.987107168841832,-1.01874214605676,0.834825428259162
"null",16000,823,50,0,320,274.17032622175,0.573915439704375,273.596410782045,317.921242298479,317.962801225936,2.07794637283938,25.0486433321004,25.0438981422291,25.0439613479976,-1.74663815108348,-1.77154491652718,0.963923999171857
"null",16000,823,50,1,320,264.802063493415,0.514700778959343,264.287362714456,317.880226602374,317.921792772085,2.07830848556517,25.0454320701827,25.0407571866427,25.0439613479976,-2.11927520196986,-2.14188531352556,0.986559650036053
"null",16000,824,2,0,8000,8017.21189026086,-21.8351116761996,8039.04700193706,7997.47849196429,7998.73922119681,2.5214584650326,90.405307824821,89.4427186281916,89.4427190999916,0.218276988059238,0.450654691163967,0.43760234338497
"null",16000,824,2,1,8000,7886.86030775957,-21.0611928021808,7907.92150056175,7997.27031384266,7998.53652023829,2.53241279125788,90.4071414371025,89.4418517159252,89.4427190999916,-1.22125314801497,-1.01311654374448,0.809912156384127
"null",16000,824,5,0,3200,3143.57425116927,-8.75339454572942,3152.327645715,3197.74844813945,3198.19873660409,2.25144232319368,71.7474644422762,71.5541729200024,71.5541752799933,-0.755067755931136,-0.641068005081569,0.75050697712829
"null",16000,824,5,1,3200,3119.20675458874,-9.03451363823029,3128.24126822697,3197.61880948083,3198.06990074528,2.25545632223416,71.7461111885906,71.5517909285569,71.5541752799933,-1.09291017440627,-0.975917326626155,0.837707591227252
"null",16000,824,10,0,1600,1539.08876149625,-4.36277833653487,1543.45153983278,1597.84802141323,1598.06319978168,2.15178368452656,53.7301028334627,53.6656250371557,53.665631459995,-1.09360036214896,-1.01762832187426,0.851600756347034
"null",16000,824,10,1,1600,1491.93870274403,-4.4830806942827,1496.42178343831,1597.77346852005,1597.98897817795,2.1550965789512,53.7282849958429,53.6633983080133,53.665631459995,-1.96981470345111,-1.89267168949434,0.971766971390845
"null",16000,824,25,0,640,604.568948979582,-1.72542737476132,606.294376354343,637.901127307539,637.985064945659,2.09844095299801,35.0700181960918,35.0542201960702,35.0542436803306,-0.950446564971321,-0.904047741300732,0.824850081827391
"null",16000,824,25,1,640,595.880924286166,-1.78976985279387,597.67069413896,637.870461280657,637.954409583943,2.09870758214703,35.0685059527154,35.0525976515146,35.0542436803306,-1.19735745375374,-1.14923623765278,0.882451884817931
"null",16000,824,50,0,320,331.49337812415,-0.886362598130114,332.37974072228,317.918138587998,317.959759112746,2.0810262373913,25.0494228044556,25.0438961788233,25.0439613479976,0.541938217184678,0.575788268189976,0.289786568509859
"null",16000,824,50,1,320,300.809619450461,-0.874370503166186,301.683989953627,317.90435552174,317.945941190384,2.0792834321887,25.0482629006972,25.0426963059029,25.0439613479976,-0.68247191987128,-0.649369023132057,0.74785916452946
"null",16000,825,2,0,8000,7883.29133811875,18.8349967737013,7864.45634134505,7997.47186945742,7998.73591053238,2.52808214993415,90.5066480761605,89.4427186411954,89.4427190999916,-1.26157065547922,-1.50129123116223,0.817547974148119
"null",16000,825,2,1,8000,8135.70834974206,18.8744208875244,8116.83392885453,7997.14511723068,7998.41450890227,2.53878334319546,90.4979188146842,89.441296863923,89.4427190999916,1.53112065256574,1.32399041722779,0.138321209956535
"null",16000,825,5,0,3200,3129.78677103099,7.52486991374098,3122.26190111725,3197.7508764742,3198.20067884765,2.24901186726465,71.7679040204229,71.5541728779648,71.5541752799933,-0.946998611299482,-1.06127671771039,0.802538071067185
"null",16000,825,5,1,3200,3194.3550568457,7.75497246229854,3186.60008438341,3197.54359076752,3197.99380292954,2.25106081009492,71.761840670212,71.5502632579961,71.5541752799933,-0.0444321646718548,-0.159240763448324,0.514859757203326
"null",16000,825,10,0,1600,1558.27338475282,3.7750439506005,1554.49834080222,1597.8424975259,1598.05822822617,2.15730700263721,53.7369268809235,53.6656250130644,53.665631459995,-0.736348635283259,-0.811690675611143,0.757037576987122
"null",16000,825,10,1,1600,1628.14417878248,4.17701240260882,1623.96716637987,1597.72724060597,1597.94294751895,2.15706912976455,53.7325379539076,53.6620070674733,53.665631459995,0.566080429750122,0.484965439854034,0.294022847578117
"null",16000,825,25,0,640,602.657042762321,1.50238761364908,601.154655148672,637.901079186213,637.98501826601,2.09847699494587,35.0716904597604,35.0542195339399,35.0542436803306,-1.00491410484844,-1.05066846750586,0.838801679034238
"null",16000,825,25,1,640,688.501806989599,1.63503183397811,686.866775155621,637.84639118359,637.930551740349,2.10401391898182,35.0688695967821,35.0515942267963,35.0542436803306,1.44445533569914,1.39611976273139,0.0812589246229565
"null",16000,825,50,0,320,313.894977246106,0.745108025508818,313.149869220597,317.919766658261,317.961354055504,2.07936986211391,25.0500062357135,25.0438939884313,25.0439613479976,-0.16067019601845,-0.192122073233869,0.554489700594287
"null",16000,825,50,1,320,334.137336507045,0.81008897964595,333.327247527399,317.891915788511,317.933559465726,2.08218386074653,25.0480011057147,25.0419582949712,25.0439613479976,0.648571542693991,0.614715825349995,0.256008063230375
"null",16000,826,2,0,8000,8124.26966734615,-1.73913903813044,8126.00880638428,7997.46567476459,7998.73281163372,2.53427373825905,90.6832712572749,89.44271857834,89.4427190999916,1.39831736133343,1.42298888912999,0.159034890347634
"null",16000,826,2,1,8000,8053.84981639877,-1.74934950248375,8055.59916590125,7997.47299958704,7998.73646790595,2.52693663782195,90.6833105429892,89.4427185174128,89.4427190999916,0.621689001803659,0.63574429464848,0.327859603897955
"null",16000,826,5,0,3200,3280.10088265796,-0.687158047937969,3280.7880407059,3197.75162546888,3198.20127732287,2.24825926995888,71.8035677990877,71.5541727748828,71.5541752799933,1.14686859877915,1.15418514644641,0.152388170172862
"null",16000,826,5,1,3200,3263.26408005764,-0.695813205500148,3263.95989326314,3197.74873944678,3198.19896680307,2.25113678146505,71.803580329095,71.5541726116344,71.5541752799933,0.912424426617618,0.919036920697777,0.206424045633375
"null",16000,826,10,0,1600,1677.91127188132,-0.330375753133765,1678.24164763445,1597.84359735749,1598.05921744958,2.15620092091202,53.7488357652911,53.6656247900516,53.665631459995,1.48966342031046,1.49411155648626,0.0804015867222936
"null",16000,826,10,1,1600,1671.58930846688,-0.34112961856307,1671.93043808544,1597.84478616869,1598.06028691341,2.15500744715254,53.7488403435819,53.6656246436771,53.665631459995,1.37202071387555,1.37648917090795,0.0978347515275845
"null",16000,826,25,0,640,602.549262445198,-0.114270839311177,602.663533284509,637.897142145904,637.981238083082,2.10239842945837,35.0746091451586,35.0542186527151,35.0542436803306,-1.00779112190292,-1.00751653170388,0.839566830901772
"null",16000,826,25,1,640,611.188811341029,-0.120563371129171,611.309374712158,637.896317569098,637.980446417064,2.10322119914837,35.0746103475055,35.0542185557926,35.0542436803306,-0.761448408505804,-0.76085198312027,0.771143485713124
"null",16000,826,50,0,320,320.028849956966,-0.0673154451279387,320.096165402094,317.915639505612,317.957308844131,2.08346692595378,25.0510256413025,25.0438915854096,25.0439613479976,0.0843562447946218,0.0854043210764021,0.457512021744638
"null",16000,826,50,1,320,317.665427124562,-0.0716798625199885,317.737106987082,317.915722372838,317.957390038294,2.08338327278776,25.051025982192,25.0438915245773,25.0439613479976,-0.00999141705628697,-0.00879587946608006,0.494746071152743
"null",16000,827,2,0,8000,8017.89722537443,-20.0086113590347,8037.90583673347,7997.47380695859,7998.73687758497,2.52614125274423,90.7483388626276,89.4427185793724,89.4427190999916,0.225055562138193,0.437922278868786,0.435471483691535
"null",16000,827,2,1,8000,7975.08386745158,-18.4959027051174,7993.57977015669,7996.37948299781,7997.64645193324,2.53393787087482,90.7491311672067,89.4376448534498,89.4427190999916,-0.234664676921174,-0.0454694640407183,0.569888975831905
"null",16000,827,5,0,3200,3234.78918199944,-7.98356153146937,3242.77274353091,3197.74460010978,3198.19565659907,2.25528244641283,71.8167196174688,71.5541727038417,71.5541752799933,0.515821135899495,0.622983751294934,0.320398608982098
"null",16000,827,5,1,3200,3205.87637999283,-7.59989566475024,3213.47627565758,3197.05024910969,3197.50135654207,2.25553716192583,71.8062827616975,71.5409071389362,71.5541752799933,0.122915858385698,0.223297687356424,0.457497961981828
"null",16000,827,10,0,1600,1570.40875645898,-4.01875745266619,1574.42751391164,1597.84104566842,1598.05692045928,2.15874790864153,53.7532281843326,53.6656245965559,53.665631459995,-0.510337520853087,-0.440308050549679,0.684059740150053
"null",16000,827,10,1,1600,1571.49774609331,-4.06008321380782,1575.55782930712,1597.44856459516,1597.66449598172,2.15931386562407,53.7421171366355,53.6533274844273,53.665631459995,-0.482876743316055,-0.412027878066266,0.677097923290397
"null",16000,827,25,0,640,622.190375282835,-1.57607738822006,623.766452671055,637.891062675818,637.975401088835,2.10846032540725,35.0756846457247,35.0542176083542,35.0542436803306,-0.447623119878196,-0.405342049750755,0.665525439766335
"null",16000,827,25,1,640,618.550053522825,-1.52299080145901,620.073044324284,637.730179904989,637.814249469478,2.10173911222077,35.0670566476639,35.0452596755099,35.0542436803306,-0.546955696193039,-0.50623694358274,0.702434479501739
"null",16000,827,50,0,320,303.718274742479,-0.799717081284326,304.517991823763,317.913957890159,317.95566028471,2.08511972754996,25.0513999342201,25.0438892668432,25.0439613479976,-0.566662269771531,-0.536564761078743,0.708317115715208
"null",16000,827,50,1,320,279.923250985278,-0.801618073544691,280.724869058823,317.831677158255,317.873313490691,2.08181662180015,25.0449013330395,25.0372704791114,25.0439613479976,-1.51361850737129,-1.48372581040176,0.939187045311293
"null",16000,828,2,0,8000,7994.86314471743,-13.0425942985523,8007.90573901598,7997.46360088491,7998.73177657645,2.53635138308809,90.4360872512905,89.4427186518759,89.4427190999916,-0.0287546293356483,0.102568018702984,0.507792457467339
"null",16000,828,2,1,8000,8008.1452251883,-11.1028963096651,8019.24812149796,7997.08360150992,7998.34658143567,2.52595985149552,90.4377977268407,89.4410427718005,89.4427190999916,0.122311953148029,0.233690701880803,0.465951114717589
"null",16000,828,5,0,3200,3153.60593591591,-5.21470746002636,3158.82064337594,3197.74471717945,3198.19575162841,2.25517224478632,71.7536715413011,71.5541729105596,71.5541752799933,-0.615143174076194,-0.550283884934087,0.70861500889093
"null",16000,828,5,1,3200,3306.52970884366,-5.2967683394387,3311.8264771831,3197.50087861634,3197.95146050347,2.25290943561618,71.7504272632432,71.5495115612857,71.5541752799933,1.51955652929159,1.59155547249401,0.0884592587192792
"null",16000,828,10,0,1600,1566.71294208055,-2.61379126226229,1569.32673334281,1597.83820668537,1598.05436652619,2.16159840820296,53.732175032263,53.6656250369432,53.665631459995,-0.579266791008068,-0.535307902658451,0.707215990761448
"null",16000,828,10,1,1600,1620.09337354812,-2.67812832271226,1622.77150187083,1597.70295945528,1597.91876466621,2.15805210935877,53.7284121589559,53.661285216571,53.665631459995,0.416733217922025,0.463140923746344,0.344285033495849
"null",16000,828,25,0,640,583.668421803465,-1.03540449847916,584.703826301944,637.897910788462,637.9819765917,2.1016450809531,35.0705255603328,35.0542195192322,35.0542436803306,-1.54629815546118,-1.51987837756664,0.939146435759706
"null",16000,828,25,1,640,626.310268213165,-1.07920170619166,627.389469919356,637.838174558964,637.922263949482,2.10223476296509,35.0675255429031,35.0510623683994,35.0542436803306,-0.328734524815431,-0.300498567473439,0.621938830252877
"null",16000,828,50,0,320,296.07056411082,-0.542582706786155,296.613146817606,317.916893473905,317.958538525186,2.08225256403382,25.0495994255084,25.043894741847,25.0439613479976,-0.872122902725493,-0.852319175096705,0.806150468602946
"null",16000,828,50,1,320,293.855144241827,-0.574619519093958,294.429763760921,317.887037614856,317.928673895625,2.08181403845492,25.0473151397165,25.0415534176417,25.0439613479976,-0.959459855835906,-0.938396661852022,0.830504280740069
"null",16000,829,2,0,8000,7944.04652028183,12.2653849456271,7931.7811353362,7997.45967493075,7998.72981247323,2.54027508496351,90.5607211471427,89.442718617857,89.4427190999916,-0.589804873153929,-0.748508969445182,0.66359038555213
"null",16000,829,2,1,8000,7873.01091287408,13.1112062761419,7859.89970659794,7997.40393271619,7998.6695915429,2.53131765341779,90.5625307340926,89.4424335074121,89.4427190999916,-1.37355944929751,-1.55149943380578,0.838464418559162
"null",16000,829,5,0,3200,3081.85201570274,4.89160320338044,3076.96041249936,3197.7439717302,3198.19515469741,2.25591483609756,71.7788169800349,71.5541728174787,71.5541752799933,-1.61457043879235,-1.69430708824344,0.928116562811725
"null",16000,829,5,1,3200,3085.05991283885,5.30689259935513,3079.7530202395,3197.70780081937,3198.15794350062,2.25071340622811,71.7787767434029,71.5533860671892,71.5541752799933,-1.56937597840676,-1.65477735952196,0.92231355872535
"null",16000,829,10,0,1600,1481.22872588977,2.45518911917356,1478.7735367706,1597.83605164363,1598.05242632084,2.16374677205867,53.7405701781765,53.6656247733086,53.665631459995,-2.1698192886166,-2.22263115456294,0.982408283895287
"null",16000,829,10,1,1600,1492.31919917194,2.6054284965036,1489.71377067543,1597.82078805901,1598.03635787473,2.15569815725623,53.7401294307288,53.6648945865059,53.665631459995,-1.96318077393287,-2.01849995297555,0.971308062240567
"null",16000,829,25,0,640,533.018212589004,0.987039224145131,532.031173364859,637.894472662609,637.978675535718,2.10507182773025,35.0725827882333,35.0542188497016,35.0542436803306,-2.99026338341956,-3.02238947685926,0.999028101358134
"null",16000,829,25,1,640,578.811538547417,1.02579165337213,577.785746894045,637.887812679736,637.971886079905,2.10183500422128,35.0721305245358,35.0536902630905,35.0542436803306,-1.68442216793732,-1.71697013165067,0.95471045448064
"null",16000,829,50,0,320,272.469312318247,0.49222071573746,271.977091602509,317.914634413796,317.95632407211,2.08448291571095,25.0503169350568,25.0438924085264,25.0439613479976,-1.81416156184238,-1.83594593522318,0.969452416872386
"null",16000,829,50,1,320,280.160234562053,0.511966291053614,279.648268270999,317.912113176838,317.953751418407,2.08191207845308,25.0499508761205,25.0434987670341,25.0439613479976,-1.50706397794867,-1.52955797046342,0.937945627180665
"null",16000,830,2,0,8000,8156.83451139998,-4.82904646442403,8161.66355786441,7997.4616219726,7998.73078637834,2.53832881148798,90.408519738353,89.4427186486091,89.4427190999916,1.76280830488786,1.82164377321955,0.105121398754674
"null",16000,830,2,1,8000,7917.01016337472,-5.31147390915893,7922.32163728388,7996.58133717584,7997.84571075206,2.52874715243333,90.390309050218,89.4387260717068,89.4427190999916,-0.880306469102946,-0.844422508965841,0.738022138093985
"null",16000,830,5,0,3200,3286.34885557671,-1.93815814556049,3288.28701372227,3197.7492291123,3198.1993616747,2.2506628120032,71.7481118901523,71.5541729700129,71.5541752799933,1.23487049526897,1.25901325259283,0.135011218021051
"null",16000,830,5,1,3200,3175.55530460413,-2.6198794151989,3178.17518401933,3197.18413883418,3197.63341388955,2.24637527685672,71.7334526623705,71.5433481736451,71.5541752799933,-0.301516704233525,-0.271978183394415,0.607559831531491
"null",16000,830,10,0,1600,1606.33992242727,-0.952437397695781,1607.29235982497,1597.84177496916,1598.05757837212,2.15803402956244,53.7303193637853,53.6656251881442,53.665631459995,0.158162980580364,0.172080012493563,0.43681297422881
"null",16000,830,10,1,1600,1579.53394010542,-1.39502989574487,1580.92897000116,1597.5261874266,1597.74160541069,2.15417984087771,53.7189712614048,53.6556230781962,53.665631459995,-0.334932834689522,-0.313343400840355,0.624038072403929
"null",16000,830,25,0,640,644.71102126718,-0.404089086581784,645.115110353762,637.904022090196,637.987843861656,2.09554428649988,35.0700710156603,35.0542201021785,35.0542436803306,0.194097102738828,0.203321211293001,0.41844779398488
"null",16000,830,25,1,640,616.435005045815,-0.546354483898859,616.981359529714,637.7619576664,637.84603375296,2.10190216400036,35.06248634159,35.0469726059908,35.0542436803306,-0.60825557015014,-0.595334565921391,0.723049803359539
"null",16000,830,50,0,320,329.389230591266,-0.20447334121017,329.593703932476,317.920871067736,317.96243674409,2.07828381766815,25.0494407471613,25.0438954525141,25.0439613479976,0.457828964697728,0.46443522376305,0.318216533310141
"null",16000,830,50,1,320,328.599996962493,-0.306145316618009,328.906142279111,317.848707962294,317.890328595922,2.08103168137035,25.0439551940459,25.0385291669558,25.0439613479976,0.429296767099907,0.439954504105911,0.329207626480827
"null",16000,831,2,0,8000,8025.70090104162,8.29050371991465,8017.41039732171,7997.4708083109,7998.73537906154,2.5291415012746,90.6748542780988,89.4427186148307,89.4427190999916,0.311333202082015,0.208793052686488,0.411363278209339
"null",16000,831,2,1,8000,8014.05049295151,8.25039326456626,8005.80009968695,7997.47248463385,7998.73466370035,2.52435813300667,90.674277847954,89.4427042942662,89.4427190999916,0.182830331943321,0.0789939888595915,0.447455907342718
"null",16000,831,5,0,3200,3190.06967426237,3.30947271581947,3186.76020154655,3197.75938462027,3198.20748545646,2.24050418096762,71.8018675896528,71.5541728780059,71.5541752799933,-0.107096244374016,-0.159980661497157,0.536215707034847
"null",16000,831,5,1,3200,3170.31020049611,3.32856809573278,3166.98163240038,3197.75410988663,3198.20287206633,2.2438108984668,71.8016495708849,71.5541352558858,71.5541752799933,-0.382218369000409,-0.436330333031041,0.632654818706109
"null",16000,831,10,0,1600,1608.6086251793,1.63772999147935,1606.97089518782,1597.84697169534,1598.06225449806,2.15282802719486,53.7482676571777,53.665624833296,53.665631459995,0.20022326212649,0.166002738576927,0.421121295099399
"null",16000,831,10,1,1600,1603.54226286945,1.65811212659469,1601.88415074286,1597.84768074112,1598.06278205989,2.15101318772806,53.7481653478295,53.6655901165391,53.665631459995,0.105949330390666,0.0712070560421182,0.456318926954605
"null",16000,831,25,0,640,601.997257364996,0.675513273867997,601.321744091128,637.900042821526,637.984023125581,2.09950760137171,35.0744707261795,35.0542191787418,35.0542436803306,-1.02361588680316,-1.04587350377172,0.843449764576908
"null",16000,831,25,1,640,638.770413564847,0.680339523688786,638.090074041159,637.900409225269,637.984356192797,2.0986741882153,35.0744279892671,35.0541942143295,35.0542436803306,0.0248045196872408,0.00301584020772881,0.483958317305349
"null",16000,831,50,0,320,303.621111133664,0.337954274441205,303.283156859223,317.920258873981,317.961836212507,2.07886692633136,25.0509785297809,25.0438930989089,25.0439613479976,-0.570801963816193,-0.586118112519958,0.70967915030542
"null",16000,831,50,1,320,334.680923717949,0.373000908216338,334.307922809733,317.919316817806,317.96090818076,2.07956814767147,25.050953518224,25.0438744706888,25.0439613479976,0.669100554912974,0.652735048967983,0.249347955431195
"null",16000,832,2,0,8000,8188.94587817319,12.8428121191809,8176.103066054,7997.47344357247,7998.73669600951,2.52650487407366,90.5783037775065,89.4427185802073,89.4427190999916,2.11388849885116,1.98301631323345,0.0663990105738523
"null",16000,832,2,1,8000,8033.4030422771,12.7904007350301,8020.61264154207,7997.45849201836,7998.72685165494,2.53671927316136,90.5789352756389,89.4426968118207,89.4427190999916,0.396831229571877,0.244690630618826,0.387907163912736
"null",16000,832,5,0,3200,3297.48829436628,5.1569740679515,3292.33132029833,3197.75348353116,3198.20276424121,2.24640355028044,71.782366419039,71.5541728390323,71.5541752799933,1.38940544607998,1.31548660717335,0.107554975266944
"null",16000,832,5,1,3200,3195.58015544418,5.17037456294678,3190.40978088123,3197.74640474877,3198.19648960052,2.25042425875981,71.78252607478,71.554114523651,71.5541752799933,-0.030177947517975,-0.108822655009127,0.508747528291607
"null",16000,832,10,0,1600,1656.83330649681,2.59319617714626,1654.24011031967,1597.8470863517,1598.0623574744,2.15271122700577,53.7417553780476,53.6656247643252,53.665631459995,1.09758640614121,1.0468107488168,0.149184046539935
"null",16000,832,10,1,1600,1552.45280165072,2.60552499052672,1549.84727666019,1597.84127204714,1598.05695262716,2.15680580025733,53.7417844205273,53.6655708347577,53.665631459995,-0.844565748715329,-0.898335286797112,0.788618041909187
"null",16000,832,25,0,640,666.299256363444,1.03663970456409,665.26261665888,637.902211426745,637.986104775431,2.09733371715403,35.0728734099931,35.0542188952036,35.0542436803306,0.809658353472918,0.778123511038527,0.212028041683524
"null",16000,832,25,1,640,651.784621786093,1.02411317548716,650.760508610606,637.902410472029,637.986266469976,2.09639994867525,35.0728562285397,35.0541796175051,35.0542436803306,0.395810686862948,0.364414237617771,0.343922330561138
"null",16000,832,50,0,320,318.082480703943,0.533209667696999,317.549271036246,317.920352684977,317.961928022563,2.07876687933749,25.0504190535463,25.0438926272723,25.0439613479976,0.00647206813666415,-0.0164773500852584,0.488149661789661
"null",16000,832,50,1,320,297.73918224479,0.54855325426718,297.190628990523,317.921979083771,317.963514448032,2.07676821306939,25.0503980246243,25.0438638387837,25.0439613479976,-0.805687670876188,-0.829460086160508,0.786558694797761
"null",16000,833,2,0,8000,7893.88844599075,-30.6565544685296,7924.54500045928,7997.47422459708,7998.73708749386,2.52572579355905,90.518599633165,89.4427186228497,89.4427190999916,-1.14435904914701,-0.8294927544345,0.794319039282255
"null",16000,833,2,1,8000,7994.62061841986,-30.7722592511108,8025.39287767097,7997.26681159798,7998.53263298586,2.53164277576108,90.5121092211833,89.441792306225,89.4427190999916,-0.029235791772934,0.300309776811589,0.508557502321018
"null",16000,833,5,0,3200,3264.89923954841,-12.2481511346509,3277.14739068306,3197.7634656572,3198.21074983647,2.23642089638149,71.7703158212867,71.5541728303654,71.5541752799933,0.935425365249661,1.1031731305695,0.200717602656726
"null",16000,833,5,1,3200,3169.0477430416,-11.9949352703656,3181.04267831197,3197.62405847946,3198.07327371648,2.24607618514447,71.7661920139982,71.5516976265718,71.5541752799933,-0.398186313581702,-0.238018048060809,0.638619897470394
"null",16000,833,10,0,1600,1588.74270801019,-6.1080378170558,1594.85074582724,1597.85592573399,1598.07031353488,2.14387800890516,53.7377322015039,53.6656249881491,53.665631459995,-0.169586942925481,-0.0599931093385539,0.560512398876779
"null",16000,833,10,1,1600,1606.17036346319,-5.88774858942207,1612.05811205261,1597.77308226889,1597.98847832348,2.15396054589679,53.7348521561089,53.6633435616155,53.665631459995,0.15627252811447,0.262183322829487,0.437990661400086
"null",16000,833,25,0,640,628.476710172346,-2.43192202436379,630.90863219671,637.907394581694,637.991080851962,2.0921567566966,35.0718873306934,35.0542192463813,35.0542436803306,-0.268895834444999,-0.202042687228955,0.598416799073839
"null",16000,833,25,1,640,576.001470067367,-2.3955381510224,578.397008218389,637.870988602229,637.95488605409,2.09743629652799,35.070071768293,35.0525562075555,35.0542436803306,-1.76416857494995,-1.69910227040341,0.96217023100531
"null",16000,833,50,0,320,314.98329906469,-1.19054151563939,316.17384058033,317.924804364527,317.966291107225,2.07433713486497,25.0500755051457,25.043894325585,25.0439613479976,-0.117425007331133,-0.0715723562634529,0.537262851802189
"null",16000,833,50,1,320,262.85238046492,-1.21196075178892,264.064341216708,317.904223624654,317.945805048944,2.0790712145062,25.048796084364,25.0426690050598,25.0439613479976,-2.19778399625756,-2.15158631140111,0.98930069231387
"null",16000,834,2,0,8000,7973.85510871022,-10.3577341893357,7984.21284289956,7997.46726868816,7998.73360942322,2.53268147013329,90.6089317305611,89.4427186053164,89.4427190999916,-0.260594176831781,-0.162347106059452,0.573709375227415
"null",16000,834,2,1,8000,8031.744049013,-10.2989233270783,8042.04297234008,7997.47907604871,7998.73912411937,2.52009614131289,90.6092176507031,89.4427149490237,89.4427190999916,0.378162110353725,0.484151764013329,0.392926932461961
"null",16000,834,5,0,3200,3272.96550076225,-4.12004084652348,3277.08554160878,3197.74954803586,3198.19961552799,2.250337460653,71.7885515879763,71.5541727791918,71.5541752799933,1.04774300445692,1.10246437093505,0.174005102369898
"null",16000,834,5,1,3200,3307.65434346943,-4.10445986510118,3311.75880333454,3197.75253009322,3198.20190402626,2.24686966520665,71.7886330422416,71.5541635163789,71.5541752799933,1.53090828894244,1.58700617445246,0.0862750565723204
"null",16000,834,10,0,1600,1635.7739368058,-2.05861768878537,1637.83255449459,1597.8425903526,1598.05831131283,2.15720960233163,53.7438207191724,53.6656248336914,53.665631459995,0.705780607809845,0.741149354079308,0.249917527247464
"null",16000,834,10,1,1600,1651.71877743357,-2.05758179940094,1653.77635923297,1597.84636436567,1598.06168045409,2.1531608842483,53.7438468658878,53.665616215879,53.665631459995,1.00239220319186,1.03818203735438,0.170666817142664
"null",16000,834,25,0,640,703.63998490014,-0.853343397764173,704.493328297905,637.901201972845,637.985135553257,2.09833951030271,35.0733797013178,35.0542186973654,35.0542436803306,1.87432130827202,1.89729496808457,0.0362004770702049
"null",16000,834,25,1,640,719.537928329628,-0.838502123901926,720.37643045353,637.899996135626,637.983973104468,2.09942422106071,35.0733822745756,35.0542122256794,35.0542436803306,2.32763215007014,2.3504295808623,0.0135346322412432
"null",16000,834,50,0,320,352.467366926504,-0.423927347596537,352.891294274101,317.920321895544,317.961898146252,2.0788125354293,25.050597598914,25.0438937783159,25.0439613479976,1.37909065420693,1.39472705151354,0.0890780662761011
"null",16000,834,50,1,320,353.466664185294,-0.431511094403302,353.898175279697,317.920287110496,317.961862877962,2.07878837332916,25.0505963150535,25.0438892181063,25.0439613479976,1.41898327000853,1.43493337192027,0.0832678710971159
"null",16000,835,2,0,8000,7990.55816530883,-30.6560583908415,8021.21422369968,7997.47537830754,7998.73766566085,2.52457470662434,90.3613401727863,89.4427186680476,89.4427190999916,-0.0765505799878021,0.251295559588755,0.521367861730825
"null",16000,835,2,1,8000,8027.73314774249,-30.3180367035551,8058.05118444604,7997.43287709609,7998.69139870192,2.51704321166494,90.358925611938,89.4425085713307,89.4427190999916,0.3353323475373,0.663664142389099,0.405138231519901
"null",16000,835,5,0,3200,3281.20890302077,-12.2877724262711,3293.49667544704,3197.74753809661,3198.19800929936,2.25235601379804,71.7386018530399,71.55417301592,71.5541752799933,1.16340941652497,1.3318393900866,0.149201215008002
"null",16000,835,5,1,3200,3196.57750093384,-12.1800519216178,3208.75755285546,3197.72316142505,3198.17226639159,2.24552483269954,71.7373426332989,71.553582523145,71.5541752799933,-0.0159702108992493,0.14793510108943,0.503771170063515
"null",16000,835,10,0,1600,1709.00574426221,-6.12053314398551,1715.1262774062,1597.84321823318,1598.05887754793,2.15659314751104,53.72714449804,53.6656252630183,53.665631459995,2.06901980493475,2.18142245216591,0.0267064226218048
"null",16000,835,10,1,1600,1647.79407162942,-6.07672059920875,1653.87079222863,1597.82572676593,1598.04138926362,2.15662497687278,53.7263543728807,53.6650796660703,53.665631459995,0.93005277292193,1.04033019819225,0.188464050377524
"null",16000,835,25,0,640,684.861481491162,-2.450059150289,687.311540641451,637.901342475016,637.985271677386,2.09823005925006,35.0692935030666,35.0542204652391,35.0542436803306,1.33906715320739,1.40714208758338,0.0968668454269553
"null",16000,835,25,1,640,681.343779776051,-2.45662196851129,683.800401744563,637.893551862496,637.97749353456,2.09854180158514,35.0688306857354,35.0538212910493,35.0542436803306,1.2389984799587,1.30721577626413,0.114002105748732
"null",16000,835,50,0,320,338.208285804247,-1.22077107237796,339.429056876625,317.919971168739,317.961555029151,2.07919302058015,25.0491694466959,25.0438962024561,25.0439613479976,0.809939614113005,0.857194969741535,0.208613564469288
"null",16000,835,50,1,320,362.916005596643,-1.25372205624244,364.169727652885,317.916753519959,317.958325849882,2.07861649612833,25.0488533575918,25.0436029483311,25.0439613479976,1.79645955981633,1.84523775985207,0.0418492651193136
"null",16000,836,2,0,8000,7975.75291859193,-19.418690102827,7995.17160869476,7997.47217767626,7998.73606264782,2.52776994312064,90.6881873794981,89.4427185615258,89.4427190999916,-0.2394938052234,-0.0398518069484915,0.567806180145359
"null",16000,836,2,1,8000,8064.1542390474,-19.3654735539679,8083.51971260137,7997.46671187689,7998.72885488853,2.52428602327807,90.6870744262376,89.4426764492836,89.4427190999916,0.735358678096446,0.947991060631094,0.299133990381675
"null",16000,836,5,0,3200,3187.29032551962,-7.79674983942428,3195.08707535904,3197.75065504522,3198.20050127455,2.24923114661804,71.8045606823401,71.5541728079646,71.5541752799933,-0.145677787402369,-0.0435114514405422,0.550024865826215
"null",16000,836,5,1,3200,3225.62259430705,-7.77440023844425,3233.3969945455,3197.74938666989,3198.19834568145,2.24479505777271,71.8041138640244,71.5540636267137,71.5541752799933,0.388183993050108,0.491916839939059,0.362145054740267
"null",16000,836,10,0,1600,1604.62025661295,-3.87674349174692,1608.4970001047,1597.84004928223,1598.05602437202,2.15975089789157,53.7491674058618,53.6656248533929,53.665631459995,0.126145346206532,0.194556119698714,0.448785105247107
"null",16000,836,10,1,1600,1649.51788603326,-3.88377658344326,1653.4016626167,1597.84264036642,1598.0580362048,2.15395838372184,53.7489419517067,53.6655243723011,53.665631459995,0.961418844546998,1.03126964767849,0.180507024504939
"null",16000,836,25,0,640,670.255858928181,-1.55167952089471,671.807538449075,637.898280888825,637.982331302711,2.10126034715973,35.0746903432445,35.0542186607462,35.0542436803306,0.922533534086877,0.964939697379192,0.18225796060262
"null",16000,836,25,1,640,625.959116298779,-1.50523962473322,627.464355923512,637.898016006273,637.982021999921,2.10014984120683,35.0745840219354,35.054145129649,35.0542436803306,-0.340386067017281,-0.300040581149787,0.625716793159282
"null",16000,836,50,0,320,313.899244803136,-0.776945430592549,314.676190233728,317.917219962694,317.958857682904,2.0818860104818,25.0510540477295,25.043891539124,25.0439613479976,-0.160391461050019,-0.131076571867721,0.554422251575703
"null",16000,836,50,1,320,312.86653607684,-0.756810377935062,313.623346454775,317.915212622337,317.956876183843,2.08317807532939,25.050986759973,25.0438362149534,25.0439613479976,-0.20153603504211,-0.17303777631645,0.570711581129897
"null",16000,837,2,0,8000,8038.69056894959,-7.85159092540882,8046.542159875,7997.47264099543,7998.73629671696,2.52731144305794,90.2948122714937,89.4427186644117,89.4427190999916,0.456481683911369,0.534485801324976,0.372041071058296
"null",16000,837,2,1,8000,8289.70714039822,-7.83240011992185,8297.53954051814,7997.43550141956,7998.70441629329,2.53782974745012,90.2932058083316,89.4426098646572,89.4427190999916,3.23691728920418,3.3410823395812,0.0111789374182709
"null",16000,837,5,0,3200,3235.41644574005,-3.13546792875375,3238.5519136688,3197.7459800826,3198.1967630443,2.25391480847613,71.7251981977727,71.5541730467668,71.5541752799933,0.525205459224751,0.563980392843485,0.317618931273796
"null",16000,837,5,1,3200,3280.89703135543,-3.19171546975123,3284.08874682518,3197.72594514224,3198.17730469363,2.25679775693663,71.724406554572,71.5538499501107,71.5541752799933,1.1595925321446,1.20065436299303,0.15009363258883
"null",16000,837,10,0,1600,1643.80674037284,-1.56438095768278,1645.37112133053,1597.84357116835,1598.05919508735,2.15623918999709,53.7226704815109,53.6656252368993,53.665631459995,0.855563746041181,0.881605795783217,0.207704262155572
"null",16000,837,10,1,1600,1679.64748582012,-1.5608228215712,1681.2083086417,1597.8261427195,1598.04254540045,2.16402680943487,53.7221950718292,53.6653244044838,53.665631459995,1.52304541895993,1.54971136696046,0.0760583833328611
"null",16000,837,25,0,640,635.574864074165,-0.612075696414085,636.186939770579,637.901974051286,637.985877924848,2.09759683905072,35.068196607792,35.0542203703693,35.0542436803306,-0.0663595565847757,-0.0513187323883392,0.519662511169507
"null",16000,837,25,1,640,629.115618207224,-0.604215831434816,629.719834038659,637.891704621051,637.975853439495,2.10372046109968,35.0679295560339,35.0539991821754,35.0542436803306,-0.250259611129979,-0.235522895916362,0.591417433529632
"null",16000,837,50,0,320,313.257154725867,-0.323656039391478,313.580810765259,317.918783408941,317.960391507838,2.08040494483925,25.0487874189632,25.0438980830788,25.0439613479976,-0.186101969931874,-0.174876160574148,0.564558587974265
"null",16000,837,50,1,320,327.846356322338,-0.31706881986936,328.163425142207,317.915947306675,317.957570002512,2.08113479181421,25.0486083173143,25.0437353272873,25.0439613479976,0.396445538604982,0.407521282521132,0.339859542793953
"null",16000,838,2,0,8000,8220.33928698285,-4.90471920453867,8225.24400618739,7997.46565406056,7998.7328009216,2.53429372207736,90.5683731084653,89.442718572125,89.4427190999916,2.46083290748067,2.53247227814462,0.0403018235117476
"null",16000,838,2,1,8000,8009.87661029546,-5.35328977566784,8015.22990007113,7997.16352582664,7998.43363341187,2.54021517047693,90.5709381728211,89.4413724718352,89.4427190999916,0.140366045944741,0.187790797424793,0.460518063181832
"null",16000,838,5,0,3200,3232.14343652195,-1.92732769586612,3234.07076421781,3197.74891311804,3198.19910689396,2.25096887957266,71.780361984503,71.5541726895215,71.5541752799933,0.479163415354902,0.501321669660087,0.332236776917836
"null",16000,838,5,1,3200,3178.42375527811,-1.83194793901014,3180.25570321712,3197.55553655163,3198.00584358015,2.25153514262933,71.7782462456784,71.5504995317049,71.5541752799933,-0.266540104755969,-0.248078496715076,0.593648523512759
"null",16000,838,10,0,1600,1610.9874652987,-0.970969363413941,1611.95843466212,1597.84009281808,1598.05606300153,2.15970183449186,53.7410858747398,53.6656246491567,53.665631459995,0.244642851305006,0.259055433556886,0.404817400876015
"null",16000,838,10,1,1600,1518.94763781531,-0.8311901156291,1519.77882793094,1597.73132554497,1597.94735250615,2.16026961175436,53.7383112996615,53.6622340878065,53.665631459995,-1.46606184348335,-1.45667667222547,0.920765746490399
"null",16000,838,25,0,640,599.722968542028,-0.396675370063365,600.119643912091,637.904134901153,637.98795085453,2.09539883440902,35.0727085165448,35.054218243485,35.0542436803306,-1.0886289646297,-1.08027817592185,0.858813468303067
"null",16000,838,25,1,640,588.714395353618,-0.406278294172033,589.12067364779,637.854995748752,637.938919115245,2.09808416232309,35.0703947065395,35.0517367134168,35.0542436803306,-1.40119895445522,-1.39274826427558,0.918968237385618
"null",16000,838,50,0,320,292.911734266729,-0.197889573399982,293.109623840129,317.921463056842,317.963015543838,2.07762434978146,25.0503588480302,25.043890070621,25.0439613479976,-0.998378064834779,-0.992393419457802,0.840285794691941
"null",16000,838,50,1,320,290.219124608087,-0.211269507879418,290.430394115966,317.898376555766,317.939918244755,2.07708444943977,25.048592749567,25.0420634469846,25.0439613479976,-1.10502223515761,-1.09853264236902,0.866234484309635
"null",16000,839,2,0,8000,7861.02409301622,3.11290048018152,7857.91119253604,7997.48033931852,7998.74014443222,2.51961022741228,90.7579442338775,89.4427185859048,89.4427190999916,-1.50351847933731,-1.5745155572494,0.860815724063628
"null",16000,839,2,1,8000,7958.20758902582,3.40467312003518,7954.80291590578,7997.39261572292,7998.6561764673,2.52712148875731,90.7603225851653,89.4423435032533,89.4427190999916,-0.431741818241468,-0.490296417154136,0.621672344124155
"null",16000,839,5,0,3200,3134.34570529591,1.25864618399791,3133.08705911191,3197.75225534662,3198.20178057815,2.24762615767014,71.8186619709113,71.5541726903389,71.5541752799933,-0.882870110785305,-0.910005930025021,0.78608792036232
"null",16000,839,5,1,3200,3154.74066675473,1.37151034121471,3153.36915641352,3197.69878076855,3198.14883335427,2.25026292859104,71.8186521685778,71.5531992912669,71.5541752799933,-0.598147037248568,-0.625823546456268,0.703683237985952
"null",16000,839,10,0,1600,1564.50974628603,0.643171112053139,1563.86657517398,1597.84370228226,1598.05931172495,2.15609442689924,53.7538771857775,53.6656247190719,53.665631459995,-0.62012189150605,-0.637144107237418,0.720650897250497
"null",16000,839,10,1,1600,1598.92151192208,0.637526229862515,1598.28398569222,1597.81107450576,1598.02710130448,2.16026798714452,53.753351513716,53.664731335148,53.665631459995,0.0206580126642249,0.00478683823335769,0.488795377848143
"null",16000,839,25,0,640,663.702551687716,0.259023522921841,663.443528164794,637.89694717888,637.981050794745,2.10259039660991,35.0758449418873,35.0542184525274,35.0542436803306,0.735708706421469,0.726374128253138,0.2330943002823
"null",16000,839,25,1,640,610.978680342606,0.278311339975259,610.700369002631,637.887868456444,637.971846150491,2.0994423511945,35.0752894717421,35.0535648924588,35.0542436803306,-0.767183636089926,-0.777994398901433,0.772972463197315
"null",16000,839,50,0,320,328.729981700663,0.134470996451612,328.595510704212,317.915402587493,317.957076605199,2.08370088525947,25.0514578878352,25.0438913219683,25.0439613479976,0.431694600832851,0.424791577404796,0.327385694842229
"null",16000,839,50,1,320,297.689589719177,0.14520935999014,297.544380359187,317.91212969208,317.953744165045,2.08072364825455,25.0510097206862,25.0434079691931,25.0439613479976,-0.807254485882204,-0.814959522720078,0.787156035263311
"null",16000,840,2,0,8000,7953.50009149123,4.51052352270408,7948.98956796853,7997.46349668889,7998.73172339202,2.53645340625185,90.5126733330967,89.4427186146693,89.4427190999916,-0.485715464793188,-0.556134207389026,0.635789875835154
"null",16000,840,2,1,8000,7865.51516372354,4.53452342631057,7860.98064029723,7997.46810824078,7998.73398969277,2.53176290396873,90.5125842451509,89.4427182656005,89.4427190999916,-1.45784086950667,-1.54012928125107,0.852698562748569
"null",16000,840,5,0,3200,3098.26160361065,1.82328015792424,3096.43832345273,3197.74693012685,3198.19752154863,2.25295710890419,71.7691203630416,71.5541728304693,71.5541752799933,-1.38618567446497,-1.42212807542336,0.894709211703327
"null",16000,840,5,1,3200,3121.69908056287,1.79062329690376,3119.90845726597,3197.74528253243,3198.19619298278,2.25455225173062,71.7690899639995,71.554171833259,71.5541752799933,-1.05959546105023,-1.09410442062332,0.829806767748703
"null",16000,840,10,0,1600,1537.63316923391,0.898867947717164,1536.7343012862,1597.84508923837,1598.06056036041,2.154711220443,53.7373322280549,53.6656248585183,53.665631459995,-1.12048584304332,-1.14274750803499,0.857630123701123
"null",16000,840,10,1,1600,1498.28485016312,0.882981395919616,1497.4018687672,1597.83888900417,1598.05497724395,2.160882397854,53.7373206012943,53.6656239492647,53.665631459995,-1.85260518624845,-1.87556020166495,0.963278093589674
"null",16000,840,25,0,640,565.175667768447,0.382129735139566,564.793538033307,637.899135563013,637.983152044339,2.10041203313666,35.0717892320849,35.0542190291038,35.0542436803306,-2.07356024277302,-2.08789743540614,0.982268153024144
"null",16000,840,25,1,640,593.549369238937,0.373423611385057,593.175945627552,637.89815139275,637.982206750159,2.1013839352249,35.0717858182453,35.0542183741845,35.0542436803306,-1.26451451270958,-1.27819883599529,0.895394424832902
"null",16000,840,50,0,320,298.762753487071,0.187717033508786,298.575036453563,317.917109583731,317.958749989543,2.08202029059671,25.050040129192,25.0438934168021,25.0439613479976,-0.764643729026941,-0.773989619480487,0.774028664924696
"null",16000,840,50,1,320,305.272221393426,0.188470375390524,305.083751018035,317.918012959236,317.959635174413,2.08111075884962,25.0500387268184,25.0438929409914,25.0439613479976,-0.504821238151299,-0.514132694414411,0.686181690527621
"null",16000,841,2,0,8000,7946.82005999392,3.77453695102978,7943.04552304289,7997.47607926731,7998.7380147163,2.52387089797332,90.3725716902321,89.4427186190923,89.4427190999916,-0.560524264452999,-0.622660989438225,0.65551600097156
"null",16000,841,2,1,8000,8040.81827215747,3.16423417910325,8037.65403797836,7996.12953280034,7997.39090839359,2.52275118649293,90.3485832305317,89.4366668184479,89.4427190999916,0.49462579001487,0.450185936228014,0.365717603123652
"null",16000,841,5,0,3200,3211.01170195001,1.50488074024445,3209.50682120977,3197.76468684954,3198.21172747753,2.23520313995622,71.7408646622722,71.5541729187378,71.5541752799933,0.18465089824098,0.157853738943564,0.432186490991036
"null",16000,841,5,1,3200,3149.27551768795,1.93769432589252,3147.33782336205,3196.90179848716,3197.35040917494,2.24305343891133,71.7200072385418,71.5379105158569,71.5541752799933,-0.664058505192339,-0.699106046741453,0.72708538869699
"null",16000,841,10,0,1600,1597.21107023606,0.773333813694948,1596.43773642236,1597.85461004923,1598.06912947032,2.14519421096768,53.7278993728636,53.6656250128175,53.665631459995,-0.0119777586817962,-0.0303992182625317,0.500863364543602
"null",16000,841,10,1,1600,1593.81178217696,0.566358287904763,1593.24542388906,1597.36879109463,1597.58402821641,2.15237121782098,53.7113248006096,53.6506349693455,53.665631459995,-0.0662245612238313,-0.080867716287735,0.524859398106828
"null",16000,841,25,0,640,656.848326343962,0.333233860065666,656.515092483896,637.91424469497,637.997657085548,2.08530976443734,35.0694775884481,35.0542194610188,35.0542436803306,0.539902015969256,0.52825125428739,0.294197807912078
"null",16000,841,25,1,640,592.208182746836,0.319993702610021,591.888189044226,637.701343110186,637.785084791493,2.09354203267502,35.0581518086739,35.04328754686,35.0542436803306,-1.29764856435168,-1.30972003371239,0.902368793078651
"null",16000,841,50,0,320,298.19219927557,0.167292191205678,298.024907084365,317.931555704285,317.972907554295,2.06759250051095,25.0492326615681,25.0438949112291,25.0439613479976,-0.78802239954439,-0.79652148919481,0.781060193482149
"null",16000,841,50,1,320,291.283261943141,0.136322570653831,291.146939372487,317.821142301297,317.862610597213,2.07341479580444,25.0410084953677,25.0358089288387,25.0439613479976,-1.05977682021334,-1.06709838298663,0.856329174555925
"null",16000,842,2,0,8000,8139.26870421336,0.267921748630074,8139.00078246473,7997.4624296137,7998.73118948745,2.53751974749963,90.4659235975632,89.4427186117549,89.4427190999916,1.5675103835836,1.56826173392774,0.132270822853745
"null",16000,842,2,1,8000,8090.28631307666,0.00834298212113818,8090.27797009454,7997.39206979293,7998.65238330782,2.52062702977464,90.4678261558116,89.442336839069,89.4427190999916,1.02682077409197,1.02440958079593,0.232036398706582
"null",16000,842,5,0,3200,3279.18424274927,0.129414962188454,3279.05482778708,3197.75184099408,3198.20145016596,2.24804585938572,71.759687830648,71.5541728491743,71.5541752799933,1.13479314385209,1.12996034195723,0.155059122610867
"null",16000,842,5,1,3200,3329.62837829056,-0.162038546830413,3329.79041683739,3197.6914054934,3198.14224319309,2.25418849842785,71.7594509927415,71.5531424796527,71.5541752799933,1.8386006438441,1.83986571493677,0.0513267889961176
"null",16000,842,10,0,1600,1696.23851532129,0.0587403577975205,1696.17977496349,1597.84499258039,1598.06047363324,2.15481052851986,53.7341837669325,53.6656249605815,53.665631459995,1.83111598321971,1.82834545208997,0.0431667821488057
"null",16000,842,10,1,1600,1627.5382253303,0.0248908998615434,1627.51333443044,1597.81149010482,1598.02725447741,2.15764372596103,53.7335333211857,53.6646652947356,53.665631459995,0.553225023334931,0.549450551700661,0.297680508181942
"null",16000,842,25,0,640,685.123630062212,0.0200983508064159,685.103531711405,637.90007861113,637.984057591072,2.09947449855304,35.0710177104701,35.0542193609313,35.0542436803306,1.34651214974533,1.344188373878,0.095672195338425
"null",16000,842,25,1,640,674.793784525053,0.0196252385809043,674.774159286472,637.88684648073,637.970830471645,2.09959977286607,35.0704004818634,35.0535195327769,35.0542436803306,1.05236716824517,1.04991821949331,0.151635448057377
"null",16000,842,50,0,320,326.710968771408,0.0110684436818108,326.699900327726,317.917568531912,317.95919980375,2.08156359193265,25.0497703462783,25.0438936309423,25.0439613479976,0.351037159939562,0.349015239115055,0.356180472572843
"null",16000,842,50,1,320,344.857052363149,0.0186671489747242,344.838385214174,317.910869933222,317.952501508629,2.08157877033896,25.0492834125828,25.043377030416,25.0439613479976,1.07572667792931,1.0735726125471,0.143976210466375
"null",16000,843,2,0,8000,8058.78785263884,-4.67317289123229,8063.46102553008,7997.48041147549,7998.74018226918,2.5195415873751,90.4058307885718,89.4427186805677,89.4427190999916,0.678135919205592,0.723601028855566,0.313949624367617
"null",16000,843,2,1,8000,8010.41522838712,-5.5895962515421,8016.00482463866,7997.01581595261,7998.27965993938,2.52768797353899,90.3950910566636,89.4406830257696,89.4427190999916,0.148231638221459,0.198177877221409,0.458829504004848
"null",16000,843,5,0,3200,3270.68368624219,-1.88423480808916,3272.56792105028,3197.75655766294,3198.20522456515,2.24333451105258,71.7475699513912,71.5541729747998,71.5541752799933,1.01644039831127,1.03925031054898,0.181317625993067
"null",16000,843,5,1,3200,3212.49771263887,-2.24868207081886,3214.74639470969,3197.46295484678,3197.91196075968,2.24502956454433,71.7396476000458,71.5486346110015,71.5541752799933,0.20957390083536,0.23528658571239,0.424914045428709
"null",16000,843,10,0,1600,1622.41722795123,-0.95753789424413,1623.37476584548,1597.85128206306,1598.06613475678,2.14852693713187,53.7301382763317,53.6656251829879,53.665631459995,0.457209802100772,0.471598551258886,0.329422934754124
"null",16000,843,10,1,1600,1629.1060556923,-1.03833228755786,1630.14438797986,1597.68586051016,1597.90081145455,2.14950944391473,53.7241391495719,53.6604795632917,53.665631459995,0.584843157647739,0.600881259126239,0.28826166275145
"null",16000,843,25,0,640,668.043556695734,-0.377725637884315,668.421282333618,637.910568430338,637.994128351266,2.08899802321732,35.0700268448089,35.0542201172418,35.0542436803306,0.859223416016754,0.868002593712979,0.198553370691445
"null",16000,843,25,1,640,666.206598018682,-0.392983655611718,666.599581674294,637.835608356288,637.919362547637,2.09385478371633,35.0660695051768,35.0504772111568,35.0542436803306,0.809072418515728,0.818254740267218,0.212759143964368
"null",16000,843,50,0,320,354.478198562978,-0.20830639854281,354.686504961521,317.925093099839,317.966574403456,2.07406518085876,25.0494254823663,25.0438956957286,25.0439613479976,1.4592392743247,1.46622278754847,0.0776916930994311
"null",16000,843,50,1,320,327.940740277665,-0.190166594281939,328.130906871946,317.886770003848,317.928305063887,2.07675300191771,25.0465955934565,25.0411412638395,25.0439613479976,0.401410652250192,0.407433579027517,0.338517384001198
"null",16000,844,2,0,8000,7986.75717965474,-6.45919172936299,7993.2163713841,7997.46925532629,7998.73460198401,2.53069331543231,90.5297200816166,89.4427185851074,89.4427190999916,-0.118326618726969,-0.0616956940397535,0.533337942174012
"null",16000,844,2,1,8000,7890.63983922889,-6.71061203506829,7897.35045126396,7997.30757600078,7998.57272084187,2.53028968217827,90.5321573356245,89.4419930791191,89.4427190999916,-1.17823036489064,-1.13170856432472,0.801617758453774
"null",16000,844,5,0,3200,3170.76666986586,-2.58526618507675,3173.35193605093,3197.75417589457,3198.20331787442,2.24570989926454,71.772559078472,71.5541728001836,71.5541752799933,-0.376014264716429,-0.347308631362173,0.630490411890896
"null",16000,844,5,1,3200,3271.58198075412,-2.37346744244725,3273.95544819657,3197.64472350354,3198.09510270837,2.25189602414353,71.7717485300955,71.5522109682535,71.5541752799933,1.03017216056229,1.06020966314874,0.178415792149707
"null",16000,844,10,0,1600,1622.82262690184,-1.26762589181559,1624.09025279365,1597.84444846083,1598.05998349819,2.15535037361894,53.7384807213175,53.6656248003844,53.665631459995,0.46480991099364,0.48504549033549,0.326858225431112
"null",16000,844,10,1,1600,1577.87263006684,-1.17518332550768,1579.04781339235,1597.78565734084,1598.00124637157,2.1558903072207,53.737107922342,53.663802015825,53.665631459995,-0.370563806723302,-0.353188411317357,0.635226490131999
"null",16000,844,25,0,640,595.193850437195,-0.505980938774106,595.69983137597,637.899463190642,637.983466426999,2.10008090890266,35.0720705626525,35.0542188228312,35.0542436803306,-1.2176530232841,-1.20623526842051,0.88637482967955
"null",16000,844,25,1,640,630.321621445783,-0.483211159948222,630.804832605731,637.872548018085,637.956635119524,2.10217753598122,35.0708657166215,35.0528935418373,35.0542436803306,-0.215304824047247,-0.204028877252511,0.578140419084052
"null",16000,844,50,0,320,275.828537027085,-0.249046567066912,276.077583594152,317.918867281942,317.960472624594,2.08026713262673,25.0501391847269,25.0438937529841,25.0439613479976,-1.68024336888793,-1.67237928109531,0.957798242500774
"null",16000,844,50,1,320,286.698881738427,-0.23435369925641,286.933235437684,317.902187252775,317.9438739595,2.08433533623738,25.0492077315106,25.0429187524781,25.0439613479976,-1.24568033643218,-1.23829968975751,0.8957574527948
"null",16000,845,2,0,8000,8083.44951621282,-20.8273496688379,8104.27686588165,7997.46408140552,7998.73201509,2.53586736895522,90.7121162080478,89.4427185789845,89.4427190999916,0.947893604533345,1.18002731209976,0.248728162119604
"null",16000,845,2,1,8000,7958.72141723093,-20.3565855018284,7979.07800273276,7997.31661505144,7998.58076264872,2.52829519457341,90.7147680355343,89.4419742327854,89.4427190999916,-0.425456611490076,-0.218049300490686,0.620121470946713
"null",16000,845,5,0,3200,3146.86779232742,-8.34494389494395,3155.21273622236,3197.74266689364,3198.1941102428,2.25721674583941,71.8093976125835,71.5541727417349,71.5541752799933,-0.708470983710147,-0.600682984283523,0.737104720255327
"null",16000,845,5,1,3200,3201.98003864695,-8.22831595266195,3210.20835459961,3197.65682559718,3198.10554909966,2.24361751243502,71.8087144210312,71.5522685752144,71.5541752799933,0.060204573840783,0.169146356096671,0.476842210781094
"null",16000,845,10,0,1600,1578.74045145934,-4.18191543692957,1582.92236689627,1597.84025085596,1598.05620534845,2.15954492493204,53.7507825583896,53.6656246864734,53.665631459995,-0.355339931578921,-0.282002465089907,0.629394671098729
"null",16000,845,10,1,1600,1588.37144692559,-4.10731947424074,1592.47876639984,1597.79092285072,1598.00623788645,2.1531503573459,53.7495050681504,53.6638749263793,53.665631459995,-0.175247677409878,-0.103001721254765,0.563110951897071
"null",16000,845,25,0,640,620.351184978595,-1.66831198914105,622.019496967736,637.895419767313,637.979584601298,2.10412084963783,35.0750861453131,35.0542186172532,35.0542436803306,-0.500190782598041,-0.455297201396097,0.68438447107493
"null",16000,845,25,1,640,583.39091703512,-1.64835552363561,585.039272558755,637.876389114399,637.960366354066,2.0994309916682,35.0739435151095,35.0529505917936,35.0542436803306,-1.55344585235498,-1.50974719394094,0.940133317547741
"null",16000,845,50,0,320,298.472425157424,-0.82954172799878,299.301966885423,317.916257039652,317.957914294305,2.08286273266639,25.0511935089724,25.0438926045633,25.0439613479976,-0.77616389315997,-0.744930019604182,0.777621396716296
"null",16000,845,50,1,320,301.396684718999,-0.820350178650509,302.21703489765,317.906256273907,317.947870229433,2.08069777629576,25.0502977729942,25.04295165452,25.0439613479976,-0.659056898425601,-0.628154202779186,0.740091868114384
"null",16000,846,2,0,8000,8134.27568172034,15.579474138896,8118.69620758145,7997.474201321,7998.73707585568,2.52574906937252,90.4765954635731,89.4427186209132,89.4427190999916,1.51200959428699,1.34118387248702,0.140808787064486
"null",16000,846,2,1,8000,8135.72555164602,15.6562492543361,8120.06930239168,7997.43319329827,7998.69443171553,2.52247683452407,90.4781560079188,89.4425241459898,89.4427190999916,1.52846128225296,1.35701526578161,0.138291526767868
"null",16000,846,5,0,3200,3124.87790008914,6.20512135082584,3118.67277873831,3197.75162988901,3198.20128190791,2.24826009449553,71.7618413717638,71.5541729160245,71.5541752799933,-1.01549414573051,-1.11144465694442,0.819384769595016
"null",16000,846,5,1,3200,3362.06575210427,6.2451168838408,3355.82063522043,3197.73097595687,3198.17912924017,2.24076641647939,71.7619059769508,71.5536393696561,71.5541752799933,2.29000015969727,2.20312352200372,0.0213979685346673
"null",16000,846,10,0,1600,1537.70929371204,3.11263527850361,1534.59665843354,1597.84638220737,1598.06172461153,2.15342404155878,53.73490220487,53.6656250751333,53.665631459995,-1.11914390885183,-1.18260182545411,0.857318873767699
"null",16000,846,10,1,1600,1653.62164036238,3.09974353872249,1650.52189682366,1597.83021536382,1598.0456020369,2.15386673084383,53.7346374931077,53.6651334330649,53.665631459995,1.03827675409028,0.977847094188395,0.162448100732833
"null",16000,846,25,0,640,611.984265941868,1.25980884116879,610.724457100699,637.901834940066,637.985743810555,2.09772176222155,35.071193948177,35.0542195504863,35.0542436803306,-0.738998764527247,-0.77768916436988,0.76414935440957
"null",16000,846,25,1,640,665.570642158197,1.26202526635029,664.308616891846,637.892543642154,637.976558051259,2.10036022762406,35.0708988693163,35.0538643909917,35.0542436803306,0.789204138142537,0.751188472314469,0.217818444807816
"null",16000,846,50,0,320,313.666367246557,0.642907943391366,313.023459303166,317.920038047478,317.96162012564,2.07910390806974,25.0498329300773,25.0438944033123,25.0439613479976,-0.169808350131306,-0.197180228559855,0.558101435856541
"null",16000,846,50,1,320,323.521435885514,0.644997505114933,322.876438380399,317.914022659878,317.955656481251,2.08169106861984,25.0495895715015,25.0436294510803,25.0439613479976,0.223852499045136,0.196488368778991,0.40358221074125
"null",16000,847,2,0,8000,7996.82492235034,-11.0113895023109,8007.83631185265,7997.46451959777,7998.73223479241,2.53543038926886,90.6995307965391,89.4427185896095,89.4427190999916,-0.00705182531609823,0.10178667647636,0.501603824645394
"null",16000,847,2,1,8000,7962.38785149081,-11.5202997545292,7973.90815124534,7997.19824979904,7998.46545400441,2.5344084107339,90.7021514922576,89.4414775214801,89.4427190999916,-0.383788010929374,-0.274562802846898,0.609002383719992
"null",16000,847,5,0,3200,3152.84245637327,-4.41483903226159,3157.25729540553,3197.7484709787,3198.19875372333,2.25141372312351,71.8068528211443,71.5541727594495,71.5541752799933,-0.625372270767544,-0.572174294508721,0.711912203207167
"null",16000,847,5,1,3200,3284.2693260932,-4.95956819356678,3289.22889428677,3197.57544223893,3198.02598293852,2.25270349791909,71.8050588433739,71.5508953676635,71.5541752799933,1.2073506414551,1.27465786248525,0.140634877911391
"null",16000,847,10,0,1600,1579.63307522381,-2.22605713384069,1581.85913235765,1597.84170195749,1598.05751119958,2.15809242097022,53.7499325829665,53.6656246289912,53.665631459995,-0.338765573437174,-0.301839006886055,0.623367261267329
"null",16000,847,10,1,1600,1612.49656856702,-2.51857726964994,1615.01514583667,1597.74164479149,1597.95784286742,2.16198075925762,53.7475004369077,53.6626085938203,53.665631459995,0.274522976056246,0.317861979061762,0.394565784254565
"null",16000,847,25,0,640,580.399272071297,-0.90064498164044,581.299917052937,637.893338952703,637.977586507208,2.10618886262311,35.0748768249357,35.0542179204808,35.0542436803306,-1.63918086351004,-1.61685733747768,0.950010704734984
"null",16000,847,25,1,640,642.742240469218,-0.988494363011619,643.73073483223,637.854715916096,637.938858905128,2.10357472582043,35.0728312744523,35.0520144817067,35.0542436803306,0.13935357869677,0.165236606590028,0.439955240297262
"null",16000,847,50,0,320,261.702227883526,-0.45153908775165,262.153766971278,317.911801396486,317.953547467334,2.08730354236367,25.0511194003243,25.0438914377702,25.0439613479976,-2.24379488256452,-2.22807947537662,0.990683120106085
"null",16000,847,50,1,320,340.411780924114,-0.502370031525215,340.914150955639,317.89244879643,317.934161707512,2.08564555411684,25.0495515457188,25.0422667493535,25.0439613479976,0.898991428512528,0.917648129785222,0.185416766448368
"null",16000,848,2,0,8000,7941.18965684452,-20.8812301856235,7962.07088703014,7997.46713010478,7998.73353964391,2.53281907824602,90.6100334439585,89.4427186085635,89.4427190999916,-0.621095381176202,-0.409900919651309,0.671831096359206
"null",16000,848,2,1,8000,7956.24936877136,-21.2702002500725,7977.51956902143,7997.40850330327,7998.67907278278,2.54113895901974,90.6116714454248,89.4424931985108,89.4427190999916,-0.454236566607229,-0.236571041399615,0.627565248053411
"null",16000,848,5,0,3200,3240.14587778735,-8.36172656026225,3248.50760434761,3197.7501067484,3198.20006329495,2.24978273274722,71.7887739197012,71.5541728966633,71.5541752799933,0.590562684443735,0.70306928325912,0.297010651213245
"null",16000,848,5,1,3200,3189.68903502924,-8.424747983235,3198.11378301247,3197.71485053694,3198.16529731905,2.25223391056921,71.7888097535733,71.5535492378174,71.5541752799933,-0.111797584264827,-0.000719940619635972,0.538109392689646
"null",16000,848,10,0,1600,1668.06962528475,-4.19106801820827,1672.26069330295,1597.84053914037,1598.05646541485,2.15926274485504,53.7438953746847,53.6656249260174,53.665631459995,1.30673606099383,1.38271431648097,0.108689646234405
"null",16000,848,10,1,1600,1727.44299704194,-4.24033147066537,1731.68332851261,1597.82181662213,1598.03777497983,2.15958357699818,53.7435748978658,53.6650483374756,53.665631459995,2.41184514923219,2.49036491483885,0.012469713369552
"null",16000,848,25,0,640,661.764061667478,-1.69792004055881,663.461981708037,637.899077660955,637.983096624946,2.10047409975949,35.0733985014368,35.0542192683053,35.0542436803306,0.680429756630095,0.726842178057816,0.24958752851681
"null",16000,848,25,1,640,624.388031271547,-1.71658393300692,626.104615204554,637.894677975806,637.978556790093,2.09697035717637,35.0730444545782,35.0537971089499,35.0542436803306,-0.385100492822953,-0.338734818046511,0.642484737643532
"null",16000,848,50,0,320,321.126552893028,-0.85953412163639,321.986087014664,317.914801869993,317.956488766766,2.08434483864175,25.05060477266,25.0438947406933,25.0439613479976,0.128210518356027,0.160901420870079,0.440386505266436
"null",16000,848,50,1,320,351.303789586629,-0.875677258745433,352.179466845375,317.915625357395,317.957215448091,2.0795045348204,25.0503186749499,25.0435841999333,25.0439613479976,1.33284389162771,1.36650773004667,0.096232392472477
"null",16000,849,2,0,8000,8055.41119466456,-1.38785986068757,8056.79905452525,7997.46709126604,7998.73352154971,2.53286056734431,90.4253716436214,89.4427186575495,89.4427190999916,0.640794749806327,0.649192397626584,0.323433659190136
"null",16000,849,2,1,8000,7966.1255379359,-1.87961661292376,7968.00515454883,7997.24791158597,7998.51715188733,2.53848060272885,90.4191002263678,89.441762473564,89.4427190999916,-0.344201319988234,-0.341138149502843,0.597578361413397
"null",16000,849,5,0,3200,3324.79135939072,-0.532483974437841,3325.32384336516,3197.75290056039,3198.20229879349,2.24699116552708,71.7515099206662,71.5541729722102,71.5541752799933,1.77053359533197,1.77657765146748,0.0578344096881211
"null",16000,849,5,1,3200,3108.85737001051,-0.622942144814779,3109.48031215532,3197.61781618448,3198.06614237003,2.24163092775143,71.7473116743673,71.5515093821405,71.5541752799933,-1.23712574175354,-1.23807074064074,0.867960927226809
"null",16000,849,10,0,1600,1606.80326634704,-0.260156234870241,1607.06342258191,1597.85033702568,1598.06528438593,2.14947360254717,53.7314535380517,53.665625241784,53.665631459995,0.166623620465147,0.167670425070803,0.433598083557158
"null",16000,849,10,1,1600,1614.67834192034,-0.345295868380787,1615.02363778872,1597.7723960648,1597.98725476778,2.14858702980667,53.7284335333839,53.6631594079269,53.665631459995,0.314655476509141,0.317468878256545,0.379885654972267
"null",16000,849,25,0,640,595.204817328598,-0.0879477164318174,595.29276504503,637.906196478828,637.989931240855,2.0933690506759,35.0703493232639,35.0542200752871,35.0542436803306,-1.21759206777857,-1.21803212577894,0.886312931147265
"null",16000,849,25,1,640,632.94937019631,-0.101928533935801,633.051298730246,637.868542715664,637.952450472107,2.0976939110789,35.068428308083,35.0524405566651,35.0542436803306,-0.140273538241808,-0.139823409269837,0.5489814884537
"null",16000,849,50,0,320,308.863819016447,-0.0445374810843961,308.908356497532,317.924727187996,317.966215878931,2.07443454675066,25.0495387274754,25.0438959784371,25.0439613479976,-0.361719561790184,-0.36167932454272,0.632807750277239
"null",16000,849,50,1,320,325.060684552767,-0.0872267547579515,325.147911307525,317.902600094787,317.944190562974,2.07952340932432,25.0481715866431,25.0425789829968,25.0439613479976,0.285772733279934,0.287658900844134,0.380442376484421
"null",16000,850,2,0,8000,8096.24582346173,-1.73510905303339,8097.98093251476,7997.46185877151,7998.7309028341,2.53808812517272,90.5706041285418,89.4427185358319,89.4427190999916,1.09068461716358,1.10964907267325,0.218017475268156
"null",16000,850,2,1,8000,8143.48966427895,-2.51211751964952,8146.0017817986,7997.03655044143,7998.30487625101,2.5366516191548,90.57312158417,89.4408224330797,89.4427190999916,1.61695999073432,1.65133662157565,0.125339502001743
"null",16000,850,5,0,3200,3184.97536091451,-0.661133841198219,3185.63649475571,3197.74821143757,3198.19854557058,2.25167066501362,71.7808127694115,71.5541726976421,71.5541752799933,-0.177942405919701,-0.17556000357865,0.561487489132573
"null",16000,850,5,1,3200,3255.79106911896,-0.338352355461411,3256.12942147442,3197.47012799191,3197.92120794029,2.25539974188489,71.7774269257486,71.5489492197503,71.5541752799933,0.812524823262082,0.813543932774731,0.233726222812751
"null",16000,850,10,0,1600,1642.66571708522,-0.336085144731406,1643.00180222996,1597.8439954437,1598.0595754113,2.15579967603489,53.7412365950762,53.6656246629827,53.665631459995,0.834028475735324,0.837449057956293,0.213422552010452
"null",16000,850,10,1,1600,1635.91093475561,-0.145983584516258,1636.05691834013,1597.68695180878,1597.90273083293,2.15779024149777,53.7371202735222,53.6607677903965,53.665631459995,0.711314315919295,0.71102574708273,0.249160133668196
"null",16000,850,25,0,640,634.516929638088,-0.143920859662975,634.660850497751,637.898580512875,637.982618851638,2.1009584690912,35.0727458042722,35.0542185176992,35.0542436803306,-0.0964181958737609,-0.0947608731374343,0.531488567373473
"null",16000,850,25,1,640,661.434311881876,-0.141728640709984,661.576040522586,637.8320202999,637.91606929178,2.10122479700305,35.0694059898427,35.0506776844584,35.0542436803306,0.673016577150242,0.675021791127793,0.252456849403106
"null",16000,850,50,0,320,326.279437450235,-0.0696565635194513,326.349094013755,317.915805027755,317.957471191185,2.0833081715134,25.050373971593,25.0438920860368,25.0439613479976,0.33387255743029,0.335076624421681,0.362465430880658
"null",16000,850,50,1,320,329.591854613875,-0.0788226828804769,329.670677296755,317.884856320792,317.926464172979,2.08039260937814,25.0478287898214,25.0412739853675,25.0439613479976,0.467385751927544,0.468994234504145,0.315422663735144
