"scen","n","rep","m","oracle","G","HL","C","EF","mu","muEF","d","sdHL","sdEF","sdEF_simple","zHL","zEF","pHL_chisq"
"null",1000,51,2,0,500,513.754566199702,-7.98731996368844,521.741886163391,497.439370245848,498.719179308501,2.55961812530592,23.1868233115131,22.3606350588215,22.3606797749979,0.70364084526203,1.02960881005064,0.303240018555503
"null",1000,51,2,1,500,460.354617171751,-8.28621239784266,468.640829569594,496.739456016217,498.012418013353,2.54592399427295,23.1774073117409,22.3443637155758,22.3606797749979,-1.56984076584072,-1.31449652438682,0.88551828329191
"null",1000,51,5,0,200,198.247842367887,-3.05995655522497,201.307798923112,197.695507965391,198.155968395682,2.30230215145448,18.0557529213823,17.8883435714216,17.8885438199983,0.0305904940603086,0.17619465518682,0.481672965270247
"null",1000,51,5,1,200,182.149448666917,-3.03990080922898,185.189349476146,197.255680550565,197.717101700407,2.30710574920998,18.0250631894067,17.8541457739134,17.8885438199983,-0.838068179007861,-0.701671890825766,0.783798974605543
"null",1000,51,10,0,100,96.4525396399065,-1.58398698949859,98.0365266294051,97.7883507809146,98.009116636122,2.2076585520733,13.4716926651949,13.4158681634426,13.4164078649987,-0.0991568895020352,0.00204310246263704,0.525281996378661
"null",1000,51,10,1,100,96.4340030225173,-1.67244704178156,98.1064500642988,97.5387300372267,97.7596730334395,2.20942996212852,13.4419296366325,13.3844164707059,13.4164078649987,-0.0821851508356925,0.0259090137861655,0.525814489975323
"null",1000,51,25,0,40,42.0008814204944,-0.58044740926118,42.5813288297555,37.8421493481647,37.9281107519753,2.14903509526547,8.77514986448644,8.76162279907811,8.76356092008266,0.473921486989107,0.531090893147082,0.301647376352044
"null",1000,51,25,1,40,51.1409686950144,-0.503341974178352,51.6443106691928,37.7442401009584,37.8298915553178,2.14128635898386,8.75291117582028,8.73893260407459,8.76356092008266,1.53054547509452,1.58079021085869,0.0754223345759923
"null",1000,51,50,0,20,32.0737574926567,-0.332828339152674,32.4065858318094,17.8594308726241,17.901916879796,2.12430035859459,6.26039368759403,6.25588421123255,6.26099033699941,2.27051641308127,2.31856416491373,0.0215492246022967
"null",1000,51,50,1,20,30.7945710118044,-0.347541277463688,31.1421122892681,17.8219805928437,17.8641200215291,2.10697143427298,6.24353311411488,6.23889254173647,6.26099033699941,2.07776433340818,2.12826109424275,0.0304015837706308
"null",1000,52,2,0,500,517.125420966689,3.49839292914374,513.627028037545,497.436357618723,498.717738907071,2.56276257669517,22.6977415260065,22.3606404296348,22.3606797749979,0.867445922996649,0.66676485306366,0.267799114719293
"null",1000,52,2,1,500,481.390267039036,3.54845079989639,477.84181623914,497.414701074322,498.689656207116,2.54991026558842,22.6988624184132,22.359995306012,22.3606797749979,-0.705957582362661,-0.932372287322029,0.695353108098163
"null",1000,52,5,0,200,187.857844655222,1.3732349746061,186.484609680616,197.731303404631,198.184689288103,2.26692941736178,17.9561338257811,17.8883874026418,17.8885438199983,-0.54986551365709,-0.65406005271102,0.686154645025185
"null",1000,52,5,1,200,189.230685626834,1.40656974413949,187.824115882694,197.694164944923,198.150611081796,2.28223068436577,17.9551178950746,17.886712045316,17.8885438199983,-0.471368629688089,-0.577327748830521,0.660460118628979
"null",1000,52,10,0,100,85.9103282246082,0.636742277612154,85.273585946996,97.8179783649579,98.0358528677243,2.17874502766372,13.4384793530043,13.4159676676748,13.4164078649987,-0.88608612831538,-0.951274424391942,0.803365815280957
"null",1000,52,10,1,100,97.8549720455163,0.674804854600249,97.180167190916,97.8185177968512,98.0350907048773,2.16572908026166,13.4371780668553,13.4144024503379,13.4164078649987,0.00271293931536327,-0.0637317627174494,0.485129351379176
"null",1000,52,25,0,40,31.7153193316951,0.129018211587463,31.5863011201076,37.8927560194826,37.9767344260822,2.09946016498946,8.76724096773178,8.76185979302213,8.76356092008266,-0.704604414378921,-0.729346674899302,0.754056909907057
"null",1000,52,25,1,40,37.2622897168853,0.227689426281967,37.0346002906033,37.8862525457056,37.9702717916743,2.10048114921805,8.76614451543059,8.76068635173357,8.76356092008266,-0.0711787066391571,-0.106803447070769,0.503384970127305
"null",1000,52,50,0,20,15.3439839339255,-0.0137234502819426,15.3577073842074,17.9099214077717,17.951427309659,2.07529509436202,6.25808028229966,6.25636623181547,6.26099033699941,-0.410019903564312,-0.414572905317099,0.638228279002849
"null",1000,52,50,1,20,17.7119274749582,0.0664811217267001,17.6454463532315,17.9130269614884,17.9544184200084,2.06957292599769,6.25730294171813,6.2555564169388,6.26099033699941,-0.0321383651076679,-0.0493916202146686,0.47477625637447
"null",1000,53,2,0,500,505.249263622685,-3.81309151534749,509.062355138033,497.442836865145,498.721042803737,2.55641187718468,22.591482759137,22.3606512097125,22.3606797749979,0.345547339268081,0.462478137926673,0.401410766222297
"null",1000,53,2,1,500,518.132637217728,-4.02131526994417,522.153952487672,497.328455399075,498.608225895341,2.55954099253325,22.5885837964929,22.3586542889379,22.3606797749979,0.921004256224478,1.05309229652431,0.257657642060491
"null",1000,53,5,0,200,183.385445136471,-1.4548165529067,184.840261689378,197.723712266684,198.178663876277,2.27475804796325,17.9347065670752,17.8884141043146,17.8885438199983,-0.79947040541694,-0.745644756942553,0.76410767760296
"null",1000,53,5,1,200,208.648504526183,-1.42860308166378,210.077107607847,197.682738122694,198.130580257194,2.23921067250173,17.9291106523425,17.8826545113406,17.8885438199983,0.611617977942273,0.668051118645519,0.288023976959104
"null",1000,53,10,0,100,84.7471489628427,-0.736867533748332,85.484016496591,97.8291658309959,98.0459530309559,2.16787199959942,13.4313985061407,13.416019237768,13.4164078649987,-0.973987694741712,-0.936338589840509,0.827625093297015
"null",1000,53,10,1,100,99.5450267199914,-0.667886648438836,100.21291336843,97.8075169348091,98.0220073169417,2.14490382132674,13.4259485633237,13.4104589477378,13.4164078649987,0.129414303725906,0.163372936006646,0.43747880709471
"null",1000,53,25,0,40,32.561886096505,-0.262952563638274,32.8248386601433,37.8940043616358,37.9779701773,2.09914539160627,8.76572972029964,8.76206989715095,8.76356092008266,-0.608291429837573,-0.588118056309084,0.718636950965555
"null",1000,53,25,1,40,45.8619313093158,-0.268036234442219,46.1299675437581,37.8950272190937,37.9782610390718,2.0808454994501,8.76207918242197,8.7583835156948,8.76356092008266,0.909248127568271,0.930731851383154,0.178385342746999
"null",1000,53,50,0,20,19.7565063415519,-0.213644942444733,19.9701512839967,17.9273261412962,17.9685175631925,2.05957109481509,6.25806264297915,6.25690456756647,6.26099033699941,0.292291768972278,0.319907983123138,0.346693738710636
"null",1000,53,50,1,20,25.7126535970936,-0.185423747107168,25.8980773442007,17.9219868673961,17.9631033656864,2.05582491451443,6.25527537602052,6.25409918995047,6.26099033699941,1.24545543743171,1.26876369202216,0.106511840128892
"null",1000,54,2,0,500,502.414716179417,-5.09992586846184,507.514642047879,497.452121987527,498.725698424549,2.54715287404498,22.6506519966051,22.3606537474989,22.3606797749979,0.21909277457595,0.393053965352555,0.436210124212517
"null",1000,54,2,1,500,487.114270579044,-5.01476883218817,492.129039411232,497.189184556411,498.464943014845,2.55151691686835,22.635704138871,22.355688785317,22.3606797749979,-0.445089488515874,-0.283413482109938,0.62790448939415
"null",1000,54,5,0,200,193.898222496057,-1.94452907704281,195.842751573099,197.786209733356,198.228617207551,2.21203737097316,17.9466207771511,17.8883966610434,17.8885438199983,-0.216641744737255,-0.13337504079656,0.56906544513326
"null",1000,54,5,1,200,177.196274914087,-1.57917310253733,178.775448016625,197.59133779729,198.03714544698,2.22903824845141,17.9306910393525,17.8747810072953,17.8885438199983,-1.13743875450429,-1.07759068055122,0.853290432474174
"null",1000,54,10,0,100,103.325037650317,-0.938679304784267,104.263716955101,97.8683240809137,98.0811732022838,2.12849121370149,13.4353476417736,13.4159911778333,13.4164078649987,0.406146064463326,0.460833916097997,0.33683676821916
"null",1000,54,10,1,100,90.9035188480603,-0.847023995803721,91.7505428438641,97.7691007088185,97.9819870910355,2.12886382216924,13.4221382126711,13.4035649864727,13.4164078649987,-0.511511783888262,-0.464909466508377,0.681442201034423
"null",1000,54,25,0,40,40.1334884324562,-0.30663953424288,40.4401279666991,37.908217639279,37.9916086472409,2.08477519904839,8.76668881924252,8.76204175319045,8.76356092008266,0.253832528912495,0.279446205396888,0.375808110963047
"null",1000,54,25,1,40,47.2910094432489,-0.296795005458481,47.5878044487073,37.870131946538,37.9533321249967,2.0800044614675,8.75730617957355,8.7528643144039,8.76356092008266,1.07577345173623,1.10072222961984,0.143522673310906
"null",1000,54,50,0,20,21.2976569453559,-0.170777247712896,21.4684341930688,17.9263994535343,17.9676082565557,2.06044015107041,6.25841119464897,6.25689472982057,6.26099033699941,0.538676252960828,0.559514917172578,0.264662729940909
"null",1000,54,50,1,20,24.1479226233429,-0.129907490381804,24.2778301137247,17.9292086129146,17.9699682143311,2.03798007082603,6.2522634054397,6.25080776221032,6.26099033699941,0.994634040053053,1.00912748229569,0.150241084377983
"null",1000,55,2,0,500,464.939253549022,-3.11440835135573,468.053661900377,497.420416597354,498.709790218818,2.5787472429298,22.5153593104141,22.3606431058609,22.3606797749979,-1.44262246054001,-1.37098598521104,0.853243772873446
"null",1000,55,2,1,500,445.896509993597,-3.2045533783792,449.101063371976,497.508131051123,498.751536006074,2.48680990990203,22.5146488002569,22.3605735658673,22.3606797749979,-2.2923573676591,-2.22044718521387,0.954583041599346
"null",1000,55,5,0,200,191.234957195407,-1.24064295913576,192.475600154542,197.744634504565,198.195358811907,2.25362153670791,17.9193596548752,17.8883944462859,17.8885438199983,-0.363276223845855,-0.319746899283755,0.621834083955142
"null",1000,55,5,1,200,163.466587868814,-1.30662814688455,164.773216015699,197.767854008109,198.213442727306,2.2279435959867,17.9190000506178,17.8882096320974,17.8885438199983,-1.91423997111445,-1.8694004262788,0.965156144682223
"null",1000,55,10,0,100,91.1517090870654,-0.547208665693663,91.6989177527591,97.8418154429661,98.0573258035585,2.15510360592386,13.4262598520823,13.4160024391678,13.4164078649987,-0.498285183633108,-0.473942076235476,0.674769265824129
"null",1000,55,10,1,100,88.1988236465695,-0.573762484641836,88.7725861312113,97.8674712012769,98.0802706958771,2.12799494600231,13.4260208762675,13.4158221141468,13.4164078649987,-0.720142449040745,-0.693784136780632,0.750744996389441
"null",1000,55,25,0,40,43.1264311106744,-0.366648874111916,43.4930799847863,37.9087975202784,37.9921775760436,2.0845013941282,8.76452158063319,8.76210417373571,8.76356092008266,0.595312994827378,0.627806095393341,0.261330921338179
"null",1000,55,25,1,40,39.0825741069525,-0.349519495105234,39.4320936020578,37.9127465383952,37.9959444204052,2.07994705025123,8.76437729852176,8.76197509849708,8.76356092008266,0.133475263411429,0.163907014743613,0.420972113077737
"null",1000,55,50,0,20,14.6678959681321,-0.0942329092872291,14.7621288774194,17.9258305093591,17.9670529097775,2.06112002091911,6.25765177452009,6.25692304089785,6.26099033699941,-0.520632125055698,-0.512220465460322,0.684630115436926
"null",1000,55,50,1,20,14.0116055765383,-0.116643616479525,14.1282491930178,17.9267866778067,17.9679840886784,2.05987054358682,6.25755719837854,6.25683257780108,6.26099033699941,-0.625672443279121,-0.613686693373216,0.728334402130908
"null",1000,56,2,0,500,492.449204215044,-1.18856801662226,493.637772231666,497.478003738794,498.738547863218,2.52108824884677,22.7454723315169,22.3606432440826,22.3606797749979,-0.22109013391566,-0.228113993675069,0.561745270886059
"null",1000,56,2,1,500,511.092413610258,-2.07425890422909,513.166672514487,497.274489691741,498.540019787002,2.53106019052259,22.7424527444813,22.3566428975989,22.3606797749979,0.607582835227391,0.654241908969957,0.332744038311337
"null",1000,56,5,0,200,205.589341392487,-0.37615397194901,205.965495364436,197.723597506162,198.178506013896,2.27454253867071,17.9657605538394,17.8883794517279,17.8885438199983,0.437818586235383,0.435309938027286,0.340897155262612
"null",1000,56,5,1,200,175.589260298789,-0.747341352303899,176.336601651093,197.631277650327,198.079844415942,2.24283382807738,17.9571770532955,17.8787957450485,17.8885438199983,-1.22747675127996,-1.21614694160101,0.872415017466769
"null",1000,56,10,0,100,105.733697088544,-0.267471895354293,106.001168983899,97.8293077411549,98.0460342283682,2.16726487213278,13.4416816525352,13.4159509854492,13.4164078649987,0.588050628761811,0.592960928685452,0.278989078533717
"null",1000,56,10,1,100,93.2340202674153,-0.526889819104847,93.7609100865202,97.7759875799684,97.9911031686958,2.15115588727384,13.4333796015379,13.4071980773898,13.4164078649987,-0.338110546063412,-0.315516564889834,0.617251468070804
"null",1000,56,25,0,40,46.2798163513943,-0.0910181783452937,46.3708345297396,37.8765221034879,37.9611638970001,2.11604483780502,8.76809629192124,8.7619351075508,8.76356092008266,0.958394384382964,0.959796041572172,0.167604076058292
"null",1000,56,25,1,40,38.5489490201014,-0.215999346115788,38.7649483662172,37.8612521905321,37.9453548435125,2.10256632451009,8.76205631739451,8.75577405866898,8.76356092008266,0.0784857805814483,0.0936060612360401,0.444668437982729
"null",1000,56,50,0,20,26.6790590284651,0.0326828877038815,26.6463761407612,17.9012480673244,17.9429406927562,2.08463127158988,6.25855961770154,6.25657236610395,6.26099033699941,1.40252893594138,1.39108683456733,0.085215045758882
"null",1000,56,50,1,20,17.2468239215959,-0.112595501269355,17.3594194228653,17.9016554121902,17.9430466996089,2.06956437093822,6.25406171076554,6.25203245570231,6.26099033699941,-0.104704993471215,-0.0933500075181754,0.506201077490371
"null",1000,57,2,0,500,459.018785492925,-3.34382302655968,462.362608519485,497.498659466663,498.748888812712,2.50045869209738,22.631054743214,22.3606414949514,22.3606797749979,-1.7003128846779,-1.62724670942209,0.893926626744514
"null",1000,57,2,1,500,442.157209411988,-4.30214692559429,446.459356337582,497.158918474204,498.423947029286,2.5300571101635,22.624572046852,22.355481929681,22.3606797749979,-2.43106074883169,-2.32446747760385,0.965540417868787
"null",1000,57,5,0,200,197.034264766689,-1.21977527833037,198.254040045019,197.741720463085,198.193038458782,2.25658997848563,17.9426653273975,17.8883992530802,17.8885438199983,-0.039428684840726,0.0034101198980193,0.506018277729046
"null",1000,57,5,1,200,167.044114831473,-0.778375998380764,167.822490829853,197.518242358206,197.976533140631,2.29145391212722,17.9288447225797,17.8741270659444,17.8885438199983,-1.69972622320465,-1.68702181647966,0.946409970530669
"null",1000,57,10,0,100,114.73467457347,-0.497476561691611,115.232151135161,97.8307275087769,98.0473477219991,2.16620213222121,13.4340307153005,13.4159996352412,13.4164078649987,1.25829301889568,1.28091859573558,0.118928771633517
"null",1000,57,10,1,100,78.6212369581685,-0.406814687488167,79.0280516456566,97.710473605131,97.9280592589125,2.17585653781494,13.420556189905,13.4021917604877,13.4164078649987,-1.42238789338116,-1.41021766820087,0.924951292427598
"null",1000,57,25,0,40,46.6388996942418,-0.193304677200542,46.8322043714424,37.8932484468387,37.977237924119,2.09973693200813,8.76634523680245,8.76203349912101,8.76356092008266,0.997639382337758,1.01060632194703,0.158730663073918
"null",1000,57,25,1,40,30.4379914777773,-0.143628700551971,30.5816201783293,37.850190708912,37.9339746620346,2.09459882806348,8.7561815460917,8.75174460924177,8.76356092008266,-0.846510455741191,-0.84010158111118,0.803674261048569
"null",1000,57,50,0,20,25.3050164694949,-0.0813564649883056,25.3863729344832,17.9114763339594,17.9529629992168,2.07433326287291,6.25790292033605,6.25655719619111,6.26099033699941,1.18147248841286,1.18809909382619,0.11674247474641
"null",1000,57,50,1,20,10.7188598244109,-0.0886279358316684,10.8074877602425,17.8859638366038,17.9274508114058,2.07434874010162,6.25007988313532,6.24867982822784,6.26099033699941,-1.14672198535127,-1.13943476812487,0.905903872747885
"null",1000,58,2,0,500,541.433121173433,4.06579318952355,537.367327983909,497.469217759265,498.734272063776,2.53010860902173,22.5600751184469,22.3606593882249,22.3606797749979,1.94874809517899,1.72772435952751,0.0870545729033243
"null",1000,58,2,1,500,510.650730214745,4.08591061265553,506.56481960209,497.415509744166,498.697142894901,2.56326630146929,22.5584321442915,22.3603658478924,22.3606797749979,0.586708348608718,0.351858138668623,0.337757651632277
"null",1000,58,5,0,200,220.792850413179,1.62925233533495,219.163598077844,197.740898344018,198.192432161604,2.25766908793352,17.9284020302107,17.8884265082147,17.8885438199983,1.28577839956496,1.17233150196914,0.127692517303447
"null",1000,58,5,1,200,181.406922194909,1.74180525232597,179.665116942583,197.717729478821,198.171157572412,2.26714046795733,17.926969023241,17.8874010063751,17.8885438199983,-0.909847462935087,-1.03458521577469,0.795196774111882
"null",1000,58,10,0,100,116.937982413543,0.838265208428167,116.099717205115,97.8336336665882,98.050018985708,2.16385319119792,13.4293704570899,13.4160837795918,13.4164078649987,1.42257962188162,1.34537757187115,0.0932226672934079
"null",1000,58,10,1,100,95.2593254068881,0.942085029610075,94.317240377278,97.8261874262115,98.0425614067905,2.16373980579073,13.428293419664,13.4151427496258,13.4164078649987,-0.191153256717238,-0.27769522091865,0.559563972361292
"null",1000,58,25,0,40,52.9225640549332,0.361339865180649,52.5612241897525,37.9125506921713,37.9958022001626,2.08128769978008,8.76540203473617,8.76222699269384,8.76356092008266,1.71241584850062,1.66229681127127,0.0545218132143382
"null",1000,58,25,1,40,44.662069386023,0.35322744623462,44.3088419397884,37.8992481047852,37.9828999329761,2.09129570477125,8.76466134234074,8.76152468805723,8.76356092008266,0.771600980013638,0.722013831158308,0.212110412705903
"null",1000,58,50,0,20,25.2143381715274,0.24021594820013,24.9741222233272,17.9295829978255,17.970753993366,2.05854977702424,6.25830575525458,6.25729756382309,6.26099033699941,1.16401394540135,1.11923208997629,0.119125173611231
"null",1000,58,50,1,20,23.9139048420375,0.172888462135412,23.7410163799021,17.9277310097506,17.9689073338755,2.05881620624548,6.25780534962418,6.25680756621071,6.26099033699941,0.956593166108378,0.922532615066882,0.157868685486225
"null",1000,59,2,0,500,464.575253470174,-5.1189180361013,469.694171506275,497.455126781626,498.727216331257,2.54417909926197,22.6105390679596,22.3606588025206,22.3606797749979,-1.45418352090707,-1.29839845424005,0.856001313701876
"null",1000,59,2,1,500,486.930706108789,-6.02745699956306,492.958163108352,497.065090952476,498.332482441004,2.53478297705552,22.5875569839172,22.3532886341031,22.3606797749979,-0.448671135656843,-0.240426338183328,0.630135174399494
"null",1000,59,5,0,200,176.951282111754,-2.18070705157985,179.131989163334,197.733109277078,198.186147572844,2.26519147882841,17.938540106081,17.8884007133724,17.8885438199983,-1.15850158610618,-1.06516835768701,0.856316297192151
"null",1000,59,5,1,200,166.303529898486,-2.66331746087456,168.966847359361,197.521719807495,197.962415596884,2.20347894694506,17.9141228066283,17.8676679639617,17.8885438199983,-1.74265802718833,-1.6227953360229,0.95081068013889
"null",1000,59,10,0,100,76.5622919168267,-1.08712505797874,77.6494169748054,97.8501878826789,98.0648724680982,2.14684585419345,13.4326913812308,13.4160196788596,13.4164078649987,-1.58478262930967,-1.52172223818832,0.946431849015656
"null",1000,59,10,1,100,77.2273492802683,-1.29316845507599,78.5205177353443,97.7125259623808,97.9262727317166,2.13746769335832,13.4130954927789,13.3976185706365,13.4164078649987,-1.52725198244812,-1.44844808755071,0.940062410455148
"null",1000,59,25,0,40,31.9992739219811,-0.412736535983224,32.4120104579643,37.9037454367603,37.9873193790879,2.08934855818824,8.76606606777722,8.76206572337767,8.76356092008266,-0.673560006179193,-0.63630074198694,0.742379279450473
"null",1000,59,25,1,40,33.8596311480739,-0.416851612327517,34.2764827604014,37.8375184405547,37.92124480979,2.09315923088371,8.75241614354299,8.74872879624477,8.76356092008266,-0.454490191878666,-0.416604758733985,0.661327165633103
"null",1000,59,50,0,20,15.6482370010583,-0.146006613609888,15.7942436146682,17.9242953565749,17.9655347250549,2.06196842400289,6.25799777046653,6.25671381574713,6.26099033699941,-0.363703925600293,-0.347033790313685,0.617082041080512
"null",1000,59,50,1,20,17.00806414762,-0.184722359680268,17.1927865073003,17.8963645842733,17.9375355125225,2.05854641246022,6.24817743599204,6.24701216373627,6.26099033699941,-0.142169527954874,-0.119216832895807,0.522550668769021
"null",1000,60,2,0,500,499.806777037553,-3.86049176996101,503.667268807514,497.472876544976,498.736060829685,2.52636856941921,22.6291976832725,22.3606565400212,22.3606797749979,0.103136687621191,0.220530554145554,0.468794456028773
"null",1000,60,2,1,500,486.345400905154,-3.84448064977493,490.189881554929,497.44289387033,498.718597011976,2.55140628329098,22.6295061795421,22.3605725069865,22.3606797749979,-0.490399254722086,-0.381417580179671,0.637222041627458
"null",1000,60,5,0,200,178.57172584128,-1.38582289403509,179.957548735315,197.733313107971,198.186326651986,2.26506772007633,17.9423076544186,17.8884045780352,17.8885438199983,-1.06795556267101,-1.01902759618115,0.835569568241625
"null",1000,60,5,1,200,202.378253967698,-1.46429776461673,203.842551732315,197.736250370614,198.188000052499,2.25874840942326,17.9421919440937,17.8881503808747,17.8885438199983,0.258719983129592,0.316106000867564,0.400573643843346
"null",1000,60,10,0,100,86.7159043252227,-0.662795525440657,87.3786998506633,97.8296176714596,98.0463581302821,2.16740458822584,13.4339361677705,13.4160176937265,13.4164078649987,-0.827286448844375,-0.79514342654804,0.785553494596705
"null",1000,60,10,1,100,100.887637176762,-0.67918996667483,101.566827143437,97.8298069900571,98.0463396687267,2.1653267866962,13.4337545136467,13.4157828364111,13.4164078649987,0.227622901966743,0.262413868623121,0.400599890189651
"null",1000,60,25,0,40,38.4870134637417,-0.324560430236664,38.8115738939783,37.8871942129661,37.9714436065308,2.10623483911853,8.76643601851021,8.76213510885764,8.76356092008266,0.0684222470236561,0.0958819142834506,0.447447500364346
"null",1000,60,25,1,40,37.1919526159905,-0.343784560965309,37.5357371769558,37.8776375177365,37.9622357358569,2.1149554530097,8.76627272777297,8.76195696951134,8.76356092008266,-0.0782185226309064,-0.0486761759256704,0.506643156241738
"null",1000,60,50,0,20,14.2951462509717,-0.111588600033437,14.4067348510051,17.920747606586,17.9620700092873,2.06612013506375,6.2582750912852,6.25689646951406,6.26099033699941,-0.579329176607002,-0.568226624110712,0.709658276712663
"null",1000,60,50,1,20,14.2149841959083,-0.127887323356853,14.3428715192651,17.9190025164563,17.9603497407629,2.06736121533001,6.25812525973896,6.25674093333995,6.26099033699941,-0.591873471177939,-0.57817292741362,0.714972989537602
"null",1000,61,2,0,500,498.701645019175,4.43780823355453,494.26383678562,497.475821513212,498.737504888344,2.52336675026506,22.7402970791565,22.3606461953299,22.3606797749979,0.0539053426477119,-0.200068820178313,0.482712964068486
"null",1000,61,2,1,500,491.473732672926,4.21889298298081,487.254839689945,497.063230643403,498.324621691941,2.52278209707515,22.7336521336893,22.3527650352811,22.3606797749979,-0.245868896805817,-0.495230991983476,0.57399470070518
"null",1000,61,5,0,200,209.556156403183,1.6946225316296,207.861533871553,197.758816192202,198.206664100355,2.2392395407634,17.9647214452791,17.8883748140374,17.8885438199983,0.656694858693782,0.539728727263814,0.273207739667932
"null",1000,61,5,1,200,189.07116453342,1.37718860876817,187.693975924652,197.483427120301,197.934359617326,2.25466248512152,17.9464709639378,17.868394411318,17.8885438199983,-0.468741882667922,-0.573100383668916,0.663480817939356
"null",1000,61,10,0,100,86.6718127849689,0.88720900996033,85.7846037750085,97.8351663244461,98.0513128238316,2.16146499385489,13.4413550107864,13.415959259935,13.4164078649987,-0.830522929460524,-0.91433708251157,0.786549093379862
"null",1000,61,10,1,100,87.1717135107669,0.806047573654285,86.3656659371127,97.6839299795172,97.9006744916927,2.16744512175477,13.4238985299308,13.3977042307741,13.4164078649987,-0.78309713421265,-0.860969040358755,0.775124597399019
"null",1000,61,25,0,40,39.9632770598092,0.263641814202376,39.6996352456069,37.9033027595929,37.9868457080873,2.088573712361,8.76786486507703,8.76178378415097,8.76356092008266,0.234945945440076,0.195484113704992,0.382972958702572
"null",1000,61,25,1,40,34.3291639997132,0.291899763705154,34.0372642360081,37.8277565076098,37.911795095707,2.10096470242968,8.75456201715729,8.74827008822441,8.76356092008266,-0.399630786901733,-0.44289108825232,0.639923586355639
"null",1000,61,50,0,20,20.8568528731695,0.180768372427243,20.6760845007423,17.9155143562519,17.9568873319792,2.06864878636331,6.25797067803393,6.25603262811131,6.26099033699941,0.470014748909261,0.434652011970733,0.286696429520116
"null",1000,61,50,1,20,26.0072150730754,0.0964955231708582,25.9107195499046,17.9043580669595,17.9452832651282,2.0462599084327,6.24767897994841,6.24565034364332,6.26099033699941,1.29693875631599,1.27535738418072,0.0995930574563315
"null",1000,62,2,0,500,477.912546294398,-4.48021158409646,482.392757878495,497.500745373165,498.749998197848,2.49850564936531,22.7922179341099,22.3606472091128,22.3606797749979,-0.859424876306217,-0.731519090945039,0.733706697553725
"null",1000,62,2,1,500,518.4873398756,-4.7103866045545,523.197726480154,497.460706072416,498.723554257248,2.52569636966322,22.7901169226995,22.360390984407,22.3606797749979,0.922620707673535,1.09453239167301,0.254137348336821
"null",1000,62,5,0,200,189.443813509482,-1.72771227808613,191.171525787568,197.759886795062,198.207545544924,2.23829374931356,17.9752235769302,17.8883820853264,17.8885438199983,-0.462640881766432,-0.393329017895244,0.656410881921644
"null",1000,62,5,1,200,206.259848682595,-1.92199422598715,208.181842908583,197.74957312343,198.197677156871,2.24052016720091,17.9740547565922,17.8877585009693,17.8885438199983,0.473475555427678,0.558156336422526,0.328943537687128
"null",1000,62,10,0,100,86.6208533543234,-0.859970413119286,87.4808237674427,97.8617709289725,98.0752589123208,2.1348798334826,13.4448581081235,13.4159589941222,13.4164078649987,-0.836075582520075,-0.789688992752566,0.787696831161316
"null",1000,62,10,1,100,90.1288284865545,-0.977749407591284,91.1065778941458,97.8661447941999,98.0787333717826,2.12588577582685,13.4440512855014,13.4153734385446,13.4164078649987,-0.575519695911128,-0.519713857357458,0.701964004560706
"null",1000,62,25,0,40,31.7720272538851,-0.160351670172035,31.9323789240571,37.9176156625794,38.0006117808794,2.07490295750026,8.76889851384887,8.76193007024441,8.76356092008266,-0.700839267211094,-0.692568053861791,0.751742127362572
"null",1000,62,25,1,40,35.7314153970512,-0.180592339357656,35.9120077364089,37.9181184661246,38.0010214445715,2.07257446117099,8.76845733322466,8.76153899849725,8.76356092008266,-0.249382871578529,-0.238429995976832,0.574812278634289
"null",1000,62,50,0,20,16.1655776932758,-0.0576039591753465,16.2231816524512,17.9310908328435,17.9721799122557,2.05445397061089,6.25874664103002,6.25647263037312,6.26099033699941,-0.282087331670146,-0.279550213536251,0.580992774884522
"null",1000,62,50,1,20,12.9456839787396,-0.112546278147441,13.0582302568871,17.9367774039954,17.9777351583772,2.04788771909377,6.25845713728348,6.25620005511415,6.26099033699941,-0.797495822975651,-0.786340727302781,0.794789653767789
"null",1000,63,2,0,500,534.784540693499,-5.89441824666441,540.678958940164,497.471011750193,498.735065844735,2.52810818908279,22.7834559038086,22.360643091894,22.3606797749979,1.6377466658633,1.87579100131669,0.123219870151338
"null",1000,63,2,1,500,486.07769799214,-5.68457588499784,491.762273877137,497.481784493304,498.728341208129,2.49311342964904,22.7841765231919,22.3601330216554,22.3606797749979,-0.500526604047183,-0.311539619386205,0.640449841464424
"null",1000,63,5,0,200,170.677936109232,-2.38894657616545,173.066882685398,197.77543418318,198.219943020516,2.22254418667963,17.9734113508961,17.8883632175259,17.8885438199983,-1.50764357110183,-1.40611301488301,0.920413008761474
"null",1000,63,5,1,200,201.222751440349,-2.29756702636043,203.52031846671,197.765654225762,198.209264481497,2.21805127867516,17.9727799978772,17.8872586360762,17.8885438199983,0.19235183510821,0.296918275363978,0.422875305514288
"null",1000,63,10,0,100,93.6349900217861,-1.23766325836961,94.8726532801557,97.8628203483597,98.076191886844,2.13371538484305,13.4442252509966,13.4159433370399,13.4164078649987,-0.314471845542773,-0.238785937463207,0.605926877770106
"null",1000,63,10,1,100,98.8284852899328,-1.12742750159132,99.9559127915241,97.8752920146722,98.0865551595232,2.11263144851008,13.4433293676276,13.4148545780319,13.4164078649987,0.0709045541617079,0.139349824564046,0.457545062928205
"null",1000,63,25,0,40,36.5622214114654,-0.406680214999854,36.9689016264652,37.9242072396936,38.0069236010374,2.06790903359473,8.76862609055201,8.7618372300542,8.76356092008266,-0.155324883757532,-0.11847081237844,0.535952868780706
"null",1000,63,25,1,40,39.7091727050258,-0.328419729848066,40.0375924348739,37.9251764935634,38.0077129449013,2.06341128344636,8.76792091450351,8.76108412706635,8.76356092008266,0.203468556440945,0.231692728951379,0.393781608840261
"null",1000,63,50,0,20,19.1513031251274,-0.126479375418734,19.2777825005461,17.9485888633932,17.9893262947129,2.03687156598596,6.25864931496404,6.25644152722166,6.26099033699941,0.192168341954955,0.205940741270756,0.382562417376511
"null",1000,63,50,1,20,20.5884031639016,-0.107386428028822,20.6957895919304,17.9430501704041,17.9838632831668,2.04065563813246,6.25812206741356,6.25589879019628,6.26099033699941,0.422707157994249,0.43349907019173,0.300684642653453
"null",1000,64,2,0,500,523.363693884374,1.56320576872508,521.800488115649,497.492046065752,498.745497870914,2.5069036103228,23.0923234872947,22.3606242494243,22.3606797749979,1.12035706726766,1.03105306844591,0.208549401402272
"null",1000,64,2,1,500,495.331116298491,1.71672426552463,493.614392032966,497.486933474242,498.741803168496,2.50973938850769,23.0911696858949,22.3605709868114,22.3606797749979,-0.093361107517577,-0.229305912561632,0.525348760193929
"null",1000,64,5,0,200,208.31021502402,0.66757052133931,207.642644502681,197.769471200725,198.215114304342,2.22821551808321,18.0363190008689,17.8883266885059,17.8885438199983,0.584417686490609,0.527021356580889,0.293652704722902
"null",1000,64,5,1,200,198.492967356217,0.713959120019828,197.779008236197,197.793556580777,198.234104729685,2.2027407445433,18.0358595812683,17.8882178714325,17.8885438199983,0.0387788989090732,-0.0254411309588883,0.476772977524634
"null",1000,64,10,0,100,107.394398760671,0.365072138702908,107.029326621968,97.8634433681525,98.0767024663347,2.13259098182193,13.4651585453736,13.4158632388089,13.4164078649987,0.707823480904579,0.667316295364092,0.242593408721405
"null",1000,64,10,1,100,106.307333749147,0.403461451242465,105.903872297905,97.8756631142185,98.0876246948683,2.11961580649831,13.4649452105888,13.415768096324,13.4164078649987,0.626194203025654,0.582616481361074,0.266079872746054
"null",1000,64,25,0,40,51.8773181742388,0.0290219255217931,51.848296248717,37.9114926000689,37.9946673107676,2.07936776746746,8.77344863945866,8.76154889011016,8.76356092008266,1.59182849847191,1.58118491509955,0.0660859588404755
"null",1000,64,25,1,40,55.1462458866143,0.0232765885538732,55.1229692980604,37.9087232376942,37.991992883379,2.08174114212123,8.77332410147149,8.76146368867934,8.76356092008266,1.96476528731327,1.95526421422213,0.0355660758985415
"null",1000,64,50,0,20,16.2337639701791,0.0897490880879437,16.1440148820911,17.9390117104152,17.9798825396375,2.04354146111361,6.25948886809372,6.25552158511324,6.26099033699941,-0.27242603608232,-0.293479549637452,0.576236799189843
"null",1000,64,50,1,20,16.5041901181367,0.0863666341238291,16.4178234840129,17.9360092127077,17.9769363774285,2.04635823604199,6.25941999003917,6.255464061757,6.26099033699941,-0.228746289089001,-0.24924016476209,0.557404082637852
"null",1000,65,2,0,500,504.879706148009,-0.523487422479955,505.403193570489,497.468368209483,498.733764238321,2.53079205767683,22.6358761307504,22.360647931858,22.3606797749979,0.327415554658288,0.298266371908899,0.405902546341111
"null",1000,65,2,1,500,531.91017164088,-0.13585884954935,532.046030490429,497.32178048476,498.598041458602,2.55252194768403,22.6266092136084,22.3581954563992,22.3606797749979,1.52865994323699,1.49600575310537,0.141853134483407
"null",1000,65,5,0,200,194.217396101561,-0.0598120924273623,194.277208193988,197.774766285388,198.219453088553,2.22343401582509,17.9436080895638,17.8883867618175,17.8885438199983,-0.198252779823925,-0.220380124102605,0.562670799232588
"null",1000,65,5,1,200,186.924434360985,-0.108045439695699,187.032479800681,197.701009186633,198.14314475767,2.21067785518848,17.9354149539611,17.8818096238337,17.8885438199983,-0.600854502296707,-0.621338957897213,0.703201217148694
"null",1000,65,10,0,100,100.830185746629,-0.0563878048087766,100.886573551438,97.8589657260692,98.0727730800879,2.138073540187,13.4343813024077,13.4160173218586,13.4164078649987,0.22116537812037,0.209734409537904,0.402155758914238
"null",1000,65,10,1,100,105.009837545501,-0.0782626012845442,105.088100146786,97.8238535826721,98.0362861443443,2.1243256167224,13.4276794976071,13.4098904362553,13.4164078649987,0.535162010987053,0.525866638207265,0.295770533914309
"null",1000,65,25,0,40,33.7770072495895,0.0290877487478367,33.7479195008416,37.9209759987927,38.0038590602636,2.07207653677364,8.76644925333373,8.76204825990326,8.76356092008266,-0.472707778195067,-0.485724277381344,0.665062887743426
"null",1000,65,25,1,40,33.5235882423248,-0.0481161663004326,33.5717044086253,37.901251811803,37.9841094586771,2.07144117185079,8.76193973282703,8.7576932861545,8.76356092008266,-0.499622652399341,-0.503831877399454,0.676455997519122
"null",1000,65,50,0,20,13.6379488471991,0.0623261714053043,13.5756226757938,17.9350102480304,17.9760276557189,2.05087038442506,6.2579840166656,6.25658319167588,6.26099033699941,-0.686652664722027,-0.703323978138683,0.752369457091741
"null",1000,65,50,1,20,5.67256160592813,-0.085619736941649,5.75818134286978,17.9268669313342,17.9678324897242,2.0482779195001,6.25460822097015,6.25326257903316,6.26099033699941,-1.95924427117919,-1.95252494078734,0.997353413482991
"null",1000,66,2,0,500,510.970158365706,3.76519943049544,507.20495893521,497.476209908233,498.737558986393,2.52269815632055,22.8754752325652,22.3606116957848,22.3606797749979,0.589887131099393,0.37867479047604,0.334128544250031
"null",1000,66,2,1,500,489.181854779353,3.751369072093,485.43048570726,497.444871896481,498.692634522024,2.49552525108605,22.8690810068225,22.3592645489232,22.3606797749979,-0.361318284484771,-0.5931388658042,0.602538247331984
"null",1000,66,5,0,200,218.53805455538,1.42901737681737,217.109037178563,197.750993685492,198.200337725564,2.24672020035991,17.9920396961662,17.8883281001364,17.8885438199983,1.15534765490305,1.05704118054804,0.151121566332395
"null",1000,66,5,1,200,203.209933222648,1.28080456716095,201.929128655487,197.751854637182,198.193603951379,2.20874657098951,17.9876900090689,17.8854080950448,17.8885438199983,0.303434103140213,0.208858790599365,0.384767235007262
"null",1000,66,10,0,100,113.970274897466,0.613641409973486,113.356633487492,97.8571518314395,98.0710478561095,2.13896024670052,13.4503856227813,13.4158764033089,13.4164078649987,1.19796736821696,1.13936541839435,0.12900815703061
"null",1000,66,10,1,100,102.989549242154,0.57259444318129,102.416954798972,97.8599263564027,98.0715109163626,2.11584559959889,13.4472783333163,13.4132918627262,13.4164078649987,0.381461791643159,0.323965505789468,0.345327939901439
"null",1000,66,25,0,40,39.5404768355503,0.354182760586288,39.186294074964,37.9232615690541,38.0059740784207,2.06781273416687,8.76985575475817,8.76159635450298,8.76356092008266,0.184406142098614,0.134715176183242,0.401028966544351
"null",1000,66,25,1,40,36.0430000343458,0.188518652050441,35.8544813822954,37.9182721082681,38.0008500541636,2.06444864738703,8.76792556709352,8.75979706210733,8.76356092008266,-0.213878648897331,-0.245024931131441,0.560232650740052
"null",1000,66,50,0,20,23.6370847468761,0.127171002443761,23.5099137444323,17.9386241106395,17.9795242803386,2.04500848495123,6.25850614182561,6.25585288597478,6.26099033699941,0.910514507312492,0.884034449801809,0.16728060040964
"null",1000,66,50,1,20,20.9320883682645,0.120962937463994,20.8111254308005,17.9352389494606,17.9761195286243,2.04402895818648,6.25710805638694,6.25449826184796,6.26099033699941,0.478951201065619,0.453274712612763,0.282853112937629
"null",1000,67,2,0,500,484.803625866093,-5.53284162567269,490.336467491766,497.444310152214,498.721721092433,2.55482188043824,22.7953614852763,22.3606485382717,22.3606797749979,-0.554528792811011,-0.375000465049814,0.655687412887764
"null",1000,67,2,1,500,469.895942269916,-7.15371354737511,477.049655817291,497.126455008985,498.390566999522,2.52822398107545,22.7918503024271,22.3547885419835,22.3606797749979,-1.19474778825521,-0.954646076931211,0.8123554396272
"null",1000,67,5,0,200,175.798091592856,-2.3259725108841,178.12406410374,197.705813444993,198.164262151541,2.29224353274251,17.9758888839305,17.8883736169164,17.8885438199983,-1.21872815267127,-1.1202917871108,0.870026318728356
"null",1000,67,5,1,200,194.192477758033,-2.93337081467343,197.125848572707,197.525796382169,197.976254809804,2.25229213817374,17.9612514122396,17.8716511394784,17.8885438199983,-0.18558387428755,-0.0475840889272357,0.56317039752462
"null",1000,67,10,0,100,79.965710583331,-1.1619280439387,81.1276386272697,97.7999171911047,98.0195922854841,2.19675094379363,13.4450870738241,13.4159625279271,13.4164078649987,-1.32644783256887,-1.25909368210083,0.907995224044213
"null",1000,67,10,1,100,91.1076532489906,-1.48062435524077,92.5882776042314,97.7113133613966,97.9275014121801,2.1618805078343,13.4305481665311,13.4004675671781,13.4164078649987,-0.491689544650333,-0.398435635262918,0.6759570532376
"null",1000,67,25,0,40,30.6307772077697,-0.42438695536658,31.0551641631363,37.883423438606,37.9677730312102,2.10873981510394,8.7688704186856,8.76184917961909,8.76356092008266,-0.827090136419578,-0.788944060364935,0.79651440886163
"null",1000,67,25,1,40,31.4184814570052,-0.517277205265149,31.9357586622703,37.8373526869921,37.9213849095033,2.10080556277946,8.75757470316648,8.750283695582,8.76356092008266,-0.73295078232859,-0.68404939262199,0.766026989220284
"null",1000,67,50,0,20,17.5419960911835,-0.208421281038856,17.7504173722224,17.8956425810676,17.9374378031141,2.0897611023261,6.25875049950016,6.25643014864387,6.26099033699941,-0.0565043278066923,-0.0298925148125026,0.486185171625591
"null",1000,67,50,1,20,15.6326398828114,-0.203738736721803,15.8363786195332,17.8773532837276,17.9189341519225,2.07904340974513,6.24984795457516,6.24744365928724,6.26099033699941,-0.359162881598254,-0.333345228218811,0.618168384325714
"null",1000,68,2,0,500,538.675570222648,11.2323418381525,527.443228384496,497.512873674015,498.756037452657,2.48632755728416,22.7207873347078,22.3606459403664,22.3606797749979,1.81167562295493,1.28293212138614,0.10091892681847
"null",1000,68,2,1,500,590.820423200817,11.5886786950229,579.231744505794,497.406680181076,498.659045608203,2.50473085425475,22.719918848922,22.3589683789326,22.3606797749979,4.11153506493153,3.60359644202145,0.00258037511430174
"null",1000,68,5,0,200,217.025331697488,4.385785947003,212.639545750485,197.752293556278,198.201474583504,2.24590513612987,17.9607755349985,17.8883857133662,17.8885438199983,1.07306269173372,0.807119848505585,0.168453210692281
"null",1000,68,5,1,200,222.421708201278,4.30205301004522,218.119655191232,197.683192249354,198.135997917368,2.26402834006725,17.9573561022244,17.8844980044067,17.8885438199983,1.37762573794807,1.11737311659185,0.112506830908886
"null",1000,68,10,0,100,113.997823436609,2.19340810466681,111.804415331942,97.8686697051577,98.0814937632993,2.12824058141693,13.4400768962078,13.4159970768441,13.4164078649987,1.20007897692926,1.02287750139189,0.128634120412825
"null",1000,68,10,1,100,111.060105313249,2.17808946083064,108.882015852418,97.8309050211529,98.0444423044049,2.13537283252016,13.4364693849313,13.4121607468101,13.4164078649987,0.984574140207704,0.808040833434747,0.173221705957464
"null",1000,68,25,0,40,41.7482317953191,0.782593106596119,40.965638688723,37.917071466003,38.0001028693882,2.07578508463028,8.76777335120332,8.76199994899227,8.76356092008266,0.436959325458651,0.338454215544235,0.311170098219353
"null",1000,68,25,1,40,39.4872734583792,0.782870484921415,38.7044029734578,37.8981866230001,37.9814439457938,2.08143306984473,8.76500846239107,8.75917080432766,8.76356092008266,0.181298950502746,0.0825373821123321,0.403326130667349
"null",1000,68,50,0,20,33.5362051083283,0.413580758345416,33.1226243499829,17.9326230298682,17.9736948360008,2.05359030663024,6.25854329090789,6.2566810268975,6.26099033699941,2.49316515891617,2.42124050256945,0.0143622914830314
"null",1000,68,50,1,20,21.7221422174134,0.374707395031117,21.3474348223823,17.9209758754523,17.9621369778291,2.05805511884247,6.25634552532155,6.2544591546312,6.26099033699941,0.607569758827495,0.541261484143906,0.244555096696236
"null",1000,69,2,0,500,529.019880503677,0.614882122401493,528.404998381276,497.511557067845,498.75538479192,2.48765544815044,22.491207461858,22.3606503479117,22.3606797749979,1.40091738023698,1.32597277485379,0.162502680470037
"null",1000,69,2,1,500,507.318071036596,0.725317150441556,506.592753886155,497.496354634302,498.743084483341,2.49345969807699,22.4902771529583,22.3604932611733,22.3606797749979,0.436709442729222,0.351050815879997,0.376560722638651
"null",1000,69,5,0,200,181.437206265389,0.15865428728639,181.278551978102,197.785703382881,198.228237961703,2.21267289410961,17.9145173472009,17.8884053547931,17.8885438199983,-0.912583733105539,-0.947523585664905,0.794738415181281
"null",1000,69,5,1,200,211.004282870741,0.183194140897389,210.821088729844,197.773401512684,198.217215455687,2.21906971501807,17.9138760545157,17.8879633775094,17.8885438199983,0.738582834769705,0.704600798210669,0.250461797204072
"null",1000,69,10,0,100,90.0732253793063,0.122172143687622,89.9510532356187,97.8718311952989,98.0843794369877,2.12548241688878,13.4247154358809,13.4160583228735,13.4164078649987,-0.580914050151769,-0.606238136838019,0.703417984362797
"null",1000,69,10,1,100,91.1043236015561,0.116172715616899,90.9881508859392,97.8649297665528,98.0778364914266,2.12906724873797,13.4242349056123,13.4156461696471,13.4164078649987,-0.503612027987556,-0.528463967805578,0.676046766782039
"null",1000,69,25,0,40,31.6589483070704,0.028102450729477,31.6308458563409,37.9200588875856,38.0030099182201,2.07377576586217,8.76425531888673,8.76222423997804,8.76356092008266,-0.71439162287099,-0.727231338454668,0.756349169436415
"null",1000,69,25,1,40,32.07015879361,0.000527030804462293,32.0696317628056,37.9056308135319,37.9891081840374,2.08693426263704,8.76396615966747,8.76195298787373,8.76356092008266,-0.665848305847779,-0.675588699166061,0.739431011202855
"null",1000,69,50,0,20,12.0660866082059,0.0434742603764611,12.0226123478294,17.9334208276214,17.9745204701939,2.05498212862436,6.25799102105286,6.25738050452485,6.26099033699941,-0.937574726406115,-0.951182067010398,0.843806796353581
"null",1000,69,50,1,20,9.37363482710201,0.0477077028528035,9.3259271242492,17.9328751419608,17.9739730016754,2.05489298572778,6.25778929993471,6.2571843168808,6.26099033699941,-1.3677738103052,-1.38209863086424,0.950448887101308
"null",1000,70,2,0,500,535.576557281241,-1.69339805351435,537.269955334755,497.479092458266,498.739233742061,2.52028256758927,22.5722146084045,22.3606581936384,22.3606797749979,1.68780358878872,1.72314791715997,0.11841232234222
"null",1000,70,2,1,500,504.370536188464,-1.70945211631254,506.079988304777,497.53597519182,498.766935646314,2.46192090898721,22.5724112506838,22.3606373634164,22.3606797749979,0.302783824055891,0.327050277664618,0.412115079952516
"null",1000,70,5,0,200,200.038723673896,-0.571694545720599,200.610418219617,197.765035022574,198.211709259563,2.23337118494532,17.9308270309105,17.8884098267676,17.8885438199983,0.126803334135295,0.134092911739135,0.446076288997549
"null",1000,70,5,1,200,229.295265685768,-0.620598961894592,229.915864647662,197.772659480769,198.217639620029,2.2249006963008,17.9308264115148,17.8883466723081,17.8885438199983,1.75801189981715,1.77200417726158,0.0630370125558918
"null",1000,70,10,0,100,96.1650630258657,-0.19996031006015,96.3650233359258,97.856359386895,98.0704420290762,2.14082642181233,13.4301353358,13.4160407654424,13.4164078649987,-0.125932935055459,-0.127117882463753,0.533542236032028
"null",1000,70,10,1,100,102.629578639338,-0.173559947589651,102.803138586927,97.8396780368314,98.0553832129204,2.15705176089029,13.4300976945356,13.4159844624162,13.4164078649987,0.356654189079729,0.353887960090234,0.35454677511166
"null",1000,70,25,0,40,44.9510609580197,-0.0396820123572222,44.9907429703769,37.9021530053902,37.9857981769382,2.09112928869943,8.76545647250492,8.76210114254835,8.76356092008266,0.804168952836648,0.799459476611502,0.203608766508254
"null",1000,70,25,1,40,53.59147024169,0.000802518134635686,53.5906677235554,37.8973430900492,37.9811717382645,2.09571620538444,8.76541628957928,8.76205353174921,8.76356092008266,1.79045998879697,1.78148831535096,0.0480684793367266
"null",1000,70,50,0,20,26.8649830350078,0.00413626127134155,26.8608467737365,17.9298980925882,17.971052384422,2.05771459168586,6.25819809148335,6.25712947305991,6.26099033699941,1.42774083079587,1.42074643454151,0.0815629506581679
"null",1000,70,50,1,20,30.4729420984444,0.0750035681415137,30.3979385303029,17.9262592658994,17.9674833445012,2.06120393008742,6.25815489707954,6.25708340335626,6.26099033699941,2.00485335356593,1.98662130332706,0.0330944932830946
"null",1000,71,2,0,500,502.053054352349,-4.06294329416596,506.115997646515,497.447705823854,498.723571491926,2.55173133614378,22.4833218455022,22.3606630636511,22.3606797749979,0.204833990285853,0.330599595081163,0.440701430383074
"null",1000,71,2,1,500,470.382334862521,-4.07140522952152,474.453740092042,497.435165974438,498.716896015551,2.56346008222693,22.4834309478512,22.3606524907727,22.3606797749979,-1.20323411380872,-1.0850826438773,0.808012321741986
"null",1000,71,5,0,200,184.843556624298,-1.71114122729799,186.554697851596,197.724846730797,198.179578629365,2.2736594928375,17.9129558215525,17.8884216114177,17.8885438199983,-0.719104665629792,-0.649855030828902,0.739782882984207
"null",1000,71,5,1,200,186.905709379522,-1.68136325694615,188.587072636468,197.728233639624,198.182186230186,2.26976295280961,17.9129653890446,17.8883834368613,17.8885438199983,-0.604172677446298,-0.536387965272798,0.703539386905338
"null",1000,71,10,0,100,79.1032169205899,-0.823170588954307,79.9263875095443,97.8237121359853,98.0410846697901,2.17372533804792,13.4242150325657,13.4160765026137,13.4164078649987,-1.39453183444853,-1.35022315627946,0.919148108219533
"null",1000,71,10,1,100,78.598439212564,-0.855203567110322,79.4536427796744,97.8422354216399,98.0577284143467,2.15492992706795,13.424198108074,13.4160427343263,13.4164078649987,-1.43351551088193,-1.38670441076279,0.925218282554393
"null",1000,71,25,0,40,35.8213478806838,-0.346718330126347,36.1680662108101,37.8969949330954,37.9808823818641,2.09718621921693,8.76422740358866,8.76230395779353,8.76356092008266,-0.236831720222336,-0.206888071879951,0.570605046329469
"null",1000,71,25,1,40,36.5946706124555,-0.37060401514644,36.965274627602,37.9052568294869,37.9888099228428,2.08882733389843,8.76421113405208,8.76228326376564,8.76356092008266,-0.149538412183986,-0.116811482170799,0.534437777829847
"null",1000,71,50,0,20,8.66964627602366,-0.152366721424429,8.82201299744809,17.9297133837588,17.9708887697087,2.05876929749705,6.25799135676777,6.25741039572173,6.26099033699941,-1.47971874357428,-1.4620865811384,0.966911321547083
"null",1000,71,50,1,20,9.18724899939631,-0.176882425096277,9.36413142449258,17.9303119972659,17.9714744008373,2.05812017857017,6.25797640770335,6.25739482445631,6.26099033699941,-1.39710705638123,-1.37554736720527,0.955245926635002
"null",1000,72,2,0,500,462.010053912137,3.74774430248744,458.26230960965,497.475565160629,498.737437279004,2.5237442367492,22.5642711975581,22.3606562792468,22.3606797749979,-1.57175522922848,-1.81010463932219,0.874478552441064
"null",1000,72,2,1,500,499.044359348298,4.60390811669295,494.440451231605,497.191095243817,498.456078864354,2.52996724107335,22.5575880157407,22.3564717725295,22.3606797749979,0.0821570153328187,-0.179618129086147,0.478391423557022
"null",1000,72,5,0,200,193.370357424479,1.55988609219285,191.810471332287,197.764941102603,198.211605394394,2.23332145895649,17.9291786500129,17.8883923774512,17.8885438199983,-0.245107919548808,-0.357837301812348,0.579616169696667
"null",1000,72,5,1,200,209.962223585798,1.46583979806303,208.496383787735,197.58580546329,198.032007715588,2.23101126148956,17.91580329389,17.8748011801508,17.8885438199983,0.690810114371411,0.585426151971252,0.266717140542915
"null",1000,72,10,0,100,96.3513507965413,0.75416055168758,95.5971902448538,97.8666582690997,98.0796970163058,2.13038747206116,13.4295582554488,13.4160186877739,13.4164078649987,-0.112833754002562,-0.185040497425247,0.528189062718611
"null",1000,72,10,1,100,91.3986914875752,0.745812958125322,90.6528785294499,97.7581811558163,97.9718376412739,2.13656485457519,13.4170421069804,13.4032833419839,13.4164078649987,-0.473985966320587,-0.546057180549064,0.668084933357009
"null",1000,72,25,0,40,39.6794695694074,0.339569470304733,39.3399000991027,37.9003196898012,37.9840253348383,2.09264112592685,8.76523572338341,8.76203022509868,8.76356092008266,0.202977984363827,0.154744360545628,0.395053616471162
"null",1000,72,25,1,40,40.1797061939097,0.376628369413087,39.8030778244966,37.854887587567,37.9387018977536,2.09535775466593,8.75620244736185,8.7529239009017,8.76356092008266,0.265505351243125,0.213000358263246,0.373873348608886
"null",1000,72,50,0,20,21.8294401855889,0.110771378031208,21.7186688075577,17.9191732708241,17.9605284196979,2.06775744368733,6.25790798115961,6.25691344290906,6.26099033699941,0.624852095386708,0.600638065741331,0.239645568789045
"null",1000,72,50,1,20,21.5563966370647,0.0990372618467584,21.457359375218,17.9089550585341,17.9500732132386,2.05590773522636,6.25112578314142,6.25009731413032,6.26099033699941,0.583485552053259,0.561157048555072,0.252276291702609
"null",1000,73,2,0,500,504.286846500246,0.195868063950759,504.090978436295,497.461520359162,498.730311639086,2.53758255984631,22.648262161817,22.3606434769536,22.3606797749979,0.301362024702722,0.239736696429796,0.413138758617375
"null",1000,73,2,1,500,483.521216946446,0.177336721644298,483.343880224802,497.462049381982,498.730213478488,2.53632819301129,22.6485618731349,22.3606284949801,22.3606797749979,-0.615528372778139,-0.688099319620638,0.670799936232384
"null",1000,73,5,0,200,221.991557179226,0.118038395292945,221.873518783933,197.747988707134,198.198006758901,2.2500902588334,17.9460891015245,17.8883722749967,17.8885438199983,1.35091096087519,1.32351404929809,0.11637868063847
"null",1000,73,5,1,200,204.013601683115,0.114574365454628,203.899027317661,197.743553446797,198.194362999894,2.25404776548535,17.9461482503965,17.8883357919816,17.8885438199983,0.349381279416341,0.318904138658011,0.3697128348045
"null",1000,73,10,0,100,110.484594185578,0.104091820153352,110.380502365424,97.8452620168873,98.0603884158771,2.15126398989803,13.4351297020324,13.4159455117465,13.4164078649987,0.940767409694485,0.918318722952499,0.18309526901558
"null",1000,73,10,1,100,107.801767375408,0.0772282524512797,107.724539122956,97.8477670738724,98.0626155190929,2.14848445220475,13.4351363779963,13.4159110336582,13.4164078649987,0.740893134351623,0.720183935300653,0.234129011574148
"null",1000,73,25,0,40,40.0966025333076,-0.0178916807150394,40.1144942140227,37.9143872451411,37.9974967995884,2.07773886118367,8.76642514598864,8.76184481026834,8.76356092008266,0.248928753947676,0.241615488550222,0.377355533721146
"null",1000,73,25,1,40,43.4189571842766,-0.0419925635875482,43.4609497478641,37.9137697411101,37.9969015861293,2.07829612548199,8.766419880588,8.76183194050258,8.76356092008266,0.627985827527719,0.623619375358775,0.251432763323362
"null",1000,73,50,0,20,23.2924412742715,-0.0527891205364098,23.3452303948079,17.9445620226271,17.9853861794213,2.04120783971311,6.25798196881095,6.25654054484479,6.26099033699941,0.854569296987046,0.856678571323714,0.179600964699086
"null",1000,73,50,1,20,25.6641490185446,-0.0656545586916444,25.7298035772363,17.9478304796631,17.988588701832,2.03791110844247,6.25797639994986,6.25653178554592,6.26099033699941,1.23303733439189,1.2373012941912,0.107688699034509
"null",1000,74,2,0,500,557.95087470256,1.08557302698426,556.865301675576,497.511716622394,498.75548487219,2.48753649959246,22.4896231000659,22.3606529104709,22.3606797749979,2.68742423166659,2.59875313283782,0.032210643512008
"null",1000,74,2,1,500,525.99592170195,1.28797673352735,524.707944968423,497.377202248495,498.646357209368,2.53830992174671,22.4846342629463,22.3592606699756,22.3606797749979,1.2728123179045,1.16558360957126,0.186192348740506
"null",1000,74,5,0,200,197.161455724679,0.415769092927944,196.745686631751,197.737953338176,198.19002020897,2.26033435397077,17.9141864515836,17.8883991553205,17.8885438199983,-0.0321810658304151,-0.0807413544766104,0.503461528993923
"null",1000,74,5,1,200,188.921075409307,0.375714130766573,188.54536127854,197.67124490756,198.125887160797,2.2732112661818,17.9093053757263,17.8843589698682,17.8885438199983,-0.488582293655745,-0.535692998468544,0.666314866378931
"null",1000,74,10,0,100,106.459760178786,0.156876735024818,106.302883443761,97.8499226519873,98.0646450292435,2.14722377256241,13.4245891958043,13.4160365386825,13.4164078649987,0.641348305055739,0.614059032320337,0.262708850725639
"null",1000,74,10,1,100,92.234210178263,0.187522285290617,92.0466878929724,97.7864113735231,98.0044492136174,2.18037840094295,13.4205229315262,13.4122544137561,13.4164078649987,-0.413709750625096,-0.444202826523666,0.645175871271175
"null",1000,74,25,0,40,29.760145416101,0.109314203501619,29.6508312125994,37.9077511243296,37.9911938155104,2.08606727951989,8.76422416206958,8.76221955294331,8.76356092008266,-0.929643692078346,-0.951855012593177,0.827837779152913
"null",1000,74,25,1,40,32.1120562860852,0.0206430591493337,32.0914132269358,37.8880537536024,37.9717433526883,2.09223997714762,8.76127204463515,8.75933627081306,8.76356092008266,-0.659264709290032,-0.671321427097887,0.737682349088691
"null",1000,74,50,0,20,7.86098643425658,0.0926366026612065,7.76834983159538,17.9271829200688,17.9683990937562,2.0608086843679,6.25783751905267,6.25724741902709,6.26099033699941,-1.60857428067837,-1.63011761867437,0.980634722427627
"null",1000,74,50,1,20,12.0785665091895,0.0780449611114237,12.000521548078,17.9226346581149,17.9638120769784,2.05887094317551,6.25581136626969,6.25524449934313,6.26099033699941,-0.93418228376189,-0.953326529366925,0.843154753756715
"null",1000,75,2,0,500,492.63014915667,-1.26981159435127,493.899960751021,497.434409010165,498.716803036614,2.56478805289671,22.6457787628904,22.3606474335837,22.3606797749979,-0.212148140445861,-0.215416047317046,0.559467967786963
"null",1000,75,2,1,500,504.211461333109,-1.45070949539639,505.662170828506,497.289109022259,498.554414506688,2.53061096885672,22.6426737156271,22.3576820775969,22.3606797749979,0.305721506116673,0.317911145580703,0.414061460723518
"null",1000,75,5,0,200,192.14866455918,-0.49290286041532,192.641567419595,197.746976621781,198.197199839277,2.25111608748115,17.9456087334119,17.8883786943635,17.8885438199983,-0.311959997889531,-0.310572160540908,0.603877167682854
"null",1000,75,5,1,200,199.764468211682,-0.537613822755581,200.302082034438,197.641968306706,198.090033606928,2.24032650110804,17.9374978096352,17.8796524398687,17.8885438199983,0.118327535283991,0.123718759911551,0.451492899925797
"null",1000,75,10,0,100,86.759253698076,-0.289150506286758,87.0484042043627,97.8576095629129,98.0715252329356,2.13915670022765,13.4350107368824,13.4159822811472,13.4164078649987,-0.826077186106685,-0.821640994864993,0.784572360503452
"null",1000,75,10,1,100,94.7039205127325,-0.206890002466636,94.9108105151991,97.766423805719,97.9831395148265,2.1671570910748,13.4274248515143,13.4081059763366,13.4164078649987,-0.228078229954954,-0.22913967155761,0.575482553518982
"null",1000,75,25,0,40,31.7218387366829,-0.152216204280963,31.8740549409638,37.9034175260415,37.9870139452436,2.08991048005254,8.76666355233747,8.76210754028598,8.76356092008266,-0.705123306313084,-0.697658522926577,0.753791240159535
"null",1000,75,25,1,40,52.477706592093,-0.114192529068614,52.5918991211616,37.8651500050402,37.9491689936945,2.10047471635834,8.76083321798951,8.75619423573576,8.76356092008266,1.66794141875083,1.67227104987087,0.0592131735429978
"null",1000,75,50,0,20,15.4363387697963,-0.0225629236492088,15.4589016934455,17.9209136813162,17.9622339837932,2.06601512384662,6.25837158213144,6.25691010179933,6.26099033699941,-0.397000222647972,-0.400090819528916,0.631820930994508
"null",1000,75,50,1,20,24.7050114947912,-0.02702262466627,24.7320341194575,17.9180018286699,17.9590509197736,2.05245455518602,6.25330792618835,6.2518154905435,6.26099033699941,1.08534710688047,1.08336261841518,0.133259779479639
"null",1000,76,2,0,500,525.260087006557,5.66233555077897,519.597751455778,497.428778313536,498.713950774968,2.57034492286433,22.6470701218775,22.3606463202655,22.3606797749979,1.22891431621149,0.933953356342958,0.192280132976772
"null",1000,76,2,1,500,471.576490534442,6.85745423556375,464.719036298879,496.976052427575,498.250243951743,2.54838304833483,22.6372985753551,22.3528501157362,22.3606797749979,-1.12202265692538,-1.50008645337172,0.797104665746509
"null",1000,76,5,0,200,214.144729164715,2.24753801218295,211.897191152532,197.696889012698,198.157151820801,2.30131404051593,17.9458960478749,17.888390081535,17.8885438199983,0.916523761652169,0.768098150202675,0.205102596861728
"null",1000,76,5,1,200,193.524894481012,2.03071288765222,191.49418159336,197.405241504301,197.864135137509,2.29446816604008,17.9243595771364,17.8658720092244,17.8885438199983,-0.216484555924561,-0.356543108607285,0.576530930294828
"null",1000,76,10,0,100,98.3246235982673,1.09019845089474,97.2344251473726,97.779163852466,98.0009269266281,2.21763074162128,13.4351121794101,13.415986985159,13.4164078649987,0.0405995676491085,-0.0571334617500339,0.471782062626958
"null",1000,76,10,1,100,93.8519319653973,1.08204811050233,92.7698838548949,97.636103433413,97.8552622024957,2.19158769082706,13.4145754564911,13.3948576486871,13.4164078649987,-0.282094016339861,-0.379651540985148,0.599775197974124
"null",1000,76,25,0,40,44.4720514971,0.446798759352334,44.0252527377477,37.8454875154907,37.9313898487186,2.14755833069592,8.76664747239182,8.76205267151017,8.76356092008266,0.755883477974663,0.695483480582507,0.217832062463751
"null",1000,76,25,1,40,40.5239348071212,0.434215773663278,40.0897190334579,37.7931113833089,37.8782248288589,2.12783613875091,8.7514645328451,8.74666922277457,8.76356092008266,0.312041877512413,0.252838440356322,0.359611741589251
"null",1000,76,50,0,20,30.37582373716,0.136484354001837,30.2393393831582,17.8789885962931,17.9211282862624,2.106984498465,6.2580971716542,6.25661461428454,6.26099033699941,1.99690653533967,1.96883008724431,0.0339490136067991
"null",1000,76,50,1,20,23.3172011460158,0.0772023744876056,23.2399987715282,17.8616724681188,17.9033144778433,2.08210048622272,6.24513415762026,6.24357361708593,6.26099033699941,0.87356468895711,0.854748357427985,0.178693255801717
"null",1000,77,2,0,500,472.714417758935,0.960969514180644,471.753448244754,497.473106772648,498.736115519037,2.52601749277928,22.7500841129792,22.3606428972064,22.3606797749979,-1.08828999887468,-1.20670355491676,0.786391785565252
"null",1000,77,2,1,500,476.429332233405,1.53554547564461,474.89378675776,497.339541138379,498.613109067456,2.54713585815274,22.7478683313339,22.3585047461818,22.3606797749979,-0.919216192058391,-1.06086353175053,0.74934017888728
"null",1000,77,5,0,200,218.345325170119,0.490791280617014,217.854533889502,197.763830474226,198.210654332038,2.23411928906376,17.966665127293,17.8883602259095,17.8885438199983,1.14553783632494,1.09813752123641,0.153256978623805
"null",1000,77,5,1,200,174.590287576826,0.652196711740221,173.938090865085,197.665263420043,198.116914355346,2.25825467651799,17.9613870306484,17.8827006574804,17.8885438199983,-1.28469899367143,-1.35207897025032,0.88344354578449
"null",1000,77,10,0,100,114.808073725397,0.292793642495174,114.515280082902,97.8669431800731,98.0799012141105,2.12958034037408,13.4419988363807,13.4159424234925,13.4164078649987,1.26031334710974,1.22506331273543,0.117993285324684
"null",1000,77,10,1,100,87.4545980024251,0.177409344891907,87.2771886575332,97.8126463821673,98.0268126263415,2.14166244174123,13.4369148791612,13.4106523976029,13.4164078649987,-0.77086507378313,-0.801573529020091,0.768529229174632
"null",1000,77,25,0,40,43.2534277489021,0.209173145960674,43.0442546029414,37.9213461065919,38.0041693174078,2.07058027039644,8.76803721906543,8.76179212462469,8.76356092008266,0.608127167927151,0.575234519815714,0.257003876656024
"null",1000,77,25,1,40,29.643458074839,0.0628673679808976,29.5805907068581,37.8946985284111,37.9778361353782,2.07844017417917,8.7640910683256,8.75777943667064,8.76356092008266,-0.941482737826971,-0.958832714301886,0.83183296105151
"null",1000,77,50,0,20,22.3858279905188,0.107197914625466,22.2786300758933,17.9435668087034,17.9843983372672,2.04157642818699,6.2583746760897,6.25634231461869,6.26099033699941,0.709810679566235,0.686380559547094,0.215305114913139
"null",1000,77,50,1,20,19.9753816493847,0.0432943346365115,19.9320873147482,17.9352546840924,17.976066654841,2.04059853743192,6.2555292399367,6.25347152014575,6.26099033699941,0.326131792697519,0.312789568738864,0.334207384624076
"null",1000,78,2,0,500,539.403511548532,-0.692260061265689,540.095771609797,497.453052914623,498.726193894791,2.54628196033489,22.4648485277758,22.3606598680219,22.3606797749979,1.86738221635638,1.85010540651214,0.097106924701454
"null",1000,78,2,1,500,485.874561984633,-1.16330549119126,487.037867475824,497.31715834415,498.602299059296,2.57028143029142,22.4625078363246,22.3591384843776,22.3606797749979,-0.509408675242076,-0.517212753592963,0.642893267178505
"null",1000,78,5,0,200,220.294640673879,-0.340081878039398,220.634722551918,197.726136316763,198.180628920412,2.27246301824722,17.909272036749,17.8884310696601,17.8885438199983,1.26015754916261,1.25522990496297,0.132625371685586
"null",1000,78,5,1,200,204.443535349134,-0.43247362416042,204.876008973294,197.65901031206,198.111625732859,2.2630771039908,17.9038296944743,17.8828026025399,17.8885438199983,0.378942670526358,0.378261919609554,0.361754850336231
"null",1000,78,10,0,100,117.879808715236,-0.182204476056643,118.062013191292,97.8285130461765,98.0453946535805,2.16881607404054,13.4229701533355,13.4160640632551,13.4164078649987,1.49380468257069,1.49198889058189,0.0836661390533446
"null",1000,78,10,1,100,108.230523328897,-0.120913199332326,108.351436528229,97.7784702052048,97.9960963171563,2.17626111951519,13.4178314777947,13.4108028320375,13.4164078649987,0.778967386867932,0.772164078524417,0.225421848967275
"null",1000,78,25,0,40,45.9731914019648,-0.0788735032897894,46.0520649052545,37.8736807724418,37.9584915867527,2.12027035777344,8.76387955344748,8.76225562046012,8.76356092008266,0.924192371669102,0.923686054034203,0.175466732590829
"null",1000,78,25,1,40,34.2793548464771,-0.0916884014141882,34.3710432478913,37.8693149714922,37.9535227526838,2.10519452979128,8.75978696748117,8.75812023310458,8.76356092008266,-0.409822766049228,-0.409046622955832,0.642207013392688
"null",1000,78,50,0,20,24.5637027498974,-0.00174440357416758,24.5654471534715,17.9011438259064,17.9428986367347,2.08774054141462,6.25802922465372,6.25753698585795,6.26099033699941,1.06464170824635,1.05833150194778,0.137413450259359
"null",1000,78,50,1,20,20.7236700940418,-0.0497057561043773,20.7733758501462,17.8987148401955,17.9403160218467,2.08005908256407,6.25492205394722,6.25441709439048,6.26099033699941,0.451637163418151,0.452969443122108,0.293582755872313
"null",1000,79,2,0,500,495.59753383866,3.43168979300316,492.165844045657,497.458525512355,498.728870633352,2.54069024199334,22.7355657344963,22.3606519914559,22.3606797749979,-0.0818537658322429,-0.293507836453185,0.521975833077658
"null",1000,79,2,1,500,525.627553595617,2.59615059046936,523.031403005147,497.127542789314,498.395026117003,2.5349666553771,22.7125087452824,22.3532396794699,22.3606797749979,1.25481562278857,1.10213898483679,0.189224189153127
"null",1000,79,5,0,200,230.615665086619,1.19715145712707,229.418513629492,197.751216042361,198.200620766829,2.24702362234004,17.9637703781213,17.8883918616686,17.8885438199983,1.82948503306883,1.74514808844037,0.055935153759292
"null",1000,79,5,1,200,222.891807229986,1.61456289638019,221.277244333606,197.539694680849,197.986100849169,2.23203084159791,17.9420085295236,17.8707387099578,17.8885438199983,1.41300303739239,1.30331173559486,0.108387056500991
"null",1000,79,10,0,100,113.145112230727,0.656982468678727,112.488129762048,97.8494156287018,98.0641352655774,2.14719636875506,13.4410509581367,13.4159628230838,13.4164078649987,1.13798367773954,1.07513673723458,0.140591767462653
"null",1000,79,10,1,100,119.991408912843,0.71043202965005,119.280976883193,97.7265023814118,97.9409984785572,2.14496097145409,13.4238656149797,13.4001480364668,13.4164078649987,1.65860618468842,1.59251810849866,0.0650820757109514
"null",1000,79,25,0,40,39.9874170739965,0.289903244953892,39.6975138290426,37.9180371707735,38.0010155460248,2.0744593812822,8.76794566423934,8.76192629811351,8.76356092008266,0.236016506313803,0.19362161073908,0.381953075256869
"null",1000,79,25,1,40,45.961587185842,0.187073267115567,45.7745139187264,37.8663896071263,37.9493205969292,2.07327474507332,8.75625382975102,8.75059165381001,8.76356092008266,0.924504672444592,0.894247341365778,0.175769500762547
"null",1000,79,50,0,20,18.9121565338304,0.190271186315696,18.7218853475147,17.9285954525024,17.9697355545428,2.05700510202235,6.25847882225398,6.25649889219984,6.26099033699941,0.157156572589289,0.120218960465201,0.397251541678429
"null",1000,79,50,1,20,14.6189985913259,0.104377248760076,14.5146213425658,17.90633427186,17.9474027107563,2.05342194481696,6.25035746118704,6.24849379433883,6.26099033699941,-0.525943628176063,-0.549377414970081,0.687940328928503
"null",1000,80,2,0,500,504.238093621205,2.22383616548064,502.014257455724,497.48428151003,498.741743110184,2.51492320030791,22.6839322904795,22.3606491415191,22.3606797749979,0.297735508318769,0.146351491176678,0.413735420906934
"null",1000,80,2,1,500,532.84378283473,1.64515969982429,531.198623134906,497.359430004656,498.614045807026,2.50923160474119,22.6828484559861,22.3584286636698,22.3606797749979,1.56436934712713,1.45737331625752,0.135595057162332
"null",1000,80,5,0,200,187.067451165313,0.86876180443621,186.198689360876,197.749389807945,198.199166259751,2.24888225903293,17.9533574955628,17.8883991823443,17.8885438199983,-0.594982784990056,-0.670852476878939,0.700613307041952
"null",1000,80,5,1,200,194.538942096314,0.872698261451064,193.666243834862,197.684713923001,198.131133412497,2.23209744747972,17.9480340440638,17.8822091219804,17.8885438199983,-0.175271108744519,-0.249683333148493,0.556219148251243
"null",1000,80,10,0,100,99.3391128380697,0.426362067584355,98.9127507704853,97.8393243956909,98.0550913604398,2.15766964748933,13.4376338509148,13.4160158549519,13.4164078649987,0.111611051396278,0.0639280259741916,0.443221292678215
"null",1000,80,10,1,100,96.9289512330415,0.545560307846531,96.3833909251949,97.8157862634143,98.0293107352556,2.13524471841289,13.432255914064,13.4102609094776,13.4164078649987,-0.0660227914094679,-0.122735852879448,0.511606921300904
"null",1000,80,25,0,40,42.3420808047172,0.21319932584838,42.1288814788688,37.9040437605488,37.9875881800102,2.08861048653381,8.76716106233652,8.76196556263924,8.76356092008266,0.506211419251099,0.472644324980796,0.289057952279175
"null",1000,80,25,1,40,37.5350340613337,0.23753566548766,37.297498395846,37.8870721008906,37.9705109861685,2.08597213194543,8.76308758671621,8.75778185565046,8.76356092008266,-0.0401728313306634,-0.0768473800118959,0.490789312045951
"null",1000,80,50,0,20,23.7274699690491,0.0903354244805021,23.6371345445686,17.9278283039831,17.9690001359174,2.05859159671327,6.25847226084045,6.25676233099112,6.26099033699941,0.926686485670733,0.9059213230101,0.164160595748182
"null",1000,80,50,1,20,23.090133161105,0.111333636501699,22.9787995246033,17.90792755638,17.9492882287023,2.06803361611541,6.25528118701938,6.25353418536796,6.26099033699941,0.828452862435478,0.804267018747425,0.187150225072433
"null",1000,81,2,0,500,512.644592294813,8.0763714333689,504.568220861444,497.482848905197,498.740949202219,2.51620059404401,22.7165117322786,22.3606460937335,22.3606797749979,0.667432727713736,0.260603903608043,0.315388156424972
"null",1000,81,2,1,500,488.454476821401,7.93238925959789,480.522087561803,497.478415672514,498.737219450704,2.51760755637919,22.7157885769225,22.360593422477,22.3606797749979,-0.397254042955879,-0.814608608311394,0.611509608138827
"null",1000,81,5,0,200,193.72376075393,3.35751302846936,190.36624772546,197.765026742424,198.211671413095,2.23322335335348,17.9599090917027,17.8883914960713,17.8885438199983,-0.225015949015107,-0.438576251495706,0.572556222975273
"null",1000,81,5,1,200,181.867981373168,3.26492453730313,178.603056835864,197.740107939875,198.19136722234,2.25629641232826,17.9595794296852,17.8882510749442,17.8885438199983,-0.883769390527726,-1.09503775994698,0.78815842235281
"null",1000,81,10,0,100,93.1535675372308,1.69969566339481,91.453871873836,97.8563464819862,98.0703965194833,2.14050037497178,13.4398004075818,13.4159924706396,13.4164078649987,-0.349914344122426,-0.493181899149638,0.619515914199744
"null",1000,81,10,1,100,90.0836659413709,1.61143149154569,88.4722344498252,97.8402775240873,98.0558294731555,2.15551949068208,13.439594134192,13.4158608307933,13.4164078649987,-0.577146266864013,-0.714348124522369,0.703145173433521
"null",1000,81,25,0,40,46.2425174488976,0.602366937050194,45.6401505118474,37.9189203893151,38.0018876744476,2.07418212831281,8.76782120467405,8.76206256762151,8.76356092008266,0.949334716719049,0.871742558153547,0.168546397247538
"null",1000,81,25,1,40,42.1127801998819,0.562622750640736,41.5501574492411,37.9106483503986,37.9939307530532,2.08206006636321,8.76771410079426,8.7619780703598,8.76356092008266,0.479273366030783,0.405870303215896,0.297483994095101
"null",1000,81,50,0,20,16.0843703341592,0.308837823872513,15.7755325102867,17.9373307862668,17.9783204295271,2.04948216301424,6.25876741902031,6.256873848465,6.26099033699941,-0.296058365498041,-0.352058867189844,0.586659077998169
"null",1000,81,50,1,20,14.8059198476254,0.280004451010373,14.525915396615,17.9321230340652,17.9732130498942,2.05450079145321,6.25869719293903,6.25681501749815,6.26099033699941,-0.499497433741756,-0.550966848730274,0.675247503710706
"null",1000,82,2,0,500,506.081085285659,-4.56111083134125,510.642196117,497.477870295234,498.738536236061,2.52133188165408,22.5641443073841,22.3606538632867,22.3606797749979,0.381278140807211,0.532348470385453,0.391356721405301
"null",1000,82,2,1,500,473.690206537102,-4.36122530349522,478.051431840597,497.496390275013,498.737736622592,2.48269269515893,22.5620979985963,22.3603041239541,22.3606797749979,-1.0551405166041,-0.92513521584148,0.776962580880994
"null",1000,82,5,0,200,221.757491563845,-1.8859825387921,223.643474102637,197.77915123477,198.222981400368,2.21915082799091,17.9291707258585,17.8883998179845,17.8885438199983,1.33739260424869,1.42106018206905,0.118526952517547
"null",1000,82,5,1,200,227.122684222217,-1.73350201569016,228.856186237907,197.759812182282,198.20505163953,2.22619728623986,17.9277894079723,17.8874688035854,17.8885438199983,1.6378411956846,1.71355349015247,0.0762975087099775
"null",1000,82,10,0,100,100.455891342028,-0.876052151063321,101.331943493092,97.8799945202596,98.0917083709178,2.11713850658173,13.4295795057772,13.4160322141089,13.4164078649987,0.191807704825063,0.24151962893816,0.412343677926362
"null",1000,82,10,1,100,100.918480542373,-0.857013713341476,101.775494255714,97.8468911192853,98.0611824128539,2.14291293568613,13.4285016581634,13.4151176447,13.4164078649987,0.228736571009766,0.276875085350261,0.399765498026439
"null",1000,82,25,0,40,55.8028288653353,-0.44251422359295,56.2453430889283,37.9199119239018,38.002847209966,2.07338215160371,8.76532976864251,8.76210550677516,8.76356092008266,2.04018758146541,2.08197628582041,0.0312097835251357
"null",1000,82,25,1,40,29.7933985833792,-0.352672003569602,30.1460705869488,37.9317896263874,38.0141374048351,2.05869446119407,8.76469720248128,8.76150577356522,8.76356092008266,-0.928542179495278,-0.898026780011426,0.826690219984104
"null",1000,82,50,0,20,19.6956656136192,-0.153248453026213,19.8489140666454,17.9450604089382,17.9858895661282,2.04145785950371,6.25780055869241,6.25678991274274,6.26099033699941,0.279747682634174,0.297760437300747,0.35021149190652
"null",1000,82,50,1,20,17.8656816479196,-0.136390644418594,18.0020722923382,17.9445934397459,17.9853989741441,2.04027671991014,6.25727741969942,6.25628047080282,6.26099033699941,-0.0126112023701964,0.00266505286518296,0.464533638442842
"null",1000,83,2,0,500,532.197247727204,3.10557904819164,529.091668679013,497.493756831539,498.746546873805,2.50558008453206,22.4333358090055,22.3606627032723,22.3606797749979,1.54696079045607,1.35707613892711,0.139907575880188
"null",1000,83,2,1,500,522.509523803446,2.42966870532725,520.079855098119,497.224083649542,498.515996418013,2.58382553694378,22.4239379600169,22.3581412794113,22.3606797749979,1.12760926287745,0.964474569268534,0.216148233388155
"null",1000,83,5,0,200,227.435164484339,1.16772035213091,226.267444132208,197.771081508518,198.216583644745,2.22751068113504,17.9029490686174,17.8884313517769,17.8885438199983,1.65693835479989,1.56810063084021,0.0742637640485581
"null",1000,83,5,1,200,187.190655186245,1.10263613106777,186.088019055177,197.602547625905,198.054282108849,2.25867241472483,17.8912266320296,17.8782967184257,17.8885438199983,-0.581955203732078,-0.669317846220757,0.698376810581338
"null",1000,83,10,0,100,103.163154417101,0.578229478304922,102.584924938796,97.8599377757114,98.0736970142615,2.13759238550111,13.420897270507,13.4160926952396,13.4164078649987,0.395146206285608,0.336254975797491,0.340921673561099
"null",1000,83,10,1,100,94.3012661466107,0.576667591740346,93.7245985548704,97.7538279482963,97.9705065006443,2.16678552347959,13.410901146357,13.4065822744413,13.4164078649987,-0.257444430020532,-0.316703232699986,0.586986840904051
"null",1000,83,25,0,40,37.0442266372422,0.160820473703861,36.8834061635383,37.9214915793387,38.0044117668746,2.07300468839818,8.76349214538069,8.76237650976154,8.76356092008266,-0.100104493453438,-0.127933968836818,0.513497899709218
"null",1000,83,25,1,40,49.8203027804771,0.164440540006406,49.6558622404707,37.8684039152827,37.9520749827024,2.09177668549269,8.75608423888226,8.75507820924633,8.76356092008266,1.36498217001165,1.33679985238827,0.0949128685098833
"null",1000,83,50,0,20,12.9326177745326,0.126466877313858,12.8061508972187,17.9337308023892,17.9748468314895,2.05580145501337,6.25806911698822,6.25774421577948,6.26099033699941,-0.799146339608261,-0.825967913683243,0.795560387124325
"null",1000,83,50,1,20,13.3607722409647,0.0853855269442072,13.2753867140205,17.9061434802811,17.9474557200131,2.06561198659683,6.25255163592305,6.25226109648784,6.26099033699941,-0.726962607266089,-0.747260700391593,0.769710438166064
"null",1000,84,2,0,500,484.406691880658,5.82937916798855,478.577312712669,497.475852111123,498.737589951312,2.52347568037892,22.5971230267427,22.3606580973737,22.3606797749979,-0.578355050552162,-0.901595881071636,0.660390236829805
"null",1000,84,2,1,500,500.241397694859,4.51859129888302,495.722806395976,497.070122757231,498.318583885322,2.49692225618273,22.5721229246284,22.3523667701107,22.3606797749979,0.140495200571876,-0.116129871885276,0.46333575008777
"null",1000,84,5,0,200,202.770077539879,2.24804552555343,200.522032014326,197.741176216996,198.192630779162,2.2572728108315,17.9358384991659,17.8884133474026,17.8885438199983,0.280382839258815,0.130218437483847,0.393099469360307
"null",1000,84,5,1,200,218.727776373223,1.6759163901703,217.051859983053,197.512612328269,197.956060084486,2.2172387810844,17.9110843639284,17.8677495008307,17.8885438199983,1.18447122540941,1.06872999857529,0.149040102821395
"null",1000,84,10,0,100,95.3814806890716,1.1643004677729,94.2171802212987,97.8477174853279,98.0626624736424,2.14944988314542,13.4317962107308,13.41603707816,13.4164078649987,-0.183611838473697,-0.286633245714848,0.556057329913482
"null",1000,84,10,1,100,91.3802483070986,1.10413486042304,90.2761134466756,97.7193312704241,97.932391439335,2.13060168910915,13.4119443038042,13.3975115539539,13.4164078649987,-0.472644593485782,-0.571470154127234,0.668585545711457
"null",1000,84,25,0,40,36.6586471516327,0.308526480360092,36.3501206712726,37.9100419681446,37.9933779044157,2.08339840677752,8.76591235097523,8.76213992504286,8.76356092008266,-0.142756939198998,-0.187540629024487,0.531451828989925
"null",1000,84,25,1,40,32.0097749088088,0.169723858947741,31.8400510498611,37.8388105578266,37.9225134797323,2.09257304764094,8.75230807662382,8.74886090828921,8.76356092008266,-0.665999825187407,-0.695229069661889,0.741943336380978
"null",1000,84,50,0,20,18.8530121915167,0.191474610673227,18.6615375808435,17.9361957461607,17.9772103417608,2.05072978000572,6.25812089138107,6.25691995654633,6.26099033699941,0.146500277202812,0.109371263151084,0.400927004584444
"null",1000,84,50,1,20,24.9971579364581,0.147384814280975,24.8497731221771,17.9101597576134,17.9510916986933,2.0465970539921,6.24866628998544,6.24758082281114,6.26099033699941,1.13416173147264,1.10421643499118,0.124994502654055
"null",1000,85,2,0,500,468.926686879522,0.520020713610848,468.406666165911,497.532008145428,498.765622011501,2.46722773214466,22.6676742267113,22.3606567653757,22.3606797749979,-1.26194337274348,-1.35769517703071,0.820836032363336
"null",1000,85,2,1,500,515.872487460823,2.38443207181341,513.48805538901,495.463613293909,496.719798613907,2.51237063999699,22.5524020062873,22.3144401112906,22.3606797749979,0.904953457340139,0.751453170748306,0.280708237007833
"null",1000,85,5,0,200,201.239259840873,0.249100458927699,200.990159381946,197.808461509495,198.246416554278,2.18977522391148,17.9500621701806,17.8883979170246,17.8885438199983,0.191130164277505,0.153381137897028,0.422554154537308
"null",1000,85,5,1,200,198.371555373549,1.84646100590323,196.525094367646,196.480857372894,196.924033247515,2.21587937310271,17.8339707770598,17.7876736677539,17.8885438199983,0.106016659121511,-0.022427827681168,0.479199075870479
"null",1000,85,10,0,100,84.7913322479636,0.222118984428962,84.5692132635347,97.8784826307653,98.0903310595264,2.11848428761057,13.4365389145226,13.4160153127033,13.4164078649987,-0.973997133194527,-1.00783410579361,0.826736075046284
"null",1000,85,10,1,100,83.3784367366263,0.830268978600444,82.5481677580259,97.1474061519791,97.3595074219408,2.12101269961776,13.3396012794095,13.3241268082796,13.4164078649987,-1.03218747899204,-1.11161803524049,0.85385844399289
"null",1000,85,25,0,40,32.9066714519693,0.135128108542241,32.771543343427,37.9495017050096,38.0312583901856,2.04391712940182,8.76709711978195,8.76213940342878,8.76356092008266,-0.57519954257855,-0.600277489844591,0.703726226296541
"null",1000,85,25,1,40,33.8396869130874,0.206985483324587,33.6327014297628,37.6129185637221,37.6959337827808,2.07538047646668,8.70042241058851,8.69679992176592,8.76356092008266,-0.433683730808598,-0.467210053073517,0.662229824481699
"null",1000,85,50,0,20,16.4539021232868,0.142647907106575,16.3112542161803,17.9641200121119,18.0045702114149,2.02250996515177,6.25848227790077,6.25683602791854,6.26099033699941,-0.24130736842665,-0.270634548784553,0.560901517634981
"null",1000,85,50,1,20,7.75323806018952,-0.0049521622982439,7.75819022248777,17.788365803695,17.8292074142466,2.0420805275782,6.20964494411667,6.20848345577685,6.26099033699941,-1.61605499731725,-1.62213804119716,0.982087773931678
"null",1000,86,2,0,500,503.005415694933,-1.78186053408818,504.787276229021,497.496491222947,498.74778643589,2.50259042588555,22.8666992114031,22.3606391116447,22.3606797749979,0.2409147214933,0.270094685709875,0.428897031217707
"null",1000,86,2,1,500,520.599114153954,-2.52273628901435,523.121850442968,496.917167382795,498.197592747907,2.56085073022458,22.852666104896,22.3487347413921,22.3606797749979,1.03628813646761,1.11524245034324,0.23374350739565
"null",1000,86,5,0,200,209.308967955509,-0.758609155299954,210.067577110809,197.710032524548,198.167588291718,2.2877788358478,17.9902942566428,17.8883380604972,17.8885438199983,0.644732946859814,0.66523725003664,0.277200910953229
"null",1000,86,5,1,200,183.147376695991,-1.55379921153439,184.701175907526,197.386029225428,197.837944515142,2.25957644856896,17.9642625904126,17.8608806821728,17.8885438199983,-0.792609908576803,-0.735505087424274,0.767968575128941
"null",1000,86,10,0,100,115.988841981645,-0.382851779336093,116.371693760981,97.8372306031784,98.0531046921971,2.15874089018713,13.4497839860954,13.4158596961517,13.4164078649987,1.34958385928219,1.36544280304589,0.103703791377763
"null",1000,86,10,1,100,95.3298269418543,-0.527187834385299,95.8570147762396,97.6260224230036,97.8430487170587,2.17026294055038,13.4253103658623,13.3906455803748,13.4164078649987,-0.171034815477195,-0.14831502550779,0.557540310224634
"null",1000,86,25,0,40,30.8740225954267,-0.223882140547833,31.0979047359745,37.8792144240239,37.9637012528993,2.11217072188404,8.76981788780899,8.76166742314276,8.76356092008266,-0.798784184371174,-0.783617567906046,0.787306849137312
"null",1000,86,25,1,40,40.5205427262495,-0.333911859925106,40.8544545861746,37.8024973916947,37.8866477110368,2.10375798355371,8.7517801738129,8.74341864247256,8.76356092008266,0.310570567424411,0.339433235041629,0.359750975388681
"null",1000,86,50,0,20,11.3033726121646,-0.0699459133085345,11.3733185254731,17.892089038787,17.9339426718971,2.09268165550701,6.25886755979391,6.25621847140828,6.26099033699941,-1.05270104594438,-1.04865649695689,0.88104220741996
"null",1000,86,50,1,20,18.8169462662862,-0.105143625768247,18.9220898920545,17.8768243978407,17.9180583753992,2.06169887792418,6.24462770761213,6.24189549917734,6.26099033699941,0.150548905789776,0.160853624798367,0.403176388513667
"null",1000,87,2,0,500,527.329313511107,6.68774442369889,520.641569087408,497.452994712777,498.726186965129,2.54638450470275,22.4979606915947,22.3606610604,22.3606797749979,1.32795675163091,0.980086503841837,0.175482968490533
"null",1000,87,2,1,500,496.001001855174,6.93257250755239,489.068429347622,496.409784991156,497.67901158236,2.53845318240734,22.4468838736865,22.3433278725984,22.3606797749979,-0.0182111306978028,-0.385375996084185,0.516867189348798
"null",1000,87,5,0,200,192.517335611516,2.6218308877554,189.895504723761,197.756917427351,198.205269184978,2.24175878813929,17.9159236385574,17.8884372668995,17.8885438199983,-0.292453904221712,-0.464532722296187,0.596582804442974
"null",1000,87,5,1,200,167.79268600086,3.07836528555583,164.714320715305,197.065390548032,197.514771637425,2.24690544696538,17.8581635011722,17.8372362560791,17.8885438199983,-1.63917776568964,-1.83887517389035,0.941665342201903
"null",1000,87,10,0,100,82.4698083474659,1.36860421683622,81.1012041306296,97.8590610914996,98.072892764833,2.13831673333355,13.4251859827921,13.416070001966,13.4164078649987,-1.14629717336945,-1.2650268395824,0.869851606614069
"null",1000,87,10,1,100,77.3945120228024,1.52771485697171,75.8667971658307,97.4535905179435,97.6695474948653,2.15956976921804,13.3752166506598,13.368279741952,13.4164078649987,-1.49971989381956,-1.63093163442815,0.938377905814655
"null",1000,87,25,0,40,51.8753477652472,0.486765173813822,51.3885825914334,37.9231203626886,38.0059496329639,2.07073175688088,8.7644015938155,8.76223583239323,8.76356092008266,1.59192013889502,1.52730800841893,0.0661095793745522
"null",1000,87,25,1,40,32.484558205051,0.517893372667453,31.9666648323836,37.7403409160503,37.8240189700973,2.09195135117413,8.72951307169331,8.72782096116798,8.76356092008266,-0.602070547100949,-0.671113003322865,0.721945060814005
"null",1000,87,50,0,20,21.8086297519854,0.179716076582332,21.628913675403,17.9577704115798,17.9984048221509,2.03172052855758,6.25842530805415,6.25772937828924,6.26099033699941,0.615308028914204,0.580163927485883,0.240592310944567
"null",1000,87,50,1,20,16.5829060716127,0.246949310455572,16.3359567611571,17.8398873813266,17.8811575344156,2.06350765445218,6.23165212351581,6.23113963398505,6.26099033699941,-0.201709159112163,-0.247980444031601,0.551935025367208
"null",1000,88,2,0,500,483.513824466339,3.73620821229066,479.777616254049,497.488243871957,498.743770883031,2.51105402214705,22.6253337164599,22.3606571555215,22.3606797749979,-0.617644786182809,-0.848193078453351,0.670886355014367
"null",1000,88,2,1,500,458.669471671893,4.12140135187203,454.548070320021,497.313983555164,498.572526190734,2.51708527113973,22.6145964740169,22.3573977262759,22.3606797749979,-1.70883048599482,-1.96912254322749,0.896052457184737
"null",1000,88,5,0,200,206.01779711718,1.51015848275128,204.507638634429,197.766400817575,198.212789890811,2.2319453661822,17.9415371143971,17.8884069432775,17.8885438199983,0.459904647355134,0.351895435047876,0.333236440051133
"null",1000,88,5,1,200,183.77866933099,1.81836501471184,181.960304316278,197.654871235366,198.102351544915,2.23740154774327,17.9316970685732,17.8803114690115,17.8885438199983,-0.773836511475271,-0.902783335548287,0.757661195038272
"null",1000,88,10,0,100,117.567392726525,0.714012041096992,116.853380685428,97.8443127278903,98.059595252261,2.15282524370711,13.4337120909603,13.416037563549,13.4164078649987,1.46817795893564,1.40084472364847,0.0867454835791046
"null",1000,88,10,1,100,88.6811746799477,0.780273441640552,87.9009012383072,97.7836368177847,97.9991482842234,2.15511466438714,13.4257989590957,13.4087093322181,13.4164078649987,-0.677982901842139,-0.753111041168768,0.73889812389367
"null",1000,88,25,0,40,55.4229335869872,0.293163583862807,55.1297700031244,37.9146115636171,37.9977654011637,2.07884593866315,8.76638378251617,8.76214403008635,8.76356092008266,1.99721144519009,1.9552297409327,0.0336689750968563
"null",1000,88,25,1,40,47.7593569621817,0.338446744206639,47.4209102179751,37.8829621159997,37.9663854842947,2.08558420737475,8.76092324137853,8.75682017101614,8.76356092008266,1.12732352219855,1.0796755613383,0.133305047565798
"null",1000,88,50,0,20,26.0584455665711,0.188171031720407,25.8702745348506,17.9271659157546,17.9683725163165,2.06033002809525,6.25846282744518,6.25709513194265,6.26099033699941,1.29924549765773,1.26287068550303,0.0984290571860029
"null",1000,88,50,1,20,17.2822660339855,0.163373546713752,17.1188924872717,17.9172029559385,17.9583569557009,2.05769998812008,6.25453046253935,6.25320308197222,6.26099033699941,-0.101516320970196,-0.134245515046411,0.503785498079829
"null",1000,89,2,0,500,497.766652281927,2.87317754918403,494.893474732743,497.420308811736,498.709729677646,2.57884173182014,22.5262965119703,22.3606580844834,22.3606797749979,0.0153750737502039,-0.170668275078711,0.494521919032835
"null",1000,89,2,1,500,527.36429999183,2.87941623855649,524.484883753274,497.479407758275,498.737814635131,2.51681375371074,22.5265811908166,22.3606146024253,22.3606797749979,1.3266501463497,1.15144729140632,0.175207566110736
"null",1000,89,5,0,200,184.953232288569,1.07348268110284,183.879749607466,197.726202210054,198.18063064615,2.27214218048105,17.9215543656794,17.8884020938004,17.8885438199983,-0.712715519025854,-0.799449887345754,0.737907701417446
"null",1000,89,5,1,200,171.072704410975,1.11059812953601,169.962106281439,197.734161541215,198.186621118236,2.26229788510733,17.9215169812869,17.8882617461459,17.8885438199983,-1.48767859094067,-1.57782322493569,0.917120847128183
"null",1000,89,10,0,100,83.9903388668963,0.618018989343794,83.3723198775525,97.8321652693641,98.0486586069644,2.1649333760029,13.4270122448204,13.4160249079712,13.4164078649987,-1.03089400308006,-1.09394092736753,0.842445623270245
"null",1000,89,10,1,100,89.1271831023226,0.5602962161447,88.5668868861779,97.832738337275,98.0490645882191,2.16326250944175,13.4269156540247,13.4158887828961,13.4164078649987,-0.648365973189299,-0.706787142878679,0.727731661380289
"null",1000,89,25,0,40,32.287933794714,0.312711297966039,31.975222496748,37.8883249305498,37.9725261608158,2.1050307566502,8.76470609468086,8.76211709494427,8.76356092008266,-0.638970785253668,-0.68445828777252,0.730293853753793
"null",1000,89,25,1,40,37.9968519381241,0.321443063325932,37.6754088747982,37.8814869818384,37.9659452217622,2.11145599809638,8.76462832179945,8.76202924239611,8.76356092008266,0.0131625611549112,-0.0331585685149552,0.469627693491138
"null",1000,89,50,0,20,16.2587829337687,0.211732200804634,16.047050732964,17.9239168082341,17.9651896314201,2.0636411593033,6.25792540287015,6.25711792580908,6.26099033699941,-0.266084008240443,-0.306553100197173,0.574492282603014
"null",1000,89,50,1,20,17.2287894584681,0.21149797414607,17.017291484322,17.9184015748638,17.9597814710081,2.06899480721509,6.25787827061168,6.25706813285429,6.26099033699941,-0.110199030178364,-0.150628052415995,0.50743142124453
"null",1000,90,2,0,500,478.803087279194,-1.54355371050519,480.346640989699,497.437875729697,498.718650120586,2.56154878177938,22.521911829,22.3606637673027,22.3606797749979,-0.827407042172516,-0.821621814185694,0.724104730698747
"null",1000,90,2,1,500,497.51453025486,-1.44150394279875,498.956034197659,496.368093771505,497.634504199038,2.53282085506566,22.491924051171,22.3463933052477,22.3606797749979,0.050971027678509,0.0591384023618142,0.497710005274811
"null",1000,90,5,0,200,197.63106978848,-0.665515111148303,198.296584899628,197.70569752387,198.164282532889,2.29292504509734,17.9207317100064,17.8884314254053,17.8885438199983,-0.00416432412457624,0.00739597360956272,0.494030610371621
"null",1000,90,5,1,200,200.299785369956,-1.04778185957221,201.347567229528,197.043300725895,197.493465326005,2.25082300054726,17.8680678021798,17.8368392542916,17.8885438199983,0.182251639075566,0.216075384689923,0.440934155689044
"null",1000,90,10,0,100,102.624013299542,-0.346116526413666,102.970129825956,97.800043022185,98.0197881724546,2.19745150269561,13.4268167127063,13.4160849365687,13.4164078649987,0.35927877624127,0.368985562994443,0.354690160366428
"null",1000,90,10,1,100,108.274493375474,-0.15784805953065,108.432341435005,97.4456080430222,97.6609811441576,2.15373101135323,13.3778464773428,13.3669614132571,13.4164078649987,0.809464015810916,0.805819659220705,0.224540663587289
"null",1000,90,25,0,40,43.3518083932023,-0.0508479476352127,43.4026563408375,37.8760096473289,37.960749361292,2.11849284907556,8.76494506056844,8.76237442919759,8.76356092008266,0.624738513251812,0.621053919062423,0.253683334255709
"null",1000,90,25,1,40,47.0814821286944,-0.0592347745438307,47.1407169032383,37.7298557160141,37.813804852922,2.09872842269846,8.72979263700046,8.72712389277294,8.76356092008266,1.07123121951882,1.06872689845048,0.148283134453996
"null",1000,90,50,0,20,15.8221037470481,-0.0303673142757988,15.8524710613239,17.8935970205243,17.9354967055792,2.09498425274484,6.2582586324049,6.25744108051992,6.26099033699941,-0.331001544543096,-0.332887775921689,0.604961244285247
"null",1000,90,50,1,20,25.6984058474383,0.046553660929897,25.6518521865084,17.8332671275172,17.8746625545416,2.06977135121734,6.23192506984099,6.23106285524564,6.26099033699941,1.2620720935789,1.24813211046644,0.106856414906717
"null",1000,91,2,0,500,507.243166027784,2.31861917942211,504.924546848362,497.479546319413,498.739449490269,2.51980634171207,22.5410373425446,22.3606616176051,22.3606797749979,0.433148641741649,0.276606187413666,0.377451110030981
"null",1000,91,2,1,500,511.026268464154,2.45334787188456,508.572920592269,497.468230052517,498.733396446249,2.53033278746425,22.5412057530943,22.3606497818329,22.3606797749979,0.601477958195564,0.440037487372785,0.333492804270893
"null",1000,91,5,0,200,169.12021354895,0.822717206815604,168.297496342135,197.750355175919,198.199987083687,2.24815953884079,17.9245590212504,17.8884217581587,17.8885438199983,-1.59725779546522,-1.67161145604777,0.932487422211163
"null",1000,91,5,1,200,184.231303245681,0.871121379969034,183.360181865712,197.728279517609,198.182232777142,2.26976629766364,17.924581559196,17.8883867913157,17.8885438199983,-0.752986965266324,-0.828585108559103,0.750135836655197
"null",1000,91,10,0,100,82.2695937057595,0.407747061287237,81.8618466444723,97.8421942106688,98.0577089985866,2.15514787917863,13.4280676695861,13.4160632903816,13.4164078649987,-1.15970524487156,-1.20719931052544,0.873221400047765
"null",1000,91,10,1,100,85.0689566999068,0.484310232009155,84.5846464678977,97.8404244784648,98.0560881452831,2.15663666818279,13.4280545108304,13.4160284246188,13.4164078649987,-0.951103361120342,-1.00413037681591,0.821090623918182
"null",1000,91,25,0,40,24.8861611629615,0.144601755597897,24.7415594073636,37.9057534960134,37.9892931333903,2.08849093442202,8.76518470540773,8.76231639647639,8.76356092008266,-1.48537569607854,-1.51189858099099,0.949964457340958
"null",1000,91,25,1,40,23.4693665077447,0.195792994904845,23.2735735128398,37.9049056802704,37.9884756340565,2.08924884465252,8.76517093511475,8.76229726482756,8.76356092008266,-1.64692043993055,-1.67934294814252,0.968922819578253
"null",1000,91,50,0,20,12.7551992572781,0.00866225827408024,12.746536999004,17.9227330949115,17.9640428962587,2.06549006735779,6.25824222942168,6.25732820382299,6.26099033699941,-0.825716494855293,-0.833823275254602,0.805905798585339
"null",1000,91,50,1,20,11.6180622269804,0.0508328786364048,11.567229348344,17.9213019461764,17.9626394443996,2.06687491116037,6.25823014355178,6.25731390818609,6.26099033699941,-1.00719206143138,-1.0220695636971,0.866316222988947
"null",1000,92,2,0,500,486.282346282811,-2.13120416887947,488.41355045169,497.45294147194,498.72607575911,2.54626857433988,22.637703286829,22.3606522087503,22.3606797749979,-0.493450905668001,-0.461190720697498,0.637983097472982
"null",1000,92,2,1,500,512.818176612883,-2.2831643940994,515.101341006982,497.392514265925,498.678184757653,2.57134098345637,22.6381829887892,22.3599464291637,22.3606797749979,0.681400196941492,0.73448996406848,0.313473529060254
"null",1000,92,5,0,200,198.643481607686,-0.967398789097476,199.610880396783,197.758502867682,198.206393261569,2.23945196943674,17.9439506451503,17.8883637336164,17.8885438199983,0.0493190578543559,0.0785140081076637,0.473767923720897
"null",1000,92,5,1,200,215.124352130731,-1.08401756601343,216.208369696744,197.704783625908,198.158622926092,2.26919650092061,17.9426524003871,17.8865151671868,17.8885438199983,0.970846902459507,1.00912595896631,0.192101485033715
"null",1000,92,10,0,100,77.9507333221587,-0.425767763079269,78.376501085238,97.8458469382236,98.0609098251106,2.15062886887002,13.4343946691434,13.4159379359386,13.4164078649987,-1.48090882440433,-1.46724059352884,0.932525030807835
"null",1000,92,10,1,100,89.0080479691503,-0.479583032552521,89.4876310017029,97.800921441342,98.0190944037283,2.18172962386273,13.4328763062053,13.4142004303493,13.4164078649987,-0.654578607868949,-0.636002380188324,0.730733758796567
"null",1000,92,25,0,40,22.262455797974,-0.199774733844421,22.4622305318185,37.9090933937111,37.9924117925347,2.08295997058993,8.76621765347523,8.76182576347559,8.76356092008266,-1.78487897679955,-1.77248232046054,0.98032928306751
"null",1000,92,25,1,40,28.8151267350698,-0.279629082671694,29.0947558177415,37.9035858103273,37.9868938260163,2.0827003922238,8.76504910314056,8.7605946920388,8.76356092008266,-1.03689767944382,-1.01501534095117,0.858740091213515
"null",1000,92,50,0,20,5.62433974556824,-0.00831764755944277,5.63265739312768,17.9349036109546,17.9759150257865,2.0505707415949,6.25784389679467,6.2564531592977,6.26099033699941,-1.96722130951396,-1.97288420745475,0.997497083949296
"null",1000,92,50,1,20,5.3551674156513,-0.0174103160550352,5.37257773170634,17.9206377781385,17.961876276456,2.06192491587548,6.25696736963508,6.25555325025724,6.26099033699941,-2.00823651781647,-2.01249962091394,0.998189600779121
"null",1000,93,2,0,500,478.847208407344,5.87144401599968,472.975764391344,497.463907716691,498.731441341237,2.53506724909152,23.1084589246461,22.3606230137641,22.3606797749979,-0.805622710283478,-1.15183181318514,0.72362493668596
"null",1000,93,2,1,500,494.023253953324,5.80867722497408,488.21457672835,497.372503138212,498.643141866208,2.54127745599131,23.0998836472853,22.3584930073043,22.3606797749979,-0.14498987250447,-0.4664252252802,0.541893323221884
"null",1000,93,5,0,200,193.01452388026,2.31225634763041,190.70226753263,197.76058498469,198.207995642289,2.23705328799438,18.0396450216635,17.8883275477523,17.8885438199983,-0.263090603985307,-0.419588029659173,0.586707539767145
"null",1000,93,5,1,200,184.688855772827,2.36913098112295,182.319724791704,197.70222475225,198.149872769922,2.23824008836161,18.0329958966797,17.8837509515036,17.8885438199983,-0.721642097296707,-0.885169337302091,0.742417339315122
"null",1000,93,10,0,100,86.4214290272846,1.4161487038664,85.0052803234182,97.8413391482452,98.056809698625,2.15470550379771,13.4662889807306,13.4158706768185,13.4164078649987,-0.848036911824911,-0.97284251537686,0.792157885204331
"null",1000,93,10,1,100,79.6307341182133,1.33523410209718,78.2955000161161,97.805583182421,98.021578959443,2.15995777021956,13.4616793071723,13.4119719564116,13.4164078649987,-1.35011751873515,-1.47078140391554,0.912445141219236
"null",1000,93,25,0,40,32.3124228849218,0.163824053257754,32.1485988316641,37.9069304989024,37.990312757918,2.08455647539062,8.77388130261579,8.76169146883861,8.76356092008266,-0.637632014957017,-0.666733580728143,0.729259055906248
"null",1000,93,25,1,40,29.1387974090573,0.270128769772536,28.8686686392847,37.8824042692467,37.9662370925964,2.09582058374165,8.77082896987013,8.75883462225522,8.76356092008266,-0.996896289988757,-1.03867339042979,0.848533902549735
"null",1000,93,50,0,20,16.6139427049081,0.0630728891474681,16.5508698157606,17.9196682956046,17.9609312850833,2.06314947393437,6.2595787561274,6.25559953911425,6.26099033699941,-0.208596399465111,-0.225407886247508,0.549780674303687
"null",1000,93,50,1,20,13.6547839269006,0.0871622840441326,13.5676216428565,17.9223356868245,17.9634193906228,2.05418518991226,6.25757637746904,6.25364638923338,6.26099033699941,-0.68198156962008,-0.702917541889528,0.751302148712673
"null",1000,94,2,0,500,478.34900572321,0.873032719787941,477.475973003422,497.483832887409,498.741505716593,2.51534565836775,22.6327330550513,22.360650147796,22.3606797749979,-0.845449248999503,-0.951024794566058,0.729020421085065
"null",1000,94,2,1,500,491.188770432116,0.603325175415785,490.585445256701,497.209757751665,498.476573520709,2.53363153808715,22.6262906937147,22.3556987541781,22.3606797749979,-0.266105805898684,-0.352980613613494,0.577563257463011
"null",1000,94,5,0,200,189.244098823736,0.342240409700508,188.901858414036,197.781938536257,198.225214171875,2.21637817809148,17.9429974937076,17.888400755383,17.8885438199983,-0.475831293824501,-0.521195599614114,0.660205729698058
"null",1000,94,5,1,200,209.659947087525,0.562910744313394,209.097036343211,197.610118535718,198.053288151024,2.21584807652931,17.9304240314046,17.875294569636,17.8885438199983,0.672032548181917,0.617821885349366,0.271540530045591
"null",1000,94,10,0,100,90.1109604255938,0.183020543009513,89.9279398825843,97.852659825964,98.0670974347968,2.14437608832819,13.4341678431093,13.4160193020834,13.4164078649987,-0.576269367093033,-0.606674555913061,0.702431529474068
"null",1000,94,10,1,100,91.9940356769064,0.291691373447084,91.7023443034593,97.7668547385758,97.9803835801755,2.13528841599683,13.4225794519547,13.404139554928,13.4164078649987,-0.430082688825411,-0.468365705309899,0.651805265667673
"null",1000,94,25,0,40,31.5502934928134,0.0513211008896394,31.4989723919237,37.8989163621993,37.9826930235363,2.09441653342603,8.76645109368223,8.76211171790246,8.76356092008266,-0.72419532163491,-0.739972376563662,0.760742455923505
"null",1000,94,25,1,40,38.0534589400819,0.0922517348305358,37.9612072052514,37.8721886960932,37.9554505631114,2.08154667545619,8.75808763028751,8.75365596339883,8.76356092008266,0.0206974686302369,0.000657627186175354,0.467050310786367
"null",1000,94,50,0,20,14.6279502890884,0.0353129385604868,14.5926373505279,17.9133050065104,17.954776133475,2.07355634822742,6.25827649143667,6.25689125837115,6.26099033699941,-0.52496158038358,-0.537349722747507,0.687334887255815
"null",1000,94,50,1,20,26.265071689008,-0.0543994558310995,26.3194711448391,17.9095632038772,17.9506901565757,2.0563476349232,6.25183474661733,6.25041412630934,6.26099033699941,1.33648901862797,1.33891624125151,0.0938497832812627
"null",1000,95,2,0,500,491.403655149443,0.180243533931226,491.223411615512,497.439272099678,498.719266303147,2.55998840693717,22.6791716605613,22.3606487761388,22.3606797749979,-0.266130396672775,-0.335225277346776,0.574872720979388
"null",1000,95,2,1,500,523.523418129295,0.0489543917938183,523.474463737501,497.207682201135,498.472927294951,2.53049018763271,22.6629846043226,22.3554656611991,22.3606797749979,1.16117697591962,1.11836348307178,0.207147054351516
"null",1000,95,5,0,200,217.587479055441,0.0660560128160484,217.521423042625,197.726186192043,198.180587432767,2.27200620361785,17.9523544968643,17.8883865358302,17.8885438199983,1.10633359356103,1.08119508548847,0.161859416585536
"null",1000,95,5,1,200,221.035084264113,0.31626498755019,220.718819276563,197.599057761214,198.044490693299,2.22716466042446,17.9361911705387,17.8751270023264,17.8885438199983,1.30663340282601,1.26848489413881,0.125343367499731
"null",1000,95,10,0,100,110.528223750565,0.0854129773455903,110.442810773219,97.8318648590522,98.0483592043111,2.16494345258873,13.4372591420855,13.4159863564191,13.4164078649987,0.944862248860526,0.923856900240344,0.182333472669832
"null",1000,95,10,1,100,85.1847641559309,0.132530116219351,85.0522340397115,97.7665459830335,97.9798851752581,2.13339192224637,13.4241250299098,13.4037974554614,13.4164078649987,-0.937251537740418,-0.964476759552883,0.818705603815239
"null",1000,95,25,0,40,49.4680035493471,-0.00470056989668453,49.4727041192437,37.9029129885876,37.9865115899849,2.08996503493441,8.767118123984,8.76201149955727,8.76356092008266,1.31914391904007,1.31090817785838,0.100754871815046
"null",1000,95,25,1,40,47.5536785586107,-0.0117059542985181,47.5653845129092,37.8745749632341,37.9576701302321,2.07737917494824,8.75811179068557,8.75325079194591,8.76356092008266,1.10515871762113,1.09761671532563,0.137720785495772
"null",1000,95,50,0,20,18.6408748842917,-0.0620647809005487,18.7029396651922,17.9255418779702,17.966771580713,2.06148513714302,6.25861320634185,6.25694556125633,6.26099033699941,0.11429576852531,0.117656143444433,0.414244087590943
"null",1000,95,50,1,20,25.4421582885466,0.0297731242059974,25.4123851643406,17.9140826380505,17.9551152310301,2.05162964897781,6.25193808588751,6.25035357588427,6.26099033699941,1.20411871440142,1.19309569335132,0.113213591444141
"null",1000,96,2,0,500,507.565106884101,-1.94018783346553,509.505294717566,497.459387728168,498.729347562168,2.53991966800038,22.5715066892205,22.360655096879,22.3606797749979,0.447720185235102,0.481915539089128,0.373629528604261
"null",1000,96,2,1,500,505.052717888655,-1.20177230826827,506.254490196924,497.180209845785,498.43253086049,2.50464202940921,22.5646390345175,22.3554545176012,22.3606797749979,0.348886947884589,0.349890418478205,0.403797824339357
"null",1000,96,5,0,200,210.218978469036,-0.790040613277648,211.009019082314,197.752529263157,198.201719935065,2.24595335954343,17.930673356591,17.8884122634632,17.8885438199983,0.695258284948742,0.715955052836479,0.262657999759627
"null",1000,96,5,1,200,225.437578923289,-0.151016097321264,225.58859502061,197.571014456645,198.018162622384,2.23574082869329,17.9168603115431,17.8740092676896,17.8885438199983,1.5553263229211,1.54248730574759,0.0880373924082507
"null",1000,96,10,0,100,116.47443369494,-0.404780218038126,116.879213912978,97.8432946742211,98.0586737909971,2.15379116775927,13.4300492826631,13.4160230642004,13.4164078649987,1.38727257276485,1.4028404715703,0.0982323777956537
"null",1000,96,10,1,100,116.097902965512,-0.148523159889076,116.246426125401,97.7548769622516,97.9682527165669,2.13375754315259,13.416890978971,13.4024971074908,13.4164078649987,1.36715920491641,1.36378864790936,0.102454769862204
"null",1000,96,25,0,40,34.7052782660493,-0.0126488122545923,34.7179270783039,37.8995189748339,37.9832722803549,2.09383263802393,8.76545621992133,8.76211506733542,8.76356092008266,-0.364412373827734,-0.372666322795048,0.622597642985741
"null",1000,96,25,1,40,38.9331233713078,0.00270495259279154,38.930418418715,37.8733887030625,37.9562918064651,2.0725775850643,8.75544951446356,8.75200324918374,8.76356092008266,0.121037151375791,0.111303273606612,0.42756191267479
"null",1000,96,50,0,20,16.034939499779,-0.00650562827830436,16.0414451280573,17.9101955359797,17.9517241066268,2.07642853235552,6.25786241029785,6.25682030624253,6.26099033699941,-0.299663992790061,-0.305311465739807,0.590108815124139
"null",1000,96,50,1,20,12.5805330666386,-0.0570671280430531,12.6376001946816,17.9051589155262,17.9463224647022,2.05817745879849,6.2507114772434,6.24962468687654,6.26099033699941,-0.851843165097716,-0.849446572554706,0.815865261926106
"null",1000,97,2,0,500,503.266258719335,0.874016125044633,502.392242594291,497.414341545782,498.70674553367,2.58480797577629,23.0165779499702,22.3606309216141,22.3606797749979,0.254247924529607,0.164820799267276,0.425677105885867
"null",1000,97,2,1,500,519.67247634582,0.843946036524209,518.828530309295,497.396644447907,498.688345425611,2.58340195540854,23.0124653676562,22.3601056305513,22.3606797749979,0.967989806482072,0.900719576931079,0.242572018486609
"null",1000,97,5,0,200,205.638813994197,0.325748460448819,205.313065533748,197.738847380359,198.190638578342,2.25895598991608,18.0208591691168,17.8883429724587,17.8885438199983,0.438379021760326,0.39816024135784,0.340008617526761
"null",1000,97,5,1,200,214.168759238083,0.4159714126702,213.752787825413,197.722484220538,198.174857617092,2.26186698277121,18.0185601136427,17.8872573920508,17.8885438199983,0.91274080247362,0.870895401507662,0.204777072881681
"null",1000,97,10,0,100,90.9927700006171,0.137361608553493,90.8554083920636,97.8573040570085,98.0711786532467,2.13874596238271,13.460030426014,13.415874869199,13.4164078649987,-0.509993947942671,-0.537853127845542,0.679047780911884
"null",1000,97,10,1,100,115.258011357013,0.199194080250915,115.058817276762,97.8350589314375,98.0503600441868,2.15301112749334,13.4585631106142,13.4148553708734,13.4164078649987,1.29456259798153,1.26788226651358,0.112380701486127
"null",1000,97,25,0,40,31.0516148473533,-0.0140122311531282,31.0656270785064,37.9177716840955,38.0006984256021,2.0731685376647,8.77221973817925,8.76156994898416,8.76356092008266,-0.782716010505157,-0.791532954422145,0.780465459875494
"null",1000,97,25,1,40,33.0203401900929,-0.0218148329800864,33.042155023073,37.8983964631448,37.9819514478007,2.08887461639721,8.77129958159012,8.76077888823266,8.76356092008266,-0.556138372390144,-0.563853566874373,0.698755801727712
"null",1000,97,50,0,20,11.0394153364995,-0.15077177464059,11.1901871111401,17.9329370745427,17.9739265928378,2.04947591475698,6.25899711044322,6.25548243949928,6.26099033699941,-1.10137800296173,-1.08444705061641,0.892676575181059
"null",1000,97,50,1,20,13.5835081949973,-0.164754407262987,13.7482626022603,17.9377913105938,17.9786390225976,2.04238560018999,6.25826227539292,6.25478923432599,6.26099033699941,-0.695765521479864,-0.676341961631772,0.755810180480975
"null",1000,98,2,0,500,510.850655295371,-1.60851354454206,512.459168839913,497.455019068389,498.727109341386,2.54418054599417,22.7166186934114,22.3606452258596,22.3606797749979,0.589684424771677,0.614117319058665,0.335484281247649
"null",1000,98,2,1,500,501.983274699131,-0.988060921031818,502.971335620163,497.304895306939,498.587030279238,2.56426994459875,22.7146697756838,22.3581320863327,22.3606797749979,0.205962905839831,0.196094437764081,0.441569136068471
"null",1000,98,5,0,200,232.8701558992,-0.750246136555644,233.620402035755,197.756459449809,198.204823714998,2.24182132594781,17.9599455380096,17.8883950817027,17.8885438199983,1.95511152164006,1.97980747624373,0.0453331379940164
"null",1000,98,5,1,200,173.346708297246,-0.884647059403447,174.231355356649,197.66637855484,198.11494958168,2.24285513420015,17.9539323678906,17.8816069644846,17.8885438199983,-1.35455953377038,-1.33565144746037,0.896257932576057
"null",1000,98,10,0,100,114.11988254583,-0.402572937853683,114.522455483684,97.8290474248947,98.0458228966255,2.1677547173083,13.4397932973905,13.4159867791391,13.4164078649987,1.21213435061522,1.22813422958034,0.126986644489192
"null",1000,98,10,1,100,81.1232954576912,-0.422536465595655,81.5458319232869,97.8109257549563,98.0245933408369,2.13667585880665,13.4339760843145,13.4098165934254,13.4164078649987,-1.24219592118743,-1.22885807592844,0.891440386768913
"null",1000,98,25,0,40,40.5833580694884,-0.216990032964036,40.8003481024524,37.8896341196368,37.9737801798502,2.10365150533361,8.76782100883443,8.76209498727024,8.76356092008266,0.307228437617209,0.32259042234862,0.357176898326656
"null",1000,98,25,1,40,33.0304894009778,-0.149425380790107,33.1799147817679,37.8769497583206,37.9606920758989,2.09355793945603,8.76303701732697,8.75722829481901,8.76356092008266,-0.553057159037448,-0.545923565445862,0.698310747771686
"null",1000,98,50,0,20,15.865970615531,-0.164472856754528,16.0304434722855,17.9162912216401,17.9576967429492,2.07027606545753,6.25868480826245,6.25679898260789,6.26099033699941,-0.327596079515357,-0.308025441766778,0.601900811096272
"null",1000,98,50,1,20,13.5134187559505,-0.106490572447143,13.6199093283976,17.903191471427,17.9446377652026,2.07231468878004,6.25530287282518,6.25338097686261,6.26099033699941,-0.701768212462888,-0.691582434015512,0.760215402987264
"null",1000,99,2,0,500,517.767038518015,-5.00169695554814,522.768735473563,497.475589548427,498.737421294933,2.5236634930107,22.5395304793932,22.3606562841051,22.3606797749979,0.900260499576034,1.07471417087669,0.261314088785107
"null",1000,99,2,1,500,517.45348009533,-5.22013868935952,522.67361878469,497.186799392771,498.446489759261,2.519380732981,22.5214369642814,22.3552428295037,22.3606797749979,0.899883996509738,1.08373365524147,0.264472546842001
"null",1000,99,5,0,200,202.946552618755,-2.05648889490819,205.003041513663,197.742659559897,198.193776110353,2.25558275228137,17.9242036197909,17.8883942181084,17.8885438199983,0.290327713813292,0.380652691364369,0.389748916167442
"null",1000,99,5,1,200,191.969901843759,-2.04168351698748,194.011585360746,197.561756506082,198.012541762432,2.25392628175052,17.9070541594467,17.8744328369855,17.8885438199983,-0.312271053213552,-0.223836830973817,0.607404559879879
"null",1000,99,10,0,100,100.735261461368,-1.02494592251722,101.760207383885,97.8497294286804,98.0644415193875,2.1471209070706,13.4278652554195,13.4159940749569,13.4164078649987,0.214891345556411,0.275474619610647,0.404731131523596
"null",1000,99,10,1,100,106.644686934526,-0.96639006646321,107.611077000989,97.7375754742868,97.9530708170519,2.15495342765079,13.4137458764956,13.4029229770346,13.4164078649987,0.664028642129448,0.720589546062871,0.258652835893941
"null",1000,99,25,0,40,59.2197894156226,-0.364472956325439,59.5842623719481,37.8991661935379,37.9829318939939,2.09414251140169,8.76493377682,8.76211200704814,8.76356092008266,2.43249107922183,2.4653109273858,0.0153220705228439
"null",1000,99,25,1,40,49.0256934355311,-0.393255395338623,49.4189488308697,37.8519655370847,37.935803792849,2.0959563941076,8.7549542651974,8.75240632849976,8.76356092008266,1.27627484507419,1.31199862152527,0.108496786748448
"null",1000,99,50,0,20,35.372041346112,-0.14949799881782,35.5215393449298,17.9351843082281,17.9762118189351,2.05137553535289,6.25767611510775,6.25680558817443,6.26099033699941,2.78647483780545,2.80419892846853,0.00848326708554378
"null",1000,99,50,1,20,28.5712759359665,-0.202077192694789,28.7733531286613,17.8978834117102,17.9392223579409,2.06694731153775,6.25085044312829,6.25007961693329,6.26099033699941,1.70751046139487,1.73343884154171,0.0538770580164214
"null",1000,100,2,0,500,504.088012544838,8.54944481990513,495.538567724933,497.466825725037,498.733050244433,2.5324490387911,22.7215618826744,22.3606533228653,22.3606797749979,0.291405443604174,-0.1428617703327,0.415573675078006
"null",1000,100,2,1,500,528.966961302917,7.26304659382005,521.703914709097,497.33720586412,498.615540521085,2.5566693139312,22.7125388246449,22.358355223962,22.3606797749979,1.39261205816747,1.03265083485512,0.162898869671742
"null",1000,100,5,0,200,192.201850629113,3.50650913590527,188.695341493208,197.770077801474,198.21565546791,2.22788833217806,17.9608891838363,17.8883650862273,17.8885438199983,-0.310019571713199,-0.532207047922561,0.602826452478564
"null",1000,100,5,1,200,219.958256549142,3.15591715521175,216.802339393931,197.676680421163,198.126595058451,2.24957318644222,17.95341880971,17.8828001867349,17.8885438199983,1.24107705413347,1.04434116248374,0.136033584758724
"null",1000,100,10,0,100,93.5385688889973,1.80164614797948,91.7369227410178,97.8691144576957,98.0818440737013,2.12729616005621,13.4400579690434,13.4159321100277,13.4164078649987,-0.322211822201439,-0.472939284475141,0.608655716861031
"null",1000,100,10,1,100,100.981191059475,1.70680438755878,99.2743866719165,97.8044999029336,98.0196211833947,2.15121280461067,13.4342330214454,13.4107928804871,13.4164078649987,0.236462412961769,0.0935638555977947,0.398070954200233
"null",1000,100,25,0,40,34.4737991648685,0.640654334936277,33.8331448299322,37.9254722782279,38.0081442559045,2.06679944191472,8.76767392463251,8.76187579628617,8.76356092008266,-0.393681738512435,-0.476496074932032,0.633277603159738
"null",1000,100,25,1,40,42.009835788248,0.623256372204854,41.3865794160431,37.8891687925472,37.9725539502161,2.08462894172287,8.76353747078352,8.75791733890848,8.76356092008266,0.470205896812622,0.389821613257257,0.301312980566241
"null",1000,100,50,0,20,11.3225558375664,0.201027261294591,11.1215285762718,17.9350156165046,17.9760296038812,2.05069936883427,6.25839526964306,6.25652410544066,6.26099033699941,-1.05657432840851,-1.09557653931977,0.880170916162261
"null",1000,100,50,1,20,18.7414848866801,0.155908744539521,18.5855761421406,17.9289019818608,17.9698631918604,2.04806049998351,6.25562550477322,6.25381347254565,6.26099033699941,0.129896347567376,0.098453999784797,0.407902426555885
