"scen","n","rep","m","oracle","G","HL","C","EF","mu","muEF","d","sdHL","sdEF","sdEF_simple","zHL","zEF","pHL_chisq"
"null",16000,1151,2,0,8000,7876.23316681498,-18.0467770678022,7894.27994388278,7997.46717208517,7998.7335625975,2.53278102465269,90.3303610545173,89.4427186773013,89.4427190999916,-1.34211801940018,-1.16782696522869,0.832081577389909
"null",16000,1151,2,1,8000,8044.05069725286,-17.6289328652964,8061.67963011815,7997.09842178281,7998.36623171401,2.53561986240186,90.3217378254081,89.4411346838665,89.4427190999916,0.519833614813793,0.707877853159226,0.356182982495413
"null",16000,1151,5,0,3200,3258.18115182368,-7.20592896595105,3265.38708078963,3197.75824697503,3198.20657671099,2.24164867980169,71.7323592424727,71.5541730617538,71.5541752799933,0.842338178846176,0.938876115871755,0.224778573857291
"null",16000,1151,5,1,3200,3249.99164248996,-7.58141166983274,3257.57305415979,3197.51402309887,3197.96390378309,2.24940342110708,71.7259418683745,71.5496994850607,71.5541752799933,0.731640714978551,0.833115314329797,0.256255259272661
"null",16000,1151,10,0,1600,1556.98786029234,-3.58810931193546,1560.57596960428,1597.84654517485,1598.06187215015,2.15326975304896,53.7250606949511,53.6656253914695,53.665631459995,-0.760514448080453,-0.698508631408545,0.764217525540444
"null",16000,1151,10,1,1600,1569.94900842209,-3.66827646044055,1573.61728488253,1597.71543473075,1597.93049322645,2.15058495691599,53.7201878823596,53.6614448592402,53.665631459995,-0.516871355131229,-0.453085234802881,0.686980529591392
"null",16000,1151,25,0,640,656.407862547872,-1.43906666061633,657.846929208489,637.903206918133,637.987061914281,2.09637490367553,35.0687830624694,35.0542209577409,35.0542436803306,0.527667458456591,0.566547101935307,0.298379509703641
"null",16000,1151,25,1,640,628.338395255615,-1.44587197845362,629.784267234069,637.846617673629,637.93045664412,2.09597426228887,35.0655682154211,35.0511798153684,35.0542436803306,-0.271155520982887,-0.232408422568409,0.599928624412715
"null",16000,1151,50,0,320,336.058976763543,-0.71486784712539,336.773844610669,317.923315887089,317.964833380258,2.07587465847524,25.0489927263046,25.0438982567924,25.0439613479976,0.72400759082857,0.751041672408515,0.232915834676282
"null",16000,1151,50,1,320,324.792162831029,-0.737209838199849,325.529372669229,317.892143651868,317.93370500831,2.0780678220817,25.0466918417306,25.0416588161008,25.0439613479976,0.275486248753428,0.303321266242792,0.38444576442104
"null",16000,1152,2,0,8000,8103.45633718546,16.8553913704539,8086.60094581501,7997.4624719934,7998.73121112998,2.53747827315939,90.5006032970103,89.4427186101817,89.4427190999916,1.17119512280165,0.982413504982948,0.201735455781023
"null",16000,1152,2,1,8000,8042.7636794247,16.5666146712369,8026.19706475347,7997.33834147484,7998.60373685902,2.53079076836445,90.5027495032354,89.4421332958193,89.4427190999916,0.501922186886088,0.308504805036189,0.359968592007613
"null",16000,1152,5,0,3200,3257.18177156713,6.74014110077301,3250.44163046636,3197.74651552899,3198.19719009186,2.25337281436612,71.7666841040942,71.5541728591899,71.5541752799933,0.82817336177792,0.730138275475648,0.228495543873449
"null",16000,1152,5,1,3200,3107.37406144734,6.5916375670466,3100.78242388029,3197.66459646325,3198.11496829111,2.25185913928772,71.7660868287368,71.5525875723464,71.5541752799933,-1.25812258973214,-1.36029384419402,0.871960418837343
"null",16000,1152,10,0,1600,1570.49795608313,3.37202005519948,1567.12593602794,1597.84016899331,1598.05613234063,2.15963347324835,53.7365189176579,53.6656249333469,53.665631459995,-0.508819950768883,-0.576350249365655,0.683491778302437
"null",16000,1152,10,1,1600,1550.85316492599,3.3673521153694,1547.48581281062,1597.79349115541,1598.00943353309,2.1594237768512,53.7354374097782,53.6641570273101,53.665631459995,-0.873545066200055,-0.941477953278128,0.796869460771021
"null",16000,1152,25,0,640,580.682113498456,1.33098400206906,579.351129496387,637.894663559927,637.978859138595,2.10488946671926,35.0715904630627,35.0542193286764,35.0542436803306,-1.6313075428309,-1.67248710041154,0.949134998407136
"null",16000,1152,25,1,640,623.218701659625,1.30520053586415,621.913501123761,637.877114081793,637.961210097526,2.10240039331659,35.0706232551532,35.053149216108,35.0542436803306,-0.417968403798309,-0.457810762588788,0.654808617238252
"null",16000,1152,50,0,320,277.392370546606,0.676031894999762,276.716338651606,317.916302648161,317.957959103729,2.082822778441,25.0499701363187,25.0438930718571,25.0439613479976,-1.61772376897172,-1.64677354011179,0.951302104945943
"null",16000,1152,50,1,320,264.115679102865,0.673763553863073,263.441915549002,317.907560434728,317.949186351875,2.08129585733583,25.049213565974,25.0430992354489,25.0439613479976,-2.14744791049778,-2.17653854622423,0.987585284306008
"null",16000,1153,2,0,8000,7965.21545929248,7.14120337343723,7958.07425591904,7997.4720999394,7998.7360248757,2.52784987259346,90.6832214404028,89.442718597825,89.4427190999916,-0.355706823539773,-0.454612399914715,0.600367726854223
"null",16000,1153,2,1,8000,8056.10908435774,7.12576614882998,8048.98331820891,7997.46023670162,7998.72649022093,2.53250703861947,90.6840826681166,89.4426827717508,89.4427190999916,0.646738059541934,0.561888646791024,0.321463579766533
"null",16000,1153,5,0,3200,3159.46147116691,2.90590677964605,3156.55556438727,3197.75183493274,3198.20144465492,2.24804861087807,71.8035578600633,71.5541727301591,71.5541752799933,-0.533265549883359,-0.582018891123265,0.682780112184533
"null",16000,1153,5,1,3200,3234.94352329304,2.88721743325036,3232.05630585979,3197.74366857237,3198.19398787114,2.25159649382185,71.8037589690264,71.5540840459518,71.5541752799933,0.518076703153031,0.473240884013089,0.31971367935635
"null",16000,1153,10,0,1600,1612.9750031827,1.43665761413019,1611.53834556857,1597.84823637842,1598.06339257053,2.15156192112704,53.7488322776638,53.6656247542293,53.665631459995,0.281434333794256,0.251090955518573,0.391331836656251
"null",16000,1153,10,1,1600,1598.6411662207,1.3993125801097,1597.24185364059,1597.84383261975,1598.05916806411,2.15335444354277,53.748859070849,53.6655427267026,53.665631459995,0.0148344283903371,-0.0152297802647307,0.490772352415379
"null",16000,1153,25,0,640,619.406661192718,0.601872816336025,618.804788376382,637.897089535866,637.981187100895,2.10243912573171,35.0746074488353,35.0542179595269,35.0542436803306,-0.527174206300676,-0.547049680202642,0.693904191300737
"null",16000,1153,25,1,640,634.129930150891,0.590804420849224,633.539125730042,637.900227507817,637.984155325831,2.09819545035262,35.0745766195767,35.0541588459342,35.0542436803306,-0.10749373820869,-0.126804628669738,0.535811517778265
"null",16000,1153,50,0,320,304.029960846088,0.287031270999469,303.742929575088,317.919776583485,317.961362781446,2.07930989804076,25.0510232761524,25.0438899702504,25.0439613479976,-0.554461012801007,-0.567740603526345,0.703929922599224
"null",16000,1153,50,1,320,313.518534385368,0.278249153961738,313.240285231407,317.919538946168,317.96111844624,2.07897500360443,25.0509893865858,25.0438456808535,25.0439613479976,-0.175681866008714,-0.188502727376366,0.560435383528024
"null",16000,1154,2,0,8000,7916.21635134675,-1.58071169667148,7917.79706304342,7997.47674978096,7998.73835102922,2.52320249650966,90.3889390346989,89.4427186681853,89.4427190999916,-0.899008211646523,-0.904951114981989,0.740075762791369
"null",16000,1154,2,1,8000,7909.89900189897,-1.52026712187983,7911.41926902085,7997.42456378492,7998.68559665176,2.52206573367935,90.3864346612255,89.4424901265175,89.4427190999916,-0.968348427659618,-0.975669701363161,0.756122802817639
"null",16000,1154,5,0,3200,3032.74783954984,-0.613004306018393,3033.36084385585,3197.7542928968,3198.20341306774,2.24560085469181,71.7441648496193,71.5541730095344,71.5541752799933,-2.29992855436855,-2.30374501274606,0.981898017495414
"null",16000,1154,5,1,3200,3090.06684057057,-0.571399404312495,3090.63823997488,3197.73000240451,3198.1771599129,2.23578754195516,71.7428266683559,71.5535273773014,71.5541752799933,-1.50068190554622,-1.50291570352593,0.912564203181856
"null",16000,1154,10,0,1600,1501.99382913151,-0.329406066332023,1502.32323519785,1597.84790433529,1598.06309488953,2.15190554244063,53.7290014988504,53.6656252024863,53.665631459995,-1.78402859777373,-1.78400716157599,0.95743147965862
"null",16000,1154,10,1,1600,1557.04956364205,-0.293932484681609,1557.34349612673,1597.83029061271,1598.04534802208,2.15057409369457,53.728154714569,53.6650328120403,53.665631459995,-0.759019683205461,-0.758442690940124,0.763875502674122
"null",16000,1154,25,0,640,600.78796262722,-0.110197361274806,600.898159988495,637.902166054511,637.986062137455,2.09740207361069,35.0697484409552,35.0542202081214,35.0542436803306,-1.05829682496233,-1.05801532394001,0.851746202888872
"null",16000,1154,25,1,640,613.529822772559,-0.124439790355404,613.654262562914,637.897008936769,637.980787745584,2.09447022039094,35.069250848704,35.0537884045065,35.0542436803306,-0.694830530293764,-0.693977064674209,0.750247236636992
"null",16000,1154,50,0,320,294.808185252696,-0.057792938473271,294.86597819117,317.923450280483,317.964964670252,2.07571948844096,25.049328968628,25.0438966105742,25.0439613479976,-0.922789790366703,-0.922339955249991,0.820263562173574
"null",16000,1154,50,1,320,288.36104227098,-0.0685795999268771,288.429621870907,317.919184520217,317.960701001648,2.07582407154056,25.0489838261621,25.0435749750325,25.0439613479976,-1.18001362667515,-1.17918784199867,0.882434991815081
"null",16000,1155,2,0,8000,7811.29898670018,11.9291314985332,7799.36985520165,7997.45965296544,7998.72980165264,2.54029737439131,90.770209258858,89.4427186121648,89.4427190999916,-2.05090048580108,-2.22891197343226,0.930902939829523
"null",16000,1155,2,1,8000,7916.71755068651,11.4126755423845,7905.30487514413,7997.31776753318,7998.58485813777,2.53418120918323,90.7731619429863,89.4420069539276,89.4427190999916,-0.887930034841033,-1.04291021825676,0.738780090184074
"null",16000,1155,5,0,3200,3131.26411414856,4.77121183256401,3126.492902316,3197.74432985487,3198.19544042754,2.25555286337719,71.8211417525879,71.554172724303,71.5541752799933,-0.925635740174046,-1.00207346939513,0.797291274393728
"null",16000,1155,5,1,3200,3099.426450783,5.03981813037527,3094.38663265262,3197.65801581216,3198.10722372152,2.24603954682924,71.8206247474067,71.552337105093,71.5541752799933,-1.36773476107509,-1.44957656542453,0.891973812888708
"null",16000,1155,10,0,1600,1505.3032280906,2.39520163779213,1502.90802645281,1597.84008623533,1598.0560568613,2.15970625973226,53.7547051878535,53.6656245828079,53.665631459995,-1.72146527120458,-1.77297909319362,0.951609148057831
"null",16000,1155,10,1,1600,1570.59096325862,2.42691747387342,1568.16404578475,1597.79153559841,1598.00698941172,2.15453813314825,53.75352736736,53.6639374989359,53.665631459995,-0.506023951765835,-0.556107975259257,0.682899134405162
"null",16000,1155,25,0,640,643.9831111461,0.922485821395777,643.060625324704,637.89461517722,637.978812076294,2.10492247686221,35.0760479935212,35.0542184662143,35.0542436803306,0.173579873365562,0.144970091211919,0.426369749176711
"null",16000,1155,25,1,640,608.261485592553,0.964510031673136,607.29697556088,637.876253887385,637.960269058838,2.1003792863115,35.0749586905033,35.0529939257504,35.0542436803306,-0.844327959332716,-0.874769600648348,0.795903918185928
"null",16000,1155,50,0,320,337.545528883917,0.46204204011528,337.083486843801,317.91333432907,317.955049792906,2.08577319178447,25.0515291968836,25.0438916459451,25.0439613479976,0.783672501608741,0.76379651059512,0.215932527944801
"null",16000,1155,50,1,320,317.343034813836,0.482209850819681,316.860824963017,317.904991094509,317.946639832287,2.08243688891657,25.0506745412148,25.042988226944,25.0439613479976,-0.0224327803927019,-0.0433580393613678,0.499850289284924
"null",16000,1156,2,0,8000,8039.32724802934,-12.3134854105121,8051.64073343985,7997.4678526601,7998.73390081534,2.53209631047929,90.7042556165756,89.4427185976107,89.4427190999916,0.461493180057447,0.591516374435448,0.370145052993758
"null",16000,1156,2,1,8000,8062.38161440867,-12.9975687311663,8075.37918313984,7997.42394621522,7998.69028189291,2.53267135539146,90.7016861135297,89.4425143268976,89.4427190999916,0.716168254161745,0.857409944521891,0.3039920631171
"null",16000,1156,5,0,3200,3147.96128889138,-4.93101602071813,3152.8923049121,3197.75187921763,3198.2014807033,2.2480074283154,71.8078097414738,71.5541728241114,71.5541752799933,-0.693386840588946,-0.633215003443234,0.732577096593399
"null",16000,1156,5,1,3200,3200.04685892793,-4.96859811050381,3205.01545703844,3197.72223025228,3198.17220398216,2.2498686493704,71.8065479030082,71.5536414740984,71.5541752799933,0.0323734916039939,0.0956380823575096,0.486468918449609
"null",16000,1156,10,0,1600,1521.12716147504,-2.47273288581229,1523.59989436085,1597.84677165808,1598.06207444123,2.1530278315606,53.7502526154022,53.6656248383237,53.665631459995,-1.4273348765817,-1.38752097464091,0.914715759390478
"null",16000,1156,10,1,1600,1644.61297643803,-2.50726922719165,1647.12024566522,1597.82753326044,1598.0431964995,2.15663239068739,53.7494925769337,53.6651342387889,53.665631459995,0.870435067096276,0.914505290294128,0.203720469344321
"null",16000,1156,25,0,640,643.346622198591,-1.01405306444626,644.360675263037,637.908203102059,637.991856702317,2.09134000646118,35.0749564995641,35.0542187800705,35.0542436803306,0.15505134258967,0.181684795221861,0.433326214537754
"null",16000,1156,25,1,640,651.544112473196,-0.994656259608324,652.538768732805,637.897435989868,637.981251783261,2.09539483483613,35.0745270608497,35.0538599479839,35.0542436803306,0.389076564301314,0.415289984359652,0.346368412394204
"null",16000,1156,50,0,320,323.277217579694,-0.496946087203325,323.774163666898,317.92589269712,317.967357335959,2.07323194195249,25.0511486442513,25.0438929909751,25.0439613479976,0.213615948656412,0.231865163017242,0.407293940613712
"null",16000,1156,50,1,320,314.078925004299,-0.496490464504598,314.575415468804,317.91750906415,317.959072093999,2.07815149240229,25.0508552323555,25.0436250579287,25.0439613479976,-0.153231657132942,-0.135110496877668,0.551581544525204
"null",16000,1157,2,0,8000,8037.00654479295,-9.44040343056909,8046.44694822352,7997.47910592235,7998.73952795123,2.52084405775314,90.7697421286436,89.4427185951247,89.4427190999916,0.435469330898635,0.533385176810745,0.377071415498201
"null",16000,1157,2,1,8000,8018.9516360479,-9.73587161612973,8028.68750766403,7997.47113060607,7998.73087620686,2.51949120157625,90.7706377266196,89.4426743608522,89.4427190999916,0.236645968121492,0.334925489104948,0.432196999258414
"null",16000,1157,5,0,3200,3154.27661485114,-3.82089166729659,3158.09750651844,3197.75555285041,3198.20441826543,2.24432707506841,71.8210469020197,71.5541726399336,71.5541752799933,-0.605378783444706,-0.560511152142142,0.705704583502406
"null",16000,1157,5,1,3200,3143.01992348899,-3.90391550451215,3146.9238389935,3197.74448526166,3198.19440034217,2.24957540256974,71.8212421836607,71.5540611782599,71.5541752799933,-0.761955100034712,-0.716529020217904,0.752727345307702
"null",16000,1157,10,0,1600,1610.78162377942,-1.92293160409743,1612.70455538352,1597.84932654646,1598.06437290135,2.15046354896458,53.7546735070458,53.6656244737401,53.665631459995,0.24057996057347,0.272803729123278,0.406221466407765
"null",16000,1157,10,1,1600,1607.79613212832,-1.99961031860862,1609.79574244692,1597.84119054393,1598.05672324584,2.15532701917884,53.7546875010418,53.6655216646068,53.665631459995,0.18519206504915,0.218744155222148,0.426726241010155
"null",16000,1157,25,0,640,675.35067908759,-0.759314141986711,676.109993229577,637.902705604625,637.986578561749,2.09682392809865,35.0760396315315,35.0542179869737,35.0542436803306,1.06762262434271,1.08755570248334,0.148136689141132
"null",16000,1157,25,1,640,630.576486044936,-0.769340279141203,631.345826324078,637.901812527884,637.985665185884,2.09631645000317,35.0759957017867,35.0541431097126,35.0542436803306,-0.20884158343578,-0.189416664416111,0.575324823320066
"null",16000,1157,50,0,320,309.329665384729,-0.370288239207869,309.699953623937,317.924876684448,317.96636100946,2.07421625059509,25.0515252071218,25.0438904646733,25.0439613479976,-0.343101317331189,-0.330076806444413,0.625696547027268
"null",16000,1157,50,1,320,316.098916186307,-0.368658997041452,316.467575183349,317.921440644874,317.962979429722,2.07693924236751,25.0514811000812,25.0438353083438,25.0439613479976,-0.0727511659404964,-0.0597114710251636,0.519572784320504
"null",16000,1158,2,0,8000,7913.18966106628,-8.05742534241407,7921.24708640869,7997.46892944484,7998.73444017283,2.53102145599033,90.3066218786833,89.4427186204789,89.4427190999916,-0.933256793635573,-0.866334956710494,0.747830292183141
"null",16000,1158,2,1,8000,7958.172724492,-8.81271208090466,7966.98543657291,7997.2509741028,7998.51926731951,2.53658643341148,90.3003281960504,89.4417937553168,89.4427190999916,-0.432758666457534,-0.352562593197403,0.621777506520859
"null",16000,1158,5,0,3200,3207.20315738999,-3.22790104816966,3210.43105843816,3197.76189499609,3198.20949458095,2.23799792432839,71.7275771030324,71.5541729969632,71.5541752799933,0.131626673801368,0.170801552800088,0.450935048128314
"null",16000,1158,5,1,3200,3119.07409402132,-3.29853152698702,3122.37262554831,3197.61219530648,3198.06227062302,2.2503765826942,71.7234276569798,71.5515734881043,71.5541752799933,-1.09501321744928,-1.05783341141052,0.838121447835451
"null",16000,1158,10,0,1600,1611.75379420811,-1.61853700215143,1613.37233121026,1597.85303423089,1598.06771151956,2.14677288669378,53.7234643735694,53.6656251232985,53.665631459995,0.25874652983206,0.285184783658753,0.399602143693167
"null",16000,1158,10,1,1600,1600.85884358303,-1.70297768292189,1602.56182126595,1597.76862026214,1597.98398515741,2.15364895277521,53.7204815669316,53.6632019822041,53.665631459995,0.0575241180040248,0.0853068012984332,0.475149912990062
"null",16000,1158,25,0,640,646.340178511135,-0.645839635122816,646.986018146258,637.9066269849,637.990344357603,2.09293431756599,35.0683905546743,35.0542198254179,35.0542436803306,0.240488696311466,0.256621708697461,0.40086270372607
"null",16000,1158,25,1,640,573.794623551956,-0.632774465757358,574.427398017713,637.871197001024,637.955002788723,2.09514469247311,35.0664733929037,35.0524467188324,35.0542436803306,-1.82728878182644,-1.8123586430524,0.967312225130168
"null",16000,1158,50,0,320,299.582883424602,-0.337468079502339,299.920351504105,317.925990602953,317.967453730656,2.07315638518715,25.0488520801555,25.0438947992315,25.0439613479976,-0.732293325045521,-0.720618832303416,0.763717511234171
"null",16000,1158,50,1,320,267.229048088996,-0.345292707255449,267.574340796251,317.903392287802,317.94496837066,2.07880414290401,25.0474906739443,25.0425847236754,25.0439613479976,-2.0231305745737,-2.0113989083079,0.982344354744584
"null",16000,1159,2,0,8000,8053.33565684225,-19.6320875709565,8072.96774441321,7997.46587423123,7998.73291263458,2.53407680670155,90.4685504580892,89.4427186379849,89.4427190999916,0.617560271808497,0.829970655063444,0.329322534050012
"null",16000,1159,2,1,8000,7979.96453708376,-19.9474257468591,7999.91196283062,7997.4004790585,7998.66863042538,2.53630273376112,90.4654566490528,89.4424371249782,89.4427190999916,-0.192735908495769,0.0139009227074359,0.554656857879048
"null",16000,1159,5,0,3200,3139.91484647581,-7.84599796390201,3147.76084443971,3197.74553085214,3198.19640297412,2.25436060987002,71.7602179692765,71.5541729501597,71.5541752799933,-0.805887802641518,-0.704858381488653,0.764971728186666
"null",16000,1159,5,1,3200,3239.25900309176,-7.88829152515316,3247.14729461692,3197.7073802242,3198.15772182677,2.25170801285178,71.7585711350334,71.5533968120431,71.5541752799933,0.579047522969401,0.684657542098717,0.300826863731929
"null",16000,1159,10,0,1600,1634.38706183986,-3.91341516382185,1638.30047700368,1597.84188627389,1598.05767795704,2.15791683148771,53.7343608383634,53.6656249787923,53.665631459995,0.680108128128743,0.749880376172829,0.257655579035497
"null",16000,1159,10,1,1600,1679.48771513367,-3.97732264648711,1683.46503778016,1597.82139351175,1598.03693080164,2.15537289890219,53.7333174399673,53.6649035093902,53.665631459995,1.51984514474024,1.59188037976383,0.0764503133306606
"null",16000,1159,25,0,640,617.488660087647,-1.58171574801529,619.070375835663,637.898123687419,637.982181049459,2.10143405098861,35.0710612523267,35.0542196293901,35.0542436803306,-0.581945993961554,-0.539501532589818,0.71286152904268
"null",16000,1159,25,1,640,615.493380939718,-1.59829559359053,617.091676533309,637.890033276117,637.974021861023,2.09971462264382,35.0704544678848,35.053695649647,35.0542436803306,-0.638618822487987,-0.59572450039015,0.73201205009201
"null",16000,1159,50,0,320,318.486241642178,-0.803138014488067,319.289379656666,317.918950189874,317.960554068673,2.08019393996599,25.0497866233855,25.0438945953863,25.0439613479976,0.022646558265462,0.0530598618729811,0.481772053277535
"null",16000,1159,50,1,320,301.76689566071,-0.805580960986855,302.572476621697,317.912498462213,317.954130914599,2.08162261933054,25.049368953062,25.0435062704598,25.0439613479976,-0.644551279186171,-0.614197314337156,0.735136311970962
"null",16000,1160,2,0,8000,8002.31252995457,11.8332268793188,7990.47930307525,7997.47238645639,7998.7361680988,2.52756328481739,90.5171154429238,89.4427186198866,89.4427190999916,0.0534721358993238,-0.0923145578639993,0.484300650683373
"null",16000,1160,2,1,8000,8080.98775769586,11.7536447813073,8069.23411291456,7997.46446811941,7998.73174720066,2.53455816248183,90.5173702424783,89.442714621091,89.4427190999916,0.922732171214265,0.788240451025792,0.254893735211403
"null",16000,1160,5,0,3200,3279.08814657267,4.70448519627119,3274.3836613764,3197.75091186808,3198.20070744888,2.24897790400099,71.7700167529398,71.5541729149864,71.5541752799933,1.13330382776125,1.06468918336933,0.155340940980117
"null",16000,1160,5,1,3200,3324.58358780336,4.70713095200968,3319.87645685135,3197.74992142353,3198.19979675147,2.24937663970966,71.7700910091557,71.5541616961582,71.5541752799933,1.76722175764894,1.70048334318486,0.0581279905829216
"null",16000,1160,10,0,1600,1671.18245820427,2.32954234146724,1668.8529158628,1597.84743235217,1598.06266968822,2.15237336047645,53.7376318114547,53.6656250480927,53.665631459995,1.36468659633903,1.31909851252342,0.0990465167318975
"null",16000,1160,10,1,1600,1701.07832099451,2.31984255870553,1698.7584784358,1597.84433516102,1598.05984882276,2.15513661738646,53.7376538996242,53.6656145993512,53.665631459995,1.92107355535685,1.87640876499456,0.0361469419736014
"null",16000,1160,25,0,640,712.122221898577,0.955819181337527,711.166402717239,637.9072042716,637.990898337686,2.09235165214634,35.0718631281512,35.0542195107141,35.0542436803306,2.1160842626409,2.08749489793054,0.0217853519820524
"null",16000,1160,25,1,640,710.97637669692,0.947708859007366,710.028667837913,637.903727830571,637.987555301574,2.09568677507345,35.071863896035,35.0542119669118,35.0542436803306,2.08351198792744,2.05513427614173,0.0233857740125715
"null",16000,1160,50,0,320,357.822486812752,0.481835274747435,357.340651538004,317.921765210029,317.963312684584,2.07737372772497,25.0500668347317,25.0438941467142,25.0439613479976,1.59283892797444,1.57233290568697,0.0613237784143838
"null",16000,1160,50,1,320,358.020194281794,0.477498714414442,357.542695567379,317.921462314471,317.963014371735,2.07760286321405,25.0500642653108,25.043888444988,25.0439613479976,1.60074367644842,1.58041277346311,0.0604505570410279
"null",16000,1161,2,0,8000,8094.81680445245,-8.61426580888972,8103.43107026134,7997.4587727629,7998.72936049851,2.54117547121956,90.4690456803591,89.4427185826974,89.4427190999916,1.07614743758356,1.17060070872089,0.221333193560377
"null",16000,1161,2,1,8000,8010.93951438759,-7.81780415665872,8018.75731854425,7997.3688399442,7998.63687679847,2.53607370853415,90.4712288593286,89.4422826170046,89.4427190999916,0.149999890733167,0.224954475188688,0.457186661224868
"null",16000,1161,5,0,3200,3276.5650641268,-3.45212334724273,3280.01718747404,3197.7469350463,3198.19752509676,2.25295025233952,71.7603179909584,71.5541727904954,71.5541752799933,1.09835256151506,1.14346458335617,0.162863226792426
"null",16000,1161,5,1,3200,3321.16755379869,-3.29675511807539,3324.46430891676,3197.69058625388,3198.14013396623,2.24773856174121,71.7600746526119,71.5530010647694,71.5541752799933,1.720691737607,1.76546298646775,0.0631264486027136
"null",16000,1161,10,0,1600,1583.32995138964,-1.68696974621493,1585.01692113586,1597.84288780503,1598.05857882235,2.15691017321669,53.7343932312012,53.665624768986,53.665631459995,-0.27008654127615,-0.24301697301829,0.598122723693153
"null",16000,1161,10,1,1600,1610.84862761933,-1.66975941193357,1612.51838703126,1597.80507388276,1598.02111181604,2.16037933285333,53.7336733156153,53.6645489439628,53.665631459995,0.242744501384684,0.27014622316779,0.40576428006292
"null",16000,1161,25,0,640,670.614390163891,-0.659782602427461,671.274172766319,637.901329408622,637.985258103737,2.09821737787871,35.0710689018107,35.0542189705077,35.0542436803306,0.932764862310207,0.949640746256208,0.179701294876773
"null",16000,1161,25,1,640,655.238857600801,-0.644004009139147,655.88286160994,637.880949332259,637.965105931144,2.10391497212893,35.0703792007048,35.0534346964363,35.0542436803306,0.494944983890947,0.511155492577677,0.309616089773944
"null",16000,1161,50,0,320,310.578029680681,-0.325421419177101,310.903451099859,317.919486651397,317.961079349225,2.07963489139174,25.0497875341038,25.0438927744928,25.0439613479976,-0.293074620322439,-0.281810352444655,0.606470172458865
"null",16000,1161,50,1,320,334.55322095742,-0.320300746569959,334.87352170399,317.908265570792,317.94993234719,2.0833388198935,25.049240501962,25.0433115856231,25.0439613479976,0.664489423754185,0.675772822573366,0.250903622466455
"null",16000,1162,2,0,8000,8109.00723579781,1.66753594108044,8107.33969985673,7997.47006661738,7998.73501039862,2.5298875624821,90.3132174989323,89.4427187216008,89.4427190999916,1.23500382634186,1.21423734665475,0.189717993911454
"null",16000,1162,2,1,8000,7991.90046557291,2.00234362579169,7989.89812194712,7997.3910099235,7998.66142860144,2.54083735587882,90.3103515832865,89.4424325621362,89.4427190999916,-0.0607964010141849,-0.0979770608120749,0.517136422594166
"null",16000,1162,5,0,3200,3281.31460954856,0.688312668546754,3280.62629688002,3197.7503223239,3198.20023717619,2.24957426147749,71.7289057983093,71.5541730951963,71.5541752799933,1.16500156101136,1.15193923901775,0.148899555305571
"null",16000,1162,5,1,3200,3192.1204333629,0.56513663497825,3191.55529672792,3197.69880862513,3198.15020928312,2.2570032899321,71.7272877226138,71.5533407323312,71.5541752799933,-0.0777720089432135,-0.0921677798367382,0.526002699812162
"null",16000,1162,10,0,1600,1676.13195127301,0.33276911047083,1675.79918216254,1597.84092203173,1598.05681148832,2.15889456582298,53.7239085861464,53.6656254587246,53.665631459995,1.45728468575096,1.44864370832715,0.0850477189046205
"null",16000,1162,10,1,1600,1567.048718204,0.320888244134666,1566.72782995986,1597.8178974191,1598.03358468918,2.15687270079541,53.7228375724018,53.6648435800556,53.665631459995,-0.572739278219259,-0.583356861603839,0.705143521871145
"null",16000,1162,25,0,640,642.414205106054,0.13650671157517,642.277698394479,637.89475357321,637.978946632241,2.10482647578058,35.0685006650466,35.0542208829998,35.0542436803306,0.128874957501373,0.122631502111722,0.443562149309887
"null",16000,1162,25,1,640,622.008640596659,0.137693182504851,621.870947414155,637.887452689634,637.971509479556,2.10141974806896,35.0678541784338,35.053649577704,35.0542436803306,-0.452802501464126,-0.459312004865894,0.667406989155997
"null",16000,1162,50,0,320,322.043370138622,0.0720957710347734,321.971274367588,317.91582679649,317.957493938265,2.08335708873492,25.0488932368979,25.0438977647757,25.0439613479976,0.164779469619522,0.160269797737634,0.426196234946548
"null",16000,1162,50,1,320,308.977971322837,0.0607578054463029,308.917213517391,317.909159518943,317.950850958775,2.0845719916014,25.0484454242119,25.0434764612808,25.0439613479976,-0.356556586440792,-0.360718187642621,0.631068641283212
"null",16000,1163,2,0,8000,7961.33209072583,-14.6284500038884,7975.96054072971,7997.46092958942,7998.73043891866,2.53901865847271,90.7326913604892,89.4427186008322,89.4427190999916,-0.398189873152244,-0.25457520237686,0.612213399738616
"null",16000,1163,2,1,8000,8010.25492653089,-14.0544366419814,8024.30936317287,7995.78740773522,7997.04662924837,2.51844302629861,90.730024611611,89.4351242922323,89.4427190999916,0.159456793466084,0.304832515639116,0.459331963631702
"null",16000,1163,5,0,3200,3185.96172347886,-5.86762221896728,3191.82934569782,3197.7528481133,3198.20225576246,2.24703824581959,71.8135563524007,71.554172785917,71.5541752799933,-0.164190791172949,-0.0890641288483234,0.556608534995876
"null",16000,1163,5,1,3200,3020.39927786742,-6.50884794267975,3026.9081258101,3196.69162788503,3197.14019096248,2.24281538725752,71.796272413159,71.533894351947,71.5541752799933,-2.45545268705747,-2.37973993579646,0.987927750473016
"null",16000,1163,10,0,1600,1583.31086645082,-2.94745217556814,1586.25831862639,1597.84093448658,1598.05682043004,2.15885943463352,53.7521713855766,53.6656246054749,53.665631459995,-0.270315926988922,-0.219852128627812,0.598254103516637
"null",16000,1163,10,1,1600,1547.76472409709,-3.39766364634737,1551.16238774343,1597.25137245639,1597.46654539344,2.15172937057085,53.7347701213869,53.6469299140884,53.665631459995,-0.920942775925322,-0.863127819693719,0.812261312758299
"null",16000,1163,25,0,640,601.09836798069,-1.20190195996808,602.300269940658,637.894557702565,637.978756482036,2.10496948677335,35.075425738615,35.0542178498503,35.0542436803306,-1.04905896213729,-1.017808661263,0.84964419052663
"null",16000,1163,25,1,640,636.746275573399,-1.32055027271475,638.066825846113,637.646471144635,637.730455325974,2.09960453346094,35.0622503641748,35.0406782038483,35.0542436803306,-0.025674209780793,0.00959942950256138,0.506563507218627
"null",16000,1163,50,0,320,299.403139143528,-0.597824877493536,300.000964021021,317.9101693988,317.95194792767,2.0889264435241,25.0513107997444,25.0438906958746,25.0439613479976,-0.738764945404019,-0.716780955668613,0.765997655804327
"null",16000,1163,50,1,320,340.738968523865,-0.617693191680768,341.356661715545,317.788458539688,317.830086293042,2.08138766770952,25.0414507048991,25.0338977847079,25.0439613479976,0.916500815173867,0.939788746635941,0.182122355807886
"null",16000,1164,2,0,8000,8016.80709782609,0.802997618230717,8016.00410020786,7997.47476721735,7998.73735898391,2.52518353312116,90.4568999924354,89.4427186081414,89.4427190999916,0.213718694874052,0.193048036694779,0.438861845144045
"null",16000,1164,2,1,8000,8038.16158194819,1.33581290438942,8036.82576904381,7997.21195432198,7998.47468326347,2.52545788296943,90.4494594750803,89.4415286471407,89.4427190999916,0.452734907028303,0.428783881049685,0.373618826016019
"null",16000,1164,5,0,3200,3247.84076317608,0.304725015763183,3247.53603816032,3197.75823409063,3198.20656494713,2.2416542824813,71.757868361996,71.5541728635101,71.5541752799933,0.697937804294807,0.689400369525392,0.264896777082557
"null",16000,1164,5,1,3200,3185.74788799757,0.576077276706648,3185.17181072086,3197.58907463982,3198.03779018507,2.24357772623844,71.7529045157499,71.550990379656,71.5541752799933,-0.165027279692239,-0.179815532893923,0.55766692253911
"null",16000,1164,10,0,1600,1653.6105517545,0.137497807735473,1653.47305394677,1597.84428929174,1598.05984091931,2.15551627571699,53.7335762949021,53.6656250366455,53.665631459995,1.03782897599642,1.032564383432,0.162495217293844
"null",16000,1164,10,1,1600,1573.24897274996,0.25021611881226,1572.99875663115,1597.75005644333,1597.96571193959,2.15655496266979,53.7300233833082,53.6627067084644,53.665631459995,-0.4560035926018,-0.4652571001326,0.665778948997069
"null",16000,1164,25,0,640,681.759785317111,0.0724053526821427,681.687379964429,637.901480401602,637.985403239084,2.09807093705985,35.0708683039613,35.0542192492459,35.0542436803306,1.2505622767987,1.24669662201319,0.111866685595715
"null",16000,1164,25,1,640,606.373008684965,0.100825273028064,606.272183411937,637.857318600032,637.941418958833,2.10250897002552,35.0685854430201,35.0520976791894,35.0542436803306,-0.897792412135422,-0.90349045117769,0.811033540845588
"null",16000,1164,50,0,320,312.466441217769,0.0413173923991074,312.42512382537,317.919183223847,317.960782285082,2.07995306178031,25.0497184322225,25.0438939466726,25.0439613479976,-0.217676778317127,-0.221038248744363,0.57700136510007
"null",16000,1164,50,1,320,296.894957607864,0.0504116545423876,296.844545953322,317.896333685709,317.937985577168,2.08259457294252,25.0480991858811,25.0423316999944,25.0439613479976,-0.838441908186085,-0.842311326139429,0.796602382774959
"null",16000,1165,2,0,8000,8008.36804925891,-8.66918415554649,8017.03723341445,7997.46905500183,7998.73450352065,2.53089703762479,90.4477333199211,89.4427186589913,89.4427190999916,0.120500468690836,0.204630742090807,0.465251475859497
"null",16000,1165,2,1,8000,8098.76142629419,-8.78397504641822,8107.54540134061,7997.42745578013,7998.69461682395,2.53432208763741,90.4454831532878,89.4425506343909,89.4427190999916,1.12038729830557,1.21699106012301,0.212251629875468
"null",16000,1165,5,0,3200,3156.06259976331,-3.47385638975157,3159.53645615306,3197.7494551789,3198.19954231046,2.2504356578122,71.7560199256858,71.5541729277714,71.5541752799933,-0.580952726457816,-0.540333073186751,0.697891580790856
"null",16000,1165,5,1,3200,3141.7089879189,-3.46511675032691,3145.17410466923,3197.72440552354,3198.17459537218,2.25094924319241,71.7549127346616,71.5537075322011,71.5541752799933,-0.780649233199826,-0.74070921732593,0.757937029364631
"null",16000,1165,10,0,1600,1552.61430345948,-1.73839191242616,1554.3526953719,1597.84030349965,1598.05625384683,2.15950347185196,53.7329588856074,53.6656250900898,53.665631459995,-0.841680804075065,-0.814367826733839,0.787774513590225
"null",16000,1165,10,1,1600,1610.20515008313,-1.76763103532148,1611.97278111845,1597.8287016186,1598.04443321287,2.15731594268527,53.7322909893454,53.6651937912928,53.665631459995,0.230335394911488,0.259541556110856,0.410160657056367
"null",16000,1165,25,0,640,611.901749929604,-0.678834291230265,612.580584220834,637.900306012675,637.984276232667,2.09925549979545,35.0707180712889,35.0542198284578,35.0542436803306,-0.741318042881912,-0.72469711595776,0.764880036067925
"null",16000,1165,25,1,640,589.58285108375,-0.707046647933283,590.289897731684,637.895279207188,637.979212703305,2.0983374029339,35.0703390977477,35.0539024629927,35.0542436803306,-1.37758656934516,-1.36045665734274,0.915049901793749
"null",16000,1165,50,0,320,300.519012429688,-0.343138379494334,300.862150809182,317.919235706546,317.960833768691,2.07990310728319,25.0496659732358,25.0438941466813,25.0439613479976,-0.694628954152475,-0.682748571742179,0.751661999858047
"null",16000,1165,50,1,320,303.211333956024,-0.366996271359015,303.578330227383,317.916435203359,317.958028559782,2.07966782116615,25.0494093496491,25.0436595135541,25.0439613479976,-0.58704383173573,-0.574185187456991,0.715393539097797
"null",16000,1166,2,0,8000,7957.70755767443,-24.6023198606381,7982.30987753507,7997.47561996732,7998.73778508006,2.52433022549162,90.5952889059199,89.4427186239108,89.4427190999916,-0.438963910520584,-0.183669590971048,0.623179759344847
"null",16000,1166,2,1,8000,8022.22032862595,-24.8186714084781,8047.03900003443,7997.44196077552,7998.70749871796,2.53107588487256,90.5967389840119,89.4425953456453,89.4427190999916,0.273501763179359,0.540363359646423,0.422078382988858
"null",16000,1166,5,0,3200,3176.43412117908,-9.84352591863337,3186.27764709771,3197.74689879788,3198.19749605175,2.25298626935547,71.7857954245599,71.554172809725,71.5541752799933,-0.296894079013126,-0.166584959143245,0.603310581151994
"null",16000,1166,5,1,3200,3111.51686780082,-9.92524007331939,3121.44210787414,3197.7369198991,3198.18604920183,2.24564651363593,71.7860035264659,71.5538424955759,71.5541752799933,-1.20107051323032,-1.07253417358318,0.86057952072517
"null",16000,1166,10,0,1600,1638.51717545571,-4.94418016564067,1643.46135562135,1597.84376398905,1598.05936749504,2.15603505990857,53.7429008598987,53.665624826168,53.665631459995,0.756814589757321,0.84601620261326,0.234994728565213
"null",16000,1166,10,1,1600,1650.99752703741,-4.98241974082971,1655.97994677824,1597.83448953441,1598.05005012411,2.15560589696911,53.7427993985885,53.6653207174577,53.665631459995,0.989212287002595,1.07946614088318,0.173852060545904
"null",16000,1166,25,0,640,641.712028250469,-1.98041589361359,643.692444144082,637.896399684186,637.980525630898,2.10314866781709,35.0731546277002,35.05421911407,35.0542436803306,0.108790572356145,0.162945250458919,0.45130242581709
"null",16000,1166,25,1,640,683.777635985996,-1.99423710505004,685.771873091046,637.893922625391,637.977983540439,2.1015228762083,35.0729887715834,35.053999910622,35.0542436803306,1.30823505403055,1.36343611777452,0.101925761971869
"null",16000,1166,50,0,320,315.15591878448,-0.982777584318699,316.138696368799,317.917825745582,317.959451862626,2.08130585215597,25.0505185824427,25.0438936131238,25.0439613479976,-0.11025348445432,-0.0727025726092507,0.534526864892595
"null",16000,1166,50,1,320,319.449939293568,-1.00619453730875,320.456133830877,317.917211960411,317.958808449398,2.07982444935117,25.0503757014208,25.0437316224363,25.0439613479976,0.061185802218159,0.0997185810457318,0.466593530669913
"null",16000,1167,2,0,8000,7996.37452559851,3.11322944845615,7993.26129615005,7997.45694350187,7998.72844786203,2.54300872033057,90.3391351208109,89.4427186764245,89.4427190999916,-0.0119817164722132,-0.0611246146459572,0.503024646928832
"null",16000,1167,2,1,8000,7931.23125067491,3.30980527331969,7927.92144540159,7997.44598205402,7998.71616994155,2.54037577506492,90.3399818611818,89.4426609225134,89.4427190999916,-0.732950461301436,-0.79150959743136,0.699902713128606
"null",16000,1167,5,0,3200,3240.58840938926,1.26321014858362,3239.32519924068,3197.74543723352,3198.19632827974,2.25445523111224,71.7341272261337,71.5541729903265,71.5541752799933,0.59724671941274,0.574793464058319,0.295115019158089
"null",16000,1167,5,1,3200,3183.72502203287,1.24321176184803,3182.48181027102,3197.73760554939,3198.18829705629,2.2534575345259,71.7342676084748,71.5540062116811,71.5541752799933,-0.19534016284936,-0.219505344519875,0.567660124142478
"null",16000,1167,10,0,1600,1649.20191405788,0.627788059775048,1648.5741259981,1597.83663816637,1598.05295533738,2.16317171005461,53.7256509032835,53.6656252123863,53.665631459995,0.956066143972337,0.941406542098107,0.181949130845523
"null",16000,1167,10,1,1600,1622.33742449961,0.620645514368799,1621.71677898524,1597.83771484754,1598.05342612413,2.15711276583163,53.7256122795496,53.6654696353508,53.665631459995,0.45601545729406,0.440941876068525,0.329928803970274
"null",16000,1167,25,0,640,668.44758256036,0.26432296390609,668.183259596454,637.894106744326,637.978325324238,2.10546449780168,35.0689272867009,35.0542203844529,35.0542436803306,0.871240673153436,0.86166327309371,0.195510816959934
"null",16000,1167,25,1,640,681.32424511652,0.231061692636675,681.093183423883,637.896559519395,637.980595153142,2.10089084367448,35.0688447819441,35.0541072284973,35.0542436803306,1.23835518013653,1.22988692850497,0.114103110589946
"null",16000,1167,50,0,320,369.502238192466,0.106734953440438,369.395503239026,317.913914645776,317.955619664053,2.08525091385202,25.0490412291124,25.0438962902754,25.0439613479976,2.05949293926399,2.05398884337923,0.0245675538943832
"null",16000,1167,50,1,320,371.787986978767,0.0942663338165703,371.693720644951,317.914873282147,317.956537142148,2.08319300004363,25.0489673658232,25.0438113579077,25.0439613479976,2.150711959892,2.14572705147914,0.0202167534094481
"null",16000,1168,2,0,8000,7935.49636152537,-7.11618079551508,7942.61254232089,7997.48679765407,7998.74337331472,2.51315132129175,90.4924958674482,89.4427185984526,89.4427190999916,-0.685033996846592,-0.627561772197789,0.688009151759359
"null",16000,1168,2,1,8000,7992.24464057508,-7.35899479029222,7999.60363536538,7997.28591611174,7998.54931217438,2.52679212528879,90.4866559694495,89.4418563705057,89.4427190999916,-0.0557129168123258,0.0117878053271675,0.516051198823211
"null",16000,1168,5,0,3200,3231.70825684002,-2.82395975376214,3234.53221659379,3197.75991635278,3198.20791106037,2.23997353795447,71.7650490238891,71.5541729069521,71.5541752799933,0.473048384262114,0.507647619386906,0.334201118002069
"null",16000,1168,5,1,3200,3230.90573979839,-3.05487925668689,3233.96061905508,3197.63747091301,3198.0859913246,2.24260205795407,71.7613278478918,71.5518899055514,71.5541752799933,0.463596060484037,0.50137917779442,0.337835935274057
"null",16000,1168,10,0,1600,1538.3210172247,-1.40687211543912,1539.72788934014,1597.85123687973,1598.0660935802,2.14856700476705,53.7359733768019,53.665624992904,53.665631459995,-1.10782806961722,-1.08706838404987,0.854801402651975
"null",16000,1168,10,1,1600,1607.95606675329,-1.54904135847463,1609.50510811177,1597.78183488384,1597.99691066714,2.15075783301839,53.7333476345841,53.6635187285694,53.665631459995,0.189346696555083,0.214451040805498,0.425621582364214
"null",16000,1168,25,0,640,576.006029313394,-0.549781016611283,576.555810330005,637.907160863963,637.99085670487,2.0923960226589,35.0714568117998,35.0542195792639,35.0542436803306,-1.76500029305149,-1.75257207583666,0.962158975838057
"null",16000,1168,25,1,640,605.885674559364,-0.533018998108662,606.418693557473,637.875902167831,637.959703165495,2.09502494161104,35.0697946138302,35.0526900601642,35.0542436803306,-0.912187481013954,-0.899817091181464,0.814827691850706
"null",16000,1168,50,0,320,279.869652850224,-0.248859801173867,280.118512651398,317.926102424906,317.967563489213,2.0730532153328,25.0499261522511,25.043895490609,25.0439613479976,-1.51922402259306,-1.51130844848029,0.939465200513183
"null",16000,1168,50,1,320,284.490994589196,-0.256221184154038,284.74721577335,317.90922005533,317.950725345633,2.07526451516052,25.0487447197904,25.0427611848782,25.0439613479976,-1.33412775130926,-1.32587254764592,0.911781584416833
"null",16000,1169,2,0,8000,8069.63037305149,-3.92081984553695,8073.55119289703,7997.46834871522,7998.73414878451,2.53160013858114,90.7323143498704,89.4427185839702,89.4427190999916,0.795328818109973,0.836479987381787,0.28435788999853
"null",16000,1169,2,1,8000,7974.00758834919,-6.1990501318077,7980.206638481,7996.81958927389,7998.08222746599,2.52527638421014,90.7163247064984,89.439466344199,89.4427190999916,-0.251465224131393,-0.199862428921481,0.573235639445233
"null",16000,1169,5,0,3200,3227.24393581023,-1.55222336542027,3228.79615917565,3197.75760629603,3198.20606165931,2.2422768164034,71.8134807903964,71.5541727441014,71.5541752799933,0.410596021661544,0.427509624431592,0.354617194225076
"null",16000,1169,5,1,3200,3141.1210432019,-2.22991239552286,3143.35095559742,3197.33962021208,3197.78799654158,2.24188164749237,71.8018923619161,71.5461263134878,71.5541752799933,-0.782967901832106,-0.760866363409216,0.760254520511742
"null",16000,1169,10,0,1600,1614.74216294616,-0.770327442183339,1615.51249038834,1597.85479736378,1598.06929702929,2.14499665513972,53.7521457829887,53.6656246408213,53.665631459995,0.314171003527168,0.325034758764014,0.379458911851247
"null",16000,1169,10,1,1600,1577.21357632282,-0.908804384557092,1578.12238070738,1597.61391116449,1597.82911544118,2.15204276684655,53.7435328645237,53.6582694696552,53.665631459995,-0.379586784759738,-0.367263702847259,0.639636069922513
"null",16000,1169,25,0,640,652.434101474203,-0.317345302252078,652.751446776455,637.907743700517,637.991415122936,2.09178556047258,35.0754196452531,35.0542180032811,35.0542436803306,0.414146371464781,0.42106292749528,0.337352626035123
"null",16000,1169,25,1,640,663.373557309029,-0.389093712124698,663.762651021153,637.805878069348,637.889608972248,2.09327257249859,35.0697304254151,35.0488483763912,35.0542436803306,0.729052631130346,0.738199491494095,0.235847900165496
"null",16000,1169,50,0,320,310.962635700154,-0.151349555747352,311.113985255901,317.926882325526,317.968326748176,2.07222113253149,25.0513092531558,25.0438913236251,25.0439613479976,-0.277999307540977,-0.273693149507059,0.600502122374749
"null",16000,1169,50,1,320,280.820455416003,-0.188079191598809,281.008534607602,317.873786521447,317.915268558317,2.07410184349272,25.0472329926743,25.0399287778392,25.0439613479976,-1.47933830121201,-1.47391529257777,0.934386669264485
"null",16000,1170,2,0,8000,7920.30019667584,-4.28777628854536,7924.58797296439,7997.46182098851,7998.73088638161,2.53813078619417,90.4790418250255,89.4427186577753,89.4427190999916,-0.852812129265154,-0.828942976352361,0.729424386171599
"null",16000,1170,2,1,8000,7870.71107913309,-3.80474458734635,7874.51582372044,7997.42499278127,7998.68854694457,2.52710832659779,90.4805620030669,89.4425042814905,89.4427190999916,-1.40045453789162,-1.38829658473492,0.842923067626782
"null",16000,1170,5,0,3200,3295.26281838506,-1.69422214117091,3296.95704052623,3197.74363586664,3198.19488677068,2.25625452016471,71.762335013687,71.5541729266587,71.5541752799933,1.35891874894835,1.3802431041552,0.112686278103719
"null",16000,1170,5,1,3200,3183.84696819592,-1.5482986129131,3185.39526680883,3197.72392475576,3198.17301627995,2.24545762092692,71.7623427631111,71.5535944495064,71.5541752799933,-0.193373795022962,-0.178575927169256,0.567058734120778
"null",16000,1170,10,0,1600,1699.99559554293,-0.832295803391715,1700.82789134632,1597.8409669586,1598.05685111675,2.15884158148646,53.7350671856714,53.6656251532885,53.665631459995,1.90107938697372,1.91502549231504,0.0376291111178364
"null",16000,1170,10,1,1600,1644.4461868321,-0.78230453238456,1645.22849136449,1597.82842827998,1598.04385683773,2.15428557751642,53.7347578302336,53.6650904270874,53.665631459995,0.867553152456875,0.879242616592004,0.204540749470485
"null",16000,1170,25,0,640,683.682836085909,-0.378831845478396,684.061667931387,637.90018488003,637.984159924354,2.09937610811138,35.0712348897643,35.0542198062172,35.0542436803306,1.30541885250926,1.31446394362086,0.102377483409828
"null",16000,1170,25,1,640,663.148547765165,-0.383956671996272,663.532504437161,637.894324766959,637.978241645523,2.09792196410939,35.0709040903822,35.0538293244919,35.0542436803306,0.720090446859395,0.729000605185909,0.237741978339409
"null",16000,1170,50,0,320,336.356652041112,-0.178896784263299,336.535548825376,317.917796603974,317.959423924819,2.0813660422449,25.0498488658428,25.0438960367873,25.0439613479976,0.736086494409201,0.741742613580181,0.229452717488173
"null",16000,1170,50,1,320,302.336711530198,-0.193631341452015,302.53034287165,317.915359044369,317.956959912866,2.08004342482431,25.0495796783044,25.0436054079576,25.0439613479976,-0.621912531636753,-0.615990261382793,0.727424263671174
"null",16000,1171,2,0,8000,8165.24944165122,19.3530531305246,8145.89638852069,7997.46482604047,7998.73238866008,2.5351252392204,90.4470359077794,89.4427186587161,89.4427190999916,1.85505930544613,1.64534354576297,0.0936608978120277
"null",16000,1171,2,1,8000,8155.87275598801,19.3520066683121,8136.52074931969,7997.46664342726,7998.73210657407,2.53092629361356,90.4474673455096,89.4427080794089,89.4427190999916,1.75136039968518,1.54052404834717,0.106493752366273
"null",16000,1171,5,0,3200,3322.59107552468,7.76063951414127,3314.83043601054,3197.74495384614,3198.19594109188,2.25493622873798,71.7558779609082,71.5541729235314,71.5541752799933,1.73987309787439,1.63001667342726,0.0610038474412111
"null",16000,1171,5,1,3200,3384.396451603,7.77416860538671,3376.62228299762,3197.74485986912,3198.19556253621,2.2535133354843,71.7559916874741,71.5541441769483,71.5541752799933,2.60119869218488,2.49359030862232,0.0108614440749248
"null",16000,1171,10,0,1600,1678.71338730079,3.88043434966986,1674.83295295112,1597.84420134023,1598.05976180898,2.15560468755847,53.7329113885208,53.6656250714607,53.665631459995,1.50502148256647,1.43058412232985,0.0783719550030107
"null",16000,1171,10,1,1600,1737.38346238233,3.86530004938969,1733.51816233294,1597.84317268946,1598.05875005769,2.15577368231288,53.7329394533088,53.6655981684375,53.665631459995,2.59692269048712,2.52413868285018,0.00799855201271519
"null",16000,1171,25,0,640,672.798380511017,1.55057146631968,671.247809044697,637.90002580777,637.984006901694,2.0995273480987,35.0707059189667,35.0542193710403,35.0542436803306,0.99508560745488,0.948924344624929,0.164636218728042
"null",16000,1171,25,1,640,691.224046706913,1.5551289430567,689.668917763857,637.897675344964,637.981735855614,2.10151276623986,35.0707007224472,35.0541998834468,35.0542436803306,1.52053908999364,1.47449327270626,0.0709166142700233
"null",16000,1171,50,0,320,309.011558059025,0.781403094487068,308.230154964538,317.918457229559,317.960071242506,2.0807006473574,25.0496632801655,25.0438956521703,25.0439613479976,-0.355569616681667,-0.388514487246887,0.630556516421903
"null",16000,1171,50,1,320,301.34916094046,0.769955854788745,300.579205085671,317.916856804046,317.958499081583,2.08211387686531,25.0496539872619,25.0438811814253,25.0439613479976,-0.661394200175828,-0.69395369950894,0.740724822094511
"null",16000,1172,2,0,8000,8173.2987512712,20.5093852376794,8152.78936603352,7997.4708249266,7998.73538679408,2.52912373496531,90.5664198019928,89.4427186308072,89.4427190999916,1.94142516320086,1.72237585795359,0.0835942249143269
"null",16000,1172,2,1,8000,7993.55616241498,20.6352758853091,7972.92088652967,7997.18958799551,7998.45781413515,2.53645227926545,90.5578584458326,89.4414247676891,89.4427190999916,-0.0401226977193329,-0.285515662030227,0.511915082787969
"null",16000,1172,5,0,3200,3303.10294170794,8.22129933120068,3294.88164237674,3197.74406211555,3198.19522648771,2.25582186079018,71.7799675602237,71.5541727874343,71.5541752799933,1.46780338823639,1.35123378724902,0.0953715956004162
"null",16000,1172,5,1,3200,3162.17751095942,8.79872732583619,3153.37878363358,3197.56803745628,3198.01920651536,2.2558452953722,71.7745108912938,71.5508125435922,71.5541752799933,-0.493079312661081,-0.62389819618859,0.670487870028321
"null",16000,1172,10,0,1600,1711.82590993242,4.09801188108693,1707.72789805133,1597.84106488043,1598.05693810356,2.15873223131858,53.7409544063905,53.6656247724934,53.665631459995,2.12100522424725,2.04359793466862,0.0238940915626346
"null",16000,1172,10,1,1600,1550.11862327299,4.23295233754152,1545.88567093545,1597.73940709563,1597.95552839266,2.16121297031563,53.737080790526,53.6625138597334,53.665631459995,-0.886181071284386,-0.970320876008916,0.800594983390924
"null",16000,1172,25,0,640,667.679765743337,1.68846563983641,665.9913001035,637.89784737069,637.981915301822,2.1016982782958,35.07267735273,35.0542189395404,35.0542436803306,0.849148699802021,0.799030349242335,0.201318280094369
"null",16000,1172,25,1,640,647.289143247054,1.65317913616932,645.635964110885,637.855570111991,637.93962785046,2.10144346172893,35.0702072306415,35.0519458004904,35.0542436803306,0.268991086166754,0.219569444282241,0.390722447503629
"null",16000,1172,50,0,320,351.387202422491,0.873978138018162,350.513224284472,317.916878695754,317.958523421308,2.08223627768906,25.0503499858728,25.0438922801933,25.0439613479976,1.33612200011625,1.29990580134029,0.0957053407571061
"null",16000,1172,50,1,320,361.830028570227,0.856419184181883,360.973609386045,317.892200457235,317.933905536971,2.08525398682882,25.0486049737155,25.0422171588748,25.0439613479976,1.75410279970073,1.71868583264883,0.0455009864222307
"null",16000,1173,2,0,8000,7919.57456257407,-7.81113597897541,7927.38569855304,7997.46858611994,7998.73426605062,2.53135986135983,90.9239219990995,89.4427185458969,89.4427190999916,-0.856694496159568,-0.797701240050787,0.731332509648511
"null",16000,1173,2,1,8000,7936.57575424692,-8.21307901129274,7944.78883325821,7997.32065472821,7998.58863682953,2.53596420263015,90.9268636065328,89.4419974557343,89.4427190999916,-0.668063299138483,-0.601504942887083,0.684967855272198
"null",16000,1173,5,0,3200,3196.76465582053,-3.11647609884822,3199.88113191938,3197.74655249824,3198.19721797632,2.25332739036037,71.8522444782847,71.5541726348349,71.5541752799933,-0.0136654976451604,0.023533413650831,0.502837368041404
"null",16000,1173,5,1,3200,3239.63776008277,-3.17045996599464,3242.80822004877,3197.652616976,3198.10365948314,2.2552125357239,71.8517610842243,71.552402671403,71.5541752799933,0.584330049441139,0.624780704722505,0.299194284558642
"null",16000,1173,10,0,1600,1651.10706155417,-1.58113865375653,1652.68820020792,1597.84126529079,1598.05711758222,2.15852291425748,53.7650951224438,53.6656243933192,53.665631459995,0.990713326965553,1.01799025434441,0.173365845744254
"null",16000,1173,10,1,1600,1578.66217828791,-1.65433513727802,1580.31651342519,1597.79323846781,1598.00866121654,2.15422748726357,53.7639534021082,53.6639788122879,53.665631459995,-0.355834327078185,-0.329683862116081,0.629921828958721
"null",16000,1173,25,0,640,677.979126397557,-0.645842955745305,678.624969353302,637.896718822272,637.980831131059,2.10280771968562,35.078595366895,35.0542178030427,35.0542436803306,1.14264574040248,1.15946498793976,0.132380004588831
"null",16000,1173,25,1,640,644.34578595409,-0.633056206392268,644.978842160482,637.8780120053,637.961981946382,2.09924852703589,35.077537766202,35.0530267770768,35.0542436803306,0.184385061229168,0.20017843990263,0.422418036314568
"null",16000,1173,50,0,320,347.75398980558,-0.312263700493434,348.066253506073,317.917580842333,317.959211019556,2.08150886114802,25.052419444026,25.0438901725433,25.0439613479976,1.19095918180316,1.20217115947605,0.120769134095003
"null",16000,1173,50,1,320,340.455404008105,-0.302166108588227,340.757570116693,317.908995614327,317.95056982328,2.07871044767641,25.0515868799745,25.0430094950961,25.0439613479976,0.899999209702804,0.910713239072922,0.184975284435181
"null",16000,1174,2,0,8000,7849.13854630996,0.302438958753531,7848.83610735121,7997.46954144564,7998.73474570015,2.53040850901707,90.6369179317235,89.4427186364906,89.4427190999916,-1.63654058986668,-1.67591773409924,0.880821506447444
"null",16000,1174,2,1,8000,8073.64033991799,0.304751974094544,8073.3355879439,7997.44122582287,7998.71218931588,2.54192698603314,90.6380562395936,89.4426425864293,89.4427190999916,0.840696692498532,0.834315673934856,0.273768114250156
"null",16000,1174,5,0,3200,3042.67816820692,0.155270704493265,3042.52289750243,3197.74705360388,3198.19762052719,2.25283461654781,71.7942037024383,71.5541728679966,71.5541752799933,-2.15990814578376,-2.1756204674736,0.975357837708614
"null",16000,1174,5,1,3200,3125.03237477781,0.152842255910873,3124.8795325219,3197.73807935342,3198.18823844069,2.25079543637428,71.7944108958253,71.5539632578915,71.5541752799933,-1.01269310059668,-1.02452334687004,0.818868502779682
"null",16000,1174,10,0,1600,1543.96266437409,0.0569754225898277,1543.9056889515,1597.84126659711,1598.05711999646,2.15853399346279,53.7457080563763,53.6656248766664,53.665631459995,-1.00247264705309,-1.00905246457866,0.830215507412867
"null",16000,1174,10,1,1600,1564.49610804598,0.0353402379974887,1564.46076780798,1597.83378172393,1598.04976817236,2.15986448427614,53.7456724039306,53.665432144624,53.665631459995,-0.620285730679934,-0.625896392185231,0.720733159674416
"null",16000,1174,25,0,640,594.047008042623,0.0565331154921368,593.990474927131,637.895801628388,637.979951275255,2.10374117169241,35.0738425114522,35.0542187697511,35.0542436803306,-1.25018505090929,-1.25489820888787,0.892719738547782
"null",16000,1174,25,1,640,649.027485492504,0.0179945044402065,649.009490988064,637.894010818293,637.97812718377,2.10290913692768,35.0737437708222,35.0540786946046,35.0542436803306,0.317430461571454,0.314695585081559,0.372368357235097
"null",16000,1174,50,0,320,292.485056814318,0.0577329482298755,292.427323866088,317.915962988206,317.957626305066,2.08316584296359,25.0507591931132,25.0438933497784,25.0439613479976,-1.01517506826218,-1.0194222632402,0.844592601350873
"null",16000,1174,50,1,320,306.518039550996,0.0197985812009265,306.498240969796,317.91361229982,317.955296149902,2.08419250412732,25.0506713259978,25.0437909930565,25.0439613479976,-0.454900892695705,-0.457480865547996,0.667989378877422
"null",16000,1175,2,0,8000,7971.14689946618,13.7922566720443,7957.35464279414,7997.46631408846,7998.73313085342,2.53363352990961,90.6164547035477,89.4427185285845,89.4427190999916,-0.290448514106888,-0.462625563489055,0.582106120433855
"null",16000,1175,2,1,8000,8026.98396732473,13.6998556742783,8013.28411165045,7997.45890803569,7998.72789142742,2.53796678346349,90.6158139687087,89.4427039320763,89.4427190999916,0.325826784486363,0.162743517169199,0.407430247931079
"null",16000,1175,5,0,3200,3256.80843413564,5.5571738538811,3251.25126028176,3197.74373930632,3198.19496841932,2.25614556496491,71.7900703587507,71.554172753424,71.5541752799933,0.822741843463328,0.741484246422345,0.229893093793333
"null",16000,1175,5,1,3200,3226.28587278923,5.46019870664443,3220.82567408258,3197.75392485167,3198.20271557248,2.24395360404898,71.7898276001862,71.5541343208906,71.5541752799933,0.397437198156506,0.316165637734476,0.359058516335622
"null",16000,1175,10,0,1600,1683.57261791701,2.80066329805095,1680.77195461896,1597.84179679771,1598.05759662181,2.15799824099769,53.7443278580162,53.6656246417526,53.665631459995,1.59516035526193,1.54129125579586,0.0669100021705273
"null",16000,1175,10,1,1600,1633.95293494105,2.73852886983062,1631.21440607122,1597.85075710712,1598.06554748218,2.14790375064378,53.744215907049,53.6655890310917,53.665631459995,0.671740711528273,0.617692998204679,0.260104009172155
"null",16000,1175,25,0,640,645.994730877826,1.11881380282678,644.875917075,637.902030384756,637.985930701798,2.09750792602808,35.073503811576,35.0542184901457,35.0542436803306,0.230735444526617,0.19655227444705,0.404573536856552
"null",16000,1175,25,1,640,640.25325835651,1.10292441926978,639.15033393724,637.905969291111,637.989692733798,2.09308606716984,35.0734579648654,35.0541926590883,35.0542436803306,0.0669249398719211,0.0331099111233278,0.467456944599792
"null",16000,1175,50,0,320,328.181435369266,0.558416035640803,327.623019333625,317.924303589031,317.965799750942,2.07480809553857,25.0506391213993,25.0438919435859,25.0439613479976,0.409455891744999,0.385611773299336,0.33510511404402
"null",16000,1175,50,1,320,314.508340345956,0.545702670108331,313.962637675848,317.92486386802,317.966343838569,2.07399852743392,25.0506127694648,25.0438726607669,25.0439613479976,-0.136384828327594,-0.159867693665188,0.544786525507596
"null",16000,1176,2,0,8000,8093.45023507771,3.00546053874577,8090.44477453896,7997.46279842779,7998.73137327997,2.53714970436872,90.6242337516446,89.4427185915614,89.4427190999916,1.05918067029371,1.02538700414282,0.224531184290619
"null",16000,1176,2,1,8000,7986.66935292867,3.10501803002949,7983.56433489864,7997.43783550355,7998.7024593113,2.52924761550894,90.621864149389,89.4425621684796,89.4427190999916,-0.118828747079436,-0.169249673149395,0.533614257099739
"null",16000,1176,5,0,3200,3283.70156844425,1.22013106012677,3282.48143738413,3197.75139276885,3198.20109158875,2.24849409949122,71.7916424762052,71.5541728324253,71.5541752799933,1.19721701176972,1.17785368007476,0.142197922665588
"null",16000,1176,5,1,3200,3193.71043523234,1.29856235447258,3192.41187287787,3197.72930680517,3198.17924146281,2.24967328818362,71.7905699225366,71.5537733023935,71.5541752799933,-0.0559804940560512,-0.080601879100982,0.518075202999894
"null",16000,1176,10,0,1600,1636.78493617289,0.633287243131077,1636.15164892976,1597.84464363988,1598.06015893557,2.15515295687287,53.744852901225,53.6656247301935,53.665631459995,0.724539940681857,0.709793097270314,0.244358072580317
"null",16000,1176,10,1,1600,1573.60993232877,0.653732410523784,1572.95619991825,1597.83550493066,1598.05075287177,2.15247941115945,53.744233453276,53.6652542291265,53.665631459995,-0.450756686723317,-0.467612672556817,0.663427664444171
"null",16000,1176,25,0,640,638.580817957918,0.239312433203422,638.341505524715,637.899474623223,637.983477243903,2.10006551700198,35.0736322831555,35.0542186128004,35.0542436803306,0.01942608422175,0.0102135575967762,0.486072593703562
"null",16000,1176,25,1,640,625.632106084128,0.279738974511741,625.352367109617,637.895380608006,637.979346246811,2.09914097012955,35.0732996120843,35.0539503897614,35.0542436803306,-0.349647015236987,-0.360215581890102,0.629225473664041
"null",16000,1176,50,0,320,317.359330689077,0.135419076456075,317.223911612621,317.918812091504,317.960418113943,2.08030112198254,25.0506841843628,25.0438921059951,25.0439613479976,-0.0223339769209125,-0.0294086277885697,0.499592197221988
"null",16000,1176,50,1,320,326.67200401463,0.154081079532028,326.517922935098,317.916877876061,317.958470642469,2.0796383204307,25.0504602931096,25.0436912754661,25.0439613479976,0.349499611429398,0.341780778180009,0.356746169272968
"null",16000,1177,2,0,8000,7834.71302350073,-16.8116776976656,7851.5247011984,7997.47669167465,7998.73832093425,2.52325851919478,90.5941389647898,89.4427186256135,89.4427190999916,-1.79662470479666,-1.64589831344525,0.90228300950109
"null",16000,1177,2,1,8000,7852.61767950769,-16.9079592489667,7869.52563875666,7997.46980571048,7998.73051859798,2.52142577499839,90.5931448144908,89.4426794471344,89.4427190999916,-1.598930321929,-1.44455511216761,0.875185787157471
"null",16000,1177,5,0,3200,3154.64247318064,-6.70246700977407,3161.34494019041,3197.75748436958,3198.20596522557,2.24240427997375,71.7855636038492,71.5541728671203,71.5541752799933,-0.600608381747526,-0.515148502989698,0.704111469680105
"null",16000,1177,5,1,3200,3112.18793612199,-6.69436415616415,3118.88230027815,3197.73994753528,3198.19084523502,2.25448849869681,71.7851585264068,71.5540688500335,71.5541752799933,-1.19177853987497,-1.10837225934822,0.858674143779528
"null",16000,1177,10,0,1600,1520.44056266299,-3.35590435499289,1523.79646701798,1597.84763773012,1598.06285385032,2.15216120204471,53.7428230335987,53.6656248198642,53.665631459995,-1.44032394834812,-1.38387258289872,0.916657239090244
"null",16000,1177,10,1,1600,1516.21724073469,-3.32783163993413,1519.54507237462,1597.84354232958,1598.05885702843,2.15314698848277,53.742612797081,53.665527357905,53.665631459995,-1.51883761035392,-1.46302083514779,0.927886810414008
"null",16000,1177,25,0,640,645.761187860621,-1.34741109602283,647.108598956644,637.901380771603,637.985307377635,2.09816515081069,35.0731353160246,35.0542189650133,35.0542436803306,0.224097646765771,0.260262297902418,0.40708792427115
"null",16000,1177,25,1,640,610.826949626067,-1.3354942702252,612.162443896292,637.900879273846,637.984773710591,2.09736091863067,35.0730364449549,35.0541492104493,35.0542436803306,-0.771930017814959,-0.73664117931584,0.774288245098108
"null",16000,1177,50,0,320,310.021176034587,-0.690888661313377,310.7120646959,317.922500990791,317.964033363508,2.07661863586555,25.0505108477061,25.0438926429563,25.0439613479976,-0.315415721628992,-0.289570346391328,0.615075233986957
"null",16000,1177,50,1,320,297.22494557052,-0.707271088174145,297.932216658694,317.922276492509,317.963799656028,2.07615817593394,25.0504472278908,25.0438396866069,25.0439613479976,-0.826226004418196,-0.799860694206815,0.792708274868213
"null",16000,1178,2,0,8000,8003.2652595847,0.556172859970137,8002.70908672473,7997.47401278511,7998.7369828853,2.52594020037281,90.4616301959876,89.4427186640928,89.4427190999916,0.0640188197697105,0.0444094712097373,0.481299465413066
"null",16000,1178,2,1,8000,7897.44531426917,0.895730088971812,7896.54958418019,7997.44519828435,7998.70904538257,2.52769419643701,90.4598611802591,89.442602377087,89.4427190999916,-1.10546139149951,-1.14217898951186,0.786150083248118
"null",16000,1178,5,0,3200,3266.31704980449,0.225441473826903,3266.09160833066,3197.75143122268,3198.2011231263,2.24845951809453,71.7588221585397,71.554172936088,71.5541752799933,0.955500892006332,0.948798405719852,0.195848661818775
"null",16000,1178,5,1,3200,3132.44451868291,0.271606160988993,3132.17291252192,3197.72981240099,3198.18039952498,2.25293561996334,71.7579775418149,71.5538475673283,71.5541752799933,-0.909798407849979,-0.922486899686979,0.793040998685416
"null",16000,1178,10,0,1600,1622.67438259986,0.121799922821985,1622.55258267703,1597.84532548945,1598.06077360156,2.15448112115389,53.7338942290101,53.6656250893042,53.665631459995,0.462074403254475,0.456377970716172,0.327795086115388
"null",16000,1178,10,1,1600,1621.71138745057,0.125500107726552,1621.58588734284,1597.83258354468,1598.04833673142,2.15753186740509,53.7333999665335,53.6653219703961,53.665631459995,0.444394062552528,0.438598889323813,0.333908525823077
"null",16000,1178,25,0,640,633.781613530632,0.0226319702459421,633.758981560386,637.900363902878,637.984331820415,2.09919793844255,35.0709473666334,35.0542198432162,35.0542436803306,-0.117440522184597,-0.120537563777711,0.53970026977511
"null",16000,1178,25,1,640,639.438635667564,0.0275884921198821,639.411047175444,637.895760930172,637.97974860341,2.09969183094408,35.0706787525001,35.0540004993725,35.0542436803306,0.0439932956040072,0.0408312475507582,0.476513958741015
"null",16000,1178,50,0,320,341.184883905972,0.00414850166380388,341.180735404308,317.918322840051,317.959939470917,2.08083154331908,25.0497475165335,25.0438953750251,25.0439613479976,0.928814194656614,0.927203838926238,0.177695123006377
"null",16000,1178,50,1,320,310.342075107215,0.0113767428950329,310.33069836432,317.91593397974,317.957556275525,2.08111478924508,25.0495671241229,25.0437326328994,25.0439613479976,-0.302354880425497,-0.304541580242928,0.61012174017517
"null",16000,1179,2,0,8000,7937.76432372883,19.3086634744002,7918.45566025443,7997.46355926186,7998.731753522,2.53638852027804,90.7466978489196,89.4427185720916,89.4427190999916,-0.657866753811995,-0.897514012869167,0.681604703510942
"null",16000,1179,2,1,8000,7757.53450538598,19.3800797934827,7738.1544255925,7997.45811549427,7998.7280865943,2.53994220005994,90.7471890824587,89.4427093652828,89.4427190999916,-2.64386822924373,-2.91330241280617,0.972278967938561
"null",16000,1179,5,0,3200,3297.91829887006,7.73212981678197,3290.18616905328,3197.74948522892,3198.19956469387,2.2503973247454,71.8163873535768,71.554172710901,71.5541752799933,1.39479048351432,1.28555192345061,0.106583492969933
"null",16000,1179,5,1,3200,3147.83516066522,7.73904037964404,3140.09612028558,3197.74507058957,3198.19578616266,2.25357786543099,71.816529210463,71.5541490248419,71.5541752799933,-0.694964104685157,-0.811967812752608,0.733101276637617
"null",16000,1179,10,0,1600,1709.8941676584,3.87551320172899,1706.01865445667,1597.84354168421,1598.05916690391,2.15625219702425,53.7531167996663,53.6656246156116,53.665631459995,2.08454193255046,2.01170653143482,0.025791726911525
"null",16000,1179,10,1,1600,1608.25199771196,3.8743616380201,1604.37763607394,1597.84260330717,1598.05825260453,2.15649297350343,53.7531572784877,53.6656027019562,53.665631459995,0.193651776599024,0.117754821547641,0.423579343160602
"null",16000,1179,25,0,640,707.346903218435,1.5198706211944,705.827032597241,637.899410135209,637.983415316524,2.10012953288724,35.0756587156441,35.0542185667498,35.0542436803306,1.97993410889962,1.93539094735572,0.0291355830737364
"null",16000,1179,25,1,640,698.54977458156,1.53383965499516,697.015934926565,637.896945729189,637.981037780204,2.10230127537985,35.0756592864369,35.0542029078397,35.0542436803306,1.72919996619491,1.68410325294139,0.0481810940178006
"null",16000,1179,50,0,320,383.352172684642,0.781171289204538,382.571001395438,317.916979611639,317.958621777157,2.08210827590163,25.051391240688,25.0438900932449,25.0439613479976,2.61203828738762,2.57996578717254,0.00697544665451922
"null",16000,1179,50,1,320,396.491683621942,0.786056580831556,395.705627041111,317.91759275019,317.959219717227,2.08134835183104,25.0513857656766,25.043878734196,25.0439613479976,3.13651674229567,3.10440759392935,0.00178535445042007
"null",16000,1180,2,0,8000,8008.64426601297,1.98346656736916,8006.6607994456,7997.47004078629,7998.73499717582,2.52991277906627,90.4712075106629,89.4427186729804,89.4427190999916,0.123511396986311,0.0886131636802863,0.46438435818855
"null",16000,1180,2,1,8000,7999.77405511585,1.98541922167873,7997.78863589418,7997.47109619272,7998.73552487755,2.52885736966642,90.4712080619916,89.4427186729667,89.4427190999916,0.0254551583036156,-0.0105865407203958,0.492302124607393
"null",16000,1180,5,0,3200,3173.34569195447,0.785434164851877,3172.56025778962,3197.75504750869,3198.20401587308,2.24484182194263,71.7607542760177,71.5541729110447,71.5541752799933,-0.340149094034508,-0.358382426072353,0.618189631525494
"null",16000,1180,5,1,3200,3172.78174022041,0.786476179471471,3171.99526404094,3197.75532015826,3198.20423399204,2.24456916888576,71.7607544967886,71.5541729109785,71.5541752799933,-0.348011668954396,-0.36628150232006,0.620889561847861
"null",16000,1180,10,0,1600,1526.2584217316,0.407461537663581,1525.85096019394,1597.84492672737,1598.06041439151,2.15487664142942,53.7345399010834,53.665624988062,53.665631459995,-1.33222514099026,-1.3455438973018,0.89914304863812
"null",16000,1180,10,1,1600,1527.86733376471,0.408390770386905,1527.45894299433,1597.84448372447,1598.06001568864,2.15531964170666,53.7345399712567,53.6656249879817,53.665631459995,-1.30227503570679,-1.31557347389739,0.89386519383612
"null",16000,1180,25,0,640,579.121324300245,0.148628013965209,578.972696286279,637.902125965386,637.986023617814,2.09744131070329,35.071105923745,35.0542201487672,35.0542436803306,-1.67604642388375,-1.68348709744752,0.953821842638029
"null",16000,1180,25,1,640,579.449938098978,0.148971914306767,579.300966184671,637.901930478902,637.985835950745,2.09763679607375,35.0711059471482,35.0542201487081,35.0542436803306,-1.66667091901836,-1.67411711106733,0.95286433169889
"null",16000,1180,50,0,320,286.126954557312,0.0682680562900223,286.058686501022,317.916921758179,317.958566422127,2.08223319743263,25.0498028744951,25.0438954253792,25.0439613479976,-1.26907055357447,-1.27375870962864,0.900089496963532
"null",16000,1180,50,1,320,285.665869356507,0.0686465928806771,285.597222763627,317.916837415548,317.958483766337,2.08231753946557,25.0498028795271,25.0438954253336,25.0439613479976,-1.28747392600837,-1.29218160566087,0.903489147607114
"null",16000,1181,2,0,8000,8011.69940515102,-10.7136810453675,8022.41308619639,7997.46303383236,7998.73149286784,2.53691807094726,90.2907486041803,89.4427186748884,89.4427190999916,0.157672536098531,0.264768263749104,0.454806986862316
"null",16000,1181,2,1,8000,7894.84832321715,-10.5392193034002,7905.38754252055,7997.33453146702,7998.59856393236,2.52806493067936,90.2864124806121,89.4421342918806,89.4427190999916,-1.13512327529768,-1.04213771450969,0.79213272287416
"null",16000,1181,5,0,3200,3166.37896141108,-4.26792016358292,3170.64688157466,3197.75164672024,3198.2012958718,2.24824575779336,71.7243799375038,71.5541729803997,71.5541752799933,-0.437406155849684,-0.385084658929528,0.651123084213203
"null",16000,1181,5,1,3200,3077.2107444005,-4.26493884495077,3081.47568324545,3197.66575778558,3198.11506293599,2.24652575204126,71.721626219258,71.5525155762482,71.5541752799933,-1.67947967349271,-1.63012269731102,0.935922850892152
"null",16000,1181,10,0,1600,1590.09269788664,-2.12366166892462,1592.21635955556,1597.849121876,1598.06419053515,2.15068659150028,53.7223968442889,53.6656251622416,53.665631459995,-0.144379708370758,-0.108967909381527,0.551045713816848
"null",16000,1181,10,1,1600,1565.9761684601,-2.1533693819197,1568.12953784202,1597.8003532878,1598.01535652286,2.15003235059741,53.7204539828952,53.6640807092464,53.665631459995,-0.592403497517632,-0.556905443750439,0.711740651376849
"null",16000,1181,25,0,640,671.982536880851,-0.861239688630289,672.843776569481,637.901093928128,637.985032955989,2.09847569650426,35.068129537281,35.0542202977901,35.0542436803306,0.971863723626622,0.994423590579486,0.170161569971851
"null",16000,1181,25,1,640,592.195271420038,-0.876111091347132,593.071382511385,637.884476412121,637.968237817679,2.09403513894259,35.06690412342,35.053096486363,35.0542436803306,-1.30291527393685,-1.28082422971562,0.902434285321294
"null",16000,1181,50,0,320,335.009831362696,-0.402093030237397,335.411924392934,317.923905261747,317.965410661951,2.07527001023178,25.0487627061621,25.0438970463238,25.0439613479976,0.682106589510175,0.696637336382264,0.245366745322141
"null",16000,1181,50,1,320,320.906853074324,-0.425109076287583,321.331962150612,317.913552331909,317.955050089811,2.07488789507554,25.047897237054,25.0430674452497,25.0439613479976,0.119503075012107,0.134844186647024,0.44380310540841
"null",16000,1182,2,0,8000,8027.7519793465,-4.67436111559177,8032.42634046209,7997.46608716479,7998.73301922412,2.53386411865148,90.4647683420403,89.4427186432611,89.4427190999916,0.334781072640337,0.376702785302827,0.40508066214948
"null",16000,1182,2,1,8000,8013.42588357177,-4.66448028884995,8018.09036386062,7997.46378918474,7998.72573658858,2.52389480768098,90.4636272962342,89.4426637039887,89.4427190999916,0.176447649338262,0.216503248786608,0.449407061663796
"null",16000,1182,5,0,3200,3033.61919261169,-1.87423823232418,3035.49343084401,3197.75207933775,3198.20164230735,2.24781484803167,71.7594558401044,71.5541730225038,71.5541752799933,-2.28726492982026,-2.27391645504962,0.98138997091992
"null",16000,1182,5,1,3200,3224.78040184661,-1.85688578517249,3226.63728763178,3197.74846063786,3198.19718837477,2.24363868451934,71.7589728329785,71.5540249588016,71.5541752799933,0.376704684328007,0.397463305151492,0.366077704860425
"null",16000,1182,10,0,1600,1493.94187509754,-0.921471674597378,1494.86334677214,1597.84540669766,1598.06084679271,2.15440095054849,53.7341062191856,53.6656251256458,53.665631459995,-1.93366074009472,-1.92297210325908,0.969281745635131
"null",16000,1182,10,1,1600,1641.0360048815,-0.920027531130687,1641.95603241263,1597.84475566168,1598.05982318585,2.15067524170078,53.7338441876332,53.6654881138051,53.665631459995,0.803799725718548,0.817959749731437,0.221751768677517
"null",16000,1182,25,0,640,573.497700119409,-0.38970448715913,573.887404606568,637.90000769064,637.983990029496,2.09955847141448,35.0709996555751,35.0542200953103,35.0542436803306,-1.83634080019708,-1.82849840186583,0.967958805909115
"null",16000,1182,25,1,640,624.301832390297,-0.381140747558212,624.682973137855,637.899807460536,637.983723158555,2.09789245045744,35.0708674116579,35.0541204155772,35.0542436803306,-0.38772850727152,-0.379434710185714,0.643397961353713
"null",16000,1182,50,0,320,305.375867415643,-0.176398720989504,305.552266136633,317.916246556501,317.957904957543,2.08292005213154,25.0497668811034,25.0438963700651,25.0439613479976,-0.500618596587325,-0.495355780011102,0.68468266469241
"null",16000,1182,50,1,320,291.825802509548,-0.168318830719275,291.994121340268,317.919327123413,317.960904401795,2.07886391913154,25.0496796205994,25.0438209407882,25.0439613479976,-1.04167099176816,-1.03685388595142,0.851102940103618
"null",16000,1183,2,0,8000,7963.97540440363,-30.7402499389106,7994.71565434254,7997.48771495121,7998.74383282915,2.51223575587806,90.3972315621036,89.4427186539847,89.4427190999916,-0.370722752992184,-0.045036404832316,0.604160544586735
"null",16000,1183,2,1,8000,8109.75487978531,-30.3070157349051,8140.06189552022,7996.92019254596,7998.18387014894,2.52735520596389,90.3851412224654,89.4402656790204,89.4427190999916,1.24837651093155,1.58628805822699,0.188134114948835
"null",16000,1183,5,0,3200,3236.99820689735,-12.3168408519638,3249.31504774931,3197.75557804189,3198.20444041756,2.2443118783726,71.7458361007837,71.5541729301976,71.5541752799933,0.546967336199602,0.714292475738727,0.31065681267656
"null",16000,1183,5,1,3200,3157.72843178352,-12.3842182228742,3170.1126500064,3197.39706727329,3197.84786375636,2.25398241531041,71.7365426936834,71.5475389016968,71.5541752799933,-0.552976683852155,-0.387647348542159,0.690524113301606
"null",16000,1183,10,0,1600,1621.8386817226,-6.16334941582627,1628.00203113843,1597.84769418756,1598.06290522545,2.15211037893486,53.7295593595137,53.6656250286198,53.665631459995,0.446513759298051,0.557882739593748,0.33309769941834
"null",16000,1183,10,1,1600,1610.52831398283,-6.27990447726852,1616.8082184601,1597.64440292265,1597.8602901544,2.15887231745219,53.722458968265,53.6594699510146,53.665631459995,0.239823554387009,0.353114339798739,0.407951136917829
"null",16000,1183,25,0,640,677.423901931859,-2.45134298407198,679.875244915931,637.904965755666,637.988749806179,2.09460126282122,35.0698850753755,35.0542201349674,35.0542436803306,1.12686243742331,1.19490591855927,0.135604933845174
"null",16000,1183,25,1,640,709.564796132228,-2.47084224054472,712.035638372773,637.818831349122,637.902680294174,2.09622362630515,35.0651340941844,35.0497066616051,35.0542436803306,2.04607701172332,2.11508069937165,0.025494870641625
"null",16000,1183,50,0,320,375.572792310334,-1.24652839826734,376.819320708601,317.924849504326,317.966335430283,2.07429629784604,25.0493748953284,25.0438947147039,25.0439613479976,2.3013725111663,2.3499933196798,0.0144760275407916
"null",16000,1183,50,1,320,370.134841347064,-1.23871215416537,371.37355350123,317.880109904791,317.921630447447,2.07602713279061,25.0459658762317,25.0405697503839,25.0439613479976,2.08635321554368,2.13461289366084,0.0232893837406842
"null",16000,1184,2,0,8000,8099.79542528872,-24.1107471529564,8123.90617244168,7997.45936047791,7998.72965541323,2.54058987062723,90.6132775131132,89.4427185933207,89.4427190999916,1.12937162874386,1.39951601423924,0.20990810020762
"null",16000,1184,2,1,8000,7970.43223726906,-24.8208827297948,7995.25311999886,7997.35110388213,7998.62152027125,2.54083277824335,90.6152524801355,89.4422242694452,89.4427190999916,-0.297067721782987,-0.037660068272049,0.584316168230057
"null",16000,1184,5,0,3200,3151.54765206169,-9.63822880875718,3161.18588087044,3197.7437904616,3198.19501038966,2.25609964030847,71.789428994881,71.5541729020486,71.5541752799933,-0.643494997058823,-0.517218325895296,0.717464599963583
"null",16000,1184,5,1,3200,3238.09131280984,-9.78942048679847,3247.88073329664,3197.67091427518,3198.12276985606,2.25927790441235,71.7890043282946,71.5528432775383,71.5541752799933,0.563044423207424,0.69540162432924,0.305885937878919
"null",16000,1184,10,0,1600,1617.43939830834,-4.82289886997941,1622.26229717832,1597.84166797156,1598.05748128758,2.1581331602812,53.7441139757716,53.6656248620595,53.665631459995,0.364648868257838,0.451030169739973,0.361574023011632
"null",16000,1184,10,1,1600,1574.51683883819,-4.82257368588099,1579.33941252407,1597.79802244406,1598.01425988251,2.16237438454334,53.7432321933628,53.6643894580046,53.665631459995,-0.433192844116674,-0.347993288418068,0.657493600167967
"null",16000,1184,25,0,640,603.935255185568,-1.91865889342179,605.85391407899,637.898019979658,637.982081126545,2.10152867219023,35.0734518443553,35.0542190521864,35.0542436803306,-0.968332542368658,-0.916527822220908,0.829553510219765
"null",16000,1184,25,1,640,610.617678977068,-1.92624085932482,612.543919836393,637.881021895468,637.965084165012,2.10155673860008,35.072640476885,35.0533122129478,35.0542436803306,-0.777339331960713,-0.725214329937967,0.776096261270921
"null",16000,1184,50,0,320,297.389437514236,-0.965234757445843,298.354672271682,317.915980408225,317.95764318117,2.08313864726285,25.0506211505144,25.0438925511817,25.0439613479976,-0.81940255176335,-0.78274457013524,0.790751887178221
"null",16000,1184,50,1,320,303.232981788658,-0.97772480113434,304.210706589792,317.909289229505,317.950913103339,2.08119369172903,25.049987830974,25.043224703486,25.0439613479976,-0.585880821175474,-0.548659634541166,0.715092877077537
"null",16000,1185,2,0,8000,8139.35300545399,25.0413696930805,8114.31163576091,7997.47525493477,7998.73760312121,2.5246963728806,90.5517132490036,89.4427186480298,89.4427190999916,1.56681464578229,1.29215697361008,0.132129830193607
"null",16000,1185,2,1,8000,7992.0579181487,24.919469456937,7967.13844869176,7997.45007352849,7998.7179600883,2.53577311961777,90.5503106317557,89.4426539737528,89.4427190999916,-0.0595487231592201,-0.353069927976476,0.516639967731478
"null",16000,1185,5,0,3200,3312.35510759335,10.0034571260453,3302.35165046731,3197.75541316963,3198.20430839317,2.24447611766488,71.7769991985327,71.5541729026109,71.5541752799933,1.59660748851784,1.4555034018196,0.0775856223348419
"null",16000,1185,5,1,3200,3264.6944929578,9.94961457980937,3254.74487837799,3197.73919892564,3198.18952590681,2.2516349058536,71.7764021025284,71.5540001506554,71.5541752799933,0.932831572367262,0.790387013334129,0.201426801504387
"null",16000,1185,10,0,1600,1620.2100325016,5.00239046531725,1615.20764203628,1597.84343280449,1598.05906995983,2.15637155341758,53.7399638452735,53.6656250120384,53.665631459995,0.416200497668849,0.319544812393466,0.343532604152313
"null",16000,1185,10,1,1600,1570.36017629411,5.01564807094144,1565.34452822316,1597.83937502323,1598.05490638666,2.15531363427024,53.7396456250159,53.6654646672883,53.665631459995,-0.511339410774549,-0.60952380392666,0.684368891731858
"null",16000,1185,25,0,640,697.528500025277,1.99032354832025,695.538176476956,637.89989033847,637.983876657118,2.09965796619716,35.0724342398568,35.0542190895152,35.0542436803306,1.70015600511252,1.64186512536099,0.0509384811282566
"null",16000,1185,25,1,640,658.219013072846,1.98187762306594,656.23713544978,637.89405473081,637.978187297535,2.10331416814352,35.0722768154064,35.0541026407794,35.0542436803306,0.57951636413603,0.520879063411079,0.281372786977595
"null",16000,1185,50,0,320,314.178541553761,1.01224895001249,313.166292603749,317.91635133162,317.958007159385,2.08279138823162,25.0502673313407,25.0438944650228,25.0439613479976,-0.149212370807012,-0.191332644462631,0.550005945195956
"null",16000,1185,50,1,320,373.850280502137,1.01347627772579,372.836804224412,317.915229098154,317.956885076271,2.08279890586016,25.0501663505124,25.0438082705269,25.0439613479976,2.23292135554378,2.19135678389322,0.0168819555710257
"null",16000,1186,2,0,8000,8014.02806433284,18.9802263413969,7995.04783799145,7997.47030623336,7998.73512827572,2.52964408470762,90.4993487621977,89.4427186319094,89.4427190999916,0.182959969612485,-0.0412251588577522,0.447525946374113
"null",16000,1186,2,1,8000,7995.70669473504,17.9513829069562,7977.75531182809,7997.33453685443,7998.59780318849,2.52653266813938,90.5015639714892,89.442110091348,89.4427190999916,-0.0179868948993398,-0.233027724179585,0.505131409440354
"null",16000,1186,5,0,3200,3303.31021489039,7.597193998382,3295.713020892,3197.7533824341,3198.20268349059,2.24650528245607,71.76643116496,71.5541728535942,71.5541752799933,1.47083853471345,1.36274843957633,0.0949423713878131
"null",16000,1186,5,1,3200,3247.41402933648,7.42420326280951,3239.98982607367,3197.66457892338,3198.11394948557,2.24685281093444,71.7657792127459,71.5524957575482,71.5541752799933,0.693219678777749,0.58524690361595,0.266629150334283
"null",16000,1186,10,0,1600,1704.19473372025,3.83820311865061,1700.3565306016,1597.84187478128,1598.05766756889,2.15792787613259,53.7364346691196,53.665624948371,53.665631459995,1.9791573369882,1.90622699597979,0.0321488410735908
"null",16000,1186,10,1,1600,1697.6422486517,3.87703330956688,1693.76521534213,1597.79327969583,1598.00897865717,2.15698961338133,53.7352840561124,53.6640758187956,53.665631459995,1.85816397381668,1.78436384534606,0.0410243611195136
"null",16000,1186,25,0,640,705.680344338485,1.48877999745838,704.191564341026,637.898085807808,637.982144498652,2.10146727111233,35.0715695140142,35.0542193412366,35.0542436803306,1.93268392233179,1.888771768039,0.0321527326297489
"null",16000,1186,25,1,640,689.038556013203,1.53899410500231,687.499561908201,637.879695030832,637.963642697265,2.09869166082914,35.0705465662124,35.0530893390441,35.0542436803306,1.45874147942875,1.41316842951586,0.0791322293787457
"null",16000,1186,50,0,320,375.032857321805,0.777409596192554,374.255447725612,317.916281658239,317.957938860109,2.08286009347948,25.0499642065503,25.0438943719183,25.0439613479976,2.28010607889931,2.2479534544208,0.0151955042877682
"null",16000,1186,50,1,320,374.916852200332,0.77815497772449,374.138697222608,317.905779864089,317.947431183895,2.0825659902976,25.0491682735567,25.0430599443879,25.0439613479976,2.27596667935787,2.24378594962015,0.0153541227793369
"null",16000,1187,2,0,8000,8091.02476464762,15.89185449436,8075.13291015326,7997.4586626053,7998.72930708509,2.54128895958129,90.39597710548,89.4427186459247,89.4427190999916,1.03506931434731,0.854218255268282,0.230272132024314
"null",16000,1187,2,1,8000,7894.78558087603,15.6604003315461,7879.12518054448,7997.44180570399,7998.70814181966,2.53267223134973,90.394327639182,89.4426060799651,89.4427190999916,-1.13564896724188,-1.33697984122098,0.792276043801127
"null",16000,1187,5,0,3200,3111.91564074127,6.34725710454162,3105.56838363672,3197.74627674139,3198.19699951692,2.25361387764368,71.7455832214224,71.5541729368826,71.5541752799933,-1.1963194408112,-1.29452430345192,0.859449361459125
"null",16000,1187,5,1,3200,3109.20059217501,6.21066546804634,3102.98992670696,3197.73626937507,3198.18571590616,2.24723265547018,71.7448018787586,71.5538622168431,71.5541752799933,-1.23403612361593,-1.33040741966809,0.867023527547825
"null",16000,1187,10,0,1600,1608.95004140609,3.20933329650047,1605.74070810959,1597.84242913957,1598.05816683657,2.15737696998516,53.729474894063,53.6656250866692,53.665631459995,0.206732194729642,0.143155721388032,0.418771305587535
"null",16000,1187,10,1,1600,1586.91874992605,3.16596917503199,1583.75278075102,1597.83502153695,1598.05058264299,2.15561106040607,53.729013292655,53.6653381167118,53.665631459995,-0.20317275419589,-0.266425264308853,0.573255463780041
"null",16000,1187,25,0,640,651.566621892938,1.25372948038943,650.312892412548,637.90265076079,637.986527210747,2.0969112489084,35.0698638592165,35.0542198697215,35.0542436803306,0.389621447833367,0.351637128072225,0.346139182621839
"null",16000,1187,25,1,640,646.371504713664,1.23416631115047,645.137338402513,637.893719736146,637.977797518956,2.10194457023629,35.0696105715124,35.0540117606282,35.0542436803306,0.241741634405379,0.204243124366126,0.400526696279592
"null",16000,1187,50,0,320,357.430090613464,0.630027783444223,356.800062830019,317.921295965211,317.962853193716,2.07786142527105,25.0493686446691,25.0438956341876,25.0439613479976,1.57723714352621,1.55076551202706,0.0630870179461373
"null",16000,1187,50,1,320,346.396363112695,0.618973153675903,345.777389959019,317.916888296511,317.95849294882,2.08023261545132,25.0491948486951,25.043738225915,25.0439613479976,1.1369417256007,1.11081248171697,0.131279054759143
"null",16000,1188,2,0,8000,7922.90580903368,-32.7499005575568,7955.65570959124,7997.46679504323,7998.73337217652,2.53315426658933,90.750701641266,89.4427185879118,89.4427190999916,-0.821602308974841,-0.481622912019923,0.72251834633519
"null",16000,1188,2,1,8000,7868.67024453419,-33.3412083704313,7902.01145290462,7997.41593823921,7998.68300303203,2.53412958564767,90.7479571508493,89.4424782498758,89.4427190999916,-1.41871726645042,-1.08082369830288,0.846811877966522
"null",16000,1188,5,0,3200,3150.50395459547,-13.1131566164382,3163.6171112119,3197.75972397902,3198.20775647473,2.24016247852262,71.8171976909568,71.554172802533,71.5541752799933,-0.658000742202545,-0.483418980445516,0.721903507722075
"null",16000,1188,5,1,3200,3137.80085057062,-13.1206024761861,3150.92145304681,3197.71631281598,3198.16661432009,2.25150752050666,71.815803845188,71.5535572314906,71.5541752799933,-0.834293554306239,-0.660276904479105,0.773116919103588
"null",16000,1188,10,0,1600,1601.71990071344,-6.57827720819982,1608.29817792164,1597.85181863264,1598.06661629004,2.14797657398264,53.7533880672848,53.6656246566699,53.665631459995,0.0719597818831046,0.190653918538331,0.469097033482825
"null",16000,1188,10,1,1600,1623.35486818794,-6.53452219544478,1629.88939038339,1597.82585771659,1598.04144181785,2.15584101259055,53.7525337224083,53.6650560957004,53.665631459995,0.474935946334959,0.593457845431959,0.323504102300867
"null",16000,1188,25,0,640,635.353695788443,-2.6209570766196,637.974652865063,637.902509468848,637.986390841783,2.09703432337995,35.0757255608764,35.0542187913212,35.0542436803306,-0.0726660287035687,-0.000334852041364849,0.522135520954076
"null",16000,1188,25,1,640,657.06531898769,-2.62739854977901,659.692717537469,637.892334587111,637.97631061286,2.09940064371728,35.0752336212536,35.0538012510056,35.0542436803306,0.546624567283314,0.619516461826983,0.292148395456569
"null",16000,1188,50,0,320,315.551012148496,-1.30255718012137,316.853569328617,317.92375517296,317.965262193817,2.07535104287501,25.0514160861295,25.0438915426771,25.0439613479976,-0.0947149261465376,-0.0443897811690196,0.528262545376445
"null",16000,1188,50,1,320,321.22406260808,-1.29775552602867,322.521818134109,317.91725246052,317.958809622179,2.07785808295059,25.0510805407729,25.0435824677077,25.0439613479976,0.132002695140359,0.182202706733895,0.438872013967035
"null",16000,1189,2,0,8000,8162.15017026078,-1.04373587739028,8163.19390613817,7997.47463483209,7998.73729185047,2.52531403676055,90.6510321669473,89.442718619728,89.4427190999916,1.8165875389639,1.83868085435665,0.0977686370828337
"null",16000,1189,2,1,8000,8174.67802823491,-0.98827370610992,8175.66630194102,7997.45971482889,7998.72080342939,2.52217720099147,90.6494245636188,89.4426361060161,89.4427190999916,1.95498553089712,1.97831265060106,0.0819547032543865
"null",16000,1189,5,0,3200,3163.24367228068,-0.426689665682364,3163.67036194636,3197.75425417403,3198.20338112495,2.2456347545989,71.7970547590282,71.5541728847841,71.5541752799933,-0.480668489942653,-0.482613630852731,0.665612822873614
"null",16000,1189,5,1,3200,3267.54606048662,-0.457909219821309,3268.00396970644,3197.74252220983,3198.19171602579,2.24596907979774,71.7963619019209,71.5539554974031,71.5541752799933,0.972243389882975,0.975658902367517,0.191687736043726
"null",16000,1189,10,0,1600,1582.49304727891,-0.221008013257209,1582.71405529217,1597.84923155071,1598.06428855486,2.1505700415077,53.7466606810157,53.6656249125881,53.665631459995,-0.28571420209606,-0.28603474361289,0.603874303442077
"null",16000,1189,10,1,1600,1569.42077104334,-0.224630918779164,1569.64540196212,1597.84503506153,1598.05986848367,2.14833422138224,53.7462809656679,53.6654232290286,53.665631459995,-0.528860109155196,-0.529474376830741,0.69032269569807
"null",16000,1189,25,0,640,651.000659558385,-0.0992280793844247,651.099887637769,637.900240899865,637.984213198694,2.09930747072892,35.0740761556552,35.0542190871713,35.0542436803306,0.373507162394853,0.374153947245536,0.351921306431636
"null",16000,1189,25,1,640,632.354019151656,-0.0839850071090149,632.438004158765,637.898892360663,637.982809922966,2.09793905755982,35.0738853842282,35.0540739198152,35.0542436803306,-0.158091216535163,-0.15817864071618,0.555609757601053
"null",16000,1189,50,0,320,324.505347727663,-0.0901771247981967,324.595524852461,317.920746251429,317.962314010702,2.07838796362967,25.050841291592,25.0438937944789,25.0439613479976,0.262849514696498,0.264863399285852,0.388737978457516
"null",16000,1189,50,1,320,288.242391313289,-0.0544708794815615,288.29686219277,317.918353666609,317.959941263866,2.07937986284532,25.05071657211,25.0437854888563,25.0439613479976,-1.18463526853201,-1.18444869623625,0.883422413488493
"null",16000,1190,2,0,8000,8004.56926347583,12.2542981164929,7992.31496535934,7997.46578662801,7998.73286929574,2.53416533545421,90.5719282857638,89.4427186373602,89.4427190999916,0.0784291223812032,-0.0717543477453473,0.477193871243839
"null",16000,1190,2,1,8000,8018.53659680749,10.6711655511919,8007.8654312563,7996.53309793341,7997.80110449178,2.53601311674317,90.5720038637693,89.4386428500985,89.4427190999916,0.242939296199993,0.112527722288807,0.433485331283955
"null",16000,1190,5,0,3200,3140.7420116813,4.91031305353045,3135.83169862777,3197.74316047338,3198.19450604089,2.25672783756776,71.7810799615325,71.5541728521298,71.5541752799933,-0.794097118943128,-0.871546758593649,0.761742252677683
"null",16000,1190,5,1,3200,3149.22731790534,4.63901074273234,3144.5883071626,3197.14657169043,3197.59778710323,2.25607706404144,71.7718955422647,71.5428235958717,71.5541752799933,-0.667660418093194,-0.74094755107889,0.72728775550436
"null",16000,1190,10,0,1600,1563.85652081869,2.46581234762498,1561.39070847107,1597.83303130639,1598.04970798929,2.16676682896754,53.7413257182768,53.6656247681173,53.665631459995,-0.632223154780499,-0.683100209428591,0.724578244343374
"null",16000,1190,10,1,1600,1521.85245826095,2.5614390784949,1519.29101918246,1597.50420870274,1597.71995522773,2.15746524988521,53.7316666985297,53.6550413689469,53.665631459995,-1.40795465858604,-1.46172538580246,0.912628914593569
"null",16000,1190,25,0,640,565.001882712248,0.926392906264411,564.075489805984,637.890211281127,637.974585071592,2.10934476163251,35.0727690114438,35.0542194858961,35.0542436803306,-2.07820285147991,-2.10813694754611,0.982497495886027
"null",16000,1190,25,1,640,564.109370165476,1.05369759255537,563.05567257292,637.754682783093,637.83869747998,2.10036742218449,35.0653095283234,35.0465030511723,35.0542436803306,-2.10023278300542,-2.13382273255244,0.983636537267839
"null",16000,1190,50,0,320,259.094517857268,0.459982905695609,258.634534951572,317.909317023215,317.951113325599,2.08981511921385,25.0503831849637,25.0438935902948,25.0439613479976,-2.3478602595289,-2.36850464805576,0.993263734155673
"null",16000,1190,50,1,320,256.123455068799,0.492581039453723,255.630874029345,317.842044212868,317.883715594256,2.08356906940357,25.0447935022069,25.0382106088964,25.0439613479976,-2.46432813026111,-2.48631352045547,0.995429594315369
"null",16000,1191,2,0,8000,7986.28731815442,-7.50006887419051,7993.78738702861,7997.45603269352,7998.72799117297,2.54391695889738,90.4737422193266,89.4427186327816,89.4427190999916,-0.123447027448321,-0.055237633872067,0.534816024230358
"null",16000,1191,2,1,8000,8078.3813681959,-7.64042542024669,8086.02179361615,7997.37108927248,7998.63437042429,2.52656230361573,90.4757792612967,89.4422585563351,89.4427190999916,0.895380836560253,0.977026123919031,0.261509063468577
"null",16000,1191,5,0,3200,3120.40457655234,-3.00804741964328,3123.41262397198,3197.74930200741,3198.19941973262,2.25058862605647,71.7612659847055,71.5541729200959,71.5541752799933,-1.07780603357195,-1.04517727909677,0.833940174092122
"null",16000,1191,5,1,3200,3124.66604276511,-3.17324817509052,3127.8392909402,3197.68654384473,3198.13620847264,2.24832313952945,71.7609003196901,71.5529391969614,71.5541752799933,-1.01755274466068,-0.982446260368612,0.82009133913345
"null",16000,1191,10,0,1600,1554.80399917558,-1.50577573351362,1556.30977490909,1597.84061824904,1598.05653706281,2.15918813768753,53.7347101586844,53.6656250816002,53.665631459995,-0.800909113427318,-0.777905075926046,0.776150898006231
"null",16000,1191,10,1,1600,1547.82913873596,-1.6006978710036,1549.42983660696,1597.81452371212,1598.02937308448,2.14849372362951,53.7339008453316,53.664473776577,53.665631459995,-0.930239275202409,-0.905618429798729,0.811947627260439
"null",16000,1191,25,0,640,624.938574834209,-0.615834419765614,625.554409253975,637.899421229621,637.983426674493,2.10013612180248,35.0711467285167,35.0542195769114,35.0542436803306,-0.36955867156958,-0.354565515094374,0.63663500619239
"null",16000,1191,25,1,640,661.450176798311,-0.612893066691877,662.063069865003,637.88627318363,637.970178730122,2.09763866230605,35.0704021625168,35.0533841964208,35.0542436803306,0.671902862860967,0.687319974581518,0.252318381909633
"null",16000,1191,50,0,320,298.084398151167,-0.278878140759723,298.363276291927,317.915774106102,317.95744154341,2.08337186539944,25.049816538168,25.0438946995051,25.0439613479976,-0.79167749291569,-0.782392894020204,0.782375458165035
"null",16000,1191,50,1,320,348.215036534355,-0.29146853666135,348.506505071016,317.911670780617,317.953260656409,2.07949378959676,25.0492323584342,25.0432777259536,25.0439613479976,1.20975227185092,1.22001779275654,0.117344379442506
"null",16000,1192,2,0,8000,8011.69585850657,-34.9720849959885,8046.66794350256,7997.46462629839,7998.73228802165,2.53532344650984,90.461805625533,89.4427186002184,89.4427190999916,0.157317578504739,0.535936924001226,0.454818089487939
"null",16000,1192,2,1,8000,7978.42498687277,-34.9103860174756,8013.33537289024,7997.47064500603,7998.73206937124,2.52284873041481,90.4610001894631,89.4426901639698,89.4427190999916,-0.210539990641005,0.163269949642969,0.559470797840809
"null",16000,1192,5,0,3200,3158.29123362931,-13.9921176895603,3172.28335131888,3197.75082860391,3198.20064009079,2.24905743439662,71.7588568636718,71.5541728232108,71.5541752799933,-0.549891632883136,-0.362205134226686,0.688017992390791
"null",16000,1192,5,1,3200,3142.08404184687,-13.8927571040646,3155.97679895093,3197.75289215868,3198.2014671042,2.24287472757865,71.7585346471373,71.5540946453629,71.5541752799933,-0.775780199324818,-0.590108341982923,0.756452515571727
"null",16000,1192,10,0,1600,1544.26056365477,-7.02514628953416,1551.28570994431,1597.84327494084,1598.05892782566,2.15652884815091,53.7339065241002,53.665624972148,53.665631459995,-0.997186222856052,-0.871567561276393,0.828848808346791
"null",16000,1192,10,1,1600,1577.55999277086,-6.97414204860239,1584.53413481946,1597.84563349978,1598.06082037174,2.15186871962698,53.7337434197292,53.6655529606882,53.665631459995,-0.377521449984651,-0.252055272069749,0.637320394596375
"null",16000,1192,25,0,640,605.185157307018,-2.776331932693,607.961489239711,637.898602131004,637.982640031369,2.10094750911258,35.0709493832901,35.0542191482365,35.0542436803306,-0.932778992278224,-0.856420468666116,0.820201517489392
"null",16000,1192,25,1,640,616.90153015116,-2.7950814538606,619.696611605021,637.899512694875,637.983475250194,2.09906388297356,35.0708738208418,35.0541671789276,35.0542436803306,-0.59872995041361,-0.521674457471233,0.718559205753659
"null",16000,1192,50,0,320,287.951606113299,-1.36957655488854,289.321182668187,317.918909480197,317.960513924247,2.08022220248544,25.0497466771631,25.0438935909475,25.0439613479976,-1.19631163353115,-1.14356544249221,0.885818575080964
"null",16000,1192,50,1,320,287.975415618205,-1.38562629392307,289.361041912129,317.916790718114,317.958427328406,2.0818305145738,25.0496986344397,25.0438541309624,25.0439613479976,-1.19527885492178,-1.14189234878674,0.885623645071144
"null",16000,1193,2,0,8000,7950.12875691659,2.24376235382551,7947.88499456276,7997.45826291178,7998.7291071439,2.54168846424036,90.5130366453013,89.4427186675691,89.4427190999916,-0.522902641976997,-0.568454462683608,0.6457929115151
"null",16000,1193,2,1,8000,7993.08298189965,1.6359287092475,7991.4470531904,7997.38474228187,7998.64508140747,2.52067825120338,90.515253607221,89.4422897865222,89.4427190999916,-0.0475252535985571,-0.0804767882648109,0.513407460118219
"null",16000,1193,5,0,3200,3150.37516227256,0.924914850830337,3149.45024742173,3197.73748929991,3198.18996899412,2.26239847105411,71.7691932880594,71.5541728822674,71.5541752799933,-0.659925587253796,-0.681158339326891,0.722448969888361
"null",16000,1193,5,1,3200,3186.43359363822,0.788986209369231,3185.64460742885,3197.68931149633,3198.13959964008,2.25144071873487,71.7689751677834,71.5530473808925,71.5541752799933,-0.156832640173491,-0.174625577366565,0.554271743137032
"null",16000,1193,10,0,1600,1597.19374274073,0.450086054470154,1596.74365668626,1597.83272621052,1598.04943381385,2.16707603326341,53.7373574358912,53.6656249554702,53.665631459995,-0.0118908614097496,-0.0243317231221346,0.500985677019044
"null",16000,1193,10,1,1600,1613.01611208611,0.303808788497591,1612.71230329761,1597.80723572721,1598.02316701307,2.15931285863873,53.7366666048278,53.6645832561165,53.665631459995,0.283026047572784,0.273721240216005,0.391054340121967
"null",16000,1193,25,0,640,637.050206464737,0.199829370844157,636.850377093893,637.89683563208,637.980944268967,2.10271592217183,35.0717956734534,35.0542192802407,35.0542436803306,-0.024139886512375,-0.0322519570621483,0.503165779076285
"null",16000,1193,25,1,640,659.528038861214,0.16566824668264,659.362370614531,637.881783164404,637.965927491909,2.10360818763841,35.0711320815779,35.0534629768088,35.0542436803306,0.617210064575595,0.610394560354208,0.269398324573565
"null",16000,1193,50,0,320,324.129643254773,0.0932467422784579,324.036396512494,317.916494810126,317.958147669108,2.08264294909618,25.05004319632,25.0438940947834,25.0439613479976,0.248029450326824,0.242703823150736,0.394384809866144
"null",16000,1193,50,1,320,319.755820887271,0.0838787375535604,319.671942149717,317.908344423753,317.950015030588,2.08353034176255,25.0495152613531,25.0433326070786,25.0439613479976,0.0737529826123434,0.0687579063915284,0.461791257718641
"null",16000,1194,2,0,8000,7999.3860499244,-15.4631302901352,8014.84918021453,7997.46497273304,7998.73246106051,2.53497665494507,90.6339410502894,89.4427185965972,89.4427190999916,0.0211960019513289,0.18019039902745,0.493525650061346
"null",16000,1194,2,1,8000,8122.53023818682,-15.9013433319105,8138.43158151873,7997.39165757267,7998.65647551306,2.52963588076989,90.635973921759,89.4423627587312,89.4427190999916,1.38067232247296,1.56273941893417,0.162355980656999
"null",16000,1194,5,0,3200,3123.54622022565,-6.16616566044239,3129.71238588609,3197.74838814924,3198.19868793641,2.25149893583061,71.7936019487702,71.5541728334147,71.5541752799933,-1.03354847659735,-0.957125200926496,0.823797706148109
"null",16000,1194,5,1,3200,3343.76377174957,-6.4603015620475,3350.22407331162,3197.69440918495,3198.14555170183,2.25571258442733,71.7934926596877,71.5532242412514,71.5541752799933,2.03457663296886,2.12539020040566,0.035620048068155
"null",16000,1194,10,0,1600,1568.10908122904,-3.05870129719729,1571.16778252624,1597.84056253906,1598.05648649117,2.15923952104935,53.7455078386096,53.6656249111962,53.665631459995,-0.553190071239099,-0.501041476912344,0.698556774416493
"null",16000,1194,10,1,1600,1734.73989630848,-3.2585999407822,1737.99849624926,1597.81874049051,1598.03401511029,2.1527461977745,53.7449464579335,53.6647377665098,53.665631459995,2.54760986551787,2.60812755198652,0.00902169192436369
"null",16000,1194,25,0,640,630.235819051263,-1.21921708943632,631.455036140699,637.901064306688,637.9850036164,2.09848274281225,35.0737935654987,35.0542189943981,35.0542436803306,-0.218546227145647,-0.186281927340748,0.579087594249025
"null",16000,1194,25,1,640,700.888143318735,-1.25282294137573,702.14096626011,637.887805978247,637.971794649347,2.0997167774862,35.0732370984707,35.0535767545463,35.0542436803306,1.7962510036815,1.83060268172038,0.0423255729064653
"null",16000,1194,50,0,320,291.367119352344,-0.58648470703529,291.953604059379,317.917168525981,317.95880781433,2.08196441747321,25.0507420932481,25.0438936736825,25.0439613479976,-1.05985080501041,-1.03838500888857,0.855529152733059
"null",16000,1194,50,1,320,330.565556563236,-0.611615382625168,331.177171945861,317.913209745686,317.954806033533,2.07981439232992,25.050300845971,25.0434214047016,25.0439613479976,0.505077639400272,0.527977615304828,0.302161351713124
"null",16000,1195,2,0,8000,8112.13198878801,-16.5945720554699,8128.72656084348,7997.46791491118,7998.73393240646,2.53203499056285,90.5888350363192,89.442718629614,89.4427190999916,1.26576386406625,1.45336177643845,0.183153308928735
"null",16000,1195,2,1,8000,7954.36625696398,-17.5438422756448,7971.91009923962,7996.82486454132,7998.08893172334,2.5281343640261,90.5745581001287,89.4397239144447,89.4427190999916,-0.468769690605686,-0.29269804666162,0.633205019703586
"null",16000,1195,5,0,3200,3190.30880547012,-6.61110826899407,3196.91991373911,3197.75742141261,3198.20591458569,2.24246586541224,71.7844924995378,71.5541728599025,71.5541752799933,-0.103763580170743,-0.0179724088083354,0.535025680390053
"null",16000,1195,5,1,3200,3185.68830917488,-6.81725083382684,3192.50556000871,3197.33897225744,3197.78874872297,2.24888232761843,71.773521604857,71.5463042610325,71.5541752799933,-0.162325364870667,-0.0738429296778623,0.557961745847492
"null",16000,1195,10,0,1600,1576.34799178114,-3.29609529531075,1579.64408707646,1597.85261637255,1598.06733472641,2.14718353865214,53.7424654639254,53.665624869794,53.665631459995,-0.400142129799304,-0.343296993087371,0.645401172834695
"null",16000,1195,10,1,1600,1601.00168382584,-3.26436242362189,1604.26604624946,1597.61835324201,1597.83313407587,2.14780833853977,53.7340280535166,53.6582950680924,53.665631459995,0.0629643953074576,0.119886630118009,0.474145219633438
"null",16000,1195,25,0,640,606.306567613781,-1.34807493095793,607.654642544739,637.908089647876,637.991748071356,2.09146058700289,35.0730476336722,35.0542191898425,35.0542436803306,-0.901020132728825,-0.865433783086757,0.811553499986631
"null",16000,1195,25,1,640,615.592553077049,-1.35631909916596,616.948872176215,637.809202195783,637.892821371181,2.09047938496604,35.0674305334155,35.0488816687232,35.0542436803306,-0.633540832071041,-0.597563979157029,0.731074637970414
"null",16000,1195,50,0,320,295.750320497474,-0.656542012113622,296.406862509588,317.926476737499,317.967930003503,2.07266330019551,25.0504815828918,25.0438942571448,25.0439613479976,-0.885258679225158,-0.860931102508711,0.809789289721975
"null",16000,1195,50,1,320,324.313234824988,-0.667308235801147,324.98054306079,317.87608099477,317.917523290205,2.07211477178356,25.0464433078594,25.0399545931042,25.0439613479976,0.257008699841975,0.282069991154427,0.39162203359158
"null",16000,1196,2,0,8000,8131.20228978251,6.45327890590702,8124.7490108766,7997.46827115568,7998.7341112325,2.53168015365385,90.5612775078836,89.4427186272333,89.4427190999916,1.47672407354447,1.40888941635693,0.146248081939541
"null",16000,1196,2,1,8000,8002.75556274453,6.48161759186265,7996.27394515267,7997.44192064989,7998.70503403405,2.52622676831076,90.5592334238323,89.4425739740428,89.4427190999916,0.0586758731688272,-0.0271804440923262,0.482904906356945
"null",16000,1196,5,0,3200,3239.63434452146,2.6057639833475,3237.02858053811,3197.74931980625,3198.19943392902,2.25057061384588,71.7789293480781,71.5541729241177,71.5541752799933,0.583528134170092,0.54265383865553,0.299208988312192
"null",16000,1196,5,1,3200,3155.81955016969,2.47712291165151,3153.34242725804,3197.73986040839,3198.18777510876,2.23957350186102,71.7779470156055,71.5537830317403,71.5541752799933,-0.584027712990879,-0.626736224845517,0.698960116241333
"null",16000,1196,10,0,1600,1557.93054641641,1.29266232496714,1556.63788409144,1597.8495918531,1598.06461290054,2.15021047437832,53.7406079417784,53.6656249362513,53.665631459995,-0.74280971067429,-0.771941608027634,0.758963507629798
"null",16000,1196,10,1,1600,1533.74934990696,1.28411395862515,1532.46523594834,1597.83599935882,1598.05124133537,2.1524197654972,53.7400344074403,53.665268214587,53.665631459995,-1.19253086006557,-1.22213132569801,0.872914934477639
"null",16000,1196,25,0,640,627.261952293075,0.519214680525807,626.742737612549,637.904312044342,637.988121582622,2.09523845700726,35.0725922649307,35.0542192089141,35.0542436803306,-0.303438071268777,-0.320799727503649,0.611649223405782
"null",16000,1196,25,1,640,583.049114684153,0.530729181351807,582.518385502801,637.898151471394,637.98201376853,2.09655742841466,35.0722775485871,35.0539605429828,35.0542436803306,-1.56388579872683,-1.58223571335743,0.941332002166001
"null",16000,1196,50,0,320,311.275162598021,0.239181435368754,311.035981162652,317.922491017602,317.96402379639,2.07663893938385,25.0503215185453,25.043893459417,25.0439613479976,-0.265359006057454,-0.276636004899318,0.595638769437028
"null",16000,1196,50,1,320,299.84102433462,0.24777816448119,299.593246170138,317.92112024913,317.962631053628,2.07554022489604,25.0501104729108,25.0437025211044,25.0439613479976,-0.721757132930102,-0.733493175300643,0.76042319295166
"null",16000,1197,2,0,8000,7950.34012389491,-16.8816238744494,7967.22174776936,7997.47430027955,7998.73712490419,2.52564924927523,90.4546759955605,89.4427186020717,89.4427190999916,-0.521080594959534,-0.352352630011594,0.645168547645153
"null",16000,1197,2,1,8000,7915.71454654319,-18.1432434475525,7933.85778999074,7996.77565244467,7998.04176787244,2.53223085555511,90.4408162165823,89.4396425785159,89.4427190999916,-0.896288968769986,-0.717623371821464,0.741369726371033
"null",16000,1197,5,0,3200,3212.9794090234,-6.7512626982899,3219.73067172169,3197.75852701704,3198.20679935884,2.24136170901311,71.7574194501436,71.5541728809625,71.5541752799933,0.212115794060052,0.300805270975064,0.422562481844288
"null",16000,1197,5,1,3200,3198.39444374284,-6.61272744031116,3205.00717118315,3197.3077051969,3197.75684980232,2.24572302710255,71.7460365507097,71.5456907593432,71.5541752799933,0.0151470185418874,0.101338337835316,0.494707043348483
"null",16000,1197,10,0,1600,1572.85416340999,-3.39975123055587,1576.25391464054,1597.85236449082,1598.06710866854,2.1474417771897,53.7334263283146,53.6656250686598,53.665631459995,-0.465226262105352,-0.406464920516446,0.668343709602583
"null",16000,1197,10,1,1600,1537.0673948761,-3.37354396129321,1540.4409388374,1597.5978751626,1597.81291721868,2.15042056084353,53.724517460115,53.6577483501734,53.665631459995,-1.12668262365378,-1.06922075833063,0.859929325604127
"null",16000,1197,25,0,640,594.748969947614,-1.34162756981265,596.090597517427,637.903444958358,637.98728951164,2.09611383205959,35.0708323698644,35.0542196657171,35.0542436803306,-1.23049474719128,-1.19519682348509,0.888866200393827
"null",16000,1197,25,1,640,630.415913997912,-1.31272084648516,631.728634844397,637.796907556474,637.88073115684,2.09559000915248,35.0648542038878,35.0485012021311,35.0542436803306,-0.21049548689537,-0.175530938597438,0.577099098750289
"null",16000,1197,50,0,320,298.827866705748,-0.668329252624074,299.496195958372,317.92295053408,317.964474656853,2.07620613863634,25.0497075097914,25.0438955466845,25.0439613479976,-0.762287696208369,-0.73743634108576,0.773218748630089
"null",16000,1197,50,1,320,326.614399904574,-0.651337022334194,327.265736926908,317.866073403375,317.907643664197,2.0785130411176,25.0453965122877,25.0396765284528,25.0439613479976,0.349298782189634,0.373730597201476,0.35758313464534
"null",16000,1198,2,0,8000,7957.63159916819,-1.34028920675611,7958.97188837494,7997.46881578285,7998.73438375136,2.53113593702192,90.43012038654,89.4427186293935,89.4427190999916,-0.440530394567421,-0.444558215422457,0.62340858896441
"null",16000,1198,2,1,8000,8002.92418180461,-0.515344775251567,8003.43952657986,7997.03531932971,7998.30035451819,2.53007037695472,90.4195329071325,89.4407498080102,89.4427190999916,0.0651282116326349,0.0574589554840085,0.482373751248264
"null",16000,1198,5,0,3200,3246.37820011277,-0.59870436252111,3246.97690447529,3197.75787508881,3198.20627857378,2.24201742484641,71.7524674909777,71.5541729612971,71.5541752799933,0.677611888818604,0.681590239717927,0.27085854155332
"null",16000,1198,5,1,3200,3229.23330797913,-0.750291384864064,3229.98359936399,3197.47673345635,3197.92536566916,2.24316106401504,71.7447719572619,71.5488525488178,71.5541752799933,0.442632594075164,0.448060766215101,0.345461237182425
"null",16000,1198,10,0,1600,1588.05871874894,-0.315976331703308,1588.37469508064,1597.8505088216,1598.06543858664,2.1492976503958,53.7317732047454,53.6656250792905,53.665631459995,-0.182234634903134,-0.1805763650695,0.5652980255635
"null",16000,1198,10,1,1600,1604.52044956871,-0.268890977001951,1604.78934054572,1597.69185775426,1597.90694036087,2.15082606612073,53.7260063210768,53.6607061303806,53.665631459995,0.127100305458172,0.128257726764237,0.449481756566272
"null",16000,1198,25,0,640,641.01575364062,-0.143007916050565,641.158761556671,637.902020162305,637.985921760795,2.09753996223171,35.070427025795,35.0542197520263,35.0542436803306,0.0887851601015485,0.0905123496777514,0.459001569552861
"null",16000,1198,25,1,640,688.348020398681,-0.120197862081854,688.468218260763,637.834951662201,637.918866951303,2.09788222755442,35.0666470119331,35.050655843777,35.0542436803306,1.44048755842811,1.44217989913687,0.0818763371283905
"null",16000,1198,50,0,320,340.659753481074,-0.0854579414517643,340.745211422525,317.918607407449,317.960218284712,2.08054386318595,25.0495651155782,25.0438951422854,25.0439613479976,0.90784594338056,0.909802289474595,0.18291639398272
"null",16000,1198,50,1,320,393.153029109006,-0.0828650557946017,393.235894164801,317.885817623535,317.927403614409,2.07929954368056,25.0468573095935,25.0412639096452,25.0439613479976,3.0050561056473,3.00737577871958,0.00256259367954853
"null",16000,1199,2,0,8000,7989.22987103709,-5.59389404863615,7994.82376508573,7997.47385162146,7998.73690088415,2.5260985253762,90.4631095966474,89.4427186397032,89.4427190999916,-0.0911308556729041,-0.0437501884774997,0.525553246821189
"null",16000,1199,2,1,8000,7965.38352502643,-5.59580382099275,7970.97932884742,7997.46987676973,7998.73336658641,2.52697963337873,90.4625319224321,89.4427049625009,89.4427190999916,-0.354692169911948,-0.310299624218971,0.599852975023616
"null",16000,1199,5,0,3200,3167.93972166628,-2.23492786002994,3170.17464952631,3197.7513165852,3198.20103139127,2.2485740303271,71.7591211665326,71.5541729230963,71.5541752799933,-0.415439799628289,-0.391680606735313,0.643828998703106
"null",16000,1199,5,1,3200,3226.61651407215,-2.2148678443381,3228.83138191649,3197.75353916942,3198.20241554153,2.24438186056959,71.7589040012958,71.5541355405981,71.5541752799933,0.402221512499895,0.428053055823471,0.35752346327091
"null",16000,1199,10,0,1600,1622.60082566681,-1.09714608830669,1623.69797175511,1597.84868340628,1598.0637955103,2.15112104027692,53.7339941539579,53.6656250146074,53.665631459995,0.460642143772323,0.477664729290497,0.328260368734255
"null",16000,1199,10,1,1600,1714.66528463619,-1.10886527331566,1715.77414990951,1597.84752253107,1598.06263929493,2.15116763858375,53.7338919892953,53.6655901445319,53.665631459995,2.17400522799266,2.19342618421894,0.0213210571100541
"null",16000,1199,25,0,640,639.749496065555,-0.459603353176851,640.209099418732,637.902731611578,637.986604667115,2.0968263884355,35.0709712817873,35.0542196219205,35.0542436803306,0.0526579215368466,0.0634016325448864,0.473055203172269
"null",16000,1199,25,1,640,678.137821139302,-0.432494104536937,678.570315243839,637.903526896436,637.987349689962,2.09556983813902,35.0709296122209,35.0541949956218,35.0542436803306,1.14722634066835,1.15772065394585,0.131468363196582
"null",16000,1199,50,0,320,344.510797960156,-0.246790728118017,344.757588688274,317.920425763711,317.962000030645,2.07871334673571,25.0497546427221,25.0438941893338,25.0439613479976,1.06150230114813,1.06994497161872,0.146948198864838
"null",16000,1199,50,1,320,340.682622594729,-0.236685386133919,340.919307980863,317.919975167541,317.961553603001,2.07892177302243,25.0497299013745,25.0438754753363,25.0439613479976,0.908698317978257,0.916701346821159,0.182686923762602
"null",16000,1200,2,0,8000,7958.97753180692,-25.0672046753951,7984.04473648231,7997.45346577061,7998.72670852447,2.54648550772498,90.5589456894323,89.4427186146357,89.4427190999916,-0.424871708374855,-0.164149438540883,0.619347748693949
"null",16000,1200,2,1,8000,7996.21202810795,-24.4392729694043,8020.65130107735,7997.11239126687,7998.38154438799,2.53830624224791,90.5610219259592,89.4411340757845,89.4427190999916,-0.00994206049989605,0.248987861340073,0.503537266382896
"null",16000,1200,5,0,3200,3154.16468920958,-10.0329054031598,3164.19759461274,3197.73767799361,3198.19011971517,2.26220860779708,71.7784583067406,71.554172827906,71.5541752799933,-0.607048267849695,-0.475059996629167,0.706191190769186
"null",16000,1200,5,1,3200,3213.62214364187,-9.76507603902539,3223.38721968089,3197.52181891822,3197.9721996682,2.25190374989926,71.7756512345805,71.5498724081265,71.5541752799933,0.224314575301165,0.355207062672672,0.419429427970416
"null",16000,1200,10,0,1600,1498.82111916462,-5.0021451031687,1503.82326426779,1597.83644187808,1598.05277767167,2.16335793593736,53.7404501398714,53.6656248409397,53.665631459995,-1.84247289436083,-1.75586352871462,0.962475187981377
"null",16000,1200,10,1,1600,1566.28626749001,-4.9373141511672,1571.22358164117,1597.71540637534,1597.93110304997,2.15696674631893,53.7370629365271,53.6616345328717,53.665631459995,-0.584868937151525,-0.497702346216002,0.70984012473071
"null",16000,1200,25,0,640,604.175015535674,-2.0161425229293,606.191158058603,637.89310856721,637.977366183669,2.1064404114878,35.0725538999524,35.0542191140371,35.0542436803306,-0.961381173658472,-0.906772677538781,0.827783160645741
"null",16000,1200,25,1,640,622.555129892612,-1.94687920252734,624.502009095139,637.844903846417,637.928916329191,2.10031206933758,35.069815104621,35.0513173176815,35.0542436803306,-0.435981025511333,-0.383064268665261,0.661737615761756
"null",16000,1200,50,0,320,263.169196228814,-1.00547489046717,264.174671119282,317.911868368816,317.953613341781,2.08724864823586,25.0503067806191,25.0438924095064,25.0439613479976,-2.18530945027608,-2.14738752838938,0.988890612351285
"null",16000,1200,50,1,320,329.666255251129,-0.962095728645691,330.628350979775,317.890711202622,317.932325823778,2.08073105780421,25.0482263324976,25.0417529926775,25.0439613479976,0.470114885269534,0.506994265126306,0.314399712406049
