"scen","n","rep","m","oracle","G","HL","C","EF","mu","muEF","d","sdHL","sdEF","sdEF_simple","zHL","zEF","pHL_chisq"
"null",1000,2001,2,0,500,540.509191885344,8.35690327818117,532.152288607163,497.444957158057,498.722117096435,2.55431987675551,22.6737044178209,22.3606540929595,22.3606797749979,1.89930299582804,1.49504443706115,0.0915267766827445
"null",1000,2001,2,1,500,507.517464622574,8.82516118654053,498.692303436033,497.361497361416,498.609960869743,2.49692701665413,22.6732197055829,22.3584273219104,22.3606797749979,0.447927881131813,0.00368284249623924,0.374194189403589
"null",1000,2001,5,0,200,221.550568147796,3.43138999868196,218.119178149114,197.705188685788,198.163814824688,2.29313069450045,17.9512747049327,17.8883982286188,17.8885438199983,1.32833906527294,1.11554780195471,0.120450591281789
"null",1000,2001,5,1,200,196.457137314069,3.60298106802652,192.854156246042,197.641760362818,198.097118492853,2.27679065017207,17.9461180677427,17.8823843215571,17.8885438199983,-0.0660099885823603,-0.293191453249887,0.517628672244451
"null",1000,2001,10,0,100,105.720522263747,1.82948385547066,103.891038408277,97.8260539147591,98.043138678693,2.17084763933902,13.4369152928283,13.4159985664735,13.4164078649987,0.58752088384465,0.435890008530374,0.27928965943118
"null",1000,2001,10,1,100,90.0709610765581,1.90079474408245,88.1701663324756,97.7645366127312,97.9831976305973,2.18661017866028,13.4315837853096,13.410292678829,13.4164078649987,-0.572797345357574,-0.731753700917622,0.703477138027717
"null",1000,2001,25,0,40,32.8913539536561,0.660925516202631,32.2304284374535,37.8847217570808,37.9690632452933,2.10853720531135,8.76712145575824,8.76209431099714,8.76356092008266,-0.569556134088351,-0.654938717178305,0.704394014239655
"null",1000,2001,25,1,40,39.9828097874429,0.665436115555249,39.3173736718876,37.8444311425525,37.9295725527006,2.1285352537033,8.76290631239615,8.75776540636485,8.76356092008266,0.244026190473521,0.158465208280004,0.382147632411072
"null",1000,2001,50,0,20,20.7089232210513,0.316580836238791,20.3923423848125,17.8973883310476,17.9391854485352,2.08985587437763,6.25864739718152,6.25701214086815,6.26099033699941,0.449224043404298,0.392065235139043,0.294351744191653
"null",1000,2001,50,1,20,24.265538034898,0.308905005745514,23.9566330291525,17.8906106221421,17.9323309897689,2.08601838133905,6.25540970549923,6.25373083837564,6.26099033699941,1.01910629565184,0.963313291709936,0.146519379974611
"null",1000,2002,2,0,500,483.610040789707,1.45098061810884,482.159060171598,497.484467822886,498.741818997571,2.51470234937048,22.8389699427727,22.3606479449107,22.3606797749979,-0.607489176085614,-0.741604575450029,0.66976093379853
"null",1000,2002,2,1,500,502.725778586523,1.67601522979178,501.049763356731,497.252131568172,498.514631663828,2.52500019131206,22.8204249516009,22.3551499195495,22.3606797749979,0.239857365932461,0.113402580704037,0.432355452749661
"null",1000,2002,5,0,200,184.454463839295,0.672827789623937,183.781636049672,197.753881164462,198.202715991435,2.24417413486573,17.9846963806979,17.8883738935654,17.8885438199983,-0.73948522919964,-0.806170534424638,0.746385121080092
"null",1000,2002,5,1,200,203.847596471205,0.575707771301606,203.271888699903,197.61070992534,198.06014218518,2.24716129919638,17.970209606269,17.8772959181784,17.8885438199983,0.347068102293521,0.291528793760368,0.372803774165872
"null",1000,2002,10,0,100,96.2492031627235,0.357279194175429,95.891923968548,97.8519253250385,98.0663834645465,2.14458139508007,13.4479914281354,13.41594090931,13.4164078649987,-0.119179296839967,-0.162080282754492,0.531124217778796
"null",1000,2002,10,1,100,99.7789988090726,0.330599002353989,99.4483998067186,97.777242344185,97.9912420240908,2.13999679905787,13.4367245901673,13.4058585990206,13.4164078649987,0.148976519646192,0.10869559542678,0.430979406411858
"null",1000,2002,25,0,40,30.9793270563876,0.12404401434009,30.8552830420475,37.8993064765948,37.9830100672374,2.09258976606621,8.76948759925977,8.76178859533568,8.76356092008266,-0.789097349404011,-0.813501369912576,0.783262120409608
"null",1000,2002,25,1,40,36.2567376368235,0.112803555041243,36.1439340817823,37.8784144322463,37.9615909843753,2.07941380322405,8.76189481451649,8.75447597697443,8.76356092008266,-0.18508288786303,-0.207626008384024,0.550231835596586
"null",1000,2002,50,0,20,17.628686701123,0.132483777828732,17.4962029232942,17.9168529043882,17.9582035164203,2.06753060160914,6.25861893573646,6.25610980224692,6.26099033699941,-0.0460430977223716,-0.0738479035262749,0.480353723737963
"null",1000,2002,50,1,20,11.9554798952831,0.148508746630916,11.8069711486522,17.9115609692797,17.9526524527302,2.05457417252585,6.25286324291321,6.25045552047326,6.26099033699941,-0.95253659685377,-0.983237347093813,0.849527468026861
"null",1000,2003,2,0,500,536.632033198193,-1.31237749151532,537.944410689708,497.459575526964,498.729415951044,2.53968084816099,22.5067414758522,22.3606585310723,22.3606797749979,1.74047663511208,1.75374954562141,0.112220796015208
"null",1000,2003,2,1,500,498.87036687006,0.676804549461686,498.193562320599,497.11436273014,498.388032903757,2.54734034723338,22.4906968721054,22.3554690069802,22.3606797749979,0.0780769110848506,-0.00869901602592114,0.480584891652275
"null",1000,2003,5,0,200,232.975585261081,-0.461179297922079,233.436764559003,197.749242722608,198.199101018195,2.24929147793487,17.9176606312736,17.888420580811,17.8885438199983,1.96601237535374,1.96985884704697,0.0448814330361362
"null",1000,2003,5,1,200,190.20072688841,-0.17863228476822,190.379359173178,197.525960062404,197.975729271017,2.24884604306219,17.89830736203,17.871607795497,17.8885438199983,-0.409269604428325,-0.425052417486065,0.641912403142947
"null",1000,2003,10,0,100,118.282563766853,-0.199814684152514,118.482378451006,97.8625442044146,98.0760161945675,2.1347199015291,13.4257553044358,13.4160531709287,13.4164078649987,1.52095871698868,1.52104065155742,0.0798259895586987
"null",1000,2003,10,1,100,112.316376076633,-0.0915801084980659,112.407956185131,97.7299342981116,97.9438779891956,2.13943691084011,13.4090191460292,13.4001075398213,13.4164078649987,1.08780825947595,1.07940015801759,0.152977539384581
"null",1000,2003,25,0,40,53.3792006043731,-0.168429962836726,53.5476305672099,37.9319771186555,38.0144468096938,2.06174227595783,8.76449330183293,8.76220021703575,8.76356092008266,1.76247764174651,1.77274923795006,0.0500410183589442
"null",1000,2003,25,1,40,38.4843028797364,-0.0829325853281696,38.5672354650645,37.8703802323683,37.9531075385621,2.06818265484336,8.75253307009707,8.75043298702963,8.76356092008266,0.0701422825199592,0.0701825758122792,0.447569252887588
"null",1000,2003,50,0,20,12.7725015912695,-0.0112213589868953,12.7837229502564,17.9591853857808,17.9997641151799,2.02893646995364,6.25800392641306,6.25729326593353,6.26099033699941,-0.828808012187391,-0.83359384693076,0.804906873835341
"null",1000,2003,50,1,20,13.1441541076277,-0.0322532503619229,13.1764073579896,17.9182303005129,17.9590527018878,2.04112006874595,6.24904962172943,6.24840523944583,6.26099033699941,-0.763968360290282,-0.765418560516156,0.782938974887942
"null",1000,2004,2,0,500,505.841695009544,5.35695799426023,500.484737015283,497.490395209727,498.744883429327,2.50897643919971,22.5230549152052,22.3606595394742,22.3606797749979,0.370788946315551,0.0778086881956527,0.394241943669607
"null",1000,2004,2,1,500,515.487143439683,5.38308815422584,510.104055285457,497.457391537298,498.727188179539,2.53959328448248,22.5226424335625,22.3606256447576,22.3606797749979,0.800516722474716,0.508790196064376,0.284742413725327
"null",1000,2004,5,0,200,239.082858904646,2.16241023492467,236.920448669722,197.757922911334,198.206031784433,2.24054436549438,17.9209518011284,17.8884192283694,17.8885438199983,2.30595653913369,2.16421677013756,0.024430874230297
"null",1000,2004,5,1,200,219.226805361012,2.10827476986774,217.118530591144,197.751330840378,198.200453731773,2.2456144569755,17.9207043159803,17.8883045880291,17.8885438199983,1.19836107677329,1.05756678986957,0.143662532660894
"null",1000,2004,10,0,100,117.350259175289,1.15052639999752,116.199732775291,97.854409378394,98.0686851761754,2.14275797781396,13.4268392140251,13.4160400569198,13.4164078649987,1.45200590296263,1.35144554743364,0.0889383086972838
"null",1000,2004,10,1,100,105.756172398125,1.13767458369029,104.618497814435,97.8363489745723,98.0523475253304,2.15998550758075,13.4266787031736,13.4159356647124,13.4164078649987,0.589857223713946,0.489429172381586,0.278476729652036
"null",1000,2004,25,0,40,52.6415514580014,0.49098595375626,52.1505655042451,37.8900340155893,37.9741800800385,2.10365161123011,8.76476630304041,8.76219742282123,8.76356092008266,1.68304743473821,1.61790299169522,0.0574467550480524
"null",1000,2004,25,1,40,43.7180436241227,0.444575304175241,43.2734683199474,37.887465012865,37.9716957214919,2.10576771567303,8.76465385045068,8.76210062242589,8.76356092008266,0.665237750485471,0.605080086033937,0.241565198009648
"null",1000,2004,50,0,20,26.7119487546155,0.299725058245271,26.4122236963702,17.9211788846605,17.9625266164808,2.06738659101169,6.25825937388271,6.25743780952794,6.26099033699941,1.40466691211953,1.3503445558857,0.0845590208865642
"null",1000,2004,50,1,20,23.6229752941498,0.255977205437881,23.3669980887119,17.9173382633442,17.9587582008959,2.07099687758608,6.25818219169989,6.25736656097072,6.26099033699941,0.91170836131502,0.864299675449564,0.167771777487575
"null",1000,2005,2,0,500,489.406636190006,8.15143849834743,481.255197691659,497.503576189272,498.751349717014,2.49554705548396,22.6476091504319,22.3606469429708,22.3606797749979,-0.357518532993217,-0.782452854337276,0.599756389566425
"null",1000,2005,2,1,500,536.974937376481,6.21364445054465,530.761292925936,497.286248508013,498.556990502092,2.54148398815827,22.6362565173874,22.3573369163596,22.3606797749979,1.75332386951799,1.44043552880748,0.110261665509318
"null",1000,2005,5,0,200,185.366846293587,3.20095164290938,182.165894650678,197.771035625055,198.216457789683,2.22711082313695,17.9459983243003,17.8883832153248,17.8885438199983,-0.691195279711562,-0.897261812082289,0.730780956083276
"null",1000,2005,5,1,200,199.305188307732,2.30139622166935,197.003792086063,197.635018411009,198.084968095202,2.24974842096145,17.935123749542,17.8796791728851,17.8885438199983,0.0931228532373595,-0.0604695419131886,0.460594685888152
"null",1000,2005,10,0,100,100.45968168305,1.5798704338863,98.8798112491636,97.8498440688793,98.0645397615505,2.14695692671199,13.4351512136552,13.4159891048838,13.4164078649987,0.194254428005096,0.0607686456242187,0.412240072724707
"null",1000,2005,10,1,100,107.329361029782,1.13939849246209,106.18996253732,97.7707805384014,97.9870714540275,2.16290915626116,13.4265176290526,13.4080676871884,13.4164078649987,0.711918068069822,0.611787714282671,0.243961943537143
"null",1000,2005,25,0,40,33.8170473401559,0.568535285388682,33.2485120547672,37.9163152006209,37.9993833177188,2.07670292744694,8.76663362571788,8.76204182904987,8.76356092008266,-0.467598856696763,-0.54221052074877,0.663253775545991
"null",1000,2005,25,1,40,42.5098465339719,0.555052100506886,41.954794433465,37.8675667386315,37.9514853183978,2.09796449415868,8.76057476574812,8.75616279415577,8.76356092008266,0.529905847444016,0.457199027608208,0.282983878448026
"null",1000,2005,50,0,20,14.3935448512467,0.268364057561953,14.1251807936847,17.9293404834254,17.9704843694343,2.05719430044289,6.25826595628929,6.25678824835842,6.26099033699941,-0.564980085038638,-0.614581063496665,0.703099798839285
"null",1000,2005,50,1,20,15.6720194652782,0.341455718410456,15.3305637468677,17.9249828169403,17.9659362946059,2.04767388328042,6.25391831904363,6.25249619669107,6.26099033699941,-0.360248285431181,-0.421491267620902,0.615425222684917
"null",1000,2006,2,0,500,479.988351330089,5.39054988850029,474.597801441589,497.446942141637,498.72299521497,2.55210614666562,22.8471648147595,22.3606268882188,22.3606797749979,-0.764146928211845,-1.07891401676633,0.711085923179145
"null",1000,2006,2,1,500,461.996375168145,4.18375056711316,457.812624601032,497.332977863413,498.605688510124,2.54542129342204,22.8354602397649,22.3576716977264,22.3606797749979,-1.54744429603105,-1.82456672862051,0.874572604053992
"null",1000,2006,5,0,200,174.731851902615,1.87775905305075,172.854092849564,197.737786752746,198.189808876922,2.26011062088047,17.9863222241905,17.8883457016322,17.8885438199983,-1.27907943399285,-1.4163252684146,0.881920664922617
"null",1000,2006,5,1,200,180.380420547181,1.72503707155216,178.655383475629,197.668870510558,198.118958893648,2.25044191544713,17.9774999580249,17.8821045000875,17.8885438199983,-0.961671534069971,-1.08843874712414,0.810399682783965
"null",1000,2006,10,0,100,99.1480735321417,0.774980453641808,98.3730930784999,97.860743536281,98.0742705635856,2.13527027304526,13.4484372783289,13.4158641857287,13.4164078649987,0.0957233892100687,0.0222738178307001,0.448566784915659
"null",1000,2006,10,1,100,72.663150994443,0.917689807490189,71.7454611869529,97.8027375902379,98.0175730363838,2.14835446145903,13.4417525447559,13.4101401515878,13.4164078649987,-1.87026107734759,-1.959122839318,0.974159530562292
"null",1000,2006,25,0,40,32.0072080398402,0.370074443497942,31.6371335963423,37.9147444866348,37.9977781440731,2.07584143595863,8.7692338605616,8.76148636350484,8.76356092008266,-0.673666199434236,-0.725977794615479,0.742049925008939
"null",1000,2006,25,1,40,23.6818103010329,0.327787169354633,23.3540231316783,37.9005846509577,37.9834846974144,2.07250116141904,8.76521721865715,8.75771334424325,8.76356092008266,-1.62218162941353,-1.67046590710264,0.966488850134785
"null",1000,2006,50,0,20,11.7062279395308,0.328495737232912,11.3777322022979,17.9280232914432,17.9691133087302,2.0545008643511,6.25798480933357,6.25551042420854,6.26099033699941,-0.994217074901302,-1.05369197067021,0.862027473095738
"null",1000,2006,50,1,20,13.8171039718418,0.188243880729322,13.6288600911124,17.9295536038297,17.9704402683142,2.04433322422108,6.25523672781822,6.25283131999845,6.26099033699941,-0.657441086713655,-0.694338285332602,0.740933779779525
"null",1000,2007,2,0,500,477.990035009308,1.10334489736911,476.886690111939,497.456979287176,498.728114949619,2.54227132488609,22.5407956500303,22.3606550201434,22.3606797749979,-0.863631638390829,-0.976779294613913,0.73287749478396
"null",1000,2007,2,1,500,487.915934705547,0.597541023441853,487.318393682105,497.314688440108,498.582149858585,2.53492283695236,22.5323045983853,22.3580824409211,22.3606797749979,-0.417123498997749,-0.503789008124597,0.618119774634778
"null",1000,2007,5,0,200,196.68701302972,0.277648880920289,196.4093641488,197.760201331443,198.207818797768,2.23808733162582,17.9244787248604,17.8883976358531,17.8885438199983,-0.0598727761178398,-0.100537492825149,0.513002652644864
"null",1000,2007,5,1,200,165.52171236332,0.018411822011561,165.503300541309,197.678435949698,198.122241710452,2.21902880376624,17.9154640189652,17.8807865277997,17.8885438199983,-1.79491435735838,-1.82424532155951,0.955151128633082
"null",1000,2007,10,0,100,92.3717838963314,0.211246654183895,92.1605372421475,97.8417646565629,98.057281162637,2.15516506074032,13.4279756735568,13.4160046558381,13.4164078649987,-0.407357065071495,-0.439530551140901,0.64136369921463
"null",1000,2007,10,1,100,85.0803333132929,0.13042126552836,84.9499120477645,97.7916871106471,98.0067852629409,2.15098152293759,13.4207313117871,13.409223723673,13.4164078649987,-0.947143155022419,-0.973723273191827,0.820857107743472
"null",1000,2007,25,0,40,38.4962786052774,0.12670588542999,38.3695727198474,37.9227947793067,38.0056108652106,2.07040214759736,8.76491907112084,8.76208172024502,8.76356092008266,0.0654294490704722,0.0415382857929621,0.447031414398019
"null",1000,2007,25,1,40,32.3784151103498,-0.0257505414073532,32.4041656517571,37.8839693123593,37.9673636473719,2.0848583753157,8.75958871994818,8.75687587905773,8.76356092008266,-0.628517431357449,-0.635294832591988,0.726463344730486
"null",1000,2007,50,0,20,20.0800764529508,-0.00418288706545081,20.0842593400162,17.9370912533887,17.9780847566809,2.04967516460981,6.25774378359884,6.25686621399746,6.26099033699941,0.342453330412578,0.336618126598821,0.328329511002846
"null",1000,2007,50,1,20,9.38853279913624,-0.0930268252916574,9.4815596244279,17.9271568180667,17.9681131451585,2.04781635459197,6.2540614497447,6.25322031633268,6.26099033699941,-1.36529263224284,-1.35714929131231,0.950051435302803
"null",1000,2008,2,0,500,469.894764218605,0.841918255081239,469.052845963524,497.475182621076,498.737164815632,2.52396438911055,22.615474573232,22.3606526724033,22.3606797749979,-1.21953745932512,-1.3275247054279,0.812365888129403
"null",1000,2008,2,1,500,512.277644364747,-0.472403359334418,512.750047724081,497.15603615946,498.439006000424,2.56593968192902,22.610289825454,22.3562248858237,22.3606797749979,0.668793205307069,0.640136776076707,0.319453310676613
"null",1000,2008,5,0,200,190.571808935119,0.183953822581996,190.387855112537,197.685377878017,198.147938517463,2.31280319722912,17.939492412591,17.8883861334121,17.8885438199983,-0.396531227266269,-0.433805674086614,0.634741666982006
"null",1000,2008,5,1,200,215.960440103889,-0.10070388198468,216.061143985874,197.536595543414,197.991768808515,2.27586632550282,17.9261958002978,17.8743840596266,17.8885438199983,1.0277609798376,1.01090896990251,0.181443334117928
"null",1000,2008,10,0,100,79.7203692461439,0.178050805748148,79.5423184403958,97.8096690247949,98.0283878919486,2.18718867153711,13.4329739770656,13.4159928167881,13.4164078649987,-1.34663402233453,-1.37791289127855,0.911269221484786
"null",1000,2008,10,1,100,113.306728839934,-0.0356111768311358,113.342340016765,97.701305928356,97.9204648777655,2.19158949409491,13.4203692486035,13.40300265047,13.4164078649987,1.16281621038126,1.15062837344579,0.138264676163173
"null",1000,2008,25,0,40,34.6402838113657,-0.0413844108410896,34.6816682222068,37.8686597762366,37.9536487842409,2.12472520010673,8.76618770666019,8.76212323692868,8.76356092008266,-0.368275933952237,-0.373423252967278,0.625601378553998
"null",1000,2008,25,1,40,43.7791213107009,-0.0778792599523415,43.8570005706532,37.8389193202519,37.9232616396768,2.10855798562405,8.75651931666265,8.75232232729831,8.76356092008266,0.67837479432558,0.677961655099146,0.239581665607328
"null",1000,2008,50,0,20,9.71788654403284,0.0654826460058092,9.65240389802703,17.8969037533262,17.9386941959886,2.08952213312241,6.25802829690765,6.25675150152163,6.26099033699941,-1.3069639223803,-1.32437580363331,0.940726091110869
"null",1000,2008,50,1,20,18.137672865015,0.0152525870187982,18.1224202779962,17.8884625849369,17.9299525970033,2.07450060332334,6.25083104694395,6.249500126391,6.26099033699941,0.0398683436180805,0.0307972921194281,0.446618312831294
"null",1000,2009,2,0,500,559.26954925771,3.85568541432384,555.413863843386,497.464028262514,498.73166907656,2.53528162809023,22.5435058974364,22.3606564274766,22.3606797749979,2.74161087793463,2.53490745903039,0.0295152068494073
"null",1000,2009,2,1,500,550.000619309909,4.64240447319269,545.358214836717,497.139848841471,498.39189645318,2.50409522341839,22.5278713607803,22.3552245086213,22.3606797749979,2.34646095149788,2.10091016377061,0.0532031559203518
"null",1000,2009,5,0,200,194.89205877708,1.57710001430327,193.314958762776,197.745450950886,198.1960818373,2.25315443206906,17.9250636054173,17.8884284118091,17.8885438199983,-0.159184493657485,-0.272864835420722,0.549125132153947
"null",1000,2009,5,1,200,194.955282630072,1.56701821059493,193.388264419477,197.531695259653,197.982753416354,2.25529078350768,17.9072284448354,17.8726182698121,17.8885438199983,-0.143875566088694,-0.257068602233682,0.547854164756301
"null",1000,2009,10,0,100,108.842156630395,0.747498899970084,108.094657730425,97.8351858097923,98.0514114654799,2.16225655687661,13.4282467837042,13.4160762141135,13.4164078649987,0.819687856344745,0.748597883961003,0.213361800703109
"null",1000,2009,10,1,100,89.3772920839073,0.734564558760942,88.6427275251463,97.7146882724149,97.931039914043,2.16351641628088,13.4127863122391,13.4012429560206,13.4164078649987,-0.621600612610954,-0.693093351070383,0.721384408740517
"null",1000,2009,25,0,40,38.871248760666,0.380563404796363,38.4906853558696,37.8846547432023,37.9690370538942,2.10955776729854,8.76522996693566,8.76231251808227,8.76356092008266,0.112557687725863,0.059533176989399,0.430301155692295
"null",1000,2009,25,1,40,29.7453022431125,0.26304262780416,29.4822596153084,37.8397131269743,37.9239856393223,2.10681280870119,8.75493521067382,8.75215488669925,8.76356092008266,-0.924554058834522,-0.964531150704719,0.828348725199125
"null",1000,2009,50,0,20,18.3802301413305,0.108009658178608,18.2722204831519,17.9106667555739,17.9522245379154,2.07788911707412,6.2583525050911,6.25743037414537,6.26099033699941,0.0750298717393501,0.051138554662742,0.430881090206636
"null",1000,2009,50,1,20,16.2361849562422,0.111989979700434,16.1241949765417,17.9079676500685,17.949100818425,2.05665841782716,6.25092930606833,6.25004426166887,6.26099033699941,-0.267445464821267,-0.291982866917493,0.576067974963252
"null",1000,2010,2,0,500,476.434324967694,-7.095155135705,483.529480103399,497.466283909281,498.732787723211,2.53300762785975,22.4763337124405,22.3606550961602,22.3606797749979,-0.935737972690195,-0.679913336815565,0.74928832805729
"null",1000,2010,2,1,500,498.838284613604,-9.26836851142333,508.106653125027,496.991754373451,498.249048856165,2.51458896542937,22.4628358749627,22.3538366371651,22.3606797749979,0.0822037898701487,0.4409804199997,0.480989464370976
"null",1000,2010,5,0,200,195.94191179785,-2.92217867997546,198.864090477826,197.745738863621,198.196278269411,2.25269702894719,17.9115498830125,17.8884150782385,17.8885438199983,-0.10070748079047,0.0373321060303087,0.528000632241051
"null",1000,2010,5,1,200,206.981601615753,-3.35562696167154,210.337228577424,197.455099893492,197.901290389122,2.23095247814699,17.8881580373873,17.8653159507803,17.8885438199983,0.532559121087223,0.69609394105114,0.316297481647075
"null",1000,2010,10,0,100,97.4487579339648,-1.51423734043429,98.9629952743991,97.8313568548789,98.0479463808524,2.16589525973512,13.4237152682297,13.4160519909815,13.4164078649987,-0.0285017160502215,0.0682055267944535,0.496722317711995
"null",1000,2010,10,1,100,104.005918609641,-1.6054325052463,105.611351114887,97.6796899567336,97.8939872236862,2.14297266952638,13.4022104540154,13.3944418973388,13.4164078649987,0.472028750377664,0.576161660959857,0.319915477095396
"null",1000,2010,25,0,40,45.9368391954184,-0.646073969864553,46.582913165283,37.878501463156,37.9631175479851,2.11540212072758,8.7640445673327,8.76224312042846,8.76356092008266,0.91947703715465,0.983743032329413,0.176416478882409
"null",1000,2010,25,1,40,44.4160942025317,-0.648356445360926,45.0644506478926,37.8204967366621,37.9045495983411,2.10132154197345,8.74875225054502,8.74690658565423,8.76356092008266,0.75389007220529,0.81856379503292,0.219536916822763
"null",1000,2010,50,0,20,22.8490578744835,-0.319171767650822,23.1682296421344,17.8892423067991,17.9312276873459,2.09926902733916,6.25796880238016,6.25742034398483,6.26099033699941,0.792559970225166,0.83692666736425,0.196457294504528
"null",1000,2010,50,1,20,25.1329236905967,-0.293307914312005,25.4262316049087,17.8882370533245,17.9294848852199,2.06239159477199,6.24629955494772,6.24572506018877,6.26099033699941,1.15983656780176,1.20030046911194,0.121298355246436
"null",1000,2011,2,0,500,500.460252888397,1.56288087547798,498.89737201292,497.457486321996,498.728291171891,2.54160969978834,22.7474801159276,22.3606409356867,22.3606797749979,0.13200436053128,0.00756153821865686,0.460590735173005
"null",1000,2011,2,1,500,490.161033663907,0.88408309973631,489.276950564171,497.291068442833,498.56278828285,2.54343968003352,22.7453828083418,22.3575837763894,22.3606797749979,-0.313471742331429,-0.415332793183384,0.590390078880903
"null",1000,2011,5,0,200,215.389320773508,0.468073897529069,214.921246875979,197.700367958117,198.159887117654,2.29759579768447,17.9661377837989,17.8883621856986,17.8885438199983,0.984571811051271,0.936998009338495,0.188680039746311
"null",1000,2011,5,1,200,187.002032994885,0.563314149852112,186.438718845033,197.620463481407,198.074978497169,2.27257507880883,17.9590099044674,17.8803068235356,17.8885438199983,-0.591259236617523,-0.650786352101027,0.701798164007558
"null",1000,2011,10,0,100,95.4027425380743,0.196350567999027,95.2063919700752,97.8135163360587,98.0318279484364,2.1831161237778,13.4418265873956,13.4159571914359,13.4164078649987,-0.179348675740615,-0.210602638190051,0.55544682837127
"null",1000,2011,10,1,100,102.348596077032,0.0945258361671615,102.254070240865,97.7609796897357,97.9784598166865,2.17480126950728,13.4345836542152,13.4082972365462,13.4164078649987,0.341478121345204,0.318877956592781,0.361817859577906
"null",1000,2011,25,0,40,42.5679746081194,-0.00207529154772771,42.5700498996671,37.8886097229858,37.9727568350961,2.10367780275869,8.76805977788944,8.76187263822114,8.76356092008266,0.533683050032758,0.52469297995917,0.280897360012281
"null",1000,2011,25,1,40,34.5093167037469,0.0633819947155598,34.4459347090313,37.8721100025647,37.9559406675841,2.09576662548582,8.76298073788559,8.75666236990435,8.76356092008266,-0.383749936169457,-0.400838334319736,0.631642234941224
"null",1000,2011,50,0,20,25.18076027736,0.0861813836017699,25.0945788937582,17.9127423485855,17.9541817390663,2.07196952404174,6.25819738639089,6.25620900756731,6.26099033699941,1.16135965039703,1.14132970079087,0.120017557086265
"null",1000,2011,50,1,20,16.2339750922115,0.106802417207428,16.1271726750041,17.9037296914576,17.9451057309007,2.06880197215708,6.25448035547661,6.25244390545221,6.26099033699941,-0.266969357060012,-0.290755596273542,0.576222076759593
"null",1000,2012,2,0,500,469.834546942853,4.19221733553211,465.642329607321,497.485041888819,498.742088410788,2.51409304393854,22.6204270921483,22.3606474125715,22.3606797749979,-1.22236838558913,-1.48026835684812,0.812899518285196
"null",1000,2012,2,1,500,483.734968237813,4.38694178131084,479.348026456502,497.159093106453,498.423531481442,2.52887674997895,22.6148955513984,22.3555882996664,22.3606797749979,-0.593596589386402,-0.853276807983834,0.668297615242965
"null",1000,2012,5,0,200,142.328950321884,1.74950971445689,140.579440607428,197.742927220585,198.193987371152,2.25530075283521,17.9404970561778,17.8883887683903,17.8885438199983,-3.08876486115073,-3.22077899299305,0.998961982267097
"null",1000,2012,5,1,200,182.563739728731,2.02962792030501,180.534111808426,197.565299125254,198.010877513148,2.22789193947254,17.926090783068,17.8729356178808,17.8885438199983,-0.836856154421164,-0.977834088275797,0.77729714284409
"null",1000,2012,10,0,100,80.4645914856747,0.955473903372088,79.5091175823026,97.843836344299,98.0591302954792,2.15293951180228,13.4332928476677,13.4159805359108,13.4164078649987,-1.29374421117021,-1.38268035374109,0.901085876459135
"null",1000,2012,10,1,100,91.2741419414611,1.07693627080914,90.197205670652,97.7362516843969,97.9511222201147,2.14870535717803,13.4198397484062,13.4020350694193,13.4164078649987,-0.481534046910153,-0.578562621967434,0.671461083782828
"null",1000,2012,25,0,40,28.7422705766291,0.309220379177203,28.4330501974519,37.9082951721787,37.9916669247279,2.08429381372907,8.76606628397587,8.76194216371795,8.76356092008266,-1.04562574575838,-1.09092442619137,0.860982013083206
"null",1000,2012,25,1,40,26.2242128020905,0.323016576662622,25.9011962254278,37.8577039527297,37.941130181052,2.08565570805771,8.75569793656951,8.75143555825097,8.76356092008266,-1.32867662120346,-1.37576673855214,0.925619695059434
"null",1000,2012,50,0,20,12.3395516368038,0.158666216713047,12.1808854200907,17.9232455238677,17.9644889562575,2.0621716194898,6.25772027487992,6.25643168158957,6.26099033699941,-0.892288827526908,-0.924425268349988,0.829220526004868
"null",1000,2012,50,1,20,16.0317309582283,0.239574087069315,15.792156871159,17.9004256105788,17.9416217753915,2.05980824063511,6.24999234658521,6.24864880594737,6.26099033699941,-0.298991510505049,-0.343988751966137,0.590332745832222
"null",1000,2013,2,0,500,493.490425010972,-2.01564763190952,495.506072642881,497.439807817833,498.719495118362,2.55937460105701,22.5575364633049,22.3606527458202,22.3606797749979,-0.17508041329274,-0.143708795624543,0.548622874805274
"null",1000,2013,2,1,500,485.814644967743,-2.0416926687854,487.856337636528,497.415505299894,498.698782095184,2.56655359057999,22.5556439284242,22.3603354867932,22.3606797749979,-0.51432184197288,-0.484896323002848,0.643612997848669
"null",1000,2013,5,0,200,199.037845682385,-0.831903208109661,199.869748890494,197.725660463949,198.180216007435,2.27277771742653,17.9278720818393,17.8884128577567,17.8885438199983,0.0731924688242641,0.0944484508768011,0.465909038050034
"null",1000,2013,5,1,200,181.837043594368,-0.746735436120847,182.583779030488,197.709818363637,198.165179905379,2.27680770870823,17.9265284838533,17.8875158341118,17.8885438199983,-0.885434945397624,-0.871076845962949,0.788634712594221
"null",1000,2013,10,0,100,114.809044211291,-0.416334899219228,115.22537911051,97.8471928423265,98.0621710827238,2.14978240397297,13.4291134890638,13.4160133050013,13.4164078649987,1.26306560613829,1.27930761826153,0.117980953890299
"null",1000,2013,10,1,100,87.0763877616408,-0.330782350803927,87.4071701124447,97.8270968628638,98.0433955797146,2.162987168508,13.428089069839,13.4151506322969,13.4164078649987,-0.800613478605109,-0.792851735981501,0.777326056605878
"null",1000,2013,25,0,40,41.9084296649683,-0.136659964189833,42.0450896291581,37.8988085574495,37.9825997074137,2.09477874910395,8.7652876562299,8.76216919080894,8.76356092008266,0.457443185526136,0.463639748705805,0.305112419137487
"null",1000,2013,25,1,40,40.8705518028708,-0.0857086305536789,40.9562604334245,37.8911873525657,37.9751660806561,2.09946820226186,8.76462268736916,8.76154350141087,8.76356092008266,0.339930714256391,0.340247623297005,0.345525397367008
"null",1000,2013,50,0,20,19.8859850876645,-0.104637668270333,19.9906227559349,17.9336960718215,17.9747739627734,2.05389454759446,6.25810969527913,6.25712647744423,6.26099033699941,0.31196145655864,0.322168458705162,0.339275114282217
"null",1000,2013,50,1,20,19.0425879724429,-0.0905742350062085,19.1331622074491,17.9331048471736,17.9741568182757,2.05259855510409,6.25751298310225,6.25654354923281,6.26099033699941,0.177304166729716,0.185246914698703,0.389205330184688
"null",1000,2014,2,0,500,500.279951184283,3.17212888796453,497.107822296318,497.481336210087,498.740227839448,2.51778325872183,22.9134114771597,22.3606373183015,22.3606797749979,0.122138729843235,-0.0730035338390666,0.462852000247386
"null",1000,2014,2,1,500,479.982184807027,3.31604360182686,476.6661412052,497.495943608941,498.743576020472,2.49526482306358,22.9117140970572,22.3604572940671,22.3606797749979,-0.764401944250991,-0.987342724029608,0.711154340951206
"null",1000,2014,5,0,200,191.873686830797,1.0315102507246,190.842176580072,197.753368607971,198.202250596694,2.24440994361485,17.9997973333972,17.8883431794928,17.8885438199983,-0.326652665486694,-0.411445260344717,0.609300380353402
"null",1000,2014,5,1,200,210.428715272215,1.19794946075931,209.230765811456,197.772330775135,198.216458724703,2.22063974784175,17.9989565834691,17.8879645467178,17.8885438199983,0.703173233314238,0.615738423339723,0.259368216115902
"null",1000,2014,10,0,100,104.676328804643,0.566616105119905,104.109712699523,97.8438562727387,98.0590835166711,2.15227243932442,13.4529544454122,13.4158795290957,13.4164078649987,0.507878961430234,0.451005032486283,0.303681815136144
"null",1000,2014,10,1,100,108.494465844377,0.634988785822423,107.859477058555,97.8365086441164,98.0521915766674,2.15682932550975,13.4524282372659,13.4155259659373,13.4164078649987,0.792270139805387,0.731039953766134,0.220165251433358
"null",1000,2014,25,0,40,48.9751565193418,0.092254988483457,48.8829015308583,37.9336470166021,38.0159707732286,2.05809391566188,8.77062468893002,8.76173833942955,8.76356092008266,1.25891939221569,1.24027108966795,0.109410875609454
"null",1000,2014,25,1,40,42.6110250919292,0.132981965646713,42.4780431262825,37.9237179341398,38.0064003340569,2.06705999792871,8.77037646849307,8.76153119165555,8.76356092008266,0.534447657364343,0.510372296167181,0.279358070536993
"null",1000,2014,50,0,20,25.7536755314398,-0.0257231129185444,25.7793986443584,17.9445995418237,17.9853979361677,2.03991971719781,6.25900243919769,6.256130853175,6.26099033699941,1.24765504814488,1.24581804490793,0.105524910324149
"null",1000,2014,50,1,20,25.5083991678243,-0.0200984670862634,25.5284976349105,17.936559768283,17.977509281804,2.0474756760463,6.25883615446799,6.25598072176262,6.26099033699941,1.2097839298982,1.20700313650888,0.111540951599068
"null",1000,2015,2,0,500,546.352647587281,-2.23707599373148,548.589723581012,497.48913475383,498.744187153628,2.51010479959637,22.5956894762503,22.3606548022528,22.3606797749979,2.16251479667436,2.22916264609397,0.0660184079941325
"null",1000,2015,2,1,500,495.813104163551,-1.27094511662133,497.084049280172,497.103784781953,498.401588117388,2.59560667087198,22.576800696165,22.3546710652409,22.3606797749979,-0.0571684463078492,-0.0589379657330322,0.519246368835177
"null",1000,2015,5,0,200,203.558404338093,-0.851845212500885,204.410249550594,197.772315810526,198.217491282803,2.22587736138724,17.9355048253069,17.8883912190183,17.8885438199983,0.322605278408587,0.34618866459082,0.37821192303631
"null",1000,2015,5,1,200,160.301963808158,-0.944316987489029,161.246280795648,197.525267532374,197.975559077542,2.25145772584123,17.9153718739245,17.8714598018367,17.8885438199983,-2.07772989509602,-2.05519183598643,0.97703155200461
"null",1000,2015,10,0,100,103.578258446387,-0.465443554646122,104.043702001033,97.8937407281777,98.1040733452048,2.10332617027117,13.4316849097171,13.4160245728701,13.4164078649987,0.423217024254093,0.442726429395425,0.330494085253956
"null",1000,2015,10,1,100,92.5245585428868,-0.435226485503339,92.9597850283901,97.7125464820887,97.9287088413411,2.16162359252354,13.415168619368,13.4005916542561,13.4164078649987,-0.386725510979551,-0.370798837928382,0.637118239143201
"null",1000,2015,25,0,40,36.8040499492706,-0.256672903897199,37.0607228531678,37.93192395076,38.0143801730745,2.06140555786112,8.76584820005308,8.76211290652255,8.76356092008266,-0.128666841559339,-0.108838739021131,0.524672144497958
"null",1000,2015,25,1,40,38.0198225525872,-0.222523954689608,38.2423465072768,37.861289635739,37.9443746927144,2.07712642438424,8.75383899333098,8.75037224265884,8.76356092008266,0.0181101019757136,0.0340524730033547,0.468581346637749
"null",1000,2015,50,0,20,17.2185012438705,-0.136081091022831,17.3545823348933,17.947140732862,17.9879263758647,2.03928215013164,6.25793825237666,6.25675957743735,6.26099033699941,-0.116434432492978,-0.101225567825124,0.508133657114182
"null",1000,2015,50,1,20,21.4779793331056,-0.106235386993785,21.5842147200994,17.9093442545413,17.9503541263897,2.05049359241871,6.24962598376039,6.24853501590988,6.26099033699941,0.57101578363846,0.581554009773039,0.255987432551667
"null",1000,2016,2,0,500,479.326918179136,2.53924807475105,476.787670104385,497.472670907512,498.735931741008,2.5265216669912,22.5745446622834,22.3606529090434,22.3606797749979,-0.803814783413689,-0.98155727947219,0.718384016994723
"null",1000,2016,2,1,500,517.276775456379,2.12281854791733,515.153956908461,497.358363211652,498.643824878079,2.57092333285439,22.5692396848421,22.3593758367669,22.3606797749979,0.882546887837985,0.738398609644271,0.266261567854111
"null",1000,2016,5,0,200,194.25494068997,0.956800675816837,193.298140014153,197.77092829371,198.216363915591,2.22717810940489,17.9312396466691,17.8883809193035,17.8885438199983,-0.196081680520837,-0.274939578021356,0.561917944435278
"null",1000,2016,5,1,200,186.761789929927,0.87850177589928,185.883288154028,197.700381228909,198.150150276462,2.24884523776399,17.926341628428,17.8846494798836,17.8885438199983,-0.610196521170563,-0.685887757332423,0.706133385358644
"null",1000,2016,10,0,100,95.287934461105,0.425388079247202,94.8625463818578,97.8612597245226,98.0748259594093,2.13566234886688,13.4302397026429,13.4160038956382,13.4164078649987,-0.191606800801271,-0.239436392724653,0.558742847584877
"null",1000,2016,10,1,100,110.396821737631,0.486741871965233,109.910079865666,97.8095916577552,98.0256338859419,2.16042228186711,13.426470718199,13.4126285386881,13.4164078649987,0.937493578473621,0.886063902048998,0.184634434774862
"null",1000,2016,25,0,40,33.4371481686919,0.0760628442685479,33.3610853244233,37.9173278893346,38.0003482314197,2.07550855212943,8.76539300238514,8.76200336872445,8.76356092008266,-0.51112137464043,-0.529475133912417,0.680318392543098
"null",1000,2016,25,1,40,40.8305488315948,0.140391551794945,40.6901572797999,37.8883751117894,37.9720859987319,2.09277217356231,8.76279791816657,8.75950685716136,8.76356092008266,0.33575733998223,0.310299577977478,0.347136633588033
"null",1000,2016,50,0,20,23.0368505271856,0.0248963037236149,23.011954223462,17.9296323724759,17.9707572940332,2.05624607786037,6.25764331616369,6.25658711879735,6.26099033699941,0.81615680163769,0.805742305462827,0.189178012835037
"null",1000,2016,50,1,20,22.3975239939886,0.118743669894072,22.2787803240945,17.9243123273186,17.9654306292662,2.05591509737724,6.25586625709053,6.25483993076243,6.26099033699941,0.715042726752657,0.689601931076525,0.214813472702213
"null",1000,2017,2,0,500,521.517848888185,-2.26903621042647,523.786885098611,497.459228715596,498.729254043294,2.54005065539468,22.5755867632357,22.3606495129776,22.3606797749979,1.0656919098009,1.12061284448714,0.225179010477601
"null",1000,2017,2,1,500,494.552901581668,-2.45815013275083,497.011051714419,497.407690385933,498.670711478025,2.52604218418358,22.5712253775304,22.3594115068583,22.3606797749979,-0.126479123597189,-0.0742264510448601,0.535196833736157
"null",1000,2017,5,0,200,215.919813320515,-0.910429789336912,216.830243109852,197.760886737157,198.208362621222,2.23737942032345,17.9314597309315,17.8883947658597,17.8885438199983,1.01268535054257,1.04100344007226,0.181951891738168
"null",1000,2017,5,1,200,214.916720968768,-1.06079070949681,215.977511678264,197.717585743638,198.165261044547,2.23837650454627,17.9274240270548,17.8851518116664,17.8885438199983,0.959375713943837,0.995923927360701,0.19481088023749
"null",1000,2017,10,0,100,100.855980364454,-0.397016501550395,101.252996866004,97.8711952194585,98.0837583156744,2.12563096215912,13.4302848620997,13.4159906061718,13.4164078649987,0.222242876874362,0.236228441369941,0.401456936657554
"null",1000,2017,10,1,100,108.19289522283,-0.566213966805657,108.759109189635,97.8151578726035,98.0309678712507,2.15809998647214,13.4270412890996,13.413030835981,13.4164078649987,0.772898297307762,0.799829766260279,0.226177678733762
"null",1000,2017,25,0,40,43.276727615313,-0.11424897947642,43.3909765947894,37.9179530029089,38.0009523925474,2.07498474096475,8.76541938191086,8.76202634728596,8.76356092008266,0.611354046956729,0.615157269403961,0.25621497112569
"null",1000,2017,25,1,40,42.1773019879026,-0.342767270742398,42.520069258645,37.9077946935043,37.9907719767766,2.07443208180902,8.76306464393042,8.75973748692451,8.76356092008266,0.487216227185481,0.517058563527628,0.29509864268046
"null",1000,2017,50,0,20,23.6015942922389,0.0255623894421708,23.5760319027968,17.9389474832587,17.979894095563,2.04733061521719,6.25776120896135,6.25671222410156,6.26099033699941,0.904899790818336,0.894421479971023,0.168518224991988
"null",1000,2017,50,1,20,21.4824444160311,-0.136663550999553,21.6191079670306,17.9277489247558,17.9688136805494,2.05323778967598,6.25610689417409,6.25507676933617,6.26099033699941,0.568196092458954,0.583573059306939,0.255775118476134
"null",1000,2018,2,0,500,477.767778521991,3.75126758406065,474.01651093793,497.438484546715,498.718819971242,2.56067084905543,22.7966611333981,22.3606456871055,22.3606797749979,-0.8628766252048,-1.10472252809574,0.735252591911305
"null",1000,2018,2,1,500,518.237692455013,4.46598020856848,513.771712246444,497.08272117337,498.359380833795,2.55331932084986,22.791330295179,22.3542890830392,22.3606797749979,0.928202566838183,0.689457461849786,0.256612207863066
"null",1000,2018,5,0,200,211.322085680222,1.43303622133173,209.88904945889,197.757610896811,198.20565835115,2.24023727169369,17.9761158524374,17.8883548041316,17.8885438199983,0.75458318664384,0.653128319270709,0.245621199168546
"null",1000,2018,5,1,200,189.707049897463,1.62278288994454,188.084267007519,197.497437798049,197.949353868478,2.25958035214601,17.9594016488354,17.8700180619124,17.8885438199983,-0.433777697771516,-0.552046832117404,0.651389027219622
"null",1000,2018,10,0,100,109.001119896975,0.758391966585227,108.242727930389,97.8334694161776,98.0497737483873,2.16304332209696,13.4451663429605,13.4159436062612,13.4164078649987,0.830607089264024,0.759764238815458,0.210297265285762
"null",1000,2018,10,1,100,101.981814737464,0.606617810249979,101.375196927214,97.6803879756233,97.8986053942641,2.18217418640813,13.4290925250094,13.3991507150914,13.4164078649987,0.320306584665362,0.259463573988643,0.371404618422143
"null",1000,2018,25,0,40,39.6467672940179,0.177590498332653,39.4691767956853,37.8843369697563,37.9686495220604,2.10781380760117,8.76887543958924,8.76184111889422,8.76356092008266,0.200987040630624,0.17125707408562,0.396456086340209
"null",1000,2018,25,1,40,27.239017154872,0.288059087312061,26.9509580675599,37.8127848389977,37.8977541732745,2.12423335691992,8.75733749797813,8.75007575383043,8.76356092008266,-1.20741808644088,-1.25105158100174,0.902588367317889
"null",1000,2018,50,0,20,10.1465824181597,0.122473948584191,10.0241084695755,17.9067020392194,17.948250044376,2.07740025783023,6.25827474942358,6.25601091277939,6.26099033699941,-1.23997745892738,-1.26664446166702,0.92701671147034
"null",1000,2018,50,1,20,15.7632215521802,0.220841283892921,15.5423802682873,17.8787988422037,17.9203774387009,2.0789298248607,6.25019898531413,6.24785783362418,6.26099033699941,-0.338481589945275,-0.380610000057285,0.609068022426246
"null",1000,2019,2,0,500,513.240336145385,6.6455149978788,506.594821147507,497.444108937543,498.721643242491,2.55506860989497,22.6851732679876,22.3606508883003,22.3606797749979,0.696323850879877,0.352099674752113,0.308839916388633
"null",1000,2019,2,1,500,522.543330851042,6.74968547329137,515.79364537775,497.161441371848,498.434969347022,2.54705595034858,22.6666830036568,22.3552159329466,22.3606797749979,1.11978843464211,0.776493328572379,0.21584430742541
"null",1000,2019,5,0,200,203.720757255179,2.7466082186043,200.974149036575,197.762468232139,198.209619059604,2.23575413732428,17.9535983432116,17.8883938590817,17.8885438199983,0.331871578562573,0.154543219405211,0.375172136875249
"null",1000,2019,5,1,200,218.567652811554,2.43217027677697,216.135482534777,197.544036339264,197.996626483971,2.26295072353648,17.9358398686678,17.8738882904827,17.8885438199983,1.17215678921266,1.01482429318215,0.150795493877389
"null",1000,2019,10,0,100,121.854424058311,1.3349638273943,120.519460230917,97.8643870569371,98.0776427652035,2.13255708266347,13.4376938548275,13.4160080725838,13.4164078649987,1.78527932400808,1.6727641593757,0.051634812502295
"null",1000,2019,10,1,100,142.027568547224,1.25887355593345,140.76869499129,97.7376132103151,97.9526870231399,2.15073812824817,13.4229308461824,13.4023915999666,13.4164078649987,3.29957412762094,3.19465430097246,0.00244251617952686
"null",1000,2019,25,0,40,52.0807034589738,0.485558055099958,51.5951454038738,37.9242866068352,38.0070241916026,2.06843961918533,8.76719171651551,8.76198011728211,8.76356092008266,1.61470369416822,1.5508048443833,0.0636858734750993
"null",1000,2019,25,1,40,54.0031072820735,0.41807021112636,53.5850370709471,37.8615242336134,37.9449670811964,2.08607118957707,8.75727251200888,8.75233663513049,8.76356092008266,1.84322036642403,1.78695937345165,0.0444341648817151
"null",1000,2019,50,0,20,20.5227345317018,0.239467623963101,20.2832669077387,17.935789393798,17.9768130960065,2.05118511042409,6.25864529482066,6.25693094712633,6.26099033699941,0.413339471409991,0.36862382391986,0.304171369324031
"null",1000,2019,50,1,20,17.4843744196926,0.267206304538564,17.217168115154,17.9038286153894,17.9449888571446,2.05801208776141,6.25077096768744,6.24915763250409,6.26099033699941,-0.0671043936604194,-0.116467016003078,0.490073609707206
"null",1000,2020,2,0,500,467.237813305212,1.74541823509359,465.492395070119,497.479997307683,498.739584171001,2.51917372663734,22.7189317228522,22.3606466864842,22.3606797749979,-1.33114463177205,-1.48686169801068,0.835052718044168
"null",1000,2020,2,1,500,516.199082261216,2.10544220588264,514.093640055334,497.33730512573,498.604400762407,2.5341912733544,22.7179533165533,22.3582242343516,22.3606797749979,0.830258644899256,0.692775916842643,0.277312449830114
"null",1000,2020,5,0,200,189.911629199263,0.633180574791687,189.278448624471,197.744281653619,198.195062590362,2.25390468371786,17.9604092519704,17.8883871358355,17.8885438199983,-0.436106568868808,-0.498458239872791,0.647470976444906
"null",1000,2020,5,1,200,188.752598445069,0.579689716962696,188.172908728107,197.643208439104,198.098268038413,2.27529799654569,17.9551876912807,17.8823249049781,17.8885438199983,-0.495155503072353,-0.555037410574248,0.669486634526421
"null",1000,2020,10,0,100,110.914195786414,0.389020167481475,110.525175618932,97.8414698246897,98.0569978345052,2.15528009815474,13.439936271461,13.4159776316536,13.4164078649987,0.972677674780591,0.929352904928049,0.175689116874969
"null",1000,2020,10,1,100,93.387853219588,0.325398082483707,93.0624551371043,97.7882287035458,98.0044922030675,2.1626349952172,13.4345817573172,13.4102283196087,13.4164078649987,-0.327540936029589,-0.368527436534157,0.612914178384954
"null",1000,2020,25,0,40,42.8770231445211,0.201922337037543,42.6751008074835,37.8922392710869,37.9762434145378,2.10010358627141,8.76763884356264,8.76189183091927,8.76356092008266,0.568543477026779,0.536283428695645,0.269961415562774
"null",1000,2020,25,1,40,39.8777767320548,0.231479479887085,39.6462972521677,37.8864647949685,37.9698849368175,2.08550354622615,8.76340511764134,8.75754002704133,8.76356092008266,0.227230387087518,0.191425024627221,0.38659502303001
"null",1000,2020,50,0,20,14.4240052339983,0.134726632748382,14.2892786012499,17.9107638279899,17.9522457547861,2.07409633980866,6.25812683492256,6.25626572340153,6.26099033699941,-0.557156907484557,-0.585487783844414,0.701062123367061
"null",1000,2020,50,1,20,11.0394751205194,0.184328747017593,10.8551463735018,17.9235436499438,17.9645503628108,2.05033564335092,6.25477214147212,6.25286770005988,6.26099033699941,-1.10061060158847,-1.13698295411575,0.892674015490014
"null",1000,2021,2,0,500,527.325570520003,3.22440824254293,524.10116227746,497.467317443759,498.733160103005,2.53168531849119,22.843752961603,22.3606304981458,22.3606797749979,1.30706426069444,1.13449404642499,0.175512449076245
"null",1000,2021,2,1,500,501.847923214194,3.03456601633863,498.813357197856,497.444409972315,498.714070588887,2.5393212331429,22.8406099791931,22.3602537288128,22.3606797749979,0.192793154206053,0.00444031674116669,0.443253248861598
"null",1000,2021,5,0,200,213.017303766767,1.36165862879592,211.655645137971,197.786331765765,198.228617429451,2.21142831842914,17.9856063418502,17.8883394261177,17.8885438199983,0.846842286632403,0.750602243655826,0.220746693542862
"null",1000,2021,5,1,200,178.853546676275,1.30631037777293,177.547236298502,197.78037637279,198.221729397928,2.20676512569131,17.983981498404,17.8875079914913,17.8885438199983,-1.05242711121534,-1.15580622573367,0.831786068224947
"null",1000,2021,10,0,100,93.5977331467362,0.511424953860962,93.0863081928753,97.8435961234851,98.0588765560094,2.15280432524293,13.4482917097592,13.4159220379955,13.4164078649987,-0.315717644172437,-0.370646784399256,0.606981695651415
"null",1000,2021,10,1,100,91.9380532068605,0.495719179648886,91.4423340272116,97.854022151054,98.0676883189005,2.13666167846496,13.4472757844022,13.4151976581212,13.4164078649987,-0.439938098916325,-0.49386930111149,0.653345620340276
"null",1000,2021,25,0,40,37.5059693643288,0.209928242279892,37.296041122049,37.8987037228882,37.9824124362216,2.09271783333645,8.76944757094745,8.76167833609562,8.76356092008266,-0.0447843898241007,-0.0783378809223138,0.492128423462924
"null",1000,2021,25,1,40,32.7110596047457,0.103203337242324,32.6078562675034,37.8921904154278,37.9760619364,2.09678802430467,8.76883828281123,8.76115294355362,8.76356092008266,-0.590857151606752,-0.612728222356451,0.712217278105395
"null",1000,2021,50,0,20,8.14258942159942,-0.0133587069186483,8.15594812851807,17.9223645337808,17.9635955613992,2.06155138091867,6.25849875897775,6.25595844821932,6.26099033699941,-1.56263913900317,-1.56772899213753,0.976437558270131
"null",1000,2021,50,1,20,11.3543657801077,-0.0259597941045218,11.3803255742123,17.9195418742198,17.9608050289753,2.0631577377756,6.25809626125712,6.25558130112619,6.26099033699941,-1.04906920891518,-1.0519373241266,0.87871850566394
"null",1000,2022,2,0,500,505.72560419171,-1.50078492059416,507.226389112304,497.463653428253,498.73137735758,2.53544785865368,22.7179339641401,22.3606425579251,22.3606797749979,0.363675269788974,0.379909107384447,0.395643545191143
"null",1000,2022,2,1,500,510.393497415574,-2.12145565554779,512.514953071122,497.375301096607,498.653383804937,2.55616541666029,22.711646662783,22.3591865086357,22.3606797749979,0.573194736262761,0.61994962387522,0.340692269788523
"null",1000,2022,5,0,200,219.248833657035,-0.454851107767906,219.703684764803,197.749163048358,198.198970151883,2.24903551762678,17.9602046749395,17.8883914326773,17.8885438199983,1.19707269476035,1.20216033363607,0.143428394762569
"null",1000,2022,5,1,200,193.645455171094,-0.482546485200374,194.128001656294,197.686776884336,198.139988220461,2.2660566806246,17.9553394333905,17.8848788509554,17.8885438199983,-0.225076319399829,-0.224322825868758,0.574121880776775
"null",1000,2022,10,0,100,121.368176179724,-0.243063000790928,121.611239180515,97.8489321671955,98.0637110026774,2.14778835481842,13.439856236838,13.4159736808571,13.4164078649987,1.74996246969247,1.75518592522563,0.0548984590248887
"null",1000,2022,10,1,100,91.92400353607,-0.268870513960858,92.1928740500308,97.8025508591217,98.0194703342853,2.16919475163614,13.436236524413,13.4128256743634,13.4164078649987,-0.437514426928305,-0.434404832040064,0.653731898420173
"null",1000,2022,25,0,40,49.1450223840004,-0.0781293821413075,49.2231517661417,37.8942187690773,37.9781563501615,2.09843952710314,8.76771670263236,8.76196522662887,8.76356092008266,1.28320793160952,1.28338735947104,0.106362647248527
"null",1000,2022,25,1,40,40.7052075759207,-0.123860384540386,40.8290679604611,37.8993347645723,37.9826497942707,2.08287574245962,8.76536390509846,8.75972939501457,8.76356092008266,0.320109106903858,0.324943618442183,0.352209748319519
"null",1000,2022,50,0,20,20.2909740620186,-0.0707812986214174,20.36175536064,17.930527033038,17.9716361045407,2.05545357513429,6.25852780190181,6.25662399493632,6.26099033699941,0.377156913525787,0.382014207347883,0.316678507249425
"null",1000,2022,50,1,20,15.6280783017326,-0.0211535201304598,15.649231821863,17.922199311842,17.963371204124,2.05859461410074,6.25687944019674,6.25501772538218,6.26099033699941,-0.366655779775947,-0.369965279693846,0.61848606236595
"null",1000,2023,2,0,500,482.327878957056,-2.49545698581491,484.823335942871,497.462227769231,498.730694434637,2.53693333081349,22.7169324734156,22.3606448446756,22.3606797749979,-0.666214456106039,-0.621956951079507,0.684640493502132
"null",1000,2023,2,1,500,517.898538955817,-3.51098632469632,521.409525280513,497.029434085366,498.296053263307,2.53323835588207,22.7080765372291,22.352681678414,22.3606797749979,0.919016845668823,1.03403575238699,0.259995658470008
"null",1000,2023,5,0,200,187.632056749819,-1.11587854625043,188.747935296069,197.731636473573,198.184926656766,2.26645091596848,17.9599598738497,17.8883734410284,17.8885438199983,-0.562338657474356,-0.527548879265498,0.690311381744777
"null",1000,2023,5,1,200,203.992591333841,-1.45571463039555,205.448305964237,197.457755605532,197.911649199441,2.26946796954619,17.9404686618353,17.8677288517545,17.8885438199983,0.364251115814554,0.421802727550111,0.370103485053711
"null",1000,2023,10,0,100,101.243378475758,-0.704070293338565,101.947448769096,97.8348091051746,98.0509816890185,2.1617258384397,13.4397533442819,13.4159442566956,13.4164078649987,0.253618446951147,0.290435544865446,0.391014883727084
"null",1000,2023,10,1,100,87.2132100508394,-0.735729572005698,87.948939622845,97.6708694309567,97.8881560156021,2.17286584645431,13.4212400699092,13.3967934316217,13.4164078649987,-0.779187267766986,-0.741910102853164,0.774162941300276
"null",1000,2023,25,0,40,35.809185220156,-0.323138131018758,36.1323233511747,37.8881173246486,37.9722656302355,2.10370763967105,8.76748156436975,8.76177410157016,8.76356092008266,-0.237118503099143,-0.209996543819937,0.571174107133135
"null",1000,2023,25,1,40,39.6320854829659,-0.316076823169291,39.9481623061352,37.822345795597,37.9064247552926,2.10197399239133,8.75329459103689,8.74736763594917,8.76356092008266,0.206749546533258,0.233411654318904,0.397086417949823
"null",1000,2023,50,0,20,15.2041730489631,-0.187877787558572,15.3920508365217,17.9106904677637,17.9521878871062,2.07487096712504,6.25834044783564,6.25647864710322,6.26099033699941,-0.43246567382517,-0.409197760431876,0.647903362300144
"null",1000,2023,50,1,20,12.8833066070132,-0.135336420812825,13.018643027826,17.883443513441,17.9248185050647,2.06874958118192,6.24808406388676,6.24615984031281,6.26099033699941,-0.800267226769262,-0.785470689618629,0.798458307312223
"null",1000,2024,2,0,500,500.229921814817,3.62154060956279,496.608381205254,497.495730905661,498.747379413788,2.50329701625385,22.621343882549,22.3606310266162,22.3606797749979,0.12086774876646,-0.0956591165065038,0.463479758975151
"null",1000,2024,2,1,500,482.742562737253,3.95884132253411,478.783721414719,497.46385848687,498.726758137624,2.52579930150856,22.6218929019727,22.3604624926964,22.3606797749979,-0.650754373801004,-0.891888382425857,0.679856362015431
"null",1000,2024,5,0,200,155.334061174982,1.43400844595674,153.900052729026,197.779314459555,198.223104849086,2.2189519476518,17.9406736369259,17.8883878871682,17.8885438199983,-2.36586731042314,-2.47775553614053,0.988894057056402
"null",1000,2024,5,1,200,217.731070480273,1.51371568687902,216.217354793394,197.741182179595,198.191498616431,2.2515821841795,17.9405084358515,17.8879665741167,17.8885438199983,1.11423198356693,1.00770851188005,0.16020424483424
"null",1000,2024,10,0,100,87.2417406144196,0.704913927553012,86.5368266868666,97.87109234934,98.0836659004135,2.12573551073432,13.4333537662805,13.4159858135832,13.4164078649987,-0.791265674965062,-0.860677655298061,0.773500595718997
"null",1000,2024,10,1,100,117.581406502944,0.760926345901927,116.820480157042,97.8273813742637,98.0440018940101,2.16620519746371,13.4330474081208,13.4155791976691,13.4164078649987,1.47055426282036,1.39960250589061,0.08660544970937
"null",1000,2024,25,0,40,34.893864920748,0.305106911594234,34.5887580091537,37.9104661572121,37.9937358632866,2.08174265186113,8.76597575217751,8.76185780514458,8.76356092008266,-0.344126121466261,-0.388613685574031,0.613862101267848
"null",1000,2024,25,1,40,42.7313843322906,0.226495588492806,42.5048887437977,37.9075525950954,37.9908819399725,2.08323362192747,8.76570098563401,8.76155330910264,8.76356092008266,0.550307584653057,0.515206224806683,0.275081836999182
"null",1000,2024,50,0,20,22.0018678965809,0.187517470516272,21.8143504260647,17.9209691691782,17.9622677124756,2.06492716487084,6.257888811679,6.25658509884575,6.26099033699941,0.652120683222539,0.6156845392065,0.231902215099324
"null",1000,2024,50,1,20,21.788144313347,0.159733657078649,21.6284106562683,17.9220070819882,17.9632706878689,2.06318029403312,6.25767844093839,6.25636563117357,6.26099033699941,0.617822930316467,0.585825730858368,0.241526834090698
"null",1000,2025,2,0,500,500.873234946588,3.89855472748742,496.974680219101,497.469468002523,498.734350228603,2.52976445215852,22.6972791173257,22.3606464557782,22.3606797749979,0.149963655399845,-0.0786949524461203,0.455418254106007
"null",1000,2025,2,1,500,512.490139427239,3.80057607628083,508.689563350958,497.430789376999,498.703506553773,2.54543435354823,22.6977051495288,22.3601540197856,22.3606797749979,0.663474564984947,0.446600537203322,0.31709630850924
"null",1000,2025,5,0,200,212.447295890603,1.38012598347435,211.067169907129,197.732274955824,198.185461653379,2.26593348777576,17.9560119933905,17.8883863393946,17.8885438199983,0.819503848638297,0.720115722533384,0.228931037464456
"null",1000,2025,5,1,200,211.815551775459,1.64843149750512,210.167120277954,197.754096268847,198.199800751122,2.22852241137483,17.9551960573253,17.8871887728183,17.8885438199983,0.783141295796352,0.669044178983391,0.23821503818601
"null",1000,2025,10,0,100,100.763173943851,0.768747297675761,99.9944266461748,97.843836947382,98.0591413139919,2.15304366609889,13.4385014685169,13.4159980823367,13.4164078649987,0.217236795583777,0.144252057901737,0.403973241932447
"null",1000,2025,10,1,100,96.8893809709085,0.778842596802318,96.1105383741062,97.8519603740544,98.0655818468467,2.13621472792238,13.437556793834,13.4149024271249,13.4164078649987,-0.071633513287744,-0.145736689727045,0.512741789111246
"null",1000,2025,25,0,40,42.589026667255,0.252194033802567,42.3368326334524,37.8989695242261,37.9827104708132,2.0935236646788,8.76730277215123,8.76192005119658,8.76356092008266,0.534948691167202,0.496936988376714,0.280143993644926
"null",1000,2025,25,1,40,41.433823230102,0.255502335612966,41.178320894489,37.904631050877,37.9880122053202,2.08452886107925,8.76662806892202,8.76120631414409,8.76356092008266,0.402571222536071,0.364140344922411,0.323253514067633
"null",1000,2025,50,0,20,30.525318492124,0.126456841175388,30.3988616509486,17.9244619703394,17.9656790857069,2.06085576837637,6.2581213053563,6.25640200657575,6.26099033699941,2.01352065691018,1.98727360424951,0.0326417571751546
"null",1000,2025,50,1,20,28.2100000002308,0.134953851995523,28.0750461482353,17.9354489779205,17.9764116288109,2.04813254452118,6.25760077834037,6.25586450357972,6.26099033699941,1.64193137054603,1.61426682333764,0.0589305324550656
"null",1000,2026,2,0,500,493.516692752869,6.02044327032448,487.496249482544,497.493368693502,498.7462525127,2.50576763839674,22.6693085446565,22.3606432420866,22.3606797749979,-0.175421139678759,-0.503116252442212,0.548291314746813
"null",1000,2026,2,1,500,486.064934743518,5.74949578697795,480.31543895654,497.428317000823,498.706516350871,2.55639870009693,22.6672860024814,22.3603865839747,22.3606797749979,-0.501311990154475,-0.822484769002681,0.640603514767627
"null",1000,2026,5,0,200,187.148953932048,2.3165268648654,184.832427067183,197.778639349455,198.222565403885,2.21963027215338,17.9503970162556,17.8883935126605,17.8885438199983,-0.592169934056642,-0.748537778265325,0.699134535341226
"null",1000,2026,5,1,200,187.050685679412,2.31168271326938,184.739002966142,197.747964603788,198.195925409021,2.23980402616387,17.949008195747,17.8875948143215,17.8885438199983,-0.595981616795463,-0.752304744297111,0.700917141259887
"null",1000,2026,10,0,100,87.6563438030196,1.15474270898956,86.50160109403,97.867907226606,98.0807841086319,2.12876882025887,13.4365878414778,13.415970611958,13.4164078649987,-0.759981890049797,-0.863089473696453,0.763769393894988
"null",1000,2026,10,1,100,88.7693856782099,1.14372990338739,87.6256557748225,97.8572396722108,98.0706224572975,2.13382785086746,13.4356849797198,13.4152688883625,13.4164078649987,-0.67639677528301,-0.778587948508121,0.736705480729441
"null",1000,2026,25,0,40,50.1055560173272,0.429986547327791,49.6755694699994,37.9148645975389,37.9979720366926,2.07768597884218,8.76688622078484,8.76194169186392,8.76356092008266,1.39053834084059,1.33276365490429,0.0903871494247873
"null",1000,2026,25,1,40,55.1996643985227,0.492819966305457,54.7068444322172,37.9105656951156,37.9937399961175,2.07935752504968,8.76627047291394,8.76138079094812,8.76356092008266,1.9722296678875,1.90758795158942,0.0351926542041291
"null",1000,2026,50,0,20,21.2331742471814,0.225697113644713,21.0074771335367,17.940794018221,17.9816911573818,2.04485695804385,6.25811588060545,6.2565145221224,6.26099033699941,0.526097677283975,0.483621665938122,0.267812778236211
"null",1000,2026,50,1,20,23.3498730176508,0.196932010122943,23.1529410075279,17.9425534588912,17.9833931602302,2.04198506694869,6.25775621750535,6.25617070738147,6.26099033699941,0.864098787299074,0.82631182700918,0.177500874534472
"null",1000,2027,2,0,500,468.629326871771,-3.43416456915029,472.063491440921,497.503601632311,498.751435918115,2.49566857160748,22.6975813650387,22.3606546472559,22.3606797749979,-1.27213002549321,-1.193522501832,0.823391014813153
"null",1000,2027,2,1,500,521.253996581138,-3.3231573986903,524.577153979829,496.847382854703,498.118549599514,2.54233348962126,22.6622372102903,22.3487101684634,22.3606797749979,1.07697282929122,1.1838984970887,0.227619273449623
"null",1000,2027,5,0,200,210.020484909583,-1.31242167103413,211.332906580617,197.757713583802,198.205851715899,2.24069066048121,17.9561305379517,17.8884128330703,17.8885438199983,0.682929504208184,0.733830048938197,0.265793000779743
"null",1000,2027,5,1,200,199.632591313328,-1.66440227934773,201.296993592675,197.335150963774,197.790692174765,2.27770605495748,17.9209197133501,17.8588383063325,17.8885438199983,0.128198797065225,0.196334238418347,0.45410254953912
"null",1000,2027,10,0,100,95.9029913195978,-0.637613953802397,96.5406052734002,97.8690075307472,98.0818406054096,2.1283307466232,13.4386105913885,13.4160617097923,13.4164078649987,-0.146296091979128,-0.114879863058802,0.541074366560506
"null",1000,2027,10,1,100,90.6054735355434,-0.554917591189394,91.1603911267328,97.6199044565375,97.8349391195601,2.15034663022595,13.4081497424957,13.3874885365406,13.4164078649987,-0.523146821575435,-0.498566103314256,0.689394239152661
"null",1000,2027,25,0,40,40.1702377244367,-0.254690101439554,40.4249278258763,37.9294826736375,38.0120539556626,2.06428205062601,8.76766166930681,8.76221282313122,8.76356092008266,0.255570428617641,0.275372662011132,0.374269339318583
"null",1000,2027,25,1,40,43.6548439109691,-0.329372759962479,43.9842166709316,37.8150343431541,37.8981632073272,2.07822160432631,8.74571677644832,8.74071630283166,8.76356092008266,0.667733670902913,0.696287724340488,0.243628932347557
"null",1000,2027,50,0,20,23.4930345148036,-0.037925871545582,23.5309603863492,17.9603209968988,18.0008789808362,2.02789919687113,6.25912537670548,6.25732337151847,6.26099033699941,0.883943552001028,0.883777467964067,0.1723480379634
"null",1000,2027,50,1,20,20.6323567675436,-0.203322873886997,20.8356796414306,17.8846290026887,17.9256216223233,2.04963098173234,6.2422560706938,6.24062691784896,6.26099033699941,0.440181840305303,0.46630860287196,0.298365087922357
"null",1000,2028,2,0,500,523.632986963263,1.11586575036885,522.517121212894,497.455327690933,498.727141834452,2.54362828703993,22.7475715121823,22.3606331098605,22.3606797749979,1.15078918460862,1.06392244180022,0.2061884591035
"null",1000,2028,2,1,500,528.396174747793,1.15518664574477,527.240988102049,497.450450468794,498.724098589793,2.54729624199795,22.7471639217673,22.3606111293876,22.3606797749979,1.36042121054865,1.27531798425567,0.167213745981451
"null",1000,2028,5,0,200,232.928237469155,0.450049525539907,232.478187943615,197.754850507499,198.203459326772,2.24304409636516,17.9661583477683,17.8883558290567,17.8885438199983,1.9577578178267,1.91603571308488,0.0450838245576463
"null",1000,2028,5,1,200,231.565682975043,0.393770033961223,231.171912941082,197.744199225023,198.194773194009,2.25286984493231,17.9659432909845,17.8882914766122,17.8885438199983,1.8825331463109,1.84350415970066,0.0512423463317573
"null",1000,2028,10,0,100,121.0076909644,0.156636695935162,120.851054268465,97.8436340212568,98.0589476143542,2.15313593097349,13.4418627684065,13.4159760492399,13.4164078649987,1.72327729736887,1.6988780071206,0.0574274741612139
"null",1000,2028,10,1,100,114.44823490432,0.131228010492304,114.317006893828,97.830899987707,98.0474415923738,2.16541604666818,13.4417469754181,13.4159184402802,13.4164078649987,1.23624815635963,1.21270603826914,0.1226334275142
"null",1000,2028,25,0,40,45.7075079966028,0.0544867102678017,45.653021286335,37.9018057617429,37.9854166963424,2.0902733649886,8.76800924032742,8.7618237884494,8.76356092008266,0.890247948069963,0.875115133004696,0.182494451780394
"null",1000,2028,25,1,40,45.8251032558872,0.0189585912885943,45.8061446645986,37.9046932354883,37.9881819177724,2.08721705710134,8.76795763958347,8.76178729156677,8.76356092008266,0.903335799051047,0.892279450147234,0.179359159770192
"null",1000,2028,50,0,20,24.4560207171052,0.0772164456980956,24.3788042714071,17.9294718814983,17.97059611837,2.05621184358279,6.2585443730687,6.25651810218683,6.26099033699941,1.04282217182823,1.02424512298577,0.140648152646774
"null",1000,2028,50,1,20,21.1462828973385,0.0673672986264016,21.0789155987121,17.9315663324421,17.9726460341651,2.05398508614708,6.25849890273474,6.25647711212958,6.26099033699941,0.51365616817343,0.496488600353832,0.272097254367031
"null",1000,2029,2,0,500,471.196303066212,-10.3260758466704,481.522378912882,497.426211284472,498.712711554074,2.57300053920511,22.6856800381067,22.3606541656067,22.3606797749979,-1.156231956644,-0.768775927299692,0.800614871011335
"null",1000,2029,2,1,500,492.555793147877,-10.3140881098479,502.869881257725,497.437604226347,498.717787280824,2.56036610895332,22.6859060720805,22.3606300705234,22.3606797749979,-0.215191364319302,0.185687700382564,0.560403958697568
"null",1000,2029,5,0,200,196.950055271652,-4.16849334638384,201.118548618036,197.732692444976,198.185820105301,2.26563830162394,17.9537055848197,17.8884058597251,17.8885438199983,-0.0435919576394357,0.163945772235502,0.507711504059947
"null",1000,2029,5,1,200,189.116491173307,-4.14640357895099,193.262894752258,197.719825333585,198.175359075921,2.2776687116778,17.9537396655097,17.8883413612633,17.8885438199983,-0.479194547796971,-0.274618212189354,0.66262339906195
"null",1000,2029,10,0,100,102.574392575592,-2.05562350928334,104.630016084875,97.8416350359814,98.0571630215119,2.15527985530592,13.4377351056766,13.4160064388415,13.4164078649987,0.352199050092225,0.489926200715999,0.355969724010955
"null",1000,2029,10,1,100,90.8956890349161,-2.01049481428839,92.9061838492045,97.8140262656534,98.0322692150973,2.18242949443964,13.4377152482056,13.4159487976142,13.4164078649987,-0.514844756191803,-0.382088918437467,0.681651974321439
"null",1000,2029,25,0,40,38.1660228059395,-0.778166288066999,38.9441890940065,37.8947037482859,37.9786555401609,2.09879479687479,8.76736323830954,8.76214497338807,8.76356092008266,0.0309464830278761,0.110193743287522,0.461936928807494
"null",1000,2029,25,1,40,34.7753767097689,-0.732986293611508,35.5083630033804,37.8824733377618,37.9669062764365,2.11082346686622,8.76732878997889,8.76210186084818,8.76356092008266,-0.35439490207603,-0.280588300855256,0.619353946400863
"null",1000,2029,50,0,20,21.1807049169382,-0.489066443917762,21.669771360856,17.9285165459649,17.9696813479845,2.05824010097778,6.25857580440706,6.25686483273619,6.26099033699941,0.519637130332952,0.591364862720465,0.270394506172971
"null",1000,2029,50,1,20,19.4122253005016,-0.436445145730762,19.8486704462323,17.9213182976332,17.9626244929928,2.0653097679801,6.25854103562585,6.25682512471967,6.26099033699941,0.238219577754884,0.301438176014878,0.366862579740443
"null",1000,2030,2,0,500,518.827641217818,1.46784141341678,517.359799804402,497.458722837184,498.728970781334,2.54049588829863,22.6082494723382,22.3606531245055,22.3606797749979,0.945182350662729,0.833196996497836,0.250785332982832
"null",1000,2030,2,1,500,508.834363918659,1.67539563707695,507.158968281582,497.152204998337,498.433595790148,2.5627815836217,22.5909962592025,22.3552187211694,22.3606797749979,0.517115703366243,0.390305843135022,0.358702299073768
"null",1000,2030,5,0,200,197.409538476014,0.628634499019161,196.780903976995,197.765231312158,198.211871759456,2.23320223648911,17.9380763160543,17.8884109853829,17.8885438199983,-0.0198289286920435,-0.0799941248906764,0.49847750531593
"null",1000,2030,5,1,200,223.806889276541,0.536891494240933,223.2699977823,197.5446958704,197.996543412401,2.25923771000958,17.9202703205134,17.8735189062571,17.8885438199983,1.46550207873141,1.41401670831873,0.100696569129594
"null",1000,2030,10,0,100,98.0943662213327,0.342186357243255,97.7521798640895,97.8415248024222,98.0570903680676,2.15565565645472,13.4325456374039,13.4160387811715,13.4164078649987,0.0188230455891021,-0.0227273123573629,0.478317526045929
"null",1000,2030,10,1,100,118.790903072784,0.111538730092358,118.679364342691,97.7142392235518,97.9315797647368,2.17340541184998,13.4177627640248,13.4022809067248,13.4164078649987,1.57080313759472,1.54807862350832,0.0751827763935912
"null",1000,2030,25,0,40,34.7692317219879,0.189028369315017,34.5802033526729,37.8998098587285,37.9835294158066,2.0929889269539,8.76594651138726,8.76199946957567,8.76356092008266,-0.357129504802913,-0.388418884861968,0.619638459733812
"null",1000,2030,25,1,40,36.9436943243419,0.0268969419354719,36.9167973824064,37.8583321228673,37.9418978255129,2.08914256614134,8.75600401761349,8.75230284338588,8.76356092008266,-0.104458357566484,-0.117123511543162,0.518171061561343
"null",1000,2030,50,0,20,14.0158428535077,0.0391678066779444,13.9766750468297,17.9341323390198,17.9751856774172,2.0526669198692,6.25813157369203,6.25687297198005,6.26099033699941,-0.626111713915356,-0.639058943420116,0.728057909640882
"null",1000,2030,50,1,20,19.4917217926416,0.00740175943974234,19.4843200332019,17.9174149122402,17.9583266706327,2.04558791962488,6.25069491250164,6.24951572400996,6.26099033699941,0.251861097436179,0.24417785792689,0.362149303011784
"null",1000,2031,2,0,500,487.178515760043,6.07880276347976,481.099712996563,497.436392996869,498.717709942306,2.56263389087336,22.9027084311743,22.3606350730196,22.3606797749979,-0.447889264610447,-0.787902351083065,0.62712289187597
"null",1000,2031,2,1,500,489.61988660693,7.1164503179356,482.503436288995,497.306129667523,498.579487951598,2.54671656815106,22.901606442939,22.3577746182522,22.3606797749979,-0.335620257895162,-0.719036305584718,0.597113338773282
"null",1000,2031,5,0,200,179.494235335751,2.38613986253223,177.108095473219,197.712193914028,198.16937719162,2.28591638795965,17.9976889399877,17.8883743446761,17.8885438199983,-1.01223877349049,-1.17737259476957,0.822993622743842
"null",1000,2031,5,1,200,191.214887691088,2.4955033161903,188.719384374898,197.642326034115,198.094075526041,2.25874745963072,17.9913247114063,17.8808214765599,17.8885438199983,-0.357252089333478,-0.524287497832958,0.622226362581433
"null",1000,2031,10,0,100,98.3909078478604,1.13175831563423,97.2591495322262,97.8122518661771,98.030680039571,2.18428173393893,13.4523553601827,13.4159457414848,13.4164078649987,0.043015216754986,-0.0575084695638739,0.469903916565128
"null",1000,2031,10,1,100,90.9858682126052,1.18364035259334,89.8022278600119,97.7971737762096,98.0115613192255,2.14387543015927,13.4458674699514,13.4089335551859,13.4164078649987,-0.506572415563831,-0.612228662736472,0.679233152581477
"null",1000,2031,25,0,40,37.6718696631444,0.49810843844653,37.1737612246979,37.8878427913824,37.9720198551665,2.10442659460119,8.77064342232429,8.76186782047418,8.76356092008266,-0.0246245478054928,-0.0911059886800861,0.48449574259137
"null",1000,2031,25,1,40,30.8942441174523,0.591941163451684,30.3023029540006,37.8785411340401,37.9621217118389,2.08951444496985,8.76557917742376,8.75668077685873,8.76356092008266,-0.796786712574149,-0.874739978883433,0.786532857961359
"null",1000,2031,50,0,20,15.9622356671161,0.356776231500228,15.6054594356159,17.9160794087348,17.9574466543423,2.06836228037768,6.25904563557062,6.25612815072254,6.26099033699941,-0.312163204325408,-0.375949335125885,0.59518301796641
"null",1000,2031,50,1,20,16.5054310505159,0.47933629150016,16.0260947590158,17.9238021588145,17.9647890077401,2.0493424462788,6.25559498147085,6.25262840614846,6.26099033699941,-0.226736403571492,-0.310060685330015,0.557317811027028
"null",1000,2032,2,0,500,503.525263471522,0.339177286499948,503.186086185022,497.491621463496,498.745462109114,2.5076812912366,22.4825665594198,22.3606572597072,22.3606797749979,0.26836980520347,0.198590945889103,0.42248586591694
"null",1000,2032,2,1,500,483.951309437615,1.32619796668413,482.625111470931,497.194008169261,498.45805127784,2.52808621715857,22.468065202143,22.3559575067363,22.3606797749979,-0.589400939177575,-0.708220160202875,0.665758061498229
"null",1000,2032,5,0,200,195.666532176615,-0.000771208322948718,195.667303384938,197.769224585907,198.215052689599,2.22914051845857,17.9127802192523,17.8884059754448,17.8885438199983,-0.117385039259982,-0.142424613358974,0.533544396830488
"null",1000,2032,5,1,200,196.594457301795,0.60252710571594,195.991930196079,197.596669314492,198.040591836451,2.21961260979873,17.8970708824426,17.8747569730892,17.8885438199983,-0.0559986614167099,-0.114611999673995,0.514865055891278
"null",1000,2032,10,0,100,98.3747890081911,-0.0375203125765548,98.4123093207677,97.8601226239179,98.0738137548236,2.13691130905668,13.4240901140538,13.4160214595823,13.4164078649987,0.0383390144062292,0.0252306965193728,0.470360501854554
"null",1000,2032,10,1,100,83.828984242648,0.118440037521668,83.7105442051263,97.7582457053141,97.9718989785045,2.1365327319035,13.4106452794047,13.4032692363033,13.4164078649987,-1.03867197830203,-1.06402061481766,0.845504944701696
"null",1000,2032,25,0,40,43.0610786384256,-0.0716864054787726,43.1327650439043,37.9125760343005,37.9958179538072,2.08104798766718,8.76406749504303,8.76217836605399,8.76356092008266,0.587455836806033,0.586263697849208,0.263575417930283
"null",1000,2032,25,1,40,28.7052116180243,0.0114342822943921,28.6937773357299,37.8583650797057,37.9420417444574,2.09191661879097,8.75465033606115,8.75293206080124,8.76356092008266,-1.04551902249925,-1.05659044814759,0.862114515309145
"null",1000,2032,50,0,20,27.5613320240896,-0.0527758794721697,27.6141079035617,17.9412328256727,17.9821448246974,2.04559995123451,6.25744906855435,6.25689284313719,6.26099033699941,1.53738353968566,1.53941633976184,0.0690521998586845
"null",1000,2032,50,1,20,15.2541087891815,-0.0306478325784508,15.2847566217599,17.9068065523575,17.9479467258631,2.05700867527992,6.25025188066273,6.24977071158726,6.26099033699941,-0.42441453781776,-0.426126049578999,0.644451473553939
"null",1000,2033,2,0,500,486.579335182113,-0.382576648653998,486.961911830767,497.506071003937,498.752534155754,2.492926303634,22.646431335422,22.3606348003889,22.3606797749979,-0.482492612632234,-0.527293720873356,0.634394364592125
"null",1000,2033,2,1,500,469.266886089423,-0.695371962082402,469.962258051505,497.356750755091,498.616615632242,2.51972975430231,22.6449659589931,22.3582001703523,22.3606797749979,-1.24044631890968,-1.28160394675836,0.817885955540857
"null",1000,2033,5,0,200,179.420634377339,-0.230648036175123,179.651282413514,197.77506564819,198.219669667195,2.22302009502189,17.9457326287541,17.8883768411451,17.8885438199983,-1.02277414082513,-1.03801409253474,0.824017106985879
"null",1000,2033,5,1,200,170.388410439969,-0.69061069588585,171.079021135855,197.722388529274,198.161280185829,2.19445828277159,17.9403094470414,17.882150552459,17.8885438199983,-1.52360683465318,-1.51448557434551,0.922767049212177
"null",1000,2033,10,0,100,81.8545760810341,-0.117788512230407,81.9723645932645,97.8753199349592,98.0874263239604,2.12106389001135,13.4349687707648,13.4159241446846,13.4164078649987,-1.19246602856176,-1.20118909118018,0.880028703978547
"null",1000,2033,10,1,100,83.1147405064293,-0.276641791636174,83.3913822980654,97.8373205085863,98.0488394972015,2.11518988615194,13.4297904830231,13.4104074086174,13.4164078649987,-1.09626282113397,-1.09299119352014,0.858617779919545
"null",1000,2033,25,0,40,34.6388082789113,-0.114047254436519,34.7528555333479,37.911762252174,37.9949588885643,2.07991590975795,8.76624534466574,8.76173571703019,8.76356092008266,-0.37335870085523,-0.37002980458709,0.625669526917403
"null",1000,2033,25,1,40,16.758255138508,-0.106334479469397,16.8645896179774,37.903348340432,37.9861457952788,2.06993637117047,8.76240002387052,8.75780306206755,8.76356092008266,-2.4131622779513,-2.4117413953717,0.998895187302458
"null",1000,2033,50,0,20,15.6072922205601,0.0573456545723563,15.5499465659878,17.9394444206142,17.9803487911148,2.04521852503151,6.25758987738659,6.25619013737902,6.26099033699941,-0.372691762443853,-0.388479597288136,0.619933426963729
"null",1000,2033,50,1,20,7.4780587196707,0.0253209792546857,7.45273774041602,17.9328324709564,17.9736884724202,2.04280007319175,6.25483197874389,6.25339835955602,6.26099033699941,-1.67147155779959,-1.68243731281357,0.985437347188977
"null",1000,2034,2,0,500,482.087237186318,-1.04654575516098,483.133782941479,497.472035152629,498.735617299387,2.52716429351466,22.6060849330552,22.3606518194383,22.3606797749979,-0.680560035577652,-0.697736116276588,0.687403924463578
"null",1000,2034,2,1,500,454.509447161328,-0.857777567818919,455.367224729147,497.023729039885,498.321046903397,2.59463572702499,22.5837001793351,22.3530395216394,22.3606797749979,-1.88252064723473,-1.92160990601159,0.919102276686371
"null",1000,2034,5,0,200,207.446982682573,-0.510677136176472,207.95765981875,197.771891735725,198.217167567969,2.22637916121801,17.9376301985489,17.8883986273397,17.8885438199983,0.539373977485111,0.544514489737184,0.308269913025991
"null",1000,2034,5,1,200,176.825827735042,0.187084265179844,176.638743469862,197.480743955297,197.925042593311,2.22149319006996,17.9115297898643,17.8658411954805,17.8885438199983,-1.15316315594345,-1.19145238617892,0.857850419557329
"null",1000,2034,10,0,100,115.152921908815,-0.22909426246931,115.382016171284,97.860646287546,98.0742650168984,2.13618729352404,13.4323589573036,13.4159938411061,13.4164078649987,1.28735955287038,1.29008341531549,0.113672932537986
"null",1000,2034,10,1,100,80.1662471909906,0.0363009392980648,80.1299462516926,97.7030230649299,97.9160559670345,2.13032902104623,13.4106375463951,13.395468051665,13.4164078649987,-1.30767652270591,-1.3277706793628,0.905258599074976
"null",1000,2034,25,0,40,35.0397248834254,-0.109921918877241,35.1496468023026,37.916541269651,37.9996109138432,2.07674110480544,8.766036467517,8.76210637001478,8.76356092008266,-0.328177551723154,-0.325260159051891,0.607087536330721
"null",1000,2034,25,1,40,39.4444014048605,-0.00110405355970532,39.4455054584202,37.8384090352119,37.9218269957465,2.08544901336532,8.75089107691814,8.74725839904403,8.76356092008266,0.183523295574401,0.174189259441593,0.405181152924288
"null",1000,2034,50,0,20,15.4631074404214,-0.0490439439659884,15.5121513843874,17.9471289836669,17.9879216748539,2.03963455935136,6.25814111016195,6.25687044633519,6.26099033699941,-0.39692641944617,-0.395688277662298,0.629961685466931
"null",1000,2034,50,1,20,20.6674104699827,-0.07734691300884,20.7447573829915,17.9060082657964,17.9469368103964,2.04642722999951,6.24741450404645,6.24625074262351,6.26099033699941,0.442007201922928,0.447919990387709,0.296523387918449
"null",1000,2035,2,0,500,492.497730807624,12.7001016393255,479.797629168298,497.494701353164,498.746921059294,2.50443941226117,22.818809565045,22.3606494723257,22.3606797749979,-0.21898471659076,-0.847439244304972,0.56113467656096
"null",1000,2035,2,1,500,493.141776202975,12.3240302625041,480.817745940471,497.222480021089,498.507680739781,2.5704014373837,22.8021326250856,22.3553793131774,22.3606797749979,-0.178961498260269,-0.791305508687262,0.553021447269472
"null",1000,2035,5,0,200,223.806431568534,4.96367529547113,218.842756273062,197.769601090495,198.215320885798,2.22859897651258,17.980651771134,17.8883875652854,17.8885438199983,1.44804709025274,1.15311876556693,0.100700308567573
"null",1000,2035,5,1,200,203.747284135727,4.48625399969194,199.261030136035,197.616623876103,198.063743063627,2.23559593761661,17.9658236918397,17.876790591907,17.8885438199983,0.341240143774116,0.0669743859365088,0.374676348728503
"null",1000,2035,10,0,100,106.507565343216,2.50800311140845,103.999562231808,97.8755930143923,98.087694734197,2.12101719804765,13.4466857428601,13.41595835174,13.4164078649987,0.64194051187724,0.440659350798003,0.261656778163542
"null",1000,2035,10,1,100,105.902901849896,2.2514922087615,103.651409641134,97.7771920005521,97.9908658431111,2.13673842559005,13.4351130677357,13.4054522020592,13.4164078649987,0.604811422752932,0.422256833466142,0.275144944949875
"null",1000,2035,25,0,40,36.4124797002848,0.796567610353158,35.6159120899316,37.9239707739686,38.006695221657,2.0681111922108,8.76922347724779,8.76183000430181,8.76356092008266,-0.172363160501664,-0.272863446397796,0.542949046117721
"null",1000,2035,25,1,40,37.1952809202148,0.708373314029302,36.4869076061855,37.8892774284871,37.9719727049209,2.06738191084448,8.76135649773916,8.75422011264129,8.76356092008266,-0.0792110797513357,-0.169639908481501,0.506488896632072
"null",1000,2035,50,0,20,20.9210923822718,0.334042093095048,20.5870502891768,17.944004226628,17.9848266999585,2.04112366652547,6.25876516323811,6.25634016261579,6.26099033699941,0.475667017054772,0.41593384016547,0.283412716033155
"null",1000,2035,50,1,20,17.6465920473021,0.358802467474842,17.2877895798273,17.9189682209805,17.959926609986,2.04791945027538,6.25302374527505,6.25068710594559,6.26099033699941,-0.0435591139221535,-0.107530103293666,0.479152148298145
"null",1000,2036,2,0,500,508.727866091731,10.546228069075,498.181638022656,497.487481650843,498.743298044319,2.51163278695332,22.801117946827,22.3606468799896,22.3606797749979,0.492975145653017,-0.025118236725328,0.359945934175939
"null",1000,2036,2,1,500,502.713232130822,10.676954022378,492.036278108444,497.364373702445,498.638197722553,2.54764804021696,22.8014194531384,22.3587601745364,22.3606797749979,0.234584449418619,-0.295272169054695,0.432510775142532
"null",1000,2036,5,0,200,208.782197149415,4.20612691827074,204.576070231144,197.753483017145,198.20243211791,2.24474550382232,17.9770324255206,17.8883841687237,17.8885438199983,0.613489138319239,0.356300382031051,0.285815276372248
"null",1000,2036,5,1,200,168.893035536264,4.46850620044195,164.424529335822,197.673955447688,198.12765080777,2.26847680040745,17.9736024185074,17.8841205624663,17.8885438199983,-1.60128833615394,-1.88452774930857,0.934129047883996
"null",1000,2036,10,0,100,121.123941332189,2.12380884315408,119.000132489035,97.8599612565273,98.0736415236243,2.13680267096999,13.4454789972537,13.4159743124387,13.4164078649987,1.73024554055783,1.55981895001162,0.056601544112204
"null",1000,2036,10,1,100,94.192521782181,2.30822194024472,91.8842998419363,97.8314044363109,98.0445686600106,2.13164223699663,13.4416461192806,13.4117489376672,13.4164078649987,-0.270717040296902,-0.459318829088213,0.590087059219751
"null",1000,2036,25,0,40,63.9609380308165,0.745228837350749,63.2157091934657,37.9218647131862,38.0046918353707,2.07067805461093,8.76907385931247,8.76193608919926,8.76356092008266,2.96942114245937,2.8773340847775,0.00526578773735079
"null",1000,2036,25,1,40,47.2264163029915,0.807124673742387,46.4192916292491,37.8859972383308,37.9696818244529,2.09211465305366,8.76610017096737,8.7588580190877,8.76356092008266,1.06551589446758,0.964693089713566,0.144977632515605
"null",1000,2036,50,0,20,31.858369497355,0.309550842631091,31.5488186547239,17.9379454605891,17.978888985579,2.04717624949401,6.25869757413204,6.25634314441561,6.26099033699941,2.22417266082655,2.16898743497748,0.0228513342662242
"null",1000,2036,50,1,20,24.281730342265,0.32635249750687,23.9553778447581,17.9224356095088,17.9635307193368,2.05475549139937,6.25629274951899,6.25389147393267,6.26099033699941,1.01646374096627,0.958098993306239,0.146012804619237
"null",1000,2037,2,0,500,490.606730171002,-1.26339837614044,491.870128547143,497.485297322028,498.742190360639,2.51378607722054,22.7361904737227,22.3606329245369,22.3606797749979,-0.302538244433504,-0.307328591131011,0.584836318376058
"null",1000,2037,2,1,500,544.109015075995,-1.56817071208732,545.677185788082,497.459079953408,498.722006128648,2.52585235047943,22.7342853317459,22.3603382371157,22.3606797749979,2.05196400246833,2.09993154671934,0.0750489826994166
"null",1000,2037,5,0,200,202.336243054358,-0.479078152920754,202.815321207279,197.753330187476,198.202242196066,2.24456004294986,17.963812262973,17.8883505693666,17.8885438199983,0.255119169572307,0.257881742272707,0.401377808258826
"null",1000,2037,5,1,200,221.522917212447,-0.723818216466836,222.246735428914,197.741793932527,198.191271768451,2.24738917962129,17.9626524730001,17.8876737743558,17.8885438199983,1.32392046863157,1.34480670678093,0.120709391373839
"null",1000,2037,10,0,100,95.3980375882749,-0.12271318141131,95.5207507696863,97.8481666725301,98.0629904544255,2.14823781895418,13.4409960603681,13.4159220963058,13.4164078649987,-0.182287761505977,-0.189494219367843,0.555581927375429
"null",1000,2037,10,1,100,108.151663742869,-0.271328716218159,108.422992459087,97.8406210413822,98.0556912616751,2.15070220292927,13.4401693041579,13.4152788974451,13.4164078649987,0.767181012987441,0.772798036974556,0.227007730918777
"null",1000,2037,25,0,40,35.4263537596613,0.0554954488907713,35.3708583107705,37.9013079693947,37.9849265063797,2.09046342462699,8.7677320823928,8.7617541334761,8.76356092008266,-0.282279862851141,-0.298349868734806,0.589070260688092
"null",1000,2037,25,1,40,44.0342726848572,-0.00492044821067926,44.0391931330678,37.9035522289016,37.9869873018845,2.0858768245733,8.7671776089603,8.76125185421843,8.76356092008266,0.699280969247139,0.690792358430977,0.231411681265443
"null",1000,2037,50,0,20,20.1165881872913,0.0427409371884703,20.0738472501028,17.919010903509,17.9603404012751,2.06647488830702,6.2583759335474,6.25645015242175,6.26099033699941,0.351141782966789,0.337812465110038,0.326294229322878
"null",1000,2037,50,1,20,16.5143205536588,-0.00433775555484835,16.5186583092136,17.9241762492049,17.9653808721613,2.06023114782213,6.25802729683141,6.25611623617048,6.26099033699941,-0.22528755926967,-0.23124931000855,0.55669984666118
"null",1000,2038,2,0,500,516.420797997421,-0.527186130493789,516.947984127915,497.430087626787,498.714584315133,2.56899337669124,22.8702285925665,22.3606380167231,22.3606797749979,0.830368192157311,0.815423951639731,0.275019462284788
"null",1000,2038,2,1,500,473.154601483201,-1.46512584451802,474.619727327719,497.142871915826,498.415253500072,2.54476316849318,22.8674988892105,22.3532688836709,22.3606797749979,-1.04901154904802,-1.06452109068199,0.782165667671878
"null",1000,2038,5,0,200,179.045336586062,-0.175649576149763,179.220986162212,197.704416355085,198.163111821326,2.29347733120062,17.9910623101946,17.8883542039854,17.8885438199983,-1.03713051777107,-1.05890823957935,0.829181811801131
"null",1000,2038,5,1,200,193.057247301933,-0.384994444000253,193.442241745933,197.543276640898,197.993401210181,2.2506228464162,17.9776730733001,17.8723283070846,17.8885438199983,-0.249533369567589,-0.2546483807845,0.585857093103793
"null",1000,2038,10,0,100,86.896706114438,-0.130078054268681,87.0267841687067,97.8104897220459,98.0290793766961,2.18589654650194,13.4501201451864,13.4159189350418,13.4164078649987,-0.811426477221002,-0.820092552829296,0.781446412383583
"null",1000,2038,10,1,100,78.5565543544056,-0.0534112160819883,78.6099655704876,97.7164959628572,97.9331647874555,2.16668824598356,13.4368423235276,13.4015679847569,13.4164078649987,-1.42592590931152,-1.44186107468517,0.925707053167631
"null",1000,2038,25,0,40,38.2580911890538,-0.137119226579975,38.3952104156337,37.8867812460273,37.9709619468295,2.10451752005482,8.76987162348586,8.76165123429181,8.76356092008266,0.042339267775837,0.0484210632744453,0.457766674193091
"null",1000,2038,25,1,40,34.8466217626017,0.05743714034909,34.7891846222526,37.8335866917607,37.9179136253599,2.10817333998022,8.75952830670131,8.75102067345952,8.76356092008266,-0.340996093005812,-0.357527323937904,0.616053088616136
"null",1000,2038,50,0,20,14.4814749289295,-0.0834874181300726,14.5649623470596,17.9083830525051,17.9498948781141,2.07559128045339,6.25862080507137,6.25596227826912,6.26099033699941,-0.547550048214895,-0.541073040483726,0.697208447389211
"null",1000,2038,50,1,20,19.7810569647101,0.0453265267941185,19.735730437916,17.8868502688061,17.9282827085047,2.07162198492893,6.25080840037286,6.24805395592985,6.26099033699941,0.303033875712941,0.289281709498668,0.345279981751629
"null",1000,2039,2,0,500,466.409167347176,-0.355995036106778,466.765162383282,497.481238798899,498.740225432609,2.51797326741894,22.5868298441253,22.3606509839981,22.3606797749979,-1.37567209148678,-1.42997013245316,0.841765276225947
"null",1000,2039,2,1,500,462.361066906977,1.05353137935395,461.307535527623,497.079716287571,498.335091837025,2.51075109890685,22.5641932615229,22.3531170072612,22.3606797749979,-1.53866123101319,-1.65648291007351,0.872048873345169
"null",1000,2039,5,0,200,176.91516448469,0.132341539295105,176.782822945395,197.782008179287,198.225261252862,2.21626536787536,17.9337392453941,17.8883969083913,17.8885438199983,-1.1635523082536,-1.19867858574896,0.856759028323216
"null",1000,2039,5,1,200,208.108582437212,0.312491725136291,207.796090712076,197.484419237907,197.937786919673,2.26683840882664,17.9111888078337,17.8695503407399,17.8885438199983,0.593157903324559,0.55168169340713,0.297034579524626
"null",1000,2039,10,0,100,103.547371957047,0.0317080260743915,103.515663930973,97.8739703345378,98.0862730033948,2.12302668856989,13.4310698207617,13.416012984918,13.4164078649987,0.422408765513185,0.404694817579677,0.331264624946444
"null",1000,2039,10,1,100,100.894015839537,0.201516685901164,100.692499153636,97.7238562597162,97.9362261527426,2.1236989302641,13.4111111742344,13.3972766517757,13.4164078649987,0.236383066148286,0.205733827294533,0.400427279740582
"null",1000,2039,25,0,40,46.8651858926611,-0.0013184140226701,46.8665043066838,37.9286332802137,38.0112101679985,2.06442219462098,8.76563196424101,8.76204994061538,8.76356092008266,1.01949895328754,1.01064182453899,0.153322057639303
"null",1000,2039,25,1,40,37.733704256416,0.114280473320246,37.6194237830958,37.855028772331,37.9380406699648,2.07529744084568,8.75192364445222,8.74864085382007,8.76356092008266,-0.0138626113348095,-0.0364190155011237,0.481657916751088
"null",1000,2039,50,0,20,28.7122393198368,0.0457444088283014,28.6664949110085,17.9473293803462,17.9881034740053,2.03870468295575,6.25776148045458,6.25663481732984,6.26099033699941,1.72024932128104,1.70673081437099,0.0520113292171138
"null",1000,2039,50,1,20,17.9407950961869,0.105953516284236,17.8348415799027,17.9072641738232,17.9481906981893,2.04632621830869,6.24762983346772,6.24660245168445,6.26099033699941,0.0053669828811136,-0.0181457230812067,0.459559259207108
"null",1000,2040,2,0,500,432.702230947345,-1.42845052215911,434.130681469504,497.463389189032,498.731299829297,2.53582128053037,22.6112447122519,22.3606476060253,22.3606797749979,-2.86411292548597,-2.8890316370974,0.984052353736436
"null",1000,2040,2,1,500,511.225879657494,-1.69578762478494,512.921667282279,497.4488316656,498.716455351578,2.53524737195539,22.6093358615687,22.3603491839651,22.3606797749979,0.60935217541316,0.635285782606991,0.331235424574144
"null",1000,2040,5,0,200,185.812697478695,-0.532744338349029,186.345441817044,197.742064644133,198.193310161473,2.25622758670006,17.9386488746474,17.8883964550029,17.8885438199983,-0.665009235020887,-0.662321431338526,0.723003576498539
"null",1000,2040,5,1,200,207.220290105315,-0.6285179326861,207.848808038001,197.72800560179,198.180093619476,2.2604400884312,17.937456442483,17.8876434140128,17.8885438199983,0.529187877554553,0.540524774266822,0.31216760659963
"null",1000,2040,10,0,100,81.350683926496,-0.23937757204232,81.5900614985383,97.8456477419505,98.0607866561599,2.15138914209445,13.432739233447,13.4160208889137,13.4164078649987,-1.22796724694712,-1.22769078059741,0.887971532491752
"null",1000,2040,10,1,100,100.321364331704,-0.339610297255261,100.66097462896,97.8257449426472,98.0423232003198,2.16578257672598,13.4318753563789,13.415327990444,13.4164078649987,0.185798283772184,0.195198464808694,0.416026432889792
"null",1000,2040,25,0,40,33.2908157593709,-0.0851307152512158,33.3759464746221,37.8985746852221,37.9823588029506,2.09460294321483,8.76605343929133,8.76207599349926,8.76356092008266,-0.525636645699443,-0.525721567782122,0.686827614686819
"null",1000,2040,25,1,40,30.0801705826578,-0.161099622034731,30.2412702046926,37.8934554595622,37.9773453737531,2.09724785477158,8.76548916970287,8.76154783976377,8.76356092008266,-0.891368949939533,-0.882957590432914,0.81662985481466
"null",1000,2040,50,0,20,8.67708473405436,0.0641929855211841,8.61289174853317,17.9289859391405,17.9701467747926,2.05804178260289,6.2582214637296,6.25694602926323,6.26099033699941,-1.47835950816169,-1.49549875969783,0.966760384342352
"null",1000,2040,50,1,20,9.89477535768963,0.0212713682664688,9.87350398942316,17.9233253293958,17.9645684775045,2.06215740543754,6.25772577104475,6.25646814422565,6.26099033699941,-1.28298207135493,-1.29323194837153,0.935286654668861
"null",1000,2041,2,0,500,508.380396409752,0.889127676066085,507.491268733686,497.507749199509,498.753578646107,2.49165889319698,22.5180234273848,22.3606651192105,22.3606797749979,0.482841988565509,0.390761636158661,0.364015002774489
"null",1000,2041,2,1,500,494.077214157608,0.0672925501948289,494.009921607413,496.777806669513,498.040962267204,2.52631119538204,22.4830685105177,22.3489429768704,22.3606797749979,-0.120116722974971,-0.180368291420443,0.541211381156422
"null",1000,2041,5,0,200,233.272469497561,0.263943114656038,233.008526382905,197.751600585844,198.200990043626,2.24694728891057,17.9199415735576,17.8884271488113,17.8885438199983,1.98219780828589,1.94581312542014,0.0436295993129271
"null",1000,2041,5,1,200,203.166862001333,-0.429744209684455,203.596606211017,197.315788484091,197.763513691173,2.23862603541032,17.8818032239205,17.8550750702597,17.8885438199983,0.327208248741686,0.326691010644966,0.385580331112644
"null",1000,2041,10,0,100,119.077972963266,0.184556836477538,118.893416126789,97.8436205780933,98.0590037093111,2.15383131217848,13.4265568156612,13.4160822818246,13.4164078649987,1.58151882695677,1.55294310066232,0.072658721525994
"null",1000,2041,10,1,100,94.0698284323115,0.271057035622949,93.7987713966885,97.5912915062323,97.80754033121,2.1624882497771,13.3947565130684,13.3857523908482,13.4164078649987,-0.262898625330381,-0.299480284519702,0.593581060771259
"null",1000,2041,25,0,40,33.1537970080887,0.161257105660474,32.9925399024282,37.9109328138733,37.9942617378312,2.08322309894652,8.76480772029424,8.76230206301011,8.76356092008266,-0.542754154751155,-0.570822804262558,0.692887549811363
"null",1000,2041,25,1,40,25.3895838677453,-0.0346662053273319,25.4242500730726,37.8011163827394,37.8846235995892,2.08768042124368,8.74203654425439,8.73985327180372,8.76356092008266,-1.41975298915349,-1.42569596296495,0.941581467260069
"null",1000,2041,50,0,20,18.1387850156282,0.0905709024423239,18.0482141131859,17.9307292445093,17.971900974203,2.05858648468842,6.25847787772141,6.25767332010762,6.26099033699941,0.0332438294396745,0.0121951298955859,0.446545624318275
"null",1000,2041,50,1,20,8.10559854452148,-0.0415912176506384,8.14718976217212,17.8842293031492,17.9252682874421,2.05194921464463,6.24197113351145,6.24126977359215,6.26099033699941,-1.56659339645595,-1.56668096076261,0.977022862790451
"null",1000,2042,2,0,500,529.159523511829,-3.09769207509056,532.25721558692,497.46337186192,498.731233206695,2.53572268954975,22.7442960895137,22.360639584361,22.3606797749979,1.39358683712015,1.4993302071589,0.161460356288116
"null",1000,2042,2,1,500,485.83979267702,-1.91983160589225,487.759624282912,497.089642416837,498.365728737764,2.55217264185249,22.7375617353317,22.3540204160324,22.3606797749979,-0.494769398353584,-0.474460712545687,0.64331097532537
"null",1000,2042,5,0,200,193.023270993433,-1.37271124674389,194.395982240177,197.721080030893,198.176505340012,2.27712654559423,17.9655391650758,17.8883832616708,17.8885438199983,-0.261490011198329,-0.211339562918193,0.586533443655418
"null",1000,2042,5,1,200,190.037737808783,-0.967389794344222,191.005127603127,197.514066513486,197.962843969234,2.24388727874429,17.9486463267845,17.8700042344128,17.8885438199983,-0.416539975694207,-0.38935169095868,0.645049338964947
"null",1000,2042,10,0,100,99.4587982331358,-0.719493931340881,100.178292164477,97.8229043117976,98.0402705722054,2.17366260407855,13.441608130615,13.4159472590662,13.4164078649987,0.121703735553207,0.159364191807358,0.43988103588688
"null",1000,2042,10,1,100,85.6257043799906,-0.445200956023617,86.0709053360142,97.7142856541948,97.9291014684304,2.14815814235557,13.4255079770342,13.3990979650559,13.4164078649987,-0.900418911141619,-0.884999584549774,0.809464241866322
"null",1000,2042,25,0,40,35.9945026078903,-0.180282921556399,36.1747855294467,37.8842862951628,37.9686014880456,2.10787982207109,8.76798259598763,8.76183944492585,8.76356092008266,-0.215532326459833,-0.204730521470332,0.562502256600617
"null",1000,2042,25,1,40,28.632613899132,-0.00686497477569845,28.6394788739077,37.8520270499806,37.9353178605875,2.08227026517123,8.75579132017563,8.74945952842165,8.76356092008266,-1.05295030611393,-1.06244722390947,0.86431763562715
"null",1000,2042,50,0,20,20.9981083082108,-0.0811586320087993,21.0792669402196,17.9222712516293,17.9635088531479,2.06188007593108,6.25800632396831,6.25602758121585,6.26099033699941,0.49150430621985,0.498040976741683,0.279508496798113
"null",1000,2042,50,1,20,16.9190159280769,0.019438982585997,16.8995769454909,17.8984611215351,17.93963107802,2.05849782424263,6.24965952699724,6.24761429969696,6.26099033699941,-0.156719768369339,-0.16647220565129,0.528679488845013
"null",1000,2043,2,0,500,502.748060847647,0.282371015302084,502.465689832345,497.465270352172,498.732377503454,2.5342143025623,22.4727250862297,22.3606667699875,22.3606797749979,0.235075651715778,0.166958900076386,0.432079635350031
"null",1000,2043,2,1,500,573.390389108665,-0.000337297626031371,573.390726406291,497.40916195621,498.694765349885,2.57120678734937,22.4712011238955,22.3603625040179,22.3606797749979,3.38127128734822,3.34055232973008,0.0107581058674395
"null",1000,2043,5,0,200,195.946061003358,0.19277787049062,195.753283132867,197.73806711064,198.190175040282,2.26053964821123,17.9108440238534,17.88842991329,17.8885438199983,-0.100051460718209,-0.136227266407821,0.527917098690342
"null",1000,2043,5,1,200,207.181845808587,0.125798864697224,207.05604694389,197.744739527329,198.192771787079,2.24016129874711,17.9094715197512,17.8874035611757,17.8885438199983,0.526933822187314,0.495503728447669,0.312830996098187
"null",1000,2043,10,0,100,85.5448481773615,0.0792735558103907,85.4655746215511,97.8604415360971,98.0741469476084,2.13705411511237,13.4235185260676,13.4160864803167,13.4164078649987,-0.917463877657675,-0.939810006782219,0.811177735724206
"null",1000,2043,10,1,100,110.400356972784,0.153789274998763,110.246567697785,97.855690394617,98.0690620858896,2.13371691272681,13.4223962635059,13.4150821337755,13.4164078649987,0.934607079979812,0.90774737645744,0.184572270652579
"null",1000,2043,25,0,40,34.7916857913943,0.00504195932247957,34.7866438320718,37.922419279497,38.0052912398893,2.07179900980701,8.76407093676745,8.76231508963765,8.76356092008266,-0.357223659038231,-0.367328425751754,0.618598686002513
"null",1000,2043,25,1,40,42.9638334604707,0.0447343572262852,42.9190991032445,37.9107341528178,37.9939574604469,2.08058269072824,8.76342666464441,8.7616972787435,8.76356092008266,0.576612266071606,0.562121868184864,0.266937565764655
"null",1000,2043,50,0,20,8.10402769087166,-0.0642571165728424,8.16828480744451,17.9450976038978,17.9859614044877,2.04319002949334,6.25787189891831,6.25735086510098,6.26099033699941,-1.5725905023283,-1.56898291444693,0.977047486386691
"null",1000,2043,50,1,20,8.77334987709187,-0.014674449103279,8.78802432619515,17.9348546815215,17.9758957848681,2.0520551673317,6.25743740880689,6.25692535693426,6.26099033699941,-1.46409851284097,-1.4684323265085,0.964764004164211
"null",1000,2044,2,0,500,497.581106114819,0.231497297291153,497.349608817528,497.45643749218,498.727877779732,2.54288057510376,22.6664196077286,22.3606571350925,22.3606797749979,0.0055001462426248,-0.0616381242231383,0.49686802548574
"null",1000,2044,2,1,500,438.527354244449,-0.508016649192868,439.035370893642,497.417849227234,498.654769618209,2.47384078194922,22.6594918865866,22.3587832444171,22.3606797749979,-2.59893272442026,-2.66648672572349,0.9740424873312
"null",1000,2044,5,0,200,151.487011413495,0.17746303853421,151.309548374961,197.786166792145,198.228610726633,2.21221967244132,17.9498228819802,17.8884090345958,17.8885438199983,-2.57936558388713,-2.62287508413585,0.994069509777546
"null",1000,2044,5,1,200,200.979914478194,-0.0826685315294512,201.062583009723,197.694465186791,198.142685175778,2.24109994493631,17.9437597560917,17.8836375047965,17.8885438199983,0.183097039642844,0.163272031943269,0.42760725138347
"null",1000,2044,10,0,100,76.1500293424804,0.10856050037562,76.0414688421048,97.8574424625532,98.0714112159527,2.13968753399448,13.436478142705,13.416033611475,13.4164078649987,-1.61555825042282,-1.64206076190845,0.950119987930933
"null",1000,2044,10,1,100,95.2956288525129,-0.0334584542785444,95.3290873067915,97.8283489201627,98.0416105458475,2.13261625684851,13.4314845583354,13.4115020560351,13.4164078649987,-0.188565906966552,-0.202253500593949,0.558521991344112
"null",1000,2044,25,0,40,21.4738851828312,0.0815958455475798,21.3922893372837,37.9157991171719,37.9988871730726,2.07720139751718,8.76695482852434,8.76204125463479,8.76356092008266,-1.87544184450967,-1.89528870649915,0.985820784565864
"null",1000,2044,25,1,40,29.8395754016643,0.0237019215351443,29.8158734801291,37.8900678586814,37.973608119123,2.08850651104162,8.76372984692256,8.75894930823922,8.76356092008266,-0.918614858928367,-0.931359955619359,0.825090067638961
"null",1000,2044,50,0,20,9.95549082003324,0.0260259371945794,9.92946488283866,17.9356196745254,17.976657167161,2.05187463177744,6.2587250257636,6.25709708150856,6.26099033699941,-1.27504065470883,-1.28609036738521,0.933349407216871
"null",1000,2044,50,1,20,10.2763432572373,0.0323925642371809,10.2439506930001,17.9326367238033,17.9735991033439,2.04811897702914,6.25660007269889,6.25501172541172,6.26099033699941,-1.22371469769577,-1.23575282504127,0.922512000099184
"null",1000,2045,2,0,500,553.169275401237,1.70218430222903,551.467091099008,497.450158465764,498.724774914916,2.54923289830397,22.5595826626246,22.3606653356842,22.3606797749979,2.46986470311727,2.35870960869501,0.0437842755530047
"null",1000,2045,2,1,500,495.218459443339,0.438974938352422,494.779484504986,497.19353286333,498.459180852908,2.53129597915571,22.544672803329,22.3560347019109,22.3606797749979,-0.0876071006761219,-0.164595215430009,0.526774861740675
"null",1000,2045,5,0,200,221.653907381195,0.757008548129588,220.896898833066,197.74680766106,198.197170306504,2.25181322721891,17.9282985734491,17.888430794576,17.8885438199983,1.33348402371769,1.26896141910024,0.119487031144904
"null",1000,2045,5,1,200,188.52894677724,0.46469153186984,188.06425524537,197.582869193305,198.03032473388,2.23727770287431,17.9125125977177,17.8749734015501,17.8885438199983,-0.505452396288533,-0.557543178645816,0.67368126950322
"null",1000,2045,10,0,100,111.90609122209,0.252333915814864,111.653757306275,97.8455735220216,98.0607656340458,2.15192112024247,13.4293364224253,13.4160839265161,13.4164078649987,1.04700018361211,1.01318624321984,0.159392946892231
"null",1000,2045,10,1,100,91.4549997058072,0.227197562806879,91.2278021430003,97.7462126017142,97.9614722642525,2.15259662538279,13.4162381916472,13.4037625318206,13.4164078649987,-0.468925253565035,-0.502371636715174,0.66655509701042
"null",1000,2045,25,0,40,31.1084115841573,0.195719071257086,30.9126925129002,37.9079173274344,37.991368746934,2.08628548748929,8.76548718091151,8.76230972160049,8.76356092008266,-0.775713386254711,-0.807855058647804,0.778256773193798
"null",1000,2045,25,1,40,31.2188568027658,0.198813776551235,31.0200430262145,37.8611936572459,37.9447666339918,2.08932441864587,8.75596952909248,8.75298806906334,8.76356092008266,-0.758606666276123,-0.791126818994768,0.773933608332736
"null",1000,2045,50,0,20,11.6097305814187,0.0586442666203894,11.5510863147983,17.9383596503725,17.9793744525316,2.05074010795529,6.2586273872282,6.25760168272558,6.26099033699941,-1.01118482973893,-1.0272766570424,0.866717864223906
"null",1000,2045,50,1,20,17.1201013643399,0.0692608930136035,17.0508404713263,17.9118595977792,17.9529927019244,2.05665520725896,6.25219844700613,6.25123907629692,6.26099033699941,-0.126636772672899,-0.144315745980486,0.514862712459361
"null",1000,2046,2,0,500,496.157009019289,-5.39713551405159,501.554144533341,497.43294678639,498.716097327519,2.56630108225711,22.5618942909003,22.360651886026,22.3606797749979,-0.056552776582031,0.126921487812078,0.514891807631744
"null",1000,2046,2,1,500,512.931528145419,-6.09251646162921,519.024044607048,497.345099969372,498.611301970506,2.53240400226711,22.558505230392,22.3587141345865,22.3606797749979,0.690933553303318,0.912965858128915,0.312226201365012
"null",1000,2046,5,0,200,208.314012340154,-2.19480690447262,210.508819244627,197.698237865317,198.158256021897,2.30009078290006,17.9287207960485,17.8884015371226,17.8885438199983,0.592109977928664,0.690422964684674,0.293589206511962
"null",1000,2046,5,1,200,185.854346102603,-2.64813662781459,188.502482730418,197.680564862411,198.12827874922,2.23856943404823,17.9227968170773,17.8824650757004,17.8885438199983,-0.659842260139846,-0.538281270398372,0.722272128164792
"null",1000,2046,10,0,100,104.779987155282,-1.06336900979705,105.843356165079,97.8158203619124,98.0339530495629,2.18132687650467,13.429399864512,13.4160304274571,13.4164078649987,0.518576173442645,0.582094916804437,0.301210995928026
"null",1000,2046,10,1,100,93.9295005735185,-1.29491922915894,95.2244198026774,97.8027377644907,98.0178068587441,2.15069094253418,13.4240043201937,13.4105830789069,13.4164078649987,-0.288530687162078,-0.208297211212264,0.597571844571642
"null",1000,2046,25,0,40,42.9277865841916,-0.507905472156286,43.4356920563479,37.8932020961754,37.9772045613115,2.10006162840248,8.76524142725576,8.76209045055526,8.76356092008266,0.574380583786436,0.622966348708544,0.268190611262303
"null",1000,2046,25,1,40,51.511058588709,-0.603303669511488,52.1143622582205,37.8820500882205,37.965726015602,2.09189818453765,8.76115385612987,8.75797772995345,8.76356092008266,1.5556179841486,1.61551406944417,0.0706005480843822
"null",1000,2046,50,0,20,21.1386772739003,-0.314051232939467,21.4527285068398,17.9223895256335,17.9636825075862,2.06464909763436,6.25792270723504,6.25694643538773,6.26099033699941,0.513954533913997,0.557627596029975,0.272474444701778
"null",1000,2046,50,1,20,24.4206822876775,-0.289941192087743,24.7106234797653,17.9143720898358,17.9556457602432,2.06368352036899,6.25516312668952,6.25417326671618,6.26099033699941,1.04015036315849,1.08007524439258,0.141722913364777
"null",1000,2047,2,0,500,532.232218673323,2.3679668424076,529.864251830915,497.480740421199,498.740019893659,2.51855894491865,22.5303028665822,22.3606558094057,22.3606797749979,1.54243280518293,1.39191945900641,0.139671864824579
"null",1000,2047,2,1,500,537.644962945699,2.34782157411664,535.297141371582,497.459476357467,498.728086972917,2.5372212308999,22.5297788167029,22.3606125661317,22.3606797749979,1.78366094559435,1.63542274571021,0.106506939581206
"null",1000,2047,5,0,200,216.402553183692,0.930238290879348,215.472314892812,197.767189201739,198.213408117097,2.23109457679212,17.9223587424988,17.888395943885,17.8885438199983,1.0397830023212,0.964810194824378,0.175970718314508
"null",1000,2047,5,1,200,206.375677797999,0.924410054306272,205.451267743693,197.758805643886,198.206402464649,2.23798410381182,17.922109843934,17.8882838863393,17.8885438199983,0.480795633390741,0.405006166330843,0.326898340930022
"null",1000,2047,10,0,100,124.975718485347,0.393793747311561,124.581924738035,97.8535884897542,98.0679301136565,2.14341623902289,13.4272826803075,13.4160155898187,13.4164078649987,2.01992693840953,1.97629426165099,0.0343365656657351
"null",1000,2047,10,1,100,124.554906655916,0.450851105979922,124.104055549936,97.8397875452076,98.0554145810929,2.15627035885223,13.4271148600109,13.4158977997064,13.4164078649987,1.98963957553323,1.9416248809985,0.0363309272658379
"null",1000,2047,25,0,40,54.5717930634182,0.0605031145072559,54.511289948911,37.9061194467312,37.9895856636283,2.08665542242733,8.76463572684781,8.76198854249227,8.76356092008266,1.90146791447782,1.88561126337461,0.0398070354404904
"null",1000,2047,25,1,40,45.7513044849056,0.069316199580463,45.6819882853251,37.9107081863207,37.9939769343669,2.08171870115492,8.764549629911,8.76191436148559,8.76356092008266,0.894580626462204,0.877435116776773,0.18132216417273
"null",1000,2047,50,0,20,22.5170592081661,-0.0209995591602687,22.5380587673263,17.9230577077605,17.9643309452217,2.06366187305948,6.25764600618042,6.25684547840855,6.26099033699941,0.734142119235937,0.730995808972417,0.209835795407903
"null",1000,2047,50,1,20,19.5507185628043,0.0116412982094354,19.5390772645949,17.9261364325427,17.9673435358595,2.06035516584029,6.25757108908957,6.25677509986659,6.26099033699941,0.259618645498756,0.251205086270223,0.358673032862004
"null",1000,2048,2,0,500,510.233160188013,3.54948886508222,506.68367132293,497.485966192045,498.742512689633,2.51309299517732,22.6299500071897,22.3606395410866,22.3606797749979,0.563288650302713,0.355140049492117,0.342526867315553
"null",1000,2048,2,1,500,495.342979877134,4.19428443438804,491.148695442746,497.311881061364,498.590056825545,2.55635152836232,22.6186257749628,22.3577252055655,22.3606797749979,-0.0870477810552573,-0.332831775790258,0.525198574793893
"null",1000,2048,5,0,200,224.389550751064,1.36599971091045,223.023551040153,197.756087960547,198.204444541963,2.24178290707996,17.9423952251322,17.8883603389936,17.8885438199983,1.48438725467435,1.38744446264805,0.0960219725571852
"null",1000,2048,5,1,200,207.010911944286,1.27522036505749,205.735691579229,197.688588385894,198.131906912635,2.21659263370661,17.932843757261,17.881170376869,17.8885438199983,0.519846360375385,0.425239763747789,0.315788923289741
"null",1000,2048,10,0,100,105.453963063034,0.676694101165994,104.777268961868,97.8715639544339,98.0840656978833,2.12501743449416,13.4339058541175,13.4159569843561,13.4164078649987,0.564422528409809,0.498898682500968,0.285410109105036
"null",1000,2048,10,1,100,87.1882738304114,0.740603274677639,86.4476705557337,97.8061887335753,98.0201518491658,2.13963115590527,13.4266902585025,13.4095501124428,13.4164078649987,-0.790806572486476,-0.863002949121606,0.774741064149177
"null",1000,2048,25,0,40,40.8399244128902,0.26271384380846,40.5772105690817,37.9097102677636,37.9930070416356,2.08241934679798,8.76614067315665,8.76184995165741,8.76356092008266,0.334265015173591,0.294938117144694,0.346758661556497
"null",1000,2048,25,1,40,34.616528260995,0.267272476652156,34.3492557843429,37.9036264029605,37.9863220788837,2.06739189808106,8.76143037457269,8.75733271408389,8.76356092008266,-0.375178253028776,-0.415316673841975,0.626698301703307
"null",1000,2048,50,0,20,17.8948132188642,0.246973169685548,17.6478400491787,17.9343575953906,17.975373606852,2.0508005730691,6.25772486151132,6.25636078825603,6.26099033699941,-0.00631928974212001,-0.0523520891391221,0.462602048762678
"null",1000,2048,50,1,20,8.53021222907266,0.253478356565751,8.27673387250691,17.9290651086675,17.969972478247,2.04536847897513,6.25434383499258,6.25304337687086,6.26099033699941,-1.50277201374969,-1.55016333991764,0.969653612509513
"null",1000,2049,2,0,500,508.015779903673,-2.67279439027423,510.688574293948,497.45076310833,498.724985236649,2.54844425663962,22.7231613150838,22.3606474639814,22.3606797749979,0.464944848511493,0.535028740852396,0.368303413490287
"null",1000,2049,2,1,500,485.239589796572,-2.96146180837295,488.201051604945,497.403169093201,498.689419361496,2.57250053658962,22.719934875559,22.360095713202,22.3606797749979,-0.535370341651547,-0.469066317563131,0.650497297212623
"null",1000,2049,5,0,200,179.148345305758,-1.05542094888115,180.20376625464,197.714761738109,198.171432733556,2.28335497723052,17.9612479737472,17.8883820986968,17.8885438199983,-1.03369300727257,-1.00443217166213,0.827773276869239
"null",1000,2049,5,1,200,198.626743925227,-1.19820754558121,199.824951470808,197.70472346038,198.160297288239,2.27786913929736,17.9592829784173,17.8871719160915,17.8885438199983,0.0513394920028328,0.0930641350336247,0.474101950027547
"null",1000,2049,10,0,100,79.8485860405454,-0.436018678149711,80.2846047186951,97.8259222938539,98.0429957350619,2.17073441207952,13.4401968796504,13.415963282807,13.4164078649987,-1.33757982969191,-1.32367617904297,0.909568350135046
"null",1000,2049,10,1,100,90.8129776829402,-0.455005529269378,91.2679832122095,97.805358112454,98.0235997824421,2.18241669988162,13.4387836653133,13.4148377985243,13.4164078649987,-0.520313489944912,-0.503592862746037,0.683865115501816
"null",1000,2049,25,0,40,26.9830489064412,-0.195255598721599,27.1783045051628,37.8842544185487,37.9685846047652,2.10825465541141,8.7677529522508,8.76192662799446,8.76356092008266,-1.24332945641552,-1.23149628588846,0.908780227698693
"null",1000,2049,25,1,40,24.8279772627753,-0.164839636209166,24.9928168989845,37.8766841097524,37.9611630867663,2.11197442534776,8.76684374002752,8.76109955933744,8.76356092008266,-1.48841558420843,-1.48021901816654,0.950875099548003
"null",1000,2049,50,0,20,11.2578243245144,-0.0951259554220499,11.3529502799364,17.9098106429995,17.9513295867728,2.07594718866417,6.25844071905689,6.25654180634332,6.26099033699941,-1.06288237231838,-1.05463681232762,0.883097090640355
"null",1000,2049,50,1,20,11.4685564843605,-0.130531756531917,11.5990882408924,17.9049487244983,17.9465202123666,2.07857439341425,6.25771720006791,6.25584890929236,6.26099033699941,-1.02855275084467,-1.01463958984781,0.873426771096967
"null",1000,2050,2,0,500,512.226456550652,1.562498564958,510.663957985694,497.484607614866,498.741889220744,2.51456321175511,22.5697777904185,22.360655406213,22.3606797749979,0.65316765954354,0.533171704870388,0.320022281664815
"null",1000,2050,2,1,500,497.98453691154,0.484848721910293,497.49968818963,497.024001308699,498.283615985237,2.51922935307516,22.5461143791802,22.3524496679081,22.3606797749979,0.0426031548801094,-0.0350712251790679,0.491767906460464
"null",1000,2050,5,0,200,210.330638664656,0.686898953385112,209.643739711271,197.768750081407,198.21469488928,2.22972403936335,17.9303448402948,17.8884190461064,17.8885438199983,0.700593808715743,0.638907484922689,0.260903651841781
"null",1000,2050,5,1,200,176.091460908075,0.533809674670432,175.557651233404,197.444219438053,197.90073071144,2.28255636693185,17.9057610526055,17.8676298101415,17.8885438199983,-1.19250773353035,-1.2504780832964,0.866621930846251
"null",1000,2050,10,0,100,108.350725879087,0.298571675022199,108.052154204065,97.8664351621892,98.079509045971,2.13073883781852,13.4299878423285,13.4160437445933,13.4164078649987,0.780662710941103,0.743337257089159,0.223018118655449
"null",1000,2050,10,1,100,77.4653006253904,0.386710047511494,77.0785905778789,97.6619520320516,97.8797338046905,2.177817726389,13.40902797702,13.3963136935737,13.4164078649987,-1.50619802130875,-1.55275127939039,0.937654280017954
"null",1000,2050,25,0,40,37.2632856398009,0.201525311675313,37.0617603281256,37.9123446882043,37.9955957882104,2.08127750015115,8.76551506801269,8.76218032071563,8.76356092008266,-0.0740468806872487,-0.106575695306908,0.503338863919082
"null",1000,2050,25,1,40,32.0820121814062,0.263221808117191,31.818790373289,37.8398899709847,37.9233260910853,2.0859030025151,8.75076206694465,8.74769736155976,8.76356092008266,-0.657985869748251,-0.697844868824759,0.738936743108817
"null",1000,2050,50,0,20,26.4606878731338,0.142277239035072,26.3184106340987,17.9395116222081,17.9804608371652,2.04746074785289,6.25800541117102,6.25693869706011,6.26099033699941,1.36164411678434,1.33259253456505,0.0896815764501382
"null",1000,2050,50,1,20,23.2763823489614,0.143676834468712,23.1327055144927,17.9115390223538,17.9523650201573,2.04129989017391,6.24736863753639,6.24638958344911,6.26099033699941,0.858736475765769,0.829333557429977,0.180191576921841
