"scen","n","rep","m","oracle","G","HL","C","EF","mu","muEF","d","sdHL","sdEF","sdEF_simple","zHL","zEF","pHL_chisq"
"null",1000,3201,2,0,500,464.418257294967,1.65849357599568,462.759763718971,497.454324320706,498.726807478177,2.54496631494356,22.55674473816,22.3606554028958,22.3606797749979,-1.46457600195523,-1.60849684909274,0.857180249224872
"null",1000,3201,2,1,500,514.226959876352,1.95091074829762,512.276049128054,497.431498886076,498.704423688028,2.54584960390422,22.5573647129708,22.3603028141837,22.3606797749979,0.74456662841553,0.606951773095738,0.298139345964316
"null",1000,3201,5,0,200,217.171683379887,0.576314880133752,216.595368499753,197.726787015883,198.181080869056,2.27146926586371,17.9276836533105,17.888396657876,17.8885438199983,1.08462960079132,1.02939844094911,0.166719055412889
"null",1000,3201,5,1,200,169.756275781673,0.747473066740595,169.008802714933,197.738966775034,198.1879343955,2.24483810232864,17.9270264086662,17.8873000558383,17.8885438199983,-1.56092206010438,-1.63127646930948,0.927731270518363
"null",1000,3201,10,0,100,112.792068708366,0.248343416029911,112.543725292336,97.8126440398722,98.0310841613577,2.18440121485455,13.4290716990004,13.4160223915237,13.4164078649987,1.11544751597453,1.08173948339171,0.145775066394069
"null",1000,3201,10,1,100,88.0537315882453,0.419354217215117,87.6343773710301,97.8297872541682,98.0456966073385,2.15909353170314,13.428224461947,13.4149999942628,13.4164078649987,-0.728022955948227,-0.776095358983305,0.754260162823557
"null",1000,3201,25,0,40,37.8271736121861,0.199514115928777,37.6276594962573,37.8857829914022,37.9700781182997,2.10737817243846,8.7651887487321,8.76207739679062,8.76356092008266,-0.00668660777265802,-0.0390796162298022,0.477375939893308
"null",1000,3201,25,1,40,31.3235165237181,0.131442760206275,31.1920737635118,37.8888318754263,37.9728766870667,2.10112029100964,8.76454416882593,8.76139381129924,8.76356092008266,-0.749076646228783,-0.77394111822823,0.769803012248195
"null",1000,3201,50,0,20,18.4889182635172,0.0762004643768648,18.4127177991404,17.9179945846055,17.9593571234526,2.0681269423587,6.25764521655943,6.25666614792016,6.26099033699941,0.0912361853626543,0.0724604230063339,0.42390783658092
"null",1000,3201,50,1,20,15.6806461215716,0.0629125811895732,15.617733540382,17.9226719565985,17.9639072893245,2.06176663629948,6.25714117577315,6.2561459058315,6.26099033699941,-0.358314727452172,-0.375019026771028,0.61482413843406
"null",1000,3202,2,0,500,502.820808264967,-4.46006742246835,507.280875687435,497.499189131449,498.749193675658,2.50000908841769,22.6671354063214,22.3606455149605,22.3606797749979,0.234772459692204,0.381549003407331,0.43117943090044
"null",1000,3202,2,1,500,490.87625028445,-4.76112724889102,495.637377533341,497.440876004202,498.701693300173,2.5216345919418,22.6676204824752,22.3600284751269,22.3606797749979,-0.28960365402392,-0.137044358876414,0.581471186606304
"null",1000,3202,5,0,200,186.300941461898,-1.85667834680596,188.157619808704,197.77446049122,198.219239201076,2.22389354928218,17.9499414143845,17.8884023311701,17.8885438199983,-0.639195346906661,-0.562466071933103,0.714377112545342
"null",1000,3202,5,1,200,194.806489048592,-1.9137546742127,196.720243722805,197.760474555652,198.203356333173,2.2144088876043,17.9487010359615,17.8866213924659,17.8885438199983,-0.164579347616351,-0.0829174262609661,0.550844944825926
"null",1000,3202,10,0,100,80.927538480775,-0.802362349766798,81.7299008305418,97.8669554567913,98.0799478901608,2.12992433369444,13.4364625792856,13.4159952503776,13.4164078649987,-1.26070510568244,-1.21869803577627,0.894369357061669
"null",1000,3202,10,1,100,88.6336723440847,-0.852602311022886,89.4862746551076,97.8547108561806,98.0675751847434,2.1286432856282,13.4349871820463,13.4143071585949,13.4164078649987,-0.686345166329469,-0.639712541854055,0.740075584525734
"null",1000,3202,25,0,40,33.301230743372,-0.401289889158222,33.7025206325303,37.9076536446796,37.9910763626098,2.08556794825567,8.76700658179706,8.76208601727031,8.76356092008266,-0.525427106541916,-0.489444605043447,0.686365584184698
"null",1000,3202,25,1,40,25.9152852835761,-0.364025472605182,26.2793107561812,37.9106204846529,37.9937038468058,2.07708405382321,8.76588470161666,8.76090821414783,8.76356092008266,-1.36841124534351,-1.33712085599838,0.93183484759808
"null",1000,3202,50,0,20,18.1078231465388,-0.223661987231869,18.3314851337707,17.9370511804798,17.9780386391141,2.04937293171586,6.2583619296387,6.25675651717805,6.26099033699941,0.0272870070441759,0.056490370639517,0.44857101992181
"null",1000,3202,50,1,20,11.8554851473136,-0.22574507913902,12.0812302264526,17.9375411846411,17.978459646273,2.04592308159567,6.25746436266831,6.25584203306042,6.26099033699941,-0.971968146333001,-0.942675564481196,0.854608070042948
"null",1000,3203,2,0,500,517.365978115225,1.92206492983587,515.443913185389,497.478765152199,498.738990705162,2.52045110592506,22.5063690666261,22.3606502324187,22.3606797749979,0.883626004005949,0.74706783150736,0.265357632350857
"null",1000,3203,2,1,500,519.455514879977,1.86044603430514,517.595068845672,497.484466842722,498.737838106437,2.50674252743076,22.5066429795685,22.360537640371,22.3606797749979,0.97620280630925,0.843326356571533,0.244666430217977
"null",1000,3203,5,0,200,219.650167702608,0.79595958921797,218.85420811339,197.761203762697,198.208653754694,2.23724995998488,17.9175873046959,17.888415247076,17.8885438199983,1.22164684160209,1.1541298697251,0.139210388038213
"null",1000,3203,5,1,200,203.894885278879,0.797490514564521,203.097394764314,197.72882462324,198.181847052121,2.26511214440399,17.9173920031236,17.8880791352726,17.8885438199983,0.344138290581778,0.274794609025434,0.371922263678361
"null",1000,3203,10,0,100,127.089255293718,0.381382510087384,126.707872783631,97.8440088629167,98.0593183818003,2.15309518883624,13.42570714297,13.4160307286119,13.4164078649987,2.17830212735685,2.13539719618655,0.0256851580467547
"null",1000,3203,10,1,100,108.806991257261,0.386026801402411,108.420964455858,97.8405087302759,98.055902561324,2.15393831048104,13.425435377551,13.4157012200586,13.4164078649987,0.816843716317931,0.772606792929844,0.214043629732248
"null",1000,3203,25,0,40,43.2518151239872,0.0417108887185743,43.2101042352686,37.888856986732,37.9730583783373,2.10503479013228,8.76454077184949,8.76224136871963,8.76356092008266,0.611892656655816,0.597683359377327,0.257058535297453
"null",1000,3203,25,1,40,43.6788460345446,0.0814470416321525,43.5973989929125,37.8851575223948,37.969470831989,2.10783273985544,8.76436363168387,8.76204906218924,8.76356092008266,0.661050676994407,0.642307309737575,0.24284381158568
"null",1000,3203,50,0,20,22.2917956439777,0.0689365408513356,22.2228591031264,17.9278568583735,17.9690587240095,2.06009328180284,6.25796125375723,6.25724296853067,6.26099033699941,0.697341931125599,0.679820234008865,0.219287622850044
"null",1000,3203,50,1,20,19.8752432900037,0.0841678235885314,19.7910754664152,17.9234066234011,17.9646883830429,2.06408798209464,6.25782526386844,6.25710241164132,6.26099033699941,0.311903350493372,0.291890233404879,0.339887047909696
"null",1000,3204,2,0,500,475.451970035842,0.233729036981762,475.21824099886,497.446757397031,498.722919531034,2.55232426800542,22.6588369445161,22.3606446222161,22.3606797749979,-0.970693571565356,-1.05116283225668,0.759386882359783
"null",1000,3204,2,1,500,517.853317929074,1.46258165444104,516.390736274633,497.024418473854,498.284492906392,2.52014886507445,22.6493554154651,22.3536032005288,22.3606797749979,0.919624381054005,0.809992161255359,0.260448634479036
"null",1000,3204,5,0,200,184.599583908012,-0.0103629654675765,184.60994687348,197.721136760942,198.176543736987,2.27703488022875,17.9482673453677,17.8883873715964,17.8885438199983,-0.731076298365704,-0.75840245303772,0.74393192434241
"null",1000,3204,5,1,200,192.579426900871,0.37309317251634,192.206333728355,197.451965994369,197.905321748495,2.26677877062638,17.9278668695223,17.8673851862217,17.8885438199983,-0.27178576954861,-0.31896038288437,0.595351826776165
"null",1000,3204,10,0,100,77.1701194525051,0.00104279570313296,77.1690766568019,97.8151546950964,98.0333258132794,2.18171118183066,13.4359150029453,13.4159958484305,13.4164078649987,-1.5365559575262,-1.55517707311443,0.940631316763296
"null",1000,3204,10,1,100,92.2708404813695,0.12453948721419,92.1463009941553,97.6714896217634,97.8881612517744,2.16671630010962,13.4166147880844,13.3962452709794,13.4164078649987,-0.402534411675169,-0.428617134239681,0.644161873249973
"null",1000,3204,25,0,40,31.9924533023132,-0.0261692888065848,32.0186225911197,37.864945703848,37.9500610115377,2.12788269224061,8.76680552960826,8.76200429629814,8.76356092008266,-0.669855442977675,-0.676949955722333,0.742662280757955
"null",1000,3204,25,1,40,29.7741930737866,0.0418093865858676,29.7323836872008,37.8162547236746,37.9005975252135,2.10857003847404,8.75242800494996,8.74749699754049,8.76356092008266,-0.91883779510551,-0.933777266835233,0.827353484211571
"null",1000,3204,50,0,20,12.754858041068,-0.0517731391013906,12.8066311801693,17.9136159246428,17.9550717074939,2.0727891425564,6.25832056168398,6.25675164228007,6.26099033699941,-0.824303873975217,-0.822861577649008,0.805925476152275
"null",1000,3204,50,1,20,13.5750803761719,-0.0473989308927593,13.6224793070647,17.8669737301263,17.9086242106046,2.08252402391404,6.24694655167995,6.24534651850581,6.26099033699941,-0.687038590525508,-0.686294169721323,0.756341353461141
"null",1000,3205,2,0,500,476.46883195032,-1.59930613637102,478.068138086691,497.469898578806,498.734519714173,2.52924227073299,22.7318012559397,22.3606437175631,22.3606797749979,-0.923862847120329,-0.924230173715841,0.748929818876719
"null",1000,3205,2,1,500,509.283549569813,-1.87610989764994,511.159659467463,497.442489786396,498.70645279367,2.52792601454724,22.7283166162722,22.3600407105137,22.3606797749979,0.520982701153468,0.55694025046822,0.353475404990269
"null",1000,3205,5,0,200,179.115312266448,-0.737576946411457,179.852889212859,197.747694295528,198.197800776543,2.25053240507437,17.9629963998471,17.888387518497,17.8885438199983,-1.03726469762244,-1.02552069294757,0.828225714324061
"null",1000,3205,5,1,200,208.899319386372,-0.620249197158591,209.51956858353,197.756438087879,198.201031914428,2.22296913274493,17.9607458612488,17.8869391844305,17.8885438199983,0.62040192454002,0.632782196685425,0.283887741849018
"null",1000,3205,10,0,100,90.2744514920904,-0.364403229693498,90.6388547217839,97.8419536543914,98.0574396005892,2.15485946197794,13.4407968352951,13.4159829395875,13.4164078649987,-0.563024815792837,-0.552966183112436,0.698143637332373
"null",1000,3205,10,1,100,120.766062867435,-0.401912908807127,121.167975776242,97.8524251083341,98.0658571707069,2.13432062372784,13.4392522963594,13.4147170179354,13.4164078649987,1.704978614421,1.7221472935022,0.0591762106335881
"null",1000,3205,25,0,40,35.7862468027622,-0.135104064958647,35.9213508677208,37.8983929930414,37.9821678900903,2.0943724262236,8.76794927102563,8.76198179224203,8.76356092008266,-0.240893979309279,-0.235199875009353,0.57224728781485
"null",1000,3205,25,1,40,42.5877931353942,-0.157212589332285,42.7450057247265,37.9029566576975,37.9863566744489,2.08500041878618,8.7668476383835,8.7609527076253,8.76356092008266,0.534380962341052,0.543165704585506,0.28018810286548
"null",1000,3205,50,0,20,12.2482466803331,0.0316303252560785,12.216616355077,17.9282367846299,17.9693957544468,2.05794849084715,6.25861135668194,6.25667358219231,6.26099033699941,-0.907547981587419,-0.919462926073582,0.834159425639161
"null",1000,3205,50,1,20,19.1591972256764,0.0294677376762541,19.1297294880001,17.9262515956905,17.9674066693553,2.05775368324293,6.25791488875908,6.25599922462563,6.26099033699941,0.197021795902121,0.185793312452718,0.38208234683805
"null",1000,3206,2,0,500,465.900626513344,-3.34795856475961,469.248585078103,497.483972098774,498.741593146678,2.51524209580701,22.5030562884059,22.3606561392833,22.3606797749979,-1.40351360191473,-1.31896881222376,0.845798588093177
"null",1000,3206,2,1,500,458.823150105494,-2.92511420115478,461.748264306649,497.422688224441,498.704850324209,2.56432419953689,22.5032018806274,22.3604582639954,22.3606797749979,-1.71529093165074,-1.65276514377467,0.895120915079004
"null",1000,3206,5,0,200,192.133213782764,-1.3424889518612,193.475702734625,197.754097266818,198.202962010907,2.24432372044919,17.9169075696163,17.8884119988167,17.8885438199983,-0.313719511149672,-0.264263774593027,0.604182300240991
"null",1000,3206,5,1,200,171.800231047214,-1.24774479031112,173.047975837525,197.726646800369,198.179362805477,2.26358002553875,17.9164609236031,17.8877934164272,17.8885438199983,-1.44707238018195,-1.404946176585,0.910801289282422
"null",1000,3206,10,0,100,110.38384208161,-0.623937500130355,111.00777958174,97.8615804498365,98.0751426759454,2.13562226108927,13.4254897339576,13.4160439166288,13.4164078649987,0.932722893534392,0.963967991321571,0.184862793960225
"null",1000,3206,10,1,100,88.5812106919622,-0.594589586170598,89.1758002781328,97.8388240492307,98.0541760193206,2.15351970089914,13.4249615529817,13.4154358381542,13.4164078649987,-0.689582113195129,-0.661803004262986,0.74137327513324
"null",1000,3206,25,0,40,39.5394087565585,-0.202344552997088,39.7417533095556,37.9050339295047,37.9885803896129,2.08866150270487,8.76442127718537,8.76219544235728,8.76356092008266,0.186478350978892,0.200083749726436,0.401075029479651
"null",1000,3206,25,1,40,42.3577393844102,-0.2027974123031,42.5605367967133,37.9009167149219,37.9845460276627,2.09073281851804,8.76400563190224,8.76175892381342,8.76356092008266,0.508537175428643,0.522268508964982,0.288487761557016
"null",1000,3206,50,0,20,14.2522103110325,-0.0348842135691272,14.2870945246016,17.9278610527983,17.9690494128934,2.05941800475518,6.25769249506638,6.25702959440732,6.26099033699941,-0.587381170401672,-0.588450930707255,0.712508157385955
"null",1000,3206,50,1,20,20.1872794031478,-0.0508228869455691,20.2381022900933,17.9245560503213,17.9657907853046,2.06173674916595,6.25739527687216,6.2567250044449,6.26099033699941,0.361607866006113,0.363179059839521,0.322375266501126
"null",1000,3207,2,0,500,488.312119931789,4.85815494111016,483.453964990679,497.441784116469,498.720536309086,2.55750438523327,22.5014274772496,22.3606566380907,22.3606797749979,-0.405737111297101,-0.682742531469361,0.613259679266735
"null",1000,3207,2,1,500,492.715003456205,3.68337713798837,489.031626318217,497.200223352243,498.469959562226,2.53947241996436,22.4964381042338,22.3568828513943,22.3606797749979,-0.199374668792302,-0.42216677999098,0.558399534189052
"null",1000,3207,5,0,200,194.586135824723,2.06043140755163,192.525704417171,197.744331869114,198.195162323855,2.25415227370575,17.9165968556274,17.888416953886,17.8885438199983,-0.176272093960689,-0.316934579582915,0.5552715337987
"null",1000,3207,5,1,200,203.549893416647,2.42208244229754,201.127810974349,197.566331833964,198.019562758464,2.26615462250098,17.9047140159735,17.8760272625465,17.8885438199983,0.334189173719529,0.173878019441,0.378371530312332
"null",1000,3207,10,0,100,89.2775096736526,1.0422465082595,88.2352631653931,97.82348736641,98.040866598439,2.17379232029045,13.4253920896487,13.4160512874333,13.4164078649987,-0.636553304044398,-0.730885953173924,0.723923869047779
"null",1000,3207,10,1,100,98.8451618831378,1.3185458960675,97.5266159870703,97.7354761800245,97.9523145570745,2.16838377049913,13.4140911859815,13.4044414761531,13.4164078649987,0.0827253734694253,-0.0317580236939761,0.457075507775007
"null",1000,3207,25,0,40,45.078629613835,0.487705889347634,44.5909237244873,37.8718904831761,37.9567606944772,2.12175528252781,8.76438702485268,8.76218258228364,8.76356092008266,0.822275318310696,0.757135903949756,0.199932663811372
"null",1000,3207,25,1,40,44.0195870726502,0.550127968465605,43.4694591041846,37.8466907077699,37.9309627959551,2.10680220463235,8.75592692477216,8.75362922049608,8.76356092008266,0.704996331960705,0.632708579346885,0.231876823739433
"null",1000,3207,50,0,20,24.3126254456378,0.246151807948954,24.0664736376888,17.8930068644309,17.9348952095631,2.09441725661124,6.25774629512021,6.25707448202005,6.26099033699941,1.02586750540093,0.97994333386074,0.145050126806516
"null",1000,3207,50,1,20,31.0015339176131,0.282957897201289,30.7185760204118,17.8973540274852,17.9387393014296,2.06926369721849,6.25136720936769,6.25065093462742,6.26099033699941,2.09621022909856,2.04456093495549,0.0287754263367151
"null",1000,3208,2,0,500,489.096975512302,-2.31103957469685,491.408015086999,497.468207726994,498.733768733922,2.53112201385622,22.5214512854634,22.3606572260062,22.3606797749979,-0.371700389490214,-0.32761799319578,0.603587574113678
"null",1000,3208,2,1,500,521.988842446351,-2.71074302226184,524.699585468612,497.402000315434,498.685227095018,2.56645355916684,22.5218055762919,22.3601493461702,22.3606797749979,1.09169054175648,1.16342507247386,0.22086204584897
"null",1000,3208,5,0,200,200.073965473341,-0.891069433795532,200.965034907137,197.747957249577,198.198047216531,2.25044983477097,17.920601449848,17.8884107816941,17.8885438199983,0.129795209735214,0.154680464596504,0.445381320711655
"null",1000,3208,5,1,200,184.951302398394,-1.01274842263508,185.96405082103,197.700773602808,198.156196810575,2.27711603883608,17.9194770805267,17.8868723876897,17.8885438199983,-0.711486788767317,-0.681625368889904,0.737940751051599
"null",1000,3208,10,0,100,92.4301180426388,-0.461920163730745,92.8920382063695,97.8338341096795,98.0501844988303,2.16350389150772,13.4267589740219,13.4160629468055,13.4164078649987,-0.402458707830822,-0.384475409284586,0.639744122414276
"null",1000,3208,10,1,100,82.7082366541999,-0.600872931284224,83.3091095854841,97.8171821118966,98.0339662403787,2.16784128482097,13.4253979963015,13.4145293307261,13.4164078649987,-1.12540019013657,-1.09767970920658,0.865765854085192
"null",1000,3208,25,0,40,32.6476078594525,-0.0613455461104353,32.7089534055629,37.8854636317184,37.969780150495,2.10791296941456,8.76466861329747,8.76212788021474,8.76356092008266,-0.597610246703364,-0.600405154644142,0.714953944895439
"null",1000,3208,25,1,40,29.8974246056213,-0.186752910872099,30.0841775164934,37.886495133658,37.9705626718708,2.10168845531901,8.76360678846254,8.76101895137294,8.76356092008266,-0.911619008118266,-0.900167571734508,0.823074650580554
"null",1000,3208,50,0,20,13.2694362657998,-0.096490632778397,13.3659268985782,17.902233554399,17.9439439841874,2.08552148941915,6.25797917820271,6.25717923043518,6.26099033699941,-0.740302445354209,-0.731642313095573,0.775324336277763
"null",1000,3208,50,1,20,16.2016660447142,-0.147265507220463,16.3489315519347,17.9078692925258,17.9494146115478,2.07726595110245,6.25718556396299,6.25636921480534,6.26099033699941,-0.272679023239787,-0.255816593404631,0.578475371666622
"null",1000,3209,2,0,500,490.321076787461,-3.15957701519573,493.480653802656,497.473729897735,498.736385647972,2.52531150047362,22.8278145789324,22.3606336658918,22.3606797749979,-0.313330611896415,-0.235043958227926,0.588397441370964
"null",1000,3209,2,1,500,510.875637696478,-3.25263939446816,514.128277090946,497.506262982201,498.749401134483,2.48627630456355,22.8265474272923,22.3604906037312,22.3606797749979,0.585694124652937,0.687770059655888,0.335200665865181
"null",1000,3209,5,0,200,179.24328611412,-1.11149923240109,180.354785346521,197.763953235293,198.210741542507,2.2339415360675,17.9824273642568,17.8883566954133,17.8885438199983,-1.02993142950137,-0.998188738072538,0.826469003866116
"null",1000,3209,5,1,200,186.800946248876,-1.17959727048002,187.980543519356,197.779372779496,198.222343227109,2.21485223806594,17.9818286448703,17.8880705464681,17.8885438199983,-0.610528926030631,-0.57254915677727,0.705428541161718
"null",1000,3209,10,0,100,101.238941951885,-0.621499443831062,101.860441395716,97.8635096179274,98.0767934049218,2.13283786994387,13.4472259656213,13.4159214135515,13.4164078649987,0.251013282783186,0.282026696054786,0.391133889240385
"null",1000,3209,10,1,100,90.529676743788,-0.552890555982429,91.0825672997705,97.8740027168114,98.0860264109836,2.12023694172228,13.4468394420518,13.4156533832153,13.4164078649987,-0.546174884044181,-0.52203637878535,0.691405480532243
"null",1000,3209,25,0,40,34.0245422296944,-0.206549183000488,34.2310914126949,37.9325688769308,38.0149758772639,2.06017500832726,8.76951296117604,8.7619740989433,8.76356092008266,-0.445637820998481,-0.431852961654539,0.653842112650676
"null",1000,3209,25,1,40,24.7995000487391,-0.278757783942386,25.0782578326815,37.9240043593548,38.0067216133276,2.0679313493205,8.76931479673117,8.76180098366663,8.76356092008266,-1.49663965940736,-1.4755486691317,0.951316478541665
"null",1000,3209,50,0,20,14.4045943715157,-0.093163460639427,14.4977578321551,17.944276175229,17.9850970822899,2.04104535304856,6.25883894925136,6.25639694916497,6.26099033699941,-0.565549270785546,-0.55740377064794,0.702361027443253
"null",1000,3209,50,1,20,11.8335750546657,-0.14163040729873,11.9752054619645,17.9428607035114,17.9837007278157,2.04200121521874,6.2586852255934,6.25625423888514,6.26099033699941,-0.976129239390911,-0.960398192980402,0.855709581851973
"null",1000,3210,2,0,500,515.548536048564,-0.460333170031117,516.008869218595,497.449166196643,498.724179040126,2.55002568696606,22.588361510184,22.3606487539556,22.3606797749979,0.801269708905667,0.772995916561303,0.284097709015449
"null",1000,3210,2,1,500,494.998312798714,-0.891900849796729,495.890213648511,496.401216393263,497.666041317911,2.52964984929563,22.5570286724801,22.3446307936243,22.3606797749979,-0.0621936344062801,-0.0794744690928612,0.529561273240579
"null",1000,3210,5,0,200,228.601187457415,-0.269818732000004,228.871006189415,197.7081340646,198.166174630028,2.2902028271392,17.9340571431413,17.8884016360333,17.8885438199983,1.72259144410222,1.71646590814116,0.067053785855762
"null",1000,3210,5,1,200,194.588321174905,0.238261372037049,194.350059802868,197.065259338257,197.515060685907,2.24900673824934,17.8820282687464,17.8373075060241,17.8885438199983,-0.138515504288773,-0.177437143020016,0.555227649638045
"null",1000,3210,10,0,100,126.711123167893,-0.0729218854153389,126.784045053308,97.8228958819625,98.040300316897,2.17404434934528,13.4311710056449,13.4160054954429,13.4164078649987,2.15083459765268,2.14249649392101,0.0270765792535958
"null",1000,3210,10,1,100,98.1868358307547,0.194270804946611,97.9925650258081,97.45677532767,97.6722677083037,2.1549238063369,13.3834083833387,13.3681220052035,13.4164078649987,0.0545496694245313,0.0239597841327052,0.47569090634966
"null",1000,3210,25,0,40,35.4966336344939,-0.0457796691920079,35.5424133036859,37.8923282280736,37.9763600123977,2.10079460810234,8.76567333515935,8.76206382079855,8.76356092008266,-0.273304115038205,-0.277782353391941,0.585787949913889
"null",1000,3210,25,1,40,28.8135403328403,0.0114436197716681,28.8020967130686,37.7472468754332,37.8304145571905,2.0791920439331,8.73025624592843,8.72653808683619,8.76356092008266,-1.02330404640292,-1.03458184153702,0.858789125941184
"null",1000,3210,50,0,20,16.3606111609934,-0.0424523221619257,16.4030634831553,17.9276788022982,17.9688692529911,2.05952253464871,6.25814213941952,6.25699648703458,6.26099033699941,-0.250404609929504,-0.250248785192762,0.567395957383183
"null",1000,3210,50,1,20,15.9636193889401,-0.0149531558945106,15.9785725448346,17.8443834179705,17.8855234940971,2.0570038063345,6.2316869863178,6.23049766423606,6.26099033699941,-0.30180656267873,-0.306067195917382,0.595086445578427
"null",1000,3211,2,0,500,522.044143707614,1.52763668028032,520.516507027334,497.431664065679,498.715486899672,2.56764566798656,22.5679270300539,22.3606580230047,22.3606797749979,1.09059549905307,0.974972208118038,0.220358469193351
"null",1000,3211,2,1,500,491.727516672747,1.5956252891661,490.131891383581,497.327220356001,498.599899088256,2.54535746451141,22.5602445187366,22.3585339209577,22.3606797749979,-0.248211125486826,-0.378737162937948,0.57081263258507
"null",1000,3211,5,0,200,244.082271774991,0.578789813496069,243.503481961495,197.754776176811,198.20349321529,2.24358519239249,17.9299471470149,17.8884082927512,17.8885438199983,2.58380547462423,2.53236554112879,0.014261976312537
"null",1000,3211,5,1,200,209.87987008058,0.765141778978979,209.114728301601,197.636468428713,198.092685605334,2.28108588310092,17.9226174631175,17.8823381097541,17.8885438199983,0.683125758671251,0.616364740931474,0.268026485739804
"null",1000,3211,10,0,100,127.794664191099,0.30716724827965,127.48749694282,97.8305746734158,98.0472388770588,2.16664203642985,13.4298417816987,13.4160446143289,13.4164078649987,2.23115729915126,2.19440669080046,0.0232557526575052
"null",1000,3211,10,1,100,110.148563580331,0.267739904202778,109.880823676129,97.7660434771556,97.9846008461111,2.18557368955409,13.423752292074,13.4103635680897,13.4164078649987,0.922433596341539,0.887091745843857,0.189035697235837
"null",1000,3211,25,0,40,34.6236391639671,0.169309905009952,34.4543292589571,37.9090328108982,37.9924336078955,2.08501992493288,8.76557997994436,8.76227335822341,8.76356092008266,-0.374806191312847,-0.403788401056655,0.626370006764047
"null",1000,3211,25,1,40,39.7984524297163,0.189821615790221,39.6086308139261,37.8632531854629,37.9476437402035,2.10976386851558,8.76098292083225,8.75778469431098,8.76356092008266,0.220888370830156,0.18965835901419,0.389968949433066
"null",1000,3211,50,0,20,20.9449583327325,0.121673904374059,20.8232844283584,17.9162657251509,17.9577048364561,2.07195556526182,6.25837850576419,6.25732386246209,6.26099033699941,0.483942063394229,0.45795609351356,0.282199060331701
"null",1000,3211,50,1,20,26.0614870368669,0.079176119366627,25.9823109175002,17.8983398966319,17.9399055510202,2.07828271941565,6.25475446786488,6.25373917757248,6.26099033699941,1.30511072531701,1.28601547620057,0.0983603132941154
"null",1000,3212,2,0,500,533.42427197275,-1.84177247797709,535.266044450728,497.47239731936,498.735858699168,2.52692275961584,22.5824508358903,22.3606584553986,22.3606797749979,1.59202714154711,1.63368112904297,0.131804309384465
"null",1000,3212,2,1,500,522.006719890606,-1.53887227530762,523.545592165914,497.429942531797,498.697562312963,2.53523956233155,22.5824388000257,22.3601312846554,22.3606797749979,1.08831369261945,1.11126493564027,0.220699176846663
"null",1000,3212,5,0,200,212.502993633169,-0.700691258466282,213.203684891635,197.737956674916,198.19004903684,2.26046180961986,17.9328823770298,17.8884108759591,17.8885438199983,0.823349902588195,0.839293996481977,0.228123234984737
"null",1000,3212,5,1,200,215.519220264967,-0.616363636478855,216.135583901445,197.729348640346,198.178628443057,2.24639901355141,17.9314703187335,17.8867167991734,17.8885438199983,0.992103341689416,1.00392686148072,0.187017509879406
"null",1000,3212,10,0,100,95.0382410588806,-0.366474199172576,95.4047152580532,97.8072256556488,98.0262182665495,2.18992610900703,13.4308065241469,13.4160349259082,13.4164078649987,-0.206166665552806,-0.19540072927463,0.565906092390127
"null",1000,3212,10,1,100,101.906761265969,-0.287750662791092,102.194511928761,97.8046644226766,98.0227215683547,2.18057145678035,13.4294424732715,13.4145514671053,13.4164078649987,0.305455483461598,0.310989925428056,0.37337926788582
"null",1000,3212,25,0,40,38.0066161102396,-0.189173522652338,38.1957896328919,37.8951538435504,37.9791009720673,2.09867821292276,8.76576468472619,8.76222564369593,8.76356092008266,0.0127156352808994,0.0247298654058858,0.469182842845701
"null",1000,3212,25,1,40,27.8758496431763,-0.176467831008092,28.0523174741844,37.8868293411538,37.9708815539706,2.10130532042059,8.76458946045649,8.761012152337,8.76356092008266,-1.14220748651655,-1.13212536489182,0.886053919955041
"null",1000,3212,50,0,20,19.6173104236565,-0.122995166825827,19.7403055904823,17.9270887787764,17.9683207314781,2.06159763508362,6.25861713481851,6.25746897205511,6.26099033699941,0.27006311593609,0.283179168273571,0.354771558784468
"null",1000,3212,50,1,20,14.0040659250958,-0.0939000334407018,14.0979659585365,17.9257193101678,17.9669318388313,2.06062643317636,6.25790926802511,6.25674568759378,6.26099033699941,-0.626671499554939,-0.618367131009732,0.728826176838692
"null",1000,3213,2,0,500,493.075947527774,1.97684232539289,491.099105202382,497.441611469955,498.7204728707,2.55772280149083,22.5186229387001,22.3606599625412,22.3606797749979,-0.193869045814423,-0.340838225753904,0.553851463318827
"null",1000,3213,2,1,500,503.0805349735,1.48269669145902,501.597838282041,497.392586619439,498.649414886372,2.51365653386557,22.5126335782773,22.3591248152089,22.3606797749979,0.252655840298898,0.131866672780656,0.427969126918393
"null",1000,3213,5,0,200,202.518872201268,0.841429423919815,201.677442777348,197.774092506914,198.218952948152,2.22430220618814,17.9200399978412,17.8884098067557,17.8885438199983,0.264775061602839,0.193336907335956,0.397885847245608
"null",1000,3213,5,1,200,209.321933331112,0.713689080815477,208.608244250297,197.715769315791,198.16028217234,2.2225642827466,17.9144536670589,17.883891362684,17.8885438199983,0.6478659205032,0.584210777513256,0.276990678092456
"null",1000,3213,10,0,100,95.5741143099056,0.454784998670431,95.1193293112352,97.8653982801195,98.0785686470858,2.13170366966296,13.4265269909534,13.4160314488052,13.4164078649987,-0.170653510901046,-0.220574865759885,0.550524790692828
"null",1000,3213,10,1,100,123.831472040371,0.387784128596727,123.443687911774,97.8118554646603,98.027123703763,2.15268239102754,13.4221108756138,13.4119711189442,13.4164078649987,1.93856367428648,1.89506553381333,0.0399919149728315
"null",1000,3213,25,0,40,43.2621257117181,0.211518232185975,43.0506074795322,37.9194522004374,38.0024364821692,2.07460704329728,8.76477463676301,8.76227562949954,8.76356092008266,0.609561994768406,0.576125564957976,0.256709193546393
"null",1000,3213,25,1,40,47.3867722454507,0.17342997105784,47.2133422743929,37.8863903601712,37.9701319529071,2.09353981839712,8.76167059928363,8.75926115784226,8.76356092008266,1.08431169348644,1.05524999825017,0.141386173664574
"null",1000,3213,50,0,20,21.5299105082501,0.0963007846981104,21.4336097235519,17.9309568705596,17.9721080932767,2.05756113585801,6.25820795761163,6.25742161307876,6.26099033699941,0.575077348350687,0.553183378764224,0.253525589151287
"null",1000,3213,50,1,20,19.534426512646,0.168258037776097,19.3661684748699,17.9207594793959,17.9619721193687,2.06063199863611,6.25597757102232,6.25521977578693,6.26099033699941,0.257940028545581,0.224483935950042,0.359631160452376
"null",1000,3214,2,0,500,480.077776036697,-3.46494516076803,483.542721197465,497.44718496913,498.723209430922,2.5520489235843,22.5591492194792,22.3606496789339,22.3606797749979,-0.769949644973111,-0.678892986180058,0.710092963238398
"null",1000,3214,2,1,500,472.773391103615,-3.40002551859377,476.173416622209,497.458567423228,498.718074620472,2.51901439448698,22.5599236365685,22.3602424176328,22.3606797749979,-1.09420478177504,-1.00824747680216,0.78582822862009
"null",1000,3214,5,0,200,188.856965634229,-1.47571672891645,190.332682363146,197.721554394454,198.176860121525,2.27652863535897,17.9281165812201,17.888375088389,17.8885438199983,-0.494451757944843,-0.438507003549539,0.667522998473992
"null",1000,3214,5,1,200,171.975045695085,-1.51557187061537,173.4906175657,197.721578865095,198.174310300185,2.26365717545347,17.9275609359612,17.8873968513909,17.8885438199983,-1.4361425551406,-1.37994885111335,0.909233493727351
"null",1000,3214,10,0,100,106.409789506419,-0.674909606361525,107.08469911278,97.8344633749958,98.0506932220519,2.16229847056127,13.4291564434669,13.4159777901875,13.4164078649987,0.63856029732939,0.673376628376359,0.263811224906607
"null",1000,3214,10,1,100,96.8401647868097,-0.812895090610215,97.6530598774199,97.8267101836625,98.0429631161064,2.16252932443966,13.4283903359785,13.4150352245881,13.4164078649987,-0.073467137323934,-0.0290646451655845,0.514153586776661
"null",1000,3214,25,0,40,36.17484151255,-0.325680268776601,36.5005217813266,37.8773736066613,37.9619981119147,2.11561263133348,8.76514240857423,8.76202861305669,8.76356092008266,-0.194238954115089,-0.166796571333971,0.554063215418999
"null",1000,3214,25,1,40,47.3102819997014,-0.413534268975042,47.7238162686765,37.8721406129908,37.956847318168,2.11766762942943,8.76450857238818,8.76134959298399,8.76356092008266,1.07685916543508,1.11477904709221,0.143090725807566
"null",1000,3214,50,0,20,18.2923453804137,-0.177171259808123,18.4695166402218,17.8967583786032,17.9385519588999,2.0896790148386,6.25771440764885,6.25675663256723,6.26099033699941,0.0632158925832377,0.0848626073384606,0.436555717778452
"null",1000,3214,50,1,20,26.2275894248614,-0.217309550424548,26.4448989752859,17.8887153437766,17.9306388877325,2.09617719779585,6.25725057311173,6.25627974578027,6.26099033699941,1.33267382912841,1.36091422275292,0.0946668668818909
"null",1000,3215,2,0,500,533.395319281011,-4.47500089218452,537.870320173196,497.445646389666,498.722481292995,2.55366980665821,22.617572402941,22.3606582475224,22.3606797749979,1.58945762396103,1.75074626367665,0.131991563909822
"null",1000,3215,2,1,500,549.152450736856,-1.91443041983258,551.066881156688,496.556197247033,497.818365661475,2.52433682888445,22.5693608496676,22.3429269020426,22.3606797749979,2.33042724781448,2.38323813745034,0.0559863739077292
"null",1000,3215,5,0,200,226.196275750492,-1.83592967374618,228.032205424238,197.765871007154,198.212363347705,2.23246170275552,17.9399647164345,17.8884061383239,17.8885438199983,1.58475254509798,1.66699267927773,0.0825877341403073
"null",1000,3215,5,1,200,252.617357159287,-2.17917416055158,254.796531319839,197.172458717515,197.620128738472,2.23835010478179,17.887295188588,17.8433698350571,17.8885438199983,3.09968040764182,3.20435002524197,0.00524538730280758
"null",1000,3215,10,0,100,134.185279971491,-0.985685529519838,135.170965501011,97.8534300291989,98.0678010367929,2.14371007593975,13.4331909856262,13.4160370083413,13.4164078649987,2.7046328739886,2.76558304372217,0.00895161753399038
"null",1000,3215,10,1,100,133.119767676337,-1.12021002059338,134.23997769693,97.5208790186255,97.7356413114964,2.147622928709,13.3894081921905,13.3747590503301,13.4164078649987,2.65873503494161,2.7293453473117,0.0105665682595992
"null",1000,3215,25,0,40,53.0702627953811,-0.302684333433042,53.3729471288141,37.9117498646422,37.9950201747991,2.08175775392077,8.76627812435513,8.76215692728944,8.76356092008266,1.72918457704694,1.75503897974265,0.0530362704876286
"null",1000,3215,25,1,40,64.8638343751949,-0.400261495336469,65.2640958705314,37.7633036983832,37.8469005779313,2.08992198870255,8.73563924307166,8.7321480482691,8.76356092008266,3.10229508370614,3.13979963933785,0.00425454076928104
"null",1000,3215,50,0,20,40.9274576252489,-0.082957430019694,41.0104150552686,17.9352562568477,17.9762901070315,2.05169250918775,6.25828628162932,6.25693331367792,6.26099033699941,3.67388136843354,3.68137613004178,0.00155785302349268
"null",1000,3215,50,1,20,30.2707555254664,-0.147011838442621,30.417767363909,17.857033259275,17.8982576065807,2.06121736528318,6.23680124056724,6.23567668868695,6.26099033699941,1.99039888997046,2.00772271917847,0.0348958655901652
"null",1000,3216,2,0,500,477.694414600124,-2.85991241955675,480.55432701968,497.482532997499,498.74085644655,2.51664689810135,22.6224299347309,22.3606486643616,22.3606797749979,-0.874712329951605,-0.81332745305618,0.736034377745272
"null",1000,3216,2,1,500,481.79400186377,-2.79162755396059,484.585629417731,497.351827039296,498.612817684469,2.5219812903459,22.6141186207244,22.3581964992755,22.3606797749979,-0.687969557268893,-0.627384604442173,0.690758356496997
"null",1000,3216,5,0,200,175.115892858853,-1.13918595402672,176.25507881288,197.772990929078,198.218007845007,2.2250845796415,17.9408841764425,17.8883785867728,17.8885438199983,-1.2628752210538,-1.22777639826826,0.877722934759785
"null",1000,3216,5,1,200,199.965962394519,-1.28655467407374,201.252517068592,197.673383278427,198.122293799666,2.24455260619598,17.9330829419192,17.8821658363893,17.8885438199983,0.127840769125806,0.175047211706117,0.447511921482888
"null",1000,3216,10,0,100,95.3068367489056,-0.633278469709562,95.9401152186151,97.8666722705864,98.0796647171834,2.12992446596908,13.4333984698588,13.4159601975811,13.4164078649987,-0.19055755157003,-0.159477925326134,0.558200273868352
"null",1000,3216,10,1,100,95.1415283522216,-0.550394459486597,95.6919228117082,97.8144202684106,98.028004465608,2.13584197197375,13.4270527052469,13.410129955143,13.4164078649987,-0.19906765653378,-0.174202760280029,0.562943931836671
"null",1000,3216,25,0,40,37.1793529992392,-0.163015500426199,37.3423684996654,37.9114080318111,37.994675051746,2.08167549837194,8.76622928543103,8.76205721427749,8.76356092008266,-0.0835085426967463,-0.0744467350678386,0.507227195219356
"null",1000,3216,25,1,40,34.4627291908317,-0.0898472660785853,34.5525764569103,37.8806983868917,37.9644250178093,2.09316577294171,8.76198163447583,8.75794373075001,8.76356092008266,-0.390090887957497,-0.389571875064658,0.633787047330454
"null",1000,3216,50,0,20,13.3611172672707,-0.131607746968211,13.4927250142389,17.9281169345917,17.9692763437087,2.05797045585229,6.25796995619779,6.25665011876751,6.26099033699941,-0.729789324539329,-0.715486921034936,0.769689133890051
"null",1000,3216,50,1,20,18.2407334966411,-0.0177230672876821,18.2584565639288,17.9155707594896,17.9567747752423,2.06020078763736,6.25472964702201,6.25345792707998,6.26099033699941,0.0519866973477176,0.048242395200272,0.439902903777028
"null",1000,3217,2,0,500,491.928166763453,1.30655835441702,490.621608409036,497.510201858309,498.754571605753,2.48873949488883,22.7802224615603,22.36063355291,22.3606797749979,-0.245038655977794,-0.363717923173912,0.568294288449122
"null",1000,3217,2,1,500,510.971124827106,3.96639128496273,507.004733542143,496.994664657721,498.265569792816,2.54181027019174,22.7516767297811,22.3504867519154,22.3606797749979,0.614304621825537,0.391005522444719,0.334117589597207
"null",1000,3217,5,0,200,171.202017686089,0.613976842917612,170.588040843171,197.784334272952,198.227045915347,2.21355821197823,17.972749899969,17.8883526456593,17.8885438199983,-1.47903446800362,-1.54508386656179,0.91602160513136
"null",1000,3217,5,1,200,203.316413185698,0.726059077441264,202.590354108257,197.42240188988,197.880331092488,2.28964601303576,17.9455741966357,17.8659457156551,17.8885438199983,0.328438155906037,0.263631329162855,0.382759784211934
"null",1000,3217,10,0,100,83.3735205211579,0.279318338616377,83.0942021825415,97.8888409291227,98.099600950368,2.1076002124527,13.4439999466336,13.4159291408172,13.4164078649987,-1.07968762760963,-1.11847629860934,0.853948053471014
"null",1000,3217,10,1,100,110.942563395621,0.514784308753485,110.427779086867,97.6891929500657,97.9024795578288,2.13286607763085,13.420264125546,13.3938161767709,13.4164078649987,0.987564053998517,0.935155400352688,0.175207501093851
"null",1000,3217,25,0,40,32.1118190229551,0.119816921518487,31.9920021014366,37.9241021049128,38.0068119017183,2.06774492013721,8.76847340231656,8.76177070128043,8.76356092008266,-0.662861460060097,-0.686483361109035,0.73769226420629
"null",1000,3217,25,1,40,39.3431616522429,0.264285610387893,39.078876041855,37.8350534202238,37.9182214153258,2.07919987755002,8.75143915821946,8.7451320085221,8.76356092008266,0.172326883013597,0.132720080771583,0.409575409969363
"null",1000,3217,50,0,20,16.6507708440219,0.14993358768869,16.5008372563332,17.9324005188108,17.9734322832402,2.05158822147258,6.25814863507661,6.25598153054784,6.26099033699941,-0.204793741651552,-0.235389925580243,0.547225923502252
"null",1000,3217,50,1,20,12.2434436674291,0.254422355848223,11.9890213115809,17.9053243617379,17.9461203145967,2.03979764293787,6.24599109785821,6.2439434229562,6.26099033699941,-0.906482350935513,-0.954060374908936,0.834417343773224
"null",1000,3218,2,0,500,492.002259849078,-5.8531554683456,497.855415317424,497.514250705792,498.756729645386,2.48495787918777,22.872588579832,22.3606515388084,22.3606797749979,-0.240986753094234,-0.040308053027792,0.567363817374378
"null",1000,3218,2,1,500,520.158878432388,-5.91412903764047,526.073007470028,497.484932918608,498.742042066071,2.51421829492463,22.8725382639972,22.3606505770549,22.3606797749979,0.991317415324634,1.22227952669691,0.237914169405081
"null",1000,3218,5,0,200,174.91908875649,-2.36105426077267,177.280143017263,197.77207330176,198.21729470146,2.22610699849882,17.9915503769159,17.8883842091115,17.8885438199983,-1.27020651731001,-1.17043280373711,0.879886218839002
"null",1000,3218,5,1,200,185.643043516574,-2.3541669718759,187.99721048845,197.782235807359,198.225418672449,2.21591432544994,17.9915293501295,17.888381987822,17.8885438199983,-0.674717087944355,-0.571779392399045,0.725974449014445
"null",1000,3218,10,0,100,84.4424330208587,-1.16462620844755,85.6070592293063,97.8652152468987,98.078369575163,2.1315432826427,13.4503226288043,13.4159737581168,13.4164078649987,-0.997952435527059,-0.929586668154554,0.833685215013563
"null",1000,3218,10,1,100,86.4319560370802,-1.17838689339883,87.6103429304791,97.8652680654286,98.0784155217474,2.13147456318824,13.4503161606316,13.41597180268,13.4164078649987,-0.850040392493749,-0.780269424029139,0.791923620158062
"null",1000,3218,25,0,40,43.0620795215438,-0.50434669761987,43.5664262191637,37.8954842991749,37.97937557448,2.09728188262835,8.77025192272194,8.76197837433676,8.76356092008266,0.589104539743416,0.637647162089301,0.263540952122265
"null",1000,3218,25,1,40,38.8272114673182,-0.498922360425532,39.3261338277437,37.8984033028663,37.9821775584917,2.09435639063501,8.77024901154054,8.76197698788287,8.76356092008266,0.105904423378374,0.153385048957635,0.432254548916844
"null",1000,3218,50,0,20,10.5767693756132,-0.176799447597304,10.7535688232105,17.9243190198187,17.9655415769252,2.0611278553218,6.25920074690726,6.25644673216801,6.26099033699941,-1.17387985164657,-1.15272662941951,0.911446452894329
"null",1000,3218,50,1,20,11.7594092777984,-0.181932541946915,11.9413418197454,17.9242889670005,17.9655120458857,2.06115394426065,6.25919838394062,6.25644549420127,6.26099033699941,-0.98493118623935,-0.962874244125327,0.859406653315874
"null",1000,3219,2,0,500,503.350688732173,2.08631703642451,501.264371695748,497.475192169828,498.737258497864,2.52413265607121,22.5636688694604,22.3606598594162,22.3606797749979,0.260396329884851,0.113016038604075,0.424636164107083
"null",1000,3219,2,1,500,471.603466731501,2.42360946440602,469.179857267095,497.358221733932,498.614182366696,2.51192126552708,22.5559854179276,22.3583943091828,22.3606797749979,-1.14181466804642,-1.31647759193116,0.796854276988464
"null",1000,3219,5,0,200,199.252475303768,0.866038527608783,198.386436776159,197.740936078246,198.192452658366,2.25758290060095,17.9291258736464,17.888423374944,17.8885438199983,0.0843063535932845,0.0108441148628497,0.461641635152387
"null",1000,3219,5,1,200,165.122217252355,1.02318632715,164.099030925205,197.673313353391,198.12252965265,2.24608149629652,17.9217230598523,17.8823970296106,17.8885438199983,-1.81629277454664,-1.90262517217949,0.957251877375969
"null",1000,3219,10,0,100,95.8559176521466,0.369889677718608,95.486027974428,97.8499596600268,98.0646957295587,2.14736069531888,13.4295990050168,13.4160622377868,13.4164078649987,-0.148481127927598,-0.19220749795479,0.542427270172589
"null",1000,3219,10,1,100,75.1558131901516,0.398892042418506,74.7569211477331,97.7968953113899,98.0126017076224,2.15706396232534,13.4237121513988,13.4106335347192,13.4164078649987,-1.68664836267954,-1.73412244094821,0.958231208285337
"null",1000,3219,25,0,40,34.9441301492467,0.136627899379494,34.8075022498672,37.9182611356523,38.0012640641569,2.07507321261407,8.76533801127218,8.76211751272106,8.76356092008266,-0.339305909547459,-0.364496573990578,0.61152915949135
"null",1000,3219,25,1,40,28.7007081120675,0.109633605562676,28.5910745065048,37.8823577840133,37.9660657601295,2.0926994029072,8.76131702581968,8.75820976039506,8.76356092008266,-1.04797596581512,-1.07042323832192,0.862251777702413
"null",1000,3219,50,0,20,19.051830372826,0.0742258834232207,18.9776044894027,17.9325123125811,17.9736107346259,2.05492110224068,6.25811221786099,6.25708117191412,6.26099033699941,0.178858739069955,0.160457204756019,0.388638313080986
"null",1000,3219,50,1,20,13.4307541008044,0.0173324590549911,13.4134216417495,17.9191521753003,17.9603274396281,2.05876321639039,6.2551272088204,6.25413713048503,6.26099033699941,-0.717555043191883,-0.727023680967165,0.765374545167717
"null",1000,3220,2,0,500,483.619937907172,-3.45728075349543,487.077218660667,497.456357306072,498.72788870699,2.54306280183597,22.4954683795272,22.3606595943671,22.3606797749979,-0.61507585285454,-0.521034274376125,0.66964509050167
"null",1000,3220,2,1,500,488.772607081757,-3.47686976006514,492.249476841822,497.481467116057,498.740354774107,2.51777531609928,22.4954076808579,22.3606572258958,22.3606797749979,-0.387139462322825,-0.290281178532066,0.607591751655561
"null",1000,3220,5,0,200,176.985755799801,-1.3610262511851,178.346782050986,197.750926827613,198.200448645347,2.24760908867379,17.9153974056865,17.8884214574124,17.8885438199983,-1.15906840119665,-1.10986129444835,0.855892913931867
"null",1000,3220,5,1,200,184.951126894764,-1.40156365219223,186.352690546956,197.743512058204,198.194493570772,2.25490756284107,17.915371684737,17.8884128646101,17.8885438199983,-0.714045200320261,-0.661981759558079,0.737943756480861
"null",1000,3220,10,0,100,89.7554006793352,-0.674929803221413,90.4303304825566,97.8622594034814,98.0757613763337,2.13501972852317,13.4249896959834,13.4160510137053,13.4164078649987,-0.603863310716112,-0.569871930716933,0.711677207100053
"null",1000,3220,10,1,100,89.2314034164162,-0.696966098279428,89.9283695146956,97.8553628056496,98.0695483801502,2.14185574500522,13.4249745035022,13.4160434564613,13.4164078649987,-0.642381807651383,-0.606824127536174,0.725094062906573
"null",1000,3220,25,0,40,50.3180736170862,-0.222963243707313,50.5410368607936,37.9228552903127,38.0056981604569,2.07107175360367,8.7643509182592,8.76224417368745,8.76356092008266,1.41427681780176,1.43060823823874,0.0871314524301795
"null",1000,3220,25,1,40,51.1447931218295,-0.211698317053353,51.3564914388828,37.9235092206391,38.0063243306049,2.07037774914548,8.76434044995526,8.76223563527887,8.76356092008266,1.50853152917603,1.52360284109764,0.0753711365367291
"null",1000,3220,50,0,20,18.7479438453009,-0.16784530656696,18.9157891518678,17.9403679970927,17.9813353732322,2.04836880697767,6.25811638761409,6.25748341848158,6.26099033699941,0.129044555612059,0.149333800210431,0.407496881030877
"null",1000,3220,50,1,20,19.4443791071647,-0.17106353810882,19.6154426452735,17.9402252847929,17.9811951644349,2.04849398210004,6.25811014470923,6.25747798360812,6.26099033699941,0.240352724319407,0.261167116387724,0.364952206427155
"null",1000,3221,2,0,500,489.9917507231,-3.61924229876655,493.610993021866,497.465565799602,498.732380603742,2.53362960828113,22.7792355258944,22.3606462033067,22.3606797749979,-0.32809771284933,-0.229035759311768,0.592495690717003
"null",1000,3221,2,1,500,479.318809158484,-0.762271378337075,480.081080536821,497.01865022091,498.283985127315,2.5306698128103,22.7531946167843,22.3513379520049,22.3606797749979,-0.777905756116094,-0.814398879815674,0.718472977063542
"null",1000,3221,5,0,200,197.802349697549,-1.41263395172365,199.214983649273,197.747761837513,198.197858386249,2.25048274367914,17.9726203652432,17.8883892184904,17.8885438199983,0.00303727886788622,0.0568595221515162,0.490595190876872
"null",1000,3221,5,1,200,177.191212038998,-1.11492418473263,178.30613622373,197.488381841879,197.929663371611,2.20640764866213,17.9451252569529,17.8650034119129,17.8885438199983,-1.13106871711675,-1.09843399944695,0.853353363996789
"null",1000,3221,10,0,100,98.5229162787251,-0.702444415321269,99.2253606940463,97.8650279037378,98.0781982488077,2.13170345069845,13.4440125870917,13.4159760766174,13.4164078649987,0.0489354179583936,0.0855071922227143,0.466168036816401
"null",1000,3221,10,1,100,77.9858156688132,-0.582166971938335,78.5679826407516,97.7045071988771,97.9166857620884,2.12178563211297,13.4212374518926,13.3945388810887,13.4164078649987,-1.46921560703653,-1.44452177809977,0.932142932778041
"null",1000,3221,25,0,40,40.4641671130443,-0.368425602541591,40.8325927155859,37.928628604674,38.0112105977474,2.06454982683378,8.76881623556216,8.76207076181249,8.76356092008266,0.289154024928392,0.321999467310265,0.362068857602758
"null",1000,3221,25,1,40,22.8718962880288,-0.382562421869226,23.254458709898,37.8569170456588,37.9396083335257,2.06728219667314,8.75363275439274,8.74728595946224,8.76356092008266,-1.71186308337076,-1.67882354500396,0.975062229141406
"null",1000,3221,50,0,20,15.024943358115,-0.202181393127721,15.2271247512428,17.9508603089156,17.9915632389642,2.03514650242831,6.25881272145236,6.25661646300321,6.26099033699941,-0.467487538135127,-0.441842408603464,0.660253695108772
"null",1000,3221,50,1,20,13.5734306119822,-0.189580667818671,13.7630112798009,17.9114225405254,17.9521945362625,2.03859978685583,6.24752977810847,6.2454750478085,6.26099033699941,-0.69435314157984,-0.670754942481378,0.756445285012854
"null",1000,3222,2,0,500,505.764335948599,-1.53002176664516,507.294357715244,497.515099048314,498.757127938771,2.48405778091571,22.6723322319701,22.3606520365302,22.3606797749979,0.363845978255977,0.381796996014511,0.395175749485102
"null",1000,3222,2,1,500,550.419563820937,-1.34306567217141,551.762629493109,497.446919338489,498.704403027622,2.51496737826598,22.67265347962,22.360062889916,22.3606797749979,2.33641133050722,2.37290148631088,0.0518704843517127
"null",1000,3222,5,0,200,222.199502315988,-0.646826289127228,222.846328605115,197.78221512449,198.225439925222,2.21612400365787,17.9510115154611,17.8884033780377,17.8885438199983,1.36021790028197,1.37636032459563,0.114494673826806
"null",1000,3222,5,1,200,249.380296241311,-0.566443565808803,249.946739807119,197.737373915441,198.185017523614,2.23821804086539,17.9497449199645,17.8866768084473,17.8885438199983,2.87708391156191,2.89387027214917,0.007756772320821
"null",1000,3222,10,0,100,118.058148608699,-0.334411237715741,118.392559846415,97.8676255686285,98.0805773129221,2.12951744293557,13.4368657152313,13.4160325840508,13.4164078649987,1.50262147944095,1.51400813960751,0.0819478744988289
"null",1000,3222,10,1,100,116.055825106645,-0.305540148462634,116.361365255108,97.8409248036847,98.0551960784753,2.14271274790648,13.4353608138004,13.4143417671533,13.4164078649987,1.35574329230151,1.36467144600843,0.102935273205857
"null",1000,3222,25,0,40,53.6900887975629,-0.105789425279729,53.7958782228426,37.8996383501168,37.9833853229677,2.093674321272,8.76711906501936,8.76210678462015,8.76356092008266,1.80109912165442,1.80464508006569,0.0471751419046008
"null",1000,3222,25,1,40,56.0805371710637,-0.0224855831353291,56.103022754199,37.8959410522021,37.9796353073414,2.09235637848171,8.76609785724646,8.76103313006416,8.76356092008266,2.07442312588712,2.06863587636324,0.0295139952788101
"null",1000,3222,50,0,20,16.6245298283034,0.00224523684659633,16.6222845914568,17.9247719226593,17.9660090640553,2.06185706979909,6.25845918005324,6.25682219376126,6.26099033699941,-0.207757541744461,-0.21476149249348,0.549046068041114
"null",1000,3222,50,1,20,19.7404410047836,0.0736231402523919,19.6668178645312,17.9283120108715,17.9694229267358,2.0555457932158,6.25762299592752,6.25596407611361,6.26099033699941,0.289587435211652,0.271324278263738,0.347620656052287
"null",1000,3223,2,0,500,527.873818707062,-3.92308096754198,531.796899674604,497.495701319367,498.747412734112,2.50342282949083,22.8013192415415,22.3606433222657,22.3606797749979,1.33229648100139,1.47802039790074,0.171229251908722
"null",1000,3223,2,1,500,523.61691581904,-3.95553335398824,527.572449173028,497.463815451846,498.729225233603,2.53081956351439,22.8020811411312,22.3605532227891,22.3606797749979,1.14696111312482,1.28991548876481,0.206328889119924
"null",1000,3223,5,0,200,185.789660227055,-1.6453422051848,187.43500243224,197.757907453755,198.20590862878,2.24000587512497,17.9770335644064,17.8883588783995,17.8885438199983,-0.665752065479609,-0.6021181858972,0.723407806780998
"null",1000,3223,5,1,200,198.693378712756,-1.68964294345487,200.383021656211,197.756749208097,198.204333347768,2.23792069835377,17.9771381040262,17.888106453926,17.8885438199983,0.0521011464248957,0.121795356822935,0.472772371550986
"null",1000,3223,10,0,100,107.815013341067,-0.89406129338329,108.70907463445,97.8326783377794,98.0490478691374,2.16369531358049,13.4454171318367,13.4159219432091,13.4164078649987,0.742434013419421,0.794580261456344,0.233856908470652
"null",1000,3223,10,1,100,97.2853903084243,-0.8708746247397,98.156264933164,97.8396586134589,98.0551447740862,2.15486160627369,13.4453246130858,13.4156873723496,13.4164078649987,-0.0412238693363476,0.00753745643224533,0.501395096680739
"null",1000,3223,25,0,40,58.4576512766276,-0.364576926548577,58.8222282031762,37.882196129527,37.9665808128153,2.10961708220596,8.76883916198099,8.76176577148181,8.76356092008266,2.3464286169496,2.38030186315215,0.0180368593575049
"null",1000,3223,25,1,40,51.0405015116872,-0.351641934120047,51.3921434458072,37.8833701650675,37.9676779358813,2.10769427034467,8.7687238701786,8.76160422085282,8.76356092008266,1.50046136033152,1.53219264092931,0.0767777192578579
"null",1000,3223,50,0,20,34.008907064654,-0.0884155152409426,34.0973225798949,17.9208218966313,17.9620936607297,2.0635882049221,6.25841990295131,6.25611066550701,6.26099033699941,2.57063051337223,2.57911500960598,0.0125636586578066
"null",1000,3223,50,1,20,29.1749881006307,-0.112566941054391,29.2875550416851,17.9243392836624,17.9655329096313,2.05968129844539,6.2583158481215,6.25598965498705,6.26099033699941,1.79771189086683,1.80978913912178,0.0462819487828722
"null",1000,3224,2,0,500,520.088999905116,-1.15326273791213,521.242262643028,497.481987165058,498.740669307545,2.51736428497454,22.5138267480526,22.3606619086868,22.3606797749979,1.00413905610311,1.00630265004552,0.238580126847907
"null",1000,3224,2,1,500,493.198261860766,-0.498509052209442,493.696770912976,497.204705628709,498.459346674482,2.50928209154593,22.4995935063733,22.3559241447001,22.3606797749979,-0.178067384497748,-0.213034170749544,0.55230910843615
"null",1000,3224,5,0,200,213.831195509919,-0.43802111996496,214.269216629884,197.797490279961,198.2376764539,2.20093086969483,17.9190691744227,17.8884135799996,17.8885438199983,0.894784493205928,0.896196865322256,0.20938024926333
"null",1000,3224,5,1,200,214.598581837174,-0.554434968633437,215.153016805808,197.601669912011,198.043712820744,2.21021454366501,17.9029458569567,17.874382905247,17.8885438199983,0.94939190795565,0.957196904405624,0.199010543608954
"null",1000,3224,10,0,100,113.493227175825,-0.220147103622854,113.713374279448,97.879699956982,98.0914532463636,2.1175328938159,13.4262227488155,13.4160497029941,13.4164078649987,1.16291286916274,1.16442033079216,0.135614785419452
"null",1000,3224,10,1,100,119.104153823627,-0.352002316847432,119.456156140474,97.7686385505816,97.9812174629831,2.12578912401457,13.4127410057088,13.4032271518602,13.4164078649987,1.59069017018701,1.60222149741831,0.0724319910556391
"null",1000,3224,25,0,40,35.1438873243988,-0.000887050071140315,35.1447743744699,37.9229218228005,38.0057697665466,2.07119859365164,8.76470334845078,8.76228915932149,8.76356092008266,-0.317071141819419,-0.326512323441542,0.602241223135021
"null",1000,3224,25,1,40,39.6976544174199,-0.150233104034898,39.8478875214548,37.8774797503029,37.9604293433964,2.07373982733813,8.75540215060502,8.7531380250428,8.76356092008266,0.207891612036482,0.215632173588295,0.39427465945216
"null",1000,3224,50,0,20,16.9536058835421,0.0486060624198985,16.9049998211222,17.940761339124,17.9817018256776,2.04702432767993,6.25792044362882,6.25718638498982,6.26099033699941,-0.157744967273735,-0.172074465791563,0.526296970316916
"null",1000,3224,50,1,20,16.0735082484121,-0.0273539338161027,16.1008621822282,17.9171958123602,17.9581736880992,2.04889378694925,6.25115531839661,6.25047932268279,6.26099033699941,-0.294935491127901,-0.297147052247794,0.587417104754869
"null",1000,3225,2,0,500,532.932612876194,2.11754986682839,530.815063009366,497.460568896805,498.729908692697,2.53867959178501,22.661566717611,22.3606520147869,22.3606797749979,1.56529530466327,1.43489350379637,0.135010004042628
"null",1000,3225,2,1,500,469.024515457599,1.49689239283833,467.52762306476,497.404851162473,498.693920488127,2.57813865130696,22.6620611612345,22.3603639516497,22.3606797749979,-1.25232808714775,-1.39381887927932,0.819990649264989
"null",1000,3225,5,0,200,200.286989475851,0.761677886332365,199.525311589519,197.75826971095,198.206249438722,2.23989863885931,17.9488015668693,17.888387745138,17.8885438199983,0.140885159127778,0.0737384592502239,0.441185867775884
"null",1000,3225,5,1,200,177.670661189804,0.734059665844852,176.936601523959,197.702009360469,198.15911362367,2.28552131600624,17.948325850918,17.887571149307,17.8885438199983,-1.11605663598091,-1.18643900407535,0.847318875867853
"null",1000,3225,10,0,100,112.204350400537,0.445420688218095,111.758929712319,97.8640760198195,98.0773230151769,2.13246995357395,13.4360270705947,13.4159509256485,13.4164078649987,1.0673002000794,1.01980148652646,0.15471046710394
"null",1000,3225,10,1,100,93.6097272812215,0.370343286370772,93.2393839948507,97.8202425565326,98.0372483366293,2.17005780096731,13.4353808168536,13.4151683794604,13.4164078649987,-0.313390095354003,-0.357644735128668,0.60664217197583
"null",1000,3225,25,0,40,42.8643275682717,0.100013511127834,42.7643140571439,37.9148435980511,37.9979557220465,2.07780309988334,8.76676032482145,8.76195810415713,8.76356092008266,0.564573888966378,0.543983237358327,0.270405410943579
"null",1000,3225,25,1,40,37.4697435970224,0.0916207710403784,37.378122825982,37.9037169405298,37.9871623983593,2.08613644573915,8.76620945431053,8.76136114288748,8.76356092008266,-0.0495052446293081,-0.0695142641017321,0.493798562823106
"null",1000,3225,50,0,20,21.4568770000817,0.161253284040526,21.2956237160411,17.9365783552374,17.9775694604396,2.04955526011339,6.25821647757109,6.25666451989277,6.26099033699941,0.562508289296278,0.530323184989685,0.256992481767437
"null",1000,3225,50,1,20,15.8408969526532,0.127254554223553,15.7136423984296,17.9393216492644,17.9802289843471,2.04536675413282,6.25778757817863,6.25621741945223,6.26099033699941,-0.335330125926397,-0.36229344889295,0.603650191568773
"null",1000,3226,2,0,500,512.996114841233,-1.08664761123346,514.082762452466,497.494051102081,498.746708942639,2.50531568111657,22.5467916753708,22.360660737063,22.3606797749979,0.687550759431802,0.685849747025022,0.311516527085366
"null",1000,3226,2,1,500,457.138165981778,-2.39017847249782,459.528344454275,496.732407625864,497.991437883648,2.51806051556966,22.5134011123732,22.3491141301912,22.3606797749979,-1.75869658460113,-1.72101199203299,0.905019229169773
"null",1000,3226,5,0,200,226.589032201373,-0.465693047745073,227.054725249118,197.744107590668,198.195025715756,2.25459062543911,17.9257492170316,17.8884389755357,17.8885438199983,1.60913355762554,1.61331570478739,0.0798727908627571
"null",1000,3226,5,1,200,184.469225975011,-0.68632906799982,185.155555043011,197.277902918214,197.730154980906,2.26126031346031,17.886369729448,17.8539795735716,17.8885438199983,-0.71611384182194,-0.704302359374744,0.746136079322997
"null",1000,3226,10,0,100,118.982042854978,-0.340532961969331,119.322575816947,97.8484912051772,98.0634064287952,2.14915223618002,13.4285136279298,13.416105553702,13.4164078649987,1.57378189689178,1.5846006356357,0.0734944202581603
"null",1000,3226,10,1,100,75.2237013002916,-0.104676932659569,75.3283782329512,97.5807370951727,97.7959257756355,2.1518868046275,13.3940561734832,13.3831339671712,13.4164078649987,-1.66917590200513,-1.67879568401521,0.95771147028941
"null",1000,3226,25,0,40,43.6560339095151,-0.078538502168747,43.7345724116839,37.9119426104712,37.9952490197226,2.08266023128523,8.76537610212754,8.76239854717072,8.76356092008266,0.655316010644391,0.654994561256792,0.243589967961093
"null",1000,3226,25,1,40,28.6703510618494,-0.0900638354746889,28.760414897324,37.7827775023543,37.8669496963204,2.10430484915204,8.74212214197318,8.73948084844154,8.76356092008266,-1.04235862786151,-1.04199951426408,0.863174979478335
"null",1000,3226,50,0,20,27.9901630050585,-0.0826981581588823,28.0728611632174,17.9362228509749,17.9772901954502,2.05336722376388,6.25872696240438,6.25775770146588,6.26099033699941,1.60638740345708,1.61328888867051,0.0622050508897381
"null",1000,3226,50,1,20,17.0712386102666,-0.0589992361603897,17.130237846427,17.8613794448889,17.9028189581352,2.07197566231436,6.24125179091886,6.24039380350636,6.26099033699941,-0.126599736894445,-0.123803262427784,0.518212349530888
"null",1000,3227,2,0,500,505.353353984086,-3.27838124075899,508.631735224845,497.444620003418,498.721891826559,2.55454364628204,22.7796245069097,22.3606460037098,22.3606797749979,0.347184563040942,0.443182339036269,0.40014831600422
"null",1000,3227,2,1,500,495.408246225519,-3.45286644835086,498.86111267387,497.443555320452,498.720831495293,2.5545523496817,22.7790231978472,22.3606252550001,22.3606797749979,-0.0893501480399325,0.00627358032154695,0.52437232355574
"null",1000,3227,5,0,200,198.676841641138,-1.28725933303197,199.96410097417,197.714576803462,198.171251651171,2.28337423854668,17.9726258437687,17.8883603005186,17.8885438199983,0.053540581439882,0.100224352197753,0.473102283905601
"null",1000,3227,5,1,200,187.827298110763,-1.39624796399602,189.223546074759,197.718690761488,198.174385901616,2.27847570064066,17.9723860381465,17.8883006995433,17.8885438199983,-0.550366135566524,-0.500373958219806,0.686718207837933
"null",1000,3227,10,0,100,130.959575794039,-0.550140347674223,131.509716141714,97.8219558871982,98.0394202465739,2.17464359375669,13.443990088783,13.415953323213,13.4164078649987,2.46486494619551,2.49481308474944,0.0146706369834952
"null",1000,3227,10,1,100,105.366452766883,-0.60376862774872,105.970221394631,97.8100732375633,98.0286778665293,2.18604628965982,13.4438770329019,13.415893748833,13.4164078649987,0.56206848000961,0.591950389350154,0.287435517455512
"null",1000,3227,25,0,40,50.8126148208481,-0.353345121560942,51.165959942409,37.8909445246603,37.9749849248567,2.10101000490919,8.76849633575369,8.76179406982335,8.76356092008266,1.47364722540847,1.50551073358179,0.079927337736895
"null",1000,3227,25,1,40,52.0012960220035,-0.3647911111884,52.3660871331919,37.8902615654179,37.974320936613,2.10148427987731,8.76843690583753,8.76174967262726,8.76356092008266,1.60929873911635,1.64256760741984,0.0646140146535575
"null",1000,3227,50,0,20,21.0625974076048,-0.114086876994648,21.1766842845994,17.9173130293099,17.9586515141523,2.0669242421215,6.25817548072106,6.25604907168982,6.26099033699941,0.502588076666154,0.514387392677193,0.276266706487559
"null",1000,3227,50,1,20,21.9881229827199,-0.10131931878989,22.0894423015098,17.9204056431926,17.9616799737677,2.06371652875237,6.25813752530379,6.25601360778995,6.26099033699941,0.649988486683156,0.659807121039868,0.232512861751853
"null",1000,3228,2,0,500,509.58659631685,1.10492131938472,508.481674997465,497.455336242504,498.727122265272,2.54357204553531,22.8239124523663,22.3606272673013,22.3606797749979,0.531515361341479,0.436237884366406,0.349966234206727
"null",1000,3228,2,1,500,470.420799785442,1.19642667989787,469.224373105545,497.478888020621,498.735812473,2.51384890475975,22.8251029542113,22.3604896235059,22.3606797749979,-1.18545306408731,-1.31980291417379,0.807666383228537
"null",1000,3228,5,0,200,188.230802559792,0.49055663000394,187.740245929788,197.730967132494,198.184323129434,2.26677998469812,17.9815935770537,17.8883370548958,17.8885438199983,-0.528327177009778,-0.58384841294049,0.679244100876728
"null",1000,3228,5,1,200,179.760784136893,0.382915843605979,179.377868293287,197.736731480285,198.188150645215,2.25709582465073,17.9817391610699,17.888028176228,17.8885438199983,-0.999677905589308,-1.05155706188597,0.819258038442226
"null",1000,3228,10,0,100,100.324538226787,0.146735161304765,100.177803065482,97.8505143638939,98.0650967778608,2.1458241396693,13.4469451241045,13.4159105109899,13.4164078649987,0.183984082634338,0.157477666975364,0.415939421461203
"null",1000,3228,10,1,100,83.2070746229637,0.173249107583454,83.0338255153803,97.8564335093693,98.0702096433145,2.137761339452,13.4468332444743,13.4156377234795,13.4164078649987,-1.08942816647372,-1.12081023935359,0.856962221872469
"null",1000,3228,25,0,40,25.8418505661208,0.129163806000539,25.7126867601203,37.909297623098,37.9925672990897,2.08174189979069,8.76900141458179,8.76158869505072,8.76356092008266,-1.37614837613215,-1.40155866320295,0.93325867152453
"null",1000,3228,25,1,40,24.7852424781812,0.146744928840822,24.6384975493404,37.9230758348307,38.0057623811329,2.06716365755286,8.76887887937887,8.76141638459976,8.76356092008266,-1.49823410009059,-1.52569678748388,0.95153639860794
"null",1000,3228,50,0,20,10.7937339040091,0.0597919260763852,10.7339419779327,17.9406809546056,17.9815404362617,2.04297408280215,6.25826815116928,6.25586387300832,6.26099033699941,-1.1420007704945,-1.1585287988122,0.902903728908331
"null",1000,3228,50,1,20,9.95310874893396,0.0940924707368279,9.85901627819714,17.9388888245571,17.9797782015634,2.04446885031811,6.25818715027332,6.25577178704552,6.26099033699941,-1.27605325374048,-1.29812310931527,0.933426090593802
"null",1000,3229,2,0,500,500.78299082762,0.361646075766035,500.421344751854,497.451371524562,498.725263412588,2.54778377605225,22.6412247332066,22.3606456841045,22.3606797749979,0.147148369503709,0.0758511790413966,0.456547678771622
"null",1000,3229,2,1,500,501.207509423037,0.0957564122491857,501.111753010788,497.432796895433,498.694282935312,2.52297207975689,22.6369850603696,22.359813161234,22.3606797749979,0.166749790996333,0.108116738634803,0.451239125198094
"null",1000,3229,5,0,200,216.654208531447,0.191908594415362,216.462299937032,197.746347151788,198.196706141248,2.25179494730173,17.9446893566919,17.8883829423618,17.8885438199983,1.05367448852541,1.02108691739424,0.172906067476928
"null",1000,3229,5,1,200,197.013475359462,0.216410750209054,196.797064609253,197.710904427471,198.16304132267,2.26068447599526,17.9417030973238,17.8863416975949,17.8885438199983,-0.038871954586791,-0.0763698209791363,0.506436263144585
"null",1000,3229,10,0,100,105.125342864843,0.105477218755434,105.019865646087,97.8310210841206,98.047592184654,2.16571100533406,13.4346923171701,13.4159755900335,13.4164078649987,0.542946694164303,0.519699325229303,0.293056679683252
"null",1000,3229,10,1,100,98.2812964586776,0.0808097950135158,98.2004866636641,97.8394574743587,98.053639061398,2.14181587039273,13.432392519303,13.4140303385418,13.4164078649987,0.0328935432525487,0.010947314010777,0.473010523420195
"null",1000,3229,25,0,40,38.8035585809307,0.0922315652384671,38.7113270156922,37.9159642770603,37.99902156506,2.07643219999334,8.76635787680818,8.76190244531915,8.76356092008266,0.101250064889383,0.081295752272695,0.433305033076017
"null",1000,3229,25,1,40,30.9180733656982,0.00532305103431012,30.9127503146639,37.8959930607721,37.9795967737398,2.09009282419238,8.76491161569697,8.76054975097473,8.76356092008266,-0.796119801433852,-0.806667008344956,0.785619117750683
"null",1000,3229,50,0,20,22.6404971826502,0.0507745993772571,22.5897225832729,17.9278165246356,17.968977990885,2.05807331246877,6.25800586674047,6.25658465058171,6.26099033699941,0.753064276123665,0.738541049222168,0.204785184221294
"null",1000,3229,50,1,20,17.8754595187556,-0.0753928441181293,17.9508523628737,17.9241378306008,17.9653076111333,2.05848902662556,6.25696935318124,6.25557558955234,6.26099033699941,-0.00777985460651821,-0.00231077828932561,0.463884980067575
"null",1000,3230,2,0,500,521.4917501151,-0.89029189434407,522.382042009444,497.442810890878,498.721027963847,2.55643414593858,22.5727561860713,22.3606536517269,22.3606797749979,1.06539666782303,1.05815395265825,0.225419688575749
"null",1000,3230,2,1,500,533.625714983281,-1.0927405714086,534.718455554689,497.439060018011,498.708490743885,2.53886145174647,22.5706747706787,22.360300288446,22.3606797749979,1.60325977547996,1.6104419147453,0.130506715013177
"null",1000,3230,5,0,200,213.153444146848,-0.311019349197378,213.464463496045,197.730334087636,198.183949170351,2.26807541357321,17.930937373643,17.8884109502173,17.8885438199983,0.860139642330246,0.854213063878011,0.218819148553378
"null",1000,3230,5,1,200,211.745722934577,-0.302524291558741,212.048247226136,197.7053182423,198.161233509168,2.27957633433646,17.9294486642603,17.8873963828623,17.8885438199983,0.783091825922372,0.776357465319745,0.239254882304127
"null",1000,3230,10,0,100,93.4983316006532,-0.175867352135444,93.6741989527887,97.8228030519284,98.0402454869131,2.17442434984763,13.4301820618198,13.416046846644,13.4164078649987,-0.321996487565797,-0.325434651804056,0.609793467228809
"null",1000,3230,10,1,100,109.679553986601,-0.181140322893693,109.860694309495,97.7881680032545,98.0083242415142,2.20156238259701,13.4290857575937,13.415114618993,13.4164078649987,0.885494828017043,0.883508669482414,0.197543637854325
"null",1000,3230,25,0,40,46.7145103704822,-0.0421168638029184,46.7566272342851,37.8753270975487,37.9600742121187,2.11867786424834,8.76565216565826,8.76226209207232,8.76356092008266,1.00838854952096,1.00391347916026,0.156907781699655
"null",1000,3230,25,1,40,45.966162788963,0.0621031411981798,45.9040596477648,37.8470895262055,37.9328368227654,2.14368241399765,8.76491660636215,8.7615732574183,8.76356092008266,0.926314947122733,0.909793548578768,0.175650072201396
"null",1000,3230,50,0,20,20.3194728297438,0.0574302269067342,20.262042602837,17.9141328315414,17.9556274593017,2.0747313880127,6.25861709835126,6.2575226567668,6.26099033699941,0.384324517765435,0.368582787477603,0.315123707675383
"null",1000,3230,50,1,20,25.2919615102876,0.0995506718206415,25.192410838467,17.8971961205058,17.939000399688,2.09021395911127,6.25815390882852,6.25707410961063,6.26099033699941,1.18162088972434,1.15923358293583,0.117083074773114
"null",1000,3231,2,0,500,471.450206938704,-2.53900589654814,473.989212835252,497.482990279666,498.741152229957,2.51632390058225,22.47537513015,22.3606561495649,22.3606797749979,-1.1582802596269,-1.10694155078212,0.79827448345932
"null",1000,3231,2,1,500,484.183821477972,-2.50730955718228,486.691131035154,497.448053820639,498.719582923265,2.54305820525202,22.4754059458136,22.3605375994622,22.3606797749979,-0.59016653023515,-0.537932142042965,0.663021051535312
"null",1000,3231,5,0,200,166.714055066107,-0.880767370893912,167.594822437001,197.763370684524,198.210415980408,2.23522647942015,17.9113793954614,17.8884280984451,17.8885438199983,-1.73349661870738,-1.71147477994832,0.948406689337712
"null",1000,3231,5,1,200,162.541192006444,-0.771122998549591,163.312315004994,197.754937603185,198.202602901231,2.23832649022518,17.9110579450876,17.8880356705429,17.8885438199983,-1.96603381579698,-1.95048179346448,0.969043435600967
"null",1000,3231,10,0,100,78.7508225604144,-0.495791201007198,79.2466137614216,97.8452495970614,98.0604668007954,2.15217203733955,13.4236831574837,13.4160741363506,13.4164078649987,-1.42244321566857,-1.40233669314617,0.923420868990858
"null",1000,3231,10,1,100,79.7820543397907,-0.428763054287367,80.2108173940781,97.8704684526282,98.0828468181184,2.12378365490197,13.4233256229036,13.4156828712588,13.4164078649987,-1.34753596992194,-1.33217441076582,0.91045369851129
"null",1000,3231,25,0,40,31.9170236801441,-0.193294484950695,32.1103181650948,37.9175690012564,38.0006266494482,2.07644120479543,8.76406168248362,8.76226757815551,8.76356092008266,-0.684676299472574,-0.672235632136827,0.745783908508631
"null",1000,3231,25,1,40,40.0925048940365,-0.134846225743929,40.2273511197804,37.9179312937954,38.0009168303759,2.07463841451109,8.76376559458861,8.76196145787888,8.76356092008266,0.248132332702255,0.254102269235901,0.377527616723519
"null",1000,3231,50,0,20,17.2772630982066,-0.0389411657453009,17.3162042639519,17.9367196444748,17.9777619455268,2.05211505260191,6.25805557904683,6.25751854661113,6.26099033699941,-0.10537722746922,-0.105722048867639,0.504126285692546
"null",1000,3231,50,1,20,17.5673984984256,0.0127875467983243,17.5546109516273,17.9379450393389,17.9789480486095,2.05015046352943,6.25783118111133,6.25729066702078,6.26099033699941,-0.0592132529927892,-0.0678148290631126,0.484474066126712
"null",1000,3232,2,0,500,437.587578452238,0.0702792825656454,437.517299169673,497.514756869213,498.756982385513,2.48445103260053,22.6850557061934,22.3606518172709,22.3606797749979,-2.64170294281505,-2.73872531607241,0.975938743053652
"null",1000,3232,2,1,500,456.263380221165,0.259026071612365,456.004354149553,497.206211298702,498.45046430679,2.48850601617624,22.6682560837348,22.3548991283358,22.3606797749979,-1.80617471967394,-1.89873861266657,0.909887282143256
"null",1000,3232,5,0,200,186.785181780793,0.0909824274909334,186.694199353302,197.749090849081,198.198916184238,2.24912667578451,17.9535499880535,17.8883897204081,17.8885438199983,-0.61068195847529,-0.643138762669685,0.705712395744124
"null",1000,3232,5,1,200,186.264711583142,-0.308288923216988,186.573000506359,197.587369450123,198.032869482829,2.22750016353033,17.9368474473515,17.8743454146544,17.8885438199983,-0.631251277584639,-0.641135029598063,0.715021078997893
"null",1000,3232,10,0,100,93.8149960135054,0.119437444587772,93.6955585689176,97.8688227120744,98.0816164850662,2.12793772991797,13.437665821904,13.4159837882546,13.4164078649987,-0.301676403647505,-0.326927788925064,0.600823689043974
"null",1000,3232,10,1,100,88.7684891483303,0.149614413113927,88.6188747352164,97.7522212745932,97.966707596985,2.14486322391849,13.4242302293665,13.4034471027944,13.4164078649987,-0.669217673770989,-0.697420058443006,0.736727805416169
"null",1000,3232,25,0,40,34.4751712861733,0.0518861603885592,34.4232851257848,37.914933465904,37.998053826812,2.07800902269996,8.7672110130752,8.76202202516046,8.76356092008266,-0.392343947761809,-0.407984445914678,0.633214448930499
"null",1000,3232,25,1,40,42.7148878924341,0.0795293957883187,42.6353584966458,37.8505799757404,37.9345309894223,2.09877534204856,8.7576450938493,8.7526896087045,8.76356092008266,0.55543560678316,0.537072342031704,0.275665556747569
"null",1000,3232,50,0,20,13.8945408193392,-0.0541549831631864,13.9486958025024,17.9239203819063,17.9651662485655,2.06229333296003,6.25835934965248,6.25668781606312,6.26099033699941,-0.643839597160695,-0.641948354167751,0.735939669055656
"null",1000,3232,50,1,20,18.2500846895266,-0.127878083533866,18.3779627730605,17.907837404408,17.9489760390298,2.05693173108866,6.25166074200753,6.25005449613979,6.26099033699941,0.0547450188425824,0.0686372789702362,0.439295657168981
"null",1000,3233,2,0,500,466.973231473011,0.205833347408338,466.767398125603,497.499331474852,498.749259591494,2.49985623328343,22.527935242526,22.3606518038586,22.3606797749979,-1.35503319204402,-1.4302741148347,0.837214883163653
"null",1000,3233,2,1,500,489.989888735005,0.585621131544631,489.40426760346,497.292959363383,498.557077782316,2.52823683786635,22.5169291609349,22.3573039564117,22.3606797749979,-0.324336883425851,-0.409387920685816,0.592518838867208
"null",1000,3233,5,0,200,195.612880556804,0.0029257102258377,195.609954846578,197.799446546944,198.239237614961,2.19895534008483,17.9219097093026,17.8884082559361,17.8885438199983,-0.122005189491885,-0.146982488926047,0.534624358753946
"null",1000,3233,5,1,200,180.414439257313,-0.149666931945959,180.564106189259,197.656294327312,198.10153730576,2.22621489224067,17.9113305768903,17.8795979117695,17.8885438199983,-0.962622793208042,-0.980862724264993,0.809906339171471
"null",1000,3233,10,0,100,89.2091735321806,0.00455831889536228,89.2046152132852,97.8673632255231,98.0803473528559,2.1298412733279,13.4271683607851,13.4160453153166,13.4164078649987,-0.644826180822256,-0.66157589147657,0.725657535781461
"null",1000,3233,10,1,100,78.6989260468159,-0.00808038321369429,78.7070064300296,97.7895413761982,98.0040342083952,2.14492832196927,13.4187377417383,13.408188975345,13.4164078649987,-1.42268339219433,-1.43919718120388,0.924036393584422
"null",1000,3233,25,0,40,22.3736498640482,0.0275681490107071,22.3460817150375,37.910292907521,37.9936267180029,2.08334526204829,8.76481484004914,8.76218080035521,8.76356092008266,-1.77261508965153,-1.78580485377922,0.979438661029968
"null",1000,3233,25,1,40,29.5863909483708,-0.0457330120101691,29.632123960381,37.8792592302064,37.9627510647864,2.08729586449913,8.75889436620654,8.75639749797041,8.76356092008266,-0.946793959958122,-0.951376077472075,0.833768788898756
"null",1000,3233,50,0,20,10.8877688584516,0.0373803099624768,10.8503885484891,17.917931611531,17.9593344404276,2.07014144482799,6.25808617442267,6.25727318439154,6.26099033699941,-1.12337263456236,-1.13610924158968,0.899058405903035
"null",1000,3233,50,1,20,8.95145515038919,-0.0155413819052219,8.96699653229441,17.9272378269154,17.968186779225,2.04744761547806,6.2539006611128,6.25313448936999,6.26099033699941,-1.43522949322465,-1.43946851970514,0.960856617243838
"null",1000,3234,2,0,500,488.776231269464,-3.66064866334782,492.436879932812,497.479305740004,498.739296048819,2.51998061762978,22.4990271841052,22.3606579241874,22.3606797749979,-0.386820034454149,-0.281852892583725,0.607547064954959
"null",1000,3234,2,1,500,492.718428217555,-3.67299622760376,496.391424445159,497.475780559926,498.73753089128,2.52350066270722,22.4990142297824,22.3606578407388,22.3606797749979,-0.21144714580755,-0.104921172839843,0.558356405284217
"null",1000,3234,5,0,200,196.606633567554,-1.41752276182864,198.024156329382,197.744722131141,198.195455004107,2.25366436483125,17.9161034577836,17.8884123391878,17.8885438199983,-0.063523219000654,-0.00957595741179925,0.51462002972181
"null",1000,3234,5,1,200,193.199830078359,-1.41103435329002,194.610864431649,197.748880964774,198.198780940466,2.24949987845997,17.9161004564691,17.8884119326605,17.8885438199983,-0.253908538717334,-0.200572109045979,0.583016877580529
"null",1000,3234,10,0,100,95.6922725935559,-0.653231921296644,96.3455045148525,97.8486872291741,98.0635475024194,2.1486027324528,13.4252432686952,13.41605600054,13.4164078649987,-0.160623877903686,-0.128058722138435,0.547129978372466
"null",1000,3234,10,1,100,93.4671468643354,-0.650918167815098,94.1180650321505,97.8477923327415,98.0627419219244,2.1494958918284,13.4252422457223,13.4160557879903,13.4164078649987,-0.326299174959169,-0.294026571751816,0.61067482680469
"null",1000,3234,25,0,40,47.9877494784202,-0.25414156207574,48.2418910404959,37.8983010193269,37.9821129965832,2.09529943140939,8.76434357536059,8.76217612543915,8.76356092008266,1.15119271310381,1.17091666465429,0.128530964612939
"null",1000,3234,25,1,40,47.9879952965336,-0.254130657367939,48.2421259539015,37.8980042036821,37.9818280047181,2.09559502590028,8.7643432255891,8.76217586669159,8.76356092008266,1.15125467284211,1.17097603441022,0.128525898956053
"null",1000,3234,50,0,20,20.240137353319,-0.104264393944073,20.3444017472631,17.9276512133438,17.9688651401947,2.06069634254114,6.25804359982145,6.25736846373085,6.26099033699941,0.369522216182892,0.379638280986264,0.319463635362033
"null",1000,3234,50,1,20,20.2402569535113,-0.104262715060155,20.3445196685715,17.9276186547642,17.9688332104774,2.06072778566212,6.2580431454675,6.25736811932243,6.26099033699941,0.369546557124988,0.379662249813634,0.31945706549873
"null",1000,3235,2,0,500,510.524134371202,-3.13229531497475,513.656429686177,497.483866238174,498.741544950508,2.51535742466777,22.6403762842459,22.3606513019014,22.3606797749979,0.575974001903052,0.667014772257584,0.339200567593631
"null",1000,3235,2,1,500,493.897949770423,-3.37965685024237,497.277606620665,497.453166202717,498.711845795287,2.51735918514147,22.6372320472608,22.3601276371613,22.3606797749979,-0.157051728977794,-0.0641427096435064,0.543476613865139
"null",1000,3235,5,0,200,212.696200717984,-1.25420909621598,213.9504098142,197.758049620513,198.206095412423,2.24022895955211,17.9445335606869,17.8883965847463,17.8885438199983,0.832462490426495,0.88014117571623,0.225334626890191
"null",1000,3235,5,1,200,192.531509831149,-1.20996455972401,193.741474390873,197.72846576228,198.178910721194,2.25222479457112,17.9424257339885,17.8870459699076,17.8885438199983,-0.289646227783254,-0.248081004419987,0.59630185690346
"null",1000,3235,10,0,100,112.844550105123,-0.613073173025163,113.457623278148,97.8471153085651,98.0621076798459,2.14992371280789,13.4346936656504,13.4160200248254,13.4164078649987,1.11632130734048,1.14754715406012,0.144995842104899
"null",1000,3235,10,1,100,84.8441868568916,-0.601224163494602,85.4454110203862,97.824614060482,98.040895045578,2.16280985096,13.433221351903,13.4148129723076,13.4164078649987,-0.966292958594894,-0.93892356540437,0.825669164692044
"null",1000,3235,25,0,40,36.8028390074473,-0.195747457943489,36.9985864653908,37.8906539415212,37.9747456587402,2.10229293047524,8.76649787906406,8.76202832158226,8.76356092008266,-0.12408774279998,-0.111407902088716,0.524728565177904
"null",1000,3235,25,1,40,27.5628828057289,-0.177934834623219,27.7408176403521,37.885925551865,37.9700357856957,2.10275584576816,8.76551842459191,8.76111656320079,8.76356092008266,-1.1776876444837,-1.16757014605984,0.894381155360344
"null",1000,3235,50,0,20,9.60859163679038,-0.0606208409476213,9.669212477738,17.9104891202853,17.952017005188,2.07639424513542,6.25835278182899,6.2569019988881,6.26099033699941,-1.32653076183231,-1.32378684034398,0.943935686253733
"null",1000,3235,50,1,20,9.32197633310603,-0.0763761120280546,9.39835244513408,17.9060928667619,17.947667407128,2.07872701830846,6.25769385132033,6.25626397395899,6.26099033699941,-1.37176997430845,-1.36652081778831,0.951810896573319
"null",1000,3236,2,0,500,471.676075398368,-1.13887826179876,472.814953660167,497.460396391289,498.729794669691,2.53879655680354,22.8290500745488,22.3606434765667,22.3606797749979,-1.12945220710988,-1.15894880380711,0.796179466875519
"null",1000,3236,2,1,500,485.798297445786,-1.11865691899063,486.916954364777,497.455745936804,498.727464264851,2.54343665609282,22.8290892278325,22.3606432091356,22.3606797749979,-0.510640103714939,-0.528182923434355,0.643809287950957
"null",1000,3236,5,0,200,199.664421250688,-0.450909250344426,200.115330501033,197.775545996092,198.220034886872,2.22244445389834,17.9826644829581,17.8883637644947,17.8885438199983,0.105038675241147,0.105951312211268,0.453472391028162
"null",1000,3236,5,1,200,199.823001955786,-0.444397965893244,200.26739992168,197.7813015732,198.224637747946,2.2166808737309,17.9826796326263,17.8883631276246,17.8885438199983,0.113537049221638,0.114195030543567,0.450335635351372
"null",1000,3236,10,0,100,104.20889796076,-0.069951964390737,104.278849925151,97.8729983231846,98.085355817703,2.12357494518476,13.4473285875239,13.4159481722855,13.4164078649987,0.471164186725826,0.461651612536965,0.31495466106606
"null",1000,3236,10,1,100,100.595451116197,-0.0627248424765493,100.658175958674,97.8728072925819,98.0851834938375,2.12376201255566,13.4473353933041,13.41594765131,13.4164078649987,0.202467161261619,0.191786113937686,0.408534746500224
"null",1000,3236,25,0,40,38.8531773055181,-0.107560149780469,38.9607374552986,37.9247346882424,38.0074376541397,2.06757414743243,8.76938434958215,8.76187004328468,8.76356092008266,0.105873181088246,0.108800951902904,0.431102382170431
"null",1000,3236,25,1,40,38.8535393002898,-0.107535623435426,38.9610749237252,37.9281919246265,38.0107565625538,2.06411594818243,8.76938507946559,8.76186983368321,8.76356092008266,0.105520212338497,0.108460680107125,0.431086327331993
"null",1000,3236,50,0,20,13.332879981943,0.0331276361590073,13.299752345784,17.9404812288303,17.9813672517033,2.04430114365192,6.25863778589734,6.25622188265314,6.26099033699941,-0.736198739168075,-0.748313438003251,0.771430286955489
"null",1000,3236,50,1,20,13.332879981943,0.0331276361590073,13.299752345784,17.9404812288303,17.9813672517033,2.04430114365192,6.25863778589734,6.25622188265314,6.26099033699941,-0.736198739168075,-0.748313438003251,0.771430286955489
"null",1000,3237,2,0,500,510.157016067768,-0.201420329342823,510.358436397111,497.525265820755,498.762311603106,2.47409156470264,22.5447766230841,22.3606622279899,22.3606797749979,0.560296092447395,0.518594873254221,0.343399558001425
"null",1000,3237,2,1,500,547.093475907482,0.0240481735808019,547.069427733901,497.378181035053,498.653741379313,2.55112068852028,22.5407221657351,22.359561902035,22.3606797749979,2.20557684473848,2.16532356790862,0.0632340573070236
"null",1000,3237,5,0,200,219.399511421134,-0.189405288314452,219.588916709448,197.755204218684,198.203857138285,2.24326459800133,17.925314732134,17.8884181428922,17.8885438199983,1.20747152983868,1.19546957144789,0.141834170278622
"null",1000,3237,5,1,200,223.557774889627,-0.300130763002474,223.857905652629,197.639386950739,198.102821058458,2.31717053859309,17.9215319669986,17.8852940433197,17.8885438199983,1.44621497685658,1.44001460259978,0.102747572870282
"null",1000,3237,10,0,100,122.37591081811,-0.116463967060082,122.49237478517,97.8551557120266,98.0693766278158,2.14220915789196,13.4283181091742,13.4160641229712,13.4164078649987,1.8260481250687,1.82042944439546,0.0483168254169629
"null",1000,3237,10,1,100,114.548365140212,0.00848091262879833,114.539884227583,97.7931517486077,98.0109578702629,2.17806121655269,13.4248581346736,13.4128186050855,13.4164078649987,1.24807377653617,1.23232311149376,0.12132860603845
"null",1000,3237,25,0,40,45.146309288102,0.0470734649235619,45.0992358231785,37.9201636851418,38.003125037895,2.07403381883224,8.76523385748728,8.76230564435406,8.76356092008266,0.824409903996766,0.809845156435028,0.198001416117891
"null",1000,3237,25,1,40,41.5556641844734,0.00745223677659389,41.5482119476968,37.8788758591599,37.9630299461871,2.10385217567823,8.76273349864135,8.7598606590202,8.76356092008266,0.419593763279865,0.409273861887061,0.318540625507376
"null",1000,3237,50,0,20,28.6999190185664,0.0214403567136896,28.6784786618528,17.9352139300094,17.9762908743942,2.05384721923863,6.2585352390195,6.25759096271879,6.26099033699941,1.72000391104988,1.71027282723009,0.0521720885100257
"null",1000,3237,50,1,20,25.9737894289647,0.00126973881077379,25.9725196901539,17.9298155283774,17.9708910562873,2.05377639549638,6.25683244811796,6.25590238660535,6.26099033699941,1.28563038363076,1.2790526672857,0.100358726924626
"null",1000,3238,2,0,500,484.26228766329,-0.0597513880130051,484.322039051303,497.466630244389,498.732961260032,2.53266203128559,22.4507659847641,22.3606576791837,22.3606797749979,-0.588146640077224,-0.644476670386331,0.662095627028753
"null",1000,3238,2,1,500,472.829945163506,-0.0544286868227919,472.884373850329,497.468920226359,498.733790088423,2.52973972412834,22.4506438911237,22.3606512509487,22.3606797749979,-1.09747298038939,-1.15602251240321,0.785287023268458
"null",1000,3238,5,0,200,177.596432260944,0.0090053534059578,177.587426907538,197.756446535146,198.204869727057,2.24211595955425,17.9064340399211,17.8884251239418,17.8885438199983,-1.12585310002297,-1.15255773924584,0.848263043911958
"null",1000,3238,5,1,200,195.034445889307,0.00215658407154409,195.032289305236,197.73615838172,198.188559072206,2.26200345243114,17.9063660990008,17.8883957856042,17.8885438199983,-0.150879998625932,-0.176442303982924,0.546262470907042
"null",1000,3238,10,0,100,83.1171052030171,-0.0319249280634119,83.1490301310806,97.8360175304853,98.052166210322,2.16148679836687,13.4220475450216,13.4160863690313,13.4164078649987,-1.09662197798782,-1.11084079733138,0.858575527982418
"null",1000,3238,10,1,100,79.6167744058335,-0.0182321620741109,79.6350065679077,97.8449627366096,98.0601936115129,2.15230874903262,13.4220068299234,13.4160577047289,13.4164078649987,-1.35808218262396,-1.37336820168198,0.912627306911263
"null",1000,3238,25,0,40,24.9725677182042,0.0534205842107321,24.9191471339935,37.9070159944559,37.9905126391539,2.08741611745108,8.76375648276479,8.76236048696115,8.76356092008266,-1.47590229163591,-1.49176303857976,0.948590106816217
"null",1000,3238,25,1,40,30.0862718547652,-0.0081942138550001,30.0944660686202,37.9060982124229,37.9896259191882,2.0881926691309,8.76372274397252,8.76233055421065,8.76356092008266,-0.892295042427717,-0.90103423988884,0.816412655207807
"null",1000,3238,50,0,20,13.7620738147994,0.00970627194036263,13.752367542859,17.929794337752,17.9709916208539,2.05986415509617,6.25818578244418,6.25777695760858,6.26099033699941,-0.665963055082859,-0.674141009910184,0.744464372999152
"null",1000,3238,50,1,20,11.0284000922234,-0.00236360084199754,11.0307636930654,17.9283756050727,17.9696001532634,2.06122740953546,6.25816803173094,6.25775987855513,6.26099033699941,-1.1025551691588,-1.10883712300577,0.893147612998703
"null",1000,3239,2,0,500,473.775727869179,-0.473675311995634,474.249403181175,497.483627847031,498.741364284476,2.51547287489009,22.6458297981729,22.3606375801929,22.3606797749979,-1.04689915049017,-1.09531586545621,0.776125655877552
"null",1000,3239,2,1,500,469.07702584166,-0.521097257448087,469.598123099108,497.498115376183,498.748575173187,2.50091959400762,22.6459498627074,22.3606362601362,22.3606797749979,-1.25501865485121,-1.30365038521051,0.819535899733574
"null",1000,3239,5,0,200,189.925415181664,-0.340762497395413,190.266177679059,197.759222510848,198.206997583892,2.23887536521618,17.9456288290744,17.8883786142784,17.8885438199983,-0.436530110134275,-0.443909427235296,0.647206483457302
"null",1000,3239,5,1,200,189.804734406072,-0.361017150648893,190.165751556721,197.75227393602,198.201429865802,2.2457796489092,17.945657478464,17.8883752241209,17.8885438199983,-0.44286700219736,-0.449212307345024,0.649519829331252
"null",1000,3239,10,0,100,100.349929319138,-0.0989723162934349,100.448901635431,97.8480808805117,98.0629430159101,2.14862135398392,13.4350040639953,13.4159724644584,13.4164078649987,0.186218658863736,0.177844627054952,0.415243546489636
"null",1000,3239,10,1,100,103.017569047546,-0.112552912315076,103.130121959861,97.851410446272,98.0659377777845,2.14527331512511,13.4350127805824,13.4159701582714,13.4164078649987,0.384529489152447,0.377474317722319,0.34461499671613
"null",1000,3239,25,0,40,30.5392806019575,-0.0188067028860146,30.5580873048435,37.9097493658165,37.9930733217127,2.08309889740552,8.76656321754939,8.76200466936468,8.76356092008266,-0.84074780286811,-0.848548511148914,0.799927892233872
"null",1000,3239,25,1,40,30.4686245158213,-0.0183302645414523,30.4869547803627,37.9115867721642,37.9948369099896,2.08125344563259,8.76656478243626,8.76200294652447,8.76356092008266,-0.84901696856845,-0.856868249810951,0.802544861312944
"null",1000,3239,50,0,20,17.4026165837929,-0.00289987135254813,17.4055164551455,17.9323320532439,17.9734222493593,2.0545098057685,6.2583646663274,6.25688345940774,6.26099033699941,-0.0846411958544176,-0.0907649627643159,0.495607074482486
"null",1000,3239,50,1,20,18.0639498761266,-0.00924596204264593,18.0731958381693,17.9340728227753,17.9751281511173,2.05276641709788,6.25836538786022,6.25688265575952,6.26099033699941,0.0207525520327155,0.0156735698026443,0.451447271320714
"null",1000,3240,2,0,500,516.604700874414,-3.07125051743021,519.675951391845,497.438421939593,498.718791932065,2.56073998494368,22.6109428682835,22.3606503286932,22.3606797749979,0.847655006979199,0.937233897570828,0.273125142997534
"null",1000,3240,2,1,500,488.790429688557,-3.13320768120302,491.92363736976,497.441501682483,498.719349956728,2.55569654849044,22.6105076847267,22.3606205129669,22.3606797749979,-0.382612903458603,-0.303914311457846,0.607371985097968
"null",1000,3240,5,0,200,219.561158679598,-1.22532471038839,220.786483389986,197.727026472142,198.181305336965,2.2713943241176,17.938628048674,17.8884114087031,17.8885438199983,1.2171573070255,1.2636772230106,0.140138069219398
"null",1000,3240,5,1,200,214.258212398674,-1.18282869191281,215.441041090587,197.745135933174,198.195537834233,2.25200950529828,17.9383983432888,17.8883150437274,17.8885438199983,0.920543526210524,0.964065269098696,0.20356820896977
"null",1000,3240,10,0,100,108.090835382054,-0.569474561092727,108.660309943147,97.8186338052453,98.0364852728929,2.1785146764766,13.4327248885012,13.4160343276216,13.4164078649987,0.764714654850265,0.791875185380299,0.228235812282418
"null",1000,3240,10,1,100,135.786092968384,-0.622281670483592,136.408374638867,97.8384797723266,98.054276693345,2.15796921018448,13.4325894332237,13.4159468756967,13.4164078649987,2.82504079981772,2.85884390426455,0.00694323074339551
"null",1000,3240,25,0,40,31.7489460200222,-0.277921848120442,32.0268678681427,37.9121307096307,37.9953873711423,2.08141653778973,8.76615362336297,8.76215794136207,8.76356092008266,-0.70306601440143,-0.681170043149417,0.752685350782869
"null",1000,3240,25,1,40,37.3131992511421,-0.203690485729746,37.5168897368719,37.8921609775022,37.9762032252602,2.10105619395022,8.76606704771311,8.76208726231771,8.76356092008266,-0.0660457789347116,-0.0524205562713026,0.50102912461685
"null",1000,3240,50,0,20,16.4045893957302,-0.163921610150566,16.5685110058808,17.9370955382889,17.9780927660152,2.04986138631188,6.25820261286533,6.25692219767555,6.26099033699941,-0.244879598402308,-0.2252835684385,0.564333482751747
"null",1000,3240,50,1,20,17.3197038662337,-0.142177749763529,17.4618816159972,17.9377611884084,17.9787427272302,2.04907694108744,6.25816118878116,6.25688541535369,6.26099033699941,-0.0987602114312244,-0.0826067726867128,0.501237347745761
"null",1000,3241,2,0,500,499.096003215086,1.5427894235484,497.553213791537,497.448512784723,498.72393868127,2.55085179309502,22.5434529005484,22.3606562520085,22.3606797749979,0.0730806606082635,-0.0523564638058162,0.477740586701832
"null",1000,3241,2,1,500,539.368397005234,1.71175363642413,537.65664336881,497.475175267172,498.718329268541,2.48630800273636,22.5433201095978,22.360008285924,22.3606797749979,1.85834302730881,1.74142664002418,0.0972882708439937
"null",1000,3241,5,0,200,216.595935063007,0.506457005038397,216.089478057968,197.74980833865,198.199515004916,2.24853333132979,17.9250146047696,17.8884023910865,17.8885438199983,1.05138696619761,1.0000872443459,0.173612467514051
"null",1000,3241,5,1,200,204.567793296941,0.620023348652957,203.947769948288,197.738881959211,198.186178397802,2.23648219295613,17.9235300301129,17.8866766981693,17.8885438199983,0.381002588566947,0.322116380125322,0.359467839057798
"null",1000,3241,10,0,100,119.442062462945,0.237489596735333,119.20457286621,97.8360555766111,98.0521595590312,2.16103982420077,13.4281893579754,13.4160282572777,13.4164078649987,1.60900373910065,1.57665241169302,0.0695569184052359
"null",1000,3241,10,1,100,99.6982996238275,0.28639444530413,99.4119051785234,97.8291940775318,98.0447442538735,2.15550176341704,13.4267372786392,13.4144825488065,13.4164078649987,0.139207724669588,0.101916784316926,0.433217945580419
"null",1000,3241,25,0,40,34.9668150587018,0.171521278377503,34.7952937803243,37.8937866503273,37.977773405485,2.09966887894236,8.76503785415372,8.7621422171068,8.76356092008266,-0.333937130715114,-0.363207940056864,0.610475707487944
"null",1000,3241,25,1,40,29.3684579353399,0.250658926715222,29.1177990086247,37.9011333957751,37.9846135836932,2.08700469795289,8.76393234443578,8.7610098039698,8.76356092008266,-0.973612657547786,-1.01207677807308,0.841051197469481
"null",1000,3241,50,0,20,11.2985195998952,0.0733804337306214,11.2251391661646,17.9242801057512,17.9655555371253,2.06377156870282,6.25818744026745,6.25726996016568,6.26099033699941,-1.05873474853493,-1.07721361134661,0.881262079487283
"null",1000,3241,50,1,20,12.6909291329961,0.169869501772157,12.5210596312239,17.9265638926344,17.9677520363062,2.05940718359014,6.25755316045205,6.25662762629778,6.26099033699941,-0.836690416427898,-0.870547638505578,0.809597033304408
"null",1000,3242,2,0,500,510.489591211564,1.73049070314799,508.759100508416,497.433715388662,498.716416094139,2.56540141095394,22.8253920207553,22.3606386506378,22.3606797749979,0.571989116814741,0.449123326537482,0.339594736491311
"null",1000,3242,2,1,500,499.658057625387,1.73998259904938,497.918075026338,497.486411602294,498.73239390984,2.49196461509101,22.8225660378521,22.3601754823866,22.3606797749979,0.0951534555532063,-0.0364182689059613,0.470664454784313
"null",1000,3242,5,0,200,210.959127770452,0.754440762050078,210.204687008402,197.758402253497,198.206337240181,2.23967493341931,17.9819747307487,17.8883744255349,17.8885438199983,0.734108779186608,0.670734493967955,0.251154048502658
"null",1000,3242,5,1,200,218.418830770511,0.783450231472028,217.635380539039,197.73531528209,198.185421156408,2.25052937159327,17.980341712555,17.8874155273235,17.8885438199983,1.15034051182567,1.08735436670099,0.152440053649765
"null",1000,3242,10,0,100,88.0161867006272,0.331785505781185,87.684401194846,97.8514771215024,98.0659972283816,2.1452010687917,13.4471297223278,13.4159652029464,13.4164078649987,-0.731404442729853,-0.773824013143348,0.755166044883021
"null",1000,3242,10,1,100,89.562610490259,0.188524550184257,89.3740859400748,97.8412135198269,98.0560466753706,2.14833155543634,13.4459728829178,13.4150607853834,13.4164078649987,-0.615693866234501,-0.647180126440826,0.716643193684629
"null",1000,3242,25,0,40,28.9529904997626,0.0173731192947564,28.9356173804679,37.9185385084259,38.001467525516,2.07322542725463,8.76925996979704,8.76176159966256,8.76356092008266,-1.02238364919528,-1.03470632496978,0.854441845129612
"null",1000,3242,25,1,40,30.4781329123419,0.12901325434876,30.3491196579932,37.9139393128587,37.9969416863784,2.07505933799441,8.7686019812982,8.76116666789559,8.76356092008266,-0.848003640303882,-0.872922787373732,0.802193659151749
"null",1000,3242,50,0,20,10.8500594637393,-0.0188724821680949,10.8689319459074,17.9274941078104,17.9686334784289,2.05696853092578,6.25859804270192,6.25613520551909,6.26099033699941,-1.13083386978718,-1.13483825065964,0.900610769024138
"null",1000,3242,50,1,20,12.5236348993581,0.00299687541447699,12.5206380239436,17.9387862533435,17.9796707870883,2.04422668724025,6.25812753315717,6.25568545385993,6.26099033699941,-0.865298977257099,-0.872651415006215,0.819059609794182
"null",1000,3243,2,0,500,487.921921011599,1.79786748081724,486.124053530782,497.487684986474,498.743419254887,2.51146853682677,22.6951976437646,22.360641852409,22.3606797749979,-0.421488463111172,-0.564356148960263,0.618046455869637
"null",1000,3243,2,1,500,511.184626345175,1.74184799608056,509.442778349094,497.405844810592,498.678313928701,2.54493823621715,22.6902665783494,22.3596315751778,22.3606797749979,0.607255163221839,0.481424051384796,0.331701406361285
"null",1000,3243,5,0,200,208.112409320523,0.776163898839898,207.336245421683,197.754777780127,198.20343941405,2.24330816961335,17.9555798047036,17.8883781218075,17.8885438199983,0.576847512196862,0.510544105532921,0.296970207431377
"null",1000,3243,5,1,200,210.916111638337,0.469184879277489,210.446926759059,197.702145271774,198.155326265014,2.26590496620118,17.9522385033308,17.8860572783671,17.8885438199983,0.73606232248482,0.687216880878034,0.251814539918791
"null",1000,3243,10,0,100,109.834709973577,0.512821971412501,109.321888002165,97.8627183407864,98.0760980415948,2.13379700808392,13.438277399218,13.415942286545,13.4164078649987,0.89088737173169,0.838240782523962,0.194701117651342
"null",1000,3243,10,1,100,112.197921698773,0.356314040277648,111.841607658495,97.8313786122689,98.0461407950295,2.14762182760581,13.4356881940528,13.4137347383167,13.4164078649987,1.06928226370001,1.02845830282142,0.15481033957195
"null",1000,3243,25,0,40,29.8043513515069,0.0441051876501052,29.7602461638568,37.91619572838,37.9992504221448,2.07636734412112,8.76728136590143,8.76193681991017,8.76356092008266,-0.92524056641121,-0.940317697745337,0.82631137017244
"null",1000,3243,25,1,40,35.4400542999844,0.106983628862366,35.3330706711221,37.9058813496919,37.9890767521959,2.07988506259979,8.76573086451367,8.76047898330427,8.76356092008266,-0.28130307533053,-0.303180463777793,0.5884305378354
"null",1000,3243,50,0,20,11.4959523225074,0.0278001103370877,11.4681522121703,17.9291112462665,17.9702258008873,2.05572773103761,6.2579219361171,6.25624526192544,6.26099033699941,-1.02800242467562,-1.03929326880574,0.872139199864281
"null",1000,3243,50,1,20,15.4794228345968,0.075547197100166,15.4038756374967,17.9233191866314,17.9644877028678,2.05842581181875,6.25693777239022,6.25528758713723,6.26099033699941,-0.390589844575199,-0.409351613287377,0.628828056279682
"null",1000,3244,2,0,500,513.153022835284,-7.63989618026902,520.792919015553,497.43484633754,498.716970231455,2.56424778782943,22.8100227951136,22.3606479288286,22.3606797749979,0.689090784298163,0.987267849051754,0.309795597800866
"null",1000,3244,2,1,500,496.959986392285,-6.79285452988886,503.752840922174,497.031242801427,498.309546004531,2.55660640620863,22.7768603511161,22.3506213751617,22.3606797749979,-0.00312845616310101,0.243541100100785,0.504726239717369
"null",1000,3244,5,0,200,178.774818433181,-3.12475432635589,181.899572759537,197.75035967713,198.199900247337,2.24770285103448,17.97883323502,17.8883760580044,17.8885438199983,-1.05543785828036,-0.911224553584144,0.832848199758994
"null",1000,3244,5,1,200,210.727387952917,-2.92256930160293,213.64995725452,197.458498291989,197.912626983596,2.27064345803351,17.951492504242,17.8671068175893,17.8885438199983,0.739152449735978,0.880799025359335,0.254724164692687
"null",1000,3244,10,0,100,95.1746024201225,-1.66422495280512,96.8388273729276,97.8463452264604,98.0613811547331,2.15035928272617,13.4460941640024,13.4159719225851,13.4164078649987,-0.198700289745903,-0.0911267397442433,0.56199510584406
"null",1000,3244,10,1,100,103.330474890712,-1.63686415167371,104.967339042385,97.6876841776138,97.9029131046929,2.15228927079038,13.4240920078949,13.3960693624348,13.4164078649987,0.420348036185928,0.527350653879303,0.336699970543632
"null",1000,3244,25,0,40,28.7016246672542,-0.577582017821516,29.2792066850757,37.9107323893616,37.9940081476378,2.08189395690628,8.76921869446726,8.76195563508352,8.76356092008266,-1.05016285292527,-0.994618305035398,0.862223848378452
"null",1000,3244,25,1,40,28.1573910747516,-0.467841519830671,28.6252325945823,37.8436138247132,37.9270210184044,2.08517984228093,8.75500584835619,8.74824956318551,8.76356092008266,-1.10636393826969,-1.06327424207993,0.878230814170439
"null",1000,3244,50,0,20,14.7435014073835,-0.250196543092945,14.9936979504765,17.925917712392,17.9671113238039,2.05968057059471,6.25889801704398,6.25649690322761,6.26099033699941,-0.508462719210665,-0.475252113014464,0.679497457285393
"null",1000,3244,50,1,20,9.66074018630568,-0.346482278292713,10.0072224645984,17.9028491352544,17.9438628658764,2.0506865311015,6.24878490011088,6.24656005976887,6.26099033699941,-1.31899386531971,-1.27056176925187,0.942418618295018
"null",1000,3245,2,0,500,505.799620590833,2.23619224663471,503.563428344199,497.477678252536,498.738385542305,2.52141457953853,22.6712269413548,22.3606397296721,22.3606797749979,0.36707066449577,0.215782860429113,0.394749739654096
"null",1000,3245,2,1,500,535.301709055834,2.28445662981702,533.017252426017,497.495994218661,498.74279348634,2.49359853535773,22.6695026169133,22.3604218392644,22.3606797749979,1.66769053013838,1.53281808304226,0.120064870762255
"null",1000,3245,5,0,200,204.582647722165,0.846253627024312,203.736394095141,197.763452504274,198.210414928011,2.23481211868432,17.9507579981505,17.8883927178123,17.8885438199983,0.379883413201482,0.308914235856838,0.359194834527542
"null",1000,3245,5,1,200,189.022163946336,0.885728291589415,188.136435654747,197.769996697967,198.214432429567,2.22217865800031,17.9498630263498,17.8879187677218,17.8885438199983,-0.48734816186558,-0.563396832559719,0.664406934002388
"null",1000,3245,10,0,100,92.5742629967912,0.562490617806996,92.0117723789842,97.8577711753437,98.0716790024,2.13907827056294,13.4367087960714,13.4159873676872,13.4164078649987,-0.393214458893184,-0.451692928543689,0.635734344959147
"null",1000,3245,10,1,100,94.2342024152064,0.518645185745275,93.7155572294611,97.8538790544419,98.0678450008437,2.13965946401884,13.4361424086765,13.4155681336109,13.4164078649987,-0.269398502124989,-0.324420682600729,0.58889914786502
"null",1000,3245,25,0,40,44.3503450048528,0.183555205667668,44.1667897991852,37.92689501347,38.0094922700764,2.06493141516171,8.76667746680948,8.76177075080639,8.76356092008266,0.732712024105136,0.702745792400701,0.221551681270486
"null",1000,3245,25,1,40,42.4708108830621,0.190009656541176,42.2808012265209,37.9240133329137,38.0066727160983,2.06648457961531,8.76635681019379,8.76148553711665,8.76356092008266,0.518664440496106,0.48783148614649,0.284390296274481
"null",1000,3245,50,0,20,18.3805535663626,0.152022939056804,18.2285306273058,17.9342905871415,17.9753029901929,2.05062015257262,6.25780623608959,6.25626996687894,6.26099033699941,0.0713130068885013,0.0404758168131345,0.43086026593145
"null",1000,3245,50,1,20,18.4702186178256,0.139239503642721,18.3309791141829,17.9381526236268,17.97907269692,2.04600366465974,6.25756247845981,6.25603648865552,6.26099033699941,0.0850276758770335,0.0562506976903009,0.425103998772655
"null",1000,3246,2,0,500,500.825652970382,-3.87156168816096,504.697214658543,497.52284028113,498.761049624764,2.47641868726717,22.7197753776416,22.3606544929481,22.3606797749979,0.145371714040014,0.265473670980935,0.456013691610359
"null",1000,3246,2,1,500,481.934160195435,-3.06257902846087,484.996739223895,496.965138247815,498.217908586174,2.50554067671801,22.6894041929452,22.3496720610452,22.3606797749979,-0.662466846840079,-0.591559881781112,0.689156821431171
"null",1000,3246,5,0,200,189.077720398771,-1.37164371410294,190.449364112874,197.789601661287,198.231327879675,2.20863109193988,17.9606013146575,17.8883984284159,17.8885438199983,-0.485055099764752,-0.435028535279014,0.663356848206939
"null",1000,3246,5,1,200,198.395896195077,-0.613008956029376,199.008905151107,197.412408396552,197.867667242424,2.27629422935646,17.9321787364153,17.8645128373211,17.8885438199983,0.0548448581168676,0.0638829571830753,0.478712544753186
"null",1000,3246,10,0,100,85.1437057068052,-0.64752585576868,85.7912315625739,97.8752469006635,98.0874324439969,2.12185543333425,13.4400709478694,13.4160300151471,13.4164078649987,-0.947282290639736,-0.916530513687006,0.819553208231199
"null",1000,3246,10,1,100,96.6009999077282,-0.442689247551076,97.0436891552792,97.6581542442067,97.8739798814807,2.15825637273913,13.4159213308535,13.3932937448198,13.4164078649987,-0.0787984895265723,-0.0619930199412347,0.521018155588258
"null",1000,3246,25,0,40,26.2699222983325,-0.41708580931455,26.6870081076471,37.9210142247154,38.0039026909578,2.07221165606005,8.76790524658543,8.76209301409255,8.76356092008266,-1.32883415122675,-1.29157434931462,0.924668933281488
"null",1000,3246,25,1,40,43.6528980534737,-0.224219186340818,43.8771172398145,37.8233633364757,37.9071427250999,2.09448471560435,8.75145296171255,8.74597107524583,8.76356092008266,0.666121927696135,0.682597102523216,0.243692654750303
"null",1000,3246,50,0,20,13.5109534828352,-0.105668791949103,13.6166222747843,17.9421289428624,17.9830085411526,2.04397991451031,6.25858166692303,6.2566652921595,6.26099033699941,-0.708015920515376,-0.697877553373356,0.760369837927905
"null",1000,3246,50,1,20,23.1121774404275,-0.0854715271799877,23.1976489676075,17.9023143386581,17.94327548922,2.04805752809121,6.24743896935719,6.24561261816385,6.26099033699941,0.833919807351935,0.841290326445546,0.186316115782342
"null",1000,3247,2,0,500,490.126063542411,-11.7261384043885,501.852201946799,497.464023963579,498.731556795329,2.53506566350085,22.8103913150294,22.3606324880225,22.3606797749979,-0.321693754386997,0.139559788979193,0.590825227898042
"null",1000,3247,2,1,500,465.660805997339,-12.1082415490856,477.769047546425,497.478176421048,498.72556066352,2.49476848494523,22.8120718705048,22.3600672401294,22.3606797749979,-1.39476022188265,-0.937229431917132,0.847677844080964
"null",1000,3247,5,0,200,210.921517491483,-4.72906637328442,215.650583864767,197.749817421544,198.199424357367,2.2480346791149,17.9788584074254,17.8883446528546,17.8885438199983,0.732621603188032,0.975560335294366,0.251731480459509
"null",1000,3247,5,1,200,189.151065205939,-5.02206620199206,194.173131407931,197.760408979537,198.204732707615,2.22161864038624,17.9783997805593,17.8871135894123,17.8885438199983,-0.47887152798257,-0.22539138467089,0.661968905352417
"null",1000,3247,10,0,100,96.8570156085322,-2.42321785275521,99.2802334612874,97.8635388018594,98.076812247898,2.13273446038506,13.4459886606371,13.4158998651225,13.4164078649987,-0.0748567635099875,0.0897011177399999,0.513670175382
"null",1000,3247,10,1,100,98.2906353139363,-2.52097174049661,100.811607054433,97.8559034038914,98.0690276639303,2.13124260038897,13.4451497347696,13.4147440330523,13.4164078649987,0.032333735110489,0.20444515256834,0.472745684857037
"null",1000,3247,25,0,40,41.9151247125595,-0.902953553479879,42.8180782660394,37.9145214071127,37.9976044390263,2.07707579784032,8.768895910709,8.76171092558157,8.76356092008266,0.456226570161596,0.550174945048547,0.304860729505261
"null",1000,3247,25,1,40,32.0214711200818,-0.966716048310202,32.9881871683921,37.9120971213333,37.995108829219,2.07529269714331,8.76808032872479,8.7608075527682,8.76356092008266,-0.671826190044512,-0.571513713852198,0.741457438211998
"null",1000,3247,50,0,20,23.497370416443,-0.505812578564119,24.0031829950071,17.9294038834854,17.9705117237875,2.05539201510622,6.25857357220528,6.25622602747741,6.26099033699941,0.88965424289095,0.964266835105385,0.172193795453184
"null",1000,3247,50,1,20,21.5963287780939,-0.523479535435239,22.1198083135292,17.9246524915604,17.9658198202192,2.05836643294159,6.25804604923823,6.25567573307305,6.26099033699941,0.586712890516436,0.664035137139265,0.250400820761451
"null",1000,3248,2,0,500,480.435444279871,-4.60145357431616,485.036897854187,497.488703868048,498.744004843182,2.51060195026778,22.5351338126619,22.3606599772946,22.3606797749979,-0.756740995191908,-0.613001002784031,0.706106793505007
"null",1000,3248,2,1,500,479.566565023638,-4.6078320795481,484.174397103186,497.41442657186,498.684620278125,2.54038741253011,22.5320341973678,22.3599622755899,22.3606797749979,-0.792110529918641,-0.648937730578353,0.715749324478609
"null",1000,3248,5,0,200,183.908160148579,-1.83545770931222,185.743617857891,197.729127996181,198.182985732323,2.26928868071086,17.9233311624392,17.8884070239125,17.8885438199983,-0.7711160231512,-0.695387121827201,0.755519676846234
"null",1000,3248,5,1,200,186.278893292187,-1.65464586916873,187.933539161355,197.695201562533,198.150198139333,2.27498288399851,17.9206183473785,17.8862939391521,17.8885438199983,-0.637048792014278,-0.571200440557092,0.714769079293898
"null",1000,3248,10,0,100,89.6593784656464,-0.970880083448987,90.6302585490953,97.8385494700611,98.0544138816195,2.15864411558325,13.4276420311995,13.4160430412293,13.4164078649987,-0.609129360569058,-0.553378914312415,0.714154827280977
"null",1000,3248,10,1,100,104.176593306221,-0.929744894543473,105.106338200765,97.8223842326945,98.0382490307895,2.15864798094992,13.4254295503795,13.4140334017784,13.4164078649987,0.473296519093286,0.526917516773007,0.31574155897091
"null",1000,3248,25,0,40,30.8325709028453,-0.294039106186729,31.1266100090321,37.9055282217995,37.9890561816897,2.08819899725392,8.76495837061753,8.76220151873397,8.76356092008266,-0.806958461167895,-0.783187439593282,0.788889375919021
"null",1000,3248,25,1,40,37.8761049179766,-0.35255962649409,38.2286645444707,37.8869569389038,37.9709385667621,2.09954069645716,8.7633572474058,8.76065786534038,8.76356092008266,-0.00123834058350522,0.0294185644126367,0.475138142402182
"null",1000,3248,50,0,20,17.5731227714123,-0.112543571710932,17.6856663431232,17.9234363433592,17.9647448062669,2.06542314538571,6.25840109630235,6.25752314666371,6.26099033699941,-0.0559749313852542,-0.0445988702882385,0.484088745862862
"null",1000,3248,50,1,20,19.2916240554166,-0.215789997145025,19.5074140525616,17.9186906105012,17.9600248606623,2.06671250805346,6.25731180291976,6.25645489857421,6.26099033699941,0.219412662842648,0.247326835561773,0.374075878625313
"null",1000,3249,2,0,500,487.546479638449,-1.81961795310958,489.366097591559,497.433473943553,498.716378047781,2.56580820845523,22.586334986528,22.3606591524654,22.3606797749979,-0.437742303521197,-0.418157639829293,0.622637630294958
"null",1000,3249,2,1,500,489.564351187303,-2.86741011524841,492.431761302551,497.370789833711,498.632560361509,2.52354105559679,22.5793813945094,22.358893174456,22.3606797749979,-0.345733061061915,-0.277330322685309,0.59780201002495
"null",1000,3249,5,0,200,212.695073803264,-0.730169178555703,213.42524298182,197.746001685233,198.196485147478,2.25241731122931,17.9336745658983,17.8884162291924,17.8885438199983,0.833575520906244,0.851319515334712,0.225350830928189
"null",1000,3249,5,1,200,210.808921899606,-1.04025740260903,211.849179302215,197.671302018498,198.123771962061,2.2623497178167,17.9273815327537,17.8834995576068,17.8885438199983,0.732824247484523,0.767490014800582,0.253464756896495
"null",1000,3249,10,0,100,113.095885608672,-0.325957443721421,113.421843052394,97.8476995315078,98.0626626213465,2.14963089838721,13.4311177179707,13.4160626026105,13.4164078649987,1.13528794828165,1.14483517899346,0.141306264254339
"null",1000,3249,10,1,100,86.8889109219066,-0.35844529341759,87.2473562153242,97.7949520962205,98.0114699528714,2.1651785665092,13.4260037566458,13.4114143146458,13.4164078649987,-0.812307323310218,-0.802608396475558,0.78162429712516
"null",1000,3249,25,0,40,45.56154084156,-0.166051757127919,45.7275925986879,37.8926845924075,37.9767206961687,2.10090259403011,8.7657933975088,8.76217721411451,8.76356092008266,0.874861624200715,0.884582873995485,0.18644100187324
"null",1000,3249,25,1,40,34.1438023721845,-0.135401374253469,34.279203746438,37.8749247659859,37.9590945656899,2.10424499259839,8.76260139740522,8.75909654786738,8.76356092008266,-0.425800766757033,-0.420122189445191,0.648406529252652
"null",1000,3249,50,0,20,16.7642744512935,-0.0683584478938553,16.8326328991873,17.917964235691,17.9593761504004,2.07059573547353,6.25862555773363,6.25743591646098,6.26099033699941,-0.184335965421658,-0.180064688836695,0.539364220649072
"null",1000,3249,50,1,20,12.7743425354238,-0.0458539371930112,12.8201964726168,17.9140188241992,17.9553689109077,2.06750433542527,6.25640402350087,6.25525785596316,6.26099033699941,-0.8215064547413,-0.820936971190648,0.804800460790689
"null",1000,3250,2,0,500,482.204873671655,-3.55744515599007,485.762318827645,497.448120851499,498.723736127548,2.55123055209792,22.6258977684424,22.3606582142989,22.3606797749979,-0.673707948999247,-0.579652762261467,0.686054223792492
"null",1000,3250,2,1,500,533.280016418507,-3.34805549498839,536.628071913495,497.332522140981,498.577084575463,2.48912486896469,22.6158526197902,22.3576962719614,22.3606797749979,1.58948216022906,1.70191896674756,0.132739184083817
"null",1000,3250,5,0,200,209.157924289221,-1.4259278727223,210.583852161943,197.772036041109,198.217297198867,2.22630578879164,17.941629515308,17.8884023520967,17.8885438199983,0.634607254508142,0.691316905761921,0.279656451017101
"null",1000,3250,5,1,200,204.319847430413,-1.47872771466661,205.79857514508,197.678719920573,198.120670121871,2.20975100648655,17.9315571692179,17.88008257659,17.8885438199983,0.370359776742668,0.429411049435628,0.364037205585307
"null",1000,3250,10,0,100,104.892522971512,-0.680297187361055,105.572820158873,97.8500740686741,98.0647733721813,2.14699303507161,13.4337148821415,13.4160226888427,13.4164078649987,0.524236889395381,0.559632833129909,0.298540696278976
"null",1000,3250,10,1,100,104.533515045483,-0.7601272747513,105.293642320234,97.8070711518063,98.0200169775377,2.12945825731343,13.4255228554908,13.408444308006,13.4164078649987,0.501019138403638,0.542466014372249,0.307103358419712
"null",1000,3250,25,0,40,50.3889576076342,-0.32080815641085,50.709765764045,37.9250908507194,38.0078165178652,2.06814167864363,8.76633172374023,8.76209184777873,8.76356092008266,1.42178817203108,1.44964803688972,0.0860671922936237
"null",1000,3250,25,1,40,44.6498136567523,-0.269612110940491,44.9194257676927,37.8908815583807,37.9739799319474,2.07745933916837,8.76087750546774,8.75677781979317,8.76356092008266,0.771490309521309,0.793150857390303,0.212476294024898
"null",1000,3250,50,0,20,20.2665022249095,-0.0754060081881791,20.3419082330976,17.9434339996678,17.9842954958795,2.04307481058826,6.25813408899069,6.25678430191277,6.26099033699941,0.371207806066099,0.37680901617423,0.318017355572337
"null",1000,3250,50,1,20,14.6279877071292,-0.0306295211159813,14.6586172282452,17.9266097585323,17.967569966556,2.04801040118267,6.25442035661585,6.25310988569355,6.26099033699941,-0.527406516243166,-0.529169133247013,0.687332355978651
