"scen","n","rep","m","oracle","G","HL","C","EF","mu","muEF","d","sdHL","sdEF","sdEF_simple","zHL","zEF","pHL_chisq"
"null",4000,2451,2,0,2000,2020.52084464476,3.84218072177319,2016.67866392299,1997.46786366883,1998.73384551992,2.53196370216557,45.1361423006918,44.7213566656506,44.7213595499958,0.510743271375618,0.401258363811172,0.357380019956452
"null",4000,2451,2,1,2000,1951.4577530055,3.75305969271341,1947.70469331279,1997.07573113863,1998.34410515194,2.53674802661832,45.1232877504138,44.7179576885442,44.7213595499958,-1.01096308375066,-1.13241781281354,0.767761454246304
"null",4000,2451,5,0,800,794.025295693118,1.52049691611826,792.504798777,797.745987331125,798.196703141351,2.25357905113119,35.8603068955107,35.7770694488629,35.7770876399966,-0.103755153263138,-0.159093644393849,0.533059216495754
"null",4000,2451,5,1,800,774.188484982421,1.16924572157793,773.019239260843,797.50045854556,797.94986846379,2.24704959115292,35.8483185101604,35.767507926879,35.7770876399966,-0.650294756685212,-0.697018904809194,0.720839325261889
"null",4000,2451,10,0,400,339.871349924455,0.76812890748743,339.103221016968,397.850225252458,398.065128437986,2.14903185527627,26.8605221584767,26.8327670356327,26.8328157299975,-2.15851631572643,-2.19738453893776,0.984071826733153
"null",4000,2451,10,1,400,377.951732045615,0.544443110420101,377.407288935195,397.699312100058,397.915226943577,2.15914843519899,26.8508746986053,26.8239551705126,26.8328157299975,-0.735453882828943,-0.764538185290694,0.757772062141837
"null",4000,2451,25,0,160,124.853606637557,0.287590006959064,124.566016630598,157.90358041556,157.987370352592,2.09474842580191,17.5337297946924,17.5269405026969,17.5271218401653,-1.8849368711047,-1.90685611769215,0.975896367189596
"null",4000,2451,25,1,160,159.724686384186,0.168954225251233,159.555732158935,157.842858841111,157.926666257685,2.09518541435646,17.5270869935749,17.5205027376874,17.5271218401653,0.107366817073751,0.0929805454580474,0.446641689056983
"null",4000,2451,50,0,80,54.3954893983091,0.148836936751089,54.246652461558,77.9273060534079,77.968696178662,2.06950626270146,12.5238469042241,12.5214843952866,12.5219806739988,-1.87896074066204,-1.89450730985486,0.980703776194044
"null",4000,2451,50,1,80,74.4485696321044,0.064416623576586,74.3841530085278,77.8905681107937,77.9320715910781,2.07517401421868,12.5189715519673,12.5166811402897,12.5219806739988,-0.274942591282461,-0.283455218103297,0.592958654147602
"null",4000,2452,2,0,2000,2020.9011316408,-1.40213315950097,2022.3032648003,1997.46474807219,1998.73227578811,2.53505543184406,45.4744532492883,44.721355499047,44.7213595499958,0.515374719078791,0.527063385024069,0.355154428995163
"null",4000,2452,2,1,2000,1974.24556329535,-1.51612023673548,1975.76168353208,1997.45427878844,1998.72601482472,2.54347207256828,45.4738649590827,44.7213349189308,44.7213595499958,-0.510374816699164,-0.513498341099873,0.643086525484043
"null",4000,2452,5,0,800,813.23984132248,-0.560260040556473,813.800101363036,797.758682020929,798.206851459224,2.24084719147186,35.9286244322245,35.777067161262,35.7770876399966,0.430886501952057,0.435844834165063,0.346150774547778
"null",4000,2452,5,1,800,830.736317984546,-0.608350020563203,831.344668005109,797.747829830649,798.19789950296,2.25034836155772,35.9283865706694,35.7770150840714,35.7770876399966,0.918173380510984,0.926482223971394,0.204651549448839
"null",4000,2452,10,0,400,434.493030044143,-0.271126658070412,434.764156702214,397.842394954218,398.058073560299,2.15678606080965,26.8833304722093,26.8327614802985,26.8328157299975,1.3633219711305,1.36795771724298,0.100382802791606
"null",4000,2452,10,1,400,381.546563061556,-0.300178020598348,381.846741082155,397.840604858329,398.056389960309,2.15785101980568,26.8832160140173,26.8327157975986,26.8328157299975,-0.606104633771362,-0.604100196209183,0.714879885991527
"null",4000,2452,25,0,160,142.838015536372,-0.0689711635614475,142.906986699934,157.89961965578,157.983559615308,2.0984989882107,17.5392970142894,17.526916852826,17.5271218401653,-0.858734766116154,-0.860195380737696,0.800672343142421
"null",4000,2452,25,1,160,152.365798454255,-0.0337290773436848,152.399527531599,157.902535546802,157.986345362611,2.09524539522031,17.5392417601266,17.5268806953652,17.5271218401653,-0.315677106699893,-0.318757109614444,0.611476562992537
"null",4000,2452,50,0,80,73.7935388120053,-0.0341567765307995,73.8276955885361,77.9183868274809,77.9599464507573,2.07798116381955,12.525728380777,12.5214133833278,12.5219806739988,-0.329310032126034,-0.330014730423591,0.613857239587629
"null",4000,2452,50,1,80,73.3391420088439,-0.020194221586042,73.3593362304299,77.9208115362028,77.9623192279968,2.07538458970005,12.5256942078861,12.5213867599746,12.5219806739988,-0.365781684537245,-0.367609681403714,0.628238591043072
"null",4000,2453,2,0,2000,1981.57491134411,4.87705379091419,1976.6978575532,1997.45500267409,1998.72740447507,2.54480360195949,45.1714844220926,44.7213561670027,44.7213595499958,-0.351551239308239,-0.492595681571211,0.59870445076865
"null",4000,2453,2,1,2000,2019.33516579821,4.89877051596364,2014.43639528225,1997.46153990799,1998.7301505341,2.5372212522224,45.1717007370391,44.7213476049864,44.7213595499958,0.48423294968599,0.351202403086869,0.364351785824776
"null",4000,2453,5,0,800,758.404075990468,1.95028317599731,756.453792814471,797.720428091229,798.176257305275,2.27914607022711,35.8674256843903,35.7770695697465,35.7770876399966,-1.09615762354174,-1.16617892389054,0.839221596360539
"null",4000,2453,5,1,800,811.908685783485,1.94920988549949,809.959475897985,797.74196271814,798.193354221348,2.25695751604307,35.8674772990044,35.7770448774097,35.7770876399966,0.394974058176616,0.328873491842438,0.358371666143833
"null",4000,2453,10,0,400,378.918307751252,0.982399092388977,377.935908658863,397.83398214737,398.050510264495,2.16528117125054,26.8628991626254,26.8327676032557,26.8328157299975,-0.704156103241307,-0.749628286691972,0.746567173503191
"null",4000,2453,10,1,400,380.850245872452,0.996576489595652,379.853669382856,397.84104360666,398.056826324412,2.15782717751895,26.8629059401594,26.832743069411,26.8328157299975,-0.632500362099974,-0.678393442461992,0.723441480786043
"null",4000,2453,25,0,160,180.498649440615,0.414152658144674,180.08449678247,157.900728932716,157.984632269118,2.09758341005786,17.5343115058239,17.5269388226925,17.5271218401653,1.28878288151736,1.26090840716227,0.106161041396897
"null",4000,2453,25,1,160,186.18550310623,0.376926624317815,185.808576481913,157.89976443545,157.983699765024,2.09838323933869,17.5343011672082,17.5269212762564,17.5271218401653,1.61316601106858,1.58755073285935,0.0621465378725649
"null",4000,2453,50,0,80,72.0752227416991,0.259501190109781,71.8157215515893,77.9206414116747,77.962163894294,2.07612413096321,12.5240433485671,12.5214767746046,12.5219806739988,-0.46673574238662,-0.490871999632712,0.667558274075979
"null",4000,2453,50,1,80,73.1582886625573,0.256881018922867,72.9014076436344,77.9227971020935,77.9642747237728,2.07388108396869,12.5240324804126,12.5214632842371,12.5219806739988,-0.380429262459021,-0.404335097680791,0.633930740475266
"null",4000,2454,2,0,2000,1967.03964062685,11.3160599999513,1955.7235806269,1997.45792773322,1998.72886714788,2.54187882932405,45.1959071750419,44.7213560823882,44.7213595499958,-0.673031896197104,-0.961627515090402,0.685013186007957
"null",4000,2454,2,1,2000,1998.39075705149,11.1207952099268,1987.26996184157,1997.44956204853,1998.72163716475,2.54415023244796,45.1950824836856,44.7213037937266,44.7213595499958,0.0208251639612268,-0.256067564040772,0.493327051193886
"null",4000,2454,5,0,800,750.998190318874,4.55515812599552,746.443032192878,797.735684353227,798.188461240783,2.26388443777818,35.8723454958342,35.777069207167,35.7770876399966,-1.30288369462155,-1.44632945611818,0.881728387173112
"null",4000,2454,5,1,800,722.94809019321,4.43864619420096,718.509443999009,797.7273905405,798.181049477793,2.26829468646387,35.8719605813985,35.7769220664742,35.7770876399966,-2.08461704170323,-2.22689937750241,0.972833900149324
"null",4000,2454,10,0,400,369.735816148664,2.31454348985755,367.421272658806,397.838340287413,398.054429126552,2.16088839139489,26.8645401585087,26.8327650923054,26.8328157299975,-1.0460824556436,-1.14163249155901,0.842014154044682
"null",4000,2454,10,1,400,347.063933624845,2.24157793761726,344.822355687228,397.826019867031,398.043124741842,2.17104874810351,26.8643162155265,26.8326300343048,26.8328157299975,-1.88957298726433,-1.98343468331551,0.96889672704576
"null",4000,2454,25,0,160,136.971227916991,0.915344122406811,136.055883794584,157.899569765287,157.983515951338,2.09865465127286,17.5347002017886,17.5269285137537,17.5271218401653,-1.19353861813737,-1.25108242094709,0.885316039485205
"null",4000,2454,25,1,160,138.134495922657,0.906812143810748,137.227683778846,157.893984006805,157.978116022419,2.10330039035961,17.5345766596139,17.5268281201004,17.5271218401653,-1.12688709101594,-1.18392398792205,0.870804437010148
"null",4000,2454,50,0,80,71.5443232096825,0.459694112029027,71.0846290976535,77.9213419452232,77.9628471874189,2.07526210978178,12.5241544207151,12.5214507485648,12.5219806739988,-0.509177587669558,-0.549314790105594,0.683700735827333
"null",4000,2454,50,1,80,66.3805323230932,0.444910336850032,65.9356219862432,77.9191124267146,77.9606530259721,2.07702996287643,12.5240744708618,12.5213793428645,12.5219806739988,-0.921312000377096,-0.960359934034073,0.82300514199191
"null",4000,2455,2,0,2000,1997.22351370928,9.70173685748979,1987.52177685179,1997.47016272103,1998.73497513065,2.52962481924759,45.1790526475904,44.7213553603691,44.7213595499958,-0.00545936661557697,-0.250734759456733,0.50069346729483
"null",4000,2455,2,1,2000,2030.14477329185,9.65524716939338,2020.48952612246,1997.47395579725,1998.73582642853,2.52374126256482,45.1786377422804,44.7213378571795,44.7213595499958,0.723147468079433,0.48642774872711,0.302809016661517
"null",4000,2455,5,0,800,736.645263845479,3.86815489000383,732.777108955476,797.755499085878,798.2043111062,2.24406010160894,35.8689509908699,35.7770686140521,35.7770876399966,-1.70370845960768,-1.82874686734469,0.940645676016016
"null",4000,2455,5,1,800,753.866191144701,3.84864302492548,750.017548119775,797.757237241932,798.205441259649,2.24102008858804,35.8687766783064,35.7770193048479,35.7770876399966,-1.22365606418288,-1.34689513201969,0.866286946883648
"null",4000,2455,10,0,400,359.429476028351,1.971306229107,357.458169799244,397.840648310196,398.056504647333,2.15856337137272,26.863403714946,26.832763630402,26.8328157299975,-1.42986989621403,-1.51301354595063,0.917751859386591
"null",4000,2455,10,1,400,372.969958443788,1.9173766685079,371.05258177528,397.845694478673,398.060975617454,2.15281138780726,26.8633142431251,26.8327195390538,26.8328157299975,-0.926011429928135,-1.00654701819785,0.811306011074042
"null",4000,2455,25,0,160,131.426459720792,0.77493675035711,130.651522970435,157.899466521935,157.983417440268,2.09877295832899,17.5344242223507,17.5269299392765,17.5271218401653,-1.50977337296302,-1.55942281760279,0.939422234670172
"null",4000,2455,25,1,160,145.172841247271,0.754920908935059,144.417920338335,157.894039670728,157.978195480497,2.10389524422477,17.5343799573668,17.5268974251427,17.5271218401653,-0.725500328747772,-0.773683716703307,0.75938241182267
"null",4000,2455,50,0,80,69.4247288351155,0.395277022404616,69.0294518127109,77.9155658992412,77.9571852238535,2.08096623061619,12.524044574296,12.5214393103695,12.5219806739988,-0.677962858863664,-0.71299578186265,0.745233838799236
"null",4000,2455,50,1,80,66.9877592891238,0.370043397088455,66.6177158920354,77.9166223197804,77.9582175917787,2.0797635999179,12.5240169740212,12.5214166703992,12.5219806739988,-0.872632403271772,-0.905688389601509,0.808643089101841
"null",4000,2456,2,0,2000,1957.69895030943,-8.2520288514853,1965.95097916091,1997.46384885933,1998.73182470665,2.53595169464061,45.1587583391876,44.7213559623827,44.7213595499958,-0.880557836670977,-0.733002048804403,0.736080342874652
"null",4000,2456,2,1,2000,2087.89190119909,-8.29050079538731,2096.18240199448,1997.45685989497,1998.72231568532,2.5309115807136,45.1575539158643,44.7212507975423,44.7213595499958,2.00265588948023,2.17927908032736,0.0790116359295466
"null",4000,2456,5,0,800,796.502301263779,-3.31681979714162,799.819121060921,797.750948588353,798.200675200847,2.24863306247349,35.8648612454956,35.7770699465455,35.7770876399966,-0.0348153396168614,0.0452369593846425,0.50830604956682
"null",4000,2456,5,1,800,803.626293010527,-3.39532837465002,807.021621385177,797.732659054813,798.184524186724,2.25932565955163,35.8642529951288,35.7767823428355,35.7770876399966,0.164331708136069,0.24700648352808,0.437550464826239
"null",4000,2456,10,0,400,396.240551279461,-1.70946019424847,397.95001147371,397.847762670047,398.062910324229,2.15147654182187,26.8620418838714,26.8327657489503,26.8328157299975,-0.0598320633082989,-0.00420749957630071,0.515480340425352
"null",4000,2456,10,1,400,399.278187270685,-1.71106476337473,400.98925203406,397.836714155548,398.052534812117,2.15820656569095,26.8616511188472,26.8324956279486,26.8328157299975,0.0536628634166703,0.109446294622098,0.472541912487026
"null",4000,2456,25,0,160,169.300085344119,-0.618109557494088,169.918194901613,157.902524807219,157.986355200756,2.0957598384276,17.5340964588817,17.5269352597996,17.5271218401653,0.650022689428438,0.680771596630714,0.255133091638701
"null",4000,2456,25,1,160,153.283968141975,-0.650000912589889,153.933969054565,157.893848067235,157.977949452973,2.10253464345687,17.5338610596538,17.5267321562894,17.5271218401653,-0.262912995008695,-0.230732138903438,0.591100077801795
"null",4000,2456,50,0,80,78.7197039984028,-0.318624297389283,79.0383282957921,77.9196630340737,77.9612038085403,2.07703872333327,12.5239568565353,12.5214662046378,12.5219806739988,0.0638808464045201,0.08602223331105,0.455881942483087
"null",4000,2456,50,1,80,75.4854413594374,-0.351142807079608,75.836584166517,77.9113037623431,77.9529917573679,2.08439975123756,12.5237909536176,12.5213118901887,12.5219806739988,-0.193700326992846,-0.169024428862704,0.559608953566901
"null",4000,2457,2,0,2000,1988.37329871632,-2.70669562508893,1991.07999434141,1997.49095294349,1998.74537559,2.508845293037,45.2929452405887,44.7213556457626,44.7213595499958,-0.201304070175422,-0.171403150416768,0.556452988113349
"null",4000,2457,2,1,2000,1966.59130110057,-2.47589076033988,1969.06719186091,1997.36832830345,1998.62875790236,2.52085919781455,45.2873448742845,44.7202863301595,44.7213595499958,-0.679594427280232,-0.661032575310525,0.687554729032168
"null",4000,2457,5,0,800,796.423086756335,-1.10643193052379,797.529518686859,797.756628872867,798.205213787695,2.24292457414105,35.8919238199373,35.7770684829497,35.7770876399966,-0.0371543783281892,-0.0188862623319449,0.509097863366906
"null",4000,2457,5,1,800,818.710857271931,-1.09160148746459,819.802458759396,797.679131372357,798.129352968316,2.25110797979261,35.8880178432237,35.7744126247107,35.7770876399966,0.586037545775055,0.605827019955312,0.297829151483707
"null",4000,2457,10,0,400,391.207441914921,-0.607180046866897,391.814621961788,397.852843541859,398.06748080396,2.14637262101289,26.8710729773004,26.8327638939807,26.8328157299975,-0.247306895134088,-0.233030740585569,0.586469813754831
"null",4000,2457,10,1,400,383.736332795828,-0.711517794719873,384.447850590548,397.806226983087,398.021605924023,2.15378940935758,26.8681614490916,26.8303014712727,26.8328157299975,-0.523664196894057,-0.505911398275108,0.68723489919108
"null",4000,2457,25,0,160,149.715156730894,-0.217653994479639,149.932810725373,157.902760237301,157.986576600816,2.09540908787474,17.5362966993984,17.5269225131611,17.5271218401653,-0.466894672618565,-0.459508271882606,0.668865582921066
"null",4000,2457,25,1,160,144.39039646651,-0.248896032414328,144.639292498924,157.881837479937,157.965834994885,2.09993787367882,17.5344298061981,17.5251691254616,17.5271218401653,-0.769425704887104,-0.760423046451443,0.773663691886517
"null",4000,2457,50,0,80,57.2615142471755,-0.118586866533226,57.3801011137087,77.9257702351103,77.9671831230721,2.07064439809019,12.5246822435586,12.5214206519766,12.5219806739988,-1.64988265459288,-1.64414906116212,0.962543144022621
"null",4000,2457,50,1,80,64.1619451098141,-0.099562199414756,64.2615073092289,77.9111452334102,77.9526835236617,2.07691451257473,12.523348864134,12.5201281212426,12.5219806739988,-1.09788525998607,-1.09353323559072,0.870119623348466
"null",4000,2458,2,0,2000,2105.56177243145,8.98252179245234,2096.579250639,1997.47801765936,1998.73891675115,2.52179818359148,45.1089015982698,44.7213564142607,44.7213595499958,2.39606266041825,2.18777652854573,0.0462415747545324
"null",4000,2458,2,1,2000,2041.89780702213,8.84216603904588,2033.05564098308,1997.48056313083,1998.73732580683,2.51352535198238,45.108266209524,44.7213114842305,44.7213595499958,0.984680805176124,0.767381680842638,0.241982921476264
"null",4000,2458,5,0,800,815.546616615529,3.60584447134562,811.940772144183,797.74959922486,798.199598632347,2.24999703743557,35.8548257891683,35.7770707014861,35.7770876399966,0.496363236996811,0.38407765762849,0.325384390686482
"null",4000,2458,5,1,800,878.735009663518,3.60679541370233,875.128214249815,797.762400836439,798.20912356811,2.23361365835564,35.8545114103063,35.7769362862562,35.7770876399966,2.25836598079548,2.14996303949185,0.0242442657410978
"null",4000,2458,10,0,400,395.14415896934,1.76377979668042,393.38037917266,397.841038354826,398.056862653633,2.15824298807409,26.8586943736069,26.832768818093,26.8328157299975,-0.100409921196153,-0.17428255401731,0.531014122405376
"null",4000,2458,10,1,400,441.94443738396,1.77224947750207,440.172187906458,397.847564371905,398.062539179394,2.14974807488989,26.8585059700013,26.8326459863094,26.8328157299975,1.64182151685231,1.56934387866737,0.0633685016735058
"null",4000,2458,25,0,160,170.329234903803,0.711105268853784,169.618129634949,157.900203243557,157.984129882013,2.0981659613968,17.5332872979298,17.5269449976139,17.5271218401653,0.70888199394946,0.663777957568729,0.237740784485212
"null",4000,2458,25,1,160,181.653781428481,0.738497129039578,180.915284299441,157.901177863345,157.985031242046,2.09633446753238,17.5331782628023,17.5268535814953,17.5271218401653,1.3547232115656,1.30829261229205,0.0956825458342117
"null",4000,2458,50,0,80,95.1747428414579,0.330052244634687,94.8446905968232,77.9187660007399,77.9603273791028,2.07806891814759,12.5236938570798,12.5214876573378,12.5219806739988,1.3778663897124,1.34843108740564,0.0904632184528439
"null",4000,2458,50,1,80,94.0753783488387,0.350008933631886,93.7253694152068,77.9187471152264,77.9603004162411,2.07766505073115,12.5236221833682,12.5214223212072,12.5219806739988,1.29009251453376,1.25904778183744,0.103744317121368
"null",4000,2459,2,0,2000,2018.73278976774,-0.752481692959469,2019.4852714607,1997.48111154851,1998.74045365267,2.51868420832976,45.2067272750288,44.7213558962668,44.7213595499958,0.470099905483938,0.463868265893872,0.36791223342539
"null",4000,2459,2,1,2000,1948.79867864624,1.92032050272657,1946.87835814352,1996.57605067721,1997.84935175873,2.54660216303629,45.1794480577985,44.7132229408597,44.7213595499958,-1.05750233977721,-1.1399534693043,0.78060687481544
"null",4000,2459,5,0,800,828.572460414115,-0.321993552247543,828.894453966363,797.761908483893,798.209442175553,2.23766845830046,35.8745317616723,35.7770696212277,35.7770876399966,0.858841925377832,0.857672585141064,0.219955199691278
"null",4000,2459,5,1,800,763.530701383166,0.511666579145502,763.019034804021,797.174206236863,797.620253415141,2.23023589138695,35.847129490361,35.7543972639654,35.7770876399966,-0.938527166108052,-0.967747221570206,0.804776749290852
"null",4000,2459,10,0,400,419.764324796343,-0.109580113257623,419.873904909601,397.861082293191,398.074899824689,2.13817531498218,26.8652704890006,26.8327669840727,26.8328157299975,0.815299533727755,0.812402429382366,0.217309162471229
"null",4000,2459,10,1,400,397.834537644064,0.231380709488656,397.603156934575,397.524714738573,397.738976681211,2.14261942637747,26.8428963803841,26.8119731582348,26.8328157299975,0.0115420817895398,-0.0050656378713447,0.49291213686287
"null",4000,2459,25,0,160,179.543914189076,-0.13444428324992,179.678358472326,157.912655356869,157.996080789059,2.08563580475593,17.5348891274536,17.52693633072,17.5271218401653,1.23361252386476,1.23708315441662,0.115465090400308
"null",4000,2459,25,1,160,157.467651763921,0.0659383785044966,157.401713385417,157.772163801586,157.855542717456,2.08447289675216,17.5193724073157,17.5118043588305,17.5271218401653,-0.017381446697102,-0.0259156236981454,0.496990332782431
"null",4000,2459,50,0,80,99.5047329393014,-0.0698832160106414,99.5746161553121,77.9290330291153,77.9703856753994,2.06763231420718,12.5242273646532,12.5214608180548,12.5219806739988,1.72271704129859,1.72537619961732,0.0507930250611117
"null",4000,2459,50,1,80,85.4530150687472,0.000472787515480172,85.4525422812317,77.857327371882,77.8986666301981,2.06696291580528,12.5129031782171,12.5102706570056,12.5219806739988,0.607028408090621,0.603813926823682,0.263790308639356
"null",4000,2460,2,0,2000,1920.24275660768,-5.57582036153467,1925.81857696921,1997.48120967239,1998.74049440494,2.51856946510278,45.4264920996903,44.7213551987394,44.7213595499958,-1.70029534517459,-1.6305838030102,0.891736047042317
"null",4000,2460,2,1,2000,1899.06078851172,-8.44894532638537,1907.50973383811,1996.47161444912,1997.72885427034,2.51447964243986,45.39473950436,44.7115019231901,44.7213595499958,-2.14586154697591,-2.01780563281494,0.943079992394702
"null",4000,2460,5,0,800,711.49906624608,-2.23674537157704,713.735811617657,797.769794694489,798.215739129942,2.22972217726583,35.9189134622489,35.7770667126269,35.7770876399966,-2.40181898985001,-2.36128713935256,0.98719170382008
"null",4000,2460,5,1,800,790.446665907811,-2.37105805608552,792.817723963896,797.123752911256,797.573910051243,2.25078569993323,35.8888682277898,35.7529307458148,35.7770876399966,-0.186048970980783,-0.133029264682113,0.568661688566074
"null",4000,2460,10,0,400,357.771883367784,-1.08591556541827,358.857798933202,397.864988847082,398.078410078802,2.13421231719878,26.8800893356622,26.8327632554302,26.8328157299975,-1.49155402642603,-1.46166873580055,0.926901688815139
"null",4000,2460,10,1,400,383.30333700563,-0.742424723144958,384.045761728775,397.492056310016,397.707367581834,2.15311271818823,26.8557275957203,26.8104498023268,26.8328157299975,-0.528331219246016,-0.50956272475048,0.692783986885118
"null",4000,2460,25,0,160,151.946937300282,-0.391991064250314,152.338928364532,157.921628377893,158.004689737522,2.07653399073977,17.5385092485815,17.5269220188706,17.5271218401653,-0.340661283859942,-0.323260488458294,0.620701734836633
"null",4000,2460,25,1,160,131.550394146239,-0.314912295296155,131.865306441535,157.757523513152,157.841063690973,2.08850444552114,17.5217109218069,17.5106350697878,17.5271218401653,-1.49569465469817,-1.48342747969521,0.938470116160133
"null",4000,2460,50,0,80,81.5076670289396,-0.167686849799614,81.6753538787392,77.939232605951,77.9803781187554,2.05727564022011,12.5254773005728,12.5214365005856,12.5219806739988,0.284894087255698,0.295092001609485,0.37071988724641
"null",4000,2460,50,1,80,64.6050093289702,-0.176005707748803,64.781015036719,77.8465714378617,77.8880160854089,2.07223237735957,12.5132721177047,12.5094097731646,12.5219806739988,-1.05820140282544,-1.04777134064368,0.861399822637588
"null",4000,2461,2,0,2000,2013.6838212422,0.712585011220475,2012.97123623098,1997.45600312367,1998.72790492435,2.5438036013632,45.4051785776514,44.7213557868636,44.7213595499958,0.357400160661762,0.318490597076454,0.398203296216162
"null",4000,2461,2,1,2000,1924.0994107564,0.720957919532905,1923.37845283687,1997.46780705249,1998.73355810709,2.53150210919074,45.404934557253,44.7213512166731,44.7213595499958,-1.6158683414371,-1.68499169233783,0.879643969254321
"null",4000,2461,5,0,800,795.242336189461,0.267869931782796,794.974466257678,797.742996194192,798.194303085294,2.25653445550927,35.9146020902279,35.7770670554157,35.7770876399966,-0.0696279468292238,-0.0899972270680673,0.52090069177636
"null",4000,2461,5,1,800,801.858509188417,0.261679460548929,801.596829727868,797.759123858111,798.207143193645,2.24009667767104,35.9145120603489,35.7770551646902,35.7770876399966,0.114142865798031,0.0947447049126719,0.454971619068822
"null",4000,2461,10,0,400,388.860638686752,0.113413443468664,388.747225243284,397.847386980913,398.062567236647,2.15180255733671,26.8786466966074,26.8327619355752,26.8328157299975,-0.334345266545542,-0.347162994839251,0.618968044231634
"null",4000,2461,10,1,400,383.854444650647,0.118548362502532,383.735896288144,397.847905424503,398.063014948419,2.15109523915703,26.8786044143656,26.8327500721122,26.8328157299975,-0.520617088526269,-0.533941493949402,0.685714492629581
"null",4000,2461,25,0,160,129.904164042733,0.0154044857858386,129.888759556947,157.899810733428,157.983744422189,2.09834221902852,17.5381492046493,17.5269202609263,17.5271218401653,-1.59627144027683,-1.60296186934085,0.950241886190058
"null",4000,2461,25,1,160,128.539231767795,0.00551253366887979,128.533719234126,157.901405500559,157.985272761638,2.09668152695769,17.5381349264449,17.5269132038755,17.5271218401653,-1.67419020642217,-1.68036169204054,0.958635800520812
"null",4000,2461,50,0,80,63.2853595265019,0.00387694473789944,63.281482581764,77.921311535284,77.9628150057122,2.07517352140811,12.5253452962615,12.5214317043582,12.5219806739988,-1.16850686848135,-1.1724963063799,0.88634193278881
"null",4000,2461,50,1,80,62.8780873577655,-0.0193632837674249,62.897450641533,77.9209506011159,77.9624605277128,2.07549632984383,12.5253361459465,12.5214257954527,12.5219806739988,-1.20099477315972,-1.20313853488241,0.893413406667054
"null",4000,2462,2,0,2000,1998.07813846448,0.0894070619309099,1997.98873140255,1997.4915663423,1998.74569211833,2.50825155205956,45.1529852153134,44.7213564836387,44.7213595499958,0.0129907716927504,-0.0169261573284216,0.495299571617551
"null",4000,2462,2,1,2000,1959.42897728906,1.18746662958523,1958.24151065948,1995.88590872497,1997.15054248695,2.52926752395278,45.1069956259061,44.7059863338022,44.7213595499958,-0.808232313636288,-0.870331582373577,0.726936634324059
"null",4000,2462,5,0,800,796.948838807451,0.0822661718016521,796.86657263565,797.771538661251,798.217148046636,2.22804692692268,35.863701121642,35.7770701046309,35.7770876399966,-0.0229396249709249,-0.0377497488485292,0.503843001594075
"null",4000,2462,5,1,800,776.226483878039,-0.413412182423639,776.639896060463,796.735413626067,797.183323053102,2.23954713517849,35.817487896509,35.7379248587025,35.7770876399966,-0.572595426214319,-0.574835474467601,0.703097486480894
"null",4000,2462,10,0,400,407.69862414314,0.0414334346806439,407.657190708459,397.862896866452,398.076535202874,2.13638336421733,26.8616587595762,26.8327688044471,26.8328157299975,0.366162319487498,0.357050574072619,0.357708742354474
"null",4000,2462,10,1,400,393.817049783507,0.072041918078689,393.745007865428,397.279044083134,397.493131258531,2.14087175397182,26.8230436776927,26.7964384374293,26.8328157299975,-0.129067914187003,-0.139873938913729,0.549789831141603
"null",4000,2462,25,0,160,173.907383384071,0.0327582444755139,173.874625139595,157.912478622542,157.995912655572,2.0858508257442,17.5340065927172,17.526940752776,17.5271218401653,0.912221897314221,0.905960298947685,0.183080610300288
"null",4000,2462,25,1,160,163.166224747187,-0.0121356703998614,163.178360417587,157.658625068183,157.742465721116,2.09601632332208,17.5074151373648,17.5008975923035,17.5271218401653,0.314586684315829,0.310606622763276,0.372617921866415
"null",4000,2462,50,0,80,87.1986346394747,-0.0332582431696106,87.2318928826443,77.9349097544723,77.9761492137054,2.0619729616566,12.5239548055142,12.521495253569,12.5219806739988,0.739680478639515,0.739188370198894,0.222948162593422
"null",4000,2462,50,1,80,80.3082586873779,-0.00416911703730677,80.3124278044152,77.7966167755213,77.8381004677506,2.07418461146855,12.5042654735723,12.5019983886566,12.5219806739988,0.200862810947587,0.197914546118449,0.406601901859759
"null",4000,2463,2,0,2000,1933.13989678909,-6.21101394486591,1939.35091073396,1997.49046277959,1998.74512979646,2.50933403373921,45.1590484234405,44.7213556472176,44.7213595499958,-1.42497612852917,-1.32809522884385,0.847738881831195
"null",4000,2463,2,1,2000,1986.73108383587,-5.99504212454437,1992.72612596042,1997.48427776859,1998.73894034126,2.50932514532058,45.1595901462878,44.7213028813267,44.7213595499958,-0.238115401355213,-0.134450787285693,0.566728499727439
"null",4000,2463,5,0,800,795.604285056104,-2.48201273263712,798.086297788741,797.767826870422,798.214175153228,2.23174141402702,35.8649188479895,35.777069062134,35.7770876399966,-0.060324737481995,-0.00357428285319242,0.517282863512147
"null",4000,2463,5,1,800,776.691625757284,-2.51285143222758,779.204477189511,797.757097156535,798.204823839592,2.23863341528608,35.8649708800165,35.7769242576683,35.7770876399966,-0.587355039816537,-0.531078259082269,0.698981452949617
"null",4000,2463,10,0,400,376.654465593697,-1.25268064708611,377.907146240783,397.84831471184,398.063406390481,2.15091678640863,26.862059181654,26.8327651249398,26.8328157299975,-0.78898825197352,-0.75118088112965,0.772407225963806
"null",4000,2463,10,1,400,425.062230325105,-1.2829039517269,426.345134276832,397.85371760497,398.068045721265,2.14328116294763,26.8619966261144,26.8326258858272,26.8328157299975,1.01289986365659,1.05383232620937,0.168080143788392
"null",4000,2463,25,0,160,132.853879506653,-0.548329449944949,133.402208956598,157.906694694817,157.990356973646,2.09155697070715,17.5340963545087,17.5269315994969,17.5271218401653,-1.42880560718045,-1.40287807238053,0.927776873267617
"null",4000,2463,25,1,160,147.638055281408,-0.548230328209617,148.186285609617,157.909189562204,157.992714193561,2.08811578394182,17.5340157669075,17.5268306884956,17.5271218401653,-0.585783337789676,-0.559509517620931,0.711726390403819
"null",4000,2463,50,0,80,70.5021792664388,-0.291190410441885,70.7933696768807,77.9262140367682,77.9676214983503,2.07037307910546,12.5239387134206,12.5214481370743,12.5219806739988,-0.592787535950957,-0.572957036832473,0.714591689701824
"null",4000,2463,50,1,80,87.1525883034035,-0.307111660090104,87.4596999634936,77.9260842695783,77.9674841305996,2.06999305106494,12.5238677711262,12.5213693939994,12.5219806739988,0.73671362572966,0.758081287614032,0.223970446025656
"null",4000,2464,2,0,2000,2004.33112810151,-3.24343218615265,2007.57456028766,1997.47413529619,1998.73697000318,2.52566941396699,45.2510803443912,44.7213558067844,44.7213595499958,0.151532134771802,0.197614542874488,0.455969908344991
"null",4000,2464,2,1,2000,1969.05397269794,-3.01314430266893,1972.06711700061,1997.42683119778,1998.69327115386,2.53287991216055,45.2520465430424,44.7210001596087,44.7213595499958,-0.626996139784471,-0.595383691290839,0.673492199971541
"null",4000,2464,5,0,800,804.728423923776,-1.28424814234829,806.012672066124,797.752831100974,798.202174679232,2.24671789128847,35.8834761032354,35.7770681408876,35.7770876399966,0.194395682367361,0.21831015767236,0.426760775923748
"null",4000,2464,5,1,800,824.960126946729,-1.34950467575066,826.30963162248,797.727315910686,798.176605975152,2.2464503223324,35.8829957906895,35.7760883479432,35.7770876399966,0.758933596149441,0.786363935981973,0.246976264721463
"null",4000,2464,10,0,400,389.977073185411,-0.707523636841511,390.684596822252,397.844834963537,398.060273882623,2.15438919085984,26.8682549263398,26.8327645112319,26.8328157299975,-0.292827420303125,-0.274875779470425,0.603580762030687
"null",4000,2464,10,1,400,433.796106412282,-0.684166565411732,434.480272977694,397.829094746668,398.044657115702,2.15562369034381,26.8675424720599,26.8318567216994,26.8328157299975,1.33867888002847,1.35792376352866,0.104546974752532
"null",4000,2464,25,0,160,173.467273328594,-0.250515747426678,173.717789076021,157.904529770616,157.988277601864,2.09369578120962,17.5356115446628,17.5269286806001,17.5271218401653,0.887493630794713,0.897448250107114,0.189308937189883
"null",4000,2464,25,1,160,162.731255614182,-0.269078963027175,163.000334577209,157.894602546163,157.978510161797,2.09769039086962,17.5350307290745,17.5262946332238,17.5271218401653,0.275828034906123,0.286530868075893,0.381720802435078
"null",4000,2464,50,0,80,83.9339867459632,-0.142121505290498,84.0761082512537,77.9202103338825,77.9617374702384,2.07635681779383,12.5244670155589,12.5214449838557,12.5219806739988,0.480162261963713,0.4883119151902,0.302704454859341
"null",4000,2464,50,1,80,88.4608661663855,-0.0946226420157736,88.5554888084013,77.9207817204981,77.9622373610813,2.07278202915953,12.5240222140277,12.5209804573127,12.5219806739988,0.841589408399627,0.846040091144228,0.196105098633375
"null",4000,2465,2,0,2000,2050.91484610866,-2.20970618365286,2053.12455229231,1997.47516509286,1998.73747192342,2.52461366110885,45.3687167680512,44.7213549967139,44.7213595499958,1.17789712433359,1.21613221184572,0.200364042759257
"null",4000,2465,2,1,2000,1969.61676628848,-3.50833224432968,1973.12509853281,1997.20397038465,1998.4724531053,2.53696544129586,45.3697258026206,44.7187519067591,44.7213595499958,-0.608053136935164,-0.566817129094762,0.670244296419513
"null",4000,2465,5,0,800,814.706917781052,-0.916268017193639,815.623185798245,797.746067046675,798.196754638085,2.25343795704747,35.9072290657774,35.7770656632753,35.7770876399966,0.472351979689281,0.487083857691787,0.332880763522606
"null",4000,2465,5,1,800,726.754982471863,-0.933192152517066,727.68817462438,797.579375979643,798.030209629501,2.25416824928967,35.9024363173299,35.770689735929,35.7770876399966,-1.97269045704272,-1.96647130721856,0.965814987585764
"null",4000,2465,10,0,400,388.141263539167,-0.48897396772609,388.630237506893,397.846550135128,398.061808726525,2.15258591396762,26.8761788942123,26.8327580420373,26.8328157299975,-0.361111102666894,-0.35149466204169,0.628801196648492
"null",4000,2465,10,1,400,387.209666031617,-0.421245946693002,387.63091197831,397.753158439155,397.968288685579,2.15130246423676,26.8708877927061,26.8268076922614,26.8328157299975,-0.392376034944425,-0.385337563300581,0.641428301470321
"null",4000,2465,25,0,160,151.966692059412,-0.22751788604506,152.194209945457,157.902004395696,157.985845810666,2.0960353742576,17.537529235649,17.526907296741,17.5271218401653,-0.338434921848569,-0.330442545690079,0.620267762043062
"null",4000,2465,25,1,160,136.633070960232,-0.208623313328052,136.84169427356,157.859555272008,157.943479314324,2.09810105790389,17.5333937166293,17.5225883584757,17.5271218401653,-1.2106318180515,-1.20426187096708,0.889322659217878
"null",4000,2465,50,0,80,83.4901747132643,-0.102736068386557,83.5929107816509,77.9167791672449,77.9583680216183,2.0794427186727,12.52508613694,12.5213897850458,12.5219806739988,0.444978620113591,0.449993399835043,0.314633312076755
"null",4000,2465,50,1,80,85.023154624797,-0.141194753067294,85.1643493778643,77.8968074263823,77.9383894368322,2.07910052249511,12.5220088309014,12.5182461397784,12.5219806739988,0.569105747699885,0.577234211593796,0.274493037655819
"null",4000,2466,2,0,2000,1985.35569942186,-4.33079990162714,1989.68649932349,1997.47163456259,1998.73571036806,2.5281516109347,45.4135957037735,44.7213547817308,44.7213595499958,-0.266790923576321,-0.202346531958556,0.575304479183788
"null",4000,2466,2,1,2000,1948.31913038949,-1.80524495173884,1950.12437534123,1996.78459265165,1998.05367771689,2.53817013048563,45.409215681685,44.7150415992559,44.7213595499958,-1.06730454456424,-1.07188321113989,0.782880450247928
"null",4000,2466,5,0,800,840.319035454297,-1.7593771978305,842.078412652128,797.744461965107,798.195480343923,2.25509189408008,35.91630668206,35.7770683492526,35.7770876399966,1.18538283643891,1.22656590751996,0.145084673012634
"null",4000,2466,5,1,800,750.09325327941,-1.79228378291436,751.885537062325,797.308772054613,797.759508181149,2.2536806326779,35.9015054063124,35.7603565017107,35.7770876399966,-1.31514036085242,-1.28281638122454,0.886335686458054
"null",4000,2466,10,0,400,442.103040425976,-0.797328508166129,442.900368934142,397.83665862545,398.052907695096,2.16249069646189,26.8792114737757,26.8327590237599,26.8328157299975,1.64686310994331,1.67136973128013,0.0627193744692787
"null",4000,2466,10,1,400,374.949079749893,-1.0259756635863,375.97505541348,397.596060170396,397.811670406612,2.15610236216461,26.8645810919536,26.8172591307565,26.8328157299975,-0.843005157719942,-0.814274676120368,0.790914451327283
"null",4000,2466,25,0,160,184.321846217835,-0.325082325854044,184.646928543689,157.896553485627,157.980614835841,2.10153375536091,17.5382789603886,17.52691259612,17.5271218401653,1.50672097255906,1.52144957428221,0.0745551427779249
"null",4000,2466,25,1,160,143.775800603874,-0.421759637677344,144.197560241551,157.795080270068,157.878989063491,2.09771983556042,17.5272733748702,17.515656143546,17.5271218401653,-0.799855138124034,-0.781097134461663,0.784572193622307
"null",4000,2466,50,0,80,88.9158086150756,-0.144478239533258,89.0602868546089,77.914169797363,77.9558116124478,2.08209075423718,12.52535350799,12.5213957832046,12.5219806739988,0.878349565997841,0.886840048379899,0.186989882507731
"null",4000,2466,50,1,80,69.0860356623309,-0.237571959114129,69.3236076214451,77.869195563912,77.910658746093,2.07315910905025,12.5171065570666,12.513056959946,12.5219806739988,-0.701692508691035,-0.686247265726901,0.754560444284935
"null",4000,2467,2,0,2000,2044.35474629659,9.28282616060141,2035.07192013599,1997.4755297671,1998.73765487928,2.5242502243563,45.5125578183325,44.721354486331,44.7213595499958,1.03002816753589,0.812458962257381,0.23018722962718
"null",4000,2467,2,1,2000,2069.1617756255,8.58027953814423,2060.58149608735,1996.83672441475,1998.09910561244,2.52476239538709,45.4875414897392,44.7146301698405,44.7213595499958,1.58999692755568,1.39735899050447,0.130686663987881
"null",4000,2467,5,0,800,792.369005927348,3.64045526434249,788.728550663006,797.754154452761,798.203230895713,2.24538221476153,35.9363461485955,35.7770675045685,35.7770876399966,-0.149852422479045,-0.264825512362003,0.5495742175301
"null",4000,2467,5,1,800,814.823063889174,4.50759803146265,810.315465857712,797.348730051101,797.798237777959,2.24753863428914,35.9158791380561,35.761431221875,35.7770876399966,0.486535044037317,0.350020333417078,0.331839491028792
"null",4000,2467,10,0,400,376.91126231961,1.84880712804866,375.062455191562,397.850139040821,398.065039523815,2.14900482994574,26.8859085992815,26.8327588356274,26.8328157299975,-0.778804876312426,-0.85725752141863,0.769547655267185
"null",4000,2467,10,1,400,415.889883960737,2.19720096681193,413.692682993925,397.616882931436,397.832441275801,2.15558344364646,26.8699147957389,26.8184530146565,26.8328157299975,0.680054297462773,0.591392863319019,0.258370889653356
"null",4000,2467,25,0,160,156.393087391936,0.755958468972508,155.637128922963,157.907985096613,157.991589417663,2.09010802625572,17.539927658605,17.5269140184156,17.5271218401653,-0.0863685263795225,-0.134334001537637,0.521197009822202
"null",4000,2467,25,1,160,199.49523310681,0.860647581631965,198.634585525178,157.801202882414,157.885241212429,2.10095825038228,17.5292319544687,17.5166396201065,17.5271218401653,2.37854290094932,2.32632201132767,0.0141455075826434
"null",4000,2467,50,0,80,67.5710188044201,0.376268692892266,67.1947501115278,77.9212557151425,77.9627557367671,2.07500108123325,12.5259320457776,12.5213960312899,12.5219806739988,-0.826304731088767,-0.859968457057902,0.794283914065327
"null",4000,2467,50,1,80,97.1328721234448,0.532104366005442,96.6007677574394,77.8707913754124,77.9123047662844,2.07566954359837,12.5180722312854,12.5136865926432,12.5219806739988,1.53874178005558,1.49344182889652,0.0701948086920422
"null",4000,2468,2,0,2000,2005.73132143854,-16.3106785616361,2022.04200000017,1997.47822967102,1998.73901178082,2.52156421960675,45.2379966894412,44.721355581521,44.7213595499958,0.182437162816472,0.521070703612222,0.447219373804448
"null",4000,2468,2,1,2000,1967.18373637897,-16.5491253635097,1983.73286174248,1997.4261003398,1998.69635069695,2.54050071430214,45.2356121929115,44.7210656001323,44.7213595499958,-0.668552109604702,-0.334595984099901,0.684194548169389
"null",4000,2468,5,0,800,808.074841503929,-6.47656982743336,814.551411331363,797.757458593669,798.205880143452,2.24210774891397,35.8808383460825,35.7770688999659,35.7770876399966,0.287545759403554,0.456871725115708,0.394425102328324
"null",4000,2468,5,1,800,810.2869693106,-6.40648956879658,816.693458879397,797.731415058777,798.180658262166,2.24621601694182,35.8793511615644,35.7762350076845,35.7770876399966,0.349938163465811,0.517460839947371,0.373475740066322
"null",4000,2468,10,0,400,409.516929766952,-3.26489361816453,412.781823385117,397.845339033325,398.060730399241,2.15391365915839,26.8673758171187,26.8327664964056,26.8328157299975,0.434414987644254,0.548623750288582,0.334358227648015
"null",4000,2468,10,1,400,400.966183026191,-3.21234501927954,404.178528045471,397.834989923215,398.050186672143,2.15196748928068,26.866371663935,26.8319971796445,26.8328157299975,0.116546928708644,0.228396765708412,0.448880164788576
"null",4000,2468,25,0,160,176.56238677755,-1.29531809407878,177.857704871629,157.901722260138,157.985583821301,2.09653902909469,17.5354006802956,17.5269327137137,17.5271218401653,1.06417097947363,1.13380483481739,0.148456612478761
"null",4000,2468,25,1,160,159.804723976616,-1.26481734203287,161.069541318649,157.893253005943,157.977239430993,2.09966062625004,17.5347682737811,17.5263615440679,17.5271218401653,0.109010335399252,0.176437184630746,0.444875837688349
"null",4000,2468,50,0,80,89.1498430451414,-0.627791477315016,89.7776345224565,77.9175334020427,77.9591134874715,2.0790042714367,12.5243870163491,12.5214405470042,12.5219806739988,0.896835080905455,0.943862728143734,0.18241622623882
"null",4000,2468,50,1,80,89.5751706396332,-0.654140841327441,90.2293114809606,77.9124028165613,77.9540306216564,2.08139025475438,12.5239408791365,12.521016189178,12.5219806739988,0.931237853613691,0.980374170421871,0.174304426486307
"null",4000,2469,2,0,2000,2000.19448707299,5.96783671634908,1994.22665035664,1997.48200818916,1998.74090090624,2.51778543415834,45.3481370813132,44.7213553733234,44.7213595499958,0.0598145603856231,-0.100941720391046,0.481954802829206
"null",4000,2469,2,1,2000,1989.22471958065,4.12925134267432,1985.09546823797,1996.12404980489,1997.3811462304,2.51419285102785,45.3039914153759,44.7069062033023,44.7213595499958,-0.15228967710558,-0.274804924692425,0.551112362788866
"null",4000,2469,5,0,800,751.532285063952,2.43677215797047,749.095512905981,797.765410250467,798.212237951579,2.23413850556004,35.9030715677097,35.7770682703886,35.7770876399966,-1.28772060906611,-1.3728549436861,0.878949780901019
"null",4000,2469,5,1,800,804.447913980544,1.14851694844462,803.299397032099,796.908078635162,797.355657102353,2.23789233595921,35.8630897695751,35.7440599708718,35.7770876399966,0.210239424261177,0.166286088782011,0.429501128693396
"null",4000,2469,10,0,400,402.173090999565,1.23431020937467,400.93878079019,397.855918401168,398.070242788177,2.14324387009131,26.8747930406803,26.8327604385917,26.8328157299975,0.160640217465589,0.106904319761604,0.43210829429304
"null",4000,2469,10,1,400,381.579814582361,0.721798381836289,380.858016200525,397.379817546485,397.593382236728,2.13564690243215,26.8419391625026,26.802276720708,26.8328157299975,-0.588631203895888,-0.624400912302852,0.714468163989747
"null",4000,2469,25,0,160,154.704933866911,0.500391408584525,154.204542458326,157.915386049039,157.99869554946,2.08273751052396,17.5372021496467,17.5269172594915,17.5271218401653,-0.183065243516765,-0.216475780364548,0.559257359608025
"null",4000,2469,25,1,160,177.432136070534,0.164967838248768,177.267168232285,157.707065758741,157.790560840595,2.08737704636274,17.5148160518544,17.5051106196814,17.5271218401653,1.12619340410968,1.11262406818449,0.138201237702438
"null",4000,2469,50,0,80,79.0722206366393,0.242946033980782,78.8292746026585,77.9320553765966,77.9733427562895,2.06436898464464,12.5250032124244,12.5214222505953,12.5219806739988,0.0910311351386834,0.0683573981644365,0.444802513858359
"null",4000,2469,50,1,80,74.4700545078131,0.169885987942009,74.3001685198711,77.8249642540611,77.8663112425242,2.06734942315742,12.5086734306493,12.505304497789,12.5219806739988,-0.268206677938179,-0.285170402950499,0.592270428190286
"null",4000,2470,2,0,2000,2117.56455424461,4.15383408846202,2113.41072015614,1997.46725768864,1998.73352834312,2.53254130896304,45.2443237877461,44.7213554369798,44.7213595499958,2.65441687490734,2.56426019946155,0.0310586186111528
"null",4000,2470,2,1,2000,2053.94979647753,4.63089613716217,2049.31890034036,1997.0348867075,1998.29205398134,2.5143345476774,45.2412553745194,44.7176038097127,44.7213595499958,1.25803117749208,1.14109080120125,0.18741042959569
"null",4000,2470,5,0,800,845.330722519876,1.66863293636107,843.662089583514,797.750925739013,798.20065298651,2.2486362374846,35.8821101644326,35.7770684447288,35.7770876399966,1.32600330813389,1.27068646407507,0.119256288228223
"null",4000,2470,5,1,800,810.567101682712,1.85817807483485,808.708923607877,797.472570000899,797.922035003908,2.24732501504231,35.8724779936326,35.7665007782338,35.7770876399966,0.365030028985925,0.301591946912902,0.370850563089446
"null",4000,2470,10,0,400,379.551105983034,0.786147002857675,378.764958980177,397.848842291083,398.06387936587,2.15037074787549,26.8677950967025,26.8327633948024,26.8328157299975,-0.681028578720024,-0.719229700711019,0.739097304964055
"null",4000,2470,10,1,400,407.908753367804,1.14068483588176,406.768068531923,397.696342035214,397.910732083966,2.14390048751569,26.8583259045097,26.8228312912154,26.8328157299975,0.380232609020338,0.3302163128043,0.354977295383983
"null",4000,2470,25,0,160,146.714988722906,0.274746090217938,146.440242632688,157.896654321743,157.980715429861,2.10152770295167,17.5354912424345,17.5269232800981,17.5271218401653,-0.637659102003295,-0.658442592162066,0.730017546227528
"null",4000,2470,25,1,160,165.17656772822,0.316821787603775,164.859745940616,157.837218521307,157.920953111646,2.09336475849287,17.5284095501566,17.5197078994473,17.5271218401653,0.418711645566692,0.396056422218571,0.331733097808169
"null",4000,2470,50,0,80,69.0242715088282,0.0850225203267305,68.9392489885015,77.9199547868466,77.9614843783102,2.07647957318399,12.5244020226026,12.5214234036773,12.5219806739988,-0.710268103975302,-0.720543910939003,0.756244519066498
"null",4000,2470,50,1,80,81.3034796449726,0.120958622186088,81.1825210227865,77.8956041061178,77.9369229814473,2.06594376647357,12.5190605637919,12.5160308539521,12.5219806739988,0.272214957463433,0.259315279677051,0.376734348862585
"null",4000,2471,2,0,2000,1930.21582673852,-12.1246206921579,1942.34044743067,1997.47936553742,1998.739579157,2.52042723916742,45.1744298103326,44.7213552741939,44.7213595499958,-1.48897371989667,-1.26112304469611,0.85860964249632
"null",4000,2471,2,1,2000,1992.65887557532,-11.9808787588042,2004.63975433413,1997.38771912136,1998.64807420348,2.5207101642227,45.1756112348192,44.7205355715596,44.7213595499958,-0.104676913422616,0.13398050926882,0.529502546199634
"null",4000,2471,5,0,800,826.839500202741,-4.7625518213701,831.602052024111,797.74960517597,798.199593290995,2.24994057512596,35.8680169519017,35.7770678801045,35.7770876399966,0.81102601980422,0.933627619933916,0.232691476476989
"null",4000,2471,5,1,800,772.95011334194,-4.89511118658963,777.845224528529,797.693756036066,798.143477745308,2.24860854621159,35.866613497559,35.7748987726928,35.7770876399966,-0.68987953646112,-0.567388138419352,0.73137692140438
"null",4000,2471,10,0,400,390.831075801908,-2.348003624282,393.17907942619,397.833291589962,398.04988449013,2.16592900168254,26.8630923553264,26.8327641444317,26.8328157299975,-0.260663057530124,-0.18152453611271,0.591719250653673
"null",4000,2471,10,1,400,392.475721295449,-2.43353758998778,394.909258885437,397.808776525552,398.024633105657,2.15856580104306,26.8614009224424,26.830771188552,26.8328157299975,-0.198539727898095,-0.116111989414196,0.568696505091621
"null",4000,2471,25,0,160,184.580230945362,-0.945343474177825,185.525574419539,157.896452979513,157.980522872865,2.10174733379182,17.5343434368713,17.5269257609361,17.5271218401653,1.52180080548312,1.57158488159211,0.0727245867716685
"null",4000,2471,25,1,160,183.997687139457,-0.962797860430398,184.960484999888,157.887459239801,157.971334258793,2.09687547480856,17.5329456604874,17.5254455960422,17.5271218401653,1.48920942351969,1.53999797569709,0.076903641739555
"null",4000,2471,50,0,80,85.2708134427835,-0.474095146218612,85.7449085890021,77.9165235932343,77.9581249571027,2.08006819342004,12.52402922089,12.5214490368401,12.5219806739988,0.587214363671575,0.621875599939704,0.268296337749936
"null",4000,2471,50,1,80,85.5542122782211,-0.495120604796043,86.0493328830172,77.9055888667746,77.9472712236282,2.08411784268139,12.5229950456451,12.5203849820534,12.5219806739988,0.610766304990784,0.64710962729999,0.261307096057019
"null",4000,2472,2,0,2000,1948.78669793184,-4.73208446591554,1953.51878239775,1997.46956065781,1998.73468618693,2.53025105825103,45.2317665503256,44.7213562635694,44.7213595499958,-1.07629806303949,-1.01105841966634,0.780663837847731
"null",4000,2472,2,1,2000,1979.29696793115,-4.53431254892558,1983.83128048007,1997.46844949585,1998.7267499995,2.5166010073065,45.23021173393,44.7212088234877,44.7213595499958,-0.401755394637532,-0.333073946597093,0.612653780303192
"null",4000,2472,5,0,800,816.681250969362,-1.84987149303263,818.531122462395,797.749416488244,798.199444667747,2.2501408975156,35.8795805649489,35.7770686193702,35.7770876399966,0.527649269668809,0.568287972694333,0.315374657871538
"null",4000,2472,5,1,800,843.701044881966,-1.75243251138711,845.453477393353,797.749641422759,798.197767522546,2.24063049893139,35.8788183515568,35.7767128214819,35.7770876399966,1.28073904243317,1.32085108284272,0.127261708451698
"null",4000,2472,10,0,400,430.010248446665,-0.941952019013234,430.952200465679,397.847613782419,398.062771466923,2.15157684504012,26.8669495869642,26.8327621946038,26.8328157299975,1.19710779075016,1.22571909519513,0.129451930210243
"null",4000,2472,10,1,400,429.54596486485,-0.871319424855222,430.417284289705,397.839004506842,398.054510404485,2.15505897643447,26.8664789735457,26.8324399284057,26.8328157299975,1.18016805958191,1.20610626434158,0.132778904664847
"null",4000,2472,25,0,160,177.86883345631,-0.372758436050436,178.24159189236,157.899373863503,157.983326441385,2.09881444704546,17.5352869135276,17.5269246012126,17.5271218401653,1.13881567443308,1.1558368574013,0.133250488643177
"null",4000,2472,25,1,160,184.736469445199,-0.360885393200929,185.0973548384,157.900062298794,157.983902407146,2.09600270879484,17.5350230481018,17.5266975737575,17.5271218401653,1.53044607200048,1.54698010376188,0.0716353147969589
"null",4000,2472,50,0,80,98.2387911067783,-0.154737223229292,98.3935283300076,77.9191179687301,77.9606666718071,2.07743515384603,12.5243538144133,12.5214430841003,12.5219806739988,1.62241289563888,1.63182961588078,0.0604984511090559
"null",4000,2472,50,1,80,87.5114908653829,-0.158228417799688,87.6697192831826,77.9195278095674,77.9610458120102,2.0759001221378,12.5241661143356,12.5212690292561,12.5219806739988,0.765876383964299,0.775374560556764,0.216082391114655
"null",4000,2473,2,0,2000,1949.0934915753,6.78328985536828,1942.31020171993,1997.46019582329,1998.73000614893,2.53962065127998,45.2254219299977,44.7213564789846,44.7213595499958,-1.06945833082222,-1.26158526643768,0.779202567127595
"null",4000,2473,2,1,2000,1972.99715644425,6.67625225645719,1966.32090418779,1997.44640271245,1998.72285876701,2.55291210912223,45.2252302314682,44.7213520166401,44.7213595499958,-0.540610764015171,-0.724529852477585,0.65048566993808
"null",4000,2473,5,0,800,757.015043665928,2.66025942890083,754.354784237027,797.72890289597,798.183041864624,2.2706948432692,35.8783025408537,35.7770707568025,35.7770876399966,-1.13477662951536,-1.2250376204783,0.847849825140842
"null",4000,2473,5,1,800,798.250951023763,2.66099570099736,795.589955322766,797.736296439217,798.18888728264,2.26295421711288,35.8782257738672,35.7770575293819,35.7770876399966,0.014344482578085,-0.072642417776804,0.490837467772963
"null",4000,2473,10,0,400,341.559186655306,1.35337424640366,340.205812408903,397.830479660929,398.047359045282,2.16879384352419,26.8665317622285,26.8327682215677,26.8328157299975,-2.09447551710916,-2.1556309866638,0.981228920521705
"null",4000,2473,10,1,400,357.229344275868,1.34751416021337,355.881830115655,397.830020284448,398.046924790597,2.16904506148677,26.8664933793146,26.8327551469657,26.8328157299975,-1.51120116180998,-1.57140384742454,0.929726545185477
"null",4000,2473,25,0,160,150.735069036755,0.519380083956548,150.215688952798,157.889327225262,157.973689423861,2.10905496497527,17.5352083048547,17.5269462816258,17.5271218401653,-0.40799390940379,-0.442632752243673,0.647084789869965
"null",4000,2473,25,1,160,148.032783148728,0.513568976240806,147.519214172487,157.890528080477,157.974839065864,2.10777463467085,17.5351939004093,17.5269378061137,17.5271218401653,-0.562169143251898,-0.596546014428688,0.703754176272669
"null",4000,2473,50,0,80,85.7614048108167,0.265287753221266,85.4961170575955,77.9130599291553,77.9547355937965,2.08378323205938,12.5243667489209,12.5214889466071,12.5219806739988,0.626646044386849,0.602275136443932,0.256266639160449
"null",4000,2473,50,1,80,88.5041554648408,0.275117644848221,88.2290378199926,77.9111888648723,77.9529010052109,2.08560701693251,12.5243572153914,12.5214816430039,12.5219806739988,0.845789242337376,0.820680579803686,0.195224982882349
"null",4000,2474,2,0,2000,2035.85050524879,-3.63449118801887,2039.4849964368,1997.46167113908,1998.73073556786,2.53812885757004,45.3084917889165,44.7213555788209,44.7213595499958,0.847276803839684,0.911293057678334,0.272403957853095
"null",4000,2474,2,1,2000,1967.65057897392,-3.14851148120897,1970.79909045513,1997.37558044687,1998.63691494356,2.5226689933692,45.3034176124171,44.7204372119437,44.7213595499958,-0.656131546790904,-0.622485517225455,0.681536399430499
"null",4000,2474,5,0,800,837.818474904648,-1.41041408881894,839.228888993467,797.733198046516,798.186467655501,2.26634804492914,35.8950624519606,35.7770677908048,35.7770876399966,1.11673511953851,1.14717118736361,0.159329522203959
"null",4000,2474,5,1,800,769.489922502015,-1.03211672237028,770.522039224385,797.685668167849,798.135688657284,2.25010244717775,35.89144517425,35.774632897227,35.7770876399966,-0.785584016718908,-0.77187792568626,0.759777243119936
"null",4000,2474,10,0,400,389.422811687196,-0.702982294301262,390.125793981497,397.830940901871,398.047767640136,2.16826738264541,26.8721223277686,26.8327631806733,26.8328157299975,-0.312894125447881,-0.295235105132403,0.61123802333656
"null",4000,2474,10,1,400,391.664764843982,-0.552568130810662,392.217332974793,397.805838924588,398.021573434695,2.1573451010676,26.8694246072934,26.8305016776558,26.8328157299975,-0.228552496763869,-0.216329926649686,0.580075001553796
"null",4000,2474,25,0,160,165.466319220535,-0.256243782612866,165.722563003148,157.895560706454,157.979663519555,2.10257032751609,17.5365453003592,17.5269178789064,17.5271218401653,0.43171322426465,0.441771881233719,0.32601536784168
"null",4000,2474,25,1,160,151.963393719831,-0.201157040459371,152.164550760291,157.878098557412,157.962279150871,2.10451483647094,17.5347740599819,17.5252583696199,17.5271218401653,-0.337312862848867,-0.330821279110519,0.62034022793537
"null",4000,2474,50,0,80,81.7419354547844,-0.140271525153067,81.8822069799375,77.9166359758025,77.9582329760346,2.07985001160451,12.5247822462414,12.5214316058899,12.5219806739988,0.305418441915813,0.313380620316378,0.363870372772865
"null",4000,2474,50,1,80,80.2970271049248,-0.114369874539346,80.4113969794641,77.9088681933638,77.9504585930846,2.07951998604078,12.5234887116949,12.5201789718614,12.5219806739988,0.190694379700344,0.196557764222885,0.406943871198558
"null",4000,2475,2,0,2000,2046.09683239726,2.05126997908598,2044.04556241817,1997.46818198495,1998.73400037327,2.53163677662821,45.1252753325292,44.7213568382016,44.7213595499958,1.07763664717748,1.01319739042895,0.222027784908779
"null",4000,2475,2,1,2000,2021.39165145361,2.04127595359737,2019.35037550002,1997.42376462584,1998.69429353063,2.54105780956896,45.1229681019525,44.7210548962633,44.7213595499958,0.531168223987758,0.461887180821278,0.352291412719931
"null",4000,2475,5,0,800,806.700393497412,0.832823639927251,805.867569857485,797.759316721619,798.2073707256,2.24027001990589,35.8581184189902,35.777070238052,35.7770876399966,0.249345954835659,0.214109178893513,0.407620902300811
"null",4000,2475,5,1,800,734.968262039993,0.846605339831406,734.121656700162,797.734987504769,798.183293593123,2.24153044177169,35.8566593263862,35.7761981373449,35.7770876399966,-1.75049005244576,-1.79062170460451,0.945701661014402
"null",4000,2475,10,0,400,393.522796254068,0.427807370331138,393.094988883737,397.858489376422,398.07256513831,2.1407576188869,26.8597916676852,26.8327664458541,26.8328157299975,-0.161419462071634,-0.185503655190307,0.553945012151479
"null",4000,2475,10,1,400,341.16498036838,0.455971489049892,340.70900887933,397.845240539479,398.059350254133,2.14109714654277,26.8587728873425,26.8319599019604,26.8328157299975,-2.11030713908044,-2.13738920244187,0.981928042618673
"null",4000,2475,25,0,160,152.783249228293,0.16069648893709,152.622552739356,157.901896551099,157.985750792242,2.09635602857146,17.5335415010783,17.5269321661026,17.5271218401653,-0.291934594188612,-0.305997535795736,0.602236483148256
"null",4000,2475,25,1,160,126.85657404921,0.168956214879535,126.687617834331,157.891715412727,157.97576326569,2.10119632408051,17.5329178284156,17.5263620917659,17.5271218401653,-1.77010704477367,-1.78520478280308,0.967427759026777
"null",4000,2475,50,0,80,71.050517786364,0.119834668289527,70.9306831180745,77.9190339364861,77.9605885680119,2.07773157628835,12.5237760302962,12.5214768539862,12.5219806739988,-0.548438117505973,-0.561427819730339,0.698478348858104
"null",4000,2475,50,1,80,57.8771783770411,0.11634175635204,57.7608366206891,77.9170210539172,77.9585618514875,2.07703987851786,12.5233402913754,12.5210590130103,12.5219806739988,-1.60019948437216,-1.61310039428866,0.957331253944064
"null",4000,2476,2,0,2000,1957.15137815538,5.34442862359858,1951.80694953178,1997.46814799528,1998.73398107469,2.53166615881315,45.1891751633118,44.7213558937209,44.7213595499958,-0.892177599927437,-1.04932041091129,0.738942669321826
"null",4000,2476,2,1,2000,1974.13471418598,4.49147291486986,1969.64324127111,1997.40334758484,1998.6731537756,2.53961238151286,45.1901182829752,44.7208600511912,44.7213595499958,-0.514905343977062,-0.649135827693289,0.643745617870235
"null",4000,2476,5,0,800,751.630258988627,2.10497190978521,749.525287078842,797.737499740831,798.18991042777,2.26205343469103,35.8709867199868,35.777068327461,35.7770876399966,-1.28536304596588,-1.36021830809358,0.878435276123259
"null",4000,2476,5,1,800,776.319181688372,2.26465720317099,774.054524485201,797.704764260818,798.156386150467,2.25810944824404,35.8701392930311,35.7756875517151,35.7770876399966,-0.596194578385742,-0.673693877453119,0.702279130673245
"null",4000,2476,10,0,400,389.10289588228,1.00358018571489,388.099315696565,397.841117604875,398.056931103542,2.15813498667731,26.8640895979904,26.8327666289438,26.8328157299975,-0.325275185325765,-0.371099094799861,0.615641650375629
"null",4000,2476,10,1,400,403.881400215618,1.06741830496435,402.813981910654,397.825621887316,398.040891407718,2.152695204021,26.8630013698612,26.8314604138362,26.8328157299975,0.225431933123327,0.177891565696312,0.408639569416638
"null",4000,2476,25,0,160,136.35549017069,0.451831919033708,135.903658251656,157.898211198001,157.982214203967,2.10007514913242,17.5345961609469,17.526935184941,17.5271218401653,-1.22858381393985,-1.25969290804931,0.892540624476262
"null",4000,2476,25,1,160,147.701497161856,0.436675723086515,147.26482143877,157.886140858138,157.970270855027,2.10324992222342,17.5337062366136,17.5259863117857,17.5271218401653,-0.580860860724057,-0.610832921229576,0.710450958808841
"null",4000,2476,50,0,80,73.3106686448397,0.197870571337386,73.1127980735023,77.9146218102837,77.9562642113864,2.08212005513486,12.524138770215,12.5214723907277,12.5219806739988,-0.367606367983813,-0.38681282733736,0.62913602998513
"null",4000,2476,50,1,80,57.9874492644737,0.231158098443728,57.75629116603,77.90601247918,77.9477366163315,2.08620685757404,12.5234610120075,12.5207736766141,12.5219806739988,-1.5904998782372,-1.61263560637746,0.956342872565044
"null",4000,2477,2,0,2000,2039.92799440733,4.93316726731057,2034.99482714002,1997.4725748367,1998.7361770693,2.52720446519399,45.7791618272984,44.7213544635826,44.7213595499958,0.92739617494066,0.810768155518282,0.251678834738451
"null",4000,2477,2,1,2000,2052.0867813285,5.21037295358077,2046.87640837492,1997.28257109085,1998.55037010469,2.53559802768946,45.7820956665807,44.7194748687127,44.7213595499958,1.19706643917711,1.08064860806414,0.195298027123921
"null",4000,2477,5,0,800,820.083651095366,1.98018267658552,818.103468418781,797.746568062212,798.197152008949,2.25291973368473,35.990481922598,35.7770647200804,35.7770876399966,0.620638619988284,0.556398814871454,0.286235981327986
"null",4000,2477,5,1,800,816.888636938123,2.12744713241224,814.761189805711,797.624090437043,798.07599452847,2.25952045713852,35.9878622490692,35.7725703024281,35.7770876399966,0.535306775594276,0.466424278048249,0.313560368898553
"null",4000,2477,10,0,400,371.80080116565,0.95904319084422,370.841757974805,397.848776737138,398.06380668295,2.15029945812629,26.9039989224814,26.8327536460971,26.8328157299975,-0.968182300576949,-1.01450820393546,0.822786730686846
"null",4000,2477,10,1,400,408.69295973957,1.15722693863005,407.535732800939,397.769110322368,397.985579383571,2.16469061203134,26.9006251865499,26.8286296102724,26.8328157299975,0.406081618603546,0.355968737729028,0.344858283395662
"null",4000,2477,25,0,160,151.466577474782,0.391527360527169,151.075050114255,157.8994107268,157.983352465688,2.09854347220836,17.5443464514338,17.5268978126419,17.5271218401653,-0.366661321345034,-0.394154312148175,0.631217804871571
"null",4000,2477,25,1,160,149.771316690189,0.454299910415752,149.317016779774,157.872396932709,157.956297717476,2.09751961916527,17.5415467834109,17.523894051881,17.5271218401653,-0.461822457423234,-0.493000066773086,0.667677632078976
"null",4000,2477,50,0,80,64.8678838276011,0.247892793851224,64.6199910337499,77.9134478270381,77.9551027951005,2.08274840312017,12.527468377729,12.5213844940162,12.5219806739988,-1.0413567694674,-1.06498700425046,0.856061902326919
"null",4000,2477,50,1,80,66.2787579125799,0.256173841686284,66.0225840708936,77.9037958142707,77.9453468219329,2.07755038311317,12.5252410789917,12.5190851297413,12.5219806739988,-0.928128874197013,-0.952366936359805,0.825352286572139
"null",4000,2478,2,0,2000,1973.48228622613,11.7483782435998,1961.73390798253,1997.45732350995,1998.72855800255,2.54246898519332,45.2874116626601,44.7213554440714,44.7213595499958,-0.529397384474221,-0.827225598434323,0.647616601603977
"null",4000,2478,2,1,2000,1963.8778485082,11.8578025339218,1952.02004597428,1997.46655348768,1998.72955397978,2.52600098420523,45.2861980728621,44.7212871580631,44.7213595499958,-0.741698495542465,-1.0444580416573,0.702751566047879
"null",4000,2478,5,0,800,759.37202105732,4.75338903620823,754.618632021112,797.757110849199,798.205596254613,2.24242702707153,35.8908090468502,35.7770676282043,35.7770876399966,-1.069496364425,-1.21829336843525,0.833030272195873
"null",4000,2478,5,1,800,786.941938522683,4.68128356163348,782.260654961049,797.75005394592,798.199023543736,2.24484798908013,35.8902695020511,35.7768900624046,35.7770876399966,-0.301143334201484,-0.445493405236903,0.603099814186449
"null",4000,2478,10,0,400,399.836265518226,2.30919210521442,397.527073413011,397.85120852313,398.066004784868,2.14796261737698,26.8706968746014,26.8327608184552,26.8328157299975,0.0738744143614656,-0.0200848274802136,0.464696709882427
"null",4000,2478,10,1,400,419.74736248231,2.33440360477714,417.412958877533,397.840087010927,398.055738932668,2.15651921741614,26.8704076160619,26.832599892843,26.8328157299975,0.815293753053749,0.721406797036744,0.217479787897516
"null",4000,2478,25,0,160,168.047862001296,0.981703218605318,167.066158782691,157.900329333331,157.9842405544,2.09778052672295,17.5361964967173,17.5269156102277,17.5271218401653,0.578662121507667,0.518169792692554,0.277260252613157
"null",4000,2478,25,1,160,162.293605557322,0.994140696366767,161.299464860955,157.901871829359,157.985679116224,2.09518217161926,17.5360497513624,17.5268027388846,17.5271218401653,0.250440309547007,0.189069609220824,0.390962794956966
"null",4000,2478,50,0,80,87.0684831577326,0.536574431407133,86.5319087263255,77.917583791167,77.9591607420176,2.07884754253268,12.5246522303278,12.5214231225956,12.5219806739988,0.730631014600725,0.684646457545056,0.225845465020504
"null",4000,2478,50,1,80,78.8447775359908,0.567335879694947,78.2774416562958,77.9204722525658,77.9619811684326,2.07544579334043,12.5245616865677,12.5213437447873,12.5219806739988,0.0737994116326046,0.0251938205909025,0.45194278109013
"null",4000,2479,2,0,2000,1974.71039100886,13.6098833755704,1961.10050763329,1997.47115940925,1998.7354791847,2.52863955090765,45.216374160355,44.7213558314831,44.7213595499958,-0.50337447048874,-0.841543617175386,0.640318365640988
"null",4000,2479,2,1,2000,2012.9182981216,14.1011124901903,1998.81718563141,1997.41972554547,1998.67721456103,2.51497803112672,45.2174073753669,44.7208074078754,44.7213595499958,0.342756771689095,0.00312988692492272,0.402859648800541
"null",4000,2479,5,0,800,787.102993719663,5.44898096613031,781.654012753533,797.766638301899,798.213215388563,2.23288543332318,35.8764683600793,35.7770672702606,35.7770876399966,-0.297232282598406,-0.462844047834953,0.60153037148359
"null",4000,2479,5,1,800,764.244135907854,5.49552842199493,758.748607485859,797.705544419949,798.156298101346,2.25376840698521,35.8755563521744,35.7755454607367,35.7770876399966,-0.932707723989528,-1.10152591967427,0.799664157117064
"null",4000,2479,10,0,400,379.180010128579,2.74845374118608,376.431556387393,397.856954194105,398.071178715231,2.14224521126065,26.8659148194869,26.8327629741556,26.8328157299975,-0.69519106983765,-0.806462694456066,0.743490586381211
"null",4000,2479,10,1,400,374.580499599523,2.85378921299238,371.726710386531,397.834053296504,398.048264987254,2.14211690749365,26.8647221672323,26.8313245056769,26.8328157299975,-0.865579534090417,-0.981000941461318,0.794801806849276
"null",4000,2479,25,0,160,147.854643479762,1.11250166137584,146.742141818386,157.910408227665,157.993919600643,2.08778432446332,17.5350357136223,17.5269251840526,17.5271218401653,-0.573467024084283,-0.641971005415986,0.707362767861193
"null",4000,2479,25,1,160,177.861036454168,1.14726998968549,176.713766464483,157.89725520943,157.980905870426,2.0912665248898,17.5340695820761,17.5258928944153,17.5271218401653,1.13857089201617,1.06886768662304,0.133337728274149
"null",4000,2479,50,0,80,75.4970068914905,0.557692412929445,74.9393144785611,77.925910068413,77.9673224304484,2.07061810177292,12.5242613355939,12.5214388240615,12.5219806739988,-0.193935842748629,-0.241825879152855,0.559235849452644
"null",4000,2479,50,1,80,90.8174729713269,0.605984301288653,90.2114886700382,77.9245828661363,77.9659222082934,2.06696710785399,12.5235159067081,12.5206693278356,12.5219806739988,1.02949444878212,0.978028102261346,0.152077855319557
"null",4000,2480,2,0,2000,1954.63985243489,-1.73263429063884,1956.37248672553,1997.46676183829,1998.73326840333,2.53301313008366,45.3787663118247,44.7213548903875,44.7213595499958,-0.94376539699438,-0.947215972808161,0.75187035383825
"null",4000,2480,2,1,2000,1904.2512537554,-1.1716466684356,1905.42290042384,1997.0596078447,1998.32842560037,2.53763551133789,45.3790235590432,44.7176113135246,44.7213595499958,-2.04518182213738,-2.07760482833379,0.932712638550965
"null",4000,2480,5,0,800,776.965041769014,-0.731585471419708,777.696627240434,797.740474702721,798.192281837416,2.2590356734701,35.9092609763296,35.7770656589091,35.7770876399966,-0.578553620120497,-0.572871313494032,0.696550832151907
"null",4000,2480,5,1,800,767.776445479516,-0.206266842797228,767.982712322313,797.477972759736,797.93085402112,2.26440630692391,35.9013846032496,35.7672799395254,35.7770876399966,-0.827308684844736,-0.837305541529651,0.773240445905359
"null",4000,2480,10,0,400,401.158212093793,-0.348934557531757,401.507146651325,397.838156663245,398.05425314964,2.16096486394985,26.8768536299148,26.8327565573041,26.8328157299975,0.123528426216265,0.128682026921501,0.446202450772308
"null",4000,2480,10,1,400,394.446120386751,-0.0343155178708121,394.480435904622,397.685051698857,397.901928401423,2.16876702565396,26.868560868208,26.8236453973891,26.8328157299975,-0.120547256996518,-0.127555089776651,0.540895878084607
"null",4000,2480,25,0,160,165.985848589485,-0.202061937930119,166.187910527415,157.890430032918,157.974733771357,2.10759346097308,17.53769285761,17.526905162848,17.5271218401653,0.461601113800644,0.468603936618951,0.315882182718953
"null",4000,2480,25,1,160,170.633534499777,-0.0656019453510663,170.699136445128,157.828439728485,157.912718684894,2.10697391022037,17.5312371222163,17.520215209008,17.5271218401653,0.730415924559288,0.729809400609407,0.232738591012921
"null",4000,2480,50,0,80,92.5108254556013,-0.0581386405898514,92.5689640961911,77.9063981063785,77.9481928573555,2.08973754884919,12.5251302003394,12.5213759256111,12.5219806739988,1.16601002270036,1.1676649056539,0.125214186829059
"null",4000,2480,50,1,80,92.8215562249083,0.00801940981517182,92.8135368150932,77.8760008514202,77.9177599898744,2.08795692271166,12.5202396166261,12.5163995545794,12.5219806739988,1.19371160865335,1.19010077620675,0.120700800486275
"null",4000,2481,2,0,2000,1995.79393054919,-1.89271514330314,1997.68664569249,1997.47571799435,1998.7377581598,2.52408033090809,45.3387672751305,44.7213555753755,44.7213595499958,-0.0370938061671611,-0.0235035913779762,0.50971882920366
"null",4000,2481,2,1,2000,2018.45985736224,-1.72199640276167,2020.181853765,1997.19800512183,1998.47240879866,2.54880735365841,45.3399402893174,44.7191291900637,44.7213595499958,0.468943101925858,0.485462158130796,0.369529446130004
"null",4000,2481,5,0,800,813.785775043855,-0.739898159117368,814.525673202972,797.739567975184,798.191564588403,2.259983066098,35.9011766637546,35.7770683967642,35.7770876399966,0.446954906769708,0.456552460738967,0.341187650042348
"null",4000,2481,5,1,800,823.299570334737,-0.800451206959935,824.100021541697,797.567432826247,798.021088795576,2.26827984664485,35.8965091136573,35.7708495746505,35.7770876399966,0.716842337705212,0.729055447556452,0.259996920522292
"null",4000,2481,10,0,400,438.318643654312,-0.360686046783445,438.679329701096,397.82712193961,398.04432832026,2.17206380650112,26.8741626544812,26.8327618609378,26.8328157299975,1.50670821767727,1.5143801294637,0.0797278677483581
"null",4000,2481,10,1,400,413.80250864955,-0.49143419943023,414.29394284898,397.732122818822,397.949594244603,2.17471425780911,26.869024745382,26.8269819476716,26.8328157299975,0.598100823644121,0.609250367270445,0.282167610604215
"null",4000,2481,25,0,160,149.983760618098,-0.0961293257912009,150.079889943889,157.892466640394,157.976693062513,2.10566055297839,17.5370490729976,17.5269176919041,17.5271218401653,-0.450971311614408,-0.450552872868886,0.663171347566418
"null",4000,2481,25,1,160,144.460445413031,-0.125176340086884,144.585621753118,157.843779231618,157.928362612218,2.11458451500314,17.5329801882337,17.5226697784791,17.5271218401653,-0.763323386834638,-0.761455932673434,0.772402899687736
"null",4000,2481,50,0,80,85.707765728073,-0.059260052687011,85.76702578076,77.908051890949,77.9498191108657,2.08836099583555,12.524949668527,12.5214205931714,12.5219806739988,0.622734146127813,0.624306692018426,0.25756588772705
"null",4000,2481,50,1,80,67.9933237255143,-0.121470689497035,68.1147944150114,77.8858350757303,77.9276352892663,2.09001067679842,12.5218350662532,12.5182397414327,12.5219806739988,-0.790020895330007,-0.783883443434669,0.783553965525508
"null",4000,2482,2,0,2000,1924.21967961005,-7.12473668515694,1931.34441629521,1997.46877888694,1998.73426656859,2.53097536328784,45.6017253176288,44.7213535536599,44.7213595499958,-1.6062791213861,-1.50688306409418,0.879252435008323
"null",4000,2482,2,1,2000,2007.08209759297,-5.99711506868471,2013.07921266166,1997.17204014632,1998.44687584253,2.5496713924194,45.6028431815244,44.718487692029,44.7213595499958,0.217312271675718,0.32721001031821,0.438805745294708
"null",4000,2482,5,0,800,809.677494760393,-2.74789138512323,812.425386145516,797.745420116192,798.196236862906,2.25408373357013,35.9544198405565,35.777065094149,35.7770876399966,0.331866699479904,0.397717063855428,0.37920952534539
"null",4000,2482,5,1,800,771.785198379742,-2.50947725562474,774.294675635366,797.564994838647,798.014678207997,2.24841684675122,35.9490938090049,35.769872015007,35.7770876399966,-0.717119507820465,-0.663127968774373,0.741113623492637
"null",4000,2482,10,0,400,423.448076868194,-1.40868533430458,424.856762202498,397.839677569723,398.0556183332,2.15940763477147,26.8919387637595,26.8327537806808,26.8328157299975,0.952270474934333,0.998821965436665,0.182215459878234
"null",4000,2482,10,1,400,387.584819560217,-1.34025284130374,388.925072401521,397.737802119636,397.953476803381,2.15674683744883,26.8861122728076,26.8261564389639,26.8328157299975,-0.377629255446035,-0.336552290761511,0.636358617466044
"null",4000,2482,25,0,160,172.5136230227,-0.563927055220463,173.07755007792,157.896050192261,157.980125819408,2.10189067868255,17.5413838366779,17.526895684546,17.5271218401653,0.833319250438752,0.861386096559241,0.203283324210073
"null",4000,2482,25,1,160,174.88489561741,-0.511701283938506,175.396596901349,157.853914600477,157.937892424811,2.09944560836251,17.5368184809545,17.5221195888389,17.5271218401653,0.971155687984661,0.996380853812808,0.169745987041352
"null",4000,2482,50,0,80,67.2950384349901,-0.335779007274645,67.6308174422648,77.9158771535388,77.9574807693151,2.08018078881329,12.526406407448,12.521362589095,12.5219806739988,-0.847875948862212,-0.824723607640264,0.80114585717277
"null",4000,2482,50,1,80,78.0905162527733,-0.320603826182797,78.411120078956,77.8952440787001,77.9367982052515,2.07770632756977,12.5229051147476,12.5177843358457,12.5219806739988,0.0155932008015575,0.0378918394005442,0.475819871545633
"null",4000,2483,2,0,2000,1974.54887048889,-5.53339114037786,1980.08226162926,1997.4597666097,1998.7297847731,2.5400363267909,45.4369273437181,44.7213554237105,44.7213595499958,-0.504235155416623,-0.416971332088571,0.641281053084989
"null",4000,2483,2,1,2000,1942.00906193113,-5.2016485638994,1947.21071049503,1997.36003483009,1998.61265080049,2.5052319407951,45.4307985758628,44.7200961022508,44.7213595499958,-1.21835791212287,-1.14941479973416,0.811537945810084
"null",4000,2483,5,0,800,767.994448579237,-2.22940015509319,770.22384873433,797.754484242946,798.203493697987,2.24504727520396,35.921026418034,35.7770671989639,35.7770876399966,-0.828485113910006,-0.782055298385864,0.771550438846539
"null",4000,2483,5,1,800,798.760847992966,-2.01234261159041,800.773190604556,797.676798441409,798.124852521715,2.24027040153191,35.916477057222,35.7738931962578,35.7770876399966,0.0301825134416809,0.0740299096973443,0.485750343135862
"null",4000,2483,10,0,400,378.399107220319,-1.11577820399163,379.51488542431,397.854037849544,398.06855083649,2.14512986945732,26.8807908106451,26.8327604283985,26.8328157299975,-0.723748447963102,-0.691455709959049,0.752617187551993
"null",4000,2483,10,1,400,341.981872720039,-0.993006811190321,342.97487953123,397.800792969769,398.016008910022,2.152159402531,26.8773739750523,26.8298479261762,26.8328157299975,-2.076799627134,-2.05148868268807,0.980454487950932
"null",4000,2483,25,0,160,148.244424608507,-0.440493925863443,148.684918534371,157.911371256454,157.994840643533,2.08673467697387,17.5386723007862,17.5269153832628,17.5271218401653,-0.551178930888262,-0.531178584798375,0.6994444238771
"null",4000,2483,25,1,160,140.609499466861,-0.378927920265153,140.988427387126,157.888471147526,157.972071731554,2.09001460068419,17.536445754038,17.5248156165917,17.5271218401653,-0.985317773225884,-0.969119716634742,0.836163394958971
"null",4000,2483,50,0,80,63.6124081186057,-0.246376190834177,63.8587843094399,77.9324482904609,77.9737274643544,2.06395869467672,12.5255151165937,12.521419354912,12.5219806739988,-1.14326956125614,-1.12726383126666,0.880449643363159
"null",4000,2483,50,1,80,62.473079829871,-0.23009088442626,62.7031707142972,77.9187389654847,77.9600891753912,2.06751049532786,12.5238977192529,12.5198473294581,12.5219806739988,-1.23329489603458,-1.21861857094661,0.900153815728225
"null",4000,2484,2,0,2000,2012.48031153504,6.30502629822491,2006.17528523681,1997.45411852091,1998.72696027916,2.54568351651207,45.4237588603583,44.7213560621491,44.7213595499958,0.330800299031188,0.166549622227356,0.405530523438542
"null",4000,2484,2,1,2000,1958.9380561424,7.60428646651131,1951.33376967589,1997.2000181111,1998.47833543077,2.55663463934621,45.4122062873174,44.7189467997352,44.7213595499958,-0.842547964452896,-1.05424141507639,0.729546627926838
"null",4000,2484,5,0,800,847.807004085378,2.49915215924841,845.30785192613,797.747602684593,798.197989253439,2.25193284422571,35.9183618508795,35.7770673194734,35.7770876399966,1.3936994568019,1.31676143972397,0.107801508545117
"null",4000,2484,5,1,800,803.432662985129,2.53293927875771,800.899723706372,797.576973874217,798.02904665386,2.26036389821418,35.9094272759725,35.7708165625822,35.7770876399966,0.163068295851948,0.0802519295999123,0.439452136101246
"null",4000,2484,10,0,400,397.343415107912,1.17311196938838,396.170303138524,397.834094504396,398.050605367358,2.16510862961387,26.8798997359532,26.8327626673624,26.8328157299975,-0.0182545099239346,-0.0700748652736082,0.499860119098788
"null",4000,2484,10,1,400,393.246745203846,1.03056978955544,392.216175414291,397.737644868217,397.954695916193,2.17051047975596,26.873227207102,26.827034102889,26.8328157299975,-0.16711426691559,-0.213908122675553,0.557839665819821
"null",4000,2484,25,0,160,168.265618145835,0.505083165285748,167.760534980549,157.899070002919,157.983033082404,2.09907698712733,17.5384580792338,17.5269199210756,17.5271218401653,0.59107522999355,0.557856254388849,0.273338045596598
"null",4000,2484,25,1,160,135.471274429232,0.478885963993433,134.992388465239,157.847071440721,157.93157201665,2.112514398206,17.5340938345284,17.522794198461,17.5271218401653,-1.27613078968625,-1.30910534539211,0.902367889316427
"null",4000,2484,50,0,80,96.6299719239781,0.234136301657973,96.3958356223202,77.9138504581467,77.9555000028318,2.08247723425669,12.5254260854486,12.5214072655733,12.5219806739988,1.49425028243749,1.47270472306964,0.0750079855000176
"null",4000,2484,50,1,80,71.9226125524056,0.291912819843557,71.6306997325621,77.88706705817,77.9288699780452,2.09014599375721,12.5223869093437,12.5184499275463,12.5219806739988,-0.476303323714907,-0.503111030673558,0.672223910825855
"null",4000,2485,2,0,2000,2010.0378520814,6.78392750959874,2003.25392457181,1997.49061430133,1998.7452056167,2.50918263073977,45.3638830331978,44.7213552866739,44.7213595499958,0.276590912001435,0.100818030361739,0.420509410729055
"null",4000,2485,2,1,2000,1911.47824082904,6.57751035283181,1904.9007304762,1997.4452258155,1998.7155261581,2.54060068520981,45.3622890032511,44.7212124247538,44.7213595499958,-1.89512008488595,-2.09776950568476,0.915960127257915
"null",4000,2485,5,0,800,819.472449527897,2.64343169131271,816.829017836584,797.768392357567,798.214620044268,2.23113843350378,35.9062532805797,35.7770671046328,35.7770876399966,0.604464548298303,0.520288533933689,0.291369465890405
"null",4000,2485,5,1,800,791.003015609421,2.70079353210221,788.302222077319,797.763155815634,798.208569485506,2.22706834936037,35.905432520355,35.7767072403234,35.7770876399966,-0.188276250463788,-0.276893771739341,0.563148796525853
"null",4000,2485,10,0,400,428.245116071373,1.3066904748148,426.938425596558,397.861120419435,398.074924839135,2.13804419699803,26.8758545550707,26.8327601850406,26.8328157299975,1.13053133211742,1.0756813894053,0.142425720160001
"null",4000,2485,10,1,400,395.50732368801,1.32919912953571,394.178124558475,397.85198370205,398.066195778976,2.14212076926471,26.875369381574,26.8324410536738,26.8328157299975,-0.0872419642219636,-0.144901882490827,0.525869653685224
"null",4000,2485,25,0,160,141.761721351882,0.514844284004572,141.246877067878,157.915837467432,157.999129031605,2.0822891043479,17.5374636169432,17.5269173949544,17.5271218401653,-0.921120434995095,-0.9558013874448,0.818310190944149
"null",4000,2485,25,1,160,146.581429404375,0.58870182373469,145.992727580641,157.904291953131,157.987957332161,2.09163447574704,17.5371855869466,17.5266818898619,17.5271218401653,-0.645648783986362,-0.684398212217128,0.732621460114954
"null",4000,2485,50,0,80,73.2315820264374,0.254833511973147,72.9767485144642,77.9293223036647,77.9706630115241,2.06703539297125,12.5250831758283,12.5214118127058,12.5219806739988,-0.375066593273672,-0.398829985927978,0.631626251497759
"null",4000,2485,50,1,80,80.3443350104657,0.274863128646258,80.0694718818194,77.9279919048987,77.9693379114833,2.06730032923094,12.5249034389835,12.5212468880537,12.5219806739988,0.192923092568217,0.167725625819248,0.405504179649309
"null",4000,2486,2,0,2000,1988.15168429595,-6.22737435299638,1994.37905864895,1997.45756848579,1998.72869686539,2.54225675918683,45.0664490008452,44.7213569514132,44.7213595499958,-0.206492510418728,-0.0972608729463372,0.557841697202858
"null",4000,2486,2,1,2000,1953.64856298036,-7.21988272658178,1960.86844570694,1995.80810102973,1997.06781287698,2.51942369451126,45.0255490676806,44.7072533721797,44.7213595499958,-0.936347005696617,-0.809697855260524,0.756880228049334
"null",4000,2486,5,0,800,819.81084983714,-2.45401351818236,822.264863355322,797.759850673195,798.207801839168,2.23975582986816,35.8462823751442,35.7770713140433,35.7770876399966,0.615154423356194,0.67241561795224,0.28852161623594
"null",4000,2486,5,1,800,845.777249246151,-2.73482721821403,848.512076464365,796.697020679123,797.142608873359,2.22794097117875,35.8000072504307,35.7365407288574,35.7770876399966,1.37095582757005,1.43744935976764,0.117127964727141
"null",4000,2486,10,0,400,429.542804720282,-1.21108973937784,430.75389445966,397.85804137901,398.072167420925,2.14126041914487,26.8558460042997,26.8327702960307,26.8328157299975,1.17980879605131,1.21797811698817,0.13280175788223
"null",4000,2486,10,1,400,409.632904886139,-1.31018279861589,410.943087684755,397.260086542006,397.474148204989,2.14061662982746,26.8165821978279,26.7953815914868,26.8328157299975,0.461386848363355,0.502658991206342,0.33289156446635
"null",4000,2486,25,0,160,142.23138145688,-0.496254373291611,142.727635830172,157.922188994864,158.005237428009,2.07621082863237,17.5325914489354,17.526948460039,17.5271218401653,-0.894950845326191,-0.871663520473614,0.810726049234185
"null",4000,2486,25,1,160,148.804639425679,-0.497081732828425,149.301721158507,157.661414863782,157.744626122276,2.08028146236534,17.5047448241392,17.4995498853002,17.5271218401653,-0.505964270092624,-0.482464121597866,0.687922513552702
"null",4000,2486,50,0,80,68.1585270400699,-0.30455341683139,68.4630804569013,77.9421010633739,77.9831949299653,2.05469332956977,12.5234425363892,12.5214815374243,12.5219806739988,-0.78122081806787,-0.760302560412695,0.779282452417854
"null",4000,2486,50,1,80,72.7443165278211,-0.279751947271518,73.0240684750926,77.8036394597241,77.844881823362,2.06211818189797,12.5030311125211,12.5012284190859,12.5219806739988,-0.404647711932534,-0.385627170919408,0.64688289068839
"null",4000,2487,2,0,2000,2002.58770585938,7.80130194153784,1994.78640391784,1997.44486110976,1998.72233245015,2.55494268076201,45.2071504953332,44.7213557076538,44.7213595499958,0.113761754352255,-0.0880100450897028,0.46690061964653
"null",4000,2487,2,1,2000,1990.10734298262,8.19538155450539,1981.91196142812,1996.79173193862,1998.05913544539,2.53480701354972,45.2028296954042,44.7156006664225,44.7213595499958,-0.147875453838535,-0.361108288307068,0.545567848305548
"null",4000,2487,5,0,800,795.134962752015,3.13944932802125,791.995513423994,797.723712207352,798.178886312154,2.27587052401216,35.8746153810899,35.777069731769,35.7770876399966,-0.0721610372079901,-0.172830612862353,0.52197382706394
"null",4000,2487,5,1,800,831.058048775958,2.92647078928334,828.131577986675,797.30926437992,797.761621505522,2.2617856280124,35.8600026964388,35.7608941650528,35.7770876399966,0.941126097555771,0.849250478497038,0.202433699988604
"null",4000,2487,10,0,400,400.974472792869,1.5580146193835,399.416458173485,397.814677659888,398.03313449252,2.18456832631935,26.8652982418591,26.8327659604826,26.8328157299975,0.117616231338071,0.0515535253802223,0.44876450301124
"null",4000,2487,10,1,400,438.893675307379,1.57328292053434,437.320392386845,397.590885241404,397.807561626559,2.16676385154656,26.8509550971858,26.817680935651,26.8328157299975,1.53822424254487,1.47338730948053,0.0769327286980332
"null",4000,2487,25,0,160,154.846864724229,0.666218471481193,154.180646252748,157.87494076322,157.959872383049,2.12329049573012,17.5348860302848,17.5269292408447,17.5271218401653,-0.172688663830565,-0.215623973736051,0.556062909869277
"null",4000,2487,25,1,160,174.344379591065,0.579661362448581,173.764718228617,157.788921248201,157.873166375902,2.10612819252085,17.5240957936384,17.5159187209558,17.5271218401653,0.944725396266876,0.907263393138601,0.177034407958675
"null",4000,2487,50,0,80,76.3230942335712,0.277790471254832,76.0453037623164,77.8970446290598,77.9390348168398,2.09950938900012,12.5242116652065,12.5214429033279,12.5219806739988,-0.125672612182144,-0.151239044025837,0.532569174424235
"null",4000,2487,50,1,80,69.9699836681684,0.297450816257418,69.6725328519109,77.8552470874296,77.8970363942719,2.08946534211436,12.5162800587744,12.5134314682348,12.5219806739988,-0.63000055785212,-0.657254052434682,0.729905005199068
"null",4000,2488,2,0,2000,2026.80471638151,10.4704262168379,2016.33429016468,1997.45509535949,1998.72744628913,2.54470185926403,45.2449225850311,44.721355754888,44.7213595499958,0.648683196813099,0.393701031159476,0.321312138716156
"null",4000,2488,2,1,2000,2034.41581301942,11.3093462887547,2023.10646673066,1996.32110334045,1997.58911211053,2.53601754015773,45.2327531067101,44.7114736538958,44.7213595499958,0.842193036295991,0.570711554212219,0.279899501439162
"null",4000,2488,5,0,800,775.974756060024,4.22436059988943,771.750395460135,797.739404432853,798.191436518467,2.26016042807063,35.8822319375881,35.7770686473778,35.7770876399966,-0.606557819777908,-0.739049957360613,0.705314910964195
"null",4000,2488,5,1,800,798.091913317512,5.11363817432143,792.97827514319,797.010521385952,797.460581923528,2.25030268788169,35.8555773392649,35.749215064217,35.7770876399966,0.0301596574872548,-0.125381963556012,0.492424937490919
"null",4000,2488,10,0,400,403.071757133112,2.09915094648111,400.972606186631,397.835164189603,398.05157042849,2.16406238887291,26.8678368301883,26.8327644697504,26.8328157299975,0.194901918476211,0.10886078329477,0.419718781941925
"null",4000,2488,10,1,400,368.603023262664,2.42084115857993,366.182182104084,397.428008738738,397.643530696457,2.15521957719606,26.8426025116256,26.8068157409846,26.8328157299975,-1.07385211488303,-1.17363244095689,0.851985278621824
"null",4000,2488,25,0,160,129.694047702354,0.833867887718777,128.860179814635,157.88824638031,157.972643217885,2.1099209393758,17.5355016278417,17.526922122748,17.5271218401653,-1.60783530898204,-1.66101402170692,0.951612007153145
"null",4000,2488,25,1,160,155.497727200478,1.00229558791813,154.49543161256,157.724164784686,157.808006534973,2.09604375717956,17.5167440411518,17.5079352136333,17.5271218401653,-0.127103391987526,-0.1892042026654,0.541395456028773
"null",4000,2488,50,0,80,70.3827088402018,0.407676658889738,69.9750321813121,77.9007278357984,77.9426433448568,2.09577545292359,12.5244193504758,12.5214346930205,12.5219806739988,-0.600268865583053,-0.636317751031032,0.71805821171223
"null",4000,2488,50,1,80,80.0399459292996,0.514274040606964,79.5256718886927,77.8274244565479,77.8689934090395,2.07844762458317,12.5105012042577,12.5074299736275,12.5219806739988,0.176853144140924,0.132455547074526,0.414798905302456
"null",4000,2489,2,0,2000,1946.46403471111,-18.6630547594045,1965.12708947052,1997.458085232,1998.72893991859,2.54170937318131,45.5057673498407,44.7213550555041,44.7213595499958,-1.12060632070772,-0.751360293228342,0.791549827719477
"null",4000,2489,2,1,2000,1989.65439884572,-18.7072020357733,2008.36160088149,1997.31794674612,1998.58485702369,2.53382055515079,45.5072271448382,44.7198625283779,44.7213595499958,-0.168402875350048,0.218621956889857,0.548414152442671
"null",4000,2489,5,0,800,789.546904654023,-7.37894977122517,796.925854425248,797.731404018067,798.185024968586,2.26810475259545,35.9349695300776,35.7770659911674,35.7770876399966,-0.227758628185107,-0.0351949079236668,0.577554217243344
"null",4000,2489,5,1,800,811.006757254697,-7.24225456273735,818.249011817434,797.637574560594,798.091412328224,2.26918883815194,35.9325436212717,35.7734962176879,35.7770876399966,0.372063353905971,0.56347859785768,0.366743810456711
"null",4000,2489,10,0,400,396.553824831885,-3.68633131846862,400.240156150353,397.83869357696,398.054739658456,2.16046081496406,26.8854485573941,26.8327594480345,26.8328157299975,-0.0477904894289567,0.0814458347502321,0.511041771572794
"null",4000,2489,10,1,400,402.544439804428,-3.63706746437258,406.1815072688,397.782868281636,397.999187192704,2.16318911067457,26.8825758801457,26.8294208363315,26.8328157299975,0.177124824050377,0.304975650649031,0.426977612344029
"null",4000,2489,25,0,160,155.137481413104,-1.51460040456143,156.652081817665,157.892353489354,157.976582816916,2.10573318902717,17.5398108106863,17.5269127723293,17.5271218401653,-0.157063956161502,-0.0755695550297601,0.549516933940842
"null",4000,2489,25,1,160,155.496102862274,-1.4731387999432,156.969241662218,157.873664295617,157.957720487897,2.101404806989,17.5374755703169,17.524449626052,17.5271218401653,-0.135570334727485,-0.0564056987107779,0.541432088710328
"null",4000,2489,50,0,80,78.8136776316384,-0.770132689302322,79.5838103209408,77.9199560283742,77.9614846659737,2.07643187997549,12.525911191673,12.5214159267938,12.5219806739988,0.0713498275365696,0.129564073620104,0.452921449741127
"null",4000,2489,50,1,80,78.4772893294824,-0.690485182035305,79.1677745115177,77.9058940436639,77.9474592176119,2.07825869739872,12.5240644087099,12.5195230469971,12.5219806739988,0.0456237901029276,0.0974729859376356,0.463540672341073
"null",4000,2490,2,0,2000,1962.77174245719,0.32351954892773,1962.44822290827,1997.45687492525,1998.72834358217,2.54293731382781,45.0444305833772,44.7213560878117,44.7213595499958,-0.770020444677552,-0.811248223391617,0.708851890041468
"null",4000,2490,2,1,2000,2047.30235797829,0.404433883990072,2046.8979240943,1997.45545219973,1998.72510856171,2.53931272396432,45.0438587830007,44.7213144268451,44.7213595499958,1.10663045141604,1.07717798883978,0.216482101107653
"null",4000,2490,5,0,800,806.931612185347,0.174836696387757,806.75677548896,797.744770048377,798.195733159742,2.25481555682677,35.8418522710246,35.7770700806138,35.7770876399966,0.256316053855219,0.239288525022528,0.405392178194787
"null",4000,2490,5,1,800,800.574129379101,0.186163488389172,800.387965890712,797.740656949278,798.191795279495,2.2556916510874,35.8415693624327,35.7769482716754,35.7770876399966,0.0790554788818371,0.0613850738341395,0.467701595512728
"null",4000,2490,10,0,400,389.754341813585,0.0908255268120398,389.663516286773,397.845926400759,398.061261407753,2.15335006994673,26.8543655949511,26.8327682428938,26.8328157299975,-0.301313563285039,-0.312966036338967,0.606661963238587
"null",4000,2490,10,1,400,401.512753458257,0.0958113195662325,401.416942138691,397.828527205199,398.045420835082,2.16893629882363,26.8541923032153,26.8326551098476,26.8328157299975,0.137193709326973,0.125649932509736,0.441267381558451
"null",4000,2490,25,0,160,174.652129026498,0.059223171807153,174.592905854691,157.901122755659,157.985011609638,2.09722134947692,17.5322209184407,17.5269419018846,17.5271218401653,0.955441204440928,0.947563718646626,0.172858915829866
"null",4000,2490,25,1,160,164.145577865209,0.0791730777954456,164.066404787413,157.894678465063,157.978794923723,2.10291146650283,17.532125561297,17.5268614591578,17.5271218401653,0.356539734916398,0.347330289446059,0.352445371667857
"null",4000,2490,50,0,80,86.7299887407887,0.0301548431037994,86.6998338976849,77.9182039653327,77.9597746377049,2.07853361861163,12.5233027444919,12.5214717950748,12.5219806739988,0.703631059253248,0.698005745891453,0.233493255932111
"null",4000,2490,50,1,80,84.7111045116706,0.0287478384698488,84.6823566732007,77.9133198571422,77.9549807464559,2.08304446568885,12.5232393302528,12.5214140852508,12.5219806739988,0.542813602396525,0.537269663070166,0.28241746764886
"null",4000,2491,2,0,2000,1982.77515400541,4.62236623692874,1978.15278776848,1997.47197898047,1998.73587956446,2.52780116798665,45.6363337571501,44.7213548909064,44.7213595499958,-0.322042192373969,-0.460251972378639,0.591306755856486
"null",4000,2491,2,1,2000,1970.57040874176,4.66260813639356,1965.90780060537,1997.31764734441,1998.58062643207,2.52595817533103,45.6386925606337,44.7197983895105,44.7213595499958,-0.586064961591709,-0.730612100307821,0.664712904739116
"null",4000,2491,5,0,800,753.498250618561,1.90870413089467,751.589546487666,797.737270928676,798.189718982073,2.26224026698748,35.961444969676,35.7770657999636,35.7770876399966,-1.23017916403024,-1.30251521337602,0.868339739749816
"null",4000,2491,5,1,800,772.710283375872,1.97836058134328,770.731922794529,797.652803935213,798.102441205209,2.24818634997923,35.9591839265944,35.773263550568,35.7770876399966,-0.693634221795945,-0.765111026898333,0.733395629305927
"null",4000,2491,10,0,400,396.528616325385,0.913182803108733,395.615433522276,397.839837800055,398.05576867085,2.15930870794824,26.8942930869429,26.8327585906854,26.8328157299975,-0.0487546361762338,-0.0909461150006979,0.511398905866119
"null",4000,2491,10,1,400,361.687364004669,0.981020539121571,360.706343465547,397.790445014499,398.005761542032,2.15316527533145,26.8914038063729,26.8292610877377,26.8328157299975,-1.34255099770112,-1.39025141074542,0.903988610326861
"null",4000,2491,25,0,160,175.746246015063,0.34472798257227,175.401518032491,157.892670766622,157.976883625072,2.10532146125149,17.5419685904585,17.5269021864776,17.5271218401653,1.01776349423814,0.99416509671983,0.158564181058479
"null",4000,2491,25,1,160,168.668689388125,0.360237096102276,168.308452292022,157.874495153538,157.958483709793,2.09971390637185,17.5395867580268,17.5243553055574,17.5271218401653,0.615418959608401,0.590604812660172,0.26615996327792
"null",4000,2491,50,0,80,88.0737378171901,0.168387640391707,87.9053501767984,77.9107638898675,77.9524734746847,2.08547924086422,12.5266451300799,12.5213927983138,12.5219806739988,0.811308520500716,0.794869777062973,0.204095301850693
"null",4000,2491,50,1,80,91.8540175734889,0.161279820709442,91.6927377527795,77.9040900327774,77.9456866254345,2.07982963285444,12.5247960523932,12.5194850450356,12.5219806739988,1.11378480594468,1.09805244208475,0.135173813372131
"null",4000,2492,2,0,2000,1997.12688248351,3.81881757714246,1993.30806490637,1997.46220628584,1998.73099019274,2.53756781380716,45.3995638227834,44.7213543206957,44.7213595499958,-0.00738605779627541,-0.12126030995124,0.50130345472585
"null",4000,2492,2,1,2000,2004.25324981536,3.92667101344844,2000.32657880192,1997.44610219619,1998.71011850332,2.52803261425567,45.4012126544927,44.7211040922343,44.7213595499958,0.149933167445912,0.0361453575757759,0.456457397499573
"null",4000,2492,5,0,800,752.671660814525,1.55219597934226,751.119464835183,797.73057739896,798.184366513179,2.26894557109615,35.9134667577955,35.7770663173426,35.7770876399966,-1.25465238118942,-1.31550477785213,0.87287416556523
"null",4000,2492,5,1,800,770.726288445176,1.610364708809,769.115923736367,797.744196539058,798.191941788898,2.23872624920091,35.9134890513096,35.7764299677626,35.7770876399966,-0.75230529830397,-0.812714350725627,0.749811475293675
"null",4000,2492,10,0,400,372.213504773808,0.744087506694961,371.469417267113,397.841375198813,398.057153504311,2.15778305497585,26.8782643441718,26.8327593823257,26.8328157299975,-0.953479365216618,-0.990868507348177,0.818782758865598
"null",4000,2492,10,1,400,423.579552807134,0.771231201017278,422.808321606117,397.841165183804,398.056040438925,2.14875255121824,26.8779349300911,26.8321789117013,26.8328157299975,0.95760286979918,0.922484947966616,0.181035692780072
"null",4000,2492,25,0,160,151.994784458601,0.313042013068659,151.681742445532,157.900691512558,157.984586212724,2.09736750413846,17.5380455354135,17.5269095012093,17.5271218401653,-0.336748301971965,-0.359609534513591,0.619650432050536
"null",4000,2492,25,1,160,126.585308177426,0.338463184788909,126.246844992637,157.903424377962,157.987048233424,2.09059638654546,17.5376821056798,17.526477761606,17.5271218401653,-1.78576142570135,-1.81098585080896,0.968695696438029
"null",4000,2492,50,0,80,69.8951569015548,0.156845459340412,69.7383114422144,77.9208467424592,77.9623550351838,2.07541463622918,12.5252732606186,12.5213959976613,12.5219806739988,-0.640759660401057,-0.656799257407519,0.73203080337629
"null",4000,2492,50,1,80,59.8335373901451,0.171675898322603,59.6618614918225,77.9244151265735,77.9658130085145,2.06989409704888,12.5249959347223,12.5210939389568,12.5219806739988,-1.44438192480974,-1.46184922866389,0.937145011696506
"null",4000,2493,2,0,2000,2086.82647007105,-8.86601265940524,2095.69248273045,1997.47750902208,1998.73865279484,2.52228754553706,45.3139099974465,44.7213555281627,44.7213595499958,1.9717777842169,2.16795373911578,0.0814505197173996
"null",4000,2493,2,1,2000,2007.471606359,-9.3172870380707,2016.78889339707,1997.06540414348,1998.31973036862,2.50865245026894,45.3118095801229,44.717484071124,44.7213595499958,0.229657617118963,0.413018831718703,0.436385252963748
"null",4000,2493,5,0,800,826.281348897794,-3.56470425463523,829.846053152429,797.746467915629,798.197083412703,2.25307748537228,35.896154461861,35.777067665567,35.7770876399966,0.794928632605566,0.884616090831449,0.236883070043787
"null",4000,2493,5,1,800,827.68904188982,-3.61533071990304,831.304372609723,797.494345025121,797.942899922276,2.24277448577468,35.8873803029777,35.7670768965565,35.7770876399966,0.841373669790933,0.932742499028739,0.226395011149879
"null",4000,2493,10,0,400,378.71241941751,-1.84739295569507,380.559812373205,397.840269239994,398.056160792492,2.15891552498282,26.8724847632754,26.8327617025531,26.8328157299975,-0.711800564442943,-0.652051719954802,0.748974899355525
"null",4000,2493,10,1,400,399.990846139865,-1.79258033364853,401.783426473513,397.705291745657,397.919871657037,2.14579911380131,26.8637590672405,26.8234861056676,26.8328157299975,0.0850794703930719,0.144036267368689,0.462527270975917
"null",4000,2493,25,0,160,173.055840030319,-0.7333636597989,173.789203690118,157.900654636967,157.984554370523,2.09749333890789,17.5366373645427,17.5269196673346,17.5271218401653,0.864201333375036,0.90173570824601,0.195257640641969
"null",4000,2493,25,1,160,170.517180452869,-0.72033565807599,171.237516110945,157.842205730754,157.925918235833,2.09281262696107,17.5300497514304,17.5201754737586,17.5271218401653,0.723042712476069,0.759786789524462,0.234643627771109
"null",4000,2493,50,0,80,92.7411736681363,-0.408877671118699,93.150051339255,77.9187721268732,77.9603237457717,2.07758094492706,12.5247926802986,12.5214108213075,12.5219806739988,1.1834448616925,1.21310032952798,0.121856282856792
"null",4000,2493,50,1,80,87.1641121140363,-0.358390616607459,87.5225027306437,77.8915550590885,77.9330104010916,2.07276710015523,12.5198972723363,12.5164579337392,12.5219806739988,0.740625649975273,0.766150645839089,0.223714320669186
"null",4000,2494,2,0,2000,1970.83239480072,-7.41887196226388,1978.25126676298,1997.49194612353,1998.74586947616,2.50784670525397,45.3935888325323,44.7213555364129,44.7213595499958,-0.587297722177667,-0.458273289513593,0.663187288755129
"null",4000,2494,2,1,2000,2062.55642230695,-6.91367762995514,2069.4700999369,1996.98058806368,1998.2358177399,2.51045935244637,45.3746972950241,44.7162318708251,44.7213595499958,1.44520709012997,1.59302962742437,0.153636788855632
"null",4000,2494,5,0,800,754.909464025624,-3.00492739557502,757.914391421199,797.772476572184,798.217887540266,2.22705484041138,35.9122599098833,35.7770673846187,35.7770876399966,-1.19354818254597,-1.12651760094776,0.86035094888057
"null",4000,2494,5,1,800,756.89402214941,-2.46917970192674,759.363201851337,797.449859026441,797.895269841791,2.22705407675269,35.8962623374338,35.7646437093336,35.7770876399966,-1.12980667724666,-1.07737877395375,0.848587224404858
"null",4000,2494,10,0,400,375.070308124856,-1.46788615834726,376.538194283203,397.856085032173,398.070393132639,2.14308100465623,26.8778620147197,26.8327605457042,26.8328157299975,-0.847752581467937,-0.80245932254194,0.7896270234244
"null",4000,2494,10,1,400,360.32767998838,-1.18017750799158,361.507857496372,397.677757373998,397.891991686594,2.14234312595596,26.8653212405956,26.8214822516622,26.8328157299975,-1.39027101336795,-1.35652958508539,0.912459350683934
"null",4000,2494,25,0,160,147.842690009175,-0.598526606086639,148.441216615262,157.907087831515,157.990729797889,2.09104915933431,17.5379561687218,17.5269185457963,17.5271218401653,-0.573863780107381,-0.544848380374166,0.707604281590757
"null",4000,2494,25,1,160,144.501857522868,-0.519142600246461,145.021000123114,157.826870052235,157.910712929324,2.09607192723371,17.5295961991621,17.5188704268499,17.5271218401653,-0.76014372367597,-0.735761638287762,0.771655871957703
"null",4000,2494,50,0,80,79.340538981758,-0.286508826542203,79.6270478083002,77.9295801909265,77.9709154090042,2.06676090389013,12.5252543577581,12.5214093221943,12.5219806739988,0.112649112786886,0.132264057238384,0.436419656079267
"null",4000,2494,50,1,80,73.9122565240843,-0.247922294457141,74.1601788185414,77.8855938164681,77.9270229816201,2.07145825760175,12.5190623598219,12.5153293549436,12.5219806739988,-0.317382977908605,-0.300978428633264,0.610082934149285
"null",4000,2495,2,0,2000,1911.01694676277,4.49141737658899,1906.52552938618,1997.46955718222,1998.73466792058,2.53022147673026,45.4130056047479,44.7213550060197,44.7213595499958,-1.90369717371029,-2.06185922859427,0.917113873480718
"null",4000,2495,2,1,2000,2000.40489537202,4.34760158928414,1996.05729378274,1997.48017905069,1998.73714536715,2.51393263292277,45.4138052390376,44.721300925112,44.7213595499958,0.0644014811341128,-0.0599233816767268,0.480629433201589
"null",4000,2495,5,0,800,767.937331534437,1.72129692615858,766.216034608279,797.758418226422,798.206635903329,2.24108838453864,35.9161847565917,35.777065869698,35.7770876399966,-0.830296616806187,-0.894165033308266,0.77199387434526
"null",4000,2495,5,1,800,822.503133183687,1.74379570979618,820.759337473891,797.750513688676,798.199605218783,2.24545765053856,35.9163372167055,35.7769299103909,35.7770876399966,0.689174381721159,0.630566465921262,0.266371549319661
"null",4000,2495,10,0,400,437.779121646153,0.851322322520621,436.927799323632,397.849051346424,398.06405991892,2.15008572495391,26.8791675737188,26.8327581734614,26.8328157299975,1.48553969129499,1.44836915957265,0.0824219144181516
"null",4000,2495,10,1,400,416.375943006656,0.792224773718107,415.583718232938,397.839933172202,398.055650310958,2.15717138755983,26.8791536079774,26.8326299610281,26.8328157299975,0.689605413354716,0.65323704562087,0.252993801057532
"null",4000,2495,25,0,160,147.519305802673,0.334369447272933,147.1849363554,157.900160801369,157.984079960177,2.09797897019962,17.538279173855,17.5269188946366,17.5271218401653,-0.59189700972326,-0.61614615036999,0.714107558225122
"null",4000,2495,25,1,160,146.266718035777,0.3142653984775,145.9524526373,157.900354286927,157.984232860566,2.09696434098631,17.5382203084649,17.526830848867,17.5271218401653,-0.663330488871484,-0.686477796643112,0.738712869200387
"null",4000,2495,50,0,80,88.7453162464736,0.147409729423982,88.5979065170496,77.9232171491846,77.9646785242125,2.07306875139893,12.5253564797193,12.5214003133447,12.5219806739988,0.864015256955906,0.849204380240495,0.190371114429157
"null",4000,2495,50,1,80,80.0128588178376,0.128248982284038,79.8846098355535,77.9240645246178,77.9655000014741,2.07177384281111,12.5252985798571,12.52133095795,12.5219806739988,0.166766027963507,0.153267239762638,0.415629568548064
"null",4000,2496,2,0,2000,2057.35891919001,8.37467343652508,2048.98424575348,1997.45992588104,1998.72986305197,2.53987434186023,45.3736922905452,44.7213553052429,44.7213595499958,1.32012605289886,1.12372226553737,0.173507262400663
"null",4000,2496,2,1,2000,1991.37295533562,5.90234897148143,1985.47060636413,1996.629320438,1997.89578695875,2.53293304150934,45.3457895562395,44.7129797135789,44.7213595499958,-0.115917379624958,-0.277887554670097,0.537605073514712
"null",4000,2496,5,0,800,854.103195391917,3.25051984131568,850.852675550601,797.751554956517,798.201154484483,2.2479976398301,35.908236078915,35.7770683022036,35.7770876399966,1.56932354771082,1.47165554822377,0.0823698857712517
"null",4000,2496,5,1,800,803.746719275573,2.50243050122682,801.244288774347,797.2124841246,797.662195157131,2.24855516265316,35.8822319206897,35.7562691017286,35.7770876399966,0.182102249531633,0.100180855195621,0.436368617461872
"null",4000,2496,10,0,400,422.684582566182,1.65929361159907,421.025288954583,397.851094467628,398.065905347735,2.14810880106922,26.8765199843121,26.8327629027374,26.8328157299975,0.923984508152464,0.855647392334177,0.189166017044903
"null",4000,2496,10,1,400,376.925970389195,1.35933100088663,375.566639388308,397.547290947027,397.761885989275,2.14595042247906,26.8554249997936,26.8134763318775,26.8328157299975,-0.767864241880035,-0.827764603375211,0.769383306737609
"null",4000,2496,25,0,160,170.833327884456,0.653350860543581,170.179977023913,157.911455885857,157.994925125731,2.08673099685782,17.5376318695026,17.5269242903876,17.5271218401653,0.736808258649253,0.695219063898431,0.229489551274211
"null",4000,2496,25,1,160,163.340715102079,0.504737609729991,162.835977492349,157.779512955679,157.863021135727,2.08770450121785,17.5231644716836,17.5129021278089,17.5271218401653,0.317362891582002,0.283959581360602,0.368990333135885
"null",4000,2496,50,0,80,82.2212797674997,0.371960870962802,81.8493188965369,77.9298904206902,77.9712215149862,2.06655471479832,12.5251526165868,12.5214254346747,12.5219806739988,0.342621721121899,0.309716924944609,0.350032040494324
"null",4000,2496,50,1,80,80.0772743315762,0.330851813936489,79.7464225176397,77.8590082541689,77.9004274114599,2.07095786455244,12.5147036603445,12.5111349550159,12.5219806739988,0.177252785012906,0.147548173112757,0.41365510970895
"null",4000,2497,2,0,2000,2016.93184160976,1.98509405758756,2014.94674755217,1997.45802858507,1998.72892230004,2.54178742995113,45.1230873132038,44.7213564602868,44.7213595499958,0.431570935949625,0.362641622163998,0.378628091249356
"null",4000,2497,2,1,2000,2034.84570751395,1.51130875141531,2033.33439876254,1997.07627210849,1998.34688758547,2.54123095395173,45.1097244929001,44.7179354886234,44.7213595499958,0.837279230366447,0.782404437833847,0.27764268703117
"null",4000,2497,5,0,800,792.157396995196,0.789499968349769,791.367897026846,797.764132572456,798.211222261609,2.23544844576217,35.8576802911101,35.7770700387024,35.7770876399966,-0.156360800022262,-0.191276849316051,0.551680276250633
"null",4000,2497,5,1,800,811.33422495525,0.625725148674547,810.708499806576,797.495769805679,797.946810864496,2.25520529408778,35.8458474323995,35.7676752533906,35.7770876399966,0.386054623918956,0.356793916620831,0.363695796791563
"null",4000,2497,10,0,400,396.122581643722,0.381642001442206,395.74093964228,397.856151777733,398.070462599188,2.14310821454792,26.8596483376423,26.8327675142851,26.8328157299975,-0.0645418030875995,-0.0868163507795871,0.517151914305358
"null",4000,2497,10,1,400,375.02280225745,0.243273070269914,374.77952918718,397.696516764233,397.912790315429,2.1627355119675,26.8500601480321,26.8240219217943,26.8328157299975,-0.844456749138587,-0.862408373945366,0.790132049305145
"null",4000,2497,25,0,160,155.891566024586,0.192129035703906,155.699436988882,157.912856028589,157.996274996194,2.08547419012712,17.5335160184355,17.5269406884099,17.5271218401653,-0.115281498695278,-0.131046144797576,0.532511358858397
"null",4000,2497,25,1,160,153.881608233702,0.120546745046383,153.761061488655,157.841972857206,157.925813036747,2.09600448852149,17.5268636226174,17.5204988754076,17.5271218401653,-0.225959687299336,-0.23770736082965,0.577744014987625
"null",4000,2497,50,0,80,76.2468461548254,0.124616789687081,76.1222293651384,77.9306880915728,77.9720111270069,2.06615177170683,12.5237763640432,12.5214883815596,12.5219806739988,-0.134451613299466,-0.147728585093185,0.535030382817804
"null",4000,2497,50,1,80,72.6121103483256,0.0537924811460609,72.5583178671795,77.8895761437001,77.9311105207156,2.07671885077399,12.5189808363,12.5167672142779,12.5219806739988,-0.42155714306008,-0.429247629324553,0.650994833385019
"null",4000,2498,2,0,2000,2019.49372210847,6.2205594829773,2013.27316262549,1997.46687268316,1998.73333288465,2.53292040297088,45.3682584997821,44.7213555244515,44.7213595499958,0.485512341749081,0.325120506083375,0.363416656837507
"null",4000,2498,2,1,2000,2029.24841145275,6.12097308357452,2023.12743836918,1997.46238366996,1998.71808586396,2.5114043880021,45.3694518768671,44.721109138868,44.7213595499958,0.700604183384461,0.545812771088071,0.30772580800681
"null",4000,2498,5,0,800,817.03097238796,2.42597325346467,814.604999134495,797.757771808969,798.206121506596,2.24174848813208,35.907138874529,35.7770667949487,35.7770876399966,0.536751219481385,0.458362831192609,0.312317944008763
"null",4000,2498,5,1,800,819.221393333625,2.58357765448861,816.637815679136,797.745714175522,798.193266245085,2.23776034781357,35.9070258887269,35.7764511926397,35.7770876399966,0.598091282320458,0.515550000606147,0.293491207115218
"null",4000,2498,10,0,400,403.023402090874,1.19500334790115,401.828398742973,397.850651720142,398.06550465819,2.14852938047351,26.876153254535,26.8327615865388,26.8328157299975,0.192466173330046,0.14023506572918,0.420383057061871
"null",4000,2498,10,1,400,411.666110381353,1.24018893894397,410.425921442409,397.837265131119,398.05256369948,2.15298568361334,26.8757851523931,26.8322002115002,26.8328157299975,0.514546651263245,0.461138395114758,0.307653640145746
"null",4000,2498,25,0,160,165.57768630022,0.451856013271229,165.125830286949,157.910848644494,157.994340539671,2.08729737943183,17.5375388399088,17.5269197643654,17.5271218401653,0.43716725167155,0.406887795639753,0.323830239269015
"null",4000,2498,25,1,160,143.886460861935,0.41067024463019,143.475790617304,157.899860113253,157.983636209611,2.09440240894708,17.5371750187427,17.5265045652862,17.5271218401653,-0.79906822144054,-0.827766057873356,0.78262860869714
"null",4000,2498,50,0,80,66.7154741813129,0.231322981108944,66.4841512002039,77.9234723723293,77.9649310700755,2.07293488730856,12.5251181452637,12.521419729124,12.5219806739988,-0.894841714148193,-0.91689122465626,0.81515842922735
"null",4000,2498,50,1,80,68.3879590003424,0.203918471890275,68.1840405284521,77.9232356855444,77.9646586673581,2.0711490906812,12.5248239171222,12.5211068301197,12.5219806739988,-0.761310238634714,-0.781130476051729,0.77328270751256
"null",4000,2499,2,0,2000,2035.33353518459,11.5169332093004,2023.81660197529,1997.49221953888,1998.74600466,2.50757024224937,45.3711306673075,44.7213553578548,44.7213595499958,0.83403951122994,0.560595650884778,0.275092938195631
"null",4000,2499,2,1,2000,1993.79173893287,11.1608179906073,1982.63092094226,1997.43255353914,1998.69352884409,2.52195060989307,45.3721682647172,44.7209369573427,44.7213595499958,-0.0802433462079053,-0.35917422564613,0.522357071806238
"null",4000,2499,5,0,800,826.156785979719,4.51221352584172,821.644572453877,797.758934093463,798.20705573936,2.24060822948405,35.9077180268544,35.7770675071937,35.7770876399966,0.790856491214993,0.655098876111196,0.237824402759704
"null",4000,2499,5,1,800,772.75888077169,4.57124634410406,768.187634427586,797.727648096381,798.176281579969,2.24316741793967,35.9071754660024,35.77596598503,35.7770876399966,-0.695369852979161,-0.838234449488558,0.732987159768445
"null",4000,2499,10,0,400,435.058467456271,2.22836870672664,432.830098749545,397.846847586822,398.062083626117,2.15236039294897,26.8763486306894,26.8327632434167,26.8328157299975,1.38454893485638,1.29572995550349,0.0970973690035808
"null",4000,2499,10,1,400,426.529754277454,2.25861967244338,424.27113460501,397.827569996359,398.043124160201,2.15554163841758,26.8755537907912,26.8317524745969,26.8328157299975,1.06796624562688,0.977498971401173,0.155887399975836
"null",4000,2499,25,0,160,151.524142057516,0.897105668216355,150.627036389299,157.906154507316,157.989834837475,2.09200825397215,17.5375853813842,17.5269212881071,17.5271218401653,-0.363904854118328,-0.420085098069772,0.629961418314488
"null",4000,2499,25,1,160,144.518365432814,0.915467289471562,143.602898143342,157.892257464697,157.976220845217,2.09908451299318,17.5369147077344,17.5261919762627,17.5271218401653,-0.762613735355903,-0.820105287066442,0.771357744350659
"null",4000,2499,50,0,80,77.3277563575278,0.467737157599762,76.860019199928,77.9300056657211,77.9713347727799,2.06645535294278,12.5251397440099,12.5214276662466,12.5219806739988,-0.048083240626621,-0.0887531040767507,0.50021185672941
"null",4000,2499,50,1,80,79.5770964614043,0.463521561514707,79.1135748998896,77.9200181804255,77.9614778262603,2.07298229174032,12.5246260796236,12.5208921988639,12.5219806739988,0.132305609001352,0.0920139759476432,0.429068130252566
"null",4000,2500,2,0,2000,2021.87366242274,0.989256054560752,2020.88440636818,1997.48595716156,1998.74288684054,2.51385935797028,45.0872700211619,44.7213566498594,44.7213595499958,0.540900020110701,0.495099459996079,0.349486638210583
"null",4000,2500,2,1,2000,1925.28084389864,1.61337096902504,1923.66747292961,1996.90258523253,1998.17483755999,2.54450465491853,45.070896549336,44.7166936186144,44.7213595499958,-1.58909067307986,-1.6662091626418,0.87575966940033
"null",4000,2500,5,0,800,905.110345139529,0.404670430358373,904.705674709171,797.766490213443,798.213107825742,2.23308806149757,35.8504689823274,35.7770700179925,35.7770876399966,2.99421061908567,2.97655919922657,0.00485116032719431
"null",4000,2500,5,1,800,821.724342046618,-0.0599819434217561,821.78432399004,797.389444044737,797.838177372387,2.24366663824917,35.8337598135271,35.7632219881422,35.7770876399966,0.679105350053016,0.669574643626706,0.272684555485627
"null",4000,2500,10,0,400,417.837088390109,0.235023129328631,417.60206526078,397.852343192924,398.067035187887,2.14691994962756,26.8572414714011,26.832767740875,26.8328157299975,0.744110120857545,0.728028888467404,0.237215098438048
"null",4000,2500,10,1,400,422.494638065347,0.191551543201873,422.303086522145,397.642384946828,397.857494707614,2.15109760786284,26.8434499429908,26.8199210792054,26.8328157299975,0.925821873540821,0.911471429850122,0.190921551890598
"null",4000,2500,25,0,160,157.844889935096,0.0836120999460767,157.76127783515,157.912380532361,157.995820416242,2.08599709703175,17.5329307250266,17.5269460480441,17.5271218401653,-0.00384936199907347,-0.0133818282118121,0.488516486903122
"null",4000,2500,25,1,160,178.25197780098,0.0708627297214419,178.181115071258,157.815653144106,157.899457982889,2.09512096957617,17.5233583122097,17.5175994398688,17.5271218401653,1.16623333796894,1.15778746728333,0.129014898538641
"null",4000,2500,50,0,80,97.6632906681928,0.0468558778872928,97.6164347903055,77.9258032492317,77.9672253163176,2.07110335429222,12.5235805248214,12.5214990852426,12.5219806739988,1.57602591206579,1.5692377837687,0.0653957058163718
"null",4000,2500,50,1,80,109.837230128386,0.0315442547884846,109.805685873598,77.8800618536281,77.9214958543591,2.07170003655003,12.516524719202,12.5145228837044,12.5219806739988,2.55319819132636,2.54777511819938,0.0102075439619948
