"scen","n","rep","m","oracle","G","HL","C","EF","mu","muEF","d","sdHL","sdEF","sdEF_simple","zHL","zEF","pHL_chisq"
"null",16000,1401,2,0,8000,7800.8468017369,12.1228685439078,7788.72393319299,7997.46652009151,7998.73323469553,2.53342920804535,90.4623573251348,89.4427185939077,89.4427190999916,-2.17349762009771,-2.34797538361993,0.94138906263835
"null",16000,1401,2,1,8000,7922.37767603989,11.622990438597,7910.75468560129,7997.44743964807,7998.70933188725,2.52378447836075,90.4605695837135,89.4425910259658,89.4427190999916,-0.829861717139751,-0.983364248251979,0.723924947361699
"null",16000,1401,5,0,3200,3133.45898321244,4.81949684042786,3128.63948637201,3197.74869948673,3198.19893748451,2.25118998887686,71.7589683595491,71.5541729020902,71.5541752799933,-0.895911936082647,-0.97212291458781,0.789347297932924
"null",16000,1401,5,1,3200,3122.73623723948,4.8593851303067,3117.87685210917,3197.74354790976,3198.19114010775,2.23796098996491,71.7581101158022,71.5538239671638,71.5541752799933,-1.04527990702702,-1.12243180791339,0.826448772792594
"null",16000,1401,10,0,1600,1585.71299098996,2.41952805341922,1583.29346293654,1597.84069812364,1598.05660884278,2.15910719143135,53.7339435630542,53.6656250392757,53.665631459995,-0.22569918248127,-0.275095014647343,0.581643877779645
"null",16000,1401,10,1,1600,1494.5888128658,2.45437564903936,1492.13443721676,1597.83520303491,1598.05064754533,2.15444510418578,53.7334394568249,53.6653071776659,53.665631459995,-1.92145507923566,-1.97364397781097,0.968441934327311
"null",16000,1401,25,0,640,582.945735401653,0.950212659798411,581.995522741854,637.897146091045,637.981242749558,2.10241646281573,35.0709594566462,35.0542198797189,35.0542436803306,-1.56686362565365,-1.5971178420118,0.941690905099946
"null",16000,1401,25,1,640,534.240646662782,0.946041430438364,533.294605232344,637.896442394458,637.980393287777,2.09877233297206,35.0706792383658,35.0539877444908,35.0542436803306,-2.95562555339051,-2.98641594840764,0.998893710845121
"null",16000,1401,50,0,320,295.068183825924,0.480072070236016,294.588111755688,317.91731137405,317.958948384576,2.08185052632586,25.0497524829056,25.0438959823594,25.0439613479976,-0.912149833165775,-0.933194924837213,0.81740763416526
"null",16000,1401,50,1,320,253.511301217997,0.485018265406425,253.02628295259,317.916156702521,317.957772648353,2.08079729159666,25.0495644428204,25.0437252957928,25.0439613479976,-2.57109682012788,-2.59272488133666,0.996803842923755
"null",16000,1402,2,0,8000,7902.10843572951,-11.6010120296138,7913.70944775912,7997.47033678995,7998.73514393242,2.52961428493423,90.275764516408,89.4427186273051,89.4427190999916,-1.05633999968076,-0.950616187412467,0.775163157985154
"null",16000,1402,2,1,8000,8011.10205324279,-11.9847777780965,8023.08683102088,7997.31347248061,7998.5825895851,2.5382342089713,90.2775209259458,89.4420964274056,89.4427190999916,0.152735482994562,0.273967655215632,0.456677509770547
"null",16000,1402,5,0,3200,3192.81678502385,-4.64392618483951,3197.46071120869,3197.74818148231,3198.19852345366,2.25170985679104,71.7213606029086,71.554172946769,71.5541752799933,-0.0687577092374733,-0.0103112399261242,0.522531558348376
"null",16000,1402,5,1,3200,3230.50742635171,-4.64120584926712,3235.14863220098,3197.65014367626,3198.10092106137,2.25388692552425,71.7204584646337,71.552364770441,71.5541752799933,0.458129847171114,0.517770604206668,0.339645886910724
"null",16000,1402,10,0,1600,1540.96680374605,-2.33143959870531,1543.29824334476,1597.83816505124,1598.05432933845,2.16164287210548,53.721389111039,53.665625136556,53.665631459995,-1.05863534518139,-1.02031954075561,0.843578538751163
"null",16000,1402,10,1,1600,1627.47001527302,-2.32871712245298,1629.79873239547,1597.78810660111,1598.00386098452,2.15754383410202,53.7200587458156,53.6639345760648,53.665631459995,0.552529341271817,0.592481182420284,0.298093592036387
"null",16000,1402,25,0,640,582.525084665799,-0.94002322871022,583.465107894509,637.89811652267,637.982174490407,2.10144919342182,35.067882257243,35.0542200410508,35.0542436803306,-1.57902411815684,-1.55522121251178,0.943133957308884
"null",16000,1402,25,1,640,638.172273601187,-0.914507626804857,639.086781227992,637.873715676061,637.957824731296,2.10272638087026,35.0667453372221,35.0529864160553,35.0542436803306,0.0085139901708687,0.0322071415911749,0.490631154832413
"null",16000,1402,50,0,320,287.52837839149,-0.466525815492579,287.994904206983,317.91621295184,317.957872111489,2.08295798240949,25.0486757949871,25.043896658525,25.0439613479976,-1.21315133818098,-1.19641796614371,0.88924592006351
"null",16000,1402,50,1,320,313.200844305579,-0.451413819413877,313.652258124993,317.907337279853,317.948937441901,2.08000810239384,25.047797133695,25.0429829405052,25.0439613479976,-0.187900474806343,-0.171572185594499,0.56544626995591
"null",16000,1403,2,0,8000,7984.18328634143,-17.3077622365527,8001.49104857798,7997.47261032645,7998.73627861972,2.52733658655078,90.6803429539774,89.4427185685354,89.4427190999916,-0.146551320298422,0.030799264628204,0.541429382745921
"null",16000,1403,2,1,8000,8216.90138644102,-17.5480668184787,8234.44945325949,7997.45911527279,7998.72046961451,2.52270868342272,90.6816177286729,89.4426334342309,89.4427190999916,2.41992011903461,2.6355326827259,0.0426707816845003
"null",16000,1403,5,0,3200,3145.90831862959,-6.92711366238292,3152.83543229198,3197.74222004793,3198.19375302023,2.25766486150206,71.8029759736546,71.5541727703899,71.5541752799933,-0.721890711568153,-0.633901825317731,0.741045741753117
"null",16000,1403,5,1,3200,3164.89320773776,-6.86370285828386,3171.75691059604,3197.73268627229,3198.18386697284,2.2559035027657,71.8032047024878,71.5539567088096,71.5541752799933,-0.457353939432054,-0.369329071267764,0.658017377848688
"null",16000,1403,10,0,1600,1527.00623855184,-3.46791451953542,1530.47415307137,1597.83976766944,1598.05577054478,2.16002875341014,53.7486382774486,53.6656247143993,53.665631459995,-1.31786648718356,-1.25930924745712,0.89671375542062
"null",16000,1403,10,1,1600,1555.6205493272,-3.44031410900864,1559.06086343621,1597.83464284866,1598.05051963971,2.15876791051597,53.7486078945229,53.6654242512616,53.665631459995,-0.785398825664419,-0.726532152637965,0.771728342357919
"null",16000,1403,25,0,640,619.379232242885,-1.38634022832613,620.765572471211,637.89538994996,637.979555633296,2.10414208340685,35.0745600974094,35.0542181483562,35.0542436803306,-0.527908479982401,-0.491067382796327,0.69417888213279
"null",16000,1403,25,1,640,651.287514623241,-1.38615570629503,652.673670329536,637.897790064294,637.981750206393,2.09900355247376,35.074458331722,35.0540718043465,35.0542436803306,0.38175142812788,0.419121641706716,0.348985867998768
"null",16000,1403,50,0,320,316.26215801654,-0.696824273901686,316.958982290441,317.91541433408,317.957087677222,2.0836671570664,25.051006538425,25.0438895928957,25.0439613479976,-0.0659956044083356,-0.0398542480024083,0.516983725200434
"null",16000,1403,50,1,320,281.613799438327,-0.713253490791439,282.327052929119,317.918247165401,317.959836049691,2.07944421452528,25.0509148422888,25.0437820935378,25.0439613479976,-1.44922642369081,-1.42281956405326,0.929911083537752
"null",16000,1404,2,0,8000,8156.59725961925,18.1751708557176,8138.42208876353,7997.47710589529,7998.73852766778,2.52284354497956,90.597194232461,89.4427185665485,89.4427190999916,1.75634747932346,1.56170969906089,0.10545873429054
"null",16000,1404,2,1,8000,8127.54684186121,17.9494743862797,8109.59736747493,7997.46526770953,7998.72658921539,2.52264301173429,90.5960183813311,89.4426641327341,89.4427190999916,1.43584206542231,1.23957374631649,0.1529008131554
"null",16000,1404,5,0,3200,3197.98948024621,7.29882420903568,3190.69065603717,3197.75132750293,3198.20103949197,2.24855994521754,71.7861812189187,71.5541728329979,71.5541752799933,0.00331752907369194,-0.104960803227011,0.496726903493858
"null",16000,1404,5,1,3200,3300.37555933636,7.28143086568882,3293.09412847067,3197.74719137047,3198.19620703013,2.24507829833762,71.7856852138514,71.5540278038762,71.5541752799933,1.42964948596873,1.32624150384164,0.101154878454522
"null",16000,1404,10,0,1600,1639.71342715975,3.63425232574152,1636.07917483401,1597.84360663495,1598.05922594671,2.15619311763955,53.743028938681,53.6656248282422,53.665631459995,0.779074446521735,0.708460005990475,0.228649830423179
"null",16000,1404,10,1,1600,1691.81034070327,3.57958096385081,1688.23075973942,1597.84271192789,1598.05799428626,2.15282358375061,53.7427658748751,53.6654912549783,53.665631459995,1.74847027773292,1.6802746670988,0.0505318016586758
"null",16000,1404,25,0,640,660.233477371281,1.45214953557174,658.781327835709,637.899850880054,637.98383887895,2.09969997239624,35.0731863505575,35.0542191944292,35.0542436803306,0.636772099004691,0.593294885314824,0.263059299172937
"null",16000,1404,25,1,640,713.866389038009,1.43770965410627,712.428679383903,637.898835250831,637.982790590007,2.0988834794146,35.0730544916289,35.0541213441894,35.0542436803306,2.16598054798194,2.12374140155808,0.0195302274523434
"null",16000,1404,50,0,320,336.292480653802,0.738022039048835,335.554458614753,317.92052423176,317.962096338387,2.07860533136771,25.0505291674955,25.0438933969771,25.0439613479976,0.733395941427097,0.702461154801497,0.230196658776582
"null",16000,1404,50,1,320,362.971776701275,0.710735709475904,362.261040991799,317.919124610022,317.960706094738,2.0790742358035,25.0504451078855,25.0438214437176,25.0439613479976,1.79847710877886,1.76891274347328,0.0416685160923644
"null",16000,1405,2,0,8000,8190.80969763067,17.8890285031547,8172.92066912751,7997.4799945122,7998.73997188339,2.51995474238759,90.6021123043059,89.4427186054906,89.4427190999916,2.13383218339468,1.94739940779737,0.0645494641857044
"null",16000,1405,2,1,8000,8000.91055271643,17.9714880770905,7982.93906463934,7996.78535429735,7998.04908731298,2.52746603124881,90.5868219801109,89.4394736273327,89.4427190999916,0.0455386150977463,-0.168941319317175,0.48871900958414
"null",16000,1405,5,0,3200,3204.65469737137,7.17979251165286,3197.47490485972,3197.76462662975,3198.21167864323,2.23526006738552,71.7871735404023,71.5541728295604,71.5541752799933,0.0959791339011411,-0.0102967270024363,0.463552938060818
"null",16000,1405,5,1,3200,3160.04346657667,6.4465372683135,3153.59692930836,3197.31791679205,3197.76574848586,2.23915846903427,71.7754409859954,71.5457154163598,71.5541752799933,-0.519320392927338,-0.617351003067906,0.680161853526207
"null",16000,1405,10,0,1600,1627.53466614207,3.56986328609298,1623.96480285597,1597.85438655905,1598.06892771032,2.14541151271015,53.7433608610705,53.6656247796705,53.665631459995,0.552259462517435,0.482541203088004,0.297702056076222
"null",16000,1405,10,1,1600,1514.92499053342,3.38914144223331,1511.53584909119,1597.60651943149,1597.82094436661,2.14424935120089,53.734394192695,53.6578145140797,53.665631459995,-1.53870775208833,-1.60806205129325,0.931083940378116
"null",16000,1405,25,0,640,650.128955526062,1.40581651512801,648.723139010934,637.908865392953,637.992492388183,2.09067488075192,35.0732672130435,35.0542186230765,35.0542436803306,0.34841607594983,0.306115698602001,0.360900610701467
"null",16000,1405,25,1,640,583.635529461037,1.35078135067593,582.284748110361,637.800852012006,637.884570164537,2.09295381327657,35.0673232560526,35.048567822138,35.0542436803306,-1.54460955446949,-1.58636502171301,0.939264053563693
"null",16000,1405,50,0,320,324.881595891074,0.679922596228774,324.201673294845,317.931108731135,317.972468912678,2.06800907714943,25.0505569481127,25.0438924858387,25.0439613479976,0.277458388423694,0.248731477572423,0.383110770061333
"null",16000,1405,50,1,320,298.631934786394,0.664108923324645,297.967825863069,317.872942716239,317.914382645082,2.07199644215409,25.046262460571,25.0397025716407,25.0439613479976,-0.768218729646213,-0.796597192995581,0.775651266872601
"null",16000,1406,2,0,8000,7860.29300908877,-13.5070384235867,7873.80004751235,7997.46714110338,7998.73354538133,2.53280855590399,90.477822531487,89.4427186169436,89.4427190999916,-1.516107795,-1.39679897705292,0.862107992753265
"null",16000,1406,2,1,8000,7972.34549763873,-15.2509312362286,7987.59642887496,7996.72348347845,7997.99146699398,2.53596703107022,90.4616042658154,89.4392882684406,89.4427190999916,-0.269484341313297,-0.116224517438288,0.578394034987562
"null",16000,1406,5,0,3200,3117.47864323337,-5.37919348079962,3122.85783671417,3197.75213442527,3198.20168533455,2.24775454641302,71.7620882428252,71.5541728810744,71.5541752799933,-1.11860584268781,-1.05296233031174,0.843045708527187
"null",16000,1406,5,1,3200,3115.83672929447,-5.40501141097759,3121.24174070545,3197.27112780189,3197.72120019783,2.25036197969711,71.7494686479674,71.5450529124296,71.5541752799933,-1.13498260045623,-1.06896922119821,0.848011103009043
"null",16000,1406,10,0,1600,1500.34543326171,-2.69687887481254,1503.04231213652,1597.84708720633,1598.06235889824,2.15271691907336,53.7349850500821,53.6656250044425,53.665631459995,-1.8144911337324,-1.77059424452516,0.960115538330806
"null",16000,1406,10,1,1600,1516.53008421705,-2.77007102720587,1519.30015524426,1597.57537396048,1597.79084378727,2.15469826793585,53.7252972321153,53.6571717250742,53.665631459995,-1.50851263592415,-1.46281822204832,0.927096258636961
"null",16000,1406,25,0,640,555.829917489628,-1.07312749345688,556.903044983085,637.905805061957,637.989555045098,2.09374957850752,35.0712140768201,35.0542194340591,35.0542436803306,-2.34026365305032,-2.31317403071961,0.99153809910717
"null",16000,1406,25,1,640,565.561548318728,-1.13862383170638,566.700172150434,637.787851712925,637.871702587003,2.0962718519377,35.0647372122987,35.0480528954434,35.0542436803306,-2.05979879321226,-2.0306842907619,0.981749901979776
"null",16000,1406,50,0,320,250.220925730865,-0.513443682605496,250.734369413471,317.924973277614,317.966456503375,2.0741612880252,25.0498392317152,25.0438938058721,25.0439613479976,-2.70277373521144,-2.68457004374215,0.998008893183672
"null",16000,1406,50,1,320,266.80659686678,-0.521041928844741,267.327638795624,317.86327489226,317.904813045217,2.07690764782632,25.0451718679995,25.0393358088081,25.0439613479976,-2.03858365574709,-2.01990878016025,0.983148369816165
"null",16000,1407,2,0,8000,8002.28711501266,-0.156759140347452,8002.44387415301,7997.45976115632,7998.72985503328,2.54018775393302,90.7103448002327,89.4427185596259,89.4427190999916,0.0532172363248999,0.0415239963580915,0.484380726269539
"null",16000,1407,2,1,8000,8096.02686498125,-0.60282444457864,8096.62968942582,7997.15496083651,7998.42423062766,2.5385395823076,90.7127057996119,89.441325913549,89.4427190999916,1.08994548529014,1.09798751075186,0.218523628607587
"null",16000,1407,5,0,3200,3174.01461639152,-0.0532108911975079,3174.06782728272,3197.75242176589,3198.20191438782,2.2474631096282,71.8090395972065,71.5541727660124,71.5541752799933,-0.330568484239911,-0.337284132737038,0.614980098687821
"null",16000,1407,5,1,3200,3190.48699804004,-0.402688113651755,3190.88968615369,3197.54996323949,3198.00019089648,2.2511382849501,71.8067606523846,71.5503774695515,71.5541752799933,-0.0983607272529971,-0.0993775993119608,0.534138746729749
"null",16000,1407,10,0,1600,1586.26460178553,-0.0343697441083221,1586.29897152963,1597.8490246848,1598.06410171185,2.1507702705333,53.7506633572195,53.6656246542266,53.665631459995,-0.215521487098384,-0.219230284898788,0.577810182586566
"null",16000,1407,10,1,1600,1567.44924906607,-0.194282085957147,1567.64353115202,1597.72896904839,1597.94488615784,2.1591710945124,53.7477646230554,53.6621219533155,53.665631459995,-0.563367057117248,-0.564669340362215,0.702662959786087
"null",16000,1407,25,0,640,613.460523918157,-0.0211629149722822,613.48168683313,637.900296973214,637.98426636046,2.09923468115194,35.0750567093001,35.0542181236321,35.0542436803306,-0.696784990473769,-0.698990901491875,0.750879244877209
"null",16000,1407,25,1,640,594.857150908291,-0.0515795407910848,594.908730449082,637.853121355326,637.937063031153,2.09854189567421,35.0726623318861,35.0516601640198,35.0542436803306,-1.22591122510667,-1.22756903327047,0.888263892697645
"null",16000,1407,50,0,320,316.745995616292,-0.0474121143575206,316.79340773065,317.918156205585,317.959775169312,2.08094818635571,25.0511823150294,25.0438913946433,25.0439613479976,-0.0467906294622001,-0.0465729315098212,0.509311378945313
"null",16000,1407,50,1,320,301.359526578446,-0.0230312259109414,301.382557804357,317.89520958939,317.936798803121,2.07946068652653,25.0493517798464,25.0420019101479,25.0439613479976,-0.660124188293287,-0.661059010304421,0.740586827741414
"null",16000,1408,2,0,8000,8101.52286759375,5.05890610015302,8096.4639614936,7997.45881105986,7998.72938068371,2.54113924770182,90.5334301996231,89.4427186180306,89.4427190999916,1.14945447559461,1.09270583810478,0.206027446844304
"null",16000,1408,2,1,8000,8073.1320004034,5.51349566207292,8067.61850474133,7997.37222501967,7998.63027454866,2.51609905796574,90.5290172864973,89.4422163123967,89.4427190999916,0.836856266140292,0.771316197618753,0.275099511867358
"null",16000,1408,5,0,3200,3207.6328773445,2.04030388291634,3205.59257346159,3197.75005462431,3198.20002174081,2.24983558251033,71.7733086573751,71.5541729118411,71.5541752799933,0.137694957987412,0.103314054512018,0.448812607079502
"null",16000,1408,5,1,3200,3217.14433701745,2.31592029074214,3214.82841672671,3197.68951314899,3198.13757939035,2.24033120682373,71.7708286665155,71.552840231933,71.5541752799933,0.271068681105214,0.233265895277552,0.40236320444812
"null",16000,1408,10,0,1600,1634.46768073701,1.01205184152017,1633.45562889549,1597.84287420713,1598.05856719971,2.15692992576667,53.7387311281878,53.6656249881987,53.665631459995,0.681534635466313,0.659585380838459,0.257202265470303
"null",16000,1408,10,1,1600,1608.24840110491,1.18700275286354,1607.06139835205,1597.8101618941,1598.02521284934,2.15050955238226,53.7370863442806,53.6643991963921,53.665631459995,0.194246467773489,0.168383241739923,0.42360414987985
"null",16000,1408,25,0,640,687.902252390102,0.408668301041192,687.493584089061,637.897688846615,637.981763584074,2.10186843647759,35.0721328059361,35.0542195769091,35.0542436803306,1.42576340652495,1.41243539586889,0.0836864778394787
"null",16000,1408,25,1,640,613.766409859606,0.458428893232628,613.307980966373,637.88459040108,637.968522479998,2.09830197295912,35.0711356460816,35.0533294801981,35.0542436803306,-0.687693172666581,-0.703514955050297,0.748083515737395
"null",16000,1408,50,0,320,328.500405015609,0.192071911404925,328.308333104204,317.916147124786,317.957806849502,2.08298623580904,25.05016073563,25.0438937090238,25.0439613479976,0.422522553947872,0.413295407453854,0.330606635132324
"null",16000,1408,50,1,320,304.052733193413,0.229510684887186,303.823222508525,317.908980152605,317.950613743968,2.08167956817033,25.0494677328501,25.0432386388758,25.0439613479976,-0.553155344734962,-0.564119978216874,0.703608321089502
"null",16000,1409,2,0,8000,7955.79978713743,10.5369327144775,7945.26285442295,7997.4686584129,7998.73430409517,2.53129136453638,90.6107319230245,89.4427186201055,89.4427190999916,-0.459866843486825,-0.597828984820219,0.628914168961292
"null",16000,1409,2,1,8000,8006.96654985139,11.2844639527467,7995.68208589864,7997.44187839644,7998.70536850902,2.52698022516511,90.608586470174,89.4425700151976,89.4427190999916,0.105118861533997,-0.0338013835007825,0.469653919005817
"null",16000,1409,5,0,3200,3128.97680068028,4.16519691264085,3124.81160376764,3197.75624843367,3198.20497526317,2.24363414747971,71.7889143865087,71.554172714754,71.5541752799933,-0.958078950506017,-1.02570358528366,0.805380195893524
"null",16000,1409,5,1,3200,3130.96613473008,4.23042497538738,3126.7357097547,3197.72961924185,3198.17973354705,2.25057152600305,71.7879256577948,71.5537956288645,71.5541752799933,-0.930009941087081,-0.998465883807532,0.798356071725662
"null",16000,1409,10,0,1600,1518.83291573982,2.0923472763849,1516.74056846344,1597.85354836436,1598.06817307476,2.14624710402566,53.7439418217855,53.665624670897,53.665631459995,-1.47031702450417,-1.51545062803349,0.921075109880344
"null",16000,1409,10,1,1600,1555.92705276143,2.14258443834269,1553.78446832309,1597.83186893359,1598.04755218597,2.15683252382309,53.7433693379414,53.6652765140993,53.665631459995,-0.779720674166374,-0.824799325337458,0.770056086482713
"null",16000,1409,25,0,640,623.118113916438,0.860584853028812,622.257529063409,637.907387650126,637.991073752502,2.09215255938758,35.0734090193515,35.0542185964358,35.0542436803306,-0.421666275026999,-0.448834557410229,0.655862047686725
"null",16000,1409,25,1,640,621.465069367605,0.875253295675809,620.589816071929,637.898588300993,637.98243800444,2.0962425861698,35.0730989976622,35.0539668534637,35.0542436803306,-0.468550524562521,-0.496167010290644,0.673011631421107
"null",16000,1409,50,0,320,319.58796693684,0.41617540989173,319.171791526948,317.925051788404,317.966532872554,2.07405420747906,25.0506053487032,25.0438915177146,25.0439613479976,0.0663822340932811,0.0481258535057231,0.464425503653664
"null",16000,1409,50,1,320,323.939307329021,0.431651812120761,323.5076555169,317.921734172154,317.963232879723,2.07493537846351,25.0503959449322,25.0437030912538,25.0439613479976,0.240218684371121,0.221389888586945,0.397255800329184
"null",16000,1410,2,0,8000,8033.0278622409,-9.36676305822397,8042.39462529912,7997.47203777136,7998.73599473526,2.52791392780149,90.4775811114611,89.4427186587601,89.4427190999916,0.39297938818384,0.488118331134632,0.389040715463024
"null",16000,1410,2,1,8000,8070.40118559638,-7.38993749930966,8077.79112309569,7997.0251906996,7998.28962770204,2.52887400486684,90.4793868666394,89.4408119979789,89.4427190999916,0.810969187986726,0.888872692652299,0.282306886906007
"null",16000,1410,5,0,3200,3284.22061644806,-3.73898964172116,3287.95960608978,3197.74780111396,3198.19821904656,2.25208966301806,71.7620394920739,71.5541729489204,71.5541752799933,1.20499383721735,1.25445356076286,0.140768510124338
"null",16000,1410,5,1,3200,3253.6261586528,-3.03965706989704,3256.6658157227,3197.46927368768,3197.91818996875,2.24458140531786,71.7582229557378,71.548767801939,71.5541752799933,0.782584666286306,0.821085080271023,0.242002349956994
"null",16000,1410,10,0,1600,1630.2320613477,-1.85377338126856,1632.08583472897,1597.84035992165,1598.0563047978,2.15944876159601,53.7349687904354,53.6656251649978,53.665631459995,0.602804880233324,0.634102925784307,0.281588687379252
"null",16000,1410,10,1,1600,1605.23139022326,-1.54327324967976,1606.77466347294,1597.67897541208,1597.89520181125,2.16226399177322,53.7306474988114,53.6606708924465,53.665631459995,0.140560651374114,0.165474294562691,0.444523554509889
"null",16000,1410,25,0,640,676.674427946846,-0.749145642204568,677.423573589051,637.893330195755,637.977579732794,2.10623842598437,35.0712113698819,35.0542202231661,35.0542436803306,1.10578152953096,1.12528516124824,0.140045738011225
"null",16000,1410,25,1,640,644.777794241156,-0.586462272733741,645.36425651389,637.829521771189,637.913599553464,2.10194455688433,35.0677509723717,35.05058599146,35.0542436803306,0.198138525491452,0.212568684650263,0.417722993857887
"null",16000,1410,50,0,320,307.830763967799,-0.376180431292137,308.206944399092,317.911234177946,317.952992855992,2.08793390226728,25.0498409007944,25.0438964596585,25.0439613479976,-0.402416536299328,-0.389158630830444,0.648437934531698
"null",16000,1410,50,1,320,314.812233777629,-0.316583426054221,315.128817203684,317.882066648782,317.923716801842,2.08250765298315,25.0472305794251,25.0412230767154,25.0439613479976,-0.122561768312804,-0.111611944416452,0.539973449798964
"null",16000,1411,2,0,8000,7995.65826396546,17.9008948165296,7977.75736914893,7997.46703681964,7998.73349295292,2.53291226655976,90.7968266831032,89.442718590746,89.4427190999916,-0.0199211020942068,-0.234520194986157,0.505284190536472
"null",16000,1411,2,1,8000,7821.08894205555,17.015194838209,7804.07374721734,7997.17897121078,7998.44150799929,2.52507357702895,90.7879891699242,89.4412813011922,89.4427190999916,-1.93957406442435,-2.17313256199244,0.919832711509703
"null",16000,1411,5,0,3200,3158.52137755924,7.19122670817094,3151.33015085107,3197.75761418925,3198.20606792231,2.24226866532487,71.8265240579933,71.5541727213127,71.5541752799933,-0.546263892685752,-0.65511088016926,0.686990740771748
"null",16000,1411,5,1,3200,3143.41025028031,6.73344072646584,3136.67680955385,3197.56613662937,3198.01530051023,2.2458194042921,71.8207657931893,71.5505618177078,71.5541752799933,-0.754042173610394,-0.85727476344152,0.751164959592166
"null",16000,1411,10,0,1600,1543.77319644853,3.58212352621955,1540.19107292231,1597.84886079447,1598.06395413452,2.1509334004212,53.756502602831,53.6656246256829,53.665631459995,-1.00593717462369,-1.07839760770264,0.831081186076783
"null",16000,1411,10,1,1600,1533.19313917671,3.46891740393964,1529.72422177277,1597.73888473985,1597.95445011153,2.15565371678787,53.7524249336155,53.6623158554591,53.665631459995,-1.20079690623917,-1.27147379405945,0.875008728362713
"null",16000,1411,25,0,640,653.576247901585,1.43102420747589,652.145223694109,637.902001033155,637.985902532341,2.09753747966496,35.0764885489863,35.0542184974676,35.0542436803306,0.446859064770424,0.403926310974268,0.325930225085326
"null",16000,1411,25,1,640,625.788888887872,1.37628314768121,624.412605740191,637.854931373884,637.938923299902,2.09979815044504,35.0738927870004,35.0518214302968,35.0542436803306,-0.344017772971136,-0.385894855324691,0.627544428467693
"null",16000,1411,50,0,320,329.845733275213,0.705321760994601,329.140411514218,317.920898280788,317.962462551953,2.07821355823386,25.0516837694995,25.0438919745849,25.0439613479976,0.476009321534827,0.446334338672632,0.311938527078677
"null",16000,1411,50,1,320,326.509796051275,0.6940358727766,325.815760178498,317.896554491291,317.93814729646,2.07964025845258,25.049840090474,25.0421188744324,25.0439613479976,0.343844173410862,0.314574534269164,0.359104989603268
"null",16000,1412,2,0,8000,8045.75681792604,-4.81738223968907,8050.57420016573,7997.47719982433,7998.73857644617,2.52275324368005,90.317355514422,89.4427186803445,89.4427190999916,0.534555267110286,0.57953989418422,0.351187074991128
"null",16000,1412,2,1,8000,7984.34933427697,-4.59576145208911,7988.94509572906,7997.38276086838,7998.64787528665,2.5302288365391,90.3141386781184,89.4423568614615,89.4427190999916,-0.144312139629245,-0.108480812649213,0.540907813756649
"null",16000,1412,5,0,3200,3199.82232042141,-1.92138571613215,3201.74370613755,3197.75578571946,3198.20460812292,2.24411201730399,71.7297394557702,71.5541731111481,71.5541752799933,0.02881001266191,0.0494603998725577,0.487587929145444
"null",16000,1412,5,1,3200,3231.01412726184,-1.82524794975952,3232.8393752116,3197.6949272955,3198.14482148404,2.24947094271734,71.7278341945058,71.5531251226254,71.5541752799933,0.464522599079052,0.484878244913843,0.337344090288812
"null",16000,1412,10,0,1600,1583.62966186886,-0.960337451511834,1584.58999932037,1597.84888773153,1598.06398042519,2.15092693660516,53.7241865572911,53.6656253843994,53.665631459995,-0.264670845178972,-0.251072842407175,0.596058224245981
"null",16000,1412,10,1,1600,1602.11099103462,-0.945080389380763,1603.056071424,1597.81890303931,1598.03384647353,2.14943434217571,53.7228901021366,53.6646427565693,53.665631459995,0.0798930956088418,0.0935853607235984,0.466350816399613
"null",16000,1412,25,0,640,666.378561461179,-0.401237251086484,666.779798712265,637.90303990463,637.986901392477,2.09653719615985,35.06856860331,35.0542207246691,35.0542436803306,0.811995547313569,0.821381754452342,0.21140352251386
"null",16000,1412,25,1,640,613.214657987364,-0.393034901454531,613.607692888819,637.88990825796,637.973758611862,2.09625884756918,35.0677727670324,35.0535053387589,35.0542436803306,-0.703644637899362,-0.69511067402729,0.75311505406163
"null",16000,1412,50,0,320,310.03658111291,-0.21127714729998,310.24785826021,317.92069549567,317.962265285807,2.07848950687157,25.0489174763582,25.0438978478586,25.0439613479976,-0.314748706813405,-0.308035397383499,0.614837780000439
"null",16000,1412,50,1,320,295.41388081761,-0.19509726233983,295.60897807995,317.915011872642,317.956559453283,2.07737903206221,25.0483639308699,25.0433729079004,25.0439613479976,-0.898307415092344,-0.892355093521908,0.813569401264514
"null",16000,1413,2,0,8000,7932.34010359186,-13.0136182659586,7945.35372185782,7997.45513156131,7998.72754054441,2.54481796620034,90.5664937333616,89.4427186125705,89.4427190999916,-0.718974813810886,-0.596737437261763,0.696829941362267
"null",16000,1413,2,1,8000,8091.32136285,-13.0808533286656,8104.40221617866,7996.82374385469,7998.09336457547,2.53924144155428,90.5679897140903,89.4398991199763,89.4427190999916,1.0433887214856,1.18860656875953,0.2295656637963
"null",16000,1413,5,0,3200,3236.59776239782,-5.25566447991339,3241.85342687774,3197.74386239915,3198.19506755012,2.25602575486093,71.7799829069218,71.554172872811,71.5541752799933,0.541291574965363,0.610144140792732,0.31241288578158
"null",16000,1413,5,1,3200,3327.72326865011,-4.93752886120287,3332.66079751132,3197.33033098296,3197.78246104299,2.2606503001652,71.7741660868067,71.5464210731892,71.5541752799933,1.8167112873099,1.88518635097556,0.0538159720594713
"null",16000,1413,10,0,1600,1668.70558224344,-2.62660289718041,1671.33218514062,1597.84090922778,1598.05679885058,2.15889622803376,53.7409599013759,53.6656250402186,53.665631459995,1.31863429953066,1.36540637018796,0.106665603688872
"null",16000,1413,10,1,1600,1732.76599672892,-2.6147797741952,1735.38077650312,1597.60650784555,1597.82262997429,2.16122128739607,53.7345083525035,53.6583682297337,53.665631459995,2.51532009926873,2.56359168321869,0.00985947209079794
"null",16000,1413,25,0,640,644.232508474416,-1.05273926597515,645.285247740391,637.896327886605,637.980457269458,2.10323457132301,35.0726795922746,35.054219879804,35.0542436803306,0.180658582733612,0.208385481005703,0.423651332369262
"null",16000,1413,25,1,640,684.632604930637,-0.996024320766461,685.628629251404,637.797177730406,637.881300279085,2.10306371696934,35.0675999753056,35.0489183220441,35.0542436803306,1.33557549513546,1.36230535086979,0.0979190459882876
"null",16000,1413,50,0,320,343.081791646024,-0.515404342354741,343.597195988379,317.914316616657,317.956013203156,2.08482932491352,25.0503531164172,25.0438947164685,25.0439613479976,1.00467545955961,1.02384964780906,0.159668814668923
"null",16000,1413,50,1,320,346.576660432128,-0.512325812014601,347.088986244143,317.864518475975,317.906198289377,2.0839906700682,25.0465200143404,25.0399810790441,25.0439613479976,1.14635254477324,1.1654476839517,0.129846432431004
"null",16000,1414,2,0,8000,7879.92743333559,-14.0355812374864,7893.96301457307,7997.4790729943,7998.73951115028,2.52087631194494,90.519803664372,89.4427186172267,89.4427190999916,-1.29862897288832,-1.17143685027729,0.824568998997429
"null",16000,1414,2,1,8000,7967.49766763228,-13.9659221341055,7981.46358976639,7997.47065933369,7998.73476889281,2.52821911823836,90.5194842541072,89.442713809314,89.4427190999916,-0.331121989352758,-0.193097664313284,0.593363860437225
"null",16000,1414,5,0,3200,3094.44823271375,-5.61773792341063,3100.06597063716,3197.74680023661,3198.19741808194,2.25308922663995,71.7705586599361,71.5541729004284,71.5541752799933,-1.43928888741567,-1.37142871571352,0.903317425316686
"null",16000,1414,5,1,3200,3182.48532161417,-5.60458911247713,3188.08991072665,3197.75139958928,3198.20096096736,2.24780689042618,71.7704456802224,71.5541599149346,71.5541752799933,-0.212707024882135,-0.141306253231581,0.573765572592787
"null",16000,1414,10,0,1600,1565.94240160663,-2.805915309375,1568.74831691601,1597.84419852475,1598.05975910163,2.15560576875845,53.7378129714199,53.6656250039944,53.665631459995,-0.593656406059698,-0.546186542753218,0.711947260942973
"null",16000,1414,10,1,1600,1599.99783695612,-2.7793872825251,1602.77722423864,1597.8406108776,1598.05649208289,2.15881205288211,53.7377641357822,53.6656130720207,53.665631459995,0.0401435771139289,0.0879656801724509,0.481210351107538
"null",16000,1414,25,0,640,634.05828390874,-1.14354583479434,635.201829743534,637.899586720208,637.983585594536,2.09997185819729,35.0719076825232,35.054219647666,35.0542436803306,-0.109526486162098,-0.0793558059189885,0.536611581723632
"null",16000,1414,25,1,640,621.85077086502,-1.14321706158523,622.993987926605,637.901691511233,637.98559977316,2.09770654817705,35.0718895617031,35.054211075904,35.0542436803306,-0.457657709544678,-0.427669355162292,0.669038341376681
"null",16000,1414,50,0,320,318.686060332865,-0.592773433460737,319.278833766325,317.920216380144,317.961794907544,2.07892637001699,25.0500826888004,25.0438944615617,25.0439613479976,0.0305725119647262,0.0525892193325854,0.478619430908076
"null",16000,1414,50,1,320,327.708460857334,-0.579808318771272,328.288269176105,317.919874703948,317.961458433556,2.07918648040126,25.0500730070824,25.043888155803,25.0439613479976,0.390760783436374,0.412348541021424,0.341824558239737
"null",16000,1415,2,0,8000,8024.76649556616,-17.5066178037845,8042.27311336994,7997.47313799956,7998.73654242423,2.52680884935875,90.6277487642379,89.4427185533712,89.4427190999916,0.301158948983779,0.486753663683987,0.414233450536702
"null",16000,1415,2,1,8000,7957.96559572091,-16.670489127317,7974.63608484823,7997.19121220853,7998.4577127088,2.5330010005513,90.6306219601959,89.4414175524118,89.4427190999916,-0.432807539430097,-0.266337771833852,0.622402092121213
"null",16000,1415,5,0,3200,3193.59272267751,-7.01604528421372,3200.60876796172,3197.75275543766,3198.20218134998,2.24712956161269,71.7923518618776,71.5541727768532,71.5541752799933,-0.0579453472725617,0.0336330715365247,0.518662292526301
"null",16000,1415,5,1,3200,3232.79150721804,-7.30961660210943,3240.10112382015,3197.57538310081,3198.02469318109,2.24655040141402,71.7905240911816,71.550776685786,71.5541752799933,0.490540005983351,0.588063925900355,0.329320336847522
"null",16000,1415,10,0,1600,1591.86221022789,-3.53880701807334,1595.40101724596,1597.8425120043,1598.05824074989,2.15728745589787,53.7450900371002,53.6656248053878,53.665631459995,-0.111271592852177,-0.0495144426914681,0.538602016154492
"null",16000,1415,10,1,1600,1667.03704038302,-3.8352371960297,1670.87227757905,1597.74473112211,1597.96026395582,2.15532833710078,53.7425752290709,53.6624982638832,53.665631459995,1.28933734502965,1.35871448371047,0.112035727230688
"null",16000,1415,25,0,640,641.981833213112,-1.36599595224069,643.347829165353,637.898317679031,637.98236648853,2.10122023747753,35.0736905665561,35.0542184902425,35.0542436803306,0.116426742327893,0.153061825592141,0.448325273433791
"null",16000,1415,25,1,640,677.514603846693,-1.46273544423296,678.977339290926,637.85790719549,637.941871284322,2.09910222080113,35.0715826976712,35.051946237327,35.0542436803306,1.13073587220335,1.17070440907231,0.13507434024567
"null",16000,1415,50,0,320,313.52184943935,-0.711738061769127,314.233587501119,317.915395233133,317.95706965009,2.08372084786031,25.050705050005,25.0438923226621,25.0439613479976,-0.175386113285549,-0.148678252605397,0.56038306095643
"null",16000,1415,50,1,320,364.311964441694,-0.70727527743515,365.01923971913,317.894279552827,317.935942491357,2.08314692650699,25.0490869369819,25.0422151930089,25.0439613479976,1.85306893643046,1.88015704141527,0.0375170408412784
"null",16000,1416,2,0,8000,7956.72606462971,-7.15835506574852,7963.88441969546,7997.46378558503,7998.73186810688,2.53616504368437,90.5064139429485,89.4427186479716,89.4427190999916,-0.450108662807086,-0.389606319420713,0.626133318506631
"null",16000,1416,2,1,8000,8045.15926580227,-6.93219378834674,8052.09145959061,7997.3296477657,7998.59605958836,2.53282364531741,90.5014353081546,89.4420920514873,89.4427190999916,0.528495684888386,0.598100947498622,0.352933890696671
"null",16000,1416,5,0,3200,3286.09400189865,-2.85951833182559,3288.95352023048,3197.74247415268,3198.19395722704,2.25741537178003,71.7678564851456,71.5541729064231,71.5541752799933,1.23107379923287,1.26840349509917,0.135691877269135
"null",16000,1416,5,1,3200,3207.40141918568,-2.78510526782465,3210.18652445351,3197.65438082512,3198.10599978505,2.25809479965062,71.7648850168336,71.5525046008337,71.5541752799933,0.135819047968523,0.168834406787635,0.449955606497152
"null",16000,1416,10,0,1600,1626.72625675169,-1.43620945844601,1628.16246621013,1597.84552816438,1598.06095570668,2.15427542305313,53.7369105115348,53.6656249726657,53.665631459995,0.537446762614158,0.560908598731194,0.302615434216449
"null",16000,1416,10,1,1600,1575.02098062693,-1.41755953077523,1576.43854015771,1597.79306321405,1598.00877141626,2.15708202214935,53.7348788708747,53.6640682866935,53.665631459995,-0.423785873637777,-0.401949236187561,0.65417889046225
"null",16000,1416,25,0,640,657.695762937689,-0.575583594123124,658.271346531812,637.90112893536,637.985065855167,2.09842299518108,35.0716862779448,35.0542192894951,35.0542436803306,0.564404968881615,0.578711524256494,0.286234630382446
"null",16000,1416,25,1,640,629.946999022698,-0.503369305367552,630.450368328065,637.879335462932,637.96329561415,2.09900378043734,35.0704303847378,35.0530858890349,35.0542436803306,-0.22618303662696,-0.214329982526147,0.582273125092814
"null",16000,1416,50,0,320,314.656300644066,-0.293757169005041,314.950057813071,317.920087418252,317.961668499575,2.07905406614281,25.0500051185765,25.0438943608716,25.0439613479976,-0.130290862566159,-0.1202532898082,0.542443514028203
"null",16000,1416,50,1,320,304.366287579496,-0.249273937266583,304.615561516762,317.907114654181,317.948740253486,2.0812799652509,25.0491310170706,25.0430633893769,25.0439613479976,-0.540570731394112,-0.532410054210025,0.69916562527464
"null",16000,1417,2,0,8000,7880.6093897424,-36.7750177568781,7917.38440749928,7997.47743068597,7998.73869116772,2.52252096349564,90.5485834085522,89.4427186301225,89.4427190999916,-1.2906666956485,-0.909568547495378,0.823159501199655
"null",16000,1417,2,1,8000,7973.61562709527,-36.8022420773021,8010.41786917257,7997.45363814603,7998.71870256176,2.53012883145438,90.5470310382244,89.4426428710864,89.4427190999916,-0.263266622631664,0.130800770586351,0.574453212900792
"null",16000,1417,5,0,3200,3058.30539498364,-14.6869671352968,3072.99236211894,3197.75171420057,3198.20134851553,2.24817157479176,71.7763669253273,71.5541727933971,71.5541752799933,-1.94278876446896,-1.74984884191328,0.961173017143691
"null",16000,1417,5,1,3200,3285.988959943,-14.7943248733081,3300.78328481631,3197.73713793527,3198.18762682736,2.25244446041694,71.7757132426325,71.5539760747001,71.5541752799933,1.22954991348396,1.43382190085211,0.135973114847803
"null",16000,1417,10,0,1600,1493.76902508483,-7.33667120258539,1501.10569628742,1597.85013709039,1598.06510319811,2.14966107716389,53.7397522878057,53.6656247715049,53.665631459995,-1.93676203507879,-1.80673209943089,0.96950300926581
"null",16000,1417,10,1,1600,1584.92336752027,-7.3582385802953,1592.28160610056,1597.83688777596,1598.05259715665,2.1570938069383,53.7393990335892,53.6654423661539,53.665631459995,-0.240298933146146,-0.107536448068575,0.587119744985127
"null",16000,1417,25,0,640,634.592014887609,-2.89836507459727,637.490379962206,637.903876611093,637.987702735144,2.09565310128348,35.0723811897928,35.0542180374604,35.0542436803306,-0.0944293375907842,-0.0141872448104905,0.530649590491637
"null",16000,1417,25,1,640,628.910036607538,-2.91737561737327,631.827412224911,637.897653062237,637.981628913972,2.09939629337807,35.0722040564023,35.0540854663374,35.0542436803306,-0.256260383300862,-0.175563464491791,0.593672402048817
"null",16000,1417,50,0,320,316.434784655602,-1.45278715049005,317.887571806092,317.922376190895,317.963910583672,2.07671963886813,25.0502449796749,25.0438907404296,25.0439613479976,-0.0593843108720185,-0.00304819959373767,0.51424601331928
"null",16000,1417,50,1,320,340.633846638556,-1.45800948313081,342.091856121686,317.919268387201,317.960839650251,2.07856315249672,25.0501313162776,25.0437929614911,25.0439613479976,0.906764837459939,0.963552785655944,0.183176574531643
"null",16000,1418,2,0,8000,7927.73662827237,2.08063181974547,7925.65599645263,7997.46291936633,7998.73143481543,2.53703089820397,90.4260058764571,89.4427186261458,89.4427190999916,-0.771086706950426,-0.817008242652446,0.709495128115004
"null",16000,1418,2,1,8000,7896.28071978295,1.86882937482483,7894.41189040813,7996.79001160312,7998.05644489371,2.53286658117574,90.4271571718447,89.4398365645967,89.4427190999916,-1.11149454393625,-1.1588186927279,0.788845084681505
"null",16000,1418,5,0,3200,3087.82022915432,0.797754400102705,3087.02247475422,3197.74364670342,3198.19489504285,2.25624169715951,71.7516376041352,71.5541728662127,71.5541752799933,-1.53199872810649,-1.55368185858972,0.917044812252872
"null",16000,1418,5,1,3200,3190.05211660429,0.13179604184737,3189.92032056244,3197.31399080019,3197.76442476202,2.25216980918195,71.7453319474577,71.545978754095,71.5541752799933,-0.101217375385722,-0.109637247769617,0.536303071707015
"null",16000,1418,10,0,1600,1562.9071882386,0.4281663364152,1562.47902190218,1597.83764298642,1598.05385889575,2.16215909338123,53.7314960734172,53.6656249097748,53.665631459995,-0.650092725877029,-0.662898029294956,0.730238916743809
"null",16000,1418,10,1,1600,1587.72874997364,0.266601497795664,1587.46214847584,1597.59436570633,1597.81062870514,2.16262998813081,53.7246902131726,53.6580411558523,53.665631459995,-0.183632808184603,-0.192859821312594,0.567603817140953
"null",16000,1418,25,0,640,628.349845374975,0.144623716088326,628.205221658887,637.892838415621,637.977107229697,2.10672035190696,35.0703591649897,35.0542196536189,35.0542436803306,-0.272109931801687,-0.278764886720329,0.5998035190994
"null",16000,1418,25,1,640,608.377510407543,0.0530591302627688,608.32445127728,637.791097035781,637.875280750138,2.10459285893835,35.0650328778947,35.0486770317706,35.0542436803306,-0.838829575054554,-0.843136802170068,0.794952486381658
"null",16000,1418,50,0,320,341.187055328908,0.0796218925938654,341.107433436314,317.911274161825,317.953031792093,2.08788151341491,25.0495417109495,25.0438954606109,25.0439613479976,0.92918990038484,0.924552719070328,0.17767374102843
"null",16000,1418,50,1,320,307.307290092634,0.0534237895400682,307.253866303094,317.85864327844,317.900396047594,2.08763845770437,25.0455342780969,25.0398094705205,25.0439613479976,-0.421286807805634,-0.425184135567581,0.656278442578913
"null",16000,1419,2,0,8000,7870.90003188076,-19.9655900704276,7890.86562195119,7997.46270071227,7998.73132671927,2.53725201399648,90.4048494695652,89.4427186637611,89.4427190999916,-1.39995442251268,-1.20597524739355,0.842559796884571
"null",16000,1419,2,1,8000,8000.26756513719,-20.1799944555433,8020.44755959273,7997.19919969601,7998.46415194522,2.52990449841582,90.3973565879498,89.4415315312409,89.4427190999916,0.0339430881276905,0.245785232778939,0.490746066269035
"null",16000,1419,5,0,3200,3196.58968017317,-7.9849423064564,3204.57462247963,3197.753211773,3198.20254803205,2.24668129526626,71.7473717344844,71.5541729948582,71.5541752799933,-0.0162170623355892,0.0890524504843107,0.503710401687481
"null",16000,1419,5,1,3200,3170.40730321868,-7.78371044343819,3178.19101366212,3197.57303001879,3198.02408188952,2.25525935366412,71.7423044899553,71.5509157966964,71.5541752799933,-0.378657014062137,-0.277188181402891,0.632194726665782
"null",16000,1419,10,0,1600,1528.22877054006,-3.98653422869306,1532.21530476875,1597.84597925006,1598.0613621737,2.15382923635096,53.7300718133955,53.6656251696038,53.665631459995,-1.29568426693692,-1.22696898055041,0.89265310238422
"null",16000,1419,10,1,1600,1542.90474072259,-3.86431073193163,1546.76905145453,1597.74207659315,1597.95817526641,2.16098673257565,53.7263981625329,53.6625990684634,53.665631459995,-1.02067768817598,-0.95390690537695,0.835013690286636
"null",16000,1419,25,0,640,568.686041969073,-1.58905495358928,570.275096922662,637.901210750238,637.985144591543,2.09834603262232,35.0700103533697,35.0542195783075,35.0542436803306,-1.9736284102498,-1.93158051964682,0.977069465571155
"null",16000,1419,25,1,640,602.918395883728,-1.54181665633122,604.460212540059,637.856770630532,637.940825633811,2.10137508198003,35.0676334475191,35.0520086333314,35.0542436803306,-0.996314017000647,-0.955169600806126,0.836936800932457
"null",16000,1419,50,0,320,276.384292676321,-0.791751748639502,277.17604442496,317.919966583408,317.961550304678,2.07918606347726,25.0494195963196,25.0438952813137,25.0439613479976,-1.65814915381074,-1.62856078982847,0.955572200611615
"null",16000,1419,50,1,320,305.113657108118,-0.780292771525923,305.893949879644,317.895563842774,317.937215109549,2.08256333878272,25.0477356651612,25.0422700707852,25.0439613479976,-0.510301885388965,-0.480917472571937,0.688469709995021
"null",16000,1420,2,0,8000,8011.68918713354,16.9089926099639,7994.78019452358,7997.45676768357,7998.72835858474,2.54318180234814,90.6055961301506,89.4427185944475,89.4427190999916,0.157081019913244,-0.0441418163849472,0.454838974053277
"null",16000,1420,2,1,8000,7933.7389607557,16.647528806675,7917.09143194902,7997.38693924004,7998.65612093744,2.53836339479433,90.6076378298143,89.442369135327,89.4427190999916,-0.702457099741329,-0.911924513817468,0.692934006781153
"null",16000,1420,5,0,3200,3034.7683879076,6.78976150513146,3027.97862640247,3197.74847365346,3198.19875593097,2.25141138752932,71.7878777627918,71.554172784121,71.5541752799933,-2.2703009313689,-2.37889871275649,0.980701562889886
"null",16000,1420,5,1,3200,3208.70737042929,6.87276012136439,3201.83461030793,3197.70035950538,3198.15058071387,2.25110604244585,71.7877915110813,71.5532489278831,71.5541752799933,0.153327058713256,0.0514865453247844,0.443512915313843
"null",16000,1420,10,0,1600,1531.73549261022,3.40453213732501,1528.33096047289,1597.84198569216,1598.05776693392,2.1578124176363,53.7435960845493,53.6656247681179,53.665631459995,-1.23003479294426,-1.29928248785526,0.880383491701119
"null",16000,1420,10,1,1600,1619.35258461815,3.44512946205486,1615.9074551561,1597.81326765519,1598.02919772922,2.15930074029423,53.7430656596572,53.6647707672414,53.665631459995,0.400783183813292,0.333147000746968,0.349078121025591
"null",16000,1420,25,0,640,621.491994736494,1.34466658737215,620.147328149121,637.899669318112,637.983664290931,2.09987432047512,35.0733244038851,35.0542188019444,35.0542436803306,-0.467810646994174,-0.508821384455437,0.67273483656447
"null",16000,1420,25,1,640,609.57953568859,1.37787049155836,608.201665197031,637.88734114007,637.971362671201,2.10053827827856,35.0727873369631,35.0535954920298,35.0542436803306,-0.807115932346981,-0.849262309794689,0.784948762622506
"null",16000,1420,50,0,320,308.574583175005,0.677922113121119,307.896661061884,317.918127040838,317.959747189707,2.08100744343027,25.0505784536655,25.0438937805514,25.0439613479976,-0.372987150101754,-0.401817952751326,0.637203915503544
"null",16000,1420,50,1,320,324.345845941625,0.705324941233259,323.640521000392,317.912729526489,317.954337232295,2.08038529031017,25.0501436808791,25.0434283027728,25.0439613479976,0.256809561537454,0.227052929788682,0.391131961025341
"null",16000,1421,2,0,8000,8065.05185343794,-1.10908315291603,8066.16093659086,7997.47092017871,7998.73543575253,2.52903114762947,90.5150449186669,89.4427186425202,89.4427190999916,0.74662652291619,0.753840020313017,0.29668776497759
"null",16000,1421,2,1,8000,7879.79137110407,-1.09912282122926,7880.8904939253,7997.43059852326,7998.69165474923,2.5221124519332,90.5127297437765,89.4425142009842,89.4427190999916,-1.29969815021824,-1.31706003432794,0.82484937365761
"null",16000,1421,5,0,3200,3214.93581339164,-0.42736459406112,3215.36317798571,3197.75380519455,3198.20302196907,2.24608387263738,71.7695976452663,71.5541729069809,71.5541752799933,0.239405106909235,0.239820478938933,0.413043219619012
"null",16000,1421,5,1,3200,3268.36418483502,-0.584449550113062,3268.94863438514,3197.72544688535,3198.17435577175,2.24454443202041,71.7683852147573,71.5536057299535,71.5541752799933,0.984259820508683,0.989108485748284,0.188948721807647
"null",16000,1421,10,0,1600,1588.75849553104,-0.218630464124649,1588.97712599516,1597.84571561639,1598.06112477972,2.15409163327956,53.7374921102592,53.6656251150191,53.665631459995,-0.169103911040452,-0.169270343261343,0.560401848255953
"null",16000,1421,10,1,1600,1608.75060920331,-0.289182829240308,1609.03979203255,1597.82909926034,1598.04449486245,2.15395602109517,53.7367286163385,53.6651008206882,53.665631459995,0.203241064802127,0.204887291777148,0.420143623292259
"null",16000,1421,25,0,640,619.94622955328,-0.0879895689465156,620.034219122226,637.902202300309,637.986096312374,2.09735030162291,35.0718287238085,35.0542193473187,35.0542436803306,-0.511977088176175,-0.512117443331981,0.688480260755475
"null",16000,1421,25,1,640,644.317003490283,-0.112600923658189,644.429604413941,637.895599528459,637.979473081474,2.09683882537543,35.0713872041367,35.0538394658055,35.0542436803306,0.183095237278382,0.184006415010788,0.42273131695961
"null",16000,1421,50,0,320,307.760894697974,-0.0208147081824862,307.781709406157,317.920606540718,317.962177401204,2.07854302430014,25.050055832806,25.0438950367038,25.0439613479976,-0.40557641510078,-0.406504977765121,0.649487655757018
"null",16000,1421,50,1,320,299.43124565046,-0.0486005638462993,299.479846214306,317.916990095074,317.958561404285,2.07856546052712,25.0497562916223,25.0436172319112,25.0439613479976,-0.737961049577023,-0.737861268955685,0.765641856478839
"null",16000,1422,2,0,8000,8036.15920296637,21.8795956035934,8014.27960736278,7997.477724704,7998.73883598979,2.52222257158764,90.5643902390762,89.4427185725042,89.4427190999916,0.427115758856876,0.173751107088587,0.379610747956664
"null",16000,1422,2,1,8000,7984.53827168916,21.7120782763838,7962.82619341278,7997.31476875205,7998.57844078089,2.52734405768663,90.5588563026416,89.4419871296568,89.4427190999916,-0.141085009070621,-0.399725548542241,0.540314270401456
"null",16000,1422,5,0,3200,3300.67744348362,8.73683073329447,3291.94061275033,3197.75296251405,3198.20234726754,2.24692376747132,71.779558758391,71.5541728290352,71.5541752799933,1.43389681895398,1.3100321305755,0.10050228759342
"null",16000,1422,5,1,3200,3214.86437449547,8.74934584280656,3206.11502865266,3197.65148782674,3198.10108532034,2.24798746800769,71.7762357828282,71.5522567696562,71.5541752799933,0.239813170487312,0.112001265845686,0.413389889593756
"null",16000,1422,10,0,1600,1606.74494413059,4.37184896078486,1602.3730951698,1597.85106089708,1598.06593491204,2.14874014958209,53.7408180995292,53.6656248933596,53.665631459995,0.165495866048041,0.0802592025403128,0.43400247856449
"null",16000,1422,10,1,1600,1606.12320399351,4.380177585182,1601.74302640833,1597.78741831653,1598.0030230131,2.15604696577987,53.7385397697485,53.6638585036325,53.665631459995,0.155117457837594,0.0696931510240634,0.438318324611908
"null",16000,1422,25,0,640,637.544673016536,1.76735824041878,635.777314776117,637.903295179962,637.987145478387,2.0962574606126,35.0726442068807,35.0542193305983,35.0542436803306,-0.0102251247813288,-0.0630403627428903,0.497639927940006
"null",16000,1422,25,1,640,666.338461781858,1.78408952871282,664.554372253145,637.875519857939,637.959518108709,2.09995626925106,35.0712253205096,35.0529327035354,35.0542436803306,0.811575348845137,0.758705537404401,0.211719162282199
"null",16000,1422,50,0,320,301.823365136556,0.890948887096655,300.932416249459,317.923037551247,317.96455958335,2.07610160515907,25.0503402930933,25.043894191717,25.0439613479976,-0.642692762905496,-0.680091650424078,0.734376585317907
"null",16000,1422,50,1,320,345.514096105625,0.893095372202139,344.621000733422,317.907296642888,317.948888048808,2.07957029598699,25.0493441955103,25.0429451644332,25.0439613479976,1.10209669551687,1.065054948988,0.138454023161838
"null",16000,1423,2,0,8000,7876.77796214809,-3.12877420592686,7879.90673635402,7997.47438813939,7998.73716878902,2.52556129926859,90.5434514422058,89.4427186055976,89.4427190999916,-1.33302214648108,-1.32856463094544,0.830986756204236
"null",16000,1423,2,1,8000,8010.72397257281,-3.228643820056,8013.95261639286,7997.42393930645,7998.68605918702,2.52423976112691,90.5408544930597,89.4424835358581,89.4427190999916,0.146895380442609,0.170685748006192,0.457861962842502
"null",16000,1423,5,0,3200,3060.90570483053,-1.22494821237474,3062.1306530429,3197.76033530808,3198.2082454157,2.23955053809076,71.7753327289045,71.5541727992459,71.5541752799933,-1.90670840906381,-1.90174223318298,0.958271893518624
"null",16000,1423,5,1,3200,3222.80111895193,-1.00272268719097,3223.80384163912,3197.72504823057,3198.17341289556,2.24182332495206,71.7739764014432,71.5535430927463,71.5541752799933,0.349375525484347,0.358199295740461,0.375377666977036
"null",16000,1423,10,0,1600,1488.11829030999,-0.631287328901549,1488.74957763889,1597.85538252885,1598.06982437857,2.1444184971656,53.7394068872518,53.6656248810293,53.665631459995,-2.04202276458128,-2.03706277495194,0.976048792544379
"null",16000,1423,10,1,1600,1645.59465002465,-0.566315289211496,1646.16096531386,1597.82720529867,1598.04262316397,2.15417865301041,53.7385629800171,53.6650474183529,53.665631459995,0.888885784752809,0.896642124897016,0.198933525602766
"null",16000,1423,25,0,640,630.08706347844,-0.218422002730985,630.305485481171,637.908735316699,637.992367738541,2.09081054604789,35.0722977703512,35.0542189457645,35.0542436803306,-0.223015665796242,-0.219285509377997,0.580728827728953
"null",16000,1423,25,1,640,588.551385335161,-0.202749535062248,588.754134870223,637.897231913045,637.98100824901,2.09440839912147,35.07180643199,35.0537965640239,35.0542436803306,-1.40699472305694,-1.40432358842719,0.919688682138706
"null",16000,1423,50,0,320,269.795309461648,-0.114150200472239,269.909459662121,317.92526564021,317.966742760874,2.07385603319625,25.0502178822883,25.0438927941244,25.0439613479976,-1.92133882446553,-1.91892224958046,0.976748147022995
"null",16000,1423,50,1,320,305.39406658436,-0.0868265090765144,305.480893093436,317.918573394927,317.960104480346,2.07655427091318,25.0498843904186,25.0435839741615,25.0439613479976,-0.499982619295372,-0.498299740156392,0.684419171440835
"null",16000,1424,2,0,8000,8070.41285316081,0.851034899586947,8069.56181826122,7997.47117056011,7998.73555888794,2.52877665566317,90.7326087761517,89.4427185596131,89.4427190999916,0.803919159655745,0.791861657537539,0.282275897236496
"null",16000,1424,2,1,8000,8109.88270827769,1.31481408123897,8108.56789419645,7996.88268961361,7998.14977681016,2.53417439308791,90.7353882793837,89.4399662164694,89.4427190999916,1.24537978849154,1.23455007931299,0.187864140031831
"null",16000,1424,5,0,3200,3220.16253975953,0.316753833635695,3219.84578592589,3197.74264882479,3198.19409539685,2.25723286027793,71.8135392174277,71.5541726951295,71.5541752799933,0.312195878089995,0.302591584998059,0.387894073257622
"null",16000,1424,5,1,3200,3065.9288693151,0.748857584357735,3065.18001173074,3197.37250681,3197.82319428025,2.2534373512204,71.8086677101855,71.54702607154,71.5541752799933,-1.83047035526967,-1.85393006296134,0.952176875288538
"null",16000,1424,10,0,1600,1699.79096565186,0.164894814787462,1699.62607083707,1597.83651340371,1598.05284127468,2.16327870965425,53.7521660338067,53.6656245732293,53.665631459995,1.89675058273977,1.89270562618336,0.03791480583938
"null",16000,1424,10,1,1600,1517.03199193234,0.254226954743826,1516.7777649776,1597.63119748228,1597.84695571079,2.15758228508952,53.7464708834477,53.6589997893934,53.665631459995,-1.49961856518406,-1.51082187613233,0.925814339451256
"null",16000,1424,25,0,640,670.229814687155,0.0648715095418186,670.164943177613,637.894120112524,637.97833647597,2.10540908614381,35.0754249532326,35.0542179988299,35.0542436803306,0.921890315448639,0.918194971649844,0.182444597587172
"null",16000,1424,25,1,640,639.959890116839,0.0429942495709636,639.916895867269,637.80779838343,637.891874093809,2.10189275947059,35.0708749644031,35.0494156595381,35.0542436803306,0.0613640730547467,0.0577761921377028,0.470716047228047
"null",16000,1424,50,0,320,312.287389469597,0.0258028661686513,312.261586603428,317.914787647717,317.956473853775,2.08431030289573,25.0513106650528,25.0438908927976,25.0439613479976,-0.22463488052028,-0.227396265010279,0.579811681111189
"null",16000,1424,50,1,320,327.047937868463,0.0158050771961406,327.032132791267,317.872300959873,317.913919420975,2.08092305507249,25.0478543624702,25.0403430068504,25.0439613479976,0.366324267771911,0.36414091323738,0.351303479070318
"null",16000,1425,2,0,8000,8033.65118424247,10.439478783159,8023.21170545931,7997.47495556318,7998.73745376865,2.52499641094916,90.49405761531,89.4427186350484,89.4427190999916,0.399763582633033,0.273630453816206,0.387157982450696
"null",16000,1425,2,1,8000,8061.89432892974,10.5715530234656,8051.32277590627,7997.45860361256,7998.72344646792,2.52968571072729,90.4928764288283,89.4426652779168,89.4427190999916,0.712053013010989,0.588078734851123,0.305333786350244
"null",16000,1425,5,0,3200,3204.75446627351,4.14646640252897,3200.60799987098,3197.74971266534,3198.19974816809,2.25017751375152,71.7653633326832,71.5541729178311,71.5541752799933,0.0976063282185752,0.0336563418273523,0.463058063834265
"null",16000,1425,5,1,3200,3131.46686725181,4.07017420410086,3127.39669304771,3197.74534358054,3198.19476053604,2.24708477747361,71.7648736691047,71.5540309638817,71.5541752799933,-0.923550379735006,-0.989435067942834,0.796564879742877
"null",16000,1425,10,0,1600,1574.44341863642,2.07369563689362,1572.36972299953,1597.84192284531,1598.0577108403,2.15787994986743,53.7360785495868,53.6656249533854,53.665631459995,-0.435433787512046,-0.47866744984494,0.657975390810113
"null",16000,1425,10,1,1600,1578.47343780395,2.02316321658941,1576.45027458736,1597.84180952732,1598.05718983541,2.15380308094517,53.7358179851096,53.6654937396409,53.665631459995,-0.360436901299843,-0.402622127225283,0.631192033788727
"null",16000,1425,25,0,640,562.7418042026,0.853049067538637,561.888755135061,637.900048798495,637.984028969617,2.09950427806147,35.0714823728766,35.0542193562695,35.0542436803306,-2.14300165008196,-2.17078786040478,0.985260612548026
"null",16000,1425,25,1,640,589.247928490034,0.840080147638491,588.407848342396,637.899152597563,637.983097262411,2.09861662119772,35.0713535777528,35.0541241001144,35.0542436803306,-1.38720691232145,-1.41424868521684,0.916577056742213
"null",16000,1425,50,0,320,286.985539309197,0.439852327726802,286.54568698147,317.918808194607,317.960415217273,2.08035113326835,25.0499354515653,25.0438957650731,25.0439613479976,-1.23486421532785,-1.25438663898348,0.893537902739923
"null",16000,1425,50,1,320,270.419418646304,0.423602416462946,269.995816229841,317.918659717933,317.960251500579,2.07958913229463,25.0498529928084,25.0438253697519,25.0439613479976,-1.89618841616621,-1.91522000184007,0.975187610382648
"null",16000,1426,2,0,8000,8013.84079836897,13.7118650600911,8000.12893330888,7997.47184461485,7998.73589770804,2.52810618638812,90.6075937791753,89.4427186272474,89.4427190999916,0.180657636643815,0.0155746115751317,0.448110800443439
"null",16000,1426,2,1,8000,8109.77262234469,14.4046651475767,8095.36795719712,7997.26742998441,7998.53293801654,2.53101606426978,90.6103291521198,89.4418115711212,89.4427190999916,1.24163760812973,1.08265941263471,0.188096628031469
"null",16000,1426,5,0,3200,3188.58434361794,5.49741197540985,3183.08693164253,3197.75383789462,3198.20304775964,2.24604932508565,71.7882807036247,71.5541728465546,71.5541752799933,-0.127729682154299,-0.211254152144563,0.543601057661872
"null",16000,1426,5,1,3200,3218.54292153161,5.58328882515254,3212.95963270646,3197.61886213879,3198.06935082134,2.25244341278273,71.7871868965653,71.5517249850497,71.5541752799933,0.291473455046709,0.208105141954688,0.39563937376773
"null",16000,1426,10,0,1600,1587.43825710454,2.73126416384428,1584.7069929407,1597.84162383739,1598.05744143472,2.15817597328751,53.7437304345061,53.6656248490541,53.665631459995,-0.193573588002437,-0.248770950334916,0.569632117638805
"null",16000,1426,10,1,1600,1599.10937204629,2.79154866529912,1596.31782338099,1597.76571603119,1597.98192837554,2.1621234435202,53.7420044131132,53.6633700724253,53.665631459995,0.0250019706145009,-0.0310100724629152,0.487470884199401
"null",16000,1426,25,0,640,684.47481671978,1.09944639793964,683.37537032184,637.895900036197,637.98004616735,2.1036532788163,35.0733583141626,35.0542193646657,35.0542436803306,1.32804267747505,1.29500314019967,0.0986494356598509
"null",16000,1426,25,1,640,653.403245373631,1.10429183037746,652.298953543254,637.863817680066,637.94801363207,2.10489880011132,35.0718524420953,35.0525722286067,35.0542436803306,0.443074049744627,0.409411891874554,0.327649412355626
"null",16000,1426,50,0,320,357.543090661384,0.535766927231284,357.007323734152,317.913482832426,317.955195721129,2.0856444351597,25.0505891353057,25.0438932338375,25.0439613479976,1.58198306694133,1.55934732864374,0.0625751177561717
"null",16000,1426,50,1,320,342.882708059977,0.543428616036196,342.33927944394,317.897036636807,317.93876353264,2.08634479164207,25.049422861054,25.04267585945,25.0439613479976,0.997454973783725,0.974357374916597,0.161499432940501
"null",16000,1427,2,0,8000,7944.01843303591,16.5428743005552,7927.47555873536,7997.4752680197,7998.73760799018,2.52467994095008,90.7346941092833,89.4427185743259,89.4427190999916,-0.589155399801112,-0.796733936431034,0.663671786361154
"null",16000,1427,2,1,8000,7893.01706597684,16.8011549316386,7876.2159110452,7997.33902695987,7998.60470161946,2.53134931916884,90.7373502199082,89.4421160859746,89.4427190999916,-1.14971354938402,-1.36835750237182,0.796292069066403
"null",16000,1427,5,0,3200,3110.71461113358,6.62391803165656,3104.09069310192,3197.75193112324,3198.20152213704,2.24795506898667,71.8139611820925,71.5541727883447,71.5541752799933,-1.21198327674717,-1.31523886543273,0.862834707736302
"null",16000,1427,5,1,3200,3181.25090293765,6.70602853865916,3174.54487439899,3197.66631446443,3198.11645259975,2.25069067659015,71.8135554090651,71.552587037868,71.5541752799933,-0.228583746247785,-0.329430132110797,0.579829063567895
"null",16000,1427,10,0,1600,1579.14064980769,3.31174468217791,1575.82890512551,1597.84298362577,1598.05866505235,2.15681426575064,53.7523073818373,53.6656247444425,53.665631459995,-0.347935460430246,-0.414227171167754,0.626695891023103
"null",16000,1427,10,1,1600,1566.17832589798,3.35349476426225,1562.82483113372,1597.79783410669,1598.01335782873,2.1552372204114,53.7512969133495,53.6641583683839,53.665631459995,-0.588255726362892,-0.655717480062904,0.710502311676829
"null",16000,1427,25,0,640,630.937255232226,1.32940309055213,629.607852141674,637.901489930505,637.985411944937,2.09805036081073,35.0754599013636,35.0542185922564,35.0542436803306,-0.198550060864856,-0.238988633599542,0.571334010408914
"null",16000,1427,25,1,640,629.66464708481,1.32351328847769,628.341133796332,637.880932259405,637.964875900083,2.09859101694911,35.0745114094289,35.0531487944554,35.0542436803306,-0.234252305860677,-0.274547150105762,0.585383047945728
"null",16000,1427,50,0,320,308.108373037752,0.647063493245205,307.461309544507,317.918893043403,317.960497501796,2.08022291964908,25.0513240231638,25.0438922710694,25.0439613479976,-0.39161682618373,-0.419231477425675,0.644257570134001
"null",16000,1427,50,1,320,336.22680065013,0.650101884330521,335.5766987658,317.910343423989,317.951914577041,2.07855765258107,25.0505775739595,25.0431023430547,25.0439613479976,0.731179038569606,0.703777988338847,0.230959582482918
"null",16000,1428,2,0,8000,8111.18682514893,9.13253169602464,8102.0542934529,7997.46858127854,7998.73426517492,2.5313677927688,90.5490378933443,89.4427186063998,89.4427190999916,1.25587467869442,1.1551530397086,0.185123681910174
"null",16000,1428,2,1,8000,8104.61337933191,8.95198232447877,8095.66139700743,7997.28007321386,7998.54610797667,2.53206952561505,90.5515827355902,89.4418790370648,89.4427190999916,1.18532777534612,1.08579213760163,0.199193138086682
"null",16000,1428,5,0,3200,3296.06584139838,3.66300000697303,3292.40284139141,3197.74480388893,3198.19582072025,2.25508415659623,71.7764587731913,71.5541728710108,71.5541752799933,1.36982290837362,1.31658318294008,0.110814679576026
"null",16000,1428,5,1,3200,3353.12559266816,3.85093472610299,3349.27465794205,3197.62706328983,3198.07766545438,2.25301082275846,71.7754330637438,71.5518959522324,71.5541752799933,2.16645895037969,2.113109519678,0.0275888121271185
"null",16000,1428,10,0,1600,1625.7827784484,1.80391603067689,1623.97886241772,1597.83910563027,1598.05517517339,2.16069543128741,53.7397829513446,53.6656248991314,53.665631459995,0.519981125406371,0.483059449937538,0.30839730836364
"null",16000,1428,10,1,1600,1637.18091483498,1.87137997225617,1635.30953486272,1597.7750278931,1597.99074009795,2.15712204853784,53.7381584461597,53.663506894365,53.665631459995,0.733294330905699,0.695422213800382,0.242199518406812
"null",16000,1428,25,0,640,630.981726365897,0.722486783086256,630.25923958281,637.895056383663,637.979235899107,2.10448788608184,35.072390178271,35.0542188652377,35.0542436803306,-0.197116021537926,-0.220230162479871,0.570841664248786
"null",16000,1428,25,1,640,673.721765424507,0.798231289630659,672.923534134877,637.870785311905,637.954782912278,2.09994000932332,35.0709833856729,35.0526797324414,35.0542436803306,1.02224051485388,0.997605646401832,0.158529596280935
"null",16000,1428,50,0,320,318.152600458553,0.352467781649239,317.800132676904,317.917179161984,317.958818039424,2.08194387198942,25.0502501475381,25.0438929217972,25.0439613479976,0.0093979619038789,-0.00633628976994021,0.487041434275737
"null",16000,1428,50,1,320,296.692471588684,0.38911735387676,296.303354234808,317.903296332926,317.944919308351,2.08114877124838,25.0491632588772,25.0427581890125,25.0439613479976,-0.846767795196697,-0.864184564264111,0.798971531285578
"null",16000,1429,2,0,8000,7921.72162975362,-14.7200014297636,7936.44163118338,7997.47385855652,7998.73690528104,2.52609344903953,90.3108582322211,89.4427186570653,89.4427190999916,-0.838794252271568,-0.696482341245732,0.725667422832154
"null",16000,1429,2,1,8000,7959.95635609845,-14.5208863530091,7974.47724245146,7997.47355555766,7998.73556233086,2.52401354639772,90.3104221061679,89.4427083279446,89.4427190999916,-0.415424915355867,-0.271216294015308,0.616386497549877
"null",16000,1429,5,0,3200,3262.34723438878,-5.88143547496119,3268.22866986374,3197.7500292713,3198.20000150002,2.24986114360564,71.728430174099,71.5541729291345,71.5541752799933,0.900580215692544,0.978680424872942,0.209666166188855
"null",16000,1429,5,1,3200,3143.98205585775,-5.86530952410577,3149.84736538186,3197.74522483716,3198.19585942116,2.25317292000312,71.7282699810201,71.5541446717739,71.5541752799933,-0.749539463221906,-0.67569103454572,0.748866937889087
"null",16000,1429,10,0,1600,1617.38719028744,-2.94475595279209,1620.33194624023,1597.84596274293,1598.06134743138,2.15384688455446,53.723749150988,53.6656251954409,53.665631459995,0.363735365705634,0.414988155411277,0.361917307065383
"null",16000,1429,10,1,1600,1620.68909805138,-2.91840783016425,1623.60750588154,1597.84270221566,1598.05832938684,2.15627171173332,53.7236740388092,53.6655990761224,53.665631459995,0.425257509737921,0.476081082379538,0.340449617957789
"null",16000,1429,25,0,640,603.083999369853,-1.1750299865653,604.259029356419,637.900344432055,637.984313285755,2.09922134252046,35.0684605730997,35.0542200644199,35.0542436803306,-0.992810761955951,-0.96208912557059,0.835748195306573
"null",16000,1429,25,1,640,618.133444964246,-1.16489331458275,619.298338278829,637.903054168914,637.986900275493,2.09615266446642,35.0684287385742,35.0542009108666,35.0542436803306,-0.563743797934193,-0.533133305311518,0.706546373414507
"null",16000,1429,50,0,320,292.620567167134,-0.579165212200631,293.199732379334,317.922920576521,317.964445327775,2.0762375626917,25.0488772773133,25.0438956930313,25.0439613479976,-1.01011926120553,-0.988852263720765,0.843232711475993
"null",16000,1429,50,1,320,324.241381120315,-0.576885703520748,324.818266823835,317.922533952435,317.964062806254,2.0764426909426,25.0488587776219,25.0438816681431,25.0439613479976,0.2522608803849,0.273687765674946,0.392702557024272
"null",16000,1430,2,0,8000,8159.31503671501,4.2600530316594,8155.05498368335,7997.46636096668,7998.73315706334,2.53359219332712,90.3719728939512,89.4427186576367,89.4427190999916,1.79091670310503,1.7477311620901,0.101641534080874
"null",16000,1430,2,1,8000,7943.70740976092,4.27119742324132,7939.43621233768,7997.47115551463,7998.73548917264,2.52866731602529,90.3718697312135,89.4427180848047,89.4427190999916,-0.594916824379165,-0.662986077622681,0.664572675004802
"null",16000,1430,5,0,3200,3321.87954107019,1.67754563890814,3320.20199543128,3197.75261090154,3198.20206685126,2.24727974863144,71.7407443612845,71.5541729366434,71.5541752799933,1.73021525318375,1.70500089055656,0.0620576543772821
"null",16000,1430,5,1,3200,3301.27475114209,1.71383260112423,3299.56091854096,3197.75533847454,3198.20423202813,2.24446776792423,71.7407101034623,71.554171335174,71.5541752799933,1.44296609997658,1.41650283444776,0.0992202493556592
"null",16000,1430,10,0,1600,1742.53986932901,0.8419480935215,1741.69792123548,1597.84469955636,1598.06021005386,2.15510497501931,53.727859679857,53.6656250307766,53.665631459995,2.69311248642381,2.67653104010717,0.00629475063374206
"null",16000,1430,10,1,1600,1704.98605351677,0.861513688840253,1704.12453982793,1597.84517316528,1598.06063149359,2.15458328309426,53.7278459473055,53.6656235269482,53.665631459995,1.99414062600936,1.97638453378045,0.0311946514436748
"null",16000,1430,25,0,640,698.738784808503,0.351147283618961,698.387637524884,637.899624554825,637.983621866747,2.09993279806038,35.0694673819518,35.0542195944492,35.0542436803306,1.73481848444009,1.72315961835597,0.047684403576844
"null",16000,1430,25,1,640,683.335709159052,0.354153295378399,682.981555863674,637.897420913215,637.981505603009,2.10211724483557,35.0694631039576,35.0542185684955,35.0542436803306,1.29566535168053,1.28372709757416,0.104044325664129
"null",16000,1430,50,0,320,362.947800518287,0.145939531208092,362.801860987079,317.915556557857,317.957228167195,2.08358046689171,25.0492281882604,25.0438940252878,25.0439613479976,1.79774975987223,1.79064137448444,0.0417461408153189
"null",16000,1430,50,1,320,353.349296038393,0.146406563838936,353.202889474554,317.915940865222,317.957604583062,2.0831858919961,25.0492262443443,25.0438932313213,25.0439613479976,1.4145488897555,1.40734048679831,0.0839345826282032
"null",16000,1431,2,0,8000,7877.76593384003,0.919862895695697,7876.84607094434,7997.46767502316,7998.73381356957,2.53227709282428,90.6863190003105,89.4427186391223,89.4427190999916,-1.31995368764191,-1.36274639769194,0.828989789946884
"null",16000,1431,2,1,8000,7834.35072821886,1.2625013880887,7833.08822683078,7997.40462537958,7998.66897943573,2.52870811230053,90.6829131587768,89.4424071505852,89.4427190999916,-1.79806637745769,-1.85125554957593,0.902783222841889
"null",16000,1431,5,0,3200,3177.76408757701,0.349177209997041,3177.41491036701,3197.75464820034,3198.20369586467,2.24523832168366,71.8041846248421,71.5541728401691,71.5541752799933,-0.278403838547459,-0.29053211954663,0.596858190264133
"null",16000,1431,5,1,3200,3109.98899324739,0.431221682273374,3109.55777156511,3197.706611052,3198.15678452899,2.25086738496578,71.8024145742608,71.5533604445907,71.5541752799933,-1.22165275812405,-1.23822294876685,0.864853214361971
"null",16000,1431,10,0,1600,1617.84595350026,0.184387339044742,1617.66156616122,1597.84972675108,1598.06473454557,2.15007794491637,53.7490418043383,53.6656250394492,53.665631459995,0.372029455371083,0.36516544065673,0.358904877682284
"null",16000,1431,10,1,1600,1565.8838568872,0.213177133870868,1565.67067975333,1597.82161931847,1598.03703896576,2.15419647286908,53.7479381242124,53.6648720083757,53.665631459995,-0.594213723277492,-0.603120029940305,0.712305320386124
"null",16000,1431,25,0,640,693.924574232429,0.0380413240630094,693.886532908366,637.901347434227,637.985275837184,2.09821007390712,35.0746605174472,35.0542195994771,35.0542436803306,1.59725642306171,1.5947083606453,0.0617094898746761
"null",16000,1431,25,1,640,636.485063029509,0.0732447158379818,636.411818313671,637.888674435222,637.972702656972,2.10070554374925,35.0740263716513,35.0536755433543,35.0542436803306,-0.0400185422352039,-0.0445284073383395,0.509484167836347
"null",16000,1431,50,0,320,381.333282816172,0.00291258248353059,381.330370233688,317.921024403488,317.962586866134,2.07812313229037,25.0510466763777,25.0438948517735,25.0439613479976,2.53132171409345,2.53026870391394,0.00847775396883282
"null",16000,1431,50,1,320,365.790062155454,0.0105356735941724,365.77952648186,317.911848611342,317.953490124078,2.0820756368147,25.05061035823,25.0434908539851,25.0439613479976,1.91125936092739,1.90971924148389,0.0333467330647908
"null",16000,1432,2,0,8000,8027.41901951858,-4.19619354014081,8031.61521305873,7997.47240257922,7998.73617563675,2.52754611506658,90.5341800526022,89.4427186047341,89.4427190999916,0.330776916761868,0.367598815586878,0.406098855872574
"null",16000,1432,2,1,8000,8096.47880872505,-3.79448229678052,8100.27329102183,7997.40321280812,7998.66262388848,2.51882216070104,90.5305213267012,89.4423544588059,89.4427190999916,1.09438888084368,1.13604642619455,0.2174796500009
"null",16000,1432,5,0,3200,3094.84473414906,-1.68836504695697,3096.53309919602,3197.75044244098,3198.20033135379,2.24944456407918,71.7734594277083,71.5541728465766,71.5541752799933,-1.43375711735841,-1.42084281200149,0.902446902067961
"null",16000,1432,5,1,3200,3245.30395397725,-1.74853540612309,3247.05248938337,3197.71544787896,3198.16241809087,2.23485105951051,71.7715261971719,71.553225819396,71.5541752799933,0.663055512677087,0.683268584087387,0.275280838071597
"null",16000,1432,10,0,1600,1524.86799491182,-0.838804512812665,1525.70679942464,1597.84642822175,1598.0617655194,2.15337297646437,53.7387811755501,53.6656249011611,53.665631459995,-1.35802174358081,-1.34825535392576,0.903550665982347
"null",16000,1432,10,1,1600,1627.60030527554,-0.89877679832759,1628.49908207387,1597.82237690167,1598.03736316967,2.14986267999825,53.7375555134233,53.6647601731849,53.665631459995,0.554136266329232,0.567629833915051,0.297304785834317
"null",16000,1432,25,0,640,610.116251669501,-0.36048677017683,610.476738439678,637.902744966804,637.98661704575,2.09680197364875,35.0721443434766,35.0542190178393,35.0542436803306,-0.792266735252276,-0.784780816028791,0.780396408039752
"null",16000,1432,25,1,640,589.774982084857,-0.370599087169826,590.145581172027,637.892866170286,637.976662832635,2.09491655871474,35.0714231394568,35.0535903145323,35.0542436803306,-1.37199690739937,-1.36451305647795,0.914164696227708
"null",16000,1432,50,0,320,307.367431931854,-0.175749998154935,307.543181930009,317.921425726474,317.962979924177,2.07770988517173,25.0501652803972,25.0438939237268,25.0439613479976,-0.421314337709327,-0.416061417042516,0.655380528632826
"null",16000,1432,50,1,320,326.79689463331,-0.183102222879587,326.97999685619,317.917412867743,317.95892799954,2.07575658983868,25.0496709134015,25.0434325396034,25.0439613479976,0.354474986767846,0.360216948790221,0.354934264888484
"null",16000,1433,2,0,8000,7985.23748553631,-6.90842524033303,7992.14591077664,7997.4708948012,7998.7354232436,2.52905688480807,90.3841360075731,89.4427186468135,89.4427190999916,-0.135349075681431,-0.073672989446808,0.5381170133038
"null",16000,1433,2,1,8000,7846.01598218091,-6.88090752503284,7852.89688970594,7997.46428171942,7998.73177695034,2.53499046183333,90.383904603795,89.442715758982,89.4427190999916,-1.6756113845977,-1.63048366775189,0.885725914818616
"null",16000,1433,5,0,3200,3137.10725887195,-2.7401936790699,3139.84745255102,3197.75329397278,3198.20261390907,2.2465996814318,71.743197143065,71.554173011831,71.5541752799933,-0.845321055038837,-0.815538198567441,0.775754999287815
"null",16000,1433,5,1,3200,3213.3638406098,-2.75214709811529,3216.11598770792,3197.74588080228,3198.19659497025,2.2535708398302,71.7431147005122,71.5541646603553,71.5541752799933,0.217692804009308,0.250431163898323,0.420687891487305
"null",16000,1433,10,0,1600,1618.92650429057,-1.37581663065367,1620.30232092122,1597.84674879164,1598.06205485348,2.15306061847784,53.7286783709838,53.6656251870557,53.665631459995,0.392337130524221,0.414422938151122,0.351846637334479
"null",16000,1433,10,1,1600,1637.16715857156,-1.40147659400531,1638.56863516557,1597.83826146575,1598.05439138432,2.16129918573485,53.7286432019031,53.6656174252406,53.665631459995,0.731991257587239,0.754938557032121,0.242274326869369
"null",16000,1433,25,0,640,667.529480360052,-0.584095826755591,668.113576186808,637.898668948652,637.982705272931,2.1009081069748,35.0696697964308,35.0542207089785,35.0542436803306,0.844912757473858,0.859550442271257,0.202467487926686
"null",16000,1433,25,1,640,641.488676679073,-0.576426371111704,642.065103050185,637.895931837333,637.980073286044,2.10353621776773,35.0696565808855,35.0542148925089,35.0542436803306,0.102445965886602,0.116534624343109,0.453769703427825
"null",16000,1433,50,0,320,343.751843619006,-0.298127747930608,344.049971366936,317.917268124835,317.95890616442,2.08190197928152,25.0493012703474,25.0438966309225,25.0439613479976,1.0313491468424,1.04181332430116,0.153612700613593
"null",16000,1433,50,1,320,323.398401699325,-0.301371787534869,323.69977348686,317.914588477411,317.956279035675,2.08452791318235,25.0492946239704,25.0438924816231,25.0439613479976,0.218920864009738,0.22933713101507,0.405450838592033
"null",16000,1434,2,0,8000,8112.5373687341,25.9817839828659,8086.55558475124,7997.46789163177,7998.73392146052,2.53205965749166,90.4480294671954,89.4427186514448,89.4427190999916,1.27221651792943,0.981876049999771,0.182312287512005
"null",16000,1434,2,1,8000,8161.84703739022,25.468016857692,8136.37902053253,7997.16937892569,7998.43179482865,2.5248318059248,90.4396669057438,89.4413722514021,89.4427190999916,1.82085653451332,1.54232009450988,0.098177444954834
"null",16000,1434,5,0,3200,3210.19823436133,10.4171879448558,3199.78104641647,3197.7439278751,3198.1951208919,2.25596508399332,71.7560795141514,71.5541729957392,71.5541752799933,0.173564478028212,0.0221639837087414,0.436178423166137
"null",16000,1434,5,1,3200,3254.3654552507,9.80873620855647,3244.55671904214,3197.55563173716,3198.00599746241,2.25182862626509,71.7504637828622,71.5505248849552,71.5541752799933,0.791769425845996,0.650599302445079,0.239157977484385
"null",16000,1434,10,0,1600,1569.37327794978,5.19402146949185,1564.17925648029,1597.84141297866,1598.0572524291,2.15839450440413,53.7329790426755,53.6656251310097,53.665631459995,-0.529807495063213,-0.631279256807549,0.690622457894827
"null",16000,1434,10,1,1600,1679.28173603921,4.87289445035282,1674.40884158886,1597.73294624414,1597.94880848259,2.15862238453846,53.7288832411509,53.6622395091629,53.665631459995,1.51778307821991,1.42483865387709,0.076957897912163
"null",16000,1434,25,0,640,610.621619239097,2.12738532345188,608.494233915645,637.901866336292,637.985774346296,2.0977002500914,35.0707230612884,35.0542201188567,35.0542436803306,-0.777863833874229,-0.841312125349107,0.776062291332823
"null",16000,1434,25,1,640,692.176035055138,1.98855458900941,690.187480466129,637.852256640595,637.936305893824,2.10123133070804,35.068083947321,35.0517603042986,35.0542436803306,1.54909456975601,1.49068617720455,0.0675546904122337
"null",16000,1434,50,0,320,292.417293847899,1.07166958255597,291.345624265344,317.91977626058,317.961364152566,2.07939459930092,25.0496701902045,25.0438966934732,25.0439613479976,-1.01807657422382,-1.0627635233042,0.84526985404622
"null",16000,1434,50,1,320,329.43302225481,1.01868741764457,328.414334837165,317.89543631624,317.937038919398,2.08013015789988,25.0477821465223,25.0420722966453,25.0439613479976,0.46062305521016,0.418387735394031,0.31761173377015
"null",16000,1435,2,0,8000,8082.66361916177,15.6413245547251,8067.02229460705,7997.47174422067,7998.73584657663,2.52820471191406,90.7534662981617,89.4427185892923,89.4427190999916,0.938717587504734,0.763465703049355,0.250687667808243
"null",16000,1435,2,1,8000,7905.35427324844,15.7080870878727,7889.64618616057,7997.46307037101,7998.72798523108,2.52982972012814,90.7524365046461,89.4426854568408,89.4427190999916,-1.01494572124086,-1.21957204788027,0.767332953719873
"null",16000,1435,5,0,3200,3222.99205408123,6.22872620135994,3216.76332787987,3197.74378565861,3198.19500510122,2.25609721301366,71.8177574016611,71.5541727368666,71.5541752799933,0.351560245489292,0.259500208980663,0.374477100525304
"null",16000,1435,5,1,3200,3197.61419108179,6.23813519713311,3191.37605588466,3197.74418302406,3198.19442384411,2.25120410026169,71.8173510098839,71.5540866426729,71.5541752799933,-0.00181003532498171,-0.0952897071205598,0.498598983524085
"null",16000,1435,10,0,1600,1596.85732722263,3.16089453779966,1593.69643268483,1597.83483036391,1598.05132629545,2.1649593153317,53.7535742303023,53.665624489924,53.665631459995,-0.0181848957075309,-0.081148661773898,0.503360532223043
"null",16000,1435,10,1,1600,1578.8092551239,3.13129049321673,1575.67796463068,1597.8365351255,1598.05260881024,2.16073684744012,53.7533746432954,53.6655453740459,53.665631459995,-0.353973683101019,-0.416927546782707,0.628931102581075
"null",16000,1435,25,0,640,619.794069118128,1.26258431152231,618.531484806606,637.895872771575,637.980019063142,2.10365728918225,35.0757702891294,35.0542180474941,35.0542436803306,-0.516077152525347,-0.55481295375599,0.69001372558648
"null",16000,1435,25,1,640,646.325682219689,1.25180496916653,645.073877250522,637.897596837664,637.98163116833,2.10085826663252,35.0756815625,35.0541605753732,35.0542436803306,0.240282868545458,0.20232251937521,0.401018220663919
"null",16000,1435,50,0,320,326.404414895061,0.645490557405318,325.758924337656,317.916416366303,317.95806995758,2.0826795638349,25.0514313302453,25.0438907685893,25.0439613479976,0.3388228966586,0.311487318490453,0.360640746157141
"null",16000,1435,50,1,320,317.658593668056,0.641615807793817,317.016977860262,317.917736795529,317.95935305248,2.08081284755403,25.0513779590092,25.0438485138807,25.0439613479976,-0.0103444659969128,-0.0376290086443912,0.494854218814129
"null",16000,1436,2,0,8000,8037.2471018428,-24.1639980998315,8061.41109994263,7997.46727435193,7998.73361257763,2.53267645140654,90.640282013011,89.4427186263939,89.4427190999916,0.438875813351475,0.700755615745561,0.376351503799683
"null",16000,1436,2,1,8000,7886.58002478362,-24.1951944508153,7910.77521923444,7997.39499398702,7998.66480542317,2.53962287230118,90.6424488578809,89.4424192117727,89.4427190999916,-1.22255047827695,-0.982638740804118,0.810518750387805
"null",16000,1436,5,0,3200,3184.47910121284,-9.67329216275147,3194.15239337559,3197.75367210669,3198.20291519092,2.2462154211657,71.7948837774265,71.5541728402062,71.5541752799933,-0.184895778019526,-0.056607765201567,0.563939092512993
"null",16000,1436,5,1,3200,3182.11705199856,-9.67999665102208,3191.79704864959,3197.70451304164,3198.15509878561,2.25292871985501,71.7949406533184,71.5533637051988,71.5541752799933,-0.217110856297607,-0.0888574597585917,0.575576250590783
"null",16000,1436,10,0,1600,1664.08324772951,-4.83464485516487,1668.91789258468,1597.84311364262,1598.05878225212,2.15668609496655,53.7459352768005,53.6656248212232,53.665631459995,1.23246779027552,1.32038172607906,0.122020420999464
"null",16000,1436,10,1,1600,1605.6665913059,-4.84507410944282,1610.51166541535,1597.8173053066,1598.03316173759,2.15856430995472,53.7455182904932,53.6648748450738,53.665631459995,0.14604540525373,0.232526465658936,0.441493347840323
"null",16000,1436,25,0,640,680.868459271541,-1.91408531727814,682.782544588819,637.895635139079,637.979791628365,2.10391223215789,35.0738977818154,35.0542190170202,35.0542436803306,1.22520811344617,1.27809873438344,0.11647844146284
"null",16000,1436,25,1,640,674.291872739668,-1.91214764024706,676.204020379915,637.885539498186,637.969691549184,2.10380127495313,35.073441437432,35.0536736877958,35.0542436803306,1.03800288051082,1.09073671339739,0.154837138418299
"null",16000,1436,50,0,320,323.253593484075,-0.960200781190123,324.213794265265,317.913081751205,317.954802682402,2.0860465598609,25.050778125595,25.0438932964608,25.0439613479976,0.213187458932206,0.249920869282233,0.407653536148249
"null",16000,1436,50,1,320,318.959529611713,-0.959224069153624,319.918753680866,317.911173178235,317.952827653441,2.08272376028377,25.0504058401687,25.0434887632485,25.0439613479976,0.0418498782082259,0.0785004855358102,0.474309132188899
"null",16000,1437,2,0,8000,8042.03481683704,-20.0700367790279,8062.10485361607,7997.47759233256,7998.73877030875,2.52235595238917,90.7517295814591,89.4427185757628,89.4427190999916,0.490979342321878,0.7084543528676,0.362118769760612
"null",16000,1437,2,1,8000,7949.56024571813,-20.0532428397451,7969.61348855788,7997.3515443553,7998.61305707334,2.52302543608954,90.7544918386179,89.4421398592969,89.4427190999916,-0.526599815270275,-0.324227132323561,0.647470362568073
"null",16000,1437,5,0,3200,3198.72728460143,-8.02590963335239,3206.75319423478,3197.7463887667,3198.19708723507,2.25349234184769,71.8174053366888,71.5541726702673,71.5541752799933,0.0136581909374881,0.119575234824312,0.493047140434985
"null",16000,1437,5,1,3200,3225.23382370806,-8.08204524420183,3233.31586895227,3197.67318412063,3198.1226868628,2.2475137108405,71.8170814327195,71.5526584425094,71.5541752799933,0.383761621018479,0.491850098312516,0.363958570241586
"null",16000,1437,10,0,1600,1643.10837894952,-4.00994223239435,1647.11832118192,1597.8388006409,1598.05489967844,2.1609903753524,53.7534564347741,53.6656245047643,53.665631459995,0.84217055629813,0.914242999242922,0.21119300145383
"null",16000,1437,10,1,1600,1666.61464494263,-3.98913286637831,1670.60377780901,1597.80186463743,1598.01720309905,2.15338461621326,53.7525199452755,53.6642263954707,53.665631459995,1.28017775492682,1.35260637459008,0.113425912124629
"null",16000,1437,25,0,640,648.607477611915,-1.59936736536724,650.206844977282,637.898052125776,637.982111154711,2.10147572337969,35.0757412988961,35.0542179148427,35.0542436803306,0.305322855328394,0.348737885188841,0.376775256679247
"null",16000,1437,25,1,640,673.171232515194,-1.5896920796188,674.760924594813,637.883442601433,637.967320891078,2.09695724112419,35.0748422605632,35.0531955085649,35.0542436803306,1.00607123623296,1.04965048606609,0.162151653534989
"null",16000,1437,50,0,320,292.262048801681,-0.793463844643883,293.055512646325,317.915893716235,317.957557697126,2.08319904453897,25.0514208329724,25.0438904615964,25.0439613479976,-1.02404750156081,-0.99433612716789,0.846814472977889
"null",16000,1437,50,1,320,315.621088263636,-0.801456873976464,316.422545137613,317.908638954036,317.950254552463,2.08077992134576,25.0507168887908,25.0431422277159,25.0439613479976,-0.0913167755060608,-0.0610031042014887,0.527151239991882
"null",16000,1438,2,0,8000,7764.79338277438,-25.9373771187927,7790.73075989318,7997.46506379892,7998.73250624565,2.53488489346631,90.638203552667,89.4427185947865,89.4427190999916,-2.5670376497404,-2.32553023454941,0.968332983692319
"null",16000,1438,2,1,8000,8062.67765265072,-25.5496489809697,8088.22730163169,7997.45061014346,7998.71216411138,2.523107935841,90.6361784973828,89.4425940012314,89.4427190999916,0.719657906904612,1.00081106233431,0.3031782444195
"null",16000,1438,5,0,3200,3091.94692217781,-10.3773802618406,3102.32430243965,3197.75475699922,3198.2037827865,2.24512893640363,71.794463140148,71.5541728190501,71.5541752799933,-1.473760373622,-1.33995651922803,0.908679524071886
"null",16000,1438,5,1,3200,3172.41169894782,-10.2588129950145,3182.67051194283,3197.73523308133,3198.18484991881,2.24808418738788,71.7935605187357,71.5538555468267,71.5541752799933,-0.352727096281882,-0.216820433468065,0.622658125656714
"null",16000,1438,10,0,1600,1470.13929115408,-5.20186127347059,1475.34115242755,1597.84676144296,1598.06206548335,2.1530404039408,53.745794765092,53.6656249235475,53.665631459995,-2.37613883741141,-2.28676947730751,0.989642080961854
"null",16000,1438,10,1,1600,1580.62205877095,-5.11504671712297,1585.73710548807,1597.83430797465,1598.04992793233,2.1561995767405,53.7452854058765,53.665333000964,53.665631459995,-0.320255982896391,-0.229437175840048,0.616656621584001
"null",16000,1438,25,0,640,582.576781456948,-2.059295554463,584.636077011411,637.900159353906,637.984134783238,2.09938573330386,35.0738638875604,35.0542188845055,35.0542436803306,-1.57733912848361,-1.52187267237631,0.94295810345745
"null",16000,1438,25,1,640,566.936826362047,-2.06724774726641,569.004074109313,637.897471834398,637.981394780441,2.09807365108766,35.0735936804434,35.0540050937811,35.0542436803306,-2.02319289317416,-1.96774435579019,0.979798768402287
"null",16000,1438,50,0,320,324.492592455834,-1.03368984821852,325.526282304053,317.918131225403,317.959751132891,2.08099537436232,25.0507663829148,25.0438931723829,25.0439613479976,0.262445512841263,0.302130787696618,0.388929241129497
"null",16000,1438,50,1,320,302.454938818675,-1.01973977585936,303.474678594534,317.915623753424,317.957252483472,2.08143650239747,25.0505863132837,25.0437333626134,25.0439613479976,-0.617178565858578,-0.578291330579244,0.725811521829041
"null",16000,1439,2,0,8000,7963.21070376155,21.9856059910199,7941.22509777053,7997.47273115737,7998.73634180838,2.52722130202376,90.4065458044336,89.4427186554056,89.4427190999916,-0.37897728633422,-0.642995258892104,0.606494763248847
"null",16000,1439,2,1,8000,7958.88474692583,20.1957861171488,7938.68896080869,7996.41354860265,7997.67567755709,2.52425790889376,90.3864548871322,89.4379091614586,89.4427190999916,-0.415203823666685,-0.659527009312379,0.619628105272584
"null",16000,1439,5,0,3200,3220.72824570254,8.76769978160402,3211.96054592093,3197.75756778161,3198.20603240609,2.24232312241313,71.7477136763626,71.5541729458344,71.5541752799933,0.320159023108964,0.192225176374435,0.385199678859243
"null",16000,1439,5,1,3200,3140.12192784227,9.43344672291739,3130.68848111936,3197.08084579964,3197.52978372904,2.24468964701935,71.7309180883845,71.5413494164162,71.5541752799933,-0.794063696315453,-0.934303073046968,0.764165450173113
"null",16000,1439,10,0,1600,1618.34316399307,4.36963599838021,1613.97352799469,1597.84796989541,1598.06315381977,2.15183924359236,53.7301862635599,53.6656251745809,53.665631459995,0.381446548447191,0.296472353078187,0.355650512626091
"null",16000,1439,10,1,1600,1617.76815682141,4.39304274882904,1613.37511407259,1597.46873146855,1597.68402984423,2.15298375677642,53.716976907463,53.6537888678689,53.665631459995,0.37789590035633,0.29245062761553,0.359415071468918
"null",16000,1439,25,0,640,666.367473256883,1.75032205046515,664.617151206418,637.905720318604,637.989473997824,2.09384198049969,35.0700382372537,35.0542198657464,35.0542436803306,0.811568916627101,0.759614029653912,0.21149077313013
"null",16000,1439,25,1,640,628.276157964522,1.6798601213427,626.596297843179,637.74206837501,637.825905160271,2.09591963154039,35.0610701308444,35.0455919899595,35.0542436803306,-0.269983499509903,-0.320428524086825,0.600608483102775
"null",16000,1439,50,0,320,351.055361708495,0.864849758788948,350.190511949706,317.924463770261,317.965957548563,2.07468891510953,25.0494292514985,25.043895262798,25.0439613479976,1.32262087114226,1.28672293439155,0.0978152389019607
"null",16000,1439,50,1,320,336.310261299041,0.840410867110402,335.469850431931,317.841252522424,317.882762372262,2.07549249187012,25.0429387830577,25.0375248873465,25.0439613479976,0.737493667840274,0.702429179353785,0.229990382633332
"null",16000,1440,2,0,8000,8071.91910329019,10.732341413991,8061.18676187619,7997.47294524594,7998.73644736056,2.5270042292462,90.5986879330052,89.4427185979149,89.4427190999916,0.821713423701014,0.698215746285374,0.27828927521592
"null",16000,1440,2,1,8000,8056.02341268055,10.6917854273603,8045.33162725319,7997.40764053268,7998.67560108084,2.53592109633424,90.6004814850224,89.442456455293,89.4427190999916,0.646969764256289,0.521631762156086,0.321705148254551
"null",16000,1440,5,0,3200,3230.68725109096,4.30147763849208,3226.38577345247,3197.74188770865,3198.19348745482,2.2579987308536,71.7864818690369,71.5541728258967,71.5541752799933,0.458935478164487,0.393999188087135,0.33882827695942
"null",16000,1440,5,1,3200,3279.83948434,4.22873925879472,3275.61074508121,3197.71621593941,3198.16563932862,2.24711694604959,71.7865091811956,71.5534747190002,71.5541752799933,1.14399306133282,1.08233885295892,0.15314666417592
"null",16000,1440,10,0,1600,1604.50882735759,2.1654949083654,1602.34333244923,1597.83616948239,1598.05253271969,2.16363237306459,53.743130009587,53.6656249171146,53.665631459995,0.124158341243166,0.0799543420236231,0.449562891426849
"null",16000,1440,10,1,1600,1692.56867159999,2.15812176693829,1690.41054983306,1597.82758418594,1598.0427442573,2.15160071361512,53.7427613536249,53.6649784060988,53.665631459995,1.76286229117744,1.72119338009938,0.049202976513697
"null",16000,1440,25,0,640,692.6240782482,0.83401566098782,691.790062587212,637.897102462424,637.981200172811,2.1024427596565,35.0732102688147,35.0542189012283,35.0542436803306,1.56036403187295,1.53501815476242,0.0660167027207999
"null",16000,1440,25,1,640,695.346495941647,0.825192228208097,694.521303713439,637.893097578819,637.97700538376,2.09769512352898,35.0728162267565,35.0537511802987,35.0542436803306,1.63811762338599,1.61307410550282,0.0572602390457963
"null",16000,1440,50,0,320,303.482063187872,0.423649220288935,303.058413967583,317.916685404327,317.958334325089,2.08244603812349,25.0505378133498,25.0438935430824,25.0439613479976,-0.576220052599525,-0.594952231843431,0.711623625032944
"null",16000,1440,50,1,320,325.644358586841,0.417032047610656,325.22732653923,317.915065067871,317.956656380042,2.07956560856698,25.0502162632252,25.0435455305715,25.0439613479976,0.30855196768569,0.290321118881217,0.371792466885725
"null",16000,1441,2,0,8000,8004.49367030983,10.9881963837957,7993.50547392604,7997.46550915236,7998.73272987753,2.53444145032524,90.6331896071981,89.4427186221716,89.4427190999916,0.0775451155137434,-0.0584424985288152,0.477431798683254
"null",16000,1441,2,1,8000,7975.34754287202,10.7180455052474,7964.62949736677,7997.39481588617,7998.65868507792,2.52773838351086,90.6352583991118,89.4423652885516,89.4427190999916,-0.24325271868329,-0.380459389701595,0.569068353601098
"null",16000,1441,5,0,3200,3156.68360802234,4.38700042279409,3152.29660759955,3197.73839697365,3198.19069508079,2.26149053571171,71.7934514526665,71.5541728479824,71.5541752799933,-0.571845873413351,-0.64138939288346,0.695153949284365
"null",16000,1441,5,1,3200,3279.83204820636,4.49177044756729,3275.3402777588,3197.70093884919,3198.15090407706,2.24982613931493,71.7933498104061,71.5532379840114,71.5541752799933,1.14399327478191,1.07876842273703,0.153168278576434
"null",16000,1441,10,0,1600,1526.64576189816,2.21405050831787,1524.43171138985,1597.8365476469,1598.05287316785,2.16325520954053,53.7454576806462,53.6656249569214,53.665631459995,-1.32459167380708,-1.37184951888856,0.897889921398691
"null",16000,1441,10,1,1600,1577.92804538087,2.24209981961163,1575.68594556126,1597.81577090383,1598.03141162491,2.15640721083528,53.7449127066058,53.6647598133513,53.665631459995,-0.370039218995967,-0.416389938972481,0.634854948825493
"null",16000,1441,25,0,640,609.580590450583,0.929984149451507,608.650606301131,637.898028658316,637.98208958216,2.10152309610262,35.0737812754791,35.054219268149,35.0542436803306,-0.807367702538836,-0.836746157621028,0.784939867729122
"null",16000,1441,25,1,640,655.789144464413,0.936451629284322,654.852692835128,637.884235984634,637.968379554305,2.10358924177127,35.0732399360762,35.0535929357207,35.0542436803306,0.510500555763085,0.481671402751362,0.304301963224
"null",16000,1441,50,0,320,320.655983500017,0.477955902259738,320.178027597758,317.91686533506,317.958510787765,2.08227263526392,25.0507383305742,25.0438940884411,25.0439613479976,0.109342811729194,0.088625067737237,0.447711442759164
"null",16000,1441,50,1,320,335.88368856958,0.475792384755229,335.407896184824,317.910445681443,317.952099152801,2.08267356792473,25.0503036520309,25.0434287832762,25.0439613479976,0.717486028824235,0.697021050235743,0.23496958237948
"null",16000,1442,2,0,8000,8077.32738429254,1.09969500363607,8076.2276892889,7997.47240002473,7998.7361756828,2.5275513161386,90.4443702984846,89.442718634719,89.4427190999916,0.882918240287082,0.866381465019842,0.264209420967256
"null",16000,1442,2,1,8000,8146.70662166395,1.47554551858139,8145.23107614537,7996.71153855001,7997.97499343017,2.52690976032252,90.4450541685767,89.4393943824966,89.4427190999916,1.6584111148231,1.64643425564184,0.120231552063064
"null",16000,1442,5,0,3200,3221.19391577818,0.468158455543914,3220.72575732263,3197.74614323731,3198.19689218225,2.25374472473015,71.755340906648,71.5541728574697,71.5541752799933,0.326773899261059,0.314850472595887,0.38298612488419
"null",16000,1442,5,1,3200,3341.31659251147,0.494007627885282,3340.82258488358,3197.26894784153,3197.71786153174,2.2445684510302,71.7480864849726,71.544958674732,71.5541752799933,2.00768622170994,2.00020694682968,0.0380123791331202
"null",16000,1442,10,0,1600,1620.73460861669,0.2241084368878,1620.5105001798,1597.84577190019,1598.06117496001,2.15403059817627,53.7327323968994,53.665624941438,53.665631459995,0.425975670610443,0.418318527815393,0.340157319853197
"null",16000,1442,10,1,1600,1711.49012643792,0.345011363036266,1711.14511507489,1597.57640345146,1597.79136211214,2.14958660681047,53.7249899527741,53.6570657806587,53.665631459995,2.12031166663039,2.11255966597431,0.0242151588816763
"null",16000,1442,25,0,640,651.767704254329,0.0625630170940487,651.705141237235,637.896503383811,637.980625224374,2.10304601407406,35.0706616051147,35.0542191328601,35.0542436803306,0.395521505316995,0.391522514332532,0.344094157457124
"null",16000,1442,25,1,640,651.358324881453,0.068820797117924,651.289504084335,637.783452829605,637.867460181602,2.10018379993351,35.0646982820673,35.0480320424788,35.0542436803306,0.387137854221633,0.382961413823905,0.348262766737762
"null",16000,1442,50,0,320,314.721226829151,0.0430083910845699,314.678218438067,317.915489971066,317.957162972946,2.08365009398349,25.0496466754576,25.0438942353982,25.0439613479976,-0.127517293289576,-0.130927902188797,0.541415142960254
"null",16000,1442,50,1,320,325.929195431102,0.0375412265364324,325.891654204565,317.857316997724,317.898972423721,2.0827712998142,25.0451637808893,25.0393303558736,25.0439613479976,0.322292898700738,0.319205093237247,0.367598048839184
"null",16000,1443,2,0,8000,8059.71629372759,-14.7474814021704,8074.46377512976,7997.47369742919,7998.73682396214,2.52625306591189,90.6802373840188,89.442718622004,89.4427190999916,0.686396486092241,0.846653057222539,0.311363419698502
"null",16000,1443,2,1,8000,8011.35738054253,-13.5061995728269,8024.86358011536,7997.32606993611,7998.5859750889,2.51981030556746,90.6748983077504,89.4420173334533,89.4427190999916,0.154743053130246,0.29379486073634,0.455877857190599
"null",16000,1443,5,0,3200,3261.35764726291,-5.88741220686035,3267.24505946977,3197.75548118135,3198.20436270858,2.2444076361377,71.8029561363567,71.5541728934137,71.5541752799933,0.885787570650689,0.964873102006735,0.213199585978169
"null",16000,1443,5,1,3200,3212.96043409229,-5.85554062310528,3218.81597471539,3197.65485940127,3198.10458559429,2.24863096509687,71.7997401158758,71.5523329296246,71.5541752799933,0.213170335523772,0.289457915250335,0.422655058314678
"null",16000,1443,10,0,1600,1651.69924659521,-2.9155816560717,1654.61482825128,1597.84917618317,1598.06423902514,2.15062841974548,53.7486317642264,53.6656250197988,53.665631459995,1.00188727869869,1.05375814043482,0.170752563502414
"null",16000,1443,10,1,1600,1587.86897988703,-2.8111493565621,1590.6801292436,1597.79165176369,1598.00703900984,2.15387246154555,53.7464288441311,53.663922931274,53.665631459995,-0.184620115048563,-0.136533249267458,0.566624140880779
"null",16000,1443,25,0,640,658.565147763682,-1.18685576500894,659.752003528691,637.903339763746,637.987188064533,2.09620751968081,35.0745594302602,35.0542190293195,35.0542436803306,0.58908246705189,0.620890040253169,0.27818008889657
"null",16000,1443,25,1,640,669.679383423857,-1.12938725434541,670.808770678202,637.875543753059,637.959584470988,2.10101794824435,35.0732013949852,35.052990536896,35.0542436803306,0.906784622043239,0.937129349138906,0.186418101962421
"null",16000,1443,50,0,320,355.322756200513,-0.597750215461745,355.920506415975,317.917749468139,317.95937703642,2.0813784140619,25.0510099276194,25.0438933051741,25.0439613479976,1.49315364292497,1.51578386463227,0.0732645440364608
"null",16000,1443,50,1,320,331.7804248776,-0.576420941722785,332.356845819323,317.905254838983,317.946897074371,2.08211176943186,25.0500540118087,25.0429837238172,25.0439613479976,0.553897809245318,0.575408621587181,0.28601141303073
"null",16000,1444,2,0,8000,7858.80236328805,-9.7191900145819,7868.52155330263,7997.48557921485,7998.742764362,2.51437029429135,90.4738456738131,89.4427186057142,89.4427190999916,-1.53285421763544,-1.45591740825113,0.864717688030112
"null",16000,1444,2,1,8000,7903.20876087642,-9.45596110830387,7912.66472198473,7997.46513143239,7998.72438734912,2.51851183345353,90.474929381356,89.4426472014185,89.4427190999916,-1.04179545870299,-0.962177082824854,0.772525387525002
"null",16000,1444,5,0,3200,3135.55327661604,-3.90808343225466,3139.46136004829,3197.75759424383,3198.20605263955,2.242291978621,71.7612854718621,71.5541728147097,71.5541752799933,-0.866822789179011,-0.820982065481777,0.781603297525208
"null",16000,1444,5,1,3200,3037.3819869533,-3.96687643700041,3041.34886339031,3197.74552154003,3198.1943452796,2.24411869785198,71.7614795975031,71.5539780349182,71.5541752799933,-2.23467430557696,-2.19198828907536,0.979055692559657
"null",16000,1444,10,0,1600,1553.08035017534,-1.95198478051545,1555.03233495586,1597.85025269568,1598.06520708253,2.14954386847771,53.7347163149953,53.6656247147146,53.665631459995,-0.833165327567583,-0.801870328640137,0.78532966615983
"null",16000,1444,10,1,1600,1537.15328869913,-1.95628211121419,1539.10957081035,1597.84660164358,1598.06134531783,2.14743674253245,53.7346847241409,53.6654444048642,53.665631459995,-1.12949974966877,-1.0985052888548,0.859581866484501
"null",16000,1444,25,0,640,596.895778724567,-0.808408570150444,597.704187294717,637.902358186032,637.98624558187,2.09718489593515,35.0711475997531,35.0542187641502,35.0542436803306,-1.16923973887168,-1.14913581609608,0.876489387497596
"null",16000,1444,25,1,640,617.54914529538,-0.797300960660995,618.346446256041,637.900928088613,637.984774527361,2.09616096868971,35.0710556087688,35.0540876788151,35.0542436803306,-0.580301403535299,-0.560229336197728,0.712271681434964
"null",16000,1444,50,0,320,311.119932307529,-0.399497311542705,311.519429619071,317.920177036983,317.961755889783,2.07894264001982,25.0498149747543,25.0438926025936,25.0439613479976,-0.271468860600668,-0.257241411027479,0.598055858727168
"null",16000,1444,50,1,320,313.075757659793,-0.375327140051943,313.451084799845,317.921601974218,317.963127301069,2.07626634256236,25.0497322418121,25.0437958606356,25.0439613479976,-0.193448946585407,-0.180166078909647,0.5674173402556
"null",16000,1445,2,0,8000,7926.73054028513,10.7166031313709,7916.01393715376,7997.46622002607,7998.73308645468,2.53373285722109,90.4187953308087,89.4427186699294,89.4427190999916,-0.782311680687016,-0.924828208835879,0.712230421964572
"null",16000,1445,2,1,8000,8034.81949857579,11.3886901616034,8023.43080841418,7997.05305926413,7998.31807839149,2.53003825470773,90.4085326626271,89.4408497870487,89.4427190999916,0.417730917640096,0.280774725223301,0.383636544538439
"null",16000,1445,5,0,3200,3378.27152894649,4.28723170915239,3373.98429723733,3197.75698075228,3198.20556308964,2.24291168683183,71.7501835164492,71.5541729833753,71.5541752799933,2.51587576989023,2.4565825698039,0.0131625492017209
"null",16000,1445,5,1,3200,3291.53664427705,3.68065016745067,3287.8559941096,3197.49002437866,3197.93805284275,2.24014232046278,71.7427336065204,71.5490548209046,71.5541752799933,1.31088704277981,1.25673136412386,0.121670324141299
"null",16000,1445,10,0,1600,1675.97214844471,2.12920229031386,1673.8429461544,1597.85044874043,1598.0653848567,2.14936116274893,53.7310106513782,53.6656252120502,53.665631459995,1.45394063422994,1.4120316496504,0.0854748080105179
"null",16000,1445,10,1,1600,1655.38026525535,1.84294601027069,1653.53731924508,1597.69754390544,1597.91270395125,2.15160045818634,53.7254742117279,53.6609127659978,53.665631459995,1.07365681171268,1.0365946538478,0.155090663429794
"null",16000,1445,25,0,640,613.502797495137,0.828074377680776,612.674723117456,637.907616634292,637.991294556213,2.09194804803709,35.0702407067567,35.0542200197038,35.0542436803306,-0.695883993018989,-0.722211802873575,0.750493803760768
"null",16000,1445,25,1,640,606.954329623604,0.680775475721273,606.273554147883,637.839215774436,637.923062967767,2.09617983326269,35.0666061911461,35.0507942211268,35.0542436803306,-0.880749222849806,-0.902961245905441,0.806448243664589
"null",16000,1445,50,0,320,315.115642413981,0.403492695115893,314.712149718865,317.925176720218,317.966656471576,2.07398756785953,25.0495009723914,25.0438961890351,25.0439613479976,-0.112159292487851,-0.129952094040989,0.535165298387089
"null",16000,1445,50,1,320,317.60065241361,0.340389955911154,317.260262457699,317.889019243142,317.930567708643,2.07742327502005,25.0468981312821,25.0413670411232,25.0439613479976,-0.0115130755122037,-0.0267679176557221,0.49577128554249
"null",16000,1446,2,0,8000,8014.8835996923,24.3282103121622,7990.55538938014,7997.46811080526,7998.73402944909,2.5318372876658,90.5317696827458,89.4427186061152,89.4427190999916,0.192368810949687,-0.0914399762933218,0.444855592551881
"null",16000,1446,2,1,8000,7907.81532020062,24.3476568530942,7883.46766334752,7997.42835338184,7998.69713190606,2.53755704843286,90.53315745233,89.4425673435421,89.4427190999916,-0.989836604654058,-1.2883068093959,0.761297794435731
"null",16000,1446,5,0,3200,3154.04369994084,9.70310929934084,3144.3405906415,3197.75321342182,3198.2025486029,2.24667590540042,71.7729736116128,71.554172907437,71.5541752799933,-0.608996831000874,-0.752743771227411,0.706716796889344
"null",16000,1446,5,1,3200,3198.68403996269,9.75743344872246,3188.92660651397,3197.71714495958,3198.16933911591,2.26097078166668,71.7730828027639,71.5537595830298,71.5541752799933,0.0134715545905829,-0.129171865403091,0.493262792067214
"null",16000,1446,10,0,1600,1540.14167799168,4.8351862013588,1535.30649179032,1597.84433210333,1598.05987918683,2.15547083497819,53.7386195099112,53.6656249716339,53.665631459995,-1.07376509925071,-1.16934047501883,0.847136851672398
"null",16000,1446,10,1,1600,1538.99449017519,4.87574136480209,1534.11874881039,1597.825850092,1598.04201043437,2.1616034236273,53.738434776751,53.6652385888922,53.665631459995,-1.09477248753566,-1.19114837285402,0.851996227706385
"null",16000,1446,25,0,640,608.336454487081,1.9444569843764,606.391997502704,637.898828545868,637.98285743286,2.10072217481434,35.0721049841214,35.0542192341881,35.0542436803306,-0.842902759106442,-0.901199930288147,0.795289442048233
"null",16000,1446,25,1,640,624.925067913473,1.9886648344544,622.936403079019,637.892385256705,637.976459545826,2.10185722802397,35.0718753766911,35.0539358172736,35.0542436803306,-0.369735498999001,-0.429054715715996,0.636778869504154
"null",16000,1446,50,0,320,302.922150347482,0.971182398585686,301.950967948896,317.918113703882,317.959734416607,2.08103563624569,25.0501524274952,25.0438949776128,25.0439613479976,-0.598637609084581,-0.639228302227799,0.719396715715432
"null",16000,1446,50,1,320,292.344676756588,0.982304159048292,291.36237259754,317.91681110613,317.958402998851,2.07959463602064,25.049959778849,25.0436829229305,25.0439613479976,-1.02084532571322,-1.06198559066402,0.84599356961888
"null",16000,1447,2,0,8000,7973.89207099712,-10.779410441138,7984.67148143825,7997.46249933489,7998.73122500169,2.53745133359945,90.5250546671418,89.442718625278,89.4427190999916,-0.260374637987708,-0.157192712604588,0.57359454705978
"null",16000,1447,2,1,8000,7931.72482025582,-10.6033610145474,7942.32818127037,7997.4064601494,7998.67003199912,2.52714369944294,90.5267022889246,89.4424364862217,89.4427190999916,-0.72554990111042,-0.629923031417357,0.698536673013801
"null",16000,1447,5,0,3200,3133.66444638782,-4.30663966085034,3137.97108604867,3197.75131270325,3198.20102817217,2.24857734461488,71.7716182587266,71.5541729084145,71.5541752799933,-0.892927704157444,-0.841739058329877,0.788594614637693
"null",16000,1447,5,1,3200,3207.40189761761,-4.4629054621594,3211.86480307977,3197.71006970208,3198.159592501,2.24761399458727,71.7715090210139,71.5533736027554,71.5541752799933,0.135037259878306,0.191538286578327,0.449953243390008
"null",16000,1447,10,0,1600,1563.47162081619,-2.17614289626132,1565.64776371245,1597.84431714846,1598.05986573339,2.15548584930133,53.7381663781369,53.6656249453093,53.665631459995,-0.63963284661408,-0.603963935088223,0.726880075442535
"null",16000,1447,10,1,1600,1586.67073767325,-2.28790477083975,1588.95864244409,1597.81492351825,1598.03106055831,2.16137040056859,53.7376955782153,53.6648899725176,53.665631459995,-0.207381163726699,-0.169056866022915,0.574983366481692
"null",16000,1447,25,0,640,631.650312172688,-0.872987563836996,632.523299736525,637.895378915517,637.979545959459,2.10417609853531,35.0719942718678,35.0542194431671,35.0542436803306,-0.178064204003338,-0.155651625099806,0.563429592285775
"null",16000,1447,25,1,640,614.560823742295,-0.905288190554381,615.466111932849,637.887572047599,637.971650079864,2.10195080663148,35.0715289518054,35.053683963158,35.0542436803306,-0.665119229257414,-0.642030611409303,0.740750541205911
"null",16000,1447,50,0,320,342.807333839746,-0.437955521570784,343.245289361316,317.91284534162,317.95457142467,2.08630415251185,25.0501135418268,25.0438949694994,25.0439613479976,0.993787451564203,1.00985561421048,0.162196258083691
"null",16000,1447,50,1,320,328.50330262464,-0.440453121405653,328.943755746045,317.910221939736,317.951897478925,2.0837769594523,25.0497407476147,25.0434969257445,25.0439613479976,0.422881849023212,0.438910680074413,0.330565893685665
"null",16000,1448,2,0,8000,7976.29818456278,14.2908404263504,7962.00734413643,7997.46415767313,7998.73205440434,2.53579346243313,90.5699542545373,89.4427186435439,89.4427190999916,-0.233697513535889,-0.410594745160543,0.566107423684247
"null",16000,1448,2,1,8000,7935.03468566527,14.1692790688781,7920.8654065964,7997.46440976106,7998.73041286506,2.53200620800998,90.569272602579,89.4427017820415,89.4427190999916,-0.689303582791558,-0.870557403983747,0.689306166335294
"null",16000,1448,5,0,3200,3254.07450566133,5.73033103916891,3248.34417462216,3197.74666868447,3198.19731256747,2.25321941500294,71.7806803459829,71.5541728661976,71.5541752799933,0.784721413970442,0.700823726220162,0.24027514130435
"null",16000,1448,5,1,3200,3203.04225152859,5.66238441418932,3197.3798671144,3197.74450604654,3198.19513166142,2.25312807442257,71.7804299482946,71.5541297619558,71.5541752799933,0.073804872524067,-0.0113936756652544,0.471559714982724
"null",16000,1448,10,0,1600,1569.44986945553,2.86682732585387,1566.58304212967,1597.84312938118,1598.05879671782,2.15667336636569,53.7411925041031,53.6656249421102,53.665631459995,-0.528333269186158,-0.586516128752795,0.690138975645808
"null",16000,1448,10,1,1600,1601.06343458961,2.82734981846246,1598.23608477115,1597.841466147,1598.05717223974,2.1570609273661,53.7410752115128,53.6655849231676,53.665631459995,0.0599535537748265,0.003333841076504,0.473710953200488
"null",16000,1448,25,0,640,587.96752955548,1.16336882361672,586.804160731863,637.898357248016,637.982404979456,2.10119328599349,35.0727362103069,35.0542192251292,35.0542436803306,-1.42363650766041,-1.45997387415506,0.92223049185749
"null",16000,1448,25,1,640,607.103571470237,1.12656976621591,605.977001704022,637.897209166777,637.981280684154,2.10178793440735,35.0726858912874,35.0541896308315,35.0542436803306,-0.877994853088497,-0.912994404297484,0.805260686953091
"null",16000,1448,50,0,320,280.461927545187,0.564917363119058,279.897010182068,317.917289134579,317.958925973759,2.08184195901667,25.0503718966804,25.0438935643225,25.0439613479976,-1.49520181751695,-1.51980823963868,0.936337781563058
"null",16000,1448,50,1,320,300.438539669146,0.531311828928684,299.907227840217,317.917772794042,317.959394350959,2.08107784583109,25.0503429938901,25.0438718745539,25.0439613479976,-0.697764223394461,-0.720821708446928,0.752710054176384
"null",16000,1449,2,0,8000,8024.2944434843,4.38016860456744,8019.91427487973,7997.45792776452,7998.72893862845,2.54202172787035,90.4804756893661,89.4427186168851,89.4427190999916,0.296600073278962,0.236859261199592,0.415685270616431
"null",16000,1449,2,1,8000,8060.11713485788,3.99824605003166,8056.11888880785,7997.44113287751,7998.70752472524,2.53278369547476,90.4817901031086,89.44259988672,89.4427190999916,0.692691887604696,0.641879419374184,0.31024978492717
"null",16000,1449,5,0,3200,3250.52431852801,1.7752882042577,3248.74903032376,3197.74613781083,3198.19688777174,2.25374980453953,71.7626235171974,71.5541728466465,71.5541752799933,0.735455006108232,0.706487693741638,0.254138657538245
"null",16000,1449,5,1,3200,3204.59475847928,1.66318214936673,3202.93157632991,3197.73407677082,3198.1838863035,2.24904766341482,71.762791382402,71.5538534590356,71.5541752799933,0.0956022135747492,0.0663512836402166,0.463850279373918
"null",16000,1449,10,0,1600,1575.55443252862,0.894216503312478,1574.6602160253,1597.84017457667,1598.0561372002,2.15962623526984,53.7351633324977,53.6656248683779,53.665631459995,-0.414732935864657,-0.435957304741625,0.65065933407734
"null",16000,1449,10,1,1600,1574.95409316426,0.848670004576726,1574.10542315968,1597.83838089979,1598.05357631852,2.15195418729073,53.7350530790175,53.6653282719726,53.665631459995,-0.425872618044687,-0.446250007779127,0.654619319031476
"null",16000,1449,25,0,640,654.762911456689,0.326741368755313,654.436170087934,637.896644280494,637.980760251315,2.10289927053334,35.0712569842884,35.0542188081546,35.0542436803306,0.480914247919637,0.469427372684476,0.314247100741856
"null",16000,1449,25,1,640,624.815576094982,0.315885901386849,624.499690193595,637.896856382858,637.98080241897,2.09865090280509,35.0710905843271,35.0540032077209,35.0542436803306,-0.372993256551939,-0.384581245842013,0.637944438602854
"null",16000,1449,50,0,320,350.656581084761,0.159275666018142,350.497305418743,317.915517913797,317.957190122583,2.0836104392999,25.0498537547763,25.0438932844345,25.0439613479976,1.30703610054891,1.29932334907304,0.100397408068058
"null",16000,1449,50,1,320,329.912655198489,0.136526295331934,329.776128903157,317.915135847288,317.956774129004,2.08191408583464,25.0497107841197,25.0437325953016,25.0439613479976,0.478948417991597,0.471948609464468,0.311023189747381
"null",16000,1450,2,0,8000,8027.37808733535,-5.74428313620963,8033.12237047156,7997.46190596682,7998.7309279253,2.53804391696315,90.6868797707814,89.4427186063053,89.4427190999916,0.329884338772496,0.38450801901083,0.40622407274608
"null",16000,1450,2,1,8000,8116.21197298949,-6.61970334649448,8122.83167633598,7997.31852325598,7998.58467732024,2.5323081285243,90.6896309875199,89.4420144590674,89.4427190999916,1.31099276112246,1.38913462277394,0.17480045063362
"null",16000,1450,5,0,3200,3206.50931864454,-2.2657994949133,3208.77511813945,3197.74546522608,3198.19634949388,2.25442133899037,71.8042984927858,71.554172819397,71.5541752799933,0.122051932856623,0.147842791394908,0.45436534306509
"null",16000,1450,5,1,3200,3276.18824664607,-2.2344557313025,3278.42270237737,3197.65657357072,3198.10603248014,2.24729454712075,71.8036967415846,71.5523387488635,71.5541752799933,1.09369958148501,1.12248839523086,0.164007001743849
"null",16000,1450,10,0,1600,1594.72750415276,-1.14734800076345,1595.87485215352,1597.84201295491,1598.0577917799,2.15778824995806,53.7490798165427,53.6656248766093,53.665631459995,-0.0579453418137816,-0.0406766832846399,0.518397080256556
"null",16000,1450,10,1,1600,1644.56277678385,-1.18606894096214,1645.74884572481,1597.79082840192,1598.00634131242,2.15512910507337,53.7478683709442,53.6639358811448,53.665631459995,0.870210294836891,0.889657152955175,0.203967141539488
"null",16000,1450,25,0,640,678.968528299675,-0.438548492202527,679.407076791878,637.896638672906,637.980754828838,2.102903898291,35.0746692358123,35.0542187692022,35.0542436803306,1.1709843748101,1.18177849678498,0.126769281072936
"null",16000,1450,25,1,640,648.026838945577,-0.427037265366285,648.453876210943,637.874029083,637.95813418941,2.10262766027204,35.0735733381686,35.0529955857078,35.0542436803306,0.289471784488194,0.299424966287678,0.382897137648415
"null",16000,1450,50,0,320,349.360477233413,-0.218265829960556,349.578743063373,317.917117338484,317.958757335826,2.08199986707944,25.0510473810731,25.043892450024,25.0439613479976,1.25517146714932,1.26258271515286,0.10914725849701
"null",16000,1450,50,1,320,337.336930116945,-0.189663759630919,337.526593876576,317.905738499377,317.947372835508,2.08171680654806,25.0501914610806,25.0429905703818,25.0439613479976,0.775690343435406,0.781824398569415,0.218268555185571
