"scen","n","rep","m","oracle","G","HL","C","EF","mu","muEF","d","sdHL","sdEF","sdEF_simple","zHL","zEF","pHL_chisq"
"null",4000,3151,2,0,2000,1976.86163129456,-3.65297847276774,1980.51460976732,1997.46694409775,1998.73336688925,2.5328455830114,45.2445470742142,44.7213549699687,44.7213595499958,-0.455420910046712,-0.407383835623096,0.627418930393705
"null",4000,3151,2,1,2000,1989.52879386676,-3.50533657692045,1993.03413044368,1997.40814679031,1998.67504797311,2.53380236560588,45.2456600629001,44.7208295446681,44.7213595499958,-0.174146048761166,-0.126136245388589,0.549203097260376
"null",4000,3151,5,0,800,790.891495136434,-1.37888833472331,792.270383471157,797.746473463687,798.197081708316,2.25304122314642,35.8821531496012,35.7770661710484,35.7770876399966,-0.191041443323465,-0.165656351161499,0.564254668770803
"null",4000,3151,5,1,800,834.540296776916,-1.30065684738113,835.840953624297,797.708853852515,798.15955307335,2.25349610417496,35.8813647448714,35.7756498126244,35.7770876399966,1.02647831781999,1.05326949330912,0.179393717339024
"null",4000,3151,10,0,400,395.211378319438,-0.742894633768776,395.954272953207,397.83533542896,398.051717818403,2.16382389443473,26.8678055726442,26.8327596090868,26.8328157299975,-0.0976617573931365,-0.0781673184477802,0.530062042762082
"null",4000,3151,10,1,400,439.051750659122,-0.739404413887661,439.79115507301,397.816264135098,398.032455450688,2.16191315589642,26.8667382386973,26.8314450285246,26.8328157299975,1.53481550896382,1.55633435239616,0.0761779727973708
"null",4000,3151,25,0,160,189.782570421052,-0.293689215038386,190.076259636091,157.893996511471,157.978161399833,2.10412220907498,17.5354873694858,17.5269162647315,17.5271218401653,1.81851654520151,1.83136027761179,0.0429614505729168
"null",4000,3151,25,1,160,167.136311587006,-0.308246925299723,167.444558512305,157.891248111099,157.975164551273,2.09791100436003,17.534597193743,17.5259586961797,17.5271218401653,0.527246983421197,0.540306760114425,0.294009335885327
"null",4000,3151,50,0,80,77.609318427514,-0.0668651843707512,77.6761836118848,77.9170553758287,77.9586421014708,2.07933628210699,12.5243949926349,12.5214163799032,12.5219806739988,-0.0245710031099815,-0.0225580302592119,0.491184527369342
"null",4000,3151,50,1,80,88.1325222918949,-0.16833412126324,88.3008564131581,77.9149747604195,77.9565133606544,2.07693001174837,12.523725665357,12.5207221829398,12.5219806739988,0.815855265796746,0.826177827553628,0.202868169060535
"null",4000,3152,2,0,2000,2001.16077294238,0.280080418973864,2000.8806925234,1997.47840990047,1998.73910635232,2.52139290369569,45.2275183162368,44.7213558220894,44.7213595499958,0.0814186402215003,0.0478873265738854,0.475870768678507
"null",4000,3152,2,1,2000,2037.43586910933,0.670651270021301,2036.76521783931,1997.43442160299,1998.70438594575,2.53992868552111,45.2257698979651,44.7211284562787,44.7213595499958,0.884483505678006,0.851070471774143,0.264242868771355
"null",4000,3152,5,0,800,811.44154819852,0.125153044511596,811.316395154008,797.754743512041,798.203705663318,2.24481075638477,35.8787221653967,35.7770685487297,35.7770876399966,0.38147414011527,0.366511008939449,0.362698891141504
"null",4000,3152,5,1,800,815.640147488956,0.10543042528195,815.534717063674,797.73657726498,798.185807422742,2.24615078880709,35.8776221653265,35.7764292925138,35.7770876399966,0.499017748207365,0.484925689455619,0.324553999799124
"null",4000,3152,10,0,400,398.722550113371,0.0830212622883313,398.639528851083,397.859058675202,398.073075007695,2.14016332493404,26.8666653843195,26.8327641985445,26.8328157299975,0.0321398813666408,0.0211105288741815,0.480370678458766
"null",4000,3152,10,1,400,414.688110616466,-0.0237364295861528,414.711847046052,397.843809804165,398.058387860329,2.14578056164436,26.8658953910752,26.832161300726,26.8328157299975,0.62697708626891,0.62065291718684,0.271933901697598
"null",4000,3152,25,0,160,129.114162998457,0.0489153147604219,129.065247683697,157.910704122197,157.994205735164,2.08754032418357,17.5352243483462,17.5269306801237,17.5271218401653,-1.64221116032974,-1.65054330272866,0.955244469101172
"null",4000,3152,25,1,160,135.604194177406,0.0560829031022811,135.548111274304,157.910212806091,157.993575596449,2.08406975896235,17.5347586904553,17.5265075284668,17.5271218401653,-1.272102971159,-1.28065812802059,0.900931533940923
"null",4000,3152,50,0,80,74.7241042176597,0.0266298358104557,74.6974743818492,77.9306684144678,77.9719878567364,2.06597211342713,12.5243407568046,12.5214562921072,12.5219806739988,-0.256026585276833,-0.261512191433453,0.584121511369905
"null",4000,3152,50,1,80,81.3312952097564,0.0413694798594542,81.2899257298969,77.928308155719,77.9696339837828,2.06629140318748,12.5240103800951,12.5211407445056,12.5219806739988,0.271717041966514,0.265174860171676,0.375912634181567
"null",4000,3153,2,0,2000,2016.90906197031,-4.64933258438629,2021.55839455469,1997.48653366236,1998.74316342851,2.51325953230488,45.2321636313255,44.721355846461,44.7213595499958,0.42939640177857,0.510164119453681,0.378764293212226
"null",4000,3153,2,1,2000,1959.8683618878,-4.87101912974773,1964.73938101755,1997.46693998081,1998.72837810037,2.52287623912083,45.2311225913971,44.7212659848436,44.7213595499958,-0.831254586198612,-0.760018669738519,0.724590469321167
"null",4000,3153,5,0,800,818.348797893381,-1.87132676282239,820.220124656203,797.765158109831,798.212042072445,2.23441981307053,35.8796614175096,35.7770696685611,35.7770876399966,0.573685452157171,0.615144917894099,0.300924221881463
"null",4000,3153,5,1,800,838.46528198119,-1.81225315579349,840.277535136983,797.766546303979,798.211874179471,2.22663937746021,35.8791274145729,35.7768264205065,35.7770876399966,1.13432902664965,1.17577955247036,0.155557184051828
"null",4000,3153,10,0,400,382.258066985202,-0.960211654498127,383.218278639701,397.85519713278,398.069598814299,2.14401681519114,26.8669799174024,26.8327639552625,26.8328157299975,-0.58053157427922,-0.553477092384516,0.706014189167315
"null",4000,3153,10,1,400,404.414787527948,-0.891646568221246,405.306434096169,397.84016633191,398.055716742346,2.15550410436195,26.8666528292495,26.832542055659,26.8328157299975,0.244713073780454,0.270221037529086,0.401387789185843
"null",4000,3153,25,0,160,159.794828950506,-0.441807440643734,160.23663639115,157.901128626658,157.985013117715,2.09711227642117,17.5353012652174,17.5269305902663,17.5271218401653,0.107993600748907,0.128466491142781,0.445094058987086
"null",4000,3153,25,1,160,133.236083981181,-0.414084476441928,133.650168457623,157.89957946634,157.983467629585,2.09720408112445,17.5351191755083,17.526774912631,17.5271218401653,-1.40651998074853,-1.38835006972252,0.924400459629544
"null",4000,3153,50,0,80,57.3454512885917,-0.197606641612982,57.5430579302047,77.9225245223925,77.9640074923842,2.07414849958607,12.5243763623689,12.5214619358266,12.5219806739988,-1.64296190392579,-1.63087582479094,0.961862608524729
"null",4000,3153,50,1,80,46.2462644872622,-0.181792478038459,46.4280569653006,77.9183215501899,77.9598743423436,2.07763960768603,12.5242570855768,12.5213518093408,12.5219806739988,-2.52885714869283,-2.51824386513288,0.998399155349504
"null",4000,3154,2,0,2000,1997.73209050381,5.83386716559526,1991.89822333821,1997.4829550054,1998.74137277989,2.51683554898766,45.4371309442922,44.7213553200685,44.7213595499958,0.00548308163892993,-0.153017487790937,0.497483392364023
"null",4000,3154,2,1,2000,2069.63252396466,5.47369692100679,2064.15882704365,1997.34830463999,1998.6233693712,2.55012946243051,45.4310120067772,44.7203011625446,44.7213595499958,1.5910765825311,1.46545206469539,0.129148431041191
"null",4000,3154,5,0,800,821.06308184025,2.31960729756901,818.743474542681,797.771151569041,798.21682493009,2.22836680524265,35.9210635024213,35.7770664636138,35.7770876399966,0.648419840621871,0.573737638145005,0.278105669746539
"null",4000,3154,5,1,800,855.257760436261,2.39925034139181,852.858510094869,797.696734483544,798.143479220874,2.23372368665149,35.9168917493106,35.7743986183236,35.7770876399966,1.60261712941298,1.52944655919303,0.0782538176045144
"null",4000,3154,10,0,400,425.609428560907,1.09881260645371,424.510615954453,397.858362893969,398.072440775492,2.14077881522238,26.8808010928692,26.8327585907929,26.8328157299975,1.03237494935741,0.985294713158306,0.16346060742364
"null",4000,3154,10,1,400,455.242650940533,1.13442387600849,454.108227064525,397.815245430513,398.029783578436,2.14538147922651,26.8778213269073,26.8303294166121,26.8328157299975,2.13660939298416,2.09011386387853,0.024856347054456
"null",4000,3154,25,0,160,156.759309922831,0.4139131110761,156.345396811755,157.913008223817,157.996411113984,2.08507225416295,17.5386705858547,17.5269123487681,17.5271218401653,-0.065780259418082,-0.0941988109128928,0.512938995630054
"null",4000,3154,25,1,160,188.474778423081,0.432217656871707,188.04256076621,157.892715022815,157.976271625397,2.08891506454939,17.5367721173696,17.5251516148153,17.5271218401653,1.74388212355087,1.71560793319444,0.0492657078706675
"null",4000,3154,50,0,80,100.325372726929,0.210379257993731,100.114993468935,77.9311719745448,77.9724756284505,2.06518269528881,12.5255075200928,12.5214113498464,12.5219806739988,1.78788769368908,1.76837236808421,0.0452303026388938
"null",4000,3154,50,1,80,108.694292214739,0.209025981740852,108.485266232998,77.9159728572004,77.9574152164316,2.07211796156401,12.5241813227503,12.5201324867183,12.5219806739988,2.45751147834547,2.43830095639576,0.0123724631592524
"null",4000,3155,2,0,2000,1964.29894074342,-3.29123409372471,1967.59017483714,1997.46690320438,1998.73336979801,2.53293318726076,45.1240203347327,44.7213567433052,44.7213595499958,-0.735040056602312,-0.696383053395032,0.700414538818417
"null",4000,3155,2,1,2000,1987.92102497176,-2.83362432432546,1990.75464929609,1997.14570579915,1998.4129505919,2.5344895855069,45.1133593272869,44.7187875400856,44.7213595499958,-0.204477808013907,-0.171254672076038,0.559286439403046
"null",4000,3155,5,0,800,785.924717925987,-1.30265966610028,787.227377592087,797.758980875003,798.207108319986,2.24063722491725,35.8578686189315,35.7770718316858,35.7770876399966,-0.330032525769472,-0.306892939130221,0.612977769472657
"null",4000,3155,5,1,800,765.885141869681,-1.41436075349567,767.299502623177,797.525552556836,797.980516029614,2.27481736388721,35.8483144130045,35.7695867258058,35.7770876399966,-0.882619202750494,-0.857740226120705,0.787615811608387
"null",4000,3155,10,0,400,383.481956851949,-0.66269138017669,384.144648232125,397.848022011207,398.063151741727,2.15129730519533,26.8597144533287,26.8327715938378,26.8328157299975,-0.534855468557591,-0.51871285308438,0.690499612900342
"null",4000,3155,10,1,400,331.513091361456,-0.696119443334317,332.209210804791,397.721578352125,397.937910920011,2.16332567885765,26.8518839591301,26.8256461159592,26.8328157299975,-2.46569242930744,-2.45021871350628,0.993399500450615
"null",4000,3155,25,0,160,143.783599973701,-0.287415115229578,144.07101508893,157.903346449101,157.987149651966,2.0950800716242,17.5335424782398,17.5269513879784,17.5271218401653,-0.805299128394826,-0.793984889612952,0.784435507394506
"null",4000,3155,25,1,160,128.14851878121,-0.264861485003444,128.413380266214,157.845736839884,157.929875989373,2.10347873722194,17.5281244688768,17.5217061346888,17.5271218401653,-1.6942610209897,-1.68456744430404,0.960824769968815
"null",4000,3155,50,0,80,71.5196974859754,-0.175392728762084,71.6950902147375,77.9212439501137,77.9627583071532,2.07571785197575,12.5238020769423,12.5215076969361,12.5219806739988,-0.511150401835577,-0.500552189410017,0.684443303965857
"null",4000,3155,50,1,80,66.049743681441,-0.13743725088815,66.1871809323291,77.8920354491747,77.9336326710475,2.07986109364109,12.519870972604,12.517636602082,12.5219806739988,-0.945879697454312,-0.938392135202635,0.830569923241018
"null",4000,3156,2,0,2000,2004.29879073478,12.542007723074,1991.7567830117,1997.46222462309,1998.7310174806,2.53758571502447,45.1630770036496,44.7213561487438,44.7213595499958,0.151375118022562,-0.15594863549532,0.456172318716586
"null",4000,3156,2,1,2000,1975.21147482808,11.8818628287173,1963.32961199936,1997.34753078982,1998.61349164813,2.53192171662419,45.1574995323743,44.7202576115804,44.7213595499958,-0.490196671449187,-0.788990974855887,0.637326517547676
"null",4000,3156,5,0,800,842.954021535636,4.95321729486576,838.00080424077,797.748865078458,798.19900206674,2.25068494141235,35.8657320519413,35.7770684634348,35.7770876399966,1.26039965925445,1.11249478740016,0.131057122088986
"null",4000,3156,5,1,800,817.581908728014,4.920270837303,812.661637890711,797.681591213661,798.129521911133,2.23965348735786,35.8614637475411,35.7740800532942,35.7770876399966,0.554922064934323,0.406219138491591,0.307530434980632
"null",4000,3156,10,0,400,388.398807716722,2.44706492888583,385.951742787836,397.852844743185,398.067482435676,2.14637692490696,26.8623325448005,26.8327645487228,26.8328157299975,-0.351944009727966,-0.451527818754568,0.625288699694539
"null",4000,3156,10,1,400,410.466802304515,2.42967526632612,408.037127038189,397.804906570813,398.019942662163,2.15036091350428,26.8591281251645,26.8300095470255,26.8328157299975,0.471418717491385,0.373357465954978,0.322430127308582
"null",4000,3156,25,0,160,176.241316813791,0.935634243836187,175.305682569955,157.911660488653,157.995122765225,2.08655691430589,17.5341601777841,17.526928271887,17.5271218401653,1.0453683632001,0.987655083435017,0.152376651886707
"null",4000,3156,25,1,160,168.951159133278,0.92937382808577,168.021785305193,157.888963448332,157.972576060382,2.09031530126163,17.5320239344022,17.5249049434957,17.5271218401653,0.630970829513853,0.573424465194599,0.261193782597319
"null",4000,3156,50,0,80,86.5919470832151,0.438485722875174,86.15346136034,77.9257300470531,77.9671488503186,2.07094016327489,12.5239771620116,12.5214615657621,12.5219806739988,0.691970044663523,0.653782505103524,0.236658620140097
"null",4000,3156,50,1,80,76.7186214218864,0.435875815851804,76.2827456060346,77.9157725711108,77.9571935291396,2.07104790143988,12.5224149485404,12.5199387529649,12.5219806739988,-0.0956006612258039,-0.133742501153084,0.519810425544423
"null",4000,3157,2,0,2000,2048.73926665387,1.98955990734677,2046.74970674652,1997.48467396588,1998.74223381068,2.51511968960257,45.4499545923123,44.7213554240051,44.7213595499958,1.12771493718183,1.07347982816436,0.209980653602174
"null",4000,3157,2,1,2000,2074.48348267698,1.15539928048921,2073.32808339649,1997.09208270418,1998.3461292319,2.5080930554381,45.4342552123108,44.7172886755267,44.7213595499958,1.70337115929733,1.67680010093351,0.114038803412252
"null",4000,3157,5,0,800,819.189939119492,0.818603251900718,818.371335867591,797.752212941803,798.201677632856,2.2473234552648,35.9236638407264,35.7770673408432,35.7770876399966,0.596757788201565,0.56375940606258,0.293757569073805
"null",4000,3157,5,1,800,840.150092093627,0.153714348296157,839.996377745331,797.528390374704,797.971595815161,2.21602720228506,35.9108871915247,35.7672476064517,35.7770876399966,1.18687409452202,1.17495151968555,0.146018336409615
"null",4000,3157,10,0,400,412.853645629275,0.445788827236015,412.407856802039,397.848093392073,398.063201725245,2.1510833317194,26.8816717482384,26.8327611824398,26.8328157299975,0.558207554118556,0.534594817852054,0.293350582935084
"null",4000,3157,10,1,400,384.621851374483,0.284104181104679,384.337747193378,397.723434755652,397.936865906454,2.13431150802046,26.8717093335905,26.8238529825576,26.8328157299975,-0.487560475536692,-0.506978573209404,0.675767758582371
"null",4000,3157,25,0,160,165.908946806156,0.149316758515118,165.759630047641,157.910928336586,157.994415642857,2.08718265677918,17.5388860868451,17.5269156785671,17.5271218401653,0.456016330225722,0.443045116847316,0.317372336776052
"null",4000,3157,25,1,160,186.606394628302,0.092006902045633,186.514387726256,157.847789167499,157.931426011211,2.09092109278228,17.5322713038114,17.520558470799,17.5271218401653,1.64032400380152,1.63139558380425,0.0595909985755229
"null",4000,3157,50,0,80,75.1239018683338,0.0283554696049968,75.0955463987288,77.9313103484887,77.9726120307502,2.06508411307895,12.5255888402423,12.5214176086466,12.5219806739988,-0.224133852385064,-0.229771557977166,0.571263111333062
"null",4000,3157,50,1,80,93.025463282266,0.0500120901981068,92.9754511920679,77.8966531853274,77.9380368770006,2.06918458366406,12.5207651374191,12.5166879674728,12.5219806739988,1.20829757054744,1.20138924563312,0.117807229722617
"null",4000,3158,2,0,2000,2021.28703497417,6.13183881847307,2015.15519615569,1997.47238066902,1998.7360807702,2.52740020234822,45.5603898644472,44.721354732911,44.7213595499958,0.522705235315068,0.367142620869933,0.352901293506958
"null",4000,3158,2,1,2000,2014.14795495691,4.86522341201339,2009.2827315449,1997.16555982156,1998.42670216514,2.52228468714413,45.5598393449232,44.7181134614063,44.7213595499958,0.372749232208158,0.242765817684395,0.395387736762556
"null",4000,3158,5,0,800,820.566375578977,2.53266294154987,818.033712637428,797.767193841067,798.213657650275,2.23231904603835,35.9460390118346,35.7770659164836,35.7770876399966,0.634261308468625,0.553987714739377,0.282213957288527
"null",4000,3158,5,1,800,792.775810211601,2.28046340778102,790.49534680382,797.566776468404,798.0131166929,2.23170112247844,35.9396393280296,35.7693199510856,35.7770876399966,-0.133305908083129,-0.210173687935926,0.545522640011457
"null",4000,3158,10,0,400,417.267729263581,1.22203521224359,416.045694051338,397.85461452924,398.069069659593,2.14455130353108,26.8891474187771,26.8327598528075,26.8328157299975,0.721968399815626,0.669950630883887,0.243294096404741
"null",4000,3158,10,1,400,371.761264257588,1.20978067037523,370.551483587213,397.74327512749,397.957683079992,2.14407952502109,26.8826677018936,26.8257199842998,26.8328157299975,-0.966496746454664,-1.02163891626466,0.823167510507594
"null",4000,3158,25,0,160,149.170387892447,0.525386640707013,148.64500125174,157.904660471951,157.98839679371,2.09340804397457,17.5407106000916,17.5269100039354,17.5271218401653,-0.497942915691176,-0.533088578641234,0.680314739907173
"null",4000,3158,25,1,160,138.03691219209,0.502936765297286,137.533975426793,157.863486016443,157.94694428908,2.08645681593339,17.5357182786312,17.5217603922293,17.5271218401653,-1.13063939037578,-1.16500673478794,0.872065298954044
"null",4000,3158,50,0,80,82.2540226093973,0.292130885030054,81.9618917243673,77.9237321741868,77.9651851420677,2.07264839404632,12.5262229159613,12.5214141916157,12.5219806739988,0.345698018010899,0.31918971141261,0.34909570076993
"null",4000,3158,50,1,80,59.9515505628535,0.279316724593194,59.6722338382603,77.9034722943854,77.9448321013011,2.06799034578355,12.5224249177083,12.5175583502796,12.5219806739988,-1.43358190202807,-1.459757386522,0.935739267526503
"null",4000,3159,2,0,2000,2073.49848075241,10.4555934742811,2063.04288727813,1997.48606837926,1998.74292965134,2.51372254415526,45.2649589680235,44.7213552832255,44.7213595499958,1.67927717391377,1.4377908992151,0.11699835060586
"null",4000,3159,2,1,2000,1908.79281231509,10.3915542282192,1898.40125808687,1997.38617306194,1998.65185425185,2.53136237982025,45.2603225769918,44.7205938290886,44.7213595499958,-1.95741779339164,-2.24170986074363,0.922512426260948
"null",4000,3159,5,0,800,775.519024314056,4.1629028692078,771.356121444848,797.76085075881,798.208587525238,2.23868383214375,35.8862723375912,35.7770672466956,35.7770876399966,-0.619786480900536,-0.750549671811641,0.709311028130673
"null",4000,3159,5,1,800,709.786821577436,4.26777059485491,705.519050982581,797.700062987939,798.149384726772,2.24660869416311,35.8831204153538,35.7750479949042,35.7770876399966,-2.44998875217347,-2.58924415020729,0.988645446651838
"null",4000,3159,10,0,400,424.032626609212,2.06586493029855,421.966761678913,397.860860539069,398.07469592408,2.1383538501041,26.869189368303,26.832763735207,26.8328157299975,0.974043753661461,0.890406444546932,0.177008751921621
"null",4000,3159,10,1,400,347.993976654157,1.92512552540369,346.068851128753,397.817985887082,398.033129556563,2.15143669481268,26.8669143050307,26.8308955654293,26.8328157299975,-1.85447456552893,-1.93673290930937,0.966279496561519
"null",4000,3159,25,0,160,179.502305800427,0.798282401889677,178.704023398538,157.907794441664,157.991409201531,2.09036899667069,17.5358335934066,17.5269216613687,17.5271218401653,1.23145051780616,1.18175995746358,0.115884116391361
"null",4000,3159,25,1,160,141.0622167391,0.747545328818135,140.314671410282,157.888564722725,157.97244303677,2.09695785111441,17.5343776875161,17.5255704643989,17.5271218401653,-0.959620482887443,-1.00754333003638,0.829277538514293
"null",4000,3159,50,0,80,72.1760708376224,0.411443538297497,71.7646272993249,77.9259648120354,77.9673749402617,2.07050641131546,12.5245295660937,12.5214295081666,12.5219806739988,-0.459090614467397,-0.495370567465264,0.66446441608002
"null",4000,3159,50,1,80,78.7975578263385,0.366776320704159,78.4307815056343,77.9176791242143,77.9591217274757,2.07213016306711,12.5234616039913,12.5203992106114,12.5219806739988,0.0702584261402393,0.037671305061814,0.453428930702435
"null",4000,3160,2,0,2000,2007.79050914932,-7.36647386347355,2015.15698301279,1997.45123453018,1998.72550698261,2.54854490485763,45.4220273533908,44.7213551169056,44.7213595499958,0.227626885491045,0.367419010162657,0.434405522077413
"null",4000,3160,2,1,2000,2006.08038437364,-7.39883885969728,2013.47922323334,1997.23805021032,1998.5100623668,2.54402431297826,45.4116998803367,44.719035479219,44.7213595499958,0.194714890361439,0.334738008235677,0.445042357336008
"null",4000,3160,5,0,800,818.0080369976,-2.9341140968552,820.942151094455,797.751993488048,798.201496141617,2.2475132678445,35.9180083324927,35.7770661806417,35.7770876399966,0.563952302756932,0.63562101034273,0.303851237199246
"null",4000,3160,5,1,800,793.059888305411,-2.84199679894253,795.901885104354,797.6053041138,798.055394050883,2.25044968541454,35.9101972284735,35.77149662466,35.7770876399966,-0.126577300020656,-0.060201812888231,0.542691343656932
"null",4000,3160,10,0,400,379.130830714038,-1.45905232609958,380.589883040137,397.845406161268,398.060777758741,2.15371597472857,26.8797789712796,26.8327573205,26.8328157299975,-0.696232490126742,-0.651103220959558,0.744070114413234
"null",4000,3160,10,1,400,393.911444827473,-1.44910393954632,395.360548767019,397.764526136182,397.979873712901,2.15347576718984,26.8738780868431,26.8276421201797,26.8328157299975,-0.143376452637709,-0.09763530220616,0.548456129983133
"null",4000,3160,25,0,160,128.397885534645,-0.639870756264441,129.037756290909,157.914065079421,157.997425773271,2.08401734624397,17.5384200095526,17.5269125279186,17.5271218401653,-1.68294404676705,-1.65229725636116,0.959438342473203
"null",4000,3160,25,1,160,144.514986289066,-0.568203234544446,145.08318952361,157.870578177564,157.954295720701,2.09293857841587,17.5345227207943,17.523211719157,17.5271218401653,-0.761674104346192,-0.734517530426226,0.771418786537068
"null",4000,3160,50,0,80,58.5749406534674,-0.307774392308722,58.8827150457761,77.9293532933029,77.9706921924637,2.06694495803839,12.5254096996734,12.5214022110138,12.5219806739988,-1.54521194147766,-1.52442808121744,0.950785545432093
"null",4000,3160,50,1,80,55.0985161854804,-0.281669358525664,55.3801855440061,77.9096293726876,77.9510150356067,2.06928314595455,12.5226509634936,12.5187113421146,12.5219806739988,-1.82158819675696,-1.80296748401486,0.977089364101226
"null",4000,3161,2,0,2000,1932.15499105501,-4.77993341394869,1936.93492446896,1997.46682202237,1998.73332150231,2.53299895987376,45.1617199933728,44.721356235502,44.7213595499958,-1.4461767837218,-1.3818542690861,0.851459554990511
"null",4000,3161,2,1,2000,1894.53641568882,-4.86788769678088,1899.4043033856,1997.46665323569,1998.73286095798,2.53241544457825,45.1619873807609,44.721349804161,44.7213595499958,-2.27913436756142,-2.2210545524083,0.951064715081357
"null",4000,3161,5,0,800,787.43212810901,-1.91033171779722,789.342459826807,797.736294675015,798.188948704947,2.26327014966278,35.8654589215691,35.7770688524057,35.7770876399966,-0.287300563713351,-0.247267011018575,0.598318621071029
"null",4000,3161,5,1,800,783.598117741079,-1.93706781517124,785.53518555625,797.742090404961,798.193492888044,2.25701241541595,35.8655277904894,35.7770514174221,35.7770876399966,-0.394361202392025,-0.353810804141054,0.635319623435718
"null",4000,3161,10,0,400,416.694594463345,-0.985975860586214,417.680570323931,397.840763582188,398.056612520338,2.15848938150456,26.8622435398649,26.8327666717419,26.8328157299975,0.701871042646781,0.73134306438325,0.249503135460711
"null",4000,3161,10,1,400,380.728077557424,-0.982011388628257,381.710088946052,397.839244682009,398.055219668477,2.15974986467761,26.8622594404372,26.8327505437359,26.8328157299975,-0.636996569947019,-0.60914853644181,0.724931577130709
"null",4000,3161,25,0,160,136.220325339475,-0.342164691686436,136.562490031162,157.895022250729,157.979152913764,2.10326657587377,17.5341470118949,17.5269359995831,17.5271218401653,-1.23614207731633,-1.22192851523574,0.894084498670937
"null",4000,3161,25,1,160,144.142812123811,-0.351483768449003,144.49429589226,157.895778932909,157.979874760696,2.10239569467333,17.5341437634078,17.5269238226643,17.5271218401653,-0.784353487382681,-0.769420749749464,0.778091396276021
"null",4000,3161,50,0,80,62.8133476110617,-0.194680347272257,63.0080279583339,77.9149341918928,77.9565714322665,2.08186201868544,12.5239919249995,12.5214814612482,12.5219806739988,-1.2058125453344,-1.19383185769158,0.894510346511679
"null",4000,3161,50,1,80,66.2382368408925,-0.196674429332483,66.434911270225,77.9131927105656,77.9548636997678,2.0835494601111,12.5239865736147,12.521473111998,12.5219806739988,-0.932207632214304,-0.920015746270655,0.826281939349344
"null",4000,3162,2,0,2000,2069.5970916715,3.53827289500424,2066.0588187765,1997.45652596349,1998.7281472936,2.54324266021377,45.3829633469613,44.7213543361251,44.7213595499958,1.58959575108581,1.50555975959147,0.129263764018249
"null",4000,3162,2,1,2000,2028.41857666813,3.60156046987712,2024.81701619825,1997.45858358715,1998.72794498451,2.53872279473381,45.383633237498,44.7213291437421,44.7213595499958,0.682184101897853,0.58336976367329,0.312309998635577
"null",4000,3162,5,0,800,820.717815655734,1.43206654414865,819.285749111585,797.755261557193,798.204110516498,2.24424479652243,35.9101063946585,35.7770658403548,35.7770876399966,0.639445448759678,0.5892500712372,0.280958121210083
"null",4000,3162,5,1,800,875.763455695989,1.4294610542962,874.333994641693,797.76739411195,798.21349045157,2.2304816980988,35.9102799668205,35.7770031226748,35.7770876399966,2.17197030087495,2.12763779931806,0.0285060974483519
"null",4000,3162,10,0,400,435.124074324541,0.738895889849272,434.385178434692,397.84981888582,398.064749204477,2.14930318657736,26.8771344639224,26.8327569245979,26.8328157299975,1.3868388941818,1.35358544529277,0.0967215151973402
"null",4000,3162,10,1,400,426.766558672394,0.771909825245487,425.994648847149,397.850636848855,398.065394280256,2.14757431401306,26.8771678865161,26.8326995540542,26.8328157299975,1.07585449276618,1.04086636943216,0.153978513250774
"null",4000,3162,25,0,160,184.228289729974,0.326775980433869,183.90151374954,157.906140697661,157.98981709155,2.09190984722374,17.5377668879204,17.5269083312146,17.5271218401653,1.50088373283391,1.4783951720591,0.0752269811972192
"null",4000,3162,25,1,160,184.109903527264,0.310610891161111,183.799292636103,157.903695955221,157.987454173965,2.09395546861287,17.5377466794667,17.5268656583391,17.5271218401653,1.49427449552144,1.47270133549841,0.0760840537730135
"null",4000,3162,50,0,80,100.699317440993,0.193407157901018,100.505910283092,77.9189041387191,77.9604494858474,2.07726735641208,12.5251598657179,12.5213816645256,12.5219806739988,1.81877225891748,1.80055695140406,0.0428725176160007
"null",4000,3162,50,1,80,102.499489285417,0.204660267775699,102.294829017641,77.918883545048,77.9604251635212,2.07708092365604,12.5251362346101,12.5213496378566,12.5219806739988,1.96250206624074,1.943432981102,0.0329374333195482
"null",4000,3163,2,0,2000,2031.31857914589,-3.85039747827927,2035.16897662417,1997.47800888192,1998.73891046905,2.52180317426876,45.3252062847275,44.7213562893559,44.7213595499958,0.746617015957796,0.814601102869287,0.296426306136375
"null",4000,3163,2,1,2000,2032.88982754577,-4.51733182391266,2037.40715936968,1997.27175974126,1998.53545280492,2.52738612731898,45.3164948053347,44.7195314783658,44.7213595499958,0.78598461680471,0.869233314386622,0.287984131816651
"null",4000,3163,5,0,800,890.883693916235,-1.51630923390389,892.400003150139,797.75234845388,798.201792840159,2.24722193139638,35.8984415767462,35.7770693036744,35.7770876399966,2.59430051478007,2.63292136956297,0.0120041823707652
"null",4000,3163,5,1,800,841.889218307973,-1.79864920619961,843.687867514172,797.61563770089,798.06717271794,2.2576750852494,35.8917776303101,35.7722610176794,35.7770876399966,1.233529892643,1.27530923398121,0.136605116297233
"null",4000,3163,10,0,400,441.485427328056,-0.750356587441891,442.235783915498,397.847009287335,398.062231272585,2.15221985250213,26.873253819979,26.8327651537497,26.8328157299975,1.62386059883369,1.64625421158801,0.0652775065025144
"null",4000,3163,10,1,400,463.103176442248,-0.896424301119259,463.999600743367,397.764394598034,397.980798120853,2.16403522818708,26.8681524159982,26.8283269914034,26.8328157299975,2.43183010251605,2.4607871614085,0.0133519676658833
"null",4000,3163,25,0,160,195.055152428832,-0.321623133338577,195.37677556217,157.900173058446,157.984094789333,2.09804327216634,17.536837409578,17.526927932769,17.5271218401653,2.11868186393133,2.13344180544764,0.0239873557395753
"null",4000,3163,25,1,160,192.910461248795,-0.341347945564901,193.25180919436,157.860699721383,157.9449715414,2.10679550043536,17.5333830252798,17.5236447287277,17.5271218401653,1.99903016302542,2.01481131348655,0.0305838093880486
"null",4000,3163,50,0,80,110.325141019593,-0.187201139426419,110.51234215902,77.9215238719985,77.963024422634,2.07502753177805,12.524896078318,12.5214428516889,12.5219806739988,2.58713660735989,2.59948618716856,0.009392817298826
"null",4000,3163,50,1,80,86.8191378503396,-0.214738529780494,87.0338763801201,77.896997523464,77.9386687326636,2.08356045997747,12.5223602333885,12.51896929822,12.5219806739988,0.712496698752236,0.726514094794503,0.231463320950053
"null",4000,3164,2,0,2000,2005.45430851196,5.62203353034348,1999.83227498161,1997.48994716509,1998.74486181739,2.50982930459498,45.5034987137796,44.7213542247297,44.7213595499958,0.175027450020023,0.0243153004436469,0.448948348422467
"null",4000,3164,2,1,2000,2006.68247750555,6.1289428383923,2000.55353466716,1997.44575284242,1998.70624718493,2.52098868501532,45.5003426796327,44.7210061511139,44.7213595499958,0.203003408747274,0.0413069302598549,0.441291777299147
"null",4000,3164,5,0,800,756.83924703004,2.36227840723532,754.476968622805,797.761325259577,798.208957384478,2.2381606245023,35.9344974460909,35.7770642296943,35.7770876399966,-1.13879645293297,-1.2223470456074,0.848920219423884
"null",4000,3164,5,1,800,809.950860337975,2.39789573225085,807.552964605724,797.724382695428,798.175263327303,2.25440315937769,35.9328430170417,35.7762596489894,35.7770876399966,0.340259122740407,0.262120785415473,0.376634041918585
"null",4000,3164,10,0,400,395.14985746983,1.21515016739683,393.934707302433,397.851796023457,398.066523797991,2.14727774534245,26.8852805849639,26.832753144204,26.8328157299975,-0.100498804358328,-0.153984068401516,0.530933412747821
"null",4000,3164,10,1,400,391.519432648633,1.23218848982227,390.287244158811,397.829234865287,398.045059169667,2.15824304379941,26.884238185303,26.8320209186068,26.8328157299975,-0.234702660092597,-0.289125259494565,0.582109039521643
"null",4000,3164,25,0,160,160.156263252479,0.472331708502523,159.683931543977,157.908000716887,157.991595140413,2.08986058815877,17.5397385312313,17.5268869587114,17.5271218401653,0.128181074740035,0.0965565880324452,0.437140258789114
"null",4000,3164,25,1,160,167.30305454523,0.472012768536231,166.831041776694,157.90159924723,157.985251110842,2.09129659028882,17.5391284107296,17.5263550462386,17.5271218401653,0.536027508199786,0.504713652240551,0.290906273988324
"null",4000,3164,50,0,80,72.7337570713081,0.190111132634893,72.5436459386732,77.9310700850375,77.9723684962488,2.06492056056214,12.5258251798159,12.5213523051188,12.5219806739988,-0.414927794306468,-0.433557208941104,0.64721177021985
"null",4000,3164,50,1,80,82.0845664970447,0.179335517074688,81.9052309799701,77.920215039291,77.9616767177512,2.07308392301025,12.5253783463419,12.5209354820026,12.5219806739988,0.332473107207172,0.31495683911855,0.353954090650901
"null",4000,3165,2,0,2000,1996.45726122394,-9.17377328313408,2005.63103450708,1997.47719590701,1998.7384872328,2.52258265159022,45.456584996368,44.7213541275004,44.7213595499958,-0.0224375562561187,0.154122061121434,0.505530837964013
"null",4000,3165,2,1,2000,1921.26014078495,-8.6966770360216,1929.95681782097,1997.3586092458,1998.61882035555,2.52042221949178,45.458074203636,44.7201362971139,44.7213595499958,-1.67403634654556,-1.53537104803072,0.888632972990605
"null",4000,3165,5,0,800,763.019832532404,-3.67897613383882,766.698808666243,797.742932786811,798.194251180947,2.25659197067905,35.9250010920063,35.7770662889024,35.7770876399966,-0.966544166984974,-0.880324905915334,0.808390465488846
"null",4000,3165,5,1,800,847.967347374528,-3.87999172057177,851.8473390951,797.67312982604,798.123413583633,2.25141878796297,35.9231281008634,35.7741935514181,35.7770876399966,1.40005117057941,1.50175084825462,0.107088834285504
"null",4000,3165,10,0,400,377.594839174205,-1.85142921841674,379.446268392622,397.841386462213,398.057164697501,2.15778235288963,26.8821181144113,26.8327600824422,26.8328157299975,-0.753160416967042,-0.693588592738821,0.761845122277982
"null",4000,3165,10,1,400,443.32611827623,-2.01673238222823,445.342850658458,397.804138548649,398.019417738723,2.15279190074165,26.8798660721034,26.8301081746048,26.8328157299975,1.6935344694602,1.76381819304505,0.0578910642640443
"null",4000,3165,25,0,160,159.960274300885,-0.683083784455336,160.643358085341,157.897242918592,157.981275707811,2.10081973047249,17.5389875772397,17.5269096684463,17.5271218401653,0.117625454331847,0.151885439469254,0.441448805542517
"null",4000,3165,25,1,160,196.376971692559,-0.807511818376531,197.184483510935,157.883601983128,157.967457970408,2.0963996820104,17.5371669075344,17.5249781437624,17.5271218401653,2.1949594203208,2.23777885591745,0.0205698088672745
"null",4000,3165,50,0,80,71.3065321092515,-0.382270611488978,71.6888027207405,77.9214731469217,77.9629708940552,2.07488735667261,12.525616692617,12.5214111860567,12.5219806739988,-0.528113002337785,-0.50107516477866,0.690846891141928
"null",4000,3165,50,1,80,87.6221263147677,-0.470738596522358,88.09286491129,77.9147362005459,77.9561808791192,2.07223392866267,12.5242048964944,12.5199587396747,12.5219806739988,0.775090330639582,0.809641967912283,0.213687891222808
"null",4000,3166,2,0,2000,2029.88264534248,2.2905874857894,2027.59205785669,1997.45746487329,1998.72861187388,2.54229400116913,45.5351130854545,44.7213540280503,44.7213595499958,0.712091796243778,0.645406352515775,0.304243070808038
"null",4000,3166,2,1,2000,2072.53852594818,2.48828751849016,2070.05023842969,1997.29842101701,1998.57107053933,2.54529904465217,45.5369961066529,44.7198179548022,44.7213595499958,1.65228520464881,1.59837788164969,0.119935540342111
"null",4000,3166,5,0,800,803.101000653638,0.852755443103768,802.248245210534,797.752577091198,798.201961596487,2.24692252644542,35.9409113321526,35.7770653378377,35.7770876399966,0.148811573335236,0.113097135716376,0.44271338016081
"null",4000,3166,5,1,800,805.156158664058,0.969605527073934,804.186553136984,797.634559286284,798.08735685088,2.26398782298035,35.9384014238217,35.7731699288154,35.7770876399966,0.209291428660711,0.170496388724862,0.422590218453628
"null",4000,3166,10,0,400,381.949670953207,0.516052712454629,381.433618240752,397.84808654869,398.063189487134,2.15102938443956,26.8874281518604,26.8327564364015,26.8328157299975,-0.591295512002449,-0.619748898544843,0.709871241791016
"null",4000,3166,10,1,400,376.833931225085,0.600040488372045,376.233890736713,397.786930563014,398.002350213658,2.15419650643969,26.8843395191911,26.8291081316012,26.8328157299975,-0.779375640713513,-0.811374696846697,0.770410748459645
"null",4000,3166,25,0,160,163.959886844365,0.135145818166447,163.824741026199,157.901434800536,157.985296200823,2.0965350071809,17.5402786619667,17.5268990629588,17.5271218401653,0.345402268720281,0.333170448714262,0.356234344405904
"null",4000,3166,25,1,160,123.118430855402,0.176952122937472,122.941478732465,157.871064925231,157.955175305826,2.10275951487951,17.537846004883,17.5243155067239,17.5271218401653,-1.98157938324654,-1.99800651614194,0.981709951976733
"null",4000,3166,50,0,80,87.1951660259616,0.120095584685645,87.075070441276,77.9188484762857,77.9603948126519,2.07731681830818,12.5260363758319,12.5213798234653,12.5219806739988,0.740562878100358,0.727929010790249,0.223025064847226
"null",4000,3166,50,1,80,62.1439380282359,0.130097938708498,62.0138400895274,77.9068423762893,77.9483762867822,2.07669552464221,12.5241392349507,12.5194255489619,12.5219806739988,-1.2586018130543,-1.27278493209906,0.905418544942899
"null",4000,3167,2,0,2000,2075.78333217517,13.4508114415475,2062.33252073362,1997.45910158278,1998.72945075015,2.54069833474212,45.1733761075449,44.7213559500061,44.7213595499958,1.73385824442075,1.42220799509231,0.110216820373728
"null",4000,3167,2,1,2000,2063.23311934515,13.3716904049021,2049.86142894025,1996.67554530521,1997.94273778103,2.53438495163202,45.1665466890485,44.7150492736137,44.7213595499958,1.47360333961683,1.161101061111,0.151167550099679
"null",4000,3167,5,0,800,856.256506569051,5.46518436778581,850.791322201265,797.743412464696,798.194637575182,2.25612555243287,35.8678040457189,35.7770676459776,35.7770876399966,1.63135423706932,1.4701228492659,0.0748235543889498
"null",4000,3167,5,1,800,835.761448642933,5.18692105037477,830.574527592559,797.242818782262,797.692021383645,2.24601300691507,35.849835474282,35.7577910926988,35.7770876399966,1.07444369970132,0.919589974774125,0.171734972719419
"null",4000,3167,10,0,400,443.80658905415,2.76735738954034,441.03923166461,397.829485260476,398.046456691852,2.16971431376017,26.8630206824554,26.8327629404974,26.8328157299975,1.7115388599504,1.60224927519001,0.0560785052679938
"null",4000,3167,10,1,400,436.92159409849,2.74352239456961,434.178071703921,397.562327537742,397.777128000106,2.14800462363532,26.8456776413214,26.8147344748813,26.8328157299975,1.46613049171707,1.35749782411285,0.0868488588493098
"null",4000,3167,25,0,160,199.99677537104,1.04001022005645,198.956765150983,157.891540826981,157.975809052007,2.10670562564754,17.5343318444283,17.5269309702903,17.5271218401653,2.40130248005078,2.33817067964968,0.013298336678646
"null",4000,3167,25,1,160,179.820482049443,1.05988292543844,178.760599124004,157.782492147009,157.866249808336,2.09394153315664,17.5215380415546,17.5139344885989,17.5271218401653,1.25776571954856,1.19301287379317,0.112708802689848
"null",4000,3167,50,0,80,98.2829553219805,0.509422814711458,97.7735325072691,77.9057227805437,77.9475387417728,2.09079806145279,12.5240098326825,12.5214376163873,12.5219806739988,1.62705338095956,1.58336401720751,0.0601355681698365
"null",4000,3167,50,1,80,74.3103336904313,0.547834401326059,73.7624992891052,77.8625759777771,77.9040063487018,2.07151854623472,12.5144388737777,12.5117898343772,12.5219806739988,-0.283851503305438,-0.331008362066427,0.597382994998383
"null",4000,3168,2,0,2000,2023.62734968571,2.56232745816471,2021.06502222754,1997.46299002062,1998.73139555234,2.53681106344701,45.3188879233163,44.7213554561456,44.7213595499958,0.577338960950683,0.499395120013761,0.33935595019212
"null",4000,3168,2,1,2000,2031.44318778291,2.97456853283615,2028.46861925007,1997.26854339449,1998.54070760317,2.54432841736398,45.3105972274778,44.7195393635286,44.7213595499958,0.754230720395286,0.669235686969331,0.295752510852247
"null",4000,3168,5,0,800,831.287119168151,0.957888001664494,830.329231166487,797.751344416745,798.200982093087,2.24818838170969,35.8971627196625,35.7770671893479,35.7770876399966,0.934217977429085,0.898012374892626,0.200863744397694
"null",4000,3168,5,1,800,763.532440025287,0.766561050502465,762.765878974784,797.627763362677,798.077420939403,2.24828788363282,35.8905457829744,35.7723147510605,35.7770876399966,-0.949980631210243,-0.987119290723905,0.804764383203373
"null",4000,3168,10,0,400,416.146373934917,0.526845701407062,415.61952823351,397.844346980305,398.059828615195,2.15481634890304,26.8728178576875,26.8327601416009,26.8328157299975,0.681060953545516,0.654412722569309,0.255525557966424
"null",4000,3168,10,1,400,362.498155600365,0.476111589755313,362.02204401061,397.782297651452,397.996967732102,2.14670080649918,26.8677486872139,26.8283465763026,26.8328157299975,-1.31325264583402,-1.34092958800782,0.898669641991717
"null",4000,3168,25,0,160,176.153585379947,0.128201169202488,176.025384210744,157.910927239764,157.99441754158,2.08725754540437,17.5367239026005,17.5269238358029,17.5271218401653,1.04025462460966,1.02875820298435,0.15346046685616
"null",4000,3168,25,1,160,134.037839188647,0.151142100722411,133.886697087925,157.879125165486,157.96269376408,2.08921496484779,17.5333673152485,17.5237309936537,17.5271218401653,-1.35976652677003,-1.37390814118718,0.916951959095803
"null",4000,3168,50,0,80,83.7855255850607,0.0692104089296156,83.716315176131,77.9323597964869,77.9736430374687,2.06416204909051,12.5248485275954,12.5214373999739,12.5219806739988,0.467324277469528,0.458627229065118,0.306667629545182
"null",4000,3168,50,1,80,73.1950768345642,0.0945779926985278,73.1004988418657,77.9106743210363,77.9520778970454,2.07017880045539,12.5223664437871,12.5190130848732,12.5219806739988,-0.3765739892408,-0.387536862713394,0.632774451803426
"null",4000,3169,2,0,2000,1942.85702936828,14.564204422495,1928.29282494579,1997.47633065393,1998.73806508065,2.52346885342826,45.5739869233024,44.7213555784062,44.7213595499958,-1.19847537977242,-1.57520359621818,0.807824962578972
"null",4000,3169,2,1,2000,1940.03475080396,14.3604921618384,1925.67425864212,1997.38448692068,1998.65190912723,2.53484441308968,45.5757441940107,44.72052481341,44.7213595499958,-1.2583389943693,-1.63186033235514,0.8200139477554
"null",4000,3169,5,0,800,814.998468097984,5.80774229366228,809.190725804322,797.757206037298,798.205670613165,2.24232287933887,35.9487945441822,35.7770669086443,35.7770876399966,0.479606125304057,0.307041804718279,0.330269606211559
"null",4000,3169,5,1,800,806.00470821799,6.00995454359614,799.994753674393,797.706171520564,798.154313686777,2.24071083106558,35.9477492517039,35.7750355091583,35.7770876399966,0.23084996613612,0.0514448123229707,0.414346987045456
"null",4000,3169,10,0,400,401.967911085216,2.97541699496258,398.992494090253,397.851095054184,398.065901318874,2.14806264689878,26.8900679079478,26.8327595860128,26.8328157299975,0.153098015413133,0.0345321459914902,0.434949463383483
"null",4000,3169,10,1,400,368.56577066791,3.08391020929065,365.481860458619,397.823704186961,398.038311850296,2.14607663335604,26.8886041825736,26.8309085141628,26.8328157299975,-1.08811648683544,-1.21339355223443,0.852306210150259
"null",4000,3169,25,0,160,177.434282409314,1.18665733248591,176.247625076828,157.902208027627,157.986042855277,2.09587069123752,17.5409420031787,17.5269118697651,17.5271218401653,1.11351342351781,1.04191670256833,0.138176582479539
"null",4000,3169,25,1,160,168.350960255813,1.22525352659476,167.125706729218,157.892534559408,157.976250891549,2.09290830352309,17.5396938534092,17.5255582655205,17.5271218401653,0.596271849657852,0.522063588448967,0.271809312417582
"null",4000,3169,50,0,80,101.05913795543,0.618370159557979,100.440767795872,77.9206210394441,77.9621340397391,2.07565001474849,12.5262882007866,12.5213977218091,12.5219806739988,1.84719659527978,1.79521761512146,0.0407036003637943
"null",4000,3169,50,1,80,88.5375544262329,0.609639572944706,87.9279148532882,77.9156176500046,77.9571032959022,2.07428229487976,12.5253390754034,12.5204112147892,12.5219806739988,0.848035866516954,0.79636454317159,0.194547784306073
"null",4000,3170,2,0,2000,2044.79101291414,-6.10641994920927,2050.89743286335,1997.47121887576,1998.73551155931,2.52858536709749,45.1969538316633,44.7213554043801,44.7213595499958,1.04696865666272,1.16637612685001,0.228127842062748
"null",4000,3170,2,1,2000,1951.84035349094,-5.35404944030018,1957.19440293124,1997.37717920417,1998.63659217931,2.51882595028484,45.1922289466012,44.7204325587727,44.7213595499958,-1.00762513322889,-0.926694731622,0.765880339276136
"null",4000,3170,5,0,800,811.702562729017,-2.38379351100321,814.086356240021,797.748710129684,798.198881684092,2.25085777204305,35.8725622694299,35.7770690594668,35.7770876399966,0.388983995470679,0.444068644346491,0.360278633845128
"null",4000,3170,5,1,800,804.87739532974,-2.07301442905886,806.950409758799,797.69398445788,798.141931831016,2.23973686568138,35.8690034382553,35.7745647635407,35.7770876399966,0.200267924483187,0.246221805520311,0.425307132650389
"null",4000,3170,10,0,400,406.260972329083,-1.19473226058346,407.455704589666,397.853126082307,398.067733333422,2.14607251115017,26.8646080029415,26.8327629276905,26.8328157299975,0.312971112247578,0.349869720145596,0.376611515523776
"null",4000,3170,10,1,400,433.852028121025,-1.11301163095342,434.965039751978,397.819372304213,398.033647021182,2.14274716968932,26.8619195808971,26.8304423149843,26.8328157299975,1.34140286245353,1.37647349593529,0.104208124690541
"null",4000,3170,25,0,160,145.101432176354,-0.462108601120218,145.563540777474,157.910726520594,157.994226391324,2.08749676826607,17.5347162304971,17.5269281115029,17.5271218401653,-0.730510501331168,-0.709233559627166,0.760703619382284
"null",4000,3170,25,1,160,185.705093682755,-0.39820402178148,186.103297704537,157.892337509691,157.975948813365,2.09028259185956,17.5329574371781,17.5252614368363,17.5271218401653,1.58631287805946,1.60496030216418,0.0651719608026665
"null",4000,3170,50,0,80,73.4137799032248,-0.238619868632106,73.6523997718569,77.9227155359799,77.9641928065934,2.0738635306765,12.5241551457877,12.5214465779262,12.5219806739988,-0.360019145424877,-0.344352627941382,0.62588392521039
"null",4000,3170,50,1,80,103.727290427302,-0.213350022176962,103.940640449479,77.9148561043688,77.9563339457842,2.07389207077091,12.5229120204231,12.5202358241798,12.5219806739988,2.06121661486058,2.07538475062207,0.0273656283511659
"null",4000,3171,2,0,2000,2016.01498852928,11.435414789455,2004.57957373982,1997.46622167821,1998.73300769027,2.53357202412986,45.2731699082599,44.7213553614359,44.7213595499958,0.409707711844672,0.130733203461671,0.384122603760075
"null",4000,3171,2,1,2000,2021.06176968618,11.398758670821,2009.66301101536,1997.46663361161,1998.73307006578,2.53287290833084,45.2733390996143,44.7213525949523,44.7213595499958,0.521170661228594,0.24440094754244,0.35421587201183
"null",4000,3171,5,0,800,831.154963940794,4.56780349000413,826.587160450789,797.73345192499,798.186668874452,2.26608474731074,35.887929613018,35.7770675264364,35.7770876399966,0.931274452892391,0.793818318266359,0.201768554137184
"null",4000,3171,5,1,800,789.414849032355,4.54784976165084,784.866999270704,797.743111565184,798.19436036543,2.25624400123245,35.8879781967155,35.7770605627044,35.7770876399966,-0.232062739427075,-0.372511349035175,0.578856710957877
"null",4000,3171,10,0,400,416.096253376733,2.31903698339908,413.777216393334,397.845800205982,398.061134349467,2.15334143485593,26.8697344069076,26.8327585347075,26.8328157299975,0.679219708478365,0.585705044956069,0.25608018144992
"null",4000,3171,10,1,400,405.622067631232,2.32462914411457,403.297438487118,397.849242562072,398.064221892177,2.14979330104494,26.8697488190539,26.8327518720631,26.8328157299975,0.289277920739196,0.195030931597809,0.385125646291821
"null",4000,3171,25,0,160,131.676554518497,0.936805297103901,130.739749221393,157.898617951527,157.982597923271,2.09949929359551,17.5359631012726,17.5269163287952,17.5271218401653,-1.4953306688429,-1.55434351318951,0.93748956872764
"null",4000,3171,25,1,160,125.228582256514,0.952557982467184,124.276024274047,157.896083544213,157.980163217009,2.10199181991517,17.535963747264,17.5269118610037,17.5271218401653,-1.86288599580366,-1.92299357754814,0.97446274031955
"null",4000,3171,50,0,80,66.3377636063257,0.481063829919264,65.8566997764064,77.920235740524,77.961760006163,2.076213281952,12.5245733714543,12.5214260101043,12.5219806739988,-0.92477977418351,-0.966747734642065,0.82399360486007
"null",4000,3171,50,1,80,64.7253266156411,0.494132928716683,64.2311936869245,77.9197236786718,77.9612577285763,2.07670249522052,12.5245713290521,12.5214224842043,12.5219806739988,-1.05348093091417,-1.0965258986327,0.858971814543052
"null",4000,3172,2,0,2000,2015.92193138452,2.24069799619905,2013.68123338832,1997.47449569912,1998.73714610972,2.52530082119,45.3121049586774,44.7213556210678,44.7213595499958,0.407119371351647,0.334159979523572,0.384681694291701
"null",4000,3172,2,1,2000,2000.37001672031,2.30582600867203,1998.06419071164,1997.30449699871,1998.57207223204,2.53515046666809,45.3132368640333,44.7199046620118,44.7213595499958,0.0676517488875348,-0.0113569455086613,0.480849114277841
"null",4000,3172,5,0,800,838.950358663564,0.908783809444187,838.04157485412,797.741406589265,798.193034396293,2.25813903514317,35.895790886974,35.7770677958983,35.7770876399966,1.14801627310721,1.11380118362845,0.152768317977585
"null",4000,3172,5,1,800,828.897041114586,0.577832419758338,828.319208694828,797.643270462385,798.093909772916,2.25319655265352,35.8929909781403,35.7731367267938,35.7770876399966,0.870748572367102,0.844916093121724,0.217616916322601
"null",4000,3172,10,0,400,417.496060394319,0.431128308299175,417.064932086019,397.839504986545,398.055473237254,2.15968250709174,26.8723636156177,26.8327617855991,26.8328157299975,0.731478469439482,0.708442127599668,0.240845500393099
"null",4000,3172,10,1,400,386.177589827631,0.477591796955775,385.699998030675,397.780038092689,397.996158107215,2.16120014525681,26.869191245791,26.8291256586317,26.8328157299975,-0.431812336996752,-0.458313857596142,0.655261704637589
"null",4000,3172,25,0,160,177.166474611033,0.168154466525233,176.998320144508,157.889485922464,157.973832617789,2.10866738311575,17.5366084355921,17.5269204017424,17.5271218401653,1.09924269332743,1.08544382530701,0.14127764171314
"null",4000,3172,25,1,160,145.876362603399,0.128424324303103,145.747938279096,157.865235427209,157.949571582782,2.1084038893382,17.5341151383042,17.5243005457473,17.5271218401653,-0.683745528602072,-0.696269347346195,0.746180082616695
"null",4000,3172,50,0,80,82.1597045051705,0.0398098300397285,82.1198946751308,77.9078307584483,77.9496030209233,2.08861312375184,12.5247970185014,12.5214250515892,12.5219806739988,0.339476459414186,0.333052479013014,0.351796034706594
"null",4000,3172,50,1,80,79.3402739677423,0.039660443016813,79.3006135247255,77.8941085392278,77.9359014268989,2.08964438355332,12.5228800832828,12.519462353293,12.5219806739988,0.1154818555234,0.109007244825309,0.436427912963249
"null",4000,3173,2,0,2000,1971.54253818915,0.424768303274898,1971.11776988588,1997.46072442673,1998.73025533084,2.53906180822035,45.5215576144202,44.72135453608,44.7213595499958,-0.569360707230418,-0.617434014049926,0.659039151165758
"null",4000,3173,2,1,2000,1950.79735666433,1.89020540512967,1948.9071512592,1997.18946755381,1998.45028603199,2.52163695637178,45.5224299107021,44.7183428633174,44.7213595499958,-1.01910444983881,-1.10789290480233,0.770989093026139
"null",4000,3173,5,0,800,770.216572751812,0.218840273111299,769.997732478701,797.740661146034,798.192429411397,2.25884132681733,35.938162507587,35.7770652251732,35.7770876399966,-0.76587355818235,-0.788066230565434,0.753945127468268
"null",4000,3173,5,1,800,805.206217876065,-0.0786669603990839,805.284884836465,797.571361826079,798.020610390857,2.24624282388873,35.932740888008,35.7700268320504,35.7770876399966,0.212476306045847,0.203082722853847,0.422102777979056
"null",4000,3173,10,0,400,406.266837726877,0.122378513175428,406.144459213702,397.838652151346,398.054698522634,2.1604637128873,26.8865101354974,26.8327562946937,26.8328157299975,0.31347264978076,0.301488248252278,0.376533663851554
"null",4000,3173,10,1,400,392.746425069959,-0.106720071748037,392.853145141707,397.741028375989,397.95664308976,2.15614713770557,26.8807421595604,26.8263273624329,26.8328157299975,-0.185806004774096,-0.190242140830648,0.564888562594131
"null",4000,3173,25,0,160,176.556254378613,0.0902923765736307,176.465962002039,157.899015152143,157.982970411591,2.09888148619246,17.540044746019,17.5268910864709,17.5271218401653,1.06369393559866,1.05455049040131,0.148530803506638
"null",4000,3173,25,1,160,162.174866289602,-0.0445242625779125,162.21939055218,157.856229941412,157.940164260534,2.09835797806232,17.5355863799696,17.5222524021077,17.5271218401653,0.246278410918929,0.244216679080093,0.393484023915703
"null",4000,3173,50,0,80,81.6028071913471,0.0691432526414714,81.5336639387056,77.918252712213,77.9598114652299,2.07793765084267,12.5259643246054,12.5213840430311,12.5219806739988,0.294153358867255,0.285419923324278,0.367931528830815
"null",4000,3173,50,1,80,82.2558287266025,-0.01755049799397,82.2733792245965,77.9009312644138,77.9423861038724,2.07274197292656,12.5225465260575,12.5178990865461,12.5219806739988,0.347764526418556,0.3459840258162,0.349044085499588
"null",4000,3174,2,0,2000,2025.04962205981,5.07649369148527,2019.97312836833,1997.4874732156,1998.74363380483,2.51232117846071,45.2145961822888,44.7213556403018,44.7213595499958,0.609585204147133,0.47470597121979,0.331228022338732
"null",4000,3174,2,1,2000,2022.01499041633,4.66384865850855,2017.35114175782,1997.28741188172,1998.55156791698,2.52831207051239,45.2070545230359,44.7197361561291,44.7213595499958,0.546984951696064,0.420386510671818,0.348665896030426
"null",4000,3174,5,0,800,738.321464910415,2.02589927040311,736.295565640011,797.763644699733,798.210824831974,2.23590066120864,35.876116280197,35.7770680225324,35.7770876399966,-1.65687331719708,-1.73058505389454,0.935239024385883
"null",4000,3174,5,1,800,752.685809555646,1.97353972158264,750.712269834063,797.642296269358,798.08997461489,2.23839172765935,35.8699207446097,35.7725373111452,35.7770876399966,-1.25331993437615,-1.32441555287904,0.872797447638861
"null",4000,3174,10,0,400,354.690616684793,1.00539021016346,353.68522647463,397.851896566522,398.066626597944,2.14730031421697,26.8657951129262,26.8327627681521,26.8328157299975,-1.60655136765196,-1.6540003914912,0.941875328515703
"null",4000,3174,10,1,400,379.516658323102,0.880993933058059,378.635664390044,397.792832270777,398.00680384338,2.13971572603746,26.8610387807328,26.8285857839234,26.8328157299975,-0.680397139398184,-0.722033565591221,0.73950662131174
"null",4000,3174,25,0,160,166.07459072721,0.438575758396163,165.636014968814,157.908360453093,157.991953582847,2.089828243829,17.5350053970395,17.5269246785639,17.5271218401653,0.465710165991491,0.436132494784816,0.314166873936723
"null",4000,3174,25,1,160,144.853438622978,0.38118309926624,144.472255523712,157.883014769125,157.966478870104,2.08660252446373,17.5318054425856,17.523871570137,17.5271218401653,-0.743196483032923,-0.770048062289378,0.765264405248527
"null",4000,3174,50,0,80,84.0101725814069,0.192540866159719,83.8176317152472,77.9256192620969,77.9670376188889,2.07091783960112,12.5242526595832,12.5214405049151,12.5219806739988,0.485821668141951,0.467246088344365,0.300681413625685
"null",4000,3174,50,1,80,77.0364932586237,0.180295335857568,76.8561979227661,77.9144362367883,77.9557907599885,2.06772616001004,12.5219766241763,12.5192169710916,12.5219806739988,-0.0701121719449273,-0.0878323971668088,0.509573148179308
"null",4000,3175,2,0,2000,1976.7283667385,-10.1261339415056,1986.85450068,1997.47999663367,1998.73989915271,2.51980503806764,45.3239433956219,44.7213556791032,44.7213595499958,-0.45785137700925,-0.265765612249917,0.628222087760823
"null",4000,3175,2,1,2000,1943.79125321555,-11.0574530796272,1954.84870629517,1997.22139058721,1998.48410909289,2.52543701135109,45.3132429324478,44.7189050263535,44.7213595499958,-1.17912852653963,-0.975770823816072,0.803684155174977
"null",4000,3175,5,0,800,767.175018281465,-4.02519443650952,771.200212717974,797.74561507462,798.196402356335,2.25393640857446,35.8981838853345,35.7770685024247,35.7770876399966,-0.851591737643435,-0.754566843187034,0.777867717927078
"null",4000,3175,5,1,800,775.164377664168,-4.20422932364852,779.368606987816,797.587491893139,798.038014618152,2.25261362506319,35.8898002371798,35.7709487485351,35.7770876399966,-0.624776791199374,-0.521915361026045,0.712404205524905
"null",4000,3175,10,0,400,363.743656694877,-1.98554952676698,365.729206221644,397.844184245352,398.059686407505,2.15502162153279,26.8731645485719,26.8327634293541,26.8328157299975,-1.26894350268425,-1.20488820583022,0.890102616128543
"null",4000,3175,10,1,400,372.22581101706,-2.06043397140278,374.286244988463,397.747060510985,397.963371062598,2.1631055161367,26.8667797390091,26.8271687555629,26.8328157299975,-0.949918439866792,-0.882580129490013,0.818662548597998
"null",4000,3175,25,0,160,142.243800778656,-0.789307579150883,143.033108357806,157.900046047139,157.983972127561,2.09815201056193,17.5368133109563,17.5269258226536,17.5271218401653,-0.892764551396667,-0.85302259626332,0.810523122429612
"null",4000,3175,25,1,160,164.727003347999,-0.826266758883689,165.553270106883,157.860971121177,157.944906749602,2.09839071063837,17.532460941938,17.5227728050552,17.5271218401653,0.391618281629774,0.434198596416549,0.340695538961972
"null",4000,3175,50,0,80,75.8313573884165,-0.389126595735906,76.2204839841525,77.9254996266466,77.9669207708171,2.0710572085225,12.5248877393075,12.5214434889167,12.5219806739988,-0.167198483676458,-0.139475675325331,0.548444820317127
"null",4000,3175,50,1,80,74.5847872192965,-0.388446174306796,74.9732333936033,77.9034535106808,77.9449209500515,2.07337196853648,12.521767851207,12.5183918900698,12.5219806739988,-0.265031769540784,-0.237385726740628,0.588592671173126
"null",4000,3176,2,0,2000,1979.05072068228,-3.82156043512528,1982.87228111741,1997.48333019721,1998.74155889483,2.5164573952449,45.4182766504204,44.7213548253924,44.7213595499958,-0.405841235606616,-0.354847876129561,0.614154025019931
"null",4000,3176,2,1,2000,1968.58527114187,-4.06635466882784,1972.65162581069,1997.4606673945,1998.72097189995,2.52060901091329,45.419332411605,44.7211753463851,44.7213595499958,-0.635751225732506,-0.582930700889237,0.676187576928
"null",4000,3176,5,0,800,797.967201369208,-1.52591679863979,799.493118167848,797.750870369692,798.200602507204,2.24866068756172,35.9172528616412,35.7770669715238,35.7770876399966,0.00602303857564329,0.0361269318603718,0.493670009878194
"null",4000,3176,5,1,800,762.672876903873,-1.47409907343365,764.146975977307,797.767436473865,798.211448320569,2.22005923352204,35.917228833426,35.7766057418163,35.7770876399966,-0.977095413812403,-0.952143772080839,0.810822102145271
"null",4000,3176,10,0,400,397.455729419954,-0.686554425998815,398.142283845953,397.846351045857,398.061633663585,2.15282617727962,26.8795306560986,26.8327610338322,26.8328157299975,-0.0145323082795243,0.00300566096294764,0.498270607457731
"null",4000,3176,10,1,400,366.626899547909,-0.693583576310208,367.320483124219,397.851524908874,398.065624953705,2.14100044830785,26.8792785700622,26.8323428750091,26.8328157299975,-1.16166158550636,-1.14582397715711,0.868395555015682
"null",4000,3176,25,0,160,178.630910944819,-0.324230259820092,178.955141204639,157.900580955352,157.984481261155,2.09750764507775,17.5383581561271,17.5269131068478,17.5271218401653,1.18199946682152,1.19648336336481,0.124924309806005
"null",4000,3176,25,1,160,139.085749381185,-0.27656659037607,139.362315971561,157.911944622768,157.995279232955,2.08336525466316,17.5381051098862,17.5266157156507,17.5271218401653,-1.07344522818321,-1.06312385480984,0.858095356583324
"null",4000,3176,50,0,80,80.027192961103,-0.155920928896534,80.1831138899995,77.9223389920579,77.9638204732951,2.07407406186137,12.5254046800796,12.5214199440275,12.5219806739988,0.168046783541667,0.177239756083972,0.415189921962499
"null",4000,3176,50,1,80,72.8699656204023,-0.110818326546191,72.9807839469485,77.9249874138112,77.966387533549,2.07000598688798,12.5252007344003,12.5212002899293,12.5219806739988,-0.403588086179356,-0.398172976324828,0.642963590760593
"null",4000,3177,2,0,2000,2024.88255424551,1.41094725533708,2023.47160699018,1997.44809868906,1998.72394947738,2.55170157663641,45.2255852800533,44.7213559581807,44.7213595499958,0.606613610118446,0.553374489269495,0.332178557654642
"null",4000,3177,2,1,2000,1956.10851684246,0.670055483504752,1955.43846135896,1997.29029323106,1998.56259730288,2.54460814363842,45.2178641629685,44.7198170178553,44.7213595499958,-0.910741299946789,-0.964318255745658,0.744351001546965
"null",4000,3177,5,0,800,842.449788027287,0.593558821896969,841.85622920539,797.750765077589,798.200525853264,2.24880387837534,35.8783391449054,35.7770692646594,35.7770876399966,1.24584983628053,1.22021463047139,0.133664066707091
"null",4000,3177,5,1,800,816.265522493951,0.305081032743048,815.960441461208,797.638949371131,798.089526424306,2.25288526587838,35.8724508959623,35.7729534995739,35.7770876399966,0.519244508183762,0.499564986634783,0.319025935470934
"null",4000,3177,10,0,400,457.483841831219,0.33882774986201,457.145014081357,397.833009583904,398.049630765631,2.1662118172694,26.8665392387943,26.8327645979885,26.8328157299975,2.22026483266521,2.20235910093871,0.0209271285936717
"null",4000,3177,10,1,400,426.882852978702,0.293290517102132,426.5895624616,397.777078617683,397.993231131548,2.16152513864462,26.8621125887125,26.8289628203909,26.8328157299975,1.08352514214572,1.06587539449413,0.153047003518685
"null",4000,3177,25,0,160,180.606259540552,0.152840779323681,180.453418761229,157.897822159774,157.981839753019,2.10043983111629,17.5351963760944,17.5269330420401,17.5271218401653,1.29502042028663,1.28211701124833,0.105149297002028
"null",4000,3177,25,1,160,175.958864916812,0.127385880438081,175.831479036374,157.871730974779,157.955753267736,2.10055732392187,17.5322647975231,17.5241576890292,17.5271218401653,1.03164845790992,1.02006191029821,0.155885492545499
"null",4000,3177,50,0,80,89.1380114274889,0.132765842185268,89.0052455853037,77.9195891935213,77.9611292490003,2.07700277395322,12.5243244336681,12.5214489119636,12.5219806739988,0.89573072730455,0.882015844488351,0.182645567911333
"null",4000,3177,50,1,80,75.5271937276359,0.112251318523362,75.4149424091125,77.9024423915521,77.9440598684279,2.08087384378966,12.5222150664627,12.5193957673487,12.5219806739988,-0.189682787854178,-0.202015936416953,0.558261955103087
"null",4000,3178,2,0,2000,1994.39413415869,4.26147063770311,1990.13266352099,1997.45606158494,1998.72793054658,2.54373792327729,45.1929382559809,44.721355180926,44.7213595499958,-0.0677523423883426,-0.19219603231662,0.518555524024473
"null",4000,3178,2,1,2000,1995.70993378445,4.84856530138307,1990.86136848307,1997.33323187711,1998.60086749315,2.5352712320822,45.1935856193771,44.7202772446455,44.7213595499958,-0.0359187718879286,-0.173064647335359,0.510249148848312
"null",4000,3178,5,0,800,731.019523847506,1.66066853151724,729.358855315989,797.75673174257,798.205290630281,2.2427944385564,35.8717464475866,35.7770668737304,35.7770876399966,-1.86043932911311,-1.92431748408206,0.956288370452486
"null",4000,3178,5,1,800,787.168646239619,1.96439131818029,785.204254921439,797.674825023503,798.122561701132,2.2386833881421,35.8693502953715,35.7738133826156,35.7770876399966,-0.292901284728308,-0.361110699648545,0.600890192600268
"null",4000,3178,10,0,400,380.628754641896,0.793792959031755,379.834961682864,397.85291606408,398.067540140425,2.14624076344709,26.864332100421,26.8327596071092,26.8328157299975,-0.641153532416102,-0.679489501807708,0.726140339862837
"null",4000,3178,10,1,400,367.622936419407,0.922396468334394,366.700539951072,397.802676056442,398.017519505014,2.14843448571637,26.8616795098065,26.8297564039477,26.8328157299975,-1.12352392656676,-1.16724800189889,0.860280642306713
"null",4000,3178,25,0,160,120.293649572481,0.321631022918882,119.972018549562,157.902948270529,157.986755567751,2.09518243054582,17.5346382781866,17.5269179272428,17.5271218401653,-2.14485740175404,-2.16893450268863,0.988690977491027
"null",4000,3178,25,1,160,151.086628056424,0.35562112031153,150.731006936113,157.880953672285,157.964822985254,2.09673282423285,17.5325523471491,17.5247353458967,17.5271218401653,-0.387526327104665,-0.412777477454776,0.639482708888369
"null",4000,3178,50,0,80,65.4298028196612,0.173735948138165,65.256066871523,77.918722142098,77.9602768139956,2.07773359487773,12.5241111258827,12.5214269617981,12.5219806739988,-0.9971900757593,-1.01459761584938,0.844244139652166
"null",4000,3178,50,1,80,69.5854727136745,0.189071259503323,69.3964014541712,77.9137585431795,77.9552004238586,2.0720940339574,12.522507769549,12.5197877725888,12.5219806739988,-0.665065335376098,-0.683621729469431,0.74075428909903
"null",4000,3179,2,0,2000,1997.53220755396,-7.11685526258677,2004.64906281655,1997.44163641885,1998.72071339721,2.55815395671975,45.5217335151263,44.7213545176684,44.7213595499958,0.00198962403486455,0.132561937876796,0.498744956339696
"null",4000,3179,2,1,2000,1986.05298769569,-10.8500987913124,1996.903086487,1995.22424339826,1996.48431808117,2.5201493658312,45.4975180873817,44.7009470657781,44.7213595499958,-0.201577054927535,0.00936822222611363,0.570960348697711
"null",4000,3179,5,0,800,773.113567468317,-2.80964190107523,775.923209369392,797.741602758665,798.193186100024,2.25791670679157,35.9382022830911,35.777066095368,35.7770876399966,-0.685288459794096,-0.622465147680584,0.729996940705053
"null",4000,3179,5,1,800,737.253621191735,-3.86438896508647,741.118010156821,796.331054014449,796.779168356439,2.24057170994968,35.8862745120979,35.7224736923151,35.7770876399966,-1.64624034191119,-1.5581552016537,0.938724888393248
"null",4000,3179,10,0,400,397.345376065324,-1.39331206771158,398.738688133036,397.832200454244,398.048895192735,2.16694738490991,26.8865259758353,26.8327585418392,26.8328157299975,-0.0181066304124512,0.0257071198708764,0.499832364278056
"null",4000,3179,10,1,400,350.77815330747,-1.85092975193903,352.629083059409,397.05057907336,397.264964138022,2.1438506466197,26.837572255298,26.7822918509824,26.8328157299975,-1.72416585694541,-1.66661917236093,0.957379228203893
"null",4000,3179,25,0,160,151.610996986265,-0.527647118979974,152.138644105245,157.889922275613,157.974247282464,2.10812517127317,17.5400683502479,17.5269079326391,17.5271218401653,-0.357976101573161,-0.332951094377135,0.6280637315033
"null",4000,3179,25,1,160,140.128386628368,-0.693880534427936,140.822267162796,157.563209153914,157.646973520317,2.09410916009951,17.504095149987,17.4904842140014,17.5271218401653,-0.996042490408786,-0.961934852784295,0.843296435162157
"null",4000,3179,50,0,80,78.5603248436657,-0.243277148392174,78.8036019920579,77.9036290271668,77.9454812050672,2.0926088950196,12.5259770336916,12.5213920257915,12.5219806739988,0.0524267140784751,0.068532379245304,0.460913849106525
"null",4000,3179,50,1,80,84.9698079673455,-0.299553927736691,85.2693618950822,77.7488047691974,77.7902866107357,2.07409207691396,12.4993287742989,12.4945801604626,12.5219806739988,0.577711277824443,0.598585561763251,0.27583859239435
"null",4000,3180,2,0,2000,2043.49836804266,-3.72730540356438,2047.22567344623,1997.45779270078,1998.72878639308,2.54198738461125,45.5300644592581,44.721355014282,44.7213595499958,1.01121261058357,1.08442347146359,0.234260688048243
"null",4000,3180,2,1,2000,2009.76976425497,-3.13792898658848,2012.90769324155,1997.41732714912,1998.68646309191,2.53827188557875,45.5321074332407,44.7209149707506,44.7213595499958,0.271290695778902,0.317999534646015,0.422161708699053
"null",4000,3180,5,0,800,808.291709734165,-1.54555432709603,809.837264061261,797.747720379167,798.19807969035,2.25179655591525,35.9398924699842,35.7770660451372,35.7770876399966,0.293378433555525,0.325325289564738,0.392354954775029
"null",4000,3180,5,1,800,805.782855124653,-1.55123249718518,807.334087621838,797.724946915573,798.174115212059,2.24584148243067,35.9396891015817,35.775957790071,35.7770876399966,0.224206397175704,0.256037097973147,0.416498136141987
"null",4000,3180,10,0,400,406.70471143057,-0.769656259581227,407.474367690151,397.841731436814,398.05747153697,2.15740100155896,26.8870893915173,26.8327574374653,26.8328157299975,0.329637018893987,0.350947761337149,0.370738232635425
"null",4000,3180,10,1,400,417.614578221625,-0.706336586484359,418.320914808109,397.827869511247,398.043396945774,2.15527434526519,26.8864310298235,26.831750378708,26.8328157299975,0.735936602683679,0.755728477499037,0.239580183213445
"null",4000,3180,25,0,160,156.476405913052,-0.280666669053342,156.757072582105,157.894465914195,157.978607629238,2.10354287606765,17.5402049835281,17.526904050555,17.5271218401653,-0.080846261630062,-0.0696948556122159,0.519317785461554
"null",4000,3180,25,1,160,180.433730881851,-0.193023071284897,180.626753953136,157.88875974541,157.972858414564,2.10246672885585,17.5395701012048,17.5261779946837,17.5271218401653,1.28537763504775,1.29257477274527,0.106774986807289
"null",4000,3180,50,0,80,70.1753830155777,-0.103590093226748,70.2789731088044,77.911134012991,77.9528345695395,2.0850278274259,12.5260147594303,12.5213804917411,12.5219806739988,-0.617574795015264,-0.612860655883482,0.724034617189405
"null",4000,3180,50,1,80,89.4036848817469,-0.0349876181465376,89.4386724998934,77.9085601304313,77.9502444580041,2.08421637864136,12.5255233933445,12.5208564852826,12.5219806739988,0.917736080986731,0.917543305076066,0.17754395419977
"null",4000,3181,2,0,2000,1939.64494173387,-10.7982658103605,1950.44320754423,1997.46250699694,1998.73115494552,2.53729589715587,45.1297706257603,44.7213563553573,44.7213595499958,-1.28114024204838,-1.07975140596351,0.821659384007912
"null",4000,3181,2,1,2000,1980.37809745978,-11.8660965619915,1992.24419402177,1996.47305942251,1997.74050370604,2.53488856706807,45.1027187243313,44.7129612250494,44.7213595499958,-0.356851259036082,-0.122924305026595,0.606048906160696
"null",4000,3181,5,0,800,782.237313765195,-4.32212896565964,786.559442730855,797.76265601846,798.210041429417,2.23692705478651,35.859024898525,35.7770701843538,35.7770876399966,-0.432954947804596,-0.325644292238813,0.64820273044922
"null",4000,3181,5,1,800,753.281267529578,-4.77499421651207,758.056261746091,797.109585095989,797.559517714574,2.24966309292396,35.8302845450232,35.752828839838,35.7770876399966,-1.22321991362746,-1.10489875208045,0.869540384250168
"null",4000,3181,10,0,400,400.406348760695,-2.13596585581065,402.542314616505,397.86248199896,398.076160055724,2.13678056763533,26.8600960158584,26.8327676135592,26.8328157299975,0.0947080293470364,0.166444051731899,0.45670442443584
"null",4000,3181,10,1,400,363.782704413709,-2.31418764213097,366.09689205584,397.489373054733,397.703883602046,2.14510547313704,26.8358355522566,26.8099687574908,26.8328157299975,-1.25603201642029,-1.17892683248188,0.889826202041466
"null",4000,3181,25,0,160,143.631548913662,-0.846151311496506,144.477700225159,157.914591436453,157.997940822917,2.08373466159993,17.5336256189438,17.5269404803546,17.5271218401653,-0.814608617361992,-0.771397644267265,0.787092060257447
"null",4000,3181,25,1,160,143.965005265054,-0.848106109181528,144.813111374235,157.753389079471,157.837003863674,2.09036960507135,17.5167820462248,17.5104426441956,17.5271218401653,-0.787152787425852,-0.743778598524207,0.781243582484822
"null",4000,3181,50,0,80,58.7914211560556,-0.440782626113773,59.2322037821693,77.9383133819007,77.9794815182593,2.05840681792919,12.5237948672309,12.5214697236069,12.5219806739988,-1.52884109240275,-1.49721064299229,0.948611015761982
"null",4000,3181,50,1,80,75.1941129137988,-0.444631307796183,75.638744221595,77.844253641612,77.8857247172386,2.07355378133034,12.51147556859,12.5092724986688,12.5219806739988,-0.211816800766993,-0.179625193701927,0.569001474773894
"null",4000,3182,2,0,2000,1961.00537797711,-10.9236103722361,1971.92898834934,1997.46677632692,1998.73328046454,2.53300827522758,45.2403995638391,44.7213549704255,44.7213595499958,-0.805947752481028,-0.599362253959509,0.718475184888725
"null",4000,3182,2,1,2000,1943.62012021877,-10.3270729713097,1953.94719319008,1996.96983433922,1998.23999369364,2.54031870883986,45.2386566370083,44.7169979217842,44.7213595499958,-1.17929483513459,-0.99051373218379,0.804446596613556
"null",4000,3182,5,0,800,801.313267653305,-4.25217792474565,805.565445578051,797.743171354782,798.194442103905,2.25635374561473,35.8813181036275,35.7770669117689,35.7770876399966,0.09949735648541,0.20602592974778,0.460369174736964
"null",4000,3182,5,1,800,762.941570278445,-5.08001439906702,768.021584677512,797.421971495082,797.874766056328,2.26397280623008,35.8710971016963,35.7651738201033,35.7770876399966,-0.961230740138331,-0.83469974251981,0.808940566857144
"null",4000,3182,10,0,400,404.236062561789,-2.11358682508252,406.349649386872,397.831395233453,398.048173193161,2.16777959707437,26.8675281875175,26.8327609541903,26.8328157299975,0.238379477398719,0.309378382935822,0.403813324684185
"null",4000,3182,10,1,400,380.334474853801,-2.23631671524888,382.57079156905,397.659266478151,397.875375281535,2.16108803383659,26.8570966425372,26.8215718113977,26.8328157299975,-0.64507313858008,-0.570607264186552,0.729707472223833
"null",4000,3182,25,0,160,149.706376958544,-0.899486268521731,150.605863227065,157.892158381749,157.976396406886,2.10595062843579,17.5354195124429,17.5269151872271,17.5271218401653,-0.466814119696219,-0.420526550227843,0.669051175117021
"null",4000,3182,25,1,160,137.10429068787,-0.912840326467156,138.017131014337,157.823765015993,157.907656274823,2.09728147074558,17.5274072347399,17.5186868130287,17.5271218401653,-1.18211861290337,-1.13538905471461,0.883713367894316
"null",4000,3182,50,0,80,73.2447334278362,-0.408170988102104,73.6529044159383,77.9096268427265,77.9513630754631,2.08681163682737,12.5243846257501,12.5214245758899,12.5219806739988,-0.372464879855203,-0.343288308249013,0.631212404834944
"null",4000,3182,50,1,80,62.604975131774,-0.401731697985821,63.0067068297598,77.8782720330153,77.9198408604388,2.07844137117499,12.5183220395644,12.5152829482222,12.5219806739988,-1.22007541050388,-1.19159383710118,0.897990574089097
"null",4000,3183,2,0,2000,2004.92980336222,-0.609936060849023,2005.53973942307,1997.47481194142,1998.7373127101,2.5250015373484,45.1480238697491,44.721356111632,44.7213595499958,0.16512331618997,0.152106897116267,0.452225111557305
"null",4000,3183,2,1,2000,2061.7844850404,-0.950227264821551,2062.73471230522,1997.32939372889,1998.58881032453,2.51883319128492,45.1415652722874,44.7200315654142,44.7213595499958,1.4278435167839,1.43438856671786,0.156486654805406
"null",4000,3183,5,0,800,767.402369669488,-0.286425867625039,767.688795537113,797.755427409711,798.204255925952,2.24414258120607,35.8627026564195,35.7770694107754,35.7770876399966,-0.846368385311575,-0.852933482015395,0.776124599884544
"null",4000,3183,5,1,800,799.997516198454,-0.40819848749304,800.405714685947,797.666566274316,798.113917986089,2.23675855886378,35.8576421617702,35.7734169827014,35.7770876399966,0.0650056663966285,0.0640642380057289,0.473432616690765
"null",4000,3183,10,0,400,392.999939978524,-0.163115196135108,393.163055174659,397.845483661587,398.060859451235,2.15375789648084,26.8613228556057,26.8327659470223,26.8328157299975,-0.1803911039345,-0.182530727031525,0.561318532199168
"null",4000,3183,10,1,400,372.987158658943,-0.131778272810491,373.118936931754,397.791784189085,398.007192322031,2.15408132945721,26.8574944149622,26.8294278162452,26.8328157299975,-0.923564393122362,-0.927647639775871,0.811133943214315
"null",4000,3183,25,0,160,143.818370252417,-0.100854731516275,143.919224983934,157.904401556219,157.988158176053,2.09391549584652,17.5339240900346,17.5269390324894,17.5271218401653,-0.80335874796031,-0.802703379411518,0.783825597277046
"null",4000,3183,25,1,160,160.67520913353,-0.0121484656639511,160.687357599194,157.872634027061,157.956756011306,2.10304960612335,17.5313838195855,17.5245225508316,17.5271218401653,0.159860461405115,0.155816033216753,0.425786047785757
"null",4000,3183,50,0,80,63.3272369104077,-0.0524898737370869,63.3797267841448,77.9251090713432,77.9665419670895,2.07164478731328,12.5239045286918,12.5214744940543,12.5219806739988,-1.16560072200266,-1.16494388818754,0.885598084788509
"null",4000,3183,50,1,80,70.6438078298418,-0.0256655689513815,70.6694733987932,77.9028687313635,77.9445060105045,2.08186395705142,12.5220000405943,12.5196161246324,12.5219806739988,-0.579704590160438,-0.581090709115086,0.710461290886371
"null",4000,3184,2,0,2000,1933.52419432808,-7.7692393317607,1941.29343365984,1997.47177606314,1998.73579681277,2.52804149927065,45.1390477098193,44.7213563387231,44.7213595499958,-1.41667990308854,-1.28445038021336,0.84627083362149
"null",4000,3184,2,1,2000,2010.48164658813,-7.8648408638867,2018.34648745201,1997.45548891503,1998.72566585035,2.54035387064436,45.1384004529774,44.7213216061256,44.7213595499958,0.288582615741253,0.438735281002367,0.41777759629027
"null",4000,3184,5,0,800,782.502373068313,-3.10900890167917,785.611381969993,797.754895095546,798.203829525253,2.24467214853268,35.8608920909239,35.7770693485086,35.7770876399966,-0.42532466812483,-0.351969789157279,0.645704937053486
"null",4000,3184,5,1,800,826.788230726983,-3.18464388081102,829.972874607794,797.741363537739,798.192498238957,2.25567350608993,35.86060888216,35.776973622006,35.7770876399966,0.809993697672365,0.888291354786044,0.23307469328376
"null",4000,3184,10,0,400,419.071256711491,-1.55042311240998,420.621679823901,397.84671341677,398.061968035702,2.1525461893166,26.8607178235772,26.8327672267876,26.8328157299975,0.790170368272535,0.840752338270846,0.224347305414785
"null",4000,3184,10,1,400,445.773899090607,-1.58118735192344,447.35508644253,397.839567526078,398.055394929612,2.15827403534214,26.8605616632455,26.8326786667422,26.8328157299975,1.78456177370705,1.83730040989246,0.0491313913132711
"null",4000,3184,25,0,160,181.359563642926,-0.577183081755011,181.936746724681,157.902225133023,157.986067445922,2.09605782247766,17.5337707828163,17.5269350089045,17.5271218401653,1.33783763917408,1.3665069943256,0.0982722008520958
"null",4000,3184,25,1,160,152.713680705487,-0.626332783224153,153.340013488712,157.902151556475,157.985972499563,2.09552357720289,17.5336876841401,17.526870072765,17.5271218401653,-0.295914410274364,-0.265076365121834,0.603779316872705
"null",4000,3184,50,0,80,95.4875408430857,-0.295598048982257,95.7831388920679,77.9194474551224,77.9609911005165,2.0771822697068,12.5238324540135,12.5214552304581,12.5219806739988,1.40277294929263,1.42332879553804,0.0869426544529771
"null",4000,3184,50,1,80,89.3420459265133,-0.296614880777645,89.6386608072909,77.9188256498369,77.9603750736605,2.07747119118081,12.523774291044,12.5214037600614,12.5219806739988,0.912122816269959,0.932665854197575,0.178718607789213
"null",4000,3185,2,0,2000,1887.66703735358,4.61497707757758,1883.052060276,1997.44474019221,1998.72227151793,2.55506265145361,45.2325564178224,44.7213558713064,44.7213595499958,-2.42696216027645,-2.58646476584455,0.961469431084081
"null",4000,3185,2,1,2000,2002.90494903979,4.50373771870531,1998.40121132109,1997.44903749196,1998.72238634428,2.54669770462456,45.2318106293626,44.7213185051958,44.7213595499958,0.120621117570018,-0.00718169843653428,0.464909028239298
"null",4000,3185,5,0,800,741.504907795963,1.8579266041819,739.646981191781,797.724974277554,798.179893606939,2.27459664692688,35.8797401514937,35.7770691399179,35.7770876399966,-1.5669028327467,-1.63604548450422,0.923953651520873
"null",4000,3185,5,1,800,850.216547218616,1.8897610258126,848.326786192803,797.724747295475,798.179192043856,2.27222374190386,35.8794188928948,35.7769699909054,35.7770876399966,1.46300585524634,1.40167247706263,0.0974566864534602
"null",4000,3185,10,0,400,378.737146297109,0.914505063312358,377.822641233797,397.829411371982,398.04639096271,2.16979590727317,26.8670054797604,26.8327634402636,26.8328157299975,-0.710621252124882,-0.753696121308419,0.748686329791578
"null",4000,3185,10,1,400,424.866453840888,0.923608464281848,423.942845376606,397.831495373114,398.048121856444,2.1662648332982,26.8668313444542,26.8326726244003,26.8328157299975,1.00625779501735,0.965044514299128,0.169754102165403
"null",4000,3185,25,0,160,150.155401922327,0.42694980998168,149.728452112345,157.888545675995,157.972934265705,2.10971474273355,17.5353081960286,17.526932424106,17.5271218401653,-0.441004153860255,-0.470389338753898,0.659516471446989
"null",4000,3185,25,1,160,153.548061097593,0.464568517651916,153.083492579942,157.899634464941,157.983555283351,2.09802046025561,17.5352239757251,17.5268678159009,17.5271218401653,-0.248161835478791,-0.279574351497322,0.585205910391859
"null",4000,3185,50,0,80,69.5133041410988,0.175086622159873,69.3382175189389,77.9144980952738,77.9561423255015,2.08221151138219,12.5243831774553,12.5214673075306,12.5219806739988,-0.67078704277411,-0.688251991152796,0.742769615790487
"null",4000,3185,50,1,80,74.6749064614268,0.179747557386009,74.4951589040408,77.9177455324109,77.9593188357616,2.07866516753679,12.5243297872809,12.5214210864384,12.5219806739988,-0.258923162042358,-0.276658688163817,0.58570107381957
"null",4000,3186,2,0,2000,2017.14588035713,-4.63590040354773,2021.78178076068,1997.46061137658,1998.73020127293,2.5391797926964,45.3987126685822,44.7213552398259,44.7213595499958,0.433608528159322,0.515449036911638,0.377349118485716
"null",4000,3186,2,1,2000,2034.24405975587,-3.64516820395251,2037.88922795982,1996.61006174959,1997.87691274413,2.53370198908132,45.3932572170131,44.7133540245431,44.7213595499958,0.8290658197617,0.894862756073409,0.280803723108357
"null",4000,3186,5,0,800,843.139009045598,-1.89522080252028,845.034229848118,797.752334291392,798.201768408455,2.24717058531118,35.9132922299829,35.7770654835428,35.7770876399966,1.26378485335058,1.3090079023168,0.13010983819916
"null",4000,3186,5,1,800,841.039865391174,-2.08264547370309,843.122510864877,797.20048217178,797.648738717163,2.2412827269184,35.894334050671,35.7557245398231,35.7770876399966,1.221345495852,1.27178997861075,0.141147602338926
"null",4000,3186,10,0,400,402.668383106363,-0.917298085745482,403.585681192109,397.840696951768,398.056538453928,2.15841502160513,26.8782015323037,26.8327561056994,26.8328157299975,0.179613436888376,0.206059441542273,0.425268571020243
"null",4000,3186,10,1,400,416.896151663124,-1.12211671783658,418.01826838096,397.53537800923,397.750492751668,2.15114742438356,26.8596374763655,26.8131327375026,26.8328157299975,0.720812917558166,0.755889877833787,0.247309371112538
"null",4000,3186,25,0,160,173.034023362846,-0.386358016642614,173.420381379488,157.896407875161,157.980472467883,2.10161481805121,17.5380248203835,17.5269051899232,17.5271218401653,0.863131147476257,0.880926138659213,0.195576479735691
"null",4000,3186,25,1,160,151.514977851143,-0.50081798477913,152.015795835922,157.767314493523,157.851268745226,2.09885629255831,17.5242356543113,17.5128106616846,17.5271218401653,-0.356782273744562,-0.333211671275077,0.630161505276027
"null",4000,3186,50,0,80,80.4881168236303,-0.108103954147822,80.5962207777781,77.9141999813001,77.9558382005016,2.08191096007596,12.5252401458874,12.521371921805,12.5219806739988,0.205498402613491,0.210870070289861,0.401139923229877
"null",4000,3186,50,1,80,87.1753824606183,-0.231993120713356,87.4073755813316,77.8558249468103,77.8972875400995,2.07312966445863,12.5149617883442,12.5109812667216,12.5219806739988,0.744673269597015,0.760139259941849,0.223464011502597
"null",4000,3187,2,0,2000,1955.76987185408,-5.77830855026946,1961.54818040435,1997.45749169985,1998.72862909401,2.54227478832587,45.3651788407537,44.7213547091548,44.7213595499958,-0.918934321676552,-0.831380197032489,0.746094972113003
"null",4000,3187,2,1,2000,2063.69699076356,-4.96159631521087,2068.65858707877,1997.3823190413,1998.65636161769,2.54808515279224,45.3672205594523,44.7206894769198,44.7213595499958,1.46173097898653,1.56532080072711,0.149490546241685
"null",4000,3187,5,0,800,825.870319653792,-2.29473885076234,828.165058504554,797.74318126384,798.194445968351,2.25632352255693,35.9065119378361,35.7770656770278,35.7770876399966,0.783343657513922,0.837704601231357,0.239997376802436
"null",4000,3187,5,1,800,799.825323992993,-2.07383265623179,801.899156649224,797.680733941025,798.135603649973,2.27434854474084,35.9058204838279,35.7753558635453,35.7770876399966,0.0597282006947592,0.105199596437466,0.475145709032735
"null",4000,3187,10,0,400,420.382299152237,-1.11829422571799,421.500593377955,397.835597911006,398.051950137083,2.16352226076332,26.8759372093894,26.832756831275,26.8328157299975,0.838917767427802,0.87388125597075,0.211148875099517
"null",4000,3187,10,1,400,385.065206913532,-1.07527290458344,386.140479818115,397.801549128812,398.018752000522,2.17202871709908,26.8747344712878,26.8311507243738,26.8328157299975,-0.473915090356989,-0.442704537886872,0.669969037486923
"null",4000,3187,25,0,160,177.084474235996,-0.408857235147147,177.493331471143,157.893327168627,157.97751504267,2.10469685107763,17.5374682403289,17.5269055806514,17.5271218401653,1.09429404543337,1.11347758100649,0.142237147637764
"null",4000,3187,25,1,160,150.159775619138,-0.392966957995734,150.552742577134,157.881624507521,157.965853682432,2.10572937277992,17.5364366956128,17.5257638499156,17.5271218401653,-0.440331694654645,-0.422983623925426,0.659423178126224
"null",4000,3187,50,0,80,80.0857730679202,-0.19685980518605,80.2826328731063,77.9112209996404,77.9529203023304,2.08496513449934,12.525059929964,12.521384069794,12.5219806739988,0.173616100876095,0.186058710266377,0.413394847816777
"null",4000,3187,50,1,80,73.3459141301168,-0.187249048227321,73.5331631783441,77.9022545177656,77.9440218071144,2.08836446743861,12.5242382624997,12.5205227687415,12.5219806739988,-0.363801797135356,-0.35229029252535,0.628025075210845
"null",4000,3188,2,0,2000,2014.56791308027,0.467267690665577,2014.10064538961,1997.4612283569,1998.730517827,2.5385789402038,45.156827892539,44.7213561966675,44.7213595499958,0.37882830840289,0.343686526298796,0.392845222645341
"null",4000,3188,2,1,2000,1988.68157204705,0.379252760771814,1988.30231928628,1997.40670358416,1998.68367743468,2.55394770103731,45.1545772848125,44.7210139577712,44.7213595499958,-0.193228063725992,-0.232136019058135,0.554520267617282
"null",4000,3188,5,0,800,872.813208776364,0.196563561344716,872.616645215019,797.734983844117,798.187900954987,2.26458555434712,35.8644763736914,35.777069625188,35.7770876399966,2.09338689766347,2.08034769308307,0.0333478986876514
"null",4000,3188,5,1,800,825.767928000685,0.100674671516718,825.667253329169,797.726930428795,798.176178328969,2.24623950087065,35.862871673929,35.7760638993065,35.7770876399966,0.781894930970504,0.768420893857273,0.240776803225618
"null",4000,3188,10,0,400,393.6015248732,0.105183156815223,393.496341716384,397.838332189603,398.054423613784,2.16091424181207,26.8619137698279,26.8327665405623,26.8328157299975,-0.157725445502788,-0.169869994229244,0.552833636133281
"null",4000,3188,10,1,400,409.843194925109,0.0385523508251487,409.804642574284,397.828429852154,398.0440398075,2.15609955345842,26.8607802940207,26.8318448475321,26.8328157299975,0.447297693568103,0.438307646515244,0.330239385275488
"null",4000,3188,25,0,160,149.806837285491,0.0662522200497504,149.740585065441,157.901652481358,157.985517193723,2.0966178091356,17.5340626596259,17.5269340419327,17.5271218401653,-0.461662271488664,-0.470414968673751,0.666925548073527
"null",4000,3188,25,1,160,163.741650424935,0.0196074774343662,163.7220429475,157.894873464995,157.978754594677,2.09702824204919,17.5333293353206,17.5262537958791,17.5271218401653,0.333466442574702,0.327696290360357,0.360709253898927
"null",4000,3188,50,0,80,88.1896739059352,0.0562957212775671,88.1333781846577,77.918343222581,77.9599103509176,2.07835641682828,12.5239453607422,12.5214663506071,12.5219806739988,0.820135379666456,0.812482144573016,0.201679873059351
"null",4000,3188,50,1,80,78.9042789238761,0.0152976238045742,78.8889813000716,77.9209653594182,77.9624153867864,2.07250136840773,12.5234276605477,12.5209665793433,12.5219806739988,0.0785179258515325,0.0740011489858793,0.450071893585403
"null",4000,3189,2,0,2000,1924.2106720658,-8.13898934062431,1932.34966140642,1997.47297007273,1998.73638655543,2.52683296540994,45.2429497461362,44.7213558728989,44.7213595499958,-1.6193086087006,-1.48445242442298,0.879281789448751
"null",4000,3189,2,1,2000,1997.7966265233,-7.90271686127657,2005.69934338457,1997.08581281769,1998.35669832488,2.54177101438211,45.2304874928936,44.7180644736099,44.7213595499958,0.0157153668909133,0.164198633060789,0.497076095130374
"null",4000,3189,5,0,800,750.122237579546,-3.27971186305113,753.401949442597,797.75913249256,798.207219230884,2.24043369162227,35.881832137353,35.7770691783681,35.7770876399966,-1.32760486506553,-1.2523460086937,0.886190073982089
"null",4000,3189,5,1,800,756.354693292257,-3.52431610954446,759.879009401801,797.503248227888,797.953821415733,2.2528659392284,35.8701495366839,35.7678048603807,35.7770876399966,-1.147153147314,-1.06449954540282,0.85184543351192
"null",4000,3189,10,0,400,361.168213532525,-1.66952286932673,362.837736401852,397.8435928572,398.059158078676,2.15565221475777,26.8677079071614,26.8327662277929,26.8328157299975,-1.36503565735502,-1.31262730714443,0.907288810163619
"null",4000,3189,10,1,400,373.58463960024,-1.66797144214108,375.252611042381,397.704081623861,397.919836767577,2.15755143715982,26.8582706785595,26.8241501757049,26.8328157299975,-0.898026619520041,-0.845030525728492,0.805100338511217
"null",4000,3189,25,0,160,154.004388242371,-0.641603290905247,154.645991533277,157.905391406968,157.989104887882,2.09283702285097,17.5354773909807,17.5269290473839,17.5271218401653,-0.222463470917686,-0.190741535243676,0.574992800057354
"null",4000,3189,25,1,160,130.180487012112,-0.606515848298215,130.78700286041,157.848205871157,157.93185618706,2.09125789756854,17.5289996150308,17.5206519854076,17.5271218401653,-1.57839691178504,-1.54930611881672,0.948395508215178
"null",4000,3189,50,0,80,82.7719957335516,-0.337737626789257,83.1097333603408,77.9280975604222,77.9694688704654,2.06856550216253,12.5244369805654,12.5214602067276,12.5219806739988,0.386755762406392,0.410516377883278,0.33444098893038
"null",4000,3189,50,1,80,63.74305421537,-0.295983471101177,64.0390376864712,77.8946981452919,77.9361251171013,2.07134859047091,12.5196309823272,12.5167261829984,12.5219806739988,-1.13035631400785,-1.11028133295004,0.878042563027068
"null",4000,3190,2,0,2000,2031.35396035897,-4.45063157063465,2035.8045919296,1997.48449518047,1998.74215724908,2.51532413722623,45.041240949194,44.7213566505481,44.7213595499958,0.751965631157993,0.828741287303214,0.296234915268542
"null",4000,3190,2,1,2000,2000.31454240219,-4.43097882269154,2004.74552122488,1997.45299687058,1998.72563986493,2.54528598870006,45.0409646703,44.7213446739757,44.7213595499958,0.0635320658108079,0.134608684149436,0.481198533127301
"null",4000,3190,5,0,800,798.514768634495,-1.76772366646974,800.282492300964,797.754135720007,798.203227902886,2.24546091439662,35.8412131968395,35.7770706882746,35.7770876399966,0.021222298204881,0.0581172342530507,0.488204911481759
"null",4000,3190,5,1,800,812.495511779919,-1.7418818754963,814.237393655415,797.753584940935,798.20257776264,2.24496410852664,35.841089204113,35.7770316625064,35.7770876399966,0.411313583552941,0.448187430529053,0.352963792394452
"null",4000,3190,10,0,400,380.498428445851,-0.83952310248082,381.337951548332,397.845194691384,398.060604508659,2.15409817275098,26.8541554848681,26.8327696669297,26.8328157299975,-0.645962084166345,-0.623217549582172,0.727722737942679
"null",4000,3190,10,1,400,381.56639256338,-0.853007267402626,382.419399830782,397.841244180606,398.056990306332,2.15746125726572,26.8540860325698,26.8327331169293,26.8328157299975,-0.606047496738018,-0.582780382729041,0.714634387273757
"null",4000,3190,25,0,160,178.468828444048,-0.363988854583442,178.832817298632,157.898518685065,157.982515703091,2.09992545065035,17.5321834449876,17.526953486929,17.5271218401653,1.17328853097666,1.18961356353742,0.126662066277622
"null",4000,3190,25,1,160,159.495904138861,-0.352353147801633,159.848257286663,157.898352142656,157.982345202533,2.09982649691413,17.532147341224,17.5269252280344,17.5271218401653,0.0911212965024889,0.106459750347172,0.45169823865545
"null",4000,3190,50,0,80,84.3472081152674,-0.204668509766213,84.5518766250336,77.9130106818529,77.9546912102031,2.08402641750935,12.5233380284078,12.5215195561135,12.5219806739988,0.51377655213165,0.526867796297897,0.291820242547757
"null",4000,3190,50,1,80,73.624451584078,-0.197524385291437,73.8219759693694,77.9142178224522,77.9558715192414,2.08268483946115,12.5233144296477,12.5214988008064,12.5219806739988,-0.342542404606449,-0.330143828277626,0.619221263741355
"null",4000,3191,2,0,2000,1984.52095711385,-1.27283941997188,1985.79379653382,1997.48010120919,1998.73995853213,2.51971464587523,45.2307002278508,44.7213561454825,44.7213595499958,-0.286512126278446,-0.289485004797152,0.580494239425856
"null",4000,3191,2,1,2000,2051.73240050367,-1.17957084437091,2052.91197134804,1997.18450499094,1998.4507711094,2.53253223691954,45.2300222997164,44.7190097434307,44.7213595499958,1.20601080298543,1.21785344870347,0.19682146355631
"null",4000,3191,5,0,800,848.433424632752,-0.525115686908799,848.958540319661,797.743825747481,798.194973165173,2.25573708845879,35.879364015012,35.7770689820023,35.7770876399966,1.41277863409346,1.41888557668109,0.105037078442521
"null",4000,3191,5,1,800,831.121094197249,-0.0837380650125119,831.204832262261,797.570124960228,798.019576411817,2.24725725794761,35.8735428503723,35.7702064488601,35.7770876399966,0.935256642394134,0.927734535105032,0.20200085338892
"null",4000,3191,10,0,400,437.923447201883,-0.246445603701869,438.169892805585,397.8367159028,398.052968064319,2.16252161519347,26.8668837016564,26.8327656869604,26.8328157299975,1.49204990590745,1.49507230112923,0.0816943976689912
"null",4000,3191,10,1,400,453.786141006697,-0.0339572606609617,453.820098267358,397.742071299317,397.957562791231,2.15491491913213,26.8609555287794,26.8263848897319,26.8328157299975,2.08645108128536,2.08237284694702,0.0277360474896273
"null",4000,3191,25,0,160,167.778060821167,-0.123711797965115,167.901772619132,157.888471662912,157.972864652104,2.10982472979625,17.5352844856922,17.5269367601338,17.5271218401653,0.563982247697429,0.566494197069952,0.282162492025695
"null",4000,3191,25,1,160,155.105251193085,-0.00690704258315437,155.112158235669,157.850236710838,157.934440231248,2.10508801026197,17.5308262547376,17.5223521914284,17.5271218401653,-0.156580498709267,-0.161067530474605,0.550243194846135
"null",4000,3191,50,0,80,86.6253418349911,-0.0693512476482556,86.6946930826394,77.9096241411861,77.9513646238188,2.08702413163313,12.5243638203093,12.5214580444181,12.5219806739988,0.695901030890827,0.698267600131304,0.235890397897155
"null",4000,3191,50,1,80,93.0306526913715,-0.0293477195418399,93.0600004109134,77.8898777624863,77.9315687545026,2.08454960081569,12.5209759050404,12.5180238711064,12.5219806739988,1.2092328140964,1.20853193860172,0.117734288712317
"null",4000,3192,2,0,2000,2125.38526423303,3.0447304871047,2122.34053374593,1997.47269459117,1998.73625256428,2.52711594621503,45.122973912031,44.7213565438725,44.7213595499958,2.83475486104335,2.76387593610654,0.0236091708998664
"null",4000,3192,2,1,2000,2105.62349507444,1.66338694906316,2103.96010812538,1996.70707654379,1997.9759855267,2.53781796580857,45.100095197732,44.7146694691311,44.7213595499958,2.41499309598193,2.37023160088099,0.0461502952986062
"null",4000,3192,5,0,800,868.671051541275,1.23052795174553,867.44052358953,797.755218768048,798.204093623936,2.24437427943783,35.8576562562107,35.7770705874309,35.7770876399966,1.97770407152431,1.935217971421,0.0412926178499014
"null",4000,3192,5,1,800,875.460384113799,0.861651746534132,874.598732367265,797.262619246407,797.710961854263,2.2417130392801,35.8349758856287,35.7583266208187,35.7770876399966,2.18216317814665,2.15020605769168,0.0289744020015792
"null",4000,3192,10,0,400,387.150423237032,0.595759341514845,386.554663895517,397.850562473268,398.065433654832,2.14871181563926,26.8596406602726,26.8327686027618,26.8328157299975,-0.398372389697017,-0.428981814352542,0.642226938590946
"null",4000,3192,10,1,400,438.046893915064,0.391509242767751,437.655384672296,397.56959298255,397.784970606923,2.15377624373555,26.8410737656555,26.8155190836186,26.8328157299975,1.50803582918904,1.48684103190565,0.081076101931806
"null",4000,3192,25,0,160,135.551156600984,0.280237336188051,135.270919264796,157.902582701888,157.98641230187,2.09573999955047,17.5335134381222,17.5269402420685,17.5271218401653,-1.27478307070538,-1.2960330053817,0.901506395923979
"null",4000,3192,25,1,160,177.638774393532,0.243263333159741,177.395511060372,157.78352937232,157.867429125842,2.09749383805104,17.5206603157964,17.5144156375361,17.5271218401653,1.13324752967846,1.11497193732677,0.135842200046355
"null",4000,3192,50,0,80,58.2547643045484,0.117702709846171,58.1370615947023,77.9270467659591,77.9684425968066,2.06979154237274,12.5237762671656,12.5214886947704,12.5219806739988,-1.57079478599332,-1.58378779756332,0.953875706175615
"null",4000,3192,50,1,80,90.5172979355015,0.138689755065505,90.378608180436,77.8581316641891,77.8997004032555,2.07843695331556,12.5143440848436,12.5121718232524,12.5219806739988,1.0115724951693,0.997341465051653,0.157249829076246
"null",4000,3193,2,0,2000,2038.69177658995,-4.98723718606031,2043.67901377601,1997.47544675408,1998.73763283824,2.52437216830618,45.1289812863439,44.7213564310557,44.7213595499958,0.913300691951182,1.00491989788057,0.257870251232823
"null",4000,3193,2,1,2000,2013.00158776433,-2.97227450942193,2015.97386227375,1996.76843745892,1998.03065260297,2.52443028809599,45.108180016698,44.7152301162203,44.7213595499958,0.359871542132645,0.401277363979639,0.402352294619607
"null",4000,3193,5,0,800,821.942595311281,-1.99036643522926,823.932961746511,797.766165533697,798.212850062421,2.23342264361803,35.8588675727325,35.7770701701135,35.7770876399966,0.674210632238931,0.718899327468551,0.270907493942773
"null",4000,3193,5,1,800,804.878508030094,-1.48005338731366,806.358561417408,797.30694403309,797.755526306396,2.2429113665294,35.8382851759712,35.7600299378218,35.7770876399966,0.211270264741362,0.240576843083473,0.425296279535508
"null",4000,3193,10,0,400,417.791328471168,-0.968562649657218,418.759891120825,397.86030140109,398.074195963067,2.13894561977757,26.8600420004611,26.8327663443288,26.8328157299975,0.742032609991307,0.770911761102475,0.237700367357346
"null",4000,3193,10,1,400,368.138800895123,-0.860899606174712,368.999700501298,397.598470047611,397.813205946602,2.14735898990836,26.8430009548201,26.8169167329294,26.8328157299975,-1.09748046435165,-1.07445258275806,0.855952798997569
"null",4000,3193,25,0,160,170.722346661933,-0.426031758715067,171.148378420648,157.905437119731,157.989153304775,2.0929046260952,17.5336130293486,17.5269418106595,17.5271218401653,0.730990784429223,0.750799840498704,0.231290870044292
"null",4000,3193,25,1,160,163.111862511398,-0.407376673923573,163.519239185321,157.790333483655,157.874360022125,2.10066346175991,17.5218544388437,17.5154787707217,17.5271218401653,0.303708094729153,0.322279467040989,0.373750950273349
"null",4000,3193,50,0,80,81.097939929088,-0.208111585860339,81.3060515149484,77.9295650241809,77.970906022696,2.06704992575375,12.5237703447556,12.5214527548073,12.5219806739988,0.252988901719511,0.266354516329739,0.382829228089895
"null",4000,3193,50,1,80,74.6311841285318,-0.172665826796998,74.8038499553288,77.8611798098485,77.9027878951126,2.08040426320965,12.5151576273497,12.5129446742456,12.5219806739988,-0.258086695948441,-0.247658566425384,0.587104262456717
"null",4000,3194,2,0,2000,1897.90930251658,6.79269031312915,1891.11661220345,1997.44063326042,1998.72022448103,2.55918244121694,45.2621253043644,44.7213561094439,44.7213595499958,-2.1989981706459,-2.40609010187993,0.945202259202183
"null",4000,3194,2,1,2000,1915.39079606223,6.77030132581381,1908.62049473642,1997.42130171917,1998.6920145653,2.54142569225268,45.263163314951,44.7210426516654,44.7213595499958,-1.81230165214374,-2.01407468359916,0.905693678239301
"null",4000,3194,5,0,800,787.416847230306,2.7158702313219,784.700976998984,797.743452909064,798.194673660228,2.25610375582101,35.885701699198,35.7770685867853,35.7770876399966,-0.287763794207459,-0.377160488386919,0.598467863598083
"null",4000,3194,5,1,800,711.740946460161,2.67846556513156,709.06248089503,797.716883328887,798.168635663137,2.25876167125141,35.8853201076143,35.7761606969871,35.7770876399966,-2.39585258291963,-2.49065727099138,0.986974085179958
"null",4000,3194,10,0,400,406.260241751255,1.33430194934025,404.925939801915,397.837699786157,398.053852905153,2.16153118996803,26.8690002014204,26.8327652173163,26.8328157299975,0.313466891285868,0.256108039596555,0.37662121291803
"null",4000,3194,10,1,400,362.40904317317,1.24726138514136,361.161781788028,397.822950203022,398.039225323101,2.16275120079558,26.8683588995803,26.8319188163335,26.8328157299975,-1.31805247809182,-1.37438711660921,0.899264130042063
"null",4000,3194,25,0,160,158.48732995326,0.557934461978044,157.929395491282,157.899114721274,157.983079926787,2.09913013780644,17.5357977311223,17.5269310986577,17.5271218401653,0.0335436825289929,-0.00306296836580837,0.474130397129621
"null",4000,3194,25,1,160,140.511495199255,0.528374673992563,139.983120525263,157.886055340675,157.970319600781,2.10660650264862,17.5352553860709,17.526334660181,17.5271218401653,-0.990835876574758,-1.02629553892888,0.837631903850212
"null",4000,3194,50,0,80,71.1331089290967,0.253504022967907,70.8796049061288,77.9156177043537,77.9572358854405,2.08090905433948,12.5245234819903,12.5214387063989,12.5219806739988,-0.541538269700234,-0.565241035416699,0.696023663874798
"null",4000,3194,50,1,80,66.7429378501987,0.259621113781471,66.4833167364173,77.9122898552895,77.9539151024545,2.0812623582516,12.5240844968395,12.5209784398282,12.5219806739988,-0.891829818611442,-0.916110383957713,0.814506783418339
"null",4000,3195,2,0,2000,1928.96977305202,-10.3966753413731,1939.36644839339,1997.46256778391,1998.73117979891,2.53722403000033,45.3741490086895,44.7213551949031,44.7213595499958,-1.50951138981751,-1.32743587815707,0.863081408551244
"null",4000,3195,2,1,2000,1955.01358406185,-10.734956077102,1965.74854013895,1997.35970026207,1998.62716198888,2.53492345362219,45.3761335806372,44.7204061814943,44.7213595499958,-0.933224425676769,-0.735204007684913,0.749967802464458
"null",4000,3195,5,0,800,799.365800223497,-4.17195824203019,803.537758465527,797.752536025354,798.201936673745,2.24700324195086,35.9083303979167,35.7770671468161,35.7770876399966,0.0449272962642789,0.14914083845628,0.479720751602911
"null",4000,3195,5,1,800,829.773233670475,-4.34749696473818,834.120730635213,797.681479309642,798.131563175853,2.25041933105627,35.9069007648583,35.7744850874809,35.7770876399966,0.89374893620006,1.00600099124709,0.211379899155876
"null",4000,3195,10,0,400,420.412702823812,-2.14900952349251,422.561712347304,397.843187107211,398.058786624547,2.15599517336001,26.8765487688279,26.8327611100226,26.8328157299975,0.839747540159515,0.91317198488398,0.210848614202743
"null",4000,3195,10,1,400,413.579819794514,-2.25921171976737,415.839031514281,397.805273365411,398.020845407412,2.15572042000214,26.8746093412793,26.8303671848713,26.8328157299975,0.586968399383297,0.664105190364909,0.284772113080418
"null",4000,3195,25,0,160,178.761669152983,-0.809629792670642,179.571298945654,157.894092903357,157.978252579116,2.10399189395262,17.5376275780874,17.5269126249261,17.5271218401653,1.18987452303407,1.23199372465802,0.123535334208042
"null",4000,3195,25,1,160,150.711852171674,-0.792487610291248,151.504339781965,157.880373186658,157.964437339342,2.10160381711217,17.5360286974598,17.5251914806562,17.5271218401653,-0.408788166275191,-0.3686178016661,0.647585223480361
"null",4000,3195,50,0,80,76.7563585101888,-0.409183649827932,77.1655421600168,77.9112175746922,77.9529216801519,2.08520527298742,12.5251552019929,12.521421721551,12.5219806739988,-0.0922031740029548,-0.0628825973315797,0.518594149640565
"null",4000,3195,50,1,80,62.7209464578903,-0.358597267699085,63.0795437255894,77.9060379944376,77.9476818637407,2.08219346515378,12.5239305253363,12.5201546628105,12.5219806739988,-1.21248608859873,-1.18753629955668,0.896063109961456
"null",4000,3196,2,0,2000,2059.37999519262,-1.89415487624157,2061.27415006886,1997.44578047682,1998.72278896794,2.55401698224318,45.3069461488596,44.7213557362123,44.7213595499958,1.366991597984,1.39869107434672,0.165590061096111
"null",4000,3196,2,1,2000,2037.80334131608,-2.12610048024967,2039.92944179633,1997.45210725781,1998.71476553374,2.52531655185561,45.3049552805652,44.7211462957939,44.7213595499958,0.890658291314603,0.921592572560487,0.262369735167544
"null",4000,3196,5,0,800,803.416702618838,-0.764748911329914,804.181451530168,797.747647820109,798.198025137046,2.25188658468747,35.8947489928666,35.7770673475253,35.7770876399966,0.157935490783224,0.167241946775589,0.439608961992315
"null",4000,3196,5,1,800,808.620533639764,-0.82971001493981,809.450243654704,797.731692078503,798.182447031232,2.25377476364466,35.8936802513955,35.7765296891812,35.7770876399966,0.303363753312468,0.314949401782792,0.38922264184947
"null",4000,3196,10,0,400,371.365756770286,-0.351239615090269,371.716996385377,397.844772403687,398.060212084193,2.15439680505933,26.8720118233544,26.8327602865539,26.8328157299975,-0.985375259860053,-0.98175571269933,0.826949612428908
"null",4000,3196,10,1,400,397.918643831686,-0.380735741879543,398.299379573566,397.82789412072,398.044233984957,2.16339864237163,26.8713213984126,26.8322658055425,26.8328157299975,0.00337719569578188,0.00950890955158842,0.49172300508936
"null",4000,3196,25,0,160,148.685680156368,-0.145329677524828,148.831009833893,157.903187823096,157.986986741211,2.09497295286592,17.5365258620356,17.5269211491436,17.5271218401653,-0.525617658779446,-0.522395053267273,0.690382642677274
"null",4000,3196,25,1,160,176.910398935193,-0.157106082621665,177.067505017815,157.897973161594,157.981844468509,2.09678267289551,17.5361126899734,17.526557495745,17.5271218401653,1.08418702079114,1.08895660507999,0.144289616525958
"null",4000,3196,50,0,80,73.4729661730577,-0.0383494656336842,73.5113156386914,77.9263907214393,77.9677913263083,2.07003024344868,12.5247640005869,12.5214215869812,12.5219806739988,-0.355569537930849,-0.355908125659662,0.624014518608706
"null",4000,3196,50,1,80,87.8851055797239,-0.0689131485257803,87.9540187282497,77.9219337809307,77.9633877316028,2.07269753360597,12.5244690403264,12.5211448292407,12.5219806739988,0.795496540948257,0.79790076170317,0.208066473591176
"null",4000,3197,2,0,2000,2073.63003851948,12.6190165711094,2061.01102194837,1997.48047682509,1998.74013861065,2.51932357110908,45.3510740535365,44.7213556767177,44.7213595499958,1.67911264029815,1.39241940221739,0.116599896887136
"null",4000,3197,2,1,2000,2042.56299046809,12.5569683946583,2030.00602207343,1997.45129017864,1998.71522954502,2.5278787327551,45.3490856628206,44.7211590602369,44.7213595499958,0.994765376855923,0.699686528389493,0.238756459130687
"null",4000,3197,5,0,800,796.613057818442,4.99937091308552,791.613686905357,797.742366095875,798.193802010306,2.25717957215582,35.9036660912612,35.7770681622911,35.7770876399966,-0.0314538430298984,-0.183919908559877,0.50719898105434
"null",4000,3197,5,1,800,815.182615264667,4.84889231569945,810.333722948968,797.732796560493,798.183527057751,2.25365248629264,35.9026272683475,35.7765666545917,35.7770876399966,0.486031804128114,0.339613244851621,0.328624921400389
"null",4000,3197,10,0,400,405.399142447978,2.49635580381078,402.902786644167,397.844457706114,398.059931369769,2.15473663655377,26.8749930980405,26.8327624037612,26.8328157299975,0.281104620726934,0.1804829186621,0.388111807669824
"null",4000,3197,10,1,400,383.690154397694,2.52765399939129,381.162500398303,397.829607616765,398.04583329751,2.16225680744795,26.8743363563343,26.8323019800002,26.8328157299975,-0.526132181706439,-0.629216714681846,0.687828556940599
"null",4000,3197,25,0,160,154.172805450276,1.0396419690536,153.133163481222,157.892108687872,157.97635461384,2.10614814919689,17.537265722319,17.5269318809148,17.5271218401653,-0.212079995621165,-0.276328519191193,0.571215427146705
"null",4000,3197,25,1,160,154.897577927934,1.07068852788462,153.82688940005,157.886976386354,157.971302617519,2.10815577913156,17.5368828426137,17.5265978397104,17.5271218401653,-0.170463501709393,-0.236464216008831,0.554921083217227
"null",4000,3197,50,0,80,79.7943761737699,0.521028247528946,79.2733479262409,77.9163221133813,77.957925416256,2.08016514373763,12.5250306576585,12.5214322041462,12.5219806739988,0.149944068938485,0.10505367824851,0.422349993244044
"null",4000,3197,50,1,80,75.6377195312282,0.527446036190752,75.1102734950375,77.9144164165011,77.956025236599,2.0804410048969,12.524761300154,12.5211801542538,12.5219806739988,-0.181775670666464,-0.227275041689642,0.554695406683555
"null",4000,3198,2,0,2000,2035.71608363148,10.4213836334715,2025.29469999801,1997.47088240563,1998.73533965648,2.52891450170043,45.2288976236523,44.7213559843075,44.7213595499958,0.845592159775479,0.593885398976859,0.273101840260448
"null",4000,3198,2,1,2000,1954.8241796417,10.0829098317595,1944.74126980994,1996.77713456355,1998.03493949282,2.51560985853329,45.2232556418875,44.7152391758724,44.7213595499958,-0.927685420396827,-1.19184579273457,0.750932937261749
"null",4000,3198,5,0,800,754.103059005391,4.17447694111515,749.928582064275,797.754249842012,798.203310976095,2.2453056704135,35.8789975106718,35.777068503687,35.7770876399966,-1.21662236587402,-1.34932041474679,0.864954203220972
"null",4000,3198,5,1,800,739.345920671511,4.30094283101385,735.044977840497,797.31680709571,797.764172250867,2.23682577578513,35.8635427571773,35.7602633013611,35.7770876399966,-1.61642944247603,-1.75387954730141,0.931755299809412
"null",4000,3198,10,0,400,370.182169560998,2.07207478745754,368.110094773541,397.84030228978,398.05619239,2.15890100219349,26.866757588677,26.8327631186549,26.8328157299975,-1.02945555069282,-1.11602735372562,0.837972684024812
"null",4000,3198,10,1,400,396.755640100647,2.09288662582299,394.662753474824,397.601138200366,397.81613791582,2.14999715453595,26.8519072979737,26.8172758492357,26.8328157299975,-0.0314874504197029,-0.117587798951841,0.508182862242012
"null",4000,3198,25,0,160,140.769652350404,0.770844776542853,139.998807573861,157.900323586933,157.984239986216,2.09790998206843,17.5352452252154,17.5269292926,17.5271218401653,-0.976927953758826,-1.02615992294486,0.833746651417281
"null",4000,3198,25,1,160,169.363866825827,0.88249015596359,168.481376669864,157.795504972832,157.879411424144,2.09766128280558,17.5242214735987,17.5157182402363,17.5271218401653,0.660135565532767,0.60528292932718,0.254034128875428
"null",4000,3198,50,0,80,66.9101128745092,0.434116488300207,66.475996386209,77.9130501202535,77.9547180958171,2.08339877818306,12.5243194311638,12.5214263069398,12.5219806739988,-0.878525759920022,-0.916726371918688,0.810513399798824
"null",4000,3198,50,1,80,90.6583213407084,0.495214578442199,90.1631067622662,77.8680889633407,77.909582037951,2.07465373051746,12.5160892895262,12.5131268588752,12.5219806739988,1.02190325440319,0.979253616023565,0.154804375232001
"null",4000,3199,2,0,2000,2036.9624680033,5.94108757186947,2031.02138043143,1997.46592487568,1998.73287071198,2.53389167259319,45.1561081767491,44.7213562838798,44.7213595499958,0.874666677939053,0.721993078977487,0.266666289728579
"null",4000,3199,2,1,2000,1987.3324883424,4.08146709811262,1983.25102124429,1996.99607645773,1998.26048679197,2.52882066848433,45.1405662878029,44.7172053447252,44.7213595499958,-0.214077689094903,-0.335653031802295,0.562969645639487
"null",4000,3199,5,0,800,820.39627974592,2.34146833222601,818.054811413694,797.74796126323,798.198288669868,2.25163703319133,35.8643298530928,35.7770708697614,35.7770876399966,0.631499837734633,0.555006943304794,0.283627896476524
"null",4000,3199,5,1,800,812.545678863621,2.14088550928803,810.404793354333,797.443479963599,797.894765377082,2.25642706741371,35.8501355772504,35.7656990240114,35.7770876399966,0.421259185128594,0.349777253587374,0.352502956558208
"null",4000,3199,10,0,400,423.586416117932,1.15822079363345,422.428195324299,397.847932467833,398.063065928902,2.15133461069403,26.8618666698731,26.8327677762854,26.8328157299975,0.958179264547025,0.908036382923201,0.180974244921689
"null",4000,3199,10,1,400,411.714450002809,1.04311550183976,410.671334500969,397.667993815398,397.884174873417,2.16181058019097,26.850281551512,26.8221624474779,26.8328157299975,0.523139996147252,0.476738579620161,0.30706492997932
"null",4000,3199,25,0,160,151.145038419218,0.502957366719385,150.642081052499,157.903133125105,157.986940986924,2.09519654547651,17.5340593453355,17.5269407092061,17.5271218401653,-0.385426704266565,-0.419061150276361,0.638215346463067
"null",4000,3199,25,1,160,166.003204764205,0.418336565361848,165.584868198843,157.825712779557,157.909730195523,2.10043539914448,17.5261189889018,17.5192342526675,17.5271218401653,0.466588866013422,0.438097801115466,0.315546341382554
"null",4000,3199,50,0,80,80.2661797651982,0.209459708264691,80.0567200569335,77.9239762265321,77.9654336230645,2.07286982661761,12.5239677116454,12.5214894744143,12.5219806739988,0.187017692203742,0.167015788188959,0.407883611996684
"null",4000,3199,50,1,80,86.3712617729512,0.177482323086996,86.1937794498642,77.8770933680871,77.9187644157933,2.08355238530767,12.518290417772,12.5158936792056,12.5219806739988,0.678540609091879,0.661160540842505,0.241774756828638
"null",4000,3200,2,0,2000,1944.13096983786,-2.75027808863236,1946.88124792649,1997.47236391026,1998.73608456053,2.52744130053784,45.1505411727111,44.7213560799359,44.7213595499958,-1.18141206477137,-1.15950948672817,0.802165434490876
"null",4000,3200,2,1,2000,1989.77647738732,-3.9522700381566,1993.72874742548,1997.04442760865,1998.30473423337,2.52061324944917,45.1365529679556,44.7175104641609,44.7213595499958,-0.161021383854669,-0.102330983107055,0.54764720626516
"null",4000,3200,5,0,800,801.487697403534,-1.11569752226273,802.603394925797,797.763776446269,798.210933349634,2.23578451682097,35.8632067385834,35.7770687042382,35.7770876399966,0.103836809251592,0.122773098390894,0.458641318435818
"null",4000,3200,5,1,800,839.4100354635,-1.67838540872356,841.088420872224,797.48335548472,797.931357721828,2.24001118554201,35.8500067052224,35.7665280115458,35.7770876399966,1.16950270953986,1.2066327247773,0.15015724370727
"null",4000,3200,10,0,400,374.5298592696,-0.566460060114986,375.096319329715,397.853485131845,398.068058187283,2.14573055438377,26.8614869454842,26.8327640001763,26.8328157299975,-0.868292433310928,-0.856107811234676,0.795332725248108
"null",4000,3200,10,1,400,385.654206334948,-0.74734187897927,386.401548213927,397.694292173267,397.909380327803,2.15088154535962,26.8509414737104,26.8231092419316,26.8328157299975,-0.4484046062261,-0.429026777249448,0.662208999414274
"null",4000,3200,25,0,160,152.601725245174,-0.215388742195902,152.81711398737,157.91460739784,157.997952034449,2.08361591524733,17.5339531020782,17.5269284899758,17.5271218401653,-0.303005381714856,-0.295593038451812,0.606259739322582
"null",4000,3200,25,1,160,171.726217651076,-0.237199584981369,171.963417236058,157.839145445996,157.92287180114,2.09315887860291,17.5266908190148,17.5198855801788,17.5271218401653,0.792338516636246,0.801406228976883,0.215313610385672
"null",4000,3200,50,0,80,80.6535201256974,-0.0980536592756202,80.7515737849731,77.9378739726025,77.9790498513376,2.058793936755,12.5239035801701,12.521461017841,12.5219806739988,0.21683703772638,0.221421759783866,0.396141006433109
"null",4000,3200,50,1,80,87.5620523233191,-0.0729750028049362,87.6350273261241,77.8926546958883,77.934060951455,2.07031277833601,12.5186140151619,12.5162492648212,12.5219806739988,0.772401610571246,0.775069764864386,0.21498591090803
