"scen","n","rep","m","oracle","G","HL","C","EF","mu","muEF","d","sdHL","sdEF","sdEF_simple","zHL","zEF","pHL_chisq"
"null",1000,601,2,0,500,453.186434821034,-3.37058723216455,456.557022053199,497.485389786307,498.742334379304,2.51388918599306,22.6301256100013,22.3606512205387,22.3606797749979,-1.95752139111837,-1.88658692942525,0.925582970974923
"null",1000,601,2,1,500,504.159594820436,-3.43837673839625,507.597971558832,497.37772172478,498.638997896069,2.52255234257839,22.6228236286843,22.3589167799041,22.3606797749979,0.299780133858125,0.400689074115388,0.41469662764521
"null",1000,601,5,0,200,176.59955032552,-1.39012109381775,177.989671419337,197.744093222077,198.194919265979,2.25413021950885,17.9424618006826,17.8883902420668,17.8885438199983,-1.17846386585329,-1.12951738939182,0.860591162100029
"null",1000,601,5,1,200,170.459843822917,-1.03627238288412,171.496116205801,197.694662103311,198.143027638792,2.24182767740431,17.9361972472866,17.8836753676465,17.8885438199983,-1.5184276747689,-1.49001314803542,0.922190972825687
"null",1000,601,10,0,100,80.1121719951519,-0.645991581333739,80.7581635764857,97.8424085750274,98.0578785591831,2.15469984155671,13.4340020182789,13.4160246962941,13.4164078649987,-1.31980303082811,-1.28948145030443,0.906001915994877
"null",1000,601,10,1,100,73.4387316462422,-0.541904782316138,73.9806364285583,97.801931138215,98.0180206573535,2.16089519138486,13.4291758499622,13.4117281219426,13.4164078649987,-1.81419915594012,-1.79226599363196,0.96982793578138
"null",1000,601,25,0,40,31.0014444452405,-0.233692121999703,31.2351365672403,37.8990583988785,37.9828308803181,2.09431203598989,8.7664418020752,8.76212269023717,8.76356092008266,-0.786820252659999,-0.770098131654356,0.782408171823179
"null",1000,601,25,1,40,32.7569599752883,-0.15733346848335,32.9142934437716,37.8649426054611,37.9495055064724,2.11407252528449,8.76324282619699,8.759055951435,8.76356092008266,-0.582887263480008,-0.574857848907322,0.710232140848332
"null",1000,601,50,0,20,16.0715849237564,-0.0904956512310889,16.1620805749875,17.9122655834319,17.9537680265197,2.0751221543893,6.25847751989531,6.25706317674798,6.26099033699941,-0.294109973843327,-0.286346389819155,0.587551328858431
"null",1000,601,50,1,20,15.5353749267778,-0.0977445161930109,15.6331194429708,17.8990405546063,17.9406478925932,2.08036689934246,6.25596608019154,6.25459691421473,6.26099033699941,-0.377825838172728,-0.368933199256706,0.624938081747766
"null",1000,602,2,0,500,545.79310443149,4.11614509226296,541.676959339227,497.460841908806,498.729982772243,2.53828172687306,22.6969197094094,22.3606419473433,22.3606797749979,2.12946351934473,1.92065042980963,0.068185396148418
"null",1000,602,2,1,500,513.838434024897,4.03674053147116,509.801693493425,497.442768415358,498.720311299459,2.55508576820253,22.6964566748083,22.3606157616778,22.3606797749979,0.722388778321377,0.495575896123486,0.302331382328111
"null",1000,602,5,0,200,220.528828168474,1.68735475579415,218.84147341268,197.742350887655,198.193455880748,2.255524965468,17.9558963202489,17.8883571417711,17.8885438199983,1.26902477461527,1.15427131559869,0.130289610225354
"null",1000,602,5,1,200,210.804831109947,1.7298725269436,209.074958583004,197.739791308999,198.191235274958,2.25721982979641,17.9556810822134,17.8882902612497,17.8885438199983,0.7276270803167,0.608427253197171,0.253527859213682
"null",1000,602,10,0,100,128.888128775492,0.834002173115445,128.054126602376,97.8635556894418,98.0768637897731,2.13308100331267,13.4384302721483,13.4159625678325,13.4164078649987,2.30864561245292,2.23444741001885,0.0198880724802892
"null",1000,602,10,1,100,121.13780630772,0.832588156393183,120.305218151327,97.8419933437823,98.0574111477563,2.15417803974004,13.4383131182747,13.4159037814806,13.4164078649987,1.73353699671262,1.65831593353268,0.0565036991833308
"null",1000,602,25,0,40,63.7521855401713,0.220643191808038,63.5315423483633,37.9223232125329,38.0051150408405,2.06979570769152,8.76722309604195,8.76183832072368,8.76356092008266,2.94618513121898,2.91336433898205,0.00552952902113177
"null",1000,602,25,1,40,65.5211523269007,0.240556194052782,65.2805961328479,37.9113749793366,37.9945945393008,2.08048899910457,8.76714724696443,8.7617831906895,8.76356092008266,3.14923162230722,3.11420643488896,0.00363594085036154
"null",1000,602,50,0,20,23.8783205830162,-0.00901616919548994,23.8873367522117,17.9393228935516,17.9802377639385,2.04574351934663,6.2580622885863,6.25632519591927,6.26099033699941,0.949015432507984,0.944180298064771,0.159054756975388
"null",1000,602,50,1,20,23.4275124907772,-0.012263423941052,23.4397759147182,17.937906732672,17.978848265858,2.04707665929822,6.25803129299708,6.25629936542644,6.26099033699941,0.877209700796508,0.87286866083142,0.174691881186256
"null",1000,603,2,0,500,500.290303719931,5.14180959955719,495.148494120374,497.502856960193,498.750973001165,2.49623208194497,22.9680441457862,22.3606443111434,22.3606797749979,0.121361955856801,-0.161108008815131,0.462722115381743
"null",1000,603,2,1,500,497.078063862741,5.12748158705955,491.950582275681,497.444073271794,498.699682800123,2.51121905665762,22.9629982244468,22.3597271003489,22.3606797749979,-0.0159390949507463,-0.301841811134463,0.503231904301586
"null",1000,603,5,0,200,180.934255744546,2.0422746669911,178.891981077555,197.751650647832,198.20091021107,2.24629781618859,18.0109808857398,17.8883631090399,17.8885438199983,-0.933730095544151,-1.07941285716392,0.802278060145009
"null",1000,603,5,1,200,217.485002753021,2.1548279824928,215.330174770529,197.708773552488,198.161268345179,2.26247396345285,18.0076955068452,17.8862877319049,17.8885438199983,1.09820988438058,0.959892107445219,0.163047890573923
"null",1000,603,10,0,100,88.3770695639589,1.16224412112692,87.214825442832,97.8393102109735,98.0550311798231,2.15720968849601,13.4568245836015,13.4159442103928,13.4164078649987,-0.703155531844063,-0.808009154405517,0.74639566466652
"null",1000,603,10,1,100,125.680703104051,1.13752054270039,124.543182561351,97.8262620724893,98.0417876826759,2.15525610186656,13.454493727731,13.4140527145693,13.4164078649987,2.07027046838271,1.97564415785328,0.03120641091236
"null",1000,603,25,0,40,45.304174709051,0.384043030298857,44.9201316787521,37.8808094364394,37.9652569746189,2.11118845448688,8.77168238621118,8.76180873363613,8.76356092008266,0.846287513132131,0.793771573377748,0.193547967306431
"null",1000,603,25,1,40,55.6733462289964,0.449780367016606,55.2235658619798,37.8801552537767,37.9643939599334,2.10596765391574,8.77029232382176,8.76054402055159,8.76356092008266,2.02880249805244,1.97010275407072,0.0320295186844613
"null",1000,603,50,0,20,23.04863659981,0.173695722103409,22.8749408777066,17.9164024232567,17.9577593302156,2.06784534794079,6.2593445681641,6.25606135713643,6.26099033699941,0.819931563227328,0.785986784142056,0.188728042426472
"null",1000,603,50,1,20,22.3774387913406,0.288157124961895,22.0892816663787,17.9090438106084,17.9504793011993,2.07177452954149,6.2582171648497,6.25499511800552,6.26099033699941,0.714004462138142,0.661679551637952,0.215658260928213
"null",1000,604,2,0,500,506.287978109626,0.733845715398897,505.554132394227,497.507671661431,498.753559896898,2.49177647093353,22.5021435815064,22.3606650285527,22.3606797749979,0.390198667802069,0.304131048367533,0.388868700745074
"null",1000,604,2,1,500,472.812676469536,0.408416969253118,472.404259500283,497.431380318338,498.688829089032,2.51489754138758,22.4992215095546,22.3599335421355,22.3606797749979,-1.09420247444328,-1.17552091732374,0.785452359107746
"null",1000,604,5,0,200,214.114687040077,0.241853932148382,213.872833107929,197.762767821343,198.209970500693,2.23601339674723,17.9167818862732,17.8884467170572,17.8885438199983,0.91265938953368,0.87558539067013,0.20551002961115
"null",1000,604,5,1,200,213.828617441648,0.234293838930594,213.594323602718,197.745556659538,198.189336204998,2.21889772730213,17.9137491735933,17.8859109257904,17.8885438199983,0.897805402222475,0.861291743072832,0.209415656323352
"null",1000,604,10,0,100,117.584032820038,0.0727463775989736,117.511286442439,97.8549429219375,98.0692355582353,2.14292636297813,13.4255514098857,13.4161359099284,13.4164078649987,1.4695180328737,1.44915428814458,0.0865792260388237
"null",1000,604,10,1,100,98.2376779568027,0.0816570129800751,98.1560209438227,97.840402043518,98.054296628586,2.13894585068053,13.4231046964872,13.4138445665568,13.4164078649987,0.0295964251391661,0.00758353168116095,0.474247869361725
"null",1000,604,25,0,40,44.3369875958587,0.0221105903435062,44.3148770055152,37.91079772055,37.994185581105,2.08469651387536,8.76485728695623,8.76259312397362,8.76356092008266,0.733176783707828,0.721326590768816,0.22196252366094
"null",1000,604,25,1,40,38.4753450978824,-0.0244569094201917,38.4998020073026,37.8916803304543,37.9755075799713,2.09568123792299,8.76308822371481,8.76086395370833,8.76356092008266,0.0666049174135367,0.0598450598139257,0.44797168932889
"null",1000,604,50,0,20,17.4883069468065,0.0555243991956383,17.4327825476109,17.9253966177216,17.9667032200252,2.06533011517664,6.25884209653313,6.25811332495478,6.26099033699941,-0.0698355485205841,-0.085316555436161,0.489807927736455
"null",1000,604,50,1,20,15.9774709300875,-0.0197313185866445,15.9972022486741,17.919317264488,17.9606632690656,2.06730022887901,6.25755653882299,6.25684472725243,6.26099033699941,-0.310320222015251,-0.313810092144269,0.594119714646618
"null",1000,605,2,0,500,500.171129154104,2.28525495757905,497.885874196524,497.490502355924,498.74482982411,2.5086549363709,22.6867815640672,22.3606485928411,22.3606797749979,0.118158090895756,-0.038413717026988,0.464217647379704
"null",1000,605,2,1,500,476.024188637364,2.09891273050408,473.92527590686,497.361046671045,498.654027857447,2.5859623728035,22.687151298486,22.3596130306147,22.3606797749979,-0.940482026719025,-1.10595616823639,0.753529902160379
"null",1000,605,5,0,200,202.674036865394,0.817739294874496,201.85629757052,197.771656806315,198.216978843655,2.22661018670316,17.9539146834066,17.8883932284193,17.8885438199983,0.273053545453817,0.203445814299442,0.394927064023137
"null",1000,605,5,1,200,191.674987668345,0.947594052052808,190.727393616293,197.710712917305,198.16059814025,2.24942611472697,17.9517290363009,17.8854647907099,17.8885438199983,-0.33621971659412,-0.41560029951353,0.613209293701927
"null",1000,605,10,0,100,85.5130475868626,0.465400964288006,85.0476466225746,97.8555170719719,98.0696303687127,2.14113296740821,13.4377587785215,13.4159660290256,13.4164078649987,-0.91849166877717,-0.970633327332886,0.811849337332378
"null",1000,605,10,1,100,93.9196948266121,0.429446059414337,93.4902487671978,97.83201538992,98.0463499180845,2.14334528164565,13.4353928189512,13.4132946870036,13.4164078649987,-0.291195100584581,-0.33967054755766,0.597850484492112
"null",1000,605,25,0,40,34.922033340311,0.0521232178917665,34.8699101224192,37.9027746117279,37.9863662395691,2.08979069602879,8.76713829063066,8.76193459289188,8.76356092008266,-0.339990219454208,-0.355681280670373,0.612554954019563
"null",1000,605,25,1,40,31.885991424673,0.142585689121481,31.7434057355515,37.8823776250493,37.966419235705,2.10104026639319,8.76526348091352,8.75998234450546,8.76356092008266,-0.684107923673207,-0.710391100737414,0.747063818832866
"null",1000,605,50,0,20,13.9091584464334,0.0223574108826593,13.8868010355508,17.9279404706853,17.9690954001984,2.05774647565576,6.25819243824577,6.256516195814,6.26099033699941,-0.642163382463575,-0.652486821240701,0.734993609105038
"null",1000,605,50,1,20,11.0458609268612,0.0924725179828047,10.9533884088784,17.9241514210574,17.9652872168737,2.05678979081561,6.25675826128392,6.25504865456013,6.26099033699941,-1.0993377412003,-1.12099828398352,0.892400405164194
"null",1000,606,2,0,500,488.657731990977,-0.665757093975855,489.323489084952,497.44635616317,498.72280264712,2.55289296790056,22.6210929846967,22.3606510526005,22.3606797749979,-0.388514568157185,-0.420350621279171,0.609007552776009
"null",1000,606,2,1,500,499.593713042879,-0.787700226471699,500.381413269351,497.483187258274,498.731829186627,2.49728385670639,22.6191884095042,22.3603053604244,22.3606797749979,0.0933068749592299,0.0737728781487503,0.471473841911505
"null",1000,606,5,0,200,208.000963801051,-0.171756508826769,208.172720309877,197.755380205738,198.203963568754,2.24291681508056,17.9406455406677,17.888398733366,17.8885438199983,0.571082215079058,0.55727496293614,0.298847764889314
"null",1000,606,5,1,200,196.911158700006,-0.129752877635603,197.040911577641,197.734132610162,198.184673540002,2.2527046491957,17.9393752050571,17.8875263341924,17.8885438199983,-0.0458752827648381,-0.0639418744096399,0.508493727398414
"null",1000,606,10,0,100,118.271953273316,-0.0950827583959761,118.367036031712,97.8515396335066,98.0660780386557,2.1453840514909,13.4333585196526,13.4160018416083,13.4164078649987,1.52012719752364,1.51318986332392,0.0799253095451785
"null",1000,606,10,1,100,107.540573001235,-0.0789762949051415,107.61954929614,97.8203393374548,98.0373893492993,2.1705001184454,13.4324528928224,13.4152375715275,13.4164078649987,0.72363802362367,0.714274338844195,0.239534799555493
"null",1000,606,25,0,40,58.5222767901721,0.0839877502173281,58.4382890399548,37.9144839876182,37.9976167249323,2.07831843285286,8.76613370631395,8.76199307333058,8.76356092008266,2.3508417157396,2.33287930542184,0.0177908081337134
"null",1000,606,25,1,40,63.9041062245625,-0.00376997606575366,63.9078762006283,37.8962392357891,37.979995271377,2.09390088969575,8.7655194833087,8.76142232529759,8.76356092008266,2.96706510530238,2.95932326585691,0.00533640409987534
"null",1000,606,50,0,20,32.6919454937062,0.0435350288114947,32.6484104648947,17.9373277837622,17.9783070281742,2.04896222059898,6.25803470469856,6.25671423526766,6.26099033699941,2.3577078757435,2.34469769356389,0.018181058335402
"null",1000,606,50,1,20,31.0430731166115,0.0502180388377654,30.9928550777737,17.9327616066414,17.973806642887,2.05225181227828,6.25762976884852,6.25631934805656,6.26099033699941,2.09509223048563,2.08094371636112,0.0284587220598224
"null",1000,607,2,0,500,551.885081914425,3.29725115237745,548.587830762048,497.483417619161,498.74129830744,2.51576137655811,22.6775027635017,22.3606434436087,22.3606797749979,2.39892658652087,2.22920832221649,0.0474210810992042
"null",1000,607,2,1,500,499.120725107181,3.33057050919271,495.790154597988,497.181859067597,498.480718687959,2.5977192407246,22.6620986478855,22.3563882003417,22.3606797749979,0.0855554496390099,-0.12034878200632,0.477429068227506
"null",1000,607,5,0,200,230.197661574588,1.39897501730665,228.798686557281,197.76889125926,198.214718268939,2.2291350483953,17.9519999492183,17.8883738151782,17.8885438199983,1.8064154638514,1.709712051209,0.0581088349540195
"null",1000,607,5,1,200,226.041552944356,1.58552701290696,224.456025931449,197.562843607835,198.017825220555,2.27490806360362,17.936563619302,17.8760835165361,17.8885438199983,1.58774612244422,1.4789705298947,0.0836770012659967
"null",1000,607,10,0,100,102.631749678709,0.653769709700274,101.977979969008,97.8599753766169,98.0736528124047,2.13677435787797,13.4371464721275,13.4159790550677,13.4164078649987,0.355118128092881,0.291020665773097,0.354490847502424
"null",1000,607,10,1,100,96.7159140293573,0.772751243425565,95.9431627859318,97.7323896369712,97.9496619508333,2.17272313862051,13.424552551515,13.4044659178839,13.4164078649987,-0.0757176526899716,-0.149688855728632,0.51771910075032
"null",1000,607,25,0,40,47.3232523889148,0.386918520804543,46.9363338681102,37.9103803392236,37.993674902663,2.08236408598676,8.76708098134236,8.76198713787633,8.76356092008266,1.07366089918904,1.0206199603729,0.14280058567198
"null",1000,607,25,1,40,43.8066974021714,0.353048832909957,43.4536485692615,37.8595909328279,37.9433383914355,2.09368646518866,8.75837559981457,8.75354280229769,8.76356092008266,0.679019345718564,0.629494857371308,0.2386896330995
"null",1000,607,50,0,20,30.2168610749974,0.0464310357824633,30.170430039215,17.9300274279446,17.9711527906122,2.0562681333815,6.25836676719686,6.25671568176664,6.26099033699941,1.96326519427627,1.94978929347134,0.0353907323728408
"null",1000,607,50,1,20,27.0770524042234,0.138825333428897,26.9382270707945,17.9114490492353,17.9525276076482,2.0539279206465,6.25180967631485,6.2502460697387,6.26099033699941,1.46607203826314,1.4376553119487,0.0775615801731683
"null",1000,608,2,0,500,495.898958956555,4.84433880949235,491.054620147063,497.462504438995,498.730786535695,2.53656419340027,22.8375866047752,22.3606371696538,22.3606797749979,-0.0684636914354518,-0.343289251124281,0.518159272152416
"null",1000,608,2,1,500,503.768853182595,4.83064790977686,498.938205272819,497.39326672545,498.645749389164,2.50496532742684,22.8384779279017,22.358619607933,22.3606797749979,0.27915986683842,0.0130802298524363,0.419490184103494
"null",1000,608,5,0,200,179.481791101903,1.97913023411542,177.502660867788,197.773628507889,198.218511702918,2.2244159751417,17.9844283993344,17.8883708608662,17.8885438199983,-1.01709306516868,-1.15806246394684,0.823166914301951
"null",1000,608,5,1,200,212.860867068899,1.98871709477677,210.872149974123,197.722343943907,198.1646398014,2.21147928746567,17.9807287484152,17.8834440199112,17.8885438199983,0.841930454366422,0.710573990030906,0.222974580427636
"null",1000,608,10,0,100,78.8363088449974,0.954327573083353,77.8819812719141,97.856301398093,98.0703280735869,2.14026675493941,13.4479152881698,13.4159460708602,13.4164078649987,-1.41434505984935,-1.50480232218006,0.922399296397419
"null",1000,608,10,1,100,102.332805603367,1.05103533773694,101.28177026563,97.8367919875039,98.0492658241551,2.124738366512,13.4440147473861,13.4115436053743,13.4164078649987,0.334424924425011,0.241024041422036,0.362228383344363
"null",1000,608,25,0,40,34.0450104702215,0.450538767129322,33.5944717030921,37.9181512820465,38.0011071085668,2.07389566300857,8.76950089893515,8.76181672072547,8.76356092008266,-0.441660347203493,-0.502936268348449,0.652910524616565
"null",1000,608,25,1,40,28.5512159430034,0.445021798722097,28.1061941442813,37.9018877251105,37.9849166004599,2.07572188373512,8.7665364599049,8.75872492427088,8.76356092008266,-1.06663239523087,-1.12787221217602,0.86676345774125
"null",1000,608,50,0,20,13.7956152113636,0.190169600478535,13.605445610885,17.9318211948609,17.9728626167529,2.05207109459973,6.25846873181217,6.25594792266112,6.26099033699941,-0.660897443247224,-0.698122340508566,0.742314294793625
"null",1000,608,50,1,20,12.895211075317,0.203709276157856,12.6915017991591,17.9291823175375,17.9701263982615,2.04720403619762,6.25620417504772,6.25362553811361,6.26099033699941,-0.804636661683468,-0.844090290813074,0.797760274240714
"null",1000,609,2,0,500,497.919086170209,7.18513828965827,490.733947880551,497.410833572951,498.705059830159,2.58845251441705,22.5901536917578,22.3606544328108,22.3606797749979,0.0224988552177752,-0.356479367522993,0.492595069390637
"null",1000,609,2,1,500,478.299963733457,7.42731876528209,470.872644968175,497.429685408159,498.708876157191,2.5583814980641,22.5887177174521,22.3604427407557,22.3606797749979,-0.846870633118002,-1.24488729994064,0.729548888010007
"null",1000,609,5,0,200,215.323265543905,2.87902322181304,212.444242322092,197.709014623955,198.166872582804,2.28928979424892,17.9344071168998,17.8884013695343,17.8885438199983,0.98214849284602,0.798135587655303,0.189529192612644
"null",1000,609,5,1,200,201.623645586394,2.9480751417996,198.675570444594,197.719821294279,198.174054958937,2.27116832328842,17.933504371014,17.8878431321172,17.8885438199983,0.217683293312421,0.0280366661287019,0.41509631577814
"null",1000,609,10,0,100,88.3157547244362,1.4491869486906,86.8665677757456,97.8126091163045,98.0310445048456,2.18435388541084,13.431291889411,13.4160097789102,13.4164078649987,-0.707069317684585,-0.832175655286895,0.747895608852988
"null",1000,609,10,1,100,87.8391341486839,1.36395484039689,86.4751793082871,97.8170366271483,98.0346018058536,2.17565178705259,13.4306352775221,13.4154748980041,13.4164078649987,-0.742921110750712,-0.861648401227026,0.759417105228703
"null",1000,609,25,0,40,36.026580997001,0.567179018676639,35.4594019783244,37.9066839306139,37.9901339540879,2.08625058684908,8.76566065267964,8.76202519401649,8.76356092008266,-0.214485023788611,-0.288829570758562,0.561001033083366
"null",1000,609,25,1,40,38.7569653923326,0.601022569726771,38.1559428226058,37.9104609899548,37.9937006111975,2.08099053106715,8.76531789389523,8.76170827629029,8.76356092008266,0.0965742957214702,0.0185171893758793,0.435376974520782
"null",1000,609,50,0,20,14.9087049460774,0.29941278129114,14.6092921647863,17.9266178376289,17.9678316260772,2.06068942241255,6.25819748643019,6.25703438169161,6.26099033699941,-0.482233566149885,-0.536762187389942,0.668225991230512
"null",1000,609,50,1,20,17.5524438529953,0.25514350056424,17.2973003524311,17.9306614441407,17.97177845859,2.05585072246693,6.25794593779234,6.25678895981154,6.26099033699941,-0.0604379767586833,-0.107799401656546,0.485481177733347
"null",1000,610,2,0,500,509.217667201057,4.15329343466086,505.064373766396,497.467723655743,498.733495456589,2.53154360169236,22.7031723063859,22.3606552543433,22.3606797749979,0.517546331708415,0.283125795635055,0.354240146447754
"null",1000,610,2,1,500,500.553031001779,4.1080381700852,496.444992831694,497.247445365259,498.49821165974,2.50153258896224,22.6891082066075,22.3561941719064,22.3606797749979,0.145690417023846,-0.0918411609891368,0.45942785586511
"null",1000,610,5,0,200,189.21186987525,1.67804073914059,187.53382913611,197.754908665442,198.203623161238,2.24357247897851,17.9572519190859,17.8884145308419,17.8885438199983,-0.475743105275014,-0.596463929585925,0.660816867223359
"null",1000,610,5,1,200,187.834262349161,1.40382979083884,186.430432558322,197.603224283199,198.051739469393,2.24257593097021,17.9431586626361,17.8767321961829,17.8885438199983,-0.544439366429984,-0.650080047266837,0.686589755317254
"null",1000,610,10,0,100,96.1143358072308,0.863794025545624,95.2505417816852,97.8542139279218,98.0685061219229,2.14292194001105,13.4389242424919,13.4160283577607,13.4164078649987,-0.129465579930107,-0.21004460225426,0.535000124286755
"null",1000,610,10,1,100,100.653552643119,0.75351189697238,99.9000407461466,97.7584490634796,97.9737514091596,2.15302345680034,13.42734896972,13.4052718586026,13.4164078649987,0.215612447860571,0.143696402229311,0.406952568120855
"null",1000,610,25,0,40,29.2561803453606,0.307326791429958,28.9488535539307,37.9160734511948,37.9991594961731,2.07715112445527,8.76757790659388,8.76208465160313,8.76356092008266,-0.987717839304436,-1.03289414586819,0.844734135015712
"null",1000,610,25,1,40,27.4126766899897,0.235078342640489,27.1775983473493,37.8752349935397,37.9584781993557,2.08108014540049,8.75949890349802,8.75419440218959,8.76356092008266,-1.1944242951354,-1.23151021746901,0.898239447680342
"null",1000,610,50,0,20,14.9479907551264,0.166026042420671,14.7819647127057,17.9264771214889,17.9676963961114,2.06096373112273,6.2588871103096,6.25707535394155,6.26099033699941,-0.475881145300799,-0.509140693247183,0.665535146292006
"null",1000,610,50,1,20,7.90441549590884,0.0571451364166634,7.84727035949218,17.9247965470681,17.9656745869567,2.04390199442618,6.25302611537832,6.25127732266656,6.26099033699941,-1.60248507942671,-1.61861387764322,0.98002562290009
"null",1000,611,2,0,500,521.772612406615,-2.60638708949585,524.378999496111,497.479964099903,498.739624686135,2.51932117246506,22.5730561132637,22.3606542477362,22.3606797749979,1.07617897128419,1.14662900852158,0.222837704896198
"null",1000,611,2,1,500,489.415320931924,-2.28895992944968,491.704280861374,497.452687285796,498.697232900084,2.48909122857607,22.5686156507656,22.3596121553698,22.3606797749979,-0.356130233162941,-0.312749254777701,0.599648823154845
"null",1000,611,5,0,200,216.407738143933,-1.03362229587109,217.441360439804,197.750972814259,198.2004744724,2.24750829070399,17.9310061918772,17.888417266864,17.8885438199983,1.04047509269871,1.07560583367239,0.175907207125644
"null",1000,611,5,1,200,226.009786651823,-0.956737940020706,226.966524591844,197.721643913781,198.170231525842,2.24293806030606,17.9275455271166,17.8858361053437,17.8885438199983,1.57791498536453,1.61000541972977,0.0839020304908983
"null",1000,611,10,0,100,87.0717289187157,-0.552547549862253,87.6242764685779,97.8149224556309,98.0331382046423,2.18215749011381,13.4301812419787,13.4160287827503,13.4164078649987,-0.799929155336735,-0.775852668820121,0.777433373900441
"null",1000,611,10,1,100,104.74502644385,-0.504956083961361,105.249982527811,97.8159202637299,98.0321683480235,2.16248084293585,13.4275211824193,13.4136825905026,13.4164078649987,0.516037627942231,0.538093408062149,0.302043132578066
"null",1000,611,25,0,40,38.4780551808947,-0.117616019894866,38.5956712007895,37.9024979227208,37.9861368839029,2.09097402955174,8.7655234771508,8.76214604852354,8.76356092008266,0.0656614815617336,0.0695645009237651,0.447849924148662
"null",1000,611,25,1,40,42.0046532881129,-0.0300357222633467,42.0346890103763,37.8713781396657,37.9559347755914,2.11391589814144,8.76368495645349,8.76039533814215,8.76356092008266,0.471636665282392,0.465590201965689,0.301506492003955
"null",1000,611,50,0,20,15.654955423011,-0.116425834207935,15.7713812572189,17.9234048006535,17.9646837146854,2.06394570159512,6.25813269601607,6.25705391139289,6.26099033699941,-0.362480229779498,-0.35053277285543,0.616614042093322
"null",1000,611,50,1,20,24.1442908584817,-0.102414623079959,24.2467054815616,17.9039881302401,17.9455775835838,2.07947266718604,6.25690094326296,6.25585035216378,6.26099033699941,0.997347214671945,1.00723763249841,0.150357187450297
"null",1000,612,2,0,500,525.850173555776,-2.22515817453804,528.075331730314,497.476887465162,498.738065253258,2.52235557619063,22.6297433130653,22.3606539404719,22.3606797749979,1.25380503429009,1.31200395816498,0.187388138264404
"null",1000,612,2,1,500,535.284613368831,-1.75820043132703,537.042813800158,497.363387662889,498.630951314704,2.53512730362893,22.6285970512084,22.3589802492349,22.3606797749979,1.6758098445134,1.71796128702108,0.120168213007998
"null",1000,612,5,0,200,194.931278593877,-0.923479106068582,195.854757699946,197.772005642947,198.217256902741,2.22625629896659,17.9423917198486,17.8883953143789,17.8885438199983,-0.158324881845468,-0.132068816753835,0.548336735713668
"null",1000,612,5,1,200,210.606788637511,-0.486887354303169,211.093675991814,197.68126430739,198.1315759213,2.25155806955178,17.9380086423653,17.8834777750327,17.8885438199983,0.720566289593267,0.724808688420239,0.256593578548183
"null",1000,612,10,0,100,84.9334949966208,-0.368980230495353,85.3024752271161,97.8728282925215,98.0852329243101,2.12404631788627,13.433946659727,13.4159963606029,13.4164078649987,-0.963181827622621,-0.95279972904074,0.823857976784159
"null",1000,612,10,1,100,89.4805055364713,-0.116678453823495,89.5971839902948,97.8182336325964,98.032402676235,2.14169043638569,13.4295958505432,13.4113909837425,13.4164078649987,-0.62084728303927,-0.628959270232711,0.718747733855168
"null",1000,612,25,0,40,38.620106300097,-0.270548014203078,38.8906543143001,37.9169880346717,38.0000316187461,2.07608960186036,8.76636005247866,8.76205877583991,8.76356092008266,0.0802064096405088,0.101645368781332,0.441482619282614
"null",1000,612,25,1,40,29.9599551797806,-0.102795790749587,30.0627509705302,37.9070606558788,37.9898482886052,2.06969081815836,8.76295425741523,8.75856968104254,8.76356092008266,-0.906897975574086,-0.905067563169899,0.820882718651521
"null",1000,612,50,0,20,18.2004696739989,-0.0695572556945907,18.2700269296934,17.938462983493,17.9794261315657,2.0481574036316,6.25820544175968,6.25682006347795,6.26099033699941,0.0418661056982101,0.0464454459580941,0.44252152241253
"null",1000,612,50,1,20,15.2418520089137,-0.0648362490630668,15.3066882579768,17.9317565987889,17.9726910650443,2.04672331277176,6.25571609610194,6.25430118651056,6.26099033699941,-0.429991474765176,-0.426267096445178,0.645299144992925
"null",1000,613,2,0,500,496.633287294589,8.10264220379548,488.530645090793,497.515831818785,498.757519156247,2.48337467492522,22.7056843395581,22.36064587905,22.3606797749979,-0.038868880188659,-0.457360405453924,0.508861620660395
"null",1000,613,2,1,500,477.722747903103,8.42585303455437,469.296894868548,497.373471482799,498.623322864657,2.49970276371659,22.706374023043,22.3585119997594,22.3606797749979,-0.865427635418771,-1.31164488926744,0.735732580384508
"null",1000,613,5,0,200,192.635502877868,3.31479947804641,189.320703399822,197.742479465455,198.193619969612,2.25570252078518,17.957734912732,17.888386132049,17.8885438199983,-0.284388683339209,-0.496015487606958,0.594239520566853
"null",1000,613,5,1,200,193.736092848828,3.35735914400358,190.378733704825,197.665804462191,198.117227185101,2.25711361455401,17.9531961040125,17.8826691905933,17.8885438199983,-0.218886464036559,-0.432737048244858,0.572309586256462
"null",1000,613,10,0,100,102.64551234193,1.6868129347107,100.958699407219,97.8199513134495,98.0376564079085,2.17705094458977,13.4390896778332,13.4160121656731,13.4164078649987,0.359069039954353,0.21772811199324,0.354136402224722
"null",1000,613,10,1,100,103.8790409087,1.74104566167831,102.137995247022,97.781755254408,97.9990487789521,2.17293524544157,13.4342695597153,13.4107152005441,13.4164078649987,0.453860600845469,0.308629808789167,0.323036167536985
"null",1000,613,25,0,40,36.3314234065849,0.607399252617347,35.7240241539675,37.8723498250544,37.9571561795935,2.12015886347594,8.76746980255062,8.76192750525045,8.76356092008266,-0.175754973005013,-0.25486766744963,0.546738740016015
"null",1000,613,25,1,40,38.008399986258,0.70800491758537,37.3003950686726,37.8694710770787,37.9536824147877,2.10528344272338,8.76382325945494,8.75813438395613,8.76356092008266,0.0158525457515792,-0.0745920669260098,0.469101582745987
"null",1000,613,50,0,20,14.6131086276309,0.250586435790029,14.3625221918409,17.9033633060806,17.945015660018,2.08261769686876,6.25842021823137,6.25661292212108,6.26099033699941,-0.525732463420219,-0.572593112722495,0.688338552914084
"null",1000,613,50,1,20,25.9026106281048,0.3266800136251,25.5759306144797,17.8971431187129,17.9387335379591,2.07952096230938,6.25558796939432,6.2537311140741,6.26099033699941,1.27973062621114,1.22122248897669,0.102005647163865
"null",1000,614,2,0,500,476.936288985539,-1.96717410484383,478.903463090383,497.475278790206,498.737290486867,2.52402339332175,22.636551899956,22.3606561421923,22.3606797749979,-0.907337384926854,-0.88699666370969,0.744048316892886
"null",1000,614,2,1,500,492.465328473452,-1.40753205564089,493.872860529093,496.520547971925,497.761974375387,2.48285280692397,22.5882060354782,22.3422738414802,22.3606797749979,-0.179528179090622,-0.174069742134924,0.561542396366799
"null",1000,614,5,0,200,167.790089300046,-0.843253389616851,168.633342689663,197.751480836769,198.200881864447,2.24700513839007,17.9438037845168,17.8884167254367,17.8885438199983,-1.66973468371161,-1.65288743149306,0.941682327541738
"null",1000,614,5,1,200,207.698713245752,-0.184716157315597,207.883429403068,197.180637014943,197.621732451468,2.20547718262628,17.8903516184892,17.8415515960719,17.8885438199983,0.587918921612409,0.575157205153534,0.303970211771935
"null",1000,614,10,0,100,88.9091924163621,-0.402832242962759,89.3120246593249,97.8382130540936,98.0541174001163,2.15904346022688,13.4344892799925,13.4160515283448,13.4164078649987,-0.664634170427991,-0.651614427860655,0.733214198032876
"null",1000,614,10,1,100,112.882862177678,-0.144058887713321,113.026921065391,97.5394739305458,97.7513055909967,2.11831660450857,13.3896673621993,13.3734115010559,13.4164078649987,1.1459125781159,1.14223775086772,0.144428922502229
"null",1000,614,25,0,40,19.9564857706331,-0.175589490562245,20.1320752611954,37.9306513926704,38.0131648274952,2.06283587061961,8.76659053367977,8.76215272891263,8.76356092008266,-2.05030285753435,-2.04071877305873,0.992966440366133
"null",1000,614,25,1,40,46.3290846531086,-0.0631170187927714,46.3922016719014,37.7834224735989,37.8662075861518,2.06962781382183,8.73604549988581,8.73212663623265,8.76356092008266,0.978207151006872,0.976393774498445,0.166365329716309
"null",1000,614,50,0,20,6.67779631465298,-0.079498166895167,6.75729448154814,17.9578229823811,17.9984105448811,2.02937812499818,6.25847347080512,6.25700896910202,6.26099033699941,-1.80236070670394,-1.79656384046165,0.99257372643661
"null",1000,614,50,1,20,25.8782637424877,-0.0438309797678144,25.9220947222555,17.8730396001624,17.9138947548279,2.04275773327352,6.23622186110202,6.2349266414736,6.26099033699941,1.28366570667687,1.28440965354083,0.102574148204984
"null",1000,615,2,0,500,511.863493812768,5.686079909556,506.177413903212,497.533992139608,498.766603961268,2.46522364331841,22.6302513616849,22.3606556680162,22.3606797749979,0.633201171482368,0.331421853275272,0.324069920525341
"null",1000,615,2,1,500,527.44015421962,4.12332927308866,523.316824946531,497.038639307733,498.290726588169,2.50417456087209,22.6046608572357,22.3519376977644,22.3606797749979,1.34492240798893,1.11963887412164,0.174611449432612
"null",1000,615,5,0,200,238.957651056901,2.21774264565235,236.739908411249,197.789907610337,198.231596940501,2.20844665081616,17.9425079452618,17.88840572066,17.8885438199983,2.29442525939832,2.15269667247504,0.0247509903579004
"null",1000,615,5,1,200,201.730516775349,1.23486384157322,200.495652933776,197.49822438011,197.939791433039,2.2078352646418,17.9162318748573,17.8660285433145,17.8885438199983,0.236226703516732,0.143057059073923,0.413029784202934
"null",1000,615,10,0,100,99.6935072125247,0.997877504067537,98.6956297084572,97.8875805228543,98.0985254457619,2.109449229076,13.4340153539908,13.4160226334051,13.4164078649987,0.134429404916072,0.0445068019793351,0.433350989851222
"null",1000,615,10,1,100,111.207656458177,0.657815535958853,110.549840922218,97.7191784348549,97.9307400013468,2.1156156649196,13.4122379690969,13.3956188747433,13.4164078649987,1.00568436486146,0.94203194633014,0.17075123496835
"null",1000,615,25,0,40,34.2471025393685,0.518635071520879,33.7284674678476,37.9276952480964,38.0103133579961,2.0654527474927,8.7663951206202,8.76207576412911,8.76356092008266,-0.419852477339344,-0.4886793957749,0.643684056347102
"null",1000,615,25,1,40,45.9605233600325,0.334638082467154,45.6258852775654,37.8641535109353,37.9465321215093,2.05946526434944,8.75118694523103,8.74720522540898,8.76356092008266,0.925173910666977,0.877920771053706,0.175797276339557
"null",1000,615,50,0,20,16.241447625362,0.187883068032269,16.0535645573297,17.9412480320191,17.982152418307,2.04521931439727,6.25818112915675,6.25677751640161,6.26099033699941,-0.271612529515598,-0.30823980170649,0.575701000062731
"null",1000,615,50,1,20,19.4711988027876,0.105502569041075,19.3656962337465,17.9141705078819,17.9549164840379,2.03729880780323,6.24724853833095,6.24595410107933,6.26099033699941,0.249234248541954,0.225870976135544,0.363362906329039
"null",1000,616,2,0,500,497.963124537962,2.11974248574273,495.843382052219,497.462980859504,498.731166805751,2.53637189249445,22.5865408281235,22.3606577748006,22.3606797749979,0.0221434385311,-0.129145787329504,0.492038503179787
"null",1000,616,2,1,500,480.312394247994,2.14317353442951,478.169220713564,497.486178620714,498.7426433848,2.51292952817283,22.5863887332005,22.3606538079048,22.3606797749979,-0.760359904169896,-0.920072500919602,0.707480805790676
"null",1000,616,5,0,200,176.688392641839,0.847284746302784,175.841107895536,197.75699576593,198.205299791896,2.24152012982927,17.9337166213934,17.8884198449189,17.8885438199983,-1.17480406147143,-1.25020499799549,0.85951911175075
"null",1000,616,5,1,200,197.587782436284,0.835255910029547,196.752526526254,197.766404625863,198.212795367479,2.23195370807858,17.9336624252724,17.8884080930319,17.8885438199983,-0.00996016236634964,-0.0816321292330709,0.494899233955701
"null",1000,616,10,0,100,98.5283857496032,0.322665980129135,98.2057197694741,97.8510336886034,98.0656677340186,2.14634045415208,13.431118513317,13.4160645084322,13.4164078649987,0.0504315452453375,0.0104391295500609,0.466013383054786
"null",1000,616,10,1,100,104.333321520627,0.313844667781965,104.019476852845,97.8473944790267,98.0623838341223,2.14989355095613,13.4310906878466,13.416053722902,13.4164078649987,0.482903972010953,0.444027218566796,0.311933239998913
"null",1000,616,25,0,40,32.4315669267718,0.111519561584332,32.3200473651874,37.8892676368593,37.973432427796,2.10411977341754,8.76572299251596,8.76212652016259,8.76356092008266,-0.622618432586476,-0.64520696540954,0.724204083973781
"null",1000,616,25,1,40,36.2758207603698,0.126808828829848,36.14901193154,37.882556800725,37.9669887559886,2.11079888158767,8.76571219486378,8.76211973140322,8.76356092008266,-0.183297831897411,-0.207481394933807,0.549339208679933
"null",1000,616,50,0,20,13.6649143956774,0.00465484228474234,13.6602595533927,17.9156945718309,17.9571423352824,2.07238817257551,6.25844982013862,6.25728230533916,6.26099033699941,-0.679206560460898,-0.686701122342414,0.750659153611438
"null",1000,616,50,1,20,13.7344520643151,0.00496836691527836,13.7294836973998,17.9122596531183,17.9537759912267,2.07581690541979,6.25844698877817,6.25728038737257,6.26099033699941,-0.667547012269071,-0.675100368260895,0.746230595824204
"null",1000,617,2,0,500,512.845588084995,2.4756297578843,510.369958327111,497.465769509488,498.732604966537,2.53367091409764,22.4759682471189,22.3606674532318,22.3606797749979,0.684278354836983,0.520438550634217,0.313171678278456
"null",1000,617,2,1,500,531.193181282443,2.93339112058288,528.25979016186,497.348526716198,498.640931122807,2.58480881321667,22.4721418101862,22.3596943875845,22.3606797749979,1.50607159976642,1.3246540192204,0.146795122579374
"null",1000,617,5,0,200,227.519774002838,0.833487254574389,226.686286748264,197.750872527067,198.20045371895,2.24790595941716,17.9115245845977,17.8884475977543,17.8885438199983,1.66199707541196,1.59241504181108,0.0737205903137042
"null",1000,617,5,1,200,212.493973081032,0.811007159215767,211.682965921816,197.700142129102,198.150331495686,2.25094683291673,17.9073421047132,17.8849281291218,17.8885438199983,0.826132145430764,0.756650198895421,0.228253944597374
"null",1000,617,10,0,100,115.432203883361,0.436181887451332,114.99602199591,97.8463053345936,98.0614475956043,2.15142261010686,13.4237794381957,13.4161184192181,13.4164078649987,1.3100556836273,1.26225588289735,0.11026360077818
"null",1000,617,10,1,100,107.998016513453,0.448013768371895,107.550002745081,97.8231365731958,98.0379236685924,2.14787095396588,13.4202487690382,13.4128086072285,13.4164078649987,0.758173720574519,0.709178767477716,0.230117823161839
"null",1000,617,25,0,40,49.9628031372478,0.152220421237165,49.8105827160106,37.9078109679971,37.9913016809217,2.08726782311511,8.76433136282219,8.76250407810543,8.76356092008266,1.37546056512506,1.34884742189408,0.0926294642446829
"null",1000,617,25,1,40,48.392689255258,0.104867959290416,48.2878212959676,37.8986543869065,37.9820488090786,2.08486055430402,8.76181248232755,8.76004248165129,8.76356092008266,1.19770137622984,1.17645234123868,0.120395337241972
"null",1000,617,50,0,20,30.4349592890199,0.0673390744824416,30.3676202145374,17.9380029767509,17.9790491409125,2.0523082080839,6.2585648200312,6.25798742076572,6.26099033699941,1.99677668469154,1.9796414151483,0.0334263538096319
"null",1000,617,50,1,20,29.4433850996416,0.0387048212548745,29.4046802783868,17.9354117450834,17.9764050335151,2.04966442158197,6.25693329619618,6.25637135612784,6.26099033699941,1.83923542249593,1.82666190901187,0.0432223579656099
"null",1000,618,2,0,500,481.001743645573,3.37705604274422,477.624687602829,497.487844509853,498.743518703354,2.51134838700136,22.5650022749301,22.3606452660051,22.3606797749979,-0.730604883767124,-0.944464296503644,0.699748254389122
"null",1000,618,2,1,500,478.69060438646,4.05103376911585,474.639570617344,497.380681845201,498.656681352348,2.55199901429349,22.5645371999963,22.3594532572923,22.3606797749979,-0.828294296181897,-1.07413676258702,0.725326201885717
"null",1000,618,5,0,200,187.390154150453,1.28781281217202,186.102341338281,197.789887313798,198.231579145996,2.20845916099411,17.9293486713542,17.8884018817076,17.8885438199983,-0.580039651967954,-0.678050386385742,0.694741612286154
"null",1000,618,5,1,200,188.90482575476,1.22413568625939,187.680690068501,197.743681821615,198.185291142684,2.20804660534627,17.9263758750068,17.884866207488,17.8885438199983,-0.493064305271978,-0.587345801322527,0.666621224748638
"null",1000,618,10,0,100,92.1176383040423,0.745197527109833,91.3724407769324,97.867293849382,98.0802652861927,2.1297143681075,13.4296044035224,13.4160140036847,13.4164078649987,-0.428132904929923,-0.499986397406711,0.648397728814758
"null",1000,618,10,1,100,101.531685513925,0.727940805961415,100.803744707963,97.8390845362514,98.0523218827481,2.1323734649671,13.4266386005058,13.4128189515506,13.4164078649987,0.27502050867253,0.205133822737324,0.383311059989747
"null",1000,618,25,0,40,41.8838847858649,0.289867084759692,41.5940177011052,37.9153702182685,37.9984759798311,2.07764403906598,8.76526086200837,8.76204134439361,8.76356092008266,0.452754872909404,0.410354343234713,0.306036160490539
"null",1000,618,25,1,40,45.0244179266563,0.280124690288764,44.7442932363675,37.9102556991242,37.9931352325631,2.07198833597352,8.76302339417008,8.75974208582875,8.76356092008266,0.811838780695834,0.770702828651339,0.201489126401634
"null",1000,618,50,0,20,12.8100675185603,0.0443739439268458,12.7656935746334,17.9379587819822,17.9789287929129,2.04850054653554,6.25775446528023,6.25676447372928,6.26099033699941,-0.819445903777924,-0.833215832267401,0.802730548008956
"null",1000,618,50,1,20,15.6513523642404,0.110224211469587,15.5411281527709,17.9354376048868,17.9763545731178,2.04584841154712,6.25617978190242,6.25516754964252,6.26099033699941,-0.365092647633575,-0.389314339067719,0.616865032148471
"null",1000,619,2,0,500,463.053422813369,1.29315945743646,461.760263355932,497.463519278928,498.731380198101,2.53572183834588,22.6695581762282,22.3606495944202,22.3606797749979,-1.51789885793374,-1.65340084088587,0.867164877156453
"null",1000,619,2,1,500,501.806441307563,1.19166473613258,500.61477657143,497.45524407541,498.72375189562,2.53701564042005,22.6700077533063,22.3605348050595,22.3606797749979,0.191936292192844,0.0845697427318297,0.443769655431817
"null",1000,619,5,0,200,176.190978820962,0.624893951080751,175.566084869881,197.756038285572,198.204470122759,2.24215918593681,17.9504145519313,17.8883904510074,17.8885438199983,-1.20136832507244,-1.26553505833181,0.865454150147075
"null",1000,619,5,1,200,200.234076561069,0.579672945443,199.654403615626,197.72421260424,198.178142994951,2.26965195355475,17.9503111847089,17.8880614207772,17.8885438199983,0.139822866077475,0.0825277030276684,0.442227099426487
"null",1000,619,10,0,100,97.7635716152692,0.273481653824003,97.4900899614452,97.826176404253,98.0432445718183,2.17068167565292,13.4366186839098,13.4159919385183,13.4164078649987,-0.00465926662477553,-0.0412309885775153,0.487734284840063
"null",1000,619,10,1,100,104.895218066733,0.345046495174869,104.550171571558,97.8034266406695,98.0225367992456,2.19110158576112,13.4364114683379,13.4157006008581,13.4164078649987,0.527803978225507,0.48656681946935,0.298476901331321
"null",1000,619,25,0,40,46.4203299715558,0.218933356423495,46.2013966151323,37.8868112239556,37.9710525035724,2.10603199042069,8.76695244567969,8.76200344913886,8.76356092008266,0.97337344995016,0.93932217207342,0.164089070044389
"null",1000,619,25,1,40,44.293386929891,0.150623749886318,44.1427631800046,37.9059962962167,37.9894192906982,2.08557486203891,8.76671680443096,8.76173043658762,8.76356092008266,0.728595525116758,0.702297786246768,0.223307170159375
"null",1000,619,50,0,20,24.4609555958087,0.127749169894973,24.3332064259137,17.9209636078832,17.962288637956,2.06625150363958,6.25861649470203,6.25700249575821,6.26099033699941,1.04495809792174,1.0182060487073,0.140498587757624
"null",1000,619,50,1,20,22.1929431862556,0.136433860390993,22.0565093258646,17.9259606258487,17.9671734080682,2.06063911097585,6.25843484911381,6.25681216216117,6.26099033699941,0.681797072795462,0.653581378473713,0.223531637309508
"null",1000,620,2,0,500,555.5573882725,8.36595324615739,547.191435026343,497.447417685866,498.723248354156,2.55166133657956,22.7149311521084,22.3606449380903,22.3606797749979,2.5582278985354,2.16756657987195,0.0376338015944061
"null",1000,620,2,1,500,487.383378417522,7.93909593710233,479.44428248042,497.2775409128,498.548889260044,2.542696694487,22.70209982038,22.3569423442333,22.3606797749979,-0.435825873974721,-0.854526817015839,0.624627540724438
"null",1000,620,5,0,200,247.194695636518,3.33709687472931,243.857598761788,197.765472420436,198.211977806716,2.23252693139672,17.9595685460621,17.8883698694391,17.8885438199983,2.75225003815135,2.5516925962636,0.0100197669085311
"null",1000,620,5,1,200,222.582404632989,3.26062553138698,219.321779101602,197.613125935971,198.067007271121,2.26940667574621,17.9481160199558,17.8794066052379,17.8885438199983,1.39119218246948,1.18878508105828,0.111085496930969
"null",1000,620,10,0,100,115.2318120217,1.62267775059274,113.609134271107,97.8276150426989,98.0445092494775,2.16894206778688,13.4396560149553,13.4159539442432,13.4164078649987,1.29498827645842,1.16015790500744,0.112701802432708
"null",1000,620,10,1,100,89.6064992605585,1.48264586132893,88.1238533992296,97.7726299965908,97.9882951004675,2.15665103876708,13.4302642557121,13.4074483023596,13.4164078649987,-0.60803946821516,-0.735743407602912,0.715515667915783
"null",1000,620,25,0,40,36.5838705010957,0.544194114531823,36.0396763865639,37.8992257300669,37.9829300204295,2.09260725906597,8.7674819518038,8.76178073498913,8.76356092008266,-0.150026568198473,-0.221787521582854,0.534942004303906
"null",1000,620,25,1,40,29.75525714851,0.578610962122734,29.1766461863872,37.8700027476683,37.9537376044986,2.09337142075761,8.76114718777958,8.75567938747808,8.76356092008266,-0.926219526419685,-1.00244550190633,0.828006135749222
"null",1000,620,50,0,20,9.60961489157241,0.187825321743114,9.4217895698293,17.9186639841586,17.95998755719,2.06617865156816,6.25813660329108,6.25626445562383,6.26099033699941,-1.32771935470641,-1.36474377768439,0.943906169681486
"null",1000,620,50,1,20,20.4885767860072,0.329276933188851,20.1592998528184,17.9084165747779,17.9496522150664,2.06178201442286,6.25351317780034,6.25172566624727,6.26099033699941,0.412593711385903,0.353446033257946,0.305995018526546
"null",1000,621,2,0,500,493.278353577404,3.88811410307413,489.39023947433,497.475130883658,498.737207540655,2.52415331399389,22.5266576359453,22.3606591192539,22.3606797749979,-0.186302707400235,-0.418009505734004,0.551298878967175
"null",1000,621,2,1,500,492.802226940677,3.95266428307352,488.849562657604,497.406992303346,498.684143194398,2.55430178210454,22.5268382300704,22.360102239532,22.3606797749979,-0.204412413124264,-0.439827172140885,0.557300954289548
"null",1000,621,5,0,200,199.678019310277,1.47655516170166,198.201464148575,197.71667650931,198.17302667247,2.28175081579912,17.9216590837505,17.8884151520985,17.8885438199983,0.109439800846641,0.0015897146764421,0.453203237184152
"null",1000,621,5,1,200,193.297755392565,1.57504567771879,191.722709714846,197.695431989939,198.151176326943,2.27872168502067,17.9202353762252,17.8865984566989,17.8885438199983,-0.245402836795797,-0.359401292965763,0.58106451846322
"null",1000,621,10,0,100,100.023957144765,0.809094970036106,99.2148621747289,97.8333628954658,98.0497475069658,2.16384611499997,13.4270868326403,13.4160478478946,13.4164078649987,0.163147395753337,0.0868448503592599,0.424205637583485
"null",1000,621,10,1,100,83.9714943849111,0.860439859549979,83.1110545253611,97.8361095238446,98.0507212427513,2.14611718906691,13.4254086263841,13.4141830582794,13.4164078649987,-1.03271457314798,-1.11372169684006,0.84280475235951
"null",1000,621,25,0,40,36.251093978729,0.325209785101585,35.9258841936275,37.8752102646515,37.9599642339176,2.11884923165336,8.76490980249202,8.76227582031535,8.76356092008266,-0.18529754698225,-0.232140608444914,0.550495833544836
"null",1000,621,25,1,40,35.3369056851726,0.399284221705719,34.9376214634669,37.8802305953111,37.9645500851159,2.10798724511862,8.76371014444997,8.76103123734334,8.76356092008266,-0.290210980077793,-0.345499124434906,0.593245061029221
"null",1000,621,50,0,20,18.8362077241379,0.0790341448821902,18.7571735792557,17.8996653068591,17.9414319233389,2.08833082399316,6.25809966304056,6.2572591156548,6.26099033699941,0.149652844746129,0.130367248796823,0.401974317226385
"null",1000,621,50,1,20,15.813831392719,0.143469194993935,15.670362197725,17.9102157484735,17.9517102507874,2.07472511569389,6.25717366668363,6.25631626704029,6.26099033699941,-0.335036945980376,-0.364647175060664,0.605538297726819
"null",1000,622,2,0,500,457.250726031294,-3.34199067154273,460.592716702837,497.47719484964,498.73827427623,2.52215885317869,22.5687080364479,22.3606578889483,22.3606797749979,-1.78240016014126,-1.70592286518753,0.904379508293702
"null",1000,622,2,1,500,483.376771783253,-3.30955739208508,486.686329175338,497.51844973291,498.757562738496,2.47822601117293,22.5690215277558,22.3606147493366,22.3606797749979,-0.626596856769603,-0.539843546274448,0.672487015205733
"null",1000,622,5,0,200,168.573171967493,-1.38440383294388,169.957575800437,197.747174698867,198.197418080958,2.25121691045158,17.930107218105,17.8884065032944,17.8885438199983,-1.62709583252884,-1.57866729355237,0.936390219127032
"null",1000,622,5,1,200,160.003493695739,-1.24253548186596,161.246029177605,197.752887216901,198.201696628947,2.24404706023188,17.9301055361628,17.8882955916352,17.8885438199983,-2.10536371049382,-2.06591328178985,0.977956717145974
"null",1000,622,10,0,100,75.2167134583728,-0.660728594167205,75.87744205254,97.8495016321577,98.0642617443987,2.14760112241002,13.4298773823454,13.4160274486834,13.4164078649987,-1.6852565015625,-1.65375479267046,0.957765193415692
"null",1000,622,10,1,100,83.8470288256698,-0.603773529162372,84.4508023548321,97.8559116236911,98.0699498579169,2.14038234225779,13.4298218934425,13.4159257506956,13.4164078649987,-1.04311754163036,-1.01514779942627,0.845164582175942
"null",1000,622,25,0,40,41.5964576469155,-0.287724254826258,41.8841819017418,37.9043329834193,37.9878862492516,2.08883164580819,8.7653836991956,8.7620787064457,8.76356092008266,0.4212165479801,0.444677088967927,0.316971229087946
"null",1000,622,25,1,40,34.1303134689457,-0.233476189936064,34.3637896588817,37.9049184585639,37.9884342739561,2.08789538480362,8.76532024853467,8.76200383360139,8.76356092008266,-0.430629444514507,-0.413677588358748,0.649022226644117
"null",1000,622,50,0,20,14.7740250004321,-0.20920225148595,14.983227251918,17.9210351906299,17.9623622454424,2.06635274062314,6.25810616810208,6.25706123833533,6.26099033699941,-0.502869415389323,-0.476123675324123,0.677420538140378
"null",1000,622,50,1,20,15.7953086949317,-0.162595562927795,15.9579042578595,17.9243482595448,17.9656059216471,2.06288310511312,6.25806165552115,6.25701288592312,6.26099033699941,-0.340207508619669,-0.320872227753354,0.606830279131236
"null",1000,623,2,0,500,495.806046797417,-3.38140390493925,499.187450702357,497.455047837582,498.727103164939,2.54411065471445,22.8079163175608,22.3606452911329,22.3606797749979,-0.0722995041372862,0.0205873994879833,0.51933572880348
"null",1000,623,2,1,500,507.436568917472,-4.15629895907106,511.592867876543,497.217060939149,498.48213549837,2.5301491184433,22.8023817657172,22.3560279662032,22.3606797749979,0.448177216017323,0.586451779269239,0.375153672120756
"null",1000,623,5,0,200,200.668100859542,-1.3316426201752,201.999743479718,197.723413431795,198.178333020808,2.27459794506736,17.9784190343458,17.8883689420124,17.8885438199983,0.163790120928989,0.213625427298423,0.433704101967662
"null",1000,623,5,1,200,193.677926370677,-1.74483735896696,195.422763729644,197.610615416893,198.05452345896,2.21954021033432,17.9664225345512,17.875542317179,17.8885438199983,-0.218891047377542,-0.147226846750605,0.573472734005015
"null",1000,623,10,0,100,98.8196625571159,-0.576993020742848,99.3966555778588,97.8425257900966,98.0579434393126,2.15417649215944,13.4459571317019,13.4159702694809,13.4164078649987,0.0726714176944262,0.0997849661005515,0.457793525920049
"null",1000,623,10,1,100,96.1136456685768,-0.690996672678233,96.8046423412551,97.7583891943964,97.973033380863,2.14644186466584,13.4347760561165,13.4044296101236,13.4164078649987,-0.122424335094945,-0.0871645473616782,0.535019959055767
"null",1000,623,25,0,40,46.5368844693572,-0.2197213456511,46.7566058150083,37.8995347804998,37.9832409019221,2.09265303555749,8.76908072879115,8.76185474838146,8.76356092008266,0.984977782277537,1.00131366760067,0.161215156145956
"null",1000,623,25,1,40,42.4743334210273,-0.22249222976057,42.6968256507878,37.8554328184559,37.939404669542,2.09929627715203,8.7611762465802,8.75384143133479,8.76356092008266,0.527200968519988,0.543466661872177,0.284263210478006
"null",1000,623,50,0,20,22.8507221463905,0.0341327027807959,22.8165894436098,17.9228696414988,17.9641152100104,2.06227842557859,6.25870810139675,6.25634489277275,6.26099033699941,0.787359375937657,0.775608492940479,0.196391873661281
"null",1000,623,50,1,20,16.9350172689998,-0.0488101893065414,16.9838274583063,17.9041685648498,17.9453844739322,2.06079545412031,6.25247162514758,6.25008649247319,6.26099033699941,-0.155002909881609,-0.153846993443036,0.527577050839538
"null",1000,624,2,0,500,502.115567278909,-2.55714696120847,504.672714240118,497.473576871726,498.736404809458,2.52565587546414,22.8100814841192,22.3606426933569,22.3606797749979,0.203506086131941,0.265480268705505,0.439924395778199
"null",1000,624,2,1,500,504.304593824886,-2.87938658166393,507.18398040655,497.425344217493,498.698421251894,2.54615406880308,22.8105745732089,22.3601315181821,22.3606797749979,0.301581601345223,0.379495046697528,0.41292161717823
"null",1000,624,5,0,200,181.58807376681,-0.986092300932022,182.574166067742,197.734828340626,198.187466886669,2.2631927302179,17.9788307551899,17.8883678699296,17.8885438199983,-0.898098146296575,-0.87281863457054,0.792446694323094
"null",1000,624,5,1,200,187.055453909654,-1.16369602378222,188.219149933437,197.707189261729,198.161867991708,2.27339364989771,17.9779226201273,17.8870262936522,17.8885438199983,-0.59248977632983,-0.555861991537408,0.700830740913365
"null",1000,624,10,0,100,100.221228131334,-0.412668178451794,100.633896309786,97.827736016068,98.0446296545258,2.16893638457874,13.4460619988556,13.4159620520323,13.4164078649987,0.178006922433475,0.19299895491786,0.418774672706059
"null",1000,624,10,1,100,95.6938085240302,-0.378813279233865,96.0726218032641,97.8397087110625,98.0544037537313,2.14695042668806,13.4449873088785,13.4147017649643,13.4164078649987,-0.159605965980735,-0.147732091640167,0.547085844682162
"null",1000,624,25,0,40,39.2696529104668,-0.283837751050013,39.5534906615168,37.8959684366585,37.9798393733396,2.09677341702731,8.76920399420298,8.76197330513725,8.76356092008266,0.156648707763714,0.179600100727831,0.412777912560739
"null",1000,624,25,1,40,36.8055578186199,-0.347811259727578,37.1533690783475,37.9017186982821,37.985166779736,2.08620203634695,8.76822146438449,8.76094003890601,8.76356092008266,-0.125015190835983,-0.0949438870366194,0.524601890296747
"null",1000,624,50,0,20,17.0470807344758,-0.163855791415957,17.2109365258918,17.9240620231856,17.965295439176,2.06167079951637,6.25885093500358,6.25652105460814,6.26099033699941,-0.14011857732626,-0.120571625460862,0.51987033071305
"null",1000,624,50,1,20,17.8010335827859,-0.128181549006025,17.9292151317919,17.9305886678582,17.9716438064049,2.05275692733367,6.25812783231594,6.25578137838633,6.26099033699941,-0.0207018917707938,-0.00678231415816938,0.468830623964281
"null",1000,625,2,0,500,510.518221474175,-4.87490900776408,515.393130481939,497.475363503637,498.737234961599,2.52374291592352,22.6798968167788,22.3606440793799,22.3606797749979,0.575084537460874,0.744875481279153,0.339268025405474
"null",1000,625,2,1,500,544.170834656387,-4.83912409321946,549.009958749607,497.423475896597,498.676995588844,2.50703938449553,22.6724869632196,22.3591157951501,22.3606797749979,2.06185403637573,2.25111599322187,0.0747877944178927
"null",1000,625,5,0,200,217.108626745475,-1.9491091606102,219.057735906085,197.746376731128,198.196697796387,2.2516053262923,17.9524780263328,17.8883649556287,17.8885438199983,1.07852798850089,1.16617914278045,0.167464716158652
"null",1000,625,5,1,200,232.813209309438,-1.83603792204534,234.649247231483,197.715400782771,198.163550468181,2.24074842704929,17.9476902284085,17.8851161587618,17.8885438199983,1.95556130510389,2.04000334353034,0.0455786950615072
"null",1000,625,10,0,100,115.490139387807,-0.870472057808627,116.360611445616,97.849982944266,98.064613280312,2.14630336045996,13.4372003571792,13.4159103136672,13.4164078649987,1.31278510215235,1.36375376232689,0.10956630399786
"null",1000,625,10,1,100,126.202660665442,-0.870657762472674,127.073318427914,97.8249041998383,98.0397209558332,2.14816755994832,13.4337191513465,13.4129800192208,13.4164078649987,2.11242740345358,2.16458963112419,0.0290508610389824
"null",1000,625,25,0,40,54.3659879216756,-0.391184939402772,54.7571728610784,37.8946742472248,37.9785615761933,2.09718322421394,8.76684428666122,8.76178021447094,8.76356092008266,1.87881900668773,1.91497742173143,0.0414305900294008
"null",1000,625,25,1,40,52.6968454678705,-0.33949722031853,53.036342688189,37.8956584693176,37.9790509109135,2.08481103989747,8.76425504774231,8.75934116316415,8.76356092008266,1.68881290171555,1.71899820965945,0.0568608627215946
"null",1000,625,50,0,20,34.1332623487752,-0.108873255225899,34.2421356040011,17.9216367192705,17.9628970386571,2.06301596933361,6.2578062862356,6.25619454256003,6.26099033699941,2.59062439583071,2.60209916021609,0.0121266025909747
"null",1000,625,50,1,20,25.99518470644,-0.130369742736846,26.1255544491769,17.9215947454882,17.9627356983246,2.05704764181775,6.25589525103908,6.25433423801581,6.26099033699941,1.2905570884696,1.30514591005325,0.0998680663552344
"null",1000,626,2,0,500,475.495584459873,-3.14813956900259,478.643724028876,497.50106337746,498.75006050861,2.4979942623009,22.7238136798342,22.3606521350294,22.3606797749979,-0.968388459245059,-0.899183814421778,0.7589429828063
"null",1000,626,2,1,500,468.044459569815,-2.25951220791027,470.303971777726,496.767261115402,498.021996801308,2.50947137181259,22.6769641406237,22.34441336748,22.3606797749979,-1.2666070011608,-1.24049016493417,0.828351812402833
"null",1000,626,5,0,200,200.91111629858,-1.30563905612755,202.216755354708,197.786856776303,198.229100798538,2.21122011117662,17.9614020583902,17.8883808433509,17.8885438199983,0.173942964592681,0.22291869739859,0.428950479151835
"null",1000,626,5,1,200,178.053861469163,-1.36552416277813,179.419385631941,197.320560006627,197.762589059164,2.2101452626866,17.9181742922501,17.8520142476222,17.8885438199983,-1.0752601366199,-1.02751449627968,0.842387132296755
"null",1000,626,10,0,100,97.2826911904431,-0.747498514902274,98.0301897053454,97.8798251137524,98.0915088384746,2.11683724722173,13.44028090396,13.4159708148591,13.4164078649987,-0.0444286788033814,-0.00457060722443068,0.501472343232465
"null",1000,626,10,1,100,81.5134805128117,-0.567106168082242,82.0805866808939,97.6043763138131,97.81814976671,2.13773452896814,13.4057213577667,13.3837701115357,13.4164078649987,-1.20030063072131,-1.17586920237456,0.885443975145233
"null",1000,626,25,0,40,30.482112373642,-0.303935266989665,30.7860476406317,37.9416806345441,38.0237035608306,2.05057315716203,8.76773183720126,8.76187921275954,8.76356092008266,-0.850797948592739,-0.826039225655956,0.802046583903097
"null",1000,626,25,1,40,29.4288717837545,-0.136835222586588,29.5657070063411,37.8056205007627,37.8886283159162,2.07519537883715,8.74325829574266,8.7379909475343,8.76356092008266,-0.958080893147932,-0.952498275581719,0.839050032041106
"null",1000,626,50,0,20,13.0889558137407,-0.0913285653271553,13.1802843790679,17.9604868953301,18.0009882716871,2.02506881785023,6.25843161345761,6.25649269142338,6.26099033699941,-0.778394873104324,-0.770512191155863,0.786261496531917
"null",1000,626,50,1,20,13.0717398011152,-0.0997801234116233,13.1715199245268,17.8759470837306,17.9170321487936,2.05425325314638,6.24107689700041,6.23934287045965,6.26099033699941,-0.769772166230557,-0.760578849855255,0.787293627487429
"null",1000,627,2,0,500,490.177103879002,2.80298153066182,487.374122348341,497.479811476419,498.739448632411,2.51927431198436,22.8286141355853,22.3606397911852,22.3606797749979,-0.3198927255962,-0.508273752012708,0.59019007950486
"null",1000,627,2,1,500,486.743747685655,4.18491537741042,482.558832308244,497.15370617881,498.435826729194,2.56424110076812,22.8248038795807,22.3550904434352,22.3606797749979,-0.456080961224298,-0.710218304019979,0.632403186067194
"null",1000,627,5,0,200,194.956395282049,1.26432409239296,193.692071189656,197.741374109296,198.192666293974,2.25646092338913,17.9825942275027,17.8883480385,17.8885438199983,-0.154870804068278,-0.251593668382982,0.547831795529505
"null",1000,627,5,1,200,186.96180397182,1.62776346763195,185.334040504188,197.539997805641,197.993331435088,2.26666814723632,17.9693258732476,17.8735609202058,17.8885438199983,-0.588680616537156,-0.708269101351175,0.702525869420034
"null",1000,627,10,0,100,95.5743230304562,0.635327919141075,94.9389951113152,97.848612377799,98.0634012348914,2.14788857092397,13.4473171447004,13.4159389124984,13.4164078649987,-0.169125880119444,-0.232887622994878,0.550518794645552
"null",1000,627,10,1,100,79.602154048687,0.87166551163425,78.7304885370528,97.7239818409965,97.9403880348974,2.16406193900924,13.4343965195412,13.4022885215219,13.4164078649987,-1.34891267843331,-1.4333297978921,0.912817813307212
"null",1000,627,25,0,40,53.5836828859556,0.21276163986524,53.3709212460904,37.8980226291754,37.9817726860649,2.09375142223867,8.76930885740557,8.7617603528757,8.76356092008266,1.78869971531837,1.75639916412169,0.0481396398063003
"null",1000,627,25,1,40,43.6974448047352,0.344608458888089,43.3528363458471,37.8462809466037,37.9302168269203,2.09839700791684,8.75945208831491,8.75167996733755,8.76356092008266,0.667982860016666,0.61960898240849,0.242236574896504
"null",1000,627,50,0,20,22.3845736413222,0.0368655595165736,22.3477080818056,17.9031523734603,17.9447929362366,2.08202813881661,6.25884620969101,6.25635536862738,6.26099033699941,0.716013961314953,0.703750807962019,0.215357890288933
"null",1000,627,50,1,20,16.2726802934419,0.225775116674685,16.0469051767672,17.8835915961094,17.925114973115,2.07616885028091,6.25104044723599,6.2484799642644,6.26099033699941,-0.257702908222224,-0.300586671812892,0.573523398606314
"null",1000,628,2,0,500,476.879747868316,0.711762715945812,476.16798515237,497.492289082292,498.745706678572,2.50683519255987,22.7390528759167,22.3606468646443,22.3606797749979,-0.906481959756893,-1.00970788827677,0.744641207894549
"null",1000,628,2,1,500,470.523173805315,0.910839726798057,469.612334078517,497.478725750331,498.733795900629,2.51014030059688,22.7400365408589,22.3604380456895,22.3606797749979,-1.18537856773371,-1.302365443942,0.806743908097776
"null",1000,628,5,0,200,187.544051463492,0.3881691295917,187.1558823339,197.759751782518,198.20740094129,2.23824579385607,17.9644348877415,17.8883644765405,17.8885438199983,-0.568662492467139,-0.617804865385151,0.69192592433907
"null",1000,628,5,1,200,210.047485879859,0.431138694555719,209.616347185303,197.778880874215,198.221362718325,2.21240922054843,17.9643304670708,17.8878527078359,17.8885438199983,0.682942513673555,0.637023607757386,0.265365320659886
"null",1000,628,10,0,100,91.9792094248259,0.210538774246951,91.768670650579,97.8731993357452,98.0855491536351,2.12349817889878,13.4412710892485,13.4159664104394,13.4164078649987,-0.438499444865285,-0.470847817428998,0.652213393120969
"null",1000,628,10,1,100,88.0083633935903,0.19551050515751,87.8128528884328,97.8520324286579,98.0661313016439,2.14098872985966,13.4409639384753,13.4155032004948,13.4164078649987,-0.732363324544727,-0.76428578637534,0.755354611569242
"null",1000,628,25,0,40,21.8920366502361,0.0975328105459115,21.7945038396902,37.9091150612661,37.9924473077354,2.08330616173289,8.76799280472567,8.76190986811049,8.76356092008266,-1.82676682882282,-1.84867725323204,0.983083085209192
"null",1000,628,25,1,40,25.6233512861395,0.105479111798757,25.5178721743407,37.9061939594245,37.9895775836497,2.08459060562847,8.76768898341559,8.76156005758123,8.76356092008266,-1.4009213484327,-1.42345716143524,0.93737483869801
"null",1000,628,50,0,20,12.7346217960997,0.0396777694838431,12.6949440266158,17.9309990565371,17.9720970311169,2.05489872899101,6.25857994860795,6.25658851132068,6.26099033699941,-0.830280559345289,-0.843455342308765,0.807090948322637
"null",1000,628,50,1,20,12.0094274002397,0.107672741503701,11.901754658736,17.9297669508355,17.9708711653058,2.05521072351337,6.25831561965363,6.2563036201438,6.26099033699941,-0.945995681650126,-0.970080238278195,0.846750385814087
"null",1000,629,2,0,500,504.756017673885,1.45787354991152,503.298144123974,497.487929346529,498.743602156145,2.51134561923147,22.714920838013,22.3606527904394,22.3606797749979,0.319969784582876,0.203685554733725,0.407409208826828
"null",1000,629,2,1,500,509.834441060004,1.41930640703244,508.415134652972,497.443912078581,498.713096390118,2.53836862307464,22.7129911974409,22.3603293060309,22.3606797749979,0.545526076848008,0.433895142154134,0.347106788252626
"null",1000,629,5,0,200,224.512928725654,0.581092333878464,223.931836391776,197.780173109767,198.223751216022,2.21789053127478,17.9595740554393,17.8883765707771,17.8885438199983,1.48849608199869,1.43713908716293,0.0950539408660969
"null",1000,629,5,1,200,190.470614704701,0.473208043090756,189.99740666161,197.742368646817,198.191281963737,2.24456658460188,17.9582466967864,17.8875215107128,17.8885438199983,-0.404925606875497,-0.458077732972671,0.636701001634024
"null",1000,629,10,0,100,115.252071757198,0.213890086992417,115.038181670206,97.8611432576508,98.0747095808115,2.13566323160723,13.4396817604766,13.4159875220194,13.4164078649987,1.29399853430239,1.26442217254245,0.112453436085496
"null",1000,629,10,1,100,103.728698350007,0.209902257921564,103.518796092085,97.8454960208221,98.0600189544059,2.14522933583861,13.4387347386234,13.4152211584012,13.4164078649987,0.437779481745129,0.406909217017334,0.326753473586732
"null",1000,629,25,0,40,44.6314129614473,0.198836217188756,44.4325767442585,37.9149731587437,37.998089180214,2.07790053675626,8.76768127423778,8.76200548328361,8.76356092008266,0.766045159789118,0.734362421516446,0.213026442649547
"null",1000,629,25,1,40,32.613636472649,0.259838842135953,32.353797630513,37.9024961843622,37.9860069340248,2.08776874156467,8.76707262786895,8.76144576738517,8.76356092008266,-0.603264046758422,-0.642840171935765,0.716415478645895
"null",1000,629,50,0,20,14.9513052676961,0.0290005228881085,14.922304744808,17.9405033101387,17.9814244268479,2.04605583546254,6.25865572785964,6.25679620110122,6.26099033699941,-0.477610236513972,-0.48892749319556,0.665307949550206
"null",1000,629,50,1,20,17.1389754425177,0.150108035353335,16.9888674071644,17.9367851902505,17.9777533450609,2.04840774051826,6.25821543318929,6.25637297832588,6.26099033699941,-0.127481988475787,-0.158060579399974,0.513570278462288
"null",1000,630,2,0,500,468.13237244078,4.64713770114145,463.485234739639,497.458796915574,498.729008254945,2.54042267874194,22.7313341415076,22.3606515418259,22.3606797749979,-1.29013212740748,-1.57615145736617,0.827611617619941
"null",1000,630,2,1,500,488.477803997795,4.68760728696481,483.79019671083,497.431594643771,498.711403917328,2.55961854711295,22.7320172462206,22.3605053879778,22.3606797749979,-0.393884561541283,-0.667301876572086,0.611222649876625
"null",1000,630,5,0,200,197.920201047645,1.8696807498385,196.050520297806,197.718968732213,198.174809019107,2.27920143446657,17.9629090010153,17.8883854113772,17.8885438199983,0.0112026573992081,-0.118752401206049,0.488232947318657
"null",1000,630,5,1,200,202.18325572772,1.83949455482242,200.343761172898,197.712905618429,198.168945314308,2.2801984793993,17.9628165309272,17.8879989732546,17.8885438199983,0.248866880179679,0.12157960551324,0.404310710082957
"null",1000,630,10,0,100,96.2763317472255,0.998393787485488,95.27793795974,97.8160560822341,98.0341376794647,2.18081597230631,13.4408058208965,13.4159957361185,13.4164078649987,-0.114555954124027,-0.205441308564555,0.530344648715634
"null",1000,630,10,1,100,101.091099047565,0.982183700729926,100.108915346835,97.814668555105,98.032586043474,2.1791748836906,13.4405415991652,13.4156168173557,13.4164078649987,0.243772207264602,0.154769574267737,0.395107388861037
"null",1000,630,25,0,40,42.7307699174357,0.351364366693264,42.3794055507424,37.8755045385951,37.9601885377378,2.11709997856851,8.76792622855321,8.76195067988403,8.76356092008266,0.553752991560212,0.504364515900594,0.275103564230753
"null",1000,630,25,1,40,50.4876130012615,0.375944351525764,50.1116686497358,37.8656150667115,37.9506372561698,2.1255547364553,8.76765176967739,8.76164515527304,8.76356092008266,1.43960985975774,1.38798492498262,0.0846037910628699
"null",1000,630,50,0,20,25.1834631433573,0.0904033697815444,25.0930597735758,17.9117706077903,17.9532612823502,2.07453372799877,6.25867771442661,6.2567148325445,6.26099033699941,1.16185764267832,1.14114174647814,0.119945521827059
"null",1000,630,50,1,20,33.4300539423422,0.121419999510912,33.3086339428313,17.9095241806346,17.9510428768234,2.0759348094391,6.25842884381678,6.25645364815367,6.26099033699941,2.4799402771898,2.4546799080882,0.0147977891927286
"null",1000,631,2,0,500,528.021810881972,0.0167889601263115,528.005021921846,497.46127953886,498.730269680884,2.5379802840493,22.7596869237486,22.3606512547493,22.3606797749979,1.34274831835335,1.30920839055363,0.170085113347821
"null",1000,631,2,1,500,525.142835132835,0.0306526558348583,525.112182477,497.456868093701,498.719757687746,2.5257791880896,22.7599974567858,22.3603334183165,22.3606797749979,1.21643102516601,1.18032340106497,0.193261847310634
"null",1000,631,5,0,200,223.872871066413,-0.28129880638875,224.154169872802,197.750924601813,198.200322674291,2.24699036238933,17.9685695763149,17.8883536732338,17.8885438199983,1.45375770473308,1.45087958750199,0.100158614865575
"null",1000,631,5,1,200,203.305404397152,-0.232788415127302,203.538192812279,197.736351076705,198.186598406174,2.25123664734655,17.9680304021623,17.8875548638611,17.8885438199983,0.309942336238311,0.29917976195378,0.382967153958168
"null",1000,631,10,0,100,100.386618094651,-0.0383847537830906,100.425002848434,97.8572029208645,98.0711330415993,2.1393012073485,13.4426203525055,13.4159400830451,13.4164078649987,0.188163848078529,0.175453214032256,0.414238721007734
"null",1000,631,10,1,100,104.270418528322,-0.0580262697081857,104.32844479803,97.8518114123285,98.0656651632324,2.13853750903904,13.4419624810409,13.4151668525996,13.4164078649987,0.477505209901176,0.466843215862337,0.313458871975503
"null",1000,631,25,0,40,50.040676822751,-0.0959928533546802,50.1366696761057,37.8969402371158,37.9807532460182,2.09532522256018,8.76827434578239,8.76186855894259,8.76356092008266,1.38496311893759,1.38736575974777,0.0914006863639381
"null",1000,631,25,1,40,36.2540694027244,0.0368666546846263,36.2172027480398,37.8771124742646,37.9616040475355,2.1122893317736,8.76769156556575,8.76125595166158,8.76356092008266,-0.185116351254244,-0.199104022199567,0.550356649085502
"null",1000,631,50,0,20,25.8476471773815,-0.0166782758066929,25.8643254531882,17.9170488189612,17.9584205658322,2.06858734355038,6.25854654699586,6.25649333311589,6.26099033699941,1.26716295850306,1.26363195266424,0.103292806079913
"null",1000,631,50,1,20,18.0761845618165,0.0384582795209929,18.0377262822955,17.9098699660114,17.9513564544408,2.07432442147186,6.25811004012624,6.2560475407002,6.26099033699941,0.0265758503348012,0.013805813861353,0.450644456873614
"null",1000,632,2,0,500,521.796600412527,-1.275078254265,523.071678666792,497.48046299841,498.739789790977,2.51865358513503,22.6561948266379,22.3606440360314,22.3606797749979,1.07326660986903,1.08815689014179,0.222618008149347
"null",1000,632,2,1,500,493.31443079579,-1.40503670139512,494.719467497186,497.515305430722,498.755841475117,2.4810720887902,22.6556152981726,22.3605974649378,22.3606797749979,-0.185423109442995,-0.180512796416131,0.550843748987356
"null",1000,632,5,0,200,217.679690819191,-0.543775252136263,218.223466071327,197.777328816007,198.221501127621,2.22086155806956,17.9477210638322,17.8883872409414,17.8885438199983,1.10890747256434,1.11815361968056,0.160795137280943
"null",1000,632,5,1,200,186.896817337336,-0.482160190681213,187.378977528017,197.774425523752,198.218855774177,2.2221512521252,17.9474338665122,17.8882648122,17.8885438199983,-0.606081530502975,-0.605977067086324,0.70369992164861
"null",1000,632,10,0,100,107.763963274471,-0.283741068445153,108.047704342916,97.8694194155257,98.0821304204864,2.12711004960724,13.4356397872522,13.4159440644005,13.4164078649987,0.736440096312608,0.742815703061388,0.234906681442433
"null",1000,632,10,1,100,91.5950667146641,-0.275661521882805,91.8707282365469,97.8528031584126,98.0670772290633,2.1427407065071,13.435458771974,13.4158208268122,13.4164078649987,-0.465762766270553,-0.461868794500648,0.662740383006189
"null",1000,632,25,0,40,32.9796532620243,-0.150609395862311,33.1302626578866,37.9223320762756,38.0051444996308,2.07031058388045,8.76665125848622,8.76195302426983,8.76356092008266,-0.56380465796067,-0.556369319516005,0.70053791552177
"null",1000,632,25,1,40,37.9959019131693,-0.146532745062284,38.1424346582316,37.9228882455269,38.0056646378048,2.06940980694704,8.76656382518573,8.76187935730072,8.76356092008266,0.00832865294753159,0.0156096671558023,0.46967098223961
"null",1000,632,50,0,20,18.1512844020386,-0.133794936362538,18.2850793384011,17.9354824216913,17.9764817947507,2.04996865296855,6.25789517489867,6.25643713287128,6.26099033699941,0.0344847547483498,0.049324805331945,0.445729011198205
"null",1000,632,50,1,20,18.4331302627308,-0.143202078191837,18.5763323409226,17.9358526055659,17.9768417090036,2.04945517188764,6.25784762661761,6.25639278928226,6.26099033699941,0.0794646477248472,0.0958204914732982,0.427480853749026
"null",1000,633,2,0,500,510.455424460904,0.660022978619589,509.795401482284,497.534007861764,498.766595104887,2.46517448624634,22.7165389827857,22.3606449695179,22.3606797749979,0.568810971113684,0.493223983137873,0.339984800354819
"null",1000,633,2,1,500,497.71657080708,0.738250804036875,496.978320003043,497.3218432632,498.567231266052,2.49077600570499,22.7042273331115,22.3568922012308,22.3606797749979,0.0173856409244345,-0.0710703101624126,0.49515509284931
"null",1000,633,5,0,200,207.030858845294,0.112684322966327,206.918174522327,197.776296646968,198.220687031669,2.22195192350374,17.959911039479,17.8883895455739,17.8885438199983,0.515289979888122,0.486208524724942,0.315443054678546
"null",1000,633,5,1,200,211.217951433532,0.380209793814326,210.837741639718,197.6555451375,198.10111013603,2.22782499265085,17.9491494032094,17.8795726211097,17.8885438199983,0.755601616063626,0.712356596748312,0.24720122815296
"null",1000,633,10,0,100,94.0050631928125,-0.108150340414684,94.1132135332272,97.8786425984193,98.0904397815233,2.11797183103996,13.4397352176479,13.4159565343981,13.4164078649987,-0.288218431604239,-0.296454914571211,0.595423659094596
"null",1000,633,10,1,100,82.412546356067,-0.00453925948392953,82.417085615551,97.8081070803881,98.020364250542,2.12257170153849,13.4307331851064,13.4076572936083,13.4164078649987,-1.14629339382555,-1.16375876063221,0.870821077002482
"null",1000,633,25,0,40,28.4532880999243,0.113631610868725,28.3396564890556,37.9229268956306,38.0057310229723,2.07010318354329,8.76776046059041,8.76204065358264,8.76356092008266,-1.08005217960398,-1.10317617962254,0.869671724145237
"null",1000,633,25,1,40,31.7396437450669,0.0515159929950962,31.6881277520718,37.8963978769074,37.9791452827229,2.06868514538604,8.7616105287336,8.75606012266934,8.76356092008266,-0.702696623143598,-0.718475826172512,0.753065080416142
"null",1000,633,50,0,20,11.0851642764052,0.0970746458848521,10.9880896305204,17.9363265294993,17.9773071866503,2.0490328575508,6.25823971383203,6.25641526237789,6.26099033699941,-1.09474270184179,-1.11712814175853,0.890707762012943
"null",1000,633,50,1,20,9.87358126758485,0.0295530499692951,9.84402821761556,17.9369061956917,17.9775907807866,2.03422925474616,6.25380516332671,6.25201940753766,6.26099033699941,-1.28934700034971,-1.30094966649734,0.935954424704214
"null",1000,634,2,0,500,509.973110262043,1.84253115057844,508.130579111464,497.482664737786,498.740913082307,2.516496689043,22.7721959743297,22.360640033822,22.3606797749979,0.548495434447203,0.419919376858372,0.345511106631312
"null",1000,634,2,1,500,486.533594818738,1.88822533416448,484.645369484574,497.459998023795,498.729328865591,2.5386616835902,22.7718871960941,22.3606292427576,22.3606797749979,-0.479819837107365,-0.629855234757239,0.634947759368702
"null",1000,634,5,0,200,192.761091088469,0.809583927248377,191.95150716122,197.752058539562,198.20126445284,2.24602956639233,17.971157191525,17.8883725189639,17.8885438199983,-0.277720983568435,-0.34937539929888,0.591746427564759
"null",1000,634,5,1,200,194.4627481188,0.846779970028059,193.615968148772,197.750626312889,198.200062126763,2.24717906937026,17.9710528693549,17.8883507348044,17.8885438199983,-0.182954121719581,-0.256261409782852,0.557748709064408
"null",1000,634,10,0,100,105.90482794399,0.268004368462487,105.636823575528,97.8491518994727,98.063887235097,2.14735335624277,13.4434842450361,13.4159416269785,13.4164078649987,0.599225312254309,0.56447296440246,0.275101360283953
"null",1000,634,10,1,100,109.356681574016,0.317025478678624,109.039656095337,97.8411876334478,98.0567003752495,2.15512741801681,13.443421440745,13.4159174622658,13.4164078649987,0.856589521597977,0.81865110984609,0.203547372768345
"null",1000,634,25,0,40,36.1123975319954,0.180045894095071,35.9323516379003,37.8983077139507,37.9820682028613,2.09401222276564,8.76850180095225,8.76188170963825,8.76356092008266,-0.203673355208909,-0.233935658216691,0.556985085935502
"null",1000,634,25,1,40,33.4971468586597,0.247706523581014,33.2494403350787,37.8983586758029,37.9821156558577,2.09392450137075,8.76848541549187,8.76187376553625,8.76356092008266,-0.501935238367076,-0.540144202875232,0.677638806576447
"null",1000,634,50,0,20,6.73253484380187,0.0631583252586013,6.66937651854327,17.9199418991059,17.9612464655879,2.06522832410369,6.25853268066635,6.25635585134739,6.26099033699941,-1.78754472112349,-1.8048637602052,0.99219459753924
"null",1000,634,50,1,20,5.85722927004159,0.128093470855723,5.72913579918587,17.9145209829755,17.9559336623959,2.07063397102095,6.25852511744409,6.25635107521705,6.26099033699941,-1.92653883889148,-1.95430175132649,0.996741854570978
"null",1000,635,2,0,500,506.136553249614,4.04721628922064,502.089336960393,497.489833047237,498.744508859104,2.50935162373431,22.7082781974178,22.3606529191679,22.3606797749979,0.380773924258182,0.149585439807186,0.390689175727106
"null",1000,635,2,1,500,493.974720992519,2.40121539641618,491.573505596103,497.08424215841,498.353012129947,2.53753994307364,22.6809700229528,22.3517344029851,22.3606797749979,-0.137098244155506,-0.303310088229129,0.54250661366358
"null",1000,635,5,0,200,214.881133547487,1.62954733919024,213.251586208297,197.776603654181,198.220890666474,2.22143506146295,17.9582334529666,17.8883761755778,17.8885438199983,0.952461718359076,0.84024929900255,0.195277760600928
"null",1000,635,5,1,200,171.079939085968,1.25016280359931,169.829776282368,197.514037386631,197.960551891817,2.23257252593028,17.9336835013459,17.8686432991319,17.8885438199983,-1.47399157003518,-1.57430953981911,0.917059620500963
"null",1000,635,10,0,100,95.2825091807081,0.757895484149328,94.5246136965588,97.8574792345622,98.0713987650643,2.13919530502078,13.4392186348838,13.4159728026218,13.4164078649987,-0.191601172940987,-0.26437032339633,0.558898568503352
"null",1000,635,10,1,100,86.5811617379703,0.628595001507672,85.9525667364627,97.7279932090367,97.940715836624,2.12722627587294,13.419710111203,13.3980563223557,13.4164078649987,-0.83063131607894,-0.894767779126152,0.788588598594088
"null",1000,635,25,0,40,34.1420150788466,0.224683520867518,33.9173315579791,37.9269294429419,38.0095486173197,2.06547935944495,8.7675258383741,8.7619147247934,8.76356092008266,-0.43169697288251,-0.467045981143933,0.64848812279291
"null",1000,635,25,1,40,33.8145820349174,0.172149933073079,33.6424321018443,37.858524956654,37.941449325711,2.07310922642376,8.75407840855049,8.74888105757364,8.76356092008266,-0.461949588866687,-0.491379091289067,0.663365232273304
"null",1000,635,50,0,20,14.2660591215785,0.179441273153769,14.0866178484247,17.9501339404525,17.9908413723561,2.03537159518063,6.25830812128616,6.25647222321315,6.26099033699941,-0.58866945306567,-0.624029546466402,0.711589749760323
"null",1000,635,50,1,20,11.6185518362256,0.105601505655745,11.5129503305698,17.9165099315098,17.9572932041102,2.03916363001752,6.24892012156209,6.24722700331678,6.26099033699941,-1.00784743167911,-1.03155253844929,0.866292600883577
"null",1000,636,2,0,500,495.075421225342,-1.2984343105335,496.373855535876,497.435889721135,498.717567633371,2.56335582447133,22.5070749400068,22.3606571348939,22.3606797749979,-0.104876733297623,-0.104814097517624,0.528585370109474
"null",1000,636,2,1,500,493.410211436505,-1.34956195508599,494.759773391591,497.458585862204,498.727236282456,2.53730084050363,22.5065544611496,22.3606001123524,22.3606797749979,-0.179875352874986,-0.177430966563079,0.549635218825957
"null",1000,636,5,0,200,183.675630461172,-0.553528092793737,184.229158553966,197.715513497953,198.172091422305,2.28288962176201,17.9177151847455,17.8884123760625,17.8885438199983,-0.783575522437923,-0.779439369756331,0.759358680835256
"null",1000,636,5,1,200,175.77672348454,-0.496560770897676,176.273284255438,197.728075585342,198.181727115291,2.26825764974978,17.9174349490615,17.8882566368541,17.8885438199983,-1.22513921011617,-1.22473884988416,0.870272060008808
"null",1000,636,10,0,100,86.3265972896284,-0.309042465414902,86.6356397550433,97.8244852306523,98.0417531601096,2.17267929457336,13.4257565748017,13.4160395770615,13.4164078649987,-0.856405214630797,-0.850184835811626,0.794262073846044
"null",1000,636,10,1,100,88.4461186535648,-0.285599011388167,88.731717664953,97.8491585248816,98.0638474167618,2.14688891880169,13.4255751462323,13.4159001918239,13.4164078649987,-0.700382647960945,-0.695602204725416,0.744701764154513
"null",1000,636,25,0,40,48.1258435077338,-0.183593044761558,48.3094365524953,37.9026083224337,37.9862460270183,2.09094261461685,8.7644657743839,8.76216527937559,8.76356092008266,1.16644133806533,1.17815519296078,0.125709642694814
"null",1000,636,25,1,40,53.8164612925426,-0.185763234091379,54.002224526634,37.9044064913546,37.9879550465913,2.08871388091955,8.76436443573989,8.76207334536234,8.76356092008266,1.81554006772024,1.82768037299286,0.0460514142449993
"null",1000,636,50,0,20,22.9056210401798,-0.165039834136673,23.0706608743164,17.9409085692073,17.9818523627771,2.04718967849374,6.25801214870602,6.25729055102898,6.26099033699941,0.793336981935878,0.813260702861635,0.194242993618509
"null",1000,636,50,1,20,22.9516792111863,-0.135499678728863,23.0871788899151,17.9354980309962,17.9765452656002,2.0523617302043,6.25793456241166,6.25721670093226,6.26099033699941,0.801571369940464,0.816758291838197,0.192453824964131
"null",1000,637,2,0,500,499.908584257877,-2.37189428458572,502.280478542463,497.471577753799,498.735318957613,2.52748240762701,22.8551336666547,22.3606518777729,22.3606797749979,0.106628407412615,0.158544554256667,0.467514939483204
"null",1000,637,2,1,500,502.126601603505,-1.02163841192963,503.148240015435,497.087757708177,498.364770802382,2.55402618841046,22.8289295870025,22.3520462464529,22.3606797749979,0.220721864164713,0.214005874912313,0.43978726994035
"null",1000,637,5,0,200,168.921464983757,-0.776481321034079,169.697946304791,197.770338689226,198.215850508294,2.22755909534198,17.9879465740066,17.8883550727449,17.8885438199983,-1.60378915885578,-1.59421613041177,0.933925240618147
"null",1000,637,5,1,200,211.930202235012,-0.724134690464701,212.654336925477,197.490008753616,197.944901912263,2.27446579323617,17.9647281316543,17.8699042617256,17.8885438199983,0.803808071882345,0.823140112995358,0.236513614127546
"null",1000,637,10,0,100,84.0321139733195,-0.34424529497416,84.3763592682937,97.8491324393181,98.0638603889028,2.14727949584666,13.4490504697314,13.4159229290815,13.4164078649987,-1.0273601468814,-1.02024297493085,0.841647767306989
"null",1000,637,10,1,100,109.409011370873,-0.266459481681556,109.675470852554,97.699254092892,97.9156350968854,2.16381003993401,13.4302496653585,13.3989196597801,13.4164078649987,0.871894236499895,0.877670443160327,0.202566190386741
"null",1000,637,25,0,40,20.0806029006368,-0.193999609737808,20.2746025103746,37.9081683498169,37.9915163122295,2.08369906031435,8.76974940290663,8.76178153990617,8.76356092008266,-2.03284776224864,-2.02206751231607,0.992523070771894
"null",1000,637,25,1,40,42.4172504945907,-0.160753570357693,42.5780040649484,37.8411860381895,37.9248160904162,2.0907513056653,8.75634083941065,8.74888619101549,8.76356092008266,0.522600083793581,0.531860613218486,0.286326841124772
"null",1000,637,50,0,20,9.13365265867306,0.0172272905792159,9.11642536809384,17.9339116017793,17.9749250608647,2.05067295426879,6.25875222741681,6.25616785087849,6.26099033699941,-1.40607242839175,-1.41596259945725,0.956565747844934
"null",1000,637,50,1,20,18.0432937586146,0.00974760341113371,18.0335461552034,17.8981931257575,17.9392787858192,2.05428300308367,6.24858577906356,6.24620584532772,6.26099033699941,0.0232213556775122,0.0150919408867678,0.452803955016096
"null",1000,638,2,0,500,501.178001452497,8.11376483706468,493.064236615432,497.494740055062,498.746950048528,2.50441998693143,22.7816906621825,22.3606444965499,22.3606797749979,0.161676385306576,-0.254139071616339,0.451607751201035
"null",1000,638,2,1,500,472.057577867903,8.34646796371769,463.711109904185,497.325201074894,498.568065680373,2.48572921095808,22.7689172920556,22.3566552770729,22.3606797749979,-1.10974197336155,-1.5591310660828,0.792613121426913
"null",1000,638,5,0,200,175.587804518722,3.21996541284074,172.367839105881,197.785003518623,198.227627260606,2.21311870991419,17.97311332922,17.8883807721558,17.8885438199983,-1.2350224801517,-1.44561928125862,0.872431568113942
"null",1000,638,5,1,200,201.754757741662,2.80743120590801,198.947326535754,197.657911612133,198.103370304238,2.22729346052444,17.9622171749767,17.8796013150917,17.8885438199983,0.228081315887664,0.0472021840220454,0.412561479194203
"null",1000,638,10,0,100,90.1140041756015,1.64352788685177,88.4704762887498,97.8703034352496,98.0829318091145,2.12628373864892,13.4441628494856,13.4159549902612,13.4164078649987,-0.576926904745494,-0.716494317947737,0.702351907809742
"null",1000,638,10,1,100,99.0543348120402,1.4313214581285,97.6230133539117,97.7984117189114,98.011996354963,2.13584636051641,13.4355169297509,13.408067941643,13.4164078649987,0.0934778393489109,-0.0290111150051086,0.451195692754801
"null",1000,638,25,0,40,37.0498804806094,0.683495177246385,36.366385303363,37.9196741075615,38.0025823685003,2.07270652347072,8.7686593358842,8.7618937790045,8.76356092008266,-0.0991934563351789,-0.186740116509744,0.513235276273026
"null",1000,638,25,1,40,36.3731301626978,0.610537603382679,35.7625925593151,37.885054437632,37.9682277919452,2.07933385783091,8.76245608192065,8.7558871287466,8.76356092008266,-0.172545717867127,-0.251903113893363,0.544788592178558
"null",1000,638,50,0,20,20.7660239846074,0.367029066706604,20.3989949179008,17.9392372296315,17.9801514646276,2.04571174980513,6.25846921910318,6.25628097051029,6.26099033699941,0.451673828856982,0.386626410270686,0.29138135951358
"null",1000,638,50,1,20,25.8971039152449,0.324164627554487,25.5729392876904,17.9257821736103,17.9666980034417,2.04579149156784,6.25426442081669,6.25213667915271,6.26099033699941,1.27454184941442,1.21658269397903,0.102133997904532
"null",1000,639,2,0,500,540.961451129118,1.65814098206492,539.303310147053,497.457761709987,498.728500945056,2.54147847013883,22.5438852335916,22.3606525551139,22.3606797749979,1.9297334495967,1.81456283988086,0.0893161935726849
"null",1000,639,2,1,500,529.62836290724,1.09489096309636,528.533471944144,497.389332462671,498.675763040043,2.57286115474452,22.541091628691,22.3600428711804,22.3606797749979,1.43023376931461,1.33531536930027,0.157994116907677
"null",1000,639,5,0,200,216.757610279668,0.601147222526057,216.156463057142,197.767454415868,198.213617701957,2.23081643044469,17.925106216086,17.888398411771,17.8885438199983,1.05941664361011,1.00304370140698,0.171657438266513
"null",1000,639,5,1,200,194.600162600183,0.468464500710411,194.131698099472,197.692499966768,198.148851578019,2.28175805625696,17.9226892966349,17.8865832457482,17.8885438199983,-0.172537575996777,-0.224590321323749,0.554989855163186
"null",1000,639,10,0,100,121.450382189752,0.364437219703065,121.085944970049,97.8563625807337,98.0704475960984,2.14085015364723,13.4282350795416,13.4160440678745,13.4164078649987,1.75704546943509,1.71552040657515,0.0543349171315376
"null",1000,639,10,1,100,101.161791167768,0.219973463863594,100.941817703905,97.8031539969524,98.0211524577024,2.17998460749995,13.4262680970487,13.4142872296329,13.4164078649987,0.250154186296514,0.217727949029642,0.393205561547749
"null",1000,639,25,0,40,39.0251088395048,0.0380772721237213,38.9870315673811,37.903986616679,37.9875708674674,2.08960626970966,8.76506974754611,8.76217115118414,8.76356092008266,0.12790796366904,0.114065416284246,0.423501455446498
"null",1000,639,25,1,40,29.7556748666891,0.0597916862381158,29.6958831804509,37.880842929893,37.9651206255221,2.10694239072797,8.76377934571911,8.76093169611155,8.76356092008266,-0.927130606862315,-0.943876488472274,0.827991752509992
"null",1000,639,50,0,20,17.4028051007586,0.108621805260349,17.2941832954982,17.927176232042,17.9683819357696,2.06028518637883,6.25799976429202,6.25708866684722,6.26099033699941,-0.0837921302387214,-0.107749574309785,0.495594294079585
"null",1000,639,50,1,20,15.6862167939768,0.041621120844615,15.6445956731321,17.9155021151609,17.9568861135041,2.06919991715999,6.25713425739567,6.25623606299344,6.26099033699941,-0.356278965654162,-0.369597696936263,0.614435959494518
"null",1000,640,2,0,500,509.26557339362,2.53821541357921,506.727357980041,497.467337513765,498.733254435609,2.53183384368667,22.5902095668945,22.3606497073933,22.3606797749979,0.522272086273372,0.357507659618179,0.353684001647692
"null",1000,640,2,1,500,487.751628660582,2.32207721337733,485.429551447205,497.442929850205,498.717631296878,2.54940289334579,22.5893876512069,22.3605350263987,22.3606797749979,-0.429020092941972,-0.594264843573082,0.620130725352925
"null",1000,640,5,0,200,232.670930518905,1.04095673570535,231.6299737832,197.745209956126,198.195836834026,2.25313438949921,17.9344255024593,17.8884011701222,17.8885438199983,1.94741228582928,1.86903997910203,0.0461970600291372
"null",1000,640,5,1,200,223.174315367637,1.00359775424493,222.170717613392,197.743078239854,198.193110365958,2.25016063052005,17.9338322735264,17.8880195615073,17.8885438199983,1.41805927143212,1.34042827742823,0.105966765743768
"null",1000,640,10,0,100,134.759399888718,0.509574820455494,134.249825068263,97.8304073576791,98.0470708832263,2.16663525547182,13.4312983969125,13.4160181989861,13.4164078649987,2.74947301740599,2.69847235208526,0.00817748588189636
"null",1000,640,10,1,100,119.408122977962,0.525862918051372,118.882260059911,97.8499425659568,98.0643663548732,2.14423788916362,13.4308726876055,13.4156635213412,13.4164078649987,1.60512134344777,1.55176027424369,0.0698414205864992
"null",1000,640,25,0,40,55.4619962122857,0.187549623475591,55.2744465888101,37.8935875026762,37.9775993966727,2.10029734991176,8.76588198673767,8.76223062863253,8.76356092008266,2.00418038209841,1.97402327389285,0.0334084566765248
"null",1000,640,25,1,40,45.793581602357,0.202869621571736,45.5907119807852,37.8955086508565,37.9794004641053,2.09729533122052,8.76563438324378,8.76200053666864,8.76356092008266,0.901026965783365,0.868672797362529,0.180195723104749
"null",1000,640,50,0,20,24.806667425939,-0.0188681270436528,24.8255355529827,17.927402544316,17.9685950786743,2.05962671791659,6.25810879064267,6.25694874030852,6.26099033699941,1.09925619891894,1.09589206479104,0.130334922259062
"null",1000,640,50,1,20,25.4044353110589,0.00456660796018144,25.3998687030987,17.9231957904083,17.9644618067892,2.06330081904459,6.25793852397944,6.2567843773383,6.26099033699941,1.19547986800824,1.18837512177025,0.114175363668026
"null",1000,641,2,0,500,522.657768332387,2.17996754584247,520.477800786544,497.479515655551,498.739418350503,2.5198053899041,22.5684285320647,22.3606575181997,22.3606797749979,1.11564049047824,0.972170984612056,0.214817448906632
"null",1000,641,2,1,500,486.030127617696,2.37401978494485,483.656107832751,497.097165672737,498.357956133314,2.52158092115463,22.546498492459,22.3533955926177,22.3606797749979,-0.490853959373862,-0.657700895581957,0.641022500962421
"null",1000,641,5,0,200,176.321960772405,0.896521876387968,175.425438896017,197.773353210747,198.218348651889,2.22497720571102,17.9300513054689,17.8884040547462,17.8885438199983,-1.19639325470303,-1.27417234573394,0.863907172932111
"null",1000,641,5,1,200,203.770828312949,0.836807760621376,202.934020552328,197.529004118753,197.972945841276,2.21970861261708,17.9075161486896,17.8692694743522,17.8885438199983,0.34855890355589,0.277631646787378,0.374236516765262
"null",1000,641,10,0,100,100.358094587742,0.44879312986322,99.9093014578784,97.8742282645316,98.0864959807276,2.12267716196045,13.4298391441694,13.4160064672631,13.4164078649987,0.184951308541056,0.135867963510503,0.415019848247158
"null",1000,641,10,1,100,92.1195404888677,0.516779790582882,91.6027606982848,97.712511154586,97.9273597638926,2.14848609306572,13.4116499645427,13.3989363338668,13.4164078649987,-0.417023310368583,-0.472022473128846,0.648345218333027
"null",1000,641,25,0,40,31.5042613342895,0.199643491400586,31.304617842889,37.9233078711663,38.0060831896071,2.0693829610179,8.76526419522432,8.76197430660647,8.76356092008266,-0.732327787720781,-0.764835083077706,0.762593620466992
"null",1000,641,25,1,40,49.012589378852,0.204519549375998,48.808069829476,37.8491634351632,37.9324955301297,2.08330237416235,8.75209460298644,8.74909157362111,8.76356092008266,1.27551477104458,1.24305183090512,0.108733218689776
"null",1000,641,50,0,20,13.5911376287854,0.0522865358087269,13.5388510929767,17.9368101267427,17.9778021563627,2.04960148100128,6.25779219461031,6.25675617967143,6.26099033699941,-0.694441803564544,-0.709465246193942,0.755328983073352
"null",1000,641,50,1,20,19.6423799195781,0.13369544234619,19.5086844772319,17.9098398072866,17.9507502281085,2.04552104109616,6.24808089384311,6.24714792473049,6.26099033699941,0.277291562277748,0.249383281442083,0.35330896658706
"null",1000,642,2,0,500,523.495241640945,7.63813422397264,515.857107416972,497.522425815742,498.760835651505,2.47681967152673,22.577224530606,22.3606495751473,22.3606797749979,1.1503989691024,0.764569549198965,0.20739401169988
"null",1000,642,2,1,500,489.955065546287,6.86114552995187,483.093920016335,496.917310065148,498.182680271848,2.53074041339968,22.5495110546189,22.3511373798985,22.3606797749979,-0.308753679935554,-0.675077961315866,0.59295171035781
"null",1000,642,5,0,200,183.326517125403,3.23530129493747,180.091215830465,197.766551065142,198.212914753823,2.23181844340824,17.9318052992992,17.8884024265096,17.8885438199983,-0.805274968064904,-1.01304177373062,0.765066319049865
"null",1000,642,5,1,200,177.656748414318,2.65758905636249,174.999159357955,197.407626060004,197.850813550532,2.21593745263944,17.8990067648478,17.8600013136315,17.8885438199983,-1.10346221470094,-1.27948782260924,0.847496117776237
"null",1000,642,10,0,100,100.731479037984,1.72039658930029,99.0110824486837,97.864973136479,98.0781886965137,2.13215560034746,13.4304511200558,13.416030206136,13.4164078649987,0.213433329668613,0.0695357522185175,0.404833871540956
"null",1000,642,10,1,100,80.9831990631219,1.52653659713789,79.456662465984,97.6759435639384,97.8868692450755,2.1092568113717,13.4025265342126,13.3895033120755,13.4164078649987,-1.24549236729395,-1.37646680011424,0.893541937591903
"null",1000,642,25,0,40,33.8165306196385,0.688916694117084,33.1276139255214,37.9382672649356,38.0204797504713,2.05531213839227,8.76562695334961,8.76217201282715,8.76356092008266,-0.470215840490694,-0.558407871676927,0.663277137273717
"null",1000,642,25,1,40,33.4447069333499,0.537287314031506,32.9074196193184,37.8409325330533,37.9234383440429,2.0626452747401,8.74601497682903,8.74293596235813,8.76356092008266,-0.502654707469677,-0.573722459631468,0.679981148422149
"null",1000,642,50,0,20,24.8130154279728,0.275282004996182,24.5377334229766,17.9576525075708,17.9982514877156,2.02994900724107,6.25822326018507,6.25712729044325,6.26099033699941,1.09541680368226,1.04512528381018,0.130154017546746
"null",1000,642,50,1,20,21.3018363437595,0.222981090317826,21.0788552534416,17.9057181642534,17.9464085311312,2.03451834389334,6.24342746449067,6.24247666890795,6.26099033699941,0.543950930610061,0.501795503363636,0.264459429850547
"null",1000,643,2,0,500,467.652983094971,6.9958886325038,460.657094462467,497.526176964583,498.762716451994,2.47307897482138,22.6317922916953,22.3606581205678,22.3606797749979,-1.3199658906632,-1.7041368721825,0.831624321605496
"null",1000,643,2,1,500,492.308462525758,5.84983035948715,486.458632166271,497.098763353958,498.367031260628,2.5365358133406,22.6090810370227,22.3526628322892,22.3606797749979,-0.211875078883357,-0.532750803951409,0.563515568425981
"null",1000,643,5,0,200,190.988070205954,2.63532833203772,188.352741873916,197.786560566011,198.228906571998,2.21173002993682,17.9428055481798,17.8883979837801,17.8885438199983,-0.378897845256245,-0.552098891529427,0.626652796382784
"null",1000,643,5,1,200,206.887013768625,2.11192686545254,204.775086903172,197.514513762351,197.964268344048,2.24877290848803,17.9215150909406,17.8703521902856,17.8885438199983,0.522974757363656,0.381123913317499,0.31794135336956
"null",1000,643,10,0,100,100.397257162132,1.36508266950478,99.0321744926276,97.8749823102985,98.0871836846781,2.12201374379549,13.4341208682776,13.4160176379697,13.4164078649987,0.187751388912229,0.0704375048878186,0.413947490504897
"null",1000,643,10,1,100,106.976028489779,0.868492915847407,106.107535573931,97.7245010431012,97.9382126164251,2.13711573323944,13.4158635339227,13.3989451882256,13.4164078649987,0.689596120539273,0.609698960831997,0.251478836837412
"null",1000,643,25,0,40,40.7298894318718,0.498330586152541,40.2315588457192,37.9361840102324,38.0184676166767,2.05709016110672,8.76642689982732,8.76209900154253,8.76356092008266,0.318682338147873,0.252575464926037,0.351207829163991
"null",1000,643,25,1,40,43.1497376397525,0.380174609275445,42.769563030477,37.8590085837557,37.9420356733457,2.07567723974928,8.75358918580661,8.74955053204675,8.76356092008266,0.604406826010901,0.551745754190418,0.260533393165402
"null",1000,643,50,0,20,20.3644306567316,0.219024369328648,20.1454062874029,17.9476133908476,17.9884002432682,2.03934262102864,6.2583211013284,6.25692475843747,6.26099033699941,0.386176616180812,0.34473900956313,0.312680520175054
"null",1000,643,50,1,20,22.0056752443813,0.241856152449197,21.7638190919321,17.916983113431,17.9577804350474,2.03986608082043,6.24891716644245,6.24761164417843,6.26099033699941,0.65430410134208,0.609198982531367,0.231733267975692
"null",1000,644,2,0,500,482.883373612647,2.1004852812036,480.782888331443,497.448266002847,498.723757520012,2.55098303432939,22.5100402315471,22.3606563197387,22.3606797749979,-0.647039820470331,-0.802340903237765,0.67822560303899
"null",1000,644,2,1,500,501.337818249675,1.56220726816817,499.775610981507,497.04680223559,498.321606207306,2.5496079434311,22.4900583094175,22.353686271416,22.3606797749979,0.190796126672924,0.0650454138322856,0.449611932328828
"null",1000,644,5,0,200,194.060376630162,0.901174971835879,193.159201658326,197.751338202044,198.200751506758,2.24706652357033,17.918317978764,17.8884126194038,17.8885438199983,-0.205988172341645,-0.281833271386158,0.56581796147826
"null",1000,644,5,1,200,177.071821520542,1.10794123832573,175.963880282216,197.480583023589,197.930587988285,2.2500248234772,17.8952379306672,17.8681380328253,17.8885438199983,-1.14045767830073,-1.22937866641248,0.854832486170305
"null",1000,644,10,0,100,97.4403957423697,0.463498231148186,96.9768975112215,97.8519852082318,98.0665097372152,2.14524528983365,13.4259726192245,13.4160491155475,13.4164078649987,-0.0306562122190547,-0.0812170719270097,0.496961367783028
"null",1000,644,10,1,100,90.6967578103988,0.372665836288187,90.3240919741106,97.6914863033755,97.9067928725382,2.15306569162669,13.405994103294,13.3969699774649,13.4164078649987,-0.521761268808709,-0.566001186177359,0.686966017352977
"null",1000,644,25,0,40,26.1701701330188,0.368263383328566,25.8019067496902,37.9245358912958,38.0073070771281,2.06927964580819,8.7645750699079,8.76222297341438,8.76356092008266,-1.34112214962186,-1.39295705718407,0.926733383429197
"null",1000,644,25,1,40,28.1444474418035,0.251299242649253,27.8931481991543,37.8353098105528,37.9190081564194,2.09245864666601,8.75026523326941,8.74812680477804,8.76356092008266,-1.10749355709855,-1.146057913997,0.878597350692411
"null",1000,644,50,0,20,10.5903508375267,0.261312598481732,10.329038239045,17.9480624777677,17.9888554061588,2.03964641955895,6.25788804864958,6.25716561255841,6.26099033699941,-1.17574996277358,-1.22416724143281,0.91092523491994
"null",1000,644,50,1,20,11.9978021171352,0.0930486261729004,11.9047534909623,17.8872380231493,17.9285530149966,2.06574959236302,6.24707438841232,6.24643522385916,6.26099033699941,-0.942751044703165,-0.964357959084487,0.847350947400031
"null",1000,645,2,0,500,538.24946948694,-1.27664250382632,539.526111990766,497.472451534146,498.735796779439,2.52669049058577,22.55229719864,22.3606451356697,22.3606797749979,1.80810928455006,1.82420117862601,0.103201932185272
"null",1000,645,2,1,500,491.72807917714,-1.80782191432574,493.535901091466,497.174738591206,498.448405412781,2.54733364315052,22.5473467407908,22.3570594923808,22.3606797749979,-0.241565425709825,-0.219729447112213,0.570805575654342
"null",1000,645,5,0,200,206.532802974126,-0.580480831536629,207.113283805662,197.723978450988,198.178792532318,2.27407040664569,17.9267571222181,17.8883731454355,17.8885438199983,0.491378583593342,0.499458011117385,0.324133491781303
"null",1000,645,5,1,200,188.266299105288,-0.581209508485598,188.847508613774,197.551295587812,198.004920390764,2.26812401476227,17.9141925787067,17.87510541794,17.8885438199983,-0.518303933695556,-0.512299735463359,0.678583566450184
"null",1000,645,10,0,100,106.921113608086,-0.306194315745095,107.227307923832,97.8051895599043,98.0243376548094,2.19148094905087,13.4286918516371,13.4159664934197,13.4164078649987,0.678839320232883,0.685971470898951,0.252659493454937
"null",1000,645,10,1,100,94.4229132790275,-0.323500948209115,94.7464142272366,97.7204653316997,97.9379909818478,2.17525650148077,13.4165547101647,13.4034340589781,13.4164078649987,-0.245782328169088,-0.238116346942696,0.583515183598953
"null",1000,645,25,0,40,43.6137182267331,-0.0396046167225824,43.6533228434557,37.8723494607151,37.9571633349941,2.12034685697278,8.76498422725833,8.76196977898115,8.76356092008266,0.655034694547741,0.650100337269591,0.244978017134753
"null",1000,645,25,1,40,51.7049718150789,-0.116469523972261,51.8214413390511,37.8438907052251,37.9281229028751,2.10580494125203,8.75593746959804,8.75280288601291,8.76356092008266,1.58304934885403,1.58729936194241,0.0681790832557584
"null",1000,645,50,0,20,16.5646491124325,-0.0879114697108532,16.6525605821433,17.9059465790658,17.9475440722045,2.07987465693886,6.25749331723165,6.25656491866396,6.26099033699941,-0.214350603130434,-0.206979949364566,0.55320285168611
"null",1000,645,50,1,20,20.9241165471841,-0.00766323063514617,20.9317797778192,17.892911077448,17.9343066413313,2.06977819416765,6.25040642959815,6.2494203244355,6.26099033699941,0.484961338735053,0.479640187549499,0.283258739296359
"null",1000,646,2,0,500,472.288548219737,0.645167944702746,471.643380275034,497.485505840891,498.742320442784,2.5136292037862,22.6640061822377,22.3606457665652,22.3606797749979,-1.11176097546699,-1.21190328985356,0.790437109024649
"null",1000,646,2,1,500,525.217526262229,1.52672688999825,523.690799372231,496.614057178177,497.856352937824,2.4845915192939,22.6147939128109,22.3420816460956,22.3606797749979,1.26481228147955,1.15631331241338,0.192636111189833
"null",1000,646,5,0,200,194.740615741356,0.304167359223654,194.436448382132,197.796546996394,198.236859585507,2.20156294556466,17.949281036131,17.8883782348472,17.8885438199983,-0.170253685865575,-0.212451411384605,0.552168586026338
"null",1000,646,5,1,200,206.364768583093,1.19978765406101,205.164980929032,197.236908242688,197.677956602544,2.20524179927927,17.89864507036,17.8452280868195,17.8885438199983,0.509974934109411,0.419553299630707,0.327090712195004
"null",1000,646,10,0,100,95.0716966457442,0.123345600654485,94.9483510450897,97.8854956600228,98.0966013419737,2.11105681950874,13.4361815541223,13.4159495811312,13.4164078649987,-0.209419544008418,-0.234664738253924,0.564946786103519
"null",1000,646,10,1,100,98.6310302803633,0.233375477204902,98.3976548031584,97.5648831847789,97.7778090498194,2.12925865040581,13.3955139177896,13.3777484882176,13.4164078649987,0.0795898613616134,0.0463340863288673,0.463113062245725
"null",1000,646,25,0,40,34.0059136407385,-0.0451753043947669,34.0510889451333,37.9258709736622,38.0085110714637,2.06600244503624,8.76660938478019,8.76178671147595,8.76356092008266,-0.44714634368553,-0.451668393290956,0.654689490236824
"null",1000,646,25,1,40,42.9712252739906,0.219844701152569,42.7513805728381,37.7858388121609,37.8689249178585,2.07715264244045,8.73842086029262,8.73418759390684,8.76356092008266,0.593400860948706,0.559005128122699,0.26668106628238
"null",1000,646,50,0,20,12.5314434865084,-0.103260164275719,12.6347036507841,17.9520253759482,17.9926775662165,2.03260951341694,6.25771896765817,6.25618821133725,6.26099033699941,-0.866223286385195,-0.856427865408989,0.818622704274313
"null",1000,646,50,1,20,11.8985810605614,0.162727381536511,11.7358536790249,17.8833514983613,17.9240756413437,2.03620714911565,6.23738900708272,6.23605038102132,6.26099033699941,-0.959499308284942,-0.992330334782399,0.852429139047599
"null",1000,647,2,0,500,501.857476887398,-2.47311739150408,504.330594278902,497.445916303198,498.722552057061,2.55327150772775,22.6451669160249,22.3606397348464,22.3606797749979,0.194812456033528,0.250799721669,0.443134333221813
"null",1000,647,2,1,500,485.15824792591,-2.51756197770097,487.675809903611,497.47504023662,498.736956170095,2.52383186694971,22.6453192502693,22.3606340250292,22.3606797749979,-0.543900140006373,-0.494670511314802,0.651467601640368
"null",1000,647,5,0,200,191.187995945787,-0.990637620707948,192.178633566495,197.733641177969,198.186570484125,2.26464653078118,17.9454980795156,17.8883949734925,17.8885438199983,-0.364751382390101,-0.335856678395865,0.622751834282445
"null",1000,647,5,1,200,196.617242527142,-1.02077929637769,197.638021823519,197.773753712018,198.218619686226,2.22432987104015,17.94554696472,17.8883791992989,17.8885438199983,-0.0644455801291671,-0.032456705900425,0.514406546611922
"null",1000,647,10,0,100,85.496685616365,-0.473620046190021,85.9703056625551,97.8289938482432,98.0458017846055,2.1680793636226,13.4350186451646,13.4160232808067,13.4164078649987,-0.91792267339478,-0.900080140687137,0.812194378699997
"null",1000,647,10,1,100,92.7875375299469,-0.481997275497146,93.269534805444,97.8322749502052,98.048745310196,2.16470359990839,13.4350280732327,13.4160112709781,13.4164078649987,-0.375491394045481,-0.356231849259888,0.629782028607187
"null",1000,647,25,0,40,27.2720558199606,-0.230078276367637,27.5021340963282,37.8866856502596,37.9709490711382,2.10658552196496,8.76664452359454,8.76209563263521,8.76356092008266,-1.21079733548347,-1.19478437736036,0.901770218582887
"null",1000,647,25,1,40,29.3453261717733,-0.249369534043581,29.5946957058169,37.8975355716997,37.9813632548776,2.09569207944644,8.7666408403504,8.76208632948887,8.76356092008266,-0.975540067817421,-0.957154179231866,0.841813822372499
"null",1000,647,50,0,20,14.5161105787553,-0.0851140413022593,14.6012246200576,17.9198022465498,17.9611469041059,2.06723287780618,6.25841150701892,6.25694619177398,6.26099033699941,-0.543858719417408,-0.536990758920963,0.694880281184057
"null",1000,647,50,1,20,14.6476685676138,-0.0882214505892033,14.735890018203,17.9219844906023,17.9632851758593,2.06503426285131,6.25840752736157,6.25694115741798,6.26099033699941,-0.523186754565487,-0.515810373864561,0.68600036124231
"null",1000,648,2,0,500,505.621062155023,-6.17342827384223,511.794490428865,497.456753751958,498.728017255128,2.54252700633994,22.6151907799298,22.3606521035352,22.3606797749979,0.361009928349132,0.584351167990798,0.396907054648234
"null",1000,648,2,1,500,523.110050820157,-6.05628715614003,529.166337976297,497.461762535156,498.729326093764,2.53512711721583,22.6147009637595,22.3606091109622,22.3606797749979,1.13414226993772,1.36118885364404,0.210788391321893
"null",1000,648,5,0,200,193.281044188737,-2.45105782300851,195.732102011745,197.739842816957,198.191535261101,2.25846222072073,17.9394510734395,17.8883965478995,17.8885438199983,-0.24854710492353,-0.137487630194844,0.581397789441193
"null",1000,648,5,1,200,182.043530527345,-2.40664244622136,184.450172973566,197.768730990761,198.214300175478,2.22784592358466,17.9391908052308,17.8882668957652,17.8885438199983,-0.876583600350105,-0.7694500133588,0.785444997706326
"null",1000,648,10,0,100,96.6832556563238,-1.28881310250758,97.9720687588314,97.8430716862401,98.0584768715313,2.154051852912,13.4330072689492,13.4160298894912,13.4164078649987,-0.0863407580071225,-0.00644066191053801,0.51865655283517
"null",1000,648,10,1,100,96.1772979128645,-1.29791126541471,97.4752091782792,97.8449007799716,98.0600195960684,2.15118816096773,13.4328195370403,13.4159003177631,13.4164078649987,-0.124143919488291,-0.0435908439938853,0.533190617038825
"null",1000,648,25,0,40,45.439550903869,-0.533841378959849,45.9733922828289,37.8999321908165,37.9836642561785,2.09330163405013,8.76614876954636,8.76208868687259,8.76356092008266,0.860083362861151,0.911851992393169,0.18978599009074
"null",1000,648,25,1,40,43.197766537688,-0.460985801188303,43.6587523388763,37.9007898686169,37.9844689529361,2.09197710798215,8.76603374372846,8.76198897061427,8.76356092008266,0.604261496581717,0.647602205956942,0.258894741279084
"null",1000,648,50,0,20,23.667360973791,-0.150120464320964,23.8174814381119,17.927251842761,17.9684490415674,2.05985994032153,6.25826552314237,6.25697081117032,6.26099033699941,0.91720447299714,0.934802570295272,0.166230399894525
"null",1000,648,50,1,20,22.8219402972956,-0.144451535572435,22.966391832868,17.9285177332963,17.9696854010932,2.05838338984517,6.25819725267392,6.25690580938049,6.26099033699941,0.781922072192359,0.798590642723706,0.197525559345832
"null",1000,649,2,0,500,490.053527525323,-6.89754988893308,496.951077414256,497.496904091905,498.747981474622,2.50215476543418,22.7649823179437,22.360636210991,22.3606797749979,-0.32696605965359,-0.0803601491214489,0.59172753501751
"null",1000,649,2,1,500,480.979090136245,-6.45044147631415,487.42953161256,497.402750586974,498.67123372315,2.53696627235258,22.7589335878473,22.3594054404427,22.3606797749979,-0.721635765020998,-0.502772855053512,0.70000370717837
"null",1000,649,5,0,200,204.683676672094,-2.88622471433015,207.569901386424,197.761343400821,198.208705259083,2.23680929130704,17.969742468013,17.8883790281697,17.8885438199983,0.385221618150328,0.52331159310745,0.357340319338757
"null",1000,649,5,1,200,194.247996882593,-2.57178792643202,196.819784809025,197.692302907115,198.14601038245,2.26853737667353,17.9655194117918,17.8854941253362,17.8885438199983,-0.19171758664887,-0.0741509048691105,0.562057193293035
"null",1000,649,10,0,100,97.2866885772349,-1.50034465787899,98.7870332351139,97.8585678764909,98.0723523443769,2.13784467885997,13.4429729826469,13.4159273940627,13.4164078649987,-0.0425411328278543,0.0532710762174551,0.501357941778346
"null",1000,649,10,1,100,78.0698744648341,-1.33898606944158,79.4088605342756,97.8199092764216,98.0353539779028,2.15444701481182,13.4396846533884,13.4131396787374,13.4164078649987,-1.46953111780105,-1.38867512676051,0.931221093039418
"null",1000,649,25,0,40,37.2919498263106,-0.602482474754621,37.8944323010652,37.9125120228466,37.9956815428189,2.07923799930616,8.76827088139895,8.76175981244741,8.76356092008266,-0.0707736114599848,-0.0115558111522082,0.502012192527764
"null",1000,649,25,1,40,26.5212128179038,-0.542176754513582,27.0633895724174,37.8874122959406,37.9712151267803,2.0950707709917,8.76614690698102,8.75977255443536,8.76356092008266,-1.29660152843038,-1.24521789653544,0.919297293499582
"null",1000,649,50,0,20,17.3190004792345,-0.36142240339808,17.6804228826326,17.9371494615537,17.9781132757747,2.04819071105354,6.25852828681042,6.25640587991412,6.26099033699941,-0.09876906422583,-0.0475816944833877,0.501285189540027
"null",1000,649,50,1,20,13.7278902448012,-0.272746623321262,14.0006368681225,17.9384638440781,17.9793133857793,2.04247708505878,6.25712211622217,6.2550417213383,6.26099033699941,-0.672924951929678,-0.63607513665082,0.746649590477905
"null",1000,650,2,0,500,512.961402485341,-5.70025100177029,518.661653487111,497.412001492123,498.705554452917,2.58710592158837,22.7277586975333,22.3606394183159,22.3606797749979,0.684159014540467,0.892465490850306,0.311897849920381
"null",1000,650,2,1,500,529.361053500925,-5.64660889061178,535.007662391536,497.359359018734,498.636592466702,2.55446689593704,22.727992265115,22.3590001781557,22.3606797749979,1.40802997945885,1.62668588197284,0.159964116898441
"null",1000,650,5,0,200,201.742709716033,-2.28402819737047,204.026737913404,197.73386612967,198.186710630892,2.26422250610588,17.9621700947704,17.8883746485107,17.8885438199983,0.223182586803925,0.32647053727704,0.412794211714491
"null",1000,650,5,1,200,225.804493254782,-2.1742603093274,227.978753564109,197.674806233438,198.128366019989,2.2677989327561,17.9589075831715,17.8841169370237,17.8885438199983,1.56633619784886,1.66910044534119,0.0853677892308302
"null",1000,650,10,0,100,102.142092423227,-1.11273399694048,103.254826420167,97.8269669500271,98.0439333913962,2.16966441369024,13.4404964433056,13.4159558231544,13.4164078649987,0.321054024410588,0.38841012131074,0.367202316776705
"null",1000,650,10,1,100,119.77805857891,-1.13199336579132,120.910051944701,97.8030596642489,98.0193076074241,2.16247943175243,13.4369999184736,13.412048453722,13.4164078649987,1.63540961881298,1.70672991648226,0.0667910967009837
"null",1000,650,25,0,40,44.1962974647265,-0.486981629530304,44.6832790942569,37.876779076709,37.9614172146607,2.11595344879262,8.76786344875344,8.76197267589199,8.76356092008266,0.72075921630783,0.767163072545406,0.226321171093863
"null",1000,650,25,1,40,41.1877601286744,-0.518069642038615,41.7058297707131,37.8825106907723,37.9663464855498,2.09589486943672,8.76490354928229,8.75890842011702,8.76356092008266,0.377100491673152,0.426934853728416,0.332886200282085
"null",1000,650,50,0,20,25.3709881255537,-0.260912919189303,25.631901044743,17.9190309957052,17.9603751490572,2.06720766760138,6.25860170700568,6.25668602565735,6.26099033699941,1.19067444753786,1.22613247080426,0.11503375722058
"null",1000,650,50,1,20,21.5200542688338,-0.252771144233815,21.7728254130676,17.9202970763581,17.9614678447297,2.05853841858026,6.25633913105732,6.25439689573999,6.26099033699941,0.575377567786574,0.609388504099242,0.253991574926627
