"scen","n","rep","m","oracle","G","HL","C","EF","mu","muEF","d","sdHL","sdEF","sdEF_simple","zHL","zEF","pHL_chisq"
"null",4000,251,2,0,2000,1966.00749345449,2.9465645699209,1963.06092888457,1997.46721436566,1998.73350878735,2.53258884338345,45.2362664783391,44.7213563145598,44.7213595499958,-0.695453523473962,-0.797663193662276,0.690851448050555
"null",4000,251,2,1,2000,2039.55928477898,2.44744376294683,2037.11184101604,1996.90413711088,1998.16811160157,2.52794898137765,45.2184986072372,44.7162140660898,44.7213595499958,0.943311896279393,0.870908466376556,0.253516949309334
"null",4000,251,5,0,800,781.159441959406,1.15515614496213,780.004285814443,797.761170546789,798.208848463839,2.23838958525057,35.8804838862756,35.7770685970522,35.7770876399966,-0.462695225627487,-0.508833265643681,0.65829910562678
"null",4000,251,5,1,800,804.945351190359,1.09452331026978,803.850827880089,797.403478389696,797.847802015619,2.22161812961792,35.8630592202928,35.7628120511409,35.7770876399966,0.210296415437858,0.167856651090117,0.424644423690553
"null",4000,251,10,0,400,379.481550498213,0.5895953765739,378.891955121639,397.854425800937,398.068906518147,2.14480717209746,26.8672555069667,26.8327651159282,26.8328157299975,-0.68383893166758,-0.714684130154146,0.739923466974755
"null",4000,251,10,1,400,374.476522334158,0.613611939114876,373.862910395043,397.660220378416,397.87322541748,2.13005039063366,26.8531103223454,26.8196745450242,26.8328157299975,-0.863352429791585,-0.89525005167862,0.795891082453542
"null",4000,251,25,0,160,156.541652306565,0.269246728853095,156.272405577712,157.92170718602,158.004767898443,2.07651781057807,17.5353671989879,17.526928629403,17.5271218401653,-0.0787012250040005,-0.0988400396533435,0.517846336842273
"null",4000,251,25,1,160,158.949165900322,0.29160659353729,158.657559306785,157.828759627127,157.9120216583,2.08155077933859,17.5257163093359,17.5175354849697,17.5271218401653,0.0639292713301885,0.0425595055379955,0.463832198282076
"null",4000,251,50,0,80,80.7586405136312,0.144350684403353,80.6142898292279,77.9381098590103,77.9792804689874,2.05853049885238,12.524394446212,12.5214565982791,12.5219806739988,0.225202956257415,0.210439523513794,0.392976319971261
"null",4000,251,50,1,80,86.8070482246912,0.145004395360504,86.6620438293307,77.8891038817231,77.9303569775761,2.06265479264644,12.5173632592245,12.5145164857035,12.5219806739988,0.712445916786516,0.69772466732771,0.23173794442108
"null",4000,252,2,0,2000,1955.60864712765,-7.59812369520117,1963.20677082285,1997.47829133818,1998.73905137202,2.52152006768048,45.1201452332084,44.7213563178438,44.7213595499958,-0.92795898581704,-0.794526004458131,0.74692312642332
"null",4000,252,2,1,2000,1930.03829311549,-7.5644930367684,1937.60278615225,1997.46213415623,1998.7280762942,2.53188427593957,45.1193766410303,44.7213088907368,44.7213595499958,-1.49434336332188,-1.36680458730058,0.859252623522745
"null",4000,252,5,0,800,750.076985102337,-3.02215403251354,753.099139134851,797.768885585627,798.215025602861,2.23070008616777,35.8570873608306,35.7770702818844,35.7770876399966,-1.33005506006011,-1.26102797441339,0.886417358606994
"null",4000,252,5,1,800,795.747323268295,-3.0527124327432,798.800035701038,797.74502467817,798.195172950371,2.25074136100667,35.8567159350346,35.7769263971848,35.7770876399966,-0.055713451658377,0.0169065040398429,0.515853031216656
"null",4000,252,10,0,400,361.668410337147,-1.48999718969938,363.158407526846,397.853529834121,398.068103993802,2.14574159681101,26.8594493361406,26.8327680826567,26.8328157299975,-1.34720258200846,-1.30100988311823,0.904110540370961
"null",4000,252,10,1,400,434.032634830447,-1.54931210102242,435.581946931469,397.842313732338,398.057799413661,2.15485681322637,26.8592367375283,26.8326371233417,26.8328157299975,1.34740690704524,1.3984517192746,0.103119397074474
"null",4000,252,25,0,160,173.780494616003,-0.611108870241497,174.391603486244,157.903356169179,157.987155424575,2.09498138491205,17.5334692537816,17.5269415582594,17.5271218401653,0.905533195799196,0.935956111175507,0.184861989510007
"null",4000,252,25,1,160,162.677196109832,-0.567497743636409,163.244693853469,157.899087159337,157.983021280703,2.09835303414021,17.5333513612036,17.5268458413257,17.5271218401653,0.272515439408109,0.300206472995826,0.382857976250395
"null",4000,252,50,0,80,94.937308928396,-0.302711028626205,95.2400199570222,77.9168560877484,77.9584567958012,2.08003540264323,12.5237667229486,12.5214962520317,12.5219806739988,1.35905220986426,1.38015160595659,0.0932106790771897
"null",4000,252,50,1,80,87.3202654663354,-0.305267171265002,87.6255326376004,77.914400512035,77.956041761423,2.08206246939942,12.5236928675589,12.521430017515,12.5219806739988,0.751045642349239,0.772235348730271,0.220262334392687
"null",4000,253,2,0,2000,1885.3123970502,-2.87630049403779,1888.18869754424,1997.45330144388,1998.72655064447,2.54649840117287,45.1592313802721,44.7213559484263,44.7213595499958,-2.48323323861233,-2.4717017352448,0.964595746565746
"null",4000,253,2,1,2000,2030.19411940683,-3.10796562416967,2033.302085031,1997.40662651937,1998.67678029727,2.54030755579986,45.156289382669,44.7208941664237,44.7213595499958,0.7260891746355,0.774253408370582,0.302539405737665
"null",4000,253,5,0,800,774.779176012148,-1.13853518491864,775.917711197066,797.743389039949,798.194624556154,2.25617758102487,35.8649568259392,35.7770693266293,35.7770876399966,-0.640296686797978,-0.622658976220469,0.715747210137697
"null",4000,253,5,1,800,814.726262216938,-1.14423297903526,815.870495195973,797.714144611941,798.164341558055,2.25098473057059,35.8629388161072,35.7757644864377,35.7770876399966,0.474364850360683,0.49492034320134,0.332707240273941
"null",4000,253,10,0,400,394.926542826877,-0.547796906921969,395.474339733799,397.842678974206,398.058334576504,2.15655602298113,26.8620734292257,26.8327654905431,26.8328157299975,-0.10855960747081,-0.0962999823337497,0.534095884890115
"null",4000,253,10,1,400,408.555879239015,-0.558707798733675,409.114587037749,397.829991452249,398.044974332164,2.14982879915294,26.8606059648649,26.8315519516082,26.8328157299975,0.399316672185132,0.412559539066127,0.346618434958825
"null",4000,253,25,0,160,151.855550993608,-0.279423342624651,152.134974336233,157.900543965259,157.984452361871,2.09770991527763,17.5341023331358,17.5269322706871,17.5271218401653,-0.344756341488164,-0.333742262210962,0.622707814117995
"null",4000,253,25,1,160,166.076298606969,-0.272707855674262,166.349006462644,157.900103310853,157.983692001929,2.08971727690505,17.5331354573451,17.526032003035,17.5271218401653,0.466328188475311,0.477307953064643,0.314133907238118
"null",4000,253,50,0,80,76.415149446731,-0.157937031313746,76.5730864780447,77.9228601013822,77.9643372827818,2.0738590699827,12.5239645371739,12.5214692079574,12.5219806739988,-0.120386052689303,-0.111109230205426,0.529598266013649
"null",4000,253,50,1,80,71.5521805928398,-0.143473675837725,71.6956542686775,77.923227435634,77.9646099008315,2.06912325987469,12.5232638630372,12.5207937576571,12.5219806739988,-0.508736932517934,-0.500683563158305,0.683463682984629
"null",4000,254,2,0,2000,2032.43574579166,6.26498803736171,2026.17075775429,1997.46588732934,1998.73283782328,2.53390098789143,45.3396557027923,44.7213549651329,44.7213595499958,0.771286369961669,0.613530604168927,0.290411741084926
"null",4000,254,2,1,2000,2002.7517152179,5.31471140891147,1997.43700380898,1997.29943993117,1998.57348343885,2.54808701535578,45.3412435659203,44.7199250029885,44.7213595499958,0.120249795945651,-0.0254132722671072,0.465870867673796
"null",4000,254,5,0,800,800.800160858447,2.49031519856354,798.309845659884,797.734735356655,798.187696247956,2.26480445650757,35.9013596228919,35.7770675912578,35.7770876399966,0.085384663254875,0.00341418176926108,0.465457553003635
"null",4000,254,5,1,800,795.531940529496,2.17937920150875,793.352561327987,797.644543273279,798.095472867841,2.25464797281122,35.8988013418739,35.7732135799385,35.7770876399966,-0.0588488379783059,-0.132582764175095,0.518006012478571
"null",4000,254,10,0,400,410.976090912245,1.2324978652315,409.743593047013,397.830093654743,398.047000121553,2.16906466810153,26.8742201450948,26.8327597661627,26.8328157299975,0.489167580920543,0.435907190590599,0.316115644933002
"null",4000,254,10,1,400,360.952597799225,1.23257357009741,359.720024229127,397.782094451545,397.998129381681,2.16034930136263,26.8711769951219,26.8291933566186,26.8328157299975,-1.37059484439427,-1.42673335883617,0.908635442219529
"null",4000,254,25,0,160,159.896492588061,0.484679611909571,159.411812976152,157.885289447695,157.969801505954,2.1128014564734,17.5370567159672,17.526913445127,17.5271218401653,0.114683049324639,0.0822741251454453,0.442853238934213
"null",4000,254,25,1,160,142.578126378249,0.503551896578937,142.07457448167,157.869493185827,157.953684042389,2.10477141405074,17.5346487684372,17.5243653111848,17.5271218401653,-0.872065760170963,-0.906116100569086,0.805014722292134
"null",4000,254,50,0,80,56.1712957431072,0.253812613426833,55.9174831296803,77.9054953481638,77.9473139494655,2.09093006508542,12.5249527589266,12.5214223601478,12.5219806739988,-1.73527198252836,-1.75937127477626,0.970565648661599
"null",4000,254,50,1,80,69.4359592606356,0.289159337887959,69.1467999227477,77.8987812988347,77.940484703497,2.08517023311528,12.5230748657335,12.5194925444481,12.5219806739988,-0.675778283603145,-0.702399458247126,0.744921969727081
"null",4000,255,2,0,2000,1999.16631837926,9.58280282331584,1989.58351555595,1997.468570953,1998.73419000009,2.5312380941807,45.2806973263533,44.7213557019155,44.7213595499958,0.0374938445409799,-0.204615318577048,0.488435209344981
"null",4000,255,2,1,2000,1987.41695313476,9.68320250584221,1977.73375062892,1997.43935172678,1998.71429488242,2.54988631127231,45.281539911487,44.7212586516645,44.7213595499958,-0.221335197778405,-0.469140290010982,0.562441327233099
"null",4000,255,5,0,800,812.65812149862,3.80361497994823,808.854506518672,797.740622902253,798.192409500603,2.25893299174737,35.8894531194114,35.7770685359953,35.7770876399966,0.415651320925206,0.298014830570643,0.351470911941033
"null",4000,255,5,1,800,735.189491103149,3.93188258546463,731.257608517684,797.730505579096,798.182923348952,2.26208884928307,35.8895188984131,35.7768031131345,35.7770876399966,-1.74259829598084,-1.87063429394837,0.945054439653636
"null",4000,255,10,0,400,375.179032865706,1.87861111161067,373.300421754096,397.830070001989,398.046983270369,2.16913268380461,26.8702459542181,26.8327631447195,26.8328157299975,-0.842978407226938,-0.922251703367488,0.788468671654102
"null",4000,255,10,1,400,367.402181796657,1.93323901818521,365.468942778472,397.828837340513,398.045486285439,2.16648944925356,26.8701343160911,26.8325197420347,26.8328157299975,-1.13235963713198,-1.21406948807473,0.86210659501854
"null",4000,255,25,0,160,137.233257048855,0.77213168046102,136.461125368394,157.89199651932,157.976246305799,2.10624466196848,17.5361039942933,17.5269305198257,17.5271218401653,-1.17806894149282,-1.22754642708647,0.882145947346594
"null",4000,255,25,1,160,140.558276426685,0.774826896880257,139.783449529805,157.894707925017,157.97878613652,2.10195528758246,17.5359683999092,17.5267618256796,17.5271218401653,-0.988621278447444,-1.03814593863292,0.836931913774054
"null",4000,255,50,0,80,67.5856331666174,0.434455805846674,67.1511773607708,77.9138311306517,77.9554858478536,2.08273586009201,12.5246379993843,12.5214449633549,12.5219806739988,-0.824630457546321,-0.86286435141492,0.793917202309727
"null",4000,255,50,1,80,69.4484528697367,0.416505187897425,69.0319476818393,77.9132980054602,77.9549469966991,2.08244956194177,12.5245233282392,12.5213182011791,12.5219806739988,-0.675861660669967,-0.712624595229875,0.744574827460776
"null",4000,256,2,0,2000,1983.18287551676,0.870517833928594,1982.31235768283,1997.47931357481,1998.73956261544,2.5204980812675,45.2209549328922,44.721356045474,44.7213595499958,-0.316146310471996,-0.367323497881257,0.588786883373972
"null",4000,256,2,1,2000,2010.5005725299,-0.551143737822433,2011.05171626773,1996.17919936556,1997.436118641,2.51383855089062,45.1817269942232,44.7087824897271,44.7213595499958,0.316972681592649,0.304539664658767,0.417661192166562
"null",4000,256,5,0,800,827.529827887759,0.26895291200104,827.260874975757,797.783140251222,798.226419915015,2.21639831896521,35.8774001578225,35.7770679382352,35.7770876399966,0.829120491052382,0.811538136967152,0.227567337651291
"null",4000,256,5,1,800,852.928816500412,-0.458287772583742,853.387104272996,796.942885512022,797.390943276536,2.24028882256998,35.84007082196,35.7458725828344,35.7770876399966,1.56210436264223,1.56650703844757,0.0867257282530203
"null",4000,256,10,0,400,395.336448650261,0.181060887792597,395.155387762468,397.875539525614,398.08790702307,2.12367497456386,26.8662271212208,26.8327641373552,26.8328157299975,-0.0945086507270562,-0.109288750334882,0.528290409161104
"null",4000,256,10,1,400,441.217033380576,-0.261454272671085,441.478487653247,397.392702004521,397.607648371722,2.14946367201657,26.8354637984158,26.8040751706903,26.8328157299975,1.63307523601073,1.63672273720142,0.0664148661212758
"null",4000,256,25,0,160,179.420554714684,0.0577779035619477,179.362776811122,157.923596760708,158.006581861787,2.07462752698144,17.535115011802,17.5269286901224,17.5271218401653,1.22593766505142,1.21847902316001,0.116710737964473
"null",4000,256,25,1,160,183.912031931421,-0.00352911193153669,183.915561043353,157.718145281402,157.801436938406,2.08229142510049,17.5134714625756,17.5057857632417,17.5271218401653,1.49564218070603,1.49174247063967,0.0775339636462252
"null",4000,256,50,0,80,59.5858327874737,0.0218301441979852,59.5640026432757,77.9395361558771,77.9806766514943,2.0570247808584,12.5242944700477,12.5214444163347,12.5219806739988,-1.46544808670038,-1.47081066655484,0.940023476303057
"null",4000,256,50,1,80,77.0996038519396,-0.0241281052397292,77.1237319571793,77.8320045699217,77.8732895204241,2.06424752512189,12.5086028173122,12.5059294367272,12.5219806739988,-0.0585517606305662,-0.0599361740394525,0.507543021381735
"null",4000,257,2,0,2000,2026.96638541134,4.97654993061312,2021.98983548073,1997.4728560083,1998.73633065143,2.52694928626756,45.276884948228,44.7213559535654,44.7213595499958,0.651403678428204,0.519964216949139,0.320405267708384
"null",4000,257,2,1,2000,2042.89633633345,5.56057775290024,2037.33575858055,1997.2358508451,1998.50538739684,2.53907310348217,45.2676124854251,44.7193590920083,44.7213595499958,1.00867889825318,0.868312336583745,0.237148726692408
"null",4000,257,5,0,800,767.970801461431,1.96627468836435,766.004526773067,797.749228004779,798.199294266156,2.25033130688563,35.8886822326948,35.7770686331544,35.7770876399966,-0.829744217139847,-0.899871585992793,0.771734082351769
"null",4000,257,5,1,800,811.190539735488,2.00981507595897,809.180724659529,797.603213734953,798.053209089077,2.24997677062095,35.8810534100363,35.7714915515775,35.7770876399966,0.378676897951246,0.311072171939156,0.3650320447674
"null",4000,257,10,0,400,368.374358847293,0.928474059628358,367.445884787665,397.849508215762,398.064481531,2.14973315238246,26.8699942633174,26.8327657915629,26.8328157299975,-1.09695406257334,-1.14108985190645,0.853948212545886
"null",4000,257,10,1,400,408.516519536674,1.0865309545287,407.429988582145,397.760785888231,397.976391571719,2.15605683487857,26.8641074714364,26.8276024808065,26.8328157299975,0.400375618653212,0.352383222361731,0.347124511640473
"null",4000,257,25,0,160,147.581684842306,0.367121476483811,147.214563365823,157.899715641056,157.983656535106,2.09852235126019,17.5360390339576,17.5269299011642,17.5271218401653,-0.588390045138996,-0.614431234107259,0.712857737781313
"null",4000,257,25,1,160,146.554988487728,0.396261302301671,146.158727185426,157.858151032443,157.942355962741,2.10512325745517,17.5321207526664,17.5231940713293,17.5271218401653,-0.6447116526388,-0.672458955219491,0.733135642143996
"null",4000,257,50,0,80,51.0044229787915,0.191447319607167,50.8129756591844,77.9192248617997,77.9607720687941,2.07736034972273,12.5246199961521,12.5214481116102,12.5219806739988,-2.14895157627753,-2.16810357457278,0.992292291912108
"null",4000,257,50,1,80,59.6740355110565,0.184880880229722,59.4891546308268,77.8930493052552,77.9347638274589,2.08572611018412,12.5218013928292,12.5186938195847,12.5219806739988,-1.45498345027514,-1.47344519024622,0.939009654341629
"null",4000,258,2,0,2000,2004.05641249074,3.4855707661704,2000.57084172457,1997.46935664176,1998.7345822936,2.53045130367904,45.0887670125029,44.721356234474,44.7213595499958,0.146090840034637,0.0410600121638781,0.457689872912187
"null",4000,258,2,1,2000,1976.63606922153,3.55927339305528,1973.07679582848,1997.46248141432,1998.72829468429,2.53162653995672,45.0891800776249,44.7213093685872,44.7213595499958,-0.461893788197677,-0.573585595278502,0.628778039911695
"null",4000,258,5,0,800,804.703017380376,1.35784828946189,803.345169090914,797.739458431384,798.191483040488,2.26012304551912,35.8507726036165,35.7770699534768,35.7770876399966,0.194237346736824,0.144049975504637,0.42700880740643
"null",4000,258,5,1,800,808.980530346316,1.38173667817277,807.598793668143,797.744894638259,798.195101325321,2.25103343530678,35.85079195882,35.7769324480621,35.7770876399966,0.313399930494212,0.262842331618956,0.385802594450217
"null",4000,258,10,0,400,392.610529274884,0.67264242144416,391.93788685344,397.837155491082,398.053369396393,2.162139053112,26.8573449577671,26.832769709188,26.8328157299975,-0.194606958521639,-0.227910968909738,0.566800741034184
"null",4000,258,10,1,400,402.556372912266,0.681172479239882,401.875200433026,397.847342258742,398.062329009966,2.14986751224119,26.8572742675739,26.8326397761858,26.8328157299975,0.17533538983177,0.142098259987219,0.426812992528741
"null",4000,258,25,0,160,146.818464973674,0.260221621553188,146.558243352121,157.90608472331,157.989777499123,2.09231939530752,17.5329594161074,17.5269488803395,17.5271218401653,-0.632387236318494,-0.652226136165952,0.727992553058251
"null",4000,258,25,1,160,133.478811071102,0.238649082169434,133.240161988933,157.904128830594,157.987862851755,2.09335052902142,17.532877076457,17.5268502700793,17.5271218401653,-1.39311521166655,-1.41198792033215,0.922198108443771
"null",4000,258,50,0,80,71.7524368230577,0.13337362295515,71.6190632001025,77.9244941056481,77.9659439260163,2.07249101841398,12.52360170181,12.5215111416374,12.5219806739988,-0.492834044833794,-0.506878175814476,0.677402783993751
"null",4000,258,50,1,80,62.0212607554234,0.112825763554715,61.9084349918687,77.925330279954,77.9667542383013,2.07119791736343,12.5235367221214,12.5214405550115,12.5219806739988,-1.26993435460112,-1.28246579743618,0.907332207212887
"null",4000,259,2,0,2000,2013.91577514385,17.3540734195664,1996.56170172428,1997.46848443655,1998.7341432385,2.53131760391104,45.3188267110655,44.7213554505608,44.7213595499958,0.362924018579728,-0.0485772734823594,0.396795475129191
"null",4000,259,2,1,2000,1970.18920524059,17.3102421382801,1952.87896310231,1997.4779166907,1998.73794148702,2.52004959264264,45.319246897312,44.7213378530663,44.7213595499958,-0.602143974544439,-1.02543842796879,0.666928147795622
"null",4000,259,5,0,800,793.897947166196,6.97166230234426,786.926284863852,797.755507126029,798.204309490242,2.24401182106683,35.8971446344305,35.7770664808549,35.7770876399966,-0.107461470797108,-0.315230557888951,0.534330591406406
"null",4000,259,5,1,800,781.989553170951,6.98494858266071,775.00460458829,797.751608194809,798.200956637392,2.24674221291734,35.8972423170042,35.7770219180622,35.7770876399966,-0.43908818634772,-0.648358941172557,0.650532250706554
"null",4000,259,10,0,400,392.776884825153,3.53161067634946,389.245274148804,397.843478408384,398.059049259793,2.15570851409594,26.8728152966696,26.8327616134956,26.8328157299975,-0.188539739037263,-0.328470667236755,0.5644598166169
"null",4000,259,10,1,400,381.538984380152,3.48747627143063,378.051508108722,397.841042655742,398.056790817238,2.1574816149605,26.872827088051,26.8327199690933,26.8328157299975,-0.606637263067807,-0.745555528159613,0.714973689348049
"null",4000,259,25,0,160,154.850732489616,1.25586286866856,153.594869620947,157.90197693255,157.985823965523,2.09617582433434,17.53672075032,17.5269202980651,17.5271218401653,-0.173991733481796,-0.250526291550548,0.555975833166424
"null",4000,259,25,1,160,163.323650259127,1.28189102636416,162.041759232762,157.897633333283,157.981642497309,2.10022910066046,17.5367036557836,17.5268892755398,17.5271218401653,0.309409170180862,0.23165073229049,0.369344482840698
"null",4000,259,50,0,80,77.7052942617941,0.675380590052528,77.0299136717416,77.9194985589112,77.9610346548408,2.07680479648208,12.5248113979619,12.5214027896827,12.5219806739988,-0.0171023970190828,-0.0743623537026111,0.488113179557595
"null",4000,259,50,1,80,82.2710921504951,0.683878960716835,81.5872131897782,77.9176124869929,77.9591831882494,2.07853506282543,12.5247926467127,12.5213786825657,12.5219806739988,0.347588961055161,0.28974684765188,0.348608028557396
"null",4000,260,2,0,2000,1957.43202369899,9.25359288714835,1948.17843081184,1997.44595435684,1998.72288715577,2.55386559787337,45.0578668388269,44.7213561300665,44.7213595499958,-0.888056480813499,-1.13020848913738,0.737477578742016
"null",4000,260,2,1,2000,2003.05309966438,9.09219552858019,1993.9609041358,1997.41906171924,1998.67884146852,2.51955949857427,45.0548845617895,44.7208692702507,44.7213595499958,0.125048327166639,-0.105497442462906,0.463979337189524
"null",4000,260,5,0,800,836.648408418004,3.71981615930576,832.928592258698,797.739626793651,798.191616718413,2.25994962380873,35.8445557451971,35.7770694407315,35.7770876399966,1.0854865073775,0.970928476906978,0.166309655827733
"null",4000,260,5,1,800,818.832483153109,3.51972066298326,815.312762490126,797.720539939796,798.16859096103,2.24025510616905,35.8424178279406,35.7756159221632,35.7770876399966,0.589021179169887,0.479213874791056,0.296792901433902
"null",4000,260,10,0,400,382.031118569045,1.81694271692772,380.214175852117,397.834874970201,398.051312332977,2.16437362775526,26.8552661646185,26.8327662832544,26.8328157299975,-0.588478859389504,-0.664752053238402,0.708854696125102
"null",4000,260,10,1,400,426.289956492277,1.73439377997026,424.555562712307,397.830901748632,398.045573761999,2.14672013366721,26.8536667524068,26.8314181359946,26.8328157299975,1.05978282243688,0.988020417554623,0.157836972178552
"null",4000,260,25,0,160,172.210912462107,0.772035510291836,171.438876951815,157.902261752661,157.986101864083,2.09600278553968,17.5324319177142,17.5269331345967,17.5271218401653,0.816124698307742,0.767548719700274,0.207855756902998
"null",4000,260,25,1,160,146.784681448648,0.714988896315277,146.069692552333,157.88826157363,157.972298039083,2.10091163630323,17.5313983263896,17.5259631229567,17.5271218401653,-0.633353935508305,-0.679141306143633,0.728654408855675
"null",4000,260,50,0,80,65.2290071731644,0.398101913203663,64.8309052599607,77.9218062135958,77.9633042232834,2.07490048438002,12.5233756473014,12.5214669117705,12.5219806739988,-1.0135285723196,-1.04879077314639,0.848530542837122
"null",4000,260,50,1,80,85.940759611289,0.35586453798569,85.5848950733033,77.9109958771288,77.9526151153158,2.08096190934893,12.5226190075262,12.5207331116552,12.5219806739988,0.641220796491073,0.60957133180028,0.251951096634023
"null",4000,261,2,0,2000,1991.32019081626,6.08396010538653,1985.23623071087,1997.47671136558,1998.73825976417,2.52309679719171,45.2585477064153,44.7213555779575,44.7213595499958,-0.13603000673494,-0.301914574788845,0.53793730498829
"null",4000,261,2,1,2000,1968.70845713976,6.00218579061541,1962.70627134914,1997.43378875289,1998.70033280264,2.53308809950828,45.2594113264976,44.7210828639407,44.7213595499958,-0.634681953901496,-0.804856661521604,0.675480013015159
"null",4000,261,5,0,800,830.53275113736,2.50067546359429,828.032075673766,797.744350587677,798.19539575412,2.25522583221804,35.8849811749012,35.7770692905941,35.7770876399966,0.913708171947337,0.833960984263458,0.206062570095814
"null",4000,261,5,1,800,761.053597303941,2.55999136718717,758.493605936754,797.73451965191,798.183263398123,2.24371873106807,35.8846226347855,35.7762624017128,35.7770876399966,-1.02219055558386,-1.10938524029467,0.82192705384103
"null",4000,261,10,0,400,407.756575149131,1.22852833881018,406.528046810321,397.838635782413,398.05469679751,2.16061015096981,26.8687583600317,26.8327660278741,26.8328157299975,0.36912533261945,0.3157836953525,0.356954614887336
"null",4000,261,10,1,400,380.80854382597,1.25304698716282,379.555496838807,397.835653297783,398.050817209802,2.15163912018991,26.8681889512486,26.832018180397,26.8328157299975,-0.633727472391563,-0.689300381605581,0.723950532458904
"null",4000,261,25,0,160,179.452838820626,0.507925090833187,178.944913729793,157.89370067244,157.977884078638,2.10458515493589,17.5357417758502,17.5269351896116,17.5271218401653,1.22943975930785,1.19627472939951,0.11638377120888
"null",4000,261,25,1,160,147.106569908691,0.477030236676407,146.629539672014,157.88772642018,157.971945540444,2.10547800661584,17.5352461418706,17.5263927203655,17.5271218401653,-0.614827783098288,-0.647161458116271,0.722320051027954
"null",4000,261,50,0,80,79.3358345071681,0.153931505327052,79.1819030018411,77.9168229146754,77.9584193465396,2.07982159321087,12.5245222341886,12.5214570930075,12.5219806739988,0.113298660496538,0.0977109649630678,0.436566237440872
"null",4000,261,50,1,80,68.7488938848461,0.193433648705099,68.555460236141,77.909574075011,77.9512607103965,2.08433176927437,12.5241159674685,12.5210337988979,12.5219806739988,-0.73144325826748,-0.750401334679136,0.763688684261117
"null",4000,262,2,0,2000,1996.21090431678,4.94335541497423,1991.26754890181,1997.46210427797,1998.73095326531,2.53769797468438,45.3259934940511,44.7213556799327,44.7213595499958,-0.0276044685342359,-0.166886809445599,0.507086219479779
"null",4000,262,2,1,2000,1990.49515546575,5.583043781371,1984.91211168438,1997.4155118504,1998.68540480531,2.53978590980936,45.3232280302335,44.7209429183023,44.7213595499958,-0.152688956312473,-0.30798306614612,0.543129309158982
"null",4000,262,5,0,800,793.335881578926,1.96494418346039,791.370937395465,797.734389081657,798.187422739068,2.26516828705766,35.898595544562,35.7770683067152,35.7770876399966,-0.122525893729496,-0.190526660406203,0.539939196024676
"null",4000,262,5,1,800,800.819770052003,2.2424268358761,798.577343216127,797.707379967821,798.160121380429,2.26370706303661,35.8968156148842,35.7759802193252,35.7770876399966,0.0867037933830282,0.0116620658089682,0.465262943390339
"null",4000,262,10,0,400,418.893114402562,1.00856540196465,417.884549000598,397.832956556667,398.049580907572,2.166243509049,26.8733004847974,26.8327629182012,26.8328157299975,0.783683338703007,0.739207071351237,0.226178299794286
"null",4000,262,10,1,400,401.261902111508,1.12500535989787,400.13689675161,397.821239814302,398.037409795375,2.16169981072902,26.8720235398531,26.831741915767,26.8328157299975,0.128038824173506,0.0782463905185752,0.444757930532849
"null",4000,262,25,0,160,151.677300449053,0.389955704639959,151.287344744414,157.904252386158,157.988010737957,2.09395879499683,17.5368451544989,17.5269265197267,17.5271218401653,-0.355078229992047,-0.382306959865569,0.626613462929522
"null",4000,262,25,1,160,164.469448890336,0.425856262534155,164.043592627802,157.883928105208,157.968216342172,2.10720592409269,17.5360248801747,17.5261704341583,17.5271218401653,0.375542395162398,0.346645966296752,0.345878729850851
"null",4000,262,50,0,80,77.0468891925895,0.204272537831629,76.8426166547579,77.9231901303278,77.9646554856075,2.07326776398555,12.5248799568714,12.5214276017166,12.5219806739988,-0.0699648172881252,-0.0896094971387866,0.509238673526944
"null",4000,262,50,1,80,82.7028157979971,0.198242276001108,82.504573521996,77.9238637729452,77.9652449007164,2.06905638856003,12.5243111125044,12.5208805950267,12.5219806739988,0.381574042845401,0.362540684485291,0.336380812844342
"null",4000,263,2,0,2000,1970.1881177676,-9.31893811903212,1979.50705588663,1997.47883152153,1998.73932197066,2.52098089827375,45.1906727844623,44.7213562296931,44.7213595499958,-0.603901470643987,-0.430046575181089,0.666934459429691
"null",4000,263,2,1,2000,2007.63945527079,-8.9733033590554,2016.61275862985,1997.42672210916,1998.68102184192,2.50859946551371,45.187665178228,44.7208204143724,44.7213595499958,0.226007099976346,0.400970658001814,0.435343028181361
"null",4000,263,5,0,800,776.081312483608,-3.79058404033355,779.871896523941,797.769912084767,798.215849596901,2.22968756067326,35.8712954970302,35.7770706897717,35.7770876399966,-0.604622701818911,-0.512729318507463,0.704377148514175
"null",4000,263,5,1,800,771.41575062472,-3.71788442300121,775.133635047721,797.704626151682,798.155742793795,2.25558321056863,35.8691208367255,35.7755795016965,35.7770876399966,-0.732911064272444,-0.643514600370963,0.744165013560924
"null",4000,263,10,0,400,425.56391078642,-1.95020069448814,427.514111480909,397.861021513451,398.074847967531,2.13826454079427,26.8641922140699,26.8327688858647,26.8328157299975,1.03121988750736,1.097138489084,0.16384155258867
"null",4000,263,10,1,400,387.126017399445,-1.90656192009158,389.032579319537,397.820778523404,398.036381595439,2.15603072034985,26.8625461146817,26.8313647747123,26.8328157299975,-0.398129093135878,-0.335570044666089,0.642555790482974
"null",4000,263,25,0,160,158.877661855764,-0.741328869475257,159.618990725239,157.908053565525,157.991663040652,2.09023687818589,17.5346221330756,17.5269359301634,17.5271218401653,0.0552967884269448,0.0928472432986044,0.465423909007982
"null",4000,263,25,1,160,163.645549916143,-0.772983511006882,164.418533427149,157.889342243379,157.973317241927,2.09937496369758,17.5335400067737,17.52591421388,17.5271218401653,0.328296948051564,0.36775349385873,0.362687152318938
"null",4000,263,50,0,80,80.7311680779774,-0.368408496765026,81.0995765747424,77.9243395692149,77.965788315018,2.07243729015533,12.5241540759331,12.5214782939741,12.5219806739988,0.224113220880624,0.250273025768258,0.393802449839404
"null",4000,263,50,1,80,98.4380662313922,-0.41623864087331,98.8543048722655,77.9153670663169,77.9568918939214,2.0762413802235,12.5233336696903,12.520679673309,12.5219806739988,1.63875687627373,1.6690318356193,0.0588753901892211
"null",4000,264,2,0,2000,2089.08816347269,-7.5403923175894,2096.62855579027,1997.47443543255,1998.73711089431,2.52535092351186,45.4551688142122,44.7213551422868,44.7213595499958,2.01547437684331,2.18891946776905,0.0763405826604155
"null",4000,264,2,1,2000,1965.28112274909,-6.76535370355013,1972.04647645264,1997.37300703193,1998.64125277969,2.53649149551453,45.4565089983964,44.7204724914695,44.7213595499958,-0.70599095685022,-0.59468907293251,0.694932734587237
"null",4000,264,5,0,800,871.058504513766,-3.05946544659388,874.11796996036,797.749137493534,798.199213691106,2.25038098785736,35.9247181496841,35.7770664804663,35.7770876399966,2.04063861307918,2.12199500232096,0.0365417244450786
"null",4000,264,5,1,800,826.125745204395,-3.08352459142878,829.209269795824,797.68997366664,798.14021990068,2.25123117019925,35.9233682301472,35.7748204887256,35.7770876399966,0.791567521051436,0.868461377882684,0.238059314193378
"null",4000,264,10,0,400,452.831622358476,-1.52183728043305,454.353459638909,397.84415821175,398.059657357344,2.15499145594094,26.8820225917983,26.832758866154,26.8328157299975,2.04551067386955,2.09795058951512,0.0297737648347874
"null",4000,264,10,1,400,431.940414987902,-1.50913370387757,433.44954869178,397.811165957588,398.026661861412,2.15495903824316,26.8802986023651,26.8306807481318,26.8328157299975,1.26967521957929,1.32023809469815,0.116265334571542
"null",4000,264,25,0,160,172.019604436348,-0.597370132539745,172.616974568888,157.899712986478,157.983645849162,2.09832156709587,17.5389652147925,17.5269070339051,17.5271218401653,0.805058410057238,0.834906506402891,0.210779304829286
"null",4000,264,25,1,160,149.969122140425,-0.622612182884451,150.591734323309,157.885127641055,157.969073731926,2.09865227177209,17.5375358983898,17.5253825807464,17.5271218401653,-0.451375013371019,-0.42095168962084,0.663482478089623
"null",4000,264,50,0,80,83.6918102502137,-0.344250584649463,84.0360608348631,77.9207733715038,77.9622835437417,2.07550861189343,12.525597874211,12.521399203433,12.5219806739988,0.460739434290149,0.485071771328574,0.309183503992419
"null",4000,264,50,1,80,84.3967444039334,-0.329327803278472,84.7260722072118,77.9128258881098,77.9543542457941,2.07641788421378,12.5245433446951,12.5203098449567,12.5219806739988,0.517696999992412,0.540858656476901,0.290530141861206
"null",4000,265,2,0,2000,2025.44039543091,-5.16799274310262,2030.60838817401,1997.47126809971,1998.73553222398,2.52852824853941,45.1831472986727,44.7213557210735,44.7213595499958,0.619016801691947,0.712698786432678,0.329009164346421
"null",4000,265,2,1,2000,1963.1629779687,-5.26092912012841,1968.42390708883,1997.41581644211,1998.68507390764,2.53851493105707,45.1800868441743,44.7209489325126,44.7213595499958,-0.758140164527492,-0.676666473792304,0.706700599108738
"null",4000,265,5,0,800,768.320469260164,-2.1154680421345,770.435937302298,797.750750516961,798.200515929921,2.24882706479675,35.8697785491056,35.7770697071498,35.7770876399966,-0.820475688649927,-0.776043953707983,0.769010505100804
"null",4000,265,5,1,800,711.510439884094,-1.95813258258885,713.468572466683,797.713171182909,798.164579964297,2.25704390694033,35.8678829444275,35.7759542015767,35.7770876399966,-2.40334037646924,-2.36740037792986,0.987181540807965
"null",4000,265,10,0,400,388.134531927371,-1.05693002607465,389.191461953446,397.839326294993,398.055315464816,2.15989169823259,26.8636829347383,26.8327643601949,26.8328157299975,-0.361260754573306,-0.330336948977171,0.628892883806199
"null",4000,265,10,1,400,367.318749205797,-0.939064023489749,368.257813229287,397.821492200709,398.037598256922,2.16106056213197,26.8623504869483,26.8317207474762,26.8328157299975,-1.13552025202455,-1.10987235250039,0.862792632777636
"null",4000,265,25,0,160,156.942692137135,-0.492270720382524,157.434962857518,157.89558276292,157.979690622735,2.10269649536999,17.5344995772761,17.5269350571347,17.5271218401653,-0.0543437593747996,-0.0310794650314845,0.50880641000565
"null",4000,265,25,1,160,161.498902073205,-0.387094072225112,161.88599614543,157.883638910437,157.96794332508,2.10761036607821,17.5336751950214,17.5261841281582,17.5271218401653,0.206189696259169,0.223554242709085,0.407942890288675
"null",4000,265,50,0,80,64.559035468805,-0.229763961889077,64.7887994306941,77.9179769003337,77.9595504174694,2.07867585678622,12.5240922359897,12.5214590622532,12.5219806739988,-1.06665945761242,-1.05185433433069,0.862320812809824
"null",4000,265,50,1,80,65.9710003187494,-0.169067006420357,66.1400673251698,77.9112471328531,77.95288070076,2.08167839534448,12.5234897932599,12.5208829354901,12.5219806739988,-0.953428078851471,-0.943448911426783,0.832343361259744
"null",4000,266,2,0,2000,1960.51380452601,1.06365121457085,1959.45015331144,1997.45888368779,1998.7293459606,2.54092454561363,45.2267595173932,44.7213559440151,44.7213595499958,-0.816885391657878,-0.878309519468335,0.721126780011914
"null",4000,266,2,1,2000,1986.7628848997,1.04010931419179,1985.72277558551,1997.48388833778,1998.74180963226,2.51584258894582,45.2266788334221,44.72135525583,44.7213595499958,-0.237050424984216,-0.291114479252165,0.56652986806507
"null",4000,266,5,0,800,791.990803299827,0.45493965585296,791.535863643974,797.75595594236,798.20468267521,2.24363366425155,35.878571016316,35.7770703073269,35.7770876399966,-0.160685124274055,-0.186399248847099,0.553337559092119
"null",4000,266,5,1,800,762.546142045717,0.45525012164156,762.090891924075,797.749745609496,798.199704349289,2.24979369896239,35.8785466379391,35.7770684236923,35.7770876399966,-0.981188115534037,-1.00927253171201,0.811705746918381
"null",4000,266,10,0,400,387.775620422019,0.199340788001051,387.576279634018,397.846442869518,398.061723988786,2.15281119267148,26.8666192897876,26.83276666804,26.8328157299975,-0.374845168976191,-0.390770153688873,0.633772215313633
"null",4000,266,10,1,400,395.892309210661,0.19800738979718,395.694301820864,397.844508305479,398.059980512341,2.15472206862374,26.8666096453464,26.8327651886779,26.8328157299975,-0.0726626515436022,-0.0881638055132515,0.520414826705516
"null",4000,266,25,0,160,146.276740868943,0.00606030735799369,146.270680561585,157.897862069188,157.98188042605,2.10045892154967,17.5352238915096,17.5269396615408,17.5271218401653,-0.662730129489372,-0.668182814034732,0.73851984194795
"null",4000,266,25,1,160,141.082300035883,0.0179588637584236,141.064341172124,157.900902332433,157.984798370432,2.09740094997298,17.53521955719,17.5269377778134,17.5271218401653,-0.959132689596384,-0.965397230982756,0.828968189107951
"null",4000,266,50,0,80,81.2710261731806,0.00076095829952456,81.2702652148811,77.9177087921504,77.9592901641847,2.07906860171399,12.5243638628103,12.5214784378697,12.5219806739988,0.2677435291534,0.264423651498107,0.377694016967424
"null",4000,266,50,1,80,79.3988607240669,0.00450519116531097,79.3943555329016,77.9186723812849,77.9602343103758,2.07809645454581,12.5243616099457,12.5214771154837,12.5219806739988,0.11818473379167,0.114532910877778,0.434603686579975
"null",4000,267,2,0,2000,1995.90359379902,-4.92322441599806,2000.82681821502,1997.48901196777,1998.74441306313,2.51080219072738,45.2872239630178,44.7213559825553,44.7213595499958,-0.0350080669560447,0.0465639984775002,0.50902645903302
"null",4000,267,2,1,2000,1982.65768762639,-3.41604448351048,1986.0737321099,1996.7960081554,1998.050437362,2.50885841319076,45.2655582147361,44.7150193181499,44.7213595499958,-0.312341680664664,-0.26784524382926,0.592032111450991
"null",4000,267,5,0,800,824.775905882323,-1.98034635779587,826.756252240119,797.753499300206,798.202711669371,2.24606184582792,35.8907719526877,35.7770689937764,35.7770876399966,0.752906808963021,0.798096137381038,0.24840250441465
"null",4000,267,5,1,800,813.214552141875,-2.19510328468417,815.409655426559,797.330056621868,797.777740213318,2.23841795724846,35.8703287071206,35.7605741306152,35.7770876399966,0.442831055430306,0.493054589919063,0.34638138399152
"null",4000,267,10,0,400,450.693245234935,-1.00037693629897,451.693622171234,397.85394575102,398.068472062392,2.14526311371977,26.8706905531417,26.8327639416385,26.8328157299975,1.96642878899652,1.99849520628873,0.0348039154453707
"null",4000,267,10,1,400,446.658253254076,-0.916104785407772,447.574358039484,397.614062832454,397.828281129663,2.14218297208361,26.8540549027252,26.8175030779733,26.8328157299975,1.82632345838559,1.85498540878998,0.046247063641359
"null",4000,267,25,0,160,178.635866662671,-0.365415871959195,179.001282534631,157.90542037799,157.989133375729,2.09282494346333,17.5362147571445,17.5269314282863,17.5271218401653,1.18215057079152,1.19884928202495,0.124871457437886
"null",4000,267,25,1,160,177.826383620236,-0.306391477637006,178.132775097873,157.804190932466,157.887827256167,2.09090809251512,17.5248429275543,17.5159012198925,17.5271218401653,1.14250340334228,1.15580395136702,0.133725960234931
"null",4000,267,50,0,80,91.725726398059,-0.133160186573596,91.8588865846326,77.9289105618091,77.9702658754496,2.06776568202515,12.5246986061235,12.5214629554722,12.5219806739988,1.10156869000459,1.10918514542371,0.137186568459767
"null",4000,267,50,1,80,95.1838791835218,-0.0953280373883083,95.2792072209101,77.8714194299929,77.9128743656071,2.07274678071079,12.5164528485869,12.5133388441869,12.5219806739988,1.38317620518848,1.38782566919545,0.090358800678619
"null",4000,268,2,0,2000,1971.40948437062,4.22976386920022,1967.17972050142,1997.46836124259,1998.73408218479,2.5314418844147,45.1565539242632,44.7213560413795,44.7213595499958,-0.57707851036808,-0.705577032462546,0.659817761951209
"null",4000,268,2,1,2000,1939.03970248512,4.09057412635824,1934.94912835876,1997.3546167161,1998.61684315711,2.52445288202406,45.1567553765871,44.7203494489385,44.7213595499958,-1.29138849203534,-1.42368553875111,0.824195762219481
"null",4000,268,5,0,800,784.58638855951,1.65460544599543,782.931783113514,797.751167173823,798.20084781028,2.24840318228244,35.8644174328281,35.7770693773665,35.7770876399966,-0.367070750249055,-0.426783550539359,0.625875156404025
"null",4000,268,5,1,800,741.251936199435,1.77362764756631,739.478308551868,797.677638320246,798.126632882135,2.24497280944501,35.862101312392,35.7741751437542,35.7770876399966,-1.57340758226328,-1.63940395815126,0.924900631646428
"null",4000,268,10,0,400,362.55898149043,0.847439299849071,361.711542190581,397.843927708467,398.059461627378,2.15533918911074,26.861895798674,26.832767604882,26.8328157299975,-1.31356872510013,-1.35460940787128,0.898262451007609
"null",4000,268,10,1,400,410.242993396701,0.938665079382738,409.304328317319,397.806562615956,398.021492376454,2.14929760497939,26.8594354191666,26.8300596579562,26.8328157299975,0.463019068966389,0.420529662800017,0.325223140760142
"null",4000,268,25,0,160,143.083400170136,0.311338348638071,142.772061821498,157.904339060293,157.988098169488,2.09397772986861,17.5340638879434,17.5269389043807,17.5271218401653,-0.845265477807904,-0.868151388613927,0.796524295807328
"null",4000,268,25,1,160,153.340991752424,0.348947047035098,152.992044705389,157.893090220396,157.976541143813,2.08627308542761,17.5321125654611,17.5249171766467,17.5271218401653,-0.259643465724738,-0.284423394882971,0.589828514817381
"null",4000,268,50,0,80,67.0376277694094,0.0949023805295413,66.9427253888799,77.9223614926156,77.9638479190668,2.07432132256016,12.5239417585989,12.5214635158828,12.5219806739988,-0.869114048357241,-0.880178464458825,0.80743671230611
"null",4000,268,50,1,80,77.2362996333934,0.106501734585002,77.1297978988084,77.9170964224582,77.9584959836753,2.0699780608582,12.522481824074,12.5199783050684,12.5219806739988,-0.05436596344312,-0.066190057576333,0.503149023574551
"null",4000,269,2,0,2000,1841.95470031458,2.80633949743991,1839.14836081714,1997.46868926796,1998.73424619999,2.53111386405622,45.4339976360038,44.7213552955017,44.7213595499958,-3.42285506547969,-3.56844921913419,0.994219562357986
"null",4000,269,2,1,2000,1998.19801749,2.75390246759303,1995.44411502241,1997.41132809989,1998.68783040957,2.55300461934915,45.435196065021,44.7210049304459,44.7213595499958,0.0173145371482526,-0.0725322562005627,0.494543133875826
"null",4000,269,5,0,800,744.892952520685,1.13624248727485,743.75671003341,797.741491360077,798.193098235934,2.25803437928564,35.920436391874,35.777066683248,35.7770876399966,-1.47126661443757,-1.52154419713826,0.910403787099524
"null",4000,269,5,1,800,774.586837462008,0.983265151572276,773.603572310436,797.731114678407,798.179984320443,2.24434821017894,35.9200900545138,35.776145112821,35.7770876399966,-0.644326814918182,-0.686949696019648,0.717409867164813
"null",4000,269,10,0,400,391.769628647739,0.594204441993415,391.175424205746,397.835028394231,398.051442657224,2.16414262993194,26.8805917105084,26.8327604183568,26.8328157299975,-0.225642344923535,-0.256254606096131,0.578606330797448
"null",4000,269,10,1,400,394.795691118583,0.437529169194774,394.358161949388,397.829563318081,398.045178647702,2.15615329620146,26.8799741167784,26.83191502877,26.8328157299975,-0.112867378008538,-0.137411612043335,0.535948509338639
"null",4000,269,25,0,160,158.548185836932,0.232641239186419,158.315544597746,157.89428974992,157.978441463068,2.1037928287038,17.5386199491394,17.5269122850343,17.5271218401653,0.0372832120719223,0.0192334581925128,0.472771125871003
"null",4000,269,25,1,160,160.020066212189,0.173400544857699,159.846665667331,157.889317680632,157.973440679788,2.10307497889057,17.5380705631871,17.526303688157,17.5271218401653,0.121492756223081,0.106880778792449,0.440133231363185
"null",4000,269,50,0,80,77.4421595083656,0.132200568223546,77.309958940142,77.9174026741282,77.9589797323841,2.07885291279448,12.52547118955,12.5213950516446,12.5219806739988,-0.0379421387483701,-0.0518329458950193,0.496541020351442
"null",4000,269,50,1,80,79.0431898962077,0.0745631356678154,78.9686267605399,77.911230128888,77.9528724386712,2.0821154891561,12.5250430375501,12.5209447682015,12.5219806739988,0.0903757187840456,0.0811244151837809,0.445712186042397
"null",4000,270,2,0,2000,1930.899150025,-0.813135868470124,1931.71228589347,1997.45936022265,1998.72959267126,2.54046489722043,45.2391383479325,44.7213565554336,44.7213595499958,-1.47129703677679,-1.49855263658467,0.856116638162019
"null",4000,270,2,1,2000,2014.10367855449,-1.21898467494086,2015.32266322943,1997.41417323552,1998.66540828677,2.50247010250617,45.2351240400851,44.7205979598841,44.7213595499958,0.368950139369173,0.372473886811649,0.395656077680496
"null",4000,270,5,0,800,762.667795651847,-0.350017821573788,763.017813473421,797.761584280685,798.209185117252,2.23800418283952,35.8810682255477,35.7770704162054,35.7770876399966,-0.978058635496545,-0.983629213751709,0.810857577781902
"null",4000,270,5,1,800,829.526100855806,-0.372872565396826,829.898973421203,797.712385685602,798.159544112885,2.23579213641108,35.8782247182616,35.7751119652838,35.7770876399966,0.886713749635745,0.887193011139089,0.21312794299555
"null",4000,270,10,0,400,391.105578126814,-0.11942981150458,391.225007938319,397.84049098619,398.056368012873,2.15877026682975,26.8674539878213,26.8327673919778,26.8328157299975,-0.250671792810292,-0.254590217056626,0.587891812938257
"null",4000,270,10,1,400,431.752394753941,-0.190820018601976,431.943214772543,397.819742645124,398.034856115966,2.15113470841699,26.8653608318139,26.8309883349511,26.8328157299975,1.26306332981145,1.26377598295203,0.117504639123373
"null",4000,270,25,0,160,118.555672309003,-0.0214985397788966,118.577170848782,157.903623613841,157.987410628154,2.09467535783556,17.5354256224201,17.5269372623109,17.5271218401653,-2.2439119615397,-2.24855256737403,0.991754654664603
"null",4000,270,25,1,160,145.672895555815,-0.071728736296537,145.744624292112,157.892774169377,157.976514157742,2.09349970913678,17.5340620993398,17.52565269483,17.5271218401653,-0.696922284427268,-0.69794204407798,0.750032604916333
"null",4000,270,50,0,80,59.8868963187828,-0.00996751722187329,59.8968638360046,77.9241948874538,77.9656441118091,2.07246121776557,12.5244154608469,12.5214596013372,12.5219806739988,-1.44017089061427,-1.44302508262494,0.936512175781188
"null",4000,270,50,1,80,86.4105526344204,-0.0296711804468769,86.4402238148673,77.9192698110634,77.9606934717777,2.07118303571494,12.523427760259,12.5205004189121,12.5219806739988,0.678031844468545,0.677251711942862,0.240858875127625
"null",4000,271,2,0,2000,1998.32801500766,-13.6883702940611,2012.01638530172,1997.45852370345,1998.72915940628,2.54127140566195,45.425602087953,44.721355496786,44.7213595499958,0.0191409968000559,0.297111430273868,0.493722904807763
"null",4000,271,2,1,2000,1979.74163107457,-11.2535161098932,1990.99514718447,1995.56727110407,1996.83162873333,2.52871525851722,45.4012815519233,44.704145627995,44.7213595499958,-0.348572539993147,-0.130557948639294,0.609940763981978
"null",4000,271,5,0,800,809.981363222997,-5.50522007931094,815.486583302308,797.747198019079,798.19766919482,2.25235587870198,35.9187372570382,35.7770681643598,35.7770876399966,0.340606773461118,0.483240103075598,0.376347036082661
"null",4000,271,5,1,800,805.878950132669,-5.70932972362561,811.588279856294,796.537670084736,796.98750162336,2.24915769311601,35.8734839091303,35.7308854060108,35.7770876399966,0.260395117229046,0.408631861959922,0.415566012832529
"null",4000,271,10,0,400,409.523912225881,-2.68829614005307,412.212208365934,397.833100655245,398.049705441712,2.16604786467562,26.8800237923707,26.832759220969,26.8328157299975,0.434925640726326,0.527806432711313,0.334269845281378
"null",4000,271,10,1,400,385.396034764685,-2.76931137243045,388.165346137116,397.163321890413,397.378351855577,2.1502996516419,26.8378759339284,26.7898088176989,26.8328157299975,-0.438458213112573,-0.343899644120424,0.66561815676041
"null",4000,271,25,0,160,163.881229496352,-1.1266905566483,165.007920053,157.889045763176,157.973408676152,2.10907282439808,17.538484102997,17.5269163233083,17.5271218401653,0.341659159251537,0.401354764699474,0.357844503858568
"null",4000,271,25,1,160,163.788118199501,-1.09795664269378,164.886074842195,157.608964028394,157.692918337922,2.0988577381948,17.5077340404247,17.4959015235287,17.5271218401653,0.352938544579193,0.411133801513436,0.359754481751273
"null",4000,271,50,0,80,84.8340282324978,-0.549763928791992,85.3837921612898,77.9060861619845,77.9478907459985,2.09022920069828,12.5254339992739,12.5214048107093,12.5219806739988,0.553109941812385,0.593855204563908,0.27928043986026
"null",4000,271,50,1,80,105.900253292836,-0.583214326347465,106.483467619184,77.7725930624759,77.8140789305804,2.07429340522343,12.5024354247259,12.4983032160778,12.5219806739988,2.24977448591596,2.29386247020499,0.0195032401385374
"null",4000,272,2,0,2000,2034.88376612944,-2.64660924826906,2037.53037537771,1997.46563219339,1998.73272231397,2.53418024117568,45.1357470767109,44.7213563384052,44.7213595499958,0.829013284580392,0.867541958480743,0.277443335340636
"null",4000,272,2,1,2000,2075.76140601392,-1.93368545231797,2077.69509146624,1997.3460767142,1998.60887719384,2.52560095928082,45.129951891272,44.720210177583,44.7213595499958,1.73754515601176,1.76846696288662,0.11028050618039
"null",4000,272,5,0,800,830.040060624257,-1.03841838991432,831.078479014172,797.757555571104,798.205962161532,2.24203295214073,35.8602279509986,35.7770701027672,35.7770876399966,0.900231451324446,0.918815228810381,0.209502398902503
"null",4000,272,5,1,800,907.393711594608,-0.930863360730675,908.324574955338,797.685084472535,798.131424427597,2.23169977531073,35.8558619020244,35.7739371962487,35.7770876399966,3.05971245153302,3.08026343097891,0.0041601247006243
"null",4000,272,10,0,400,438.901464789597,-0.48169078212073,439.383155571718,397.853467014713,398.068045348199,2.14578333486185,26.8604958726009,26.832766572514,26.8328157299975,1.52819210671221,1.53972607005943,0.0768953996929919
"null",4000,272,10,1,400,470.270816755591,-0.436635631805517,470.707452387397,397.795457517816,398.011320879486,2.15863361669998,26.8572424433088,26.8299435786513,26.8328157299975,2.69854060374063,2.70951488566511,0.00725432474569039
"null",4000,272,25,0,160,167.165811687791,-0.269889884630998,167.435701572422,157.905537854412,157.989248270716,2.09276040759459,17.5337164395485,17.5269367328222,17.5271218401653,0.528140960035816,0.538967729826743,0.293459080653746
"null",4000,272,25,1,160,165.118643023125,-0.239795006776721,165.358438029902,157.890049214554,157.97359491807,2.08864258791539,17.5315164632221,17.5248440944666,17.5271218401653,0.412319939563469,0.421392799389499,0.332881712723393
"null",4000,272,50,0,80,86.4939749250954,-0.185608745471255,86.6795836705666,77.9249839940481,77.9664192231182,2.07176145350159,12.5238300146259,12.5214730094299,12.5219806739988,0.684214886423721,0.695857782937088,0.238921458010706
"null",4000,272,50,1,80,84.1025467872132,-0.123624235070636,84.2261710222838,77.9131936009511,77.954664584421,2.07354917349456,12.5222444496749,12.5199268537098,12.5219806739988,0.494268676125608,0.500921971121938,0.298238347054152
"null",4000,273,2,0,2000,2027.46423513659,-0.659389269364758,2028.12362440595,1997.48701045093,1998.74338474343,2.51274858499442,45.5160586333121,44.7213541164816,44.7213595499958,0.658607655973923,0.656962210625396,0.317619663862352
"null",4000,273,2,1,2000,2025.94702401574,-2.2995355231077,2028.24655953885,1995.90203330975,1997.16616013352,2.52825364754203,45.4988130110844,44.7060704475619,44.7213595499958,0.660346692971267,0.695216535342337,0.326141843604338
"null",4000,273,5,0,800,827.928836108149,-0.238448612231744,828.167284720381,797.743521917731,798.19472168561,2.2559988393935,35.9370482981781,35.7770663314324,35.7770876399966,0.83994973487983,0.837759104033597,0.224636090401201
"null",4000,273,5,1,800,771.335228069307,-0.907323254781188,772.242551324088,796.748130173468,797.196542208417,2.24206017474038,35.9005130636316,35.7384342848498,35.7770876399966,-0.707870164950519,-0.698239623074548,0.744827704439556
"null",4000,273,10,0,400,444.256734778443,-0.149223238959776,444.405958017403,397.834253833968,398.050743111435,2.16489277466834,26.886139814648,26.8327584383365,26.8328157299975,1.72663243085509,1.7275605492628,0.054422372789641
"null",4000,273,10,1,400,441.55870227704,-0.328303655843785,441.887005932884,397.2837692187,397.498642153738,2.14872935037889,26.8516888890407,26.7972061055721,26.8328157299975,1.64886958288912,1.65645491564573,0.0649697123415429
"null",4000,273,25,0,160,165.037133879405,-0.11329699237816,165.150430871783,157.888388247069,157.972775616774,2.10968424263218,17.5399779827946,17.5269108061486,17.5271218401653,0.40756867764308,0.409521982190453,0.334501106078589
"null",4000,273,25,1,160,153.452221679423,-0.271619217158472,153.723840896581,157.662127188584,157.745991882617,2.09661735083597,17.5147175358159,17.5013242605449,17.5271218401653,-0.240363882577725,-0.229819808270362,0.587346414013643
"null",4000,273,50,0,80,86.0171403379769,-0.0478431638954573,86.0649835018723,77.908756605869,77.9505047205036,2.08740573173185,12.5259299233211,12.5213799769371,12.5219806739988,0.647327885573702,0.648049879191795,0.250126769425151
"null",4000,273,50,1,80,77.320784498177,-0.0771597390144999,77.3979442371916,77.7979871743596,77.8394971907774,2.07550082088554,12.5070739958933,12.5024059479741,12.5219806739988,-0.0381546216436625,-0.0353174385332888,0.500435681376255
"null",4000,274,2,0,2000,2018.26012557643,-9.13087402620982,2027.39099960264,1997.44233906531,1998.72106432353,2.55745051644682,45.4939731563474,44.7213553427682,44.7213595499958,0.457594381558627,0.641079302256569,0.370714480254093
"null",4000,274,2,1,2000,1983.01348943442,-9.11092202406885,1992.12441145849,1997.46861783325,1998.73405934235,2.53088301820911,45.4941935020366,44.721352390936,44.7213595499958,-0.317735677591077,-0.147796243416032,0.589834162390394
"null",4000,274,5,0,800,792.699175877378,-3.61877309333872,796.317948970716,797.734904212163,798.187829961051,2.26462874443827,35.9325784864453,35.7770672748408,35.7770876399966,-0.140143806731967,-0.0522647923031264,0.54628615069704
"null",4000,274,5,1,800,772.550353407486,-3.60802271430019,776.158376121787,797.742840394931,798.194139180771,2.25649392920134,35.9326441935669,35.7770595737696,35.7770876399966,-0.701103065272177,-0.61591878487242,0.734737754750598
"null",4000,274,10,0,400,397.345143462395,-1.78771080835005,399.132854270745,397.837254408086,398.053448285522,2.16193877436422,26.8846516492969,26.8327621868206,26.8328157299975,-0.01830453122885,0.0402271662420383,0.499835656467443
"null",4000,274,10,1,400,394.356577526762,-1.75176783048388,396.108345357246,397.831286935775,398.048066373794,2.16779438019053,26.8846713565575,26.8327551340813,26.8328157299975,-0.129245002214456,-0.0722892974223388,0.542162633793487
"null",4000,274,25,0,160,165.581303652568,-0.706125671894492,166.287429324463,157.885606687962,157.97010707026,2.11250955745054,17.5396168003789,17.5269159678525,17.5271218401653,0.438760837947176,0.47454567988222,0.323759380891608
"null",4000,274,25,1,160,162.517682378778,-0.662713313780762,163.180395692559,157.885348980469,157.969857754113,2.1127193410984,17.5396183374089,17.5269108409622,17.5271218401653,0.264106852794484,0.297287866967906,0.38622076827481
"null",4000,274,50,0,80,73.9502816424305,-0.330181755032993,74.2804633974634,77.9098003907831,77.9515333761655,2.08664926911602,12.5258484971092,12.5214251184839,12.5219806739988,-0.316107826888252,-0.293183079718525,0.60887267291561
"null",4000,274,50,1,80,71.8423786925239,-0.302326777567309,72.1447054700912,77.9110430821291,77.9527507734134,2.08538456421536,12.5258471425794,12.5214217168901,12.5219806739988,-0.484491333841675,-0.463848709407158,0.674668807987802
"null",4000,275,2,0,2000,1986.23386715924,-2.03962759418507,1988.27349475342,1997.4808699518,1998.74033328486,2.51892666612171,45.3120043095275,44.7213555888172,44.7213595499958,-0.248212432090501,-0.234045645388621,0.569832202079365
"null",4000,275,2,1,2000,1991.16998654485,-1.16347680568734,1992.33346335053,1997.41099114224,1998.6836231391,2.54526399372502,45.3089296787036,44.720951320421,44.7213595499958,-0.137743368507018,-0.141995185725572,0.538882951707001
"null",4000,275,5,0,800,819.985421893353,-0.855785461375459,820.841207354729,797.74401981655,798.195121547216,2.25550865332655,35.8957709963248,35.7770670989581,35.7770876399966,0.619610652159554,0.632977704541145,0.287057934369573
"null",4000,275,5,1,800,807.79680857103,-0.561673953179486,808.35848252421,797.729967688718,798.178085377515,2.24058844398481,35.8938402348582,35.7759599533689,35.7770876399966,0.28046151697459,0.284559719989729,0.397084009770247
"null",4000,275,10,0,400,389.005464464847,-0.427078368310869,389.432542833158,397.841986243104,398.057704768513,2.15718525408555,26.8723564263199,26.8327607910214,26.8328157299975,-0.328833156202211,-0.321441464876822,0.616980338201131
"null",4000,275,10,1,400,359.547458276297,-0.337268350339047,359.884726626637,397.835448391385,398.050194965001,2.14746573616405,26.871031916602,26.8317402332111,26.8328157299975,-1.4248797825822,-1.42240003841142,0.917070249393181
"null",4000,275,25,0,160,177.662190944441,-0.195144358387633,177.857335302829,157.903176248465,157.986976451797,2.09500508329112,17.5366127164296,17.5269235658782,17.5271218401653,1.12672926154458,1.13370488416554,0.135576733969507
"null",4000,275,25,1,160,158.05420361692,-0.190929011288833,158.245132628209,157.89369526318,157.977601556399,2.09765733046178,17.5358052287036,17.5261936090053,17.5271218401653,0.00915317840536495,0.0152646420425803,0.483822514497453
"null",4000,275,50,0,80,81.1662607908469,-0.0741577039834213,81.2404184948303,77.9197650495518,77.9612985710489,2.07667607485575,12.5247981994336,12.5214250317308,12.5219806739988,0.259205433061738,0.261880729667085,0.380798862634173
"null",4000,275,50,1,80,72.2729939939508,-0.0335980578676423,72.3065920518185,77.9141334697372,77.9557116094225,2.07890698426909,12.5242442092152,12.5208989629422,12.5219806739988,-0.45041755666467,-0.451175237043572,0.661483167014142
"null",4000,276,2,0,2000,2041.87644094389,3.38236515775132,2038.49407578614,1997.48207834808,1998.74093498975,2.51771328332882,45.2508291915104,44.7213553500335,44.7213595499958,0.981072908253641,0.88890733487929,0.242086959514028
"null",4000,276,2,1,2000,1994.07285529579,3.4805347928891,1990.5923205029,1997.47246863094,1998.73221501968,2.51949277746942,45.2514793506556,44.7212869471234,44.7213595499958,-0.0751271203490408,-0.182013870182153,0.520583161818065
"null",4000,276,5,0,800,826.349892101682,1.28848887645568,825.061403225226,797.761800852016,798.20934817335,2.23773660666659,35.8834246820646,35.7770674821199,35.7770876399966,0.796693501329995,0.750538178270091,0.236365998299805
"null",4000,276,5,1,800,765.080473199662,1.30285887590384,763.777614323758,797.747804366287,798.197167224916,2.24681429314692,35.8834838517795,35.7768799948346,35.7770876399966,-0.910372340142896,-0.962061334194794,0.793573669139323
"null",4000,276,10,0,400,447.693329483369,0.64129639360046,447.052033089769,397.848567916949,398.063629574252,2.15061657303103,26.8682339262633,26.8327613950513,26.8328157299975,1.85515585814883,1.82569370309207,0.0430499883004896
"null",4000,276,10,1,400,393.615689259691,0.630801457891599,392.9848878018,397.842264311842,398.057668542462,2.15404230619946,26.8681478947119,26.8325811119599,26.8328157299975,-0.157308016492762,-0.189053029207161,0.55263365539455
"null",4000,276,25,0,160,173.791657316848,0.27463645365237,173.517020863195,157.907863135942,157.991477337705,2.09035504408484,17.5356058434949,17.5269273601661,17.5271218401653,0.905802418386265,0.885810912914238,0.184704812042753
"null",4000,276,25,1,160,156.562315753034,0.273168981049031,156.289146771985,157.90116836407,157.98500238207,2.09585045000299,17.5355009220637,17.5267992520463,17.5271218401653,-0.0763509760562648,-0.0967578612441883,0.517380364694941
"null",4000,276,50,0,80,83.2666032707468,0.173769422573652,83.0928338481732,77.9241133332143,77.9655588289553,2.07227478704582,12.5244343888597,12.5214161779093,12.5219806739988,0.426565365880681,0.409480441059346,0.32073385819529
"null",4000,276,50,1,80,84.4584805072851,0.191630014955614,84.2668504923295,77.9231186352247,77.9645712224313,2.0726293603325,12.5243440088597,12.5213171995657,12.5219806739988,0.521812708708522,0.503323984965159,0.288926760188987
"null",4000,277,2,0,2000,1990.45967172374,-2.17770544905455,1992.6373771728,1997.47372265916,1998.73675861059,2.52607190286492,45.4460848174243,44.7213550884496,44.7213595499958,-0.154337848102807,-0.136386328762479,0.543352484325395
"null",4000,277,2,1,2000,1931.07240014605,-1.22184073868033,1932.29424088473,1996.98230852872,1998.23889242309,2.51316778875585,45.4260013403349,44.7160187455099,44.7213595499958,-1.45092912512517,-1.47474335570151,0.855479971485781
"null",4000,277,5,0,800,808.261259358375,-0.851827498333444,809.113086856708,797.765637825832,798.212411486409,2.23386830288558,35.9228796025749,35.777065892827,35.7770876399966,0.292170940878311,0.304683324310408,0.39264541871076
"null",4000,277,5,1,800,780.249091272499,-1.00080730581208,781.249898578311,797.453211699389,797.898395817727,2.22592059168742,35.9067611399549,35.7646829874489,35.7770876399966,-0.479133173828539,-0.465501043173173,0.666746472200547
"null",4000,277,10,0,400,404.466635413163,-0.445890778708159,404.912526191871,397.870268423808,398.083152987085,2.12884563277351,26.8814041561905,26.8327566733975,26.8328157299975,0.245387739086382,0.254516272327563,0.400684983812046
"null",4000,277,10,1,400,370.98340077463,-0.671629327400324,371.655030102031,397.691407557761,397.904065456001,2.12657898240058,26.8686520061275,26.8213301386045,26.8328157299975,-0.994021091085626,-0.978662699363662,0.830559096124472
"null",4000,277,25,0,160,132.306282492178,-0.200139468805735,132.506421960984,157.923871685247,158.006839405533,2.07419300716619,17.5388177238526,17.526910359834,17.5271218401653,-1.46062235188343,-1.45492941545407,0.932422090906709
"null",4000,277,25,1,160,164.322273657371,-0.249284708611243,164.571558365982,157.848372130735,157.931287800058,2.07289173307885,17.5302605894196,17.5186849587348,17.5271218401653,0.369298647536513,0.37903932752741,0.348856111319533
"null",4000,277,50,0,80,59.5686654064674,-0.117579349149847,59.6862447556172,77.9450151679092,77.9860393333928,2.05120827417882,12.5255385098301,12.5213903920128,12.5219806739988,-1.46711055552782,-1.46148263130976,0.940219376776598
"null",4000,277,50,1,80,82.7900505472427,-0.145916504136223,82.9359670513789,77.9005880845057,77.9417319837598,2.05719496270118,12.5194684785997,12.5154386694884,12.5219806739988,0.390548725858037,0.399045946331448,0.333935627698849
"null",4000,278,2,0,2000,1986.16095231878,4.64062783041681,1981.52032448836,1997.45861185566,1998.72921845428,2.54121319725169,45.1077380583982,44.7213563359147,44.7213595499958,-0.250459456030687,-0.384802594909309,0.570287033385627
"null",4000,278,2,1,2000,1976.88676418666,6.38951762686724,1970.49724655979,1997.01560849224,1998.27062266893,2.51002835338755,45.1040825830749,44.717876344258,44.7213595499958,-0.446275440111352,-0.621079943406296,0.627267401566641
"null",4000,278,5,0,800,818.602551002857,1.85073006324191,816.751820939615,797.734790860466,798.187750287074,2.26479713304239,35.8545901810887,35.7770703085743,35.7770876399966,0.582010839811459,0.518881800338238,0.298753391551474
"null",4000,278,5,1,800,803.557379345876,2.8360886170216,800.721290728854,797.455906346893,797.90714387901,2.256187660588,35.8445353063573,35.7663350379764,35.7770876399966,0.170220451927602,0.078681442950635,0.438227078913853
"null",4000,278,10,0,400,405.163669192423,0.967548852943768,404.19612033948,397.837141707986,398.053355796463,2.1621408847724,26.8586158101035,26.8327686897304,26.8328157299975,0.272781275708245,0.228927719462946,0.391274443203921
"null",4000,278,10,1,400,409.947458890484,1.2828962404443,408.66456265004,397.684098475237,397.899194605142,2.15096129904888,26.8487899052842,26.8225670897493,26.8328157299975,0.456756541300726,0.401354874381596,0.328927887605099
"null",4000,278,25,0,160,173.889954585278,0.409716764806751,173.480237820471,157.893230823576,157.977435467167,2.10511608978308,17.5332649436558,17.5269424552264,17.5271218401653,0.912364229543581,0.884512652044518,0.183324604273369
"null",4000,278,25,1,160,161.776313988448,0.546137790544714,161.230176197904,157.8309468522,157.91485406262,2.09768026049877,17.525951217213,17.5195168052568,17.5271218401653,0.225115720530647,0.189235934537214,0.4019877934869
"null",4000,278,50,0,80,73.8088378770163,0.199556415973035,73.6092814610433,77.9151342741732,77.956767318098,2.08165219624064,12.523677844716,12.5214796956506,12.5219806739988,-0.327882627457515,-0.347202244680785,0.613371215696467
"null",4000,278,50,1,80,80.948658442163,0.276857652417561,80.6718007897455,77.8858931155036,77.9274008519204,2.07538682084365,12.5182366566038,12.51599713265,12.5219806739988,0.244664277459858,0.219271377960436,0.387280713114641
"null",4000,279,2,0,2000,1989.30933323028,-17.410480946628,2006.71981417691,1997.47427370359,1998.73702553073,2.52550365428171,45.7615285220103,44.7213545863459,44.7213595499958,-0.17842368332123,0.178500600440619,0.550581175762085
"null",4000,279,2,1,2000,1986.79257708635,-16.1966315176058,2002.98920860396,1997.35521321849,1998.62256489044,2.53470334389928,45.7636351764602,44.7201163181249,44.7213595499958,-0.230808503114115,0.0976438362202351,0.566344395339235
"null",4000,279,5,0,800,778.59089403644,-6.97604792228574,785.566941958725,797.760208472032,798.208064940633,2.23928234300602,35.9868872540726,35.7770648450146,35.7770876399966,-0.53267497964617,-0.353330353864094,0.681932082385029
"null",4000,279,5,1,800,815.895243489898,-6.76234257755999,822.657586067458,797.681918353057,798.131142974571,2.24612310756666,35.9853743449557,35.7742728572766,35.7770876399966,0.506131323305065,0.685588864118546,0.322293952649516
"null",4000,279,10,0,400,412.938895438283,-3.56137741772502,416.500272856008,397.846094704616,398.061397042251,2.15302337634129,26.9027975849492,26.8327567923703,26.8328157299975,0.561012314277336,0.687177838506734,0.292336805137729
"null",4000,279,10,1,400,406.056676268094,-3.42489069851511,409.481566966609,397.814528173619,398.028924248021,2.14396074402041,26.900736014674,26.8301839888267,26.8328157299975,0.306391174203524,0.426856659773837,0.379326724615431
"null",4000,279,25,0,160,151.070382369094,-1.44556379838116,152.515946167475,157.907625338397,157.991238739656,2.09033503147594,17.5440489663801,17.5268983455451,17.5271218401653,-0.389718643763805,-0.312393697061237,0.639834987421076
"null",4000,279,25,1,160,155.924175727955,-1.44086447087068,157.365040198826,157.894470522637,157.977922461698,2.0862984765327,17.5423412792827,17.5250546819363,17.5271218401653,-0.112316523964148,-0.0349717746389791,0.531775643777564
"null",4000,279,50,0,80,66.1099906567364,-0.739715191463547,66.8497058482,77.9207815687837,77.9622885631708,2.07534971935839,12.5273551862286,12.5213752923519,12.5219806739988,-0.942800035320376,-0.887488990267585,0.829205930567884
"null",4000,279,50,1,80,79.6726666477174,-0.722093153873143,80.3947598015906,77.9190520468227,77.9604204984577,2.06842258175118,12.5260615915519,12.5200340634046,12.5219806739988,0.139997283909048,0.194435517571657,0.426109012413236
"null",4000,280,2,0,2000,2079.92715064443,10.614285652775,2069.31286499166,1997.4537514536,1998.72677817462,2.54605344204036,45.2799595635646,44.7213556912429,44.7213595499958,1.82141061930618,1.57835302007309,0.0986575657926663
"null",4000,280,2,1,2000,1964.28220322691,10.4588608205453,1953.82334240636,1997.14788992541,1998.41315650324,2.53053315565239,45.2674161626954,44.7184513955368,44.7213595499958,-0.726034076705011,-0.997123395496782,0.700507582991954
"null",4000,280,5,0,800,850.326504867077,4.26436202052055,846.062142846556,797.740109476738,798.192001392843,2.25945958052534,35.8893013412104,35.7770688967724,35.7770876399966,1.46523875988512,1.33801183075765,0.0970030593160717
"null",4000,280,5,1,800,763.414693704229,4.62385928000652,758.790834424223,797.533566627941,797.98655503953,2.26494205794095,35.8789128237493,35.7693673741803,35.7770876399966,-0.950945004697234,-1.09579015489101,0.805600820331598
"null",4000,280,10,0,400,433.856352816852,2.13647979328951,431.719873023562,397.834222737559,398.050721394227,2.16498656668395,26.8701963289569,26.8327634911991,26.8328157299975,1.34059794868241,1.25477763929826,0.104181954183338
"null",4000,280,10,1,400,381.074159148117,2.21721877892173,378.856940369196,397.722241047994,397.938483781356,2.162427333626,26.8620633371629,26.8255723552424,26.8328157299975,-0.619761843716763,-0.711319153212099,0.720700998007439
"null",4000,280,25,0,160,174.539476665388,0.781379257482169,173.758097407906,157.901066825937,157.984952628708,2.09714506927613,17.5360862484111,17.5269270512948,17.5271218401653,0.948809763122542,0.899937834683519,0.174379461757053
"null",4000,280,25,1,160,167.528220404242,0.815564397034488,166.712656007208,157.845605835421,157.929736494379,2.10326647395021,17.5305690362164,17.5216511997444,17.5271218401653,0.552327454335233,0.50126094925101,0.286743655482258
"null",4000,280,50,0,80,78.6540366868379,0.396522648105907,78.257514038732,77.9164639350602,77.9580656347488,2.08008498443072,12.5246302453251,12.5214421669403,12.5219806739988,0.0588897825588945,0.0239148494231641,0.457953552631017
"null",4000,280,50,1,80,79.7410187288105,0.391233795260132,79.3497849335504,77.8894183731805,77.9310535182772,2.08175725483107,12.520622055229,12.517517454834,12.5219806739988,0.147884054599085,0.113339679404669,0.423996627537069
"null",4000,281,2,0,2000,2048.29832915158,10.8338398321465,2037.46448931943,1997.46340162487,1998.73159930964,2.5363953695485,45.3586234436528,44.7213558102989,44.7213595499958,1.1207334717699,0.86609382269372,0.211963097968404
"null",4000,281,2,1,2000,1986.14914542364,11.064580150613,1975.08456527302,1997.38202707542,1998.64263784815,2.52122154547181,45.3534065419635,44.7204329749576,44.7213595499958,-0.247674485959247,-0.526785431355787,0.570360675229261
"null",4000,281,5,0,800,901.942277882439,4.34815846293249,897.594119419507,797.751037410345,798.200739877961,2.24851233807615,35.9051917008952,35.7770681666562,35.7770876399966,2.90184331391541,2.77813092673088,0.00598145953735644
"null",4000,281,5,1,800,805.106762853273,3.94068025907736,801.166082594196,797.683190352337,798.134484034023,2.25646840842998,35.9016684848375,35.774770722871,35.7770876399966,0.206775139268858,0.0847412435891633,0.423071335224794
"null",4000,281,10,0,400,430.32295403851,2.10609227561256,428.216861762898,397.848459833549,398.063533681564,2.1507384801484,26.8755025814006,26.8327627479561,26.8328157299975,1.20833067610931,1.12375040783419,0.127245269940505
"null",4000,281,10,1,400,411.245964534391,1.98527042020383,409.260694114187,397.813587096476,398.02876216364,2.15175067163996,26.8729379404468,26.830635990717,26.8328157299975,0.49984774525517,0.418623395823814,0.31279313495692
"null",4000,281,25,0,160,194.844304652074,0.828275976236791,194.016028675837,157.90251779223,157.986346138936,2.09570866767254,17.5373889479964,17.5269287606167,17.5271218401653,2.10645877612614,2.0556757563744,0.024575880769339
"null",4000,281,25,1,160,185.118162386532,0.78808551978741,184.330076866744,157.890026586982,157.973775538049,2.09372377666402,17.5357297276235,17.5253810011926,17.5271218401653,1.55272328112229,1.5038932007756,0.0690293371869939
"null",4000,281,50,0,80,92.9019265745034,0.406508885678961,92.4954176888245,77.920786673529,77.9623014574686,2.07573919698432,12.5250810399686,12.5214384298285,12.5219806739988,1.19609125507199,1.16065868253084,0.119553877213023
"null",4000,281,50,1,80,88.0470997510847,0.368939468202302,87.6781602828824,77.9158357499021,77.9573003755636,2.07323128307887,12.5238881827313,12.5202847238465,12.5219806739988,0.80895516259497,0.776408853450765,0.204653005876037
"null",4000,282,2,0,2000,1919.40810555134,3.01185079676841,1916.39625475457,1997.46023904991,1998.73001772661,2.53955735339957,45.2962710151933,44.7213557795475,44.7213595499958,-1.72314699972523,-1.84103906370596,0.89423572136447
"null",4000,282,2,1,2000,2002.86536601514,3.36477626966951,1999.50058974547,1997.39785557757,1998.66280078332,2.52989041150857,45.2972590049849,44.7207091849083,44.7213595499958,0.120702898092947,0.0187338031398485,0.465157464380747
"null",4000,282,5,0,800,816.451473019552,1.12396299436511,815.327510025187,797.74932931033,798.199371942341,2.25021316005654,35.8925944153142,35.7770678731772,35.7770876399966,0.521058564137753,0.478746278022611,0.317390409463238
"null",4000,282,5,1,800,785.678626141192,1.50989901014428,784.168727131047,797.708097862017,798.157187578381,2.2454485818194,35.8915032937914,35.7753225131379,35.7770876399966,-0.335162102917718,-0.391008646873732,0.61535808982118
"null",4000,282,10,0,400,431.132139094979,0.567084967298063,430.565054127681,397.845477934747,398.060849693738,2.15371758991591,26.8712996440791,26.8327625764396,26.8328157299975,1.23874399828541,1.21136257742177,0.121661781877788
"null",4000,282,10,1,400,389.283320991153,0.616528656302226,388.666792334851,397.832984510816,398.046987460013,2.14002949197158,26.8699253548081,26.8311246108801,26.8328157299975,-0.318187096047648,-0.349601265738938,0.613159604158763
"null",4000,282,25,0,160,163.801474290469,0.303415112673896,163.498059177795,157.901010865539,157.984899921659,2.09722640301577,17.5363597158666,17.5269298786713,17.5271218401653,0.336470254974946,0.314553620873699,0.359480249340304
"null",4000,282,25,1,160,168.202111363932,0.291532364953023,167.910578998979,157.89496096193,157.978651987448,2.0922756379458,17.5352555911025,17.52575528865,17.5271218401653,0.587795846399416,0.566704649697089,0.274478734035992
"null",4000,282,50,0,80,93.9002217800709,0.196952598493563,93.7032691815774,77.9221861517003,77.9636736700388,2.07437591692491,12.5247266205698,12.5214439025941,12.5219806739988,1.27571931207898,1.25701122282533,0.105994738072124
"null",4000,282,50,1,80,81.4536927162268,0.125431600217725,81.3282611160091,77.9172374392656,77.9587084567306,2.0735508732516,12.5238598916829,12.5205512894694,12.5219806739988,0.28237742257958,0.269121748825264,0.372305759599927
"null",4000,283,2,0,2000,2170.28546436444,12.373980590614,2157.91148377382,1997.45041365494,1998.72512352345,2.54941973701338,45.0755435369684,44.7213567377918,44.7213595499958,3.83434202113932,3.5595154499383,0.00389209931768707
"null",4000,283,2,1,2000,2037.70846721043,10.0456028782306,2027.6628643322,1997.04731833572,1998.31290264532,2.53116861920678,45.063075943953,44.7180580595052,44.7213595499958,0.902316320467821,0.656333547575355,0.262852668028474
"null",4000,283,5,0,800,847.81616998128,4.97734744731551,842.838822533964,797.768424500638,798.214662440803,2.2311897008285,35.8481113736471,35.7770716044561,35.7770876399966,1.39610550076101,1.24728375163055,0.107760674838653
"null",4000,283,5,1,800,828.172383063631,4.17006744037715,824.002315623254,797.484892128039,797.933331515204,2.2421969358258,35.8357020801649,35.7668594927615,35.7770876399966,0.856338487995691,0.728858627169268,0.222857948529258
"null",4000,283,10,0,400,452.528698329951,2.47834651960382,450.050351810347,397.852956408447,398.067590834132,2.14634425684636,26.8564559571196,26.8327702694691,26.8328157299975,2.03585097038873,1.93728640219317,0.0304464709218898
"null",4000,283,10,1,400,433.988545006196,2.19524032245388,431.793304683742,397.697125652912,397.912044870294,2.14919217381364,26.8461769565301,26.8232401156722,26.8328157299975,1.35182821047658,1.26313076523713,0.103384385065696
"null",4000,283,25,0,160,190.026872766822,0.969351461769168,189.057521305053,157.909954265536,157.993493435409,2.08847924682911,17.5327463509659,17.5269522528941,17.5271218401653,1.83182473859934,1.77235764789139,0.0418623010898878
"null",4000,283,25,1,160,174.865096409181,0.969490838364719,173.895605570816,157.838783184114,157.922571020379,2.09469590661501,17.5256385723888,17.5200269614503,17.5271218401653,0.971508864269959,0.911701482285596,0.170009260210372
"null",4000,283,50,0,80,90.2645507177783,0.493062548926023,89.7714881688523,77.9315268686688,77.972834176282,2.06536538065879,12.5235115738785,12.5214968851106,12.5219806739988,0.984789591669613,0.942271846635216,0.161702305724222
"null",4000,283,50,1,80,91.7581093400958,0.497404848300266,91.2607044917955,77.8911016614848,77.9325495650562,2.07239517856829,12.5182883504256,12.5163375661312,12.5219806739988,1.10773991542857,1.06486061568081,0.136676417539134
"null",4000,284,2,0,2000,1998.70842351209,-4.46481222721574,2003.1732357393,1997.46497793565,1998.73238345667,2.5348110420446,45.3180140005815,44.7213548003627,44.7213595499958,0.0274382186391665,0.0993004863662646,0.491323058418469
"null",4000,284,2,1,2000,2003.23523296096,-4.34633670150531,2007.58156966246,1997.45986343532,1998.72733426814,2.53494166564494,45.3185765578913,44.7213088503244,44.7213595499958,0.127439340868539,0.197986946758531,0.462836727137331
"null",4000,284,5,0,800,807.85836576346,-1.75624770590666,809.614613469367,797.742890667716,798.194220159206,2.25664745744748,35.8969850221455,35.7770674290262,35.7770876399966,0.281791774142126,0.319209877467359,0.396494851208799
"null",4000,284,5,1,800,825.287739638765,-1.78906633041956,827.076805969185,797.744908026684,798.195191252404,2.25141612860184,35.8970615892814,35.776945281378,35.7770876399966,0.767272595378829,0.807268884742204,0.244451270285889
"null",4000,284,10,0,400,377.399288523054,-0.879269642072419,378.278558165126,397.84343163201,398.059008867788,2.1557723577839,26.8727608133758,26.8327627918527,26.8328157299975,-0.760775688472617,-0.737175327643411,0.764061922668299
"null",4000,284,10,1,400,372.25641311682,-0.871983831956177,373.128396948776,397.836754276044,398.052817472424,2.16063196380292,26.8727254687012,26.8326490086777,26.8328157299975,-0.951907211236062,-0.928884081314042,0.818363415284244
"null",4000,284,25,0,160,143.183296234471,-0.368793849532411,143.552090084003,157.899995851593,157.983925690272,2.09824596697647,17.5367165512103,17.526929967335,17.5271218401653,-0.839193561357186,-0.823409212746613,0.794822368986598
"null",4000,284,25,1,160,150.664587597301,-0.418197628801553,151.082785226103,157.897941838208,157.981922651316,2.09952032769926,17.5366533331153,17.5268467142278,17.5271218401653,-0.412470618167927,-0.393632553402351,0.648603368697523
"null",4000,284,50,0,80,57.1229052989588,-0.167533531502437,57.2904388304612,77.9204901710765,77.9620122674848,2.07610482041686,12.5248566981406,12.5214488486,12.5219806739988,-1.6605048164108,-1.65089309447883,0.963646656116815
"null",4000,284,50,1,80,65.5540912566859,-0.186325679107245,65.7404169357931,77.9217495969448,77.9632386688949,2.07445359750656,12.5248028817142,12.5213883288453,12.5219806739988,-0.987453332165035,-0.976155471909162,0.841555798261921
"null",4000,285,2,0,2000,2021.70937707144,11.6473189050105,2010.06205816642,1997.48750489951,1998.74364979642,2.5122897938309,45.2260003961529,44.7213552245843,44.7213595499958,0.535574049435264,0.253087329602672,0.350441634979084
"null",4000,285,2,1,2000,1924.96064616689,11.4474514285342,1913.51319473835,1997.46189291698,1998.72551022653,2.52723461910127,45.2248675589319,44.7212573685862,44.7213595499958,-1.60312789541312,-1.90540965308432,0.876820811940745
"null",4000,285,5,0,800,794.707789476678,4.68800150924393,790.019787967434,797.756901420559,798.205431451921,2.24265015680963,35.8784158733952,35.7770682482026,35.7770876399966,-0.0849845755353436,-0.228795814897387,0.526242479193483
"null",4000,285,5,1,800,778.365582064202,4.63254626574408,773.733035798458,797.750212975908,798.198729579076,2.24258301584105,35.8778485601774,35.7768111952783,35.7770876399966,-0.5402952431552,-0.683842214083286,0.683974433349683
"null",4000,285,10,0,400,420.212886326798,2.30651159628371,417.906374730515,397.846271587474,398.061561778278,2.15290190804017,26.8665587945731,26.8327607600724,26.8328157299975,0.832507613287716,0.739574027796866,0.212826811525203
"null",4000,285,10,1,400,391.826612693869,2.28576092752296,389.540851766346,397.836997699649,398.052841145385,2.15843445735949,26.866213187626,26.8325266233693,26.8328157299975,-0.223715376774721,-0.317226532503474,0.577807890235453
"null",4000,285,25,0,160,151.417715521607,1.00206030584154,150.415655215765,157.903492100507,157.98728001172,2.09469778033178,17.5351928639956,17.5269247179548,17.5271218401653,-0.369871984255,-0.431999618746496,0.632283402194321
"null",4000,285,25,1,160,146.493540471714,1.03212465576995,145.461415815944,157.897633121386,157.981588606694,2.09888713270428,17.5349857435951,17.5267465462357,17.5271218401653,-0.650362242457929,-0.714346656278854,0.734328895108881
"null",4000,285,50,0,80,80.6833818049573,0.494384339838575,80.1889974651188,77.9236025256691,77.9650621404846,2.07298074077954,12.5243235170563,12.5214474887822,12.5219806739988,0.220353560456169,0.177610082750138,0.395241024998348
"null",4000,285,50,1,80,75.2530358660371,0.526405472367315,74.7266303936698,77.9257833666976,77.9671827961952,2.06997147487848,12.5241859004744,12.5213195050211,12.5219806739988,-0.213406885038278,-0.258802788414268,0.567102790085066
"null",4000,286,2,0,2000,1947.71388523712,-1.78091093094844,1949.49479616807,1997.45698544547,1998.72840063303,2.54283037511919,45.2157024754069,44.7213564235846,44.7213595499958,-1.10012888189468,-1.1008969405722,0.785730968035181
"null",4000,286,2,1,2000,1909.78238117119,-1.78808517703249,1911.57046634822,1997.47750663883,1998.73852792575,2.52204257384446,45.2155321184513,44.7213540546545,44.7213595499958,-1.93949117391571,-1.94913735105156,0.920143886639263
"null",4000,286,5,0,800,769.718720293701,-0.686474433364702,770.405194727065,797.729962953805,798.183887588515,2.26962317355071,35.8763426853367,35.7770702644079,35.7770876399966,-0.780771967359774,-0.776438446640622,0.757948675797962
"null",4000,286,5,1,800,794.536029879146,-0.681226350990516,795.217256230137,797.733313599641,798.186535961899,2.26611181129272,35.8762854885554,35.7770641905383,35.7770876399966,-0.0891196977879661,-0.0829939459523382,0.527958446226273
"null",4000,286,10,0,400,415.05831851163,-0.39248480881235,415.450803320443,397.833045483094,398.049665724707,2.16620241613748,26.8658726613736,26.8327664556362,26.8328157299975,0.64115814310779,0.64850330004196,0.267715538182411
"null",4000,286,10,1,400,384.935687461634,-0.383765682264714,385.319453143899,397.828611752942,398.045666840706,2.1705508776456,26.8658494818337,26.8327611172848,26.8328157299975,-0.479900116317766,-0.474278947335375,0.671666887803447
"null",4000,286,25,0,160,150.441605480847,-0.139170364954294,150.580775845801,157.893844560849,157.978023220045,2.10446647990126,17.535040950818,17.5269386663302,17.5271218401653,-0.424991256131343,-0.422050166036967,0.653395110483839
"null",4000,286,25,1,160,151.496793182234,-0.148178573860504,151.644971756094,157.893457950156,157.977650615589,2.1048166358261,17.5350326354962,17.5269347775665,17.5271218401653,-0.364793433858436,-0.361311258349659,0.630558460361601
"null",4000,286,50,0,80,73.1538883837699,-0.120181367557612,73.2740697513275,77.9098641370859,77.9516018563596,2.08688596368144,12.524294761758,12.5214742137488,12.5219806739988,-0.379740004829495,-0.373560814420399,0.634068990502384
"null",4000,286,50,1,80,73.1098033238097,-0.119766320336585,73.2295696441463,77.9085518677745,77.9503154943627,2.08818132940999,12.5242907199259,12.52147160004,12.5219806739988,-0.383155314043456,-0.37701206383771,0.635453419486991
"null",4000,287,2,0,2000,2028.54106252937,8.78731928488014,2019.75374324449,1997.45944354161,1998.72962304905,2.54035901487205,45.2868890557043,44.7213560183575,44.7213595499958,0.68632709457087,0.470113656366066,0.311631427404954
"null",4000,287,2,1,2000,2040.04919261409,8.73194381212809,2031.31724880197,1997.45450028703,1998.72690584296,2.54481111187186,45.2866409925709,44.7213513873867,44.7213595499958,0.940557555020557,0.728742355674743,0.251076218645962
"null",4000,287,5,0,800,785.740669169277,3.49611807613785,782.244551093139,797.746351944427,798.196993885897,2.25320970735113,35.8907004474119,35.777068806966,35.7770876399966,-0.334506783804385,-0.445884565860589,0.614758338283857
"null",4000,287,5,1,800,790.382833440449,3.50445259417592,786.878380846273,797.73849450295,798.190639924323,2.26072710686263,35.8906067523443,35.7770557537102,35.7770876399966,-0.204946690181556,-0.316187535271851,0.569293538883244
"null",4000,287,10,0,400,374.357719608853,1.75210335272768,372.605616256125,397.84582331735,398.061163512543,2.15340195192708,26.8706684364018,26.8327647390404,26.8328157299975,-0.874116837252845,-0.948674037281784,0.797131692424762
"null",4000,287,10,1,400,389.678666886066,1.74359966210423,387.935067223962,397.846755025128,398.0619830004,2.15227975272163,26.8706246718964,26.8327527642899,26.8328157299975,-0.303978349547073,-0.377408753600398,0.60770758734968
"null",4000,287,25,0,160,149.893690962329,0.745581207660522,149.148109754669,157.897675732075,157.981697126795,2.1005348679854,17.5362033536848,17.5269270926928,17.5271218401653,-0.456426320356525,-0.504000919579847,0.665084258579061
"null",4000,287,25,1,160,141.344234584634,0.770602201443611,140.573632383191,157.900732395091,157.984627808147,2.09738532640821,17.5361847904362,17.5269171616044,17.5271218401653,-0.944133402351358,-0.993386073798434,0.824903486534244
"null",4000,287,50,0,80,69.2761351307128,0.402721558293238,68.8734135724196,77.9197334906757,77.9612714927715,2.07690010479068,12.524685352639,12.5214553985793,12.5219806739988,-0.690124990496594,-0.725782876755924,0.74934459187657
"null",4000,287,50,1,80,63.8520049708676,0.412537200760659,63.4394677701069,77.9212680772222,77.9627744547933,2.07531887855589,12.5246748699102,12.5214481792619,12.5219806739988,-1.12332361937435,-1.15987435932051,0.87601194082158
"null",4000,288,2,0,2000,2067.32780406408,4.82725378514715,2062.50055027894,1997.48001452352,1998.73991122057,2.51979339410098,45.2029630742572,44.7213561851373,44.7213595499958,1.54520378289846,1.42573133950607,0.136802247707045
"null",4000,288,2,1,2000,2063.38762236552,4.89859598042604,2058.4890263851,1997.32301238492,1998.59651030446,2.54699583908116,45.2035814272148,44.7202069506969,44.7213595499958,1.46149061412276,1.33927188992377,0.150607572969156
"null",4000,288,5,0,800,855.333897399525,1.9758512424011,853.358046157124,797.747136761234,798.197623397214,2.25243317989734,35.8737693615675,35.7770693994442,35.7770876399966,1.60526093753575,1.54178147304506,0.0779880968139249
"null",4000,288,5,1,800,816.416612665823,1.75208856299237,814.664524102831,797.656012928925,798.107735254536,2.25861162805562,35.8713660587383,35.7738456788839,35.7770876399966,0.522996523360118,0.46281825546275,0.317696734337863
"null",4000,288,10,0,400,390.899954501266,1.01638950595495,389.883564995311,397.846360735415,398.061648383882,2.15287648466277,26.8650128237792,26.8327655539536,26.8328157299975,-0.258567017247089,-0.304779742964872,0.590759500147855
"null",4000,288,10,1,400,364.351270701776,0.906497628655024,363.444773073121,397.796313970391,398.011769617406,2.15455647014763,26.8623323695899,26.8297402813878,26.8328157299975,-1.24505358687607,-1.28838356919408,0.885747100686108
"null",4000,288,25,0,160,157.810869948673,0.36700431804426,157.443865630629,157.90064548833,157.984552145014,2.09766641709252,17.5348286357523,17.5269382001806,17.5271218401653,-0.00511984128965712,-0.0308488857670966,0.489279963050066
"null",4000,288,25,1,160,135.851053682666,0.356912554145317,135.49414112852,157.881094911649,157.964965609607,2.09676744893259,17.5327385834671,17.5247545309165,17.5271218401653,-1.25650885194611,-1.28223333693172,0.89822561246191
"null",4000,288,50,0,80,87.9462279963711,0.163005080675501,87.7832229156956,77.9181561778974,77.9597263363239,2.07850792132564,12.5242063140409,12.5214604402445,12.5219806739988,0.800695195130349,0.784532812785846,0.206774111712739
"null",4000,288,50,1,80,78.2118510496212,0.172420387230442,78.0394306623907,77.9080441328467,77.9496057472778,2.07808072155163,12.5226112245996,12.5198308927451,12.5219806739988,0.0242606682684224,0.00717461089390652,0.471960373407902
"null",4000,289,2,0,2000,1911.99468610753,7.73275661750921,1904.26192949002,1997.48277996698,1998.74128783148,2.51701572899205,45.1360717132972,44.7213551124091,44.7213595499958,-1.89400828681923,-2.11262288685079,0.914654406948061
"null",4000,289,2,1,2000,1977.40464653887,8.03171359869926,1969.37293294017,1997.19310461039,1998.45114353647,2.51607785216206,45.1350486237411,44.7189220507802,44.7213595499958,-0.438427755700081,-0.650243996563278,0.624140968827902
"null",4000,289,5,0,800,765.283503456148,3.09384977396047,762.189653682188,797.759139224011,798.207222875004,2.24041825496515,35.8602900004885,35.7770684095792,35.7770876399966,-0.905615536500693,-1.00672220486273,0.792079432557353
"null",4000,289,5,1,800,780.837988352416,3.26396845767657,777.574019894739,797.581403949145,798.028135067216,2.23365559035035,35.8542820800027,35.7700810998755,35.7770876399966,-0.466985102626505,-0.57182188419885,0.661290534190546
"null",4000,289,10,0,400,385.179084965742,1.55231989451512,383.626765071227,397.847677543777,398.062831771503,2.15154227725741,26.8605129657572,26.8327638770537,26.8328157299975,-0.471643731978802,-0.538001480817292,0.668473644887814
"null",4000,289,10,1,400,411.989675547346,1.62493371097608,410.36474183637,397.750305529181,397.964945429493,2.14639900311908,26.8545243030488,26.8263544692323,26.8328157299975,0.530241007342955,0.462224430125162,0.303723437868585
"null",4000,289,25,0,160,157.081167521217,0.630443189633031,156.450724331584,157.894991147437,157.979121105866,2.10324896072053,17.5337146205711,17.5269300719566,17.5271218401653,-0.0464147868167634,-0.0872027655731383,0.50568730035077
"null",4000,289,25,1,160,171.831676836091,0.678762738511018,171.15291409758,157.862509018182,157.946203326949,2.09235771918384,17.5292049799305,17.5223007968523,17.5271218401653,0.796908235935532,0.753708712328625,0.213676663357421
"null",4000,289,50,0,80,67.9065041753683,0.248126433834167,67.6583777415341,77.9131790309827,77.9548479551655,2.08344620914053,12.5238110337325,12.5214539740837,12.5219806739988,-0.799011964382226,-0.822306278084203,0.785782240951682
"null",4000,289,50,1,80,85.7493570945064,0.280917989858412,85.4684391046479,77.9004589298739,77.9419448477775,2.07429589517997,12.5204726260783,12.5180728433288,12.5219806739988,0.626885134374592,0.601250236443667,0.256558114969878
"null",4000,290,2,0,2000,2053.40852306659,0.230284566596589,2053.17823849999,1997.45864574709,1998.72922396928,2.54115644438076,45.2524024677697,44.7213557636153,44.7213595499958,1.23639573300787,1.21751708106794,0.189681023997665
"null",4000,290,2,1,2000,1969.85833418222,0.156572654647471,1969.70176152757,1997.45563115162,1998.72043144274,2.52960058224884,45.2533901387346,44.7212178953415,44.7213595499958,-0.609839326618297,-0.648879240790885,0.668846423736156
"null",4000,290,5,0,800,828.726103425949,0.0923003100975219,828.633803115852,797.733505144803,798.186710245107,2.26602550151885,35.8837385798464,35.777067317515,35.7770876399966,0.863694796242683,0.851022600609839,0.218846485243862
"null",4000,290,5,1,800,827.483342718569,0.214218997757787,827.269123720811,797.746034126184,798.194886148771,2.2442601129368,35.8837631683699,35.7767152477566,35.7770876399966,0.828712096132588,0.812658103761024,0.22791028977279
"null",4000,290,10,0,400,437.467598761715,0.0826359007315543,437.384962860984,397.827019866345,398.044236358749,2.17216492403808,26.8683393101796,26.8327619683884,26.8328157299975,1.47536393811848,1.46614524992179,0.0840094024500836
"null",4000,290,10,1,400,434.780214570004,0.104968841931361,434.675245728072,397.844819436553,398.059733451947,2.14914015393661,26.8681578795839,26.8324344674513,26.8328157299975,1.3746902671551,1.36459896400908,0.0987037856466759
"null",4000,290,25,0,160,166.849039678601,0.0561781870486191,166.792861491552,157.893421581796,157.977611785673,2.10475509691849,17.5356256302338,17.5269227592576,17.5271218401653,0.510709927643733,0.502954787155821,0.299395883930554
"null",4000,290,25,1,160,173.965105908803,0.0669476167062301,173.898158292097,157.90091514273,157.984717335989,2.09505483147277,17.5354270674089,17.5266870558905,17.5271218401653,0.916099203305363,0.907954875063464,0.182274088043885
"null",4000,290,50,0,80,80.6976004138354,0.0802588760748911,80.6173415377605,77.918922410254,77.9604739926265,2.07757911862528,12.5244632275832,12.5214343257762,12.5219806739988,0.221860047260286,0.212185559258542,0.394812773485822
"null",4000,290,50,1,80,85.3622673850442,0.0559683210308112,85.3062990640134,77.9182552837992,77.9597978553471,2.07712857739667,12.5243030706385,12.5212616594801,12.5219806739988,0.594365375802544,0.586722121816219,0.266028962405638
"null",4000,291,2,0,2000,2007.33981663095,8.11405005959533,1999.22576657135,1997.43639777112,1998.71808659738,2.56337765251849,45.4871371191086,44.721354745522,44.7213595499958,0.217719106698142,0.0113520705457708,0.437203926076136
"null",4000,291,2,1,2000,1937.27488422395,8.275382018667,1928.99950220529,1997.31755039021,1998.57943474462,2.52376870883169,45.4896755218379,44.7197144995899,44.7213595499958,-1.31991854145961,-1.55591182363153,0.831463280741915
"null",4000,291,5,0,800,835.634779119699,3.23451092849022,832.400268191209,797.725750638389,798.18050091553,2.27375138570589,35.9311963024348,35.7770656897008,35.7770876399966,1.05504498548358,0.956472159356814,0.172519219652299
"null",4000,291,5,1,800,748.878718760462,3.03393747523515,745.844781285227,797.655933029608,798.10441060154,2.24238785966087,35.928848681033,35.7731696191609,35.7770876399966,-1.35760582539611,-1.46086102720743,0.892321632105752
"null",4000,291,10,0,400,415.107482874828,1.55275802852291,413.554724846305,397.82429047553,398.041774890065,2.17484414534519,26.8841855406524,26.8327579197098,26.8328157299975,0.642875804184699,0.578134756131246,0.267158008553104
"null",4000,291,10,1,400,355.022427267505,1.54794859597322,353.474478671532,397.788175457238,398.003655628706,2.15480171468386,26.8812581679457,26.8292202224193,26.8328157299975,-1.59091319024379,-1.65972684215268,0.940385085308327
"null",4000,291,25,0,160,176.393053928548,0.675612408378583,175.717441520169,157.888229096317,157.972619417564,2.10975803118405,17.5394885561191,17.5269017282727,17.5271218401653,1.05503788055298,1.0124334795568,0.150514977238118
"null",4000,291,25,1,160,142.50586495401,0.653938054233482,141.851926899777,157.869220448693,157.953414161592,2.10484282247066,17.5370917413684,17.524340450901,17.5271218401653,-0.87604921735351,-0.918807033390348,0.806212747907682
"null",4000,291,50,0,80,93.0000602439311,0.290575598489497,92.7094846454416,77.909912663227,77.9516406059375,2.08639713552319,12.52578902087,12.5214037185743,12.5219806739988,1.20472630950125,1.17860939325934,0.118164788406775
"null",4000,291,50,1,80,72.3497645502275,0.321939649278512,72.027824900949,77.8983750496951,77.9400863185435,2.08556344242185,12.5239325467846,12.519488184803,12.5219806739988,-0.443040592780274,-0.472244658113999,0.659116486107839
"null",4000,292,2,0,2000,2020.64747165665,-5.01042615624049,2025.65789781289,1997.46301200003,1998.73140334552,2.53678269098649,45.2519330136907,44.7213555184419,44.7213595499958,0.512341862824095,0.602094774525987,0.356638373966702
"null",4000,292,2,1,2000,2028.56930602995,-4.63483372547465,2033.20413975542,1997.46008086643,1998.71947240055,2.51878306825236,45.2496769591072,44.721149837707,44.7213595499958,0.687501596787867,0.771104219815788,0.311475052984043
"null",4000,292,5,0,800,861.765907984405,-2.0474997997225,863.813407784127,797.745690025841,798.196458712992,2.25384343575546,35.8836442297454,35.7770676483607,35.7770876399966,1.7841058045463,1.83405050732662,0.0579651071602844
"null",4000,292,5,1,800,839.012670916176,-2.02349203144101,841.036162947617,797.740678177203,798.189813514375,2.24567668585894,35.8825345309632,35.7765621036041,35.7770876399966,1.15019725552995,1.19760946591695,0.15241255984994
"null",4000,292,10,0,400,475.564959526291,-0.969307957282388,476.534267483573,397.832219270733,398.048913002439,2.16693731706161,26.8683056045947,26.8327600004749,26.8328157299975,2.89310168640724,2.92498253924476,0.0045033894388724
"null",4000,292,10,1,400,440.631719673774,-0.995054629474838,441.626774303249,397.833740990014,398.04955053554,2.1580954552639,26.8676246522749,26.8322999399291,26.8328157299975,1.59292007528237,1.6240584618265,0.0689500275036791
"null",4000,292,25,0,160,187.378116305288,-0.383879851349369,187.761996156637,157.896000761837,157.980089128706,2.10220917172068,17.5356246030426,17.5269270524202,17.5271218401653,1.68126977001637,1.69920870548834,0.0551290930558978
"null",4000,292,25,1,160,185.570165652054,-0.445848146532726,186.016013798587,157.894745020371,157.978757318038,2.10030744167469,17.5352311553046,17.5265896460384,17.5271218401653,1.57827520986578,1.59969834672808,0.0660428707716279
"null",4000,292,50,0,80,76.8374360203741,-0.117655604067693,76.9550916244418,77.9190511392668,77.960600241322,2.07745510275745,12.5244638179086,12.5214353904591,12.5219806739988,-0.0863601935075341,-0.0803029832862703,0.515981780166004
"null",4000,292,50,1,80,94.8941462146454,-0.174056699724522,95.0682029143699,77.9164639707708,77.9580327979806,2.07844136049021,12.5241963846277,12.5211877904834,12.5219806739988,1.35559054828565,1.36649736452269,0.0937171810630673
"null",4000,293,2,0,2000,1986.04807938496,2.46391811783871,1983.58416126713,1997.47108658766,1998.73542627392,2.5286793725193,45.4529969588479,44.7213543977957,44.7213595499958,-0.251314719973989,-0.338792624034132,0.57099095479115
"null",4000,293,2,1,2000,2075.69653510774,2.13845778107959,2073.55807732666,1997.48564458473,1998.7392678913,2.50724661313426,45.4538684596925,44.7212814115357,44.7213595499958,1.72066521889914,1.67300236204913,0.110469084643084
"null",4000,293,5,0,800,792.487843860089,1.03018537896866,791.45765848112,797.74790813986,798.19823307455,2.25162467345001,35.9242794530932,35.7770671076795,35.7770876399966,-0.14642087078292,-0.188404895603717,0.548391019655666
"null",4000,293,5,1,800,796.71420401373,0.889163713653596,795.825040300077,797.758757232259,798.206066620819,2.23654694280104,35.9244036618031,35.7769045335345,35.7770876399966,-0.0290764247156861,-0.0665520494795855,0.506188014009529
"null",4000,293,10,0,400,418.448515830462,0.512500728780431,417.936015101682,397.844920138137,398.060345266361,2.15425128224094,26.8818751926737,26.8327603035428,26.8328157299975,0.766449347177267,0.740724010891148,0.230786929203935
"null",4000,293,10,1,400,433.262445287687,0.432670511345039,432.829774776342,397.843595710085,398.058914435317,2.15318725231691,26.8818338988834,26.8326101460579,26.8328157299975,1.31757564274932,1.29584338429086,0.107822328180965
"null",4000,293,25,0,160,159.456727246593,0.178844837851911,159.277882408741,157.902647612477,157.98646565031,2.09545094582582,17.53893558438,17.5269139966531,17.5271218401653,0.0886074087358369,0.0736819247631573,0.452565421675575
"null",4000,293,25,1,160,163.409495299358,0.143165443338512,163.266329856019,157.902087710695,157.985890172304,2.09506154023144,17.5388618199434,17.5268123400087,17.5271218401653,0.314011687029812,0.301277812603815,0.367564304544214
"null",4000,293,50,0,80,76.8248274657834,0.0756951244323382,76.7491323413511,77.9230537895878,77.9645186009806,2.07324056963723,12.5255874203208,12.5214011327513,12.5219806739988,-0.0876786283110942,-0.0970647171785368,0.516387962907153
"null",4000,293,50,1,80,82.0709674233082,0.0336539527762711,82.0373134705319,77.9234330806427,77.964880202313,2.07235608351506,12.5255190253969,12.5213229571105,12.5219806739988,0.331126744868286,0.325239855418491,0.354345317456669
"null",4000,294,2,0,2000,1977.47941815299,-0.14620072725331,1977.62561888025,1997.46715510614,1998.7334807093,2.53265120631156,45.5170635324338,44.7213554200587,44.7213595499958,-0.439126239743116,-0.471986182681335,0.623688941607449
"null",4000,294,2,1,2000,1952.72300765316,-0.204837233762409,1952.92784488692,1997.45459196247,1998.72697316041,2.54476239589297,45.5168283166196,44.7213508733392,44.7213595499958,-0.982748270554996,-1.02409983998927,0.761509570350718
"null",4000,294,5,0,800,845.966078650054,-0.092260499372477,846.058339149427,797.7671312048,798.21360954609,2.2323917064508,35.9372595810379,35.7770666230535,35.7770876399966,1.3411970753242,1.33730163256335,0.116236295142155
"null",4000,294,5,1,800,838.262551974106,-0.0482329429956502,838.310784917101,797.761666572148,798.20917430427,2.23753866060669,35.9371670721345,35.7770545021131,35.7770876399966,1.12699159955102,1.12087512990939,0.15673295607856
"null",4000,294,10,0,400,408.173597875524,-0.0881098842866511,408.26170775981,397.857337451117,398.071518352852,2.14180901735162,26.8862110910768,26.8327587411847,26.8328157299975,0.383700789577986,0.379766743525981,0.351546541190441
"null",4000,294,10,1,400,391.45585600681,-0.0533584872458546,391.509214494056,397.855776469282,398.070095110161,2.14318640879077,26.8861681121844,26.832747214831,26.8328157299975,-0.238037656975438,-0.244510208499224,0.582998316027607
"null",4000,294,25,0,160,141.258031016841,-0.0960649609914152,141.354095977833,157.914826659365,157.998158805386,2.08330365052645,17.5400026928582,17.5269173820937,17.5271218401653,-0.949646128008046,-0.949628646310475,0.826247345969811
"null",4000,294,25,1,160,133.032685041531,-0.0591469560102579,133.091831997542,157.911615634312,157.995072984368,2.08643375140286,17.5399855674502,17.5269087257721,17.5271218401653,-1.4184122613504,-1.42085757257398,0.926211151930841
"null",4000,294,50,0,80,74.6580075130429,-0.12478022144422,74.7827877344871,77.9303026017842,77.971624087482,2.06607428489051,12.5259749834986,12.5214143996419,12.5219806739988,-0.261240749167403,-0.254670618767006,0.586243480325981
"null",4000,294,50,1,80,75.5858561311206,-0.0953427225365781,75.6811988536572,77.9282367790249,77.9695987542373,2.06809876061793,12.525965294078,12.521407993736,12.5219806739988,-0.187002006864236,-0.182758991778315,0.556369117863883
"null",4000,295,2,0,2000,2072.30728463166,8.47087545490482,2063.83640917676,1997.50431682877,1998.75206300533,2.49549235313293,45.2454816625403,44.7213559878613,44.7213595499958,1.65326934434708,1.45533033902395,0.120650912520822
"null",4000,295,2,1,2000,2058.31891355096,8.60812318314639,2049.71079036781,1996.58293088665,1997.8383358366,2.51080989989443,45.217947523966,44.7129176856242,44.7213595499958,1.36529820668199,1.16012233636669,0.169716431790423
"null",4000,295,5,0,800,784.440660307553,3.38188737003779,781.058772937516,797.775621069502,798.220414258401,2.22396594449634,35.8823504370731,35.7770701713011,35.7770876399966,-0.371630079956278,-0.479682691699337,0.627272231459682
"null",4000,295,5,1,800,825.131633936435,3.89919947423831,821.232434462196,797.196961602118,797.64416369668,2.23601047280943,35.8559928510004,35.7554046002466,35.7770876399966,0.77907959348383,0.659712035963187,0.245652595776324
"null",4000,295,10,0,400,392.969781768565,1.64846111763339,391.321320650932,397.872629305088,398.085290026529,2.12660721440261,26.8678784883253,26.8327657772497,26.8328157299975,-0.182479890946858,-0.252078724636414,0.56174341089581
"null",4000,295,10,1,400,400.147729267943,1.94960635270424,398.198122915239,397.539964243001,397.75409010128,2.14125858279372,26.8463714574037,26.8128104973952,26.8328157299975,0.0971365917766624,0.0165604726144619,0.460327228065208
"null",4000,295,25,0,160,137.776347688825,0.680381514090711,137.095966174735,157.920242242622,158.003363271749,2.07802572817433,17.5355246185459,17.5269336513493,17.5271218401653,-1.1487477558836,-1.19287249629113,0.875392908464999
"null",4000,295,25,1,160,173.142441969279,0.780040425884808,172.362401543394,157.778627073498,157.861937618718,2.08276363049287,17.5205246495533,17.5123049566857,17.5271218401653,0.876903814416989,0.828015727258096,0.193995378364446
"null",4000,295,50,0,80,64.1063874916244,0.34363250658386,63.7627549850406,77.9384541190251,77.9796191181921,2.05824995835057,12.5244591610314,12.5214670315247,12.5219806739988,-1.10440430597097,-1.13539923855235,0.871188420415796
"null",4000,295,50,1,80,75.4002495777882,0.405422472613959,74.9948271051743,77.8650352410209,77.9062775229199,2.0621140949495,12.5135726917995,12.5107099261115,12.5219806739988,-0.196968981116635,-0.232716643175386,0.562356765924896
"null",4000,296,2,0,2000,2023.83064019311,12.8137442363168,2011.01689595679,1997.47041797363,1998.73512081503,2.5294056828138,45.0801794682499,44.7213566848872,44.7213595499958,0.584740844655412,0.274628858607698,0.338189263529781
"null",4000,296,2,1,2000,2063.60615215386,12.5883205487223,2051.01783160514,1997.45841565364,1998.7211370113,2.52544271531805,45.0790055613852,44.7212256819441,44.7213595499958,1.46737346302248,1.16939314154247,0.149817947869511
"null",4000,296,5,0,800,845.515564003887,5.18793106999429,840.327632933892,797.744459052226,798.195487680181,2.25514313977005,35.8490445850189,35.7770708356534,35.7770876399966,1.33256284803817,1.17762981344256,0.118371882074618
"null",4000,296,5,1,800,839.48697000394,5.09495050340813,834.392019500532,797.745256361542,798.194089304064,2.24416471261161,35.8483606774237,35.7766880368802,35.7770876399966,1.16439672145694,1.01177420780686,0.149723252493551
"null",4000,296,10,0,400,458.204818705658,2.56190782528345,455.642910880375,397.837776041626,398.053928990585,2.16152948959165,26.8567681069605,26.8327704252534,26.8328157299975,2.24774039912816,2.14621826136857,0.019782986519277
"null",4000,296,10,1,400,449.916953661715,2.53132335968494,447.38563030203,397.840608441797,398.055916812498,2.15308370701439,26.8563089631267,26.8324204666036,26.8328157299975,1.93907306068818,1.83843695916022,0.0367988494337886
"null",4000,296,25,0,160,169.841397564237,1.05545220385439,168.785945360383,157.893799454184,157.977979622343,2.10450420398334,17.5328064417398,17.5269379281233,17.5271218401653,0.681442423365245,0.61664882835564,0.245894310558368
"null",4000,296,25,1,160,164.383644713813,1.07473632605992,163.308908387753,157.899042261669,157.98291989893,2.09694093150503,17.5325297835802,17.5266902231295,17.5271218401653,0.369861196997183,0.303878737001641,0.347613204134749
"null",4000,296,50,0,80,99.1039755457887,0.556443835948277,98.5475317098404,77.9141348032521,77.9557884779637,2.08268373557967,12.5235254025358,12.5214851703244,12.5219806739988,1.69200285554146,1.64451284745987,0.0537127947738592
"null",4000,296,50,1,80,109.824805576168,0.566428742018276,109.258376834149,77.917200024274,77.9587693593312,2.07846675285865,12.5233369731554,12.5213070985617,12.5219806739988,2.54785171239019,2.49970767655826,0.0102291034441321
"null",4000,297,2,0,2000,2025.99238545094,1.17398175162135,2024.81840369932,1997.46769196005,1998.7337519243,2.53211992850429,45.2261408441133,44.7213564346144,44.7213595499958,0.630712525068462,0.583270586015357,0.325885636177343
"null",4000,297,2,1,2000,2046.86096081487,0.753118593168723,2046.1078422217,1997.15386007361,1998.41094336265,2.5141665780894,45.2141703961523,44.7182605308334,44.7213595499958,1.09936996091596,1.06660899357132,0.218503013385006
"null",4000,297,5,0,800,753.327760219476,0.480721466841624,752.847038752634,797.765210048726,798.212077847674,2.23433899473911,35.8784418883596,35.7770687271823,35.7770876399966,-1.23855573125285,-1.26799206052821,0.869283743802988
"null",4000,297,5,1,800,823.482483261516,-0.253805702627791,823.736288964144,797.549165884899,797.997901549329,2.24367832215334,35.868359444905,35.7691953976208,35.7770876399966,0.723013758587209,0.719568531768733,0.258544659706598
"null",4000,297,10,0,400,409.97551095533,0.206562418443202,409.768948536887,397.84927019585,398.064267088305,2.149968924549,26.8665776679166,26.8327660319008,26.8328157299975,0.451350406790395,0.436208530818865,0.328575427344269
"null",4000,297,10,1,400,417.090807016971,-0.12896817008785,417.219775187059,397.734144505981,397.949007152841,2.14862646859749,26.8585000037368,26.8254642091166,26.8328157299975,0.720690377656873,0.718375938771979,0.245201218700063
"null",4000,297,25,0,160,146.214285361467,0.10161577751226,146.112669583954,157.904484252048,157.988236824671,2.09381431556865,17.5352109271903,17.5269373932326,17.5271218401653,-0.666669989834818,-0.677560886667039,0.739721606894806
"null",4000,297,25,1,160,165.054923113893,0.0154214286943255,165.039501685199,157.851123351292,157.935033641819,2.09775726317832,17.5297384434437,17.521656944974,17.5271218401653,0.4109473615846,0.405467819949398,0.334147366755692
"null",4000,297,50,0,80,76.4268069582463,0.0633082720193953,76.3634986862269,77.9233658709967,77.9648334082906,2.07337686469506,12.524354619291,12.5214731950695,12.5219806739988,-0.119491898644049,-0.127887086217162,0.529222091401781
"null",4000,297,50,1,80,80.7702720052921,0.00466640345866104,80.7656056018335,77.893734045414,77.9352877907101,2.07768726480501,12.5203710382589,12.517557525271,12.5219806739988,0.229748619357065,0.226107833370003,0.392626747960549
"null",4000,298,2,0,2000,1990.98936728164,2.42086744242234,1988.56849983922,1997.48532275142,1998.74255779134,2.51447007983665,45.0912781779765,44.7213557608986,44.7213595499958,-0.144062349355982,-0.22749887115497,0.540019854652343
"null",4000,298,2,1,2000,1998.37928728321,2.86240112368967,1995.51688615952,1997.3184283187,1998.60493375154,2.57301086569355,45.0865387075347,44.7203962201786,44.7213595499958,0.0235293946912753,-0.0690523307713921,0.493399415433916
"null",4000,298,5,0,800,747.720751550133,1.01220490560695,746.708546644526,797.75489743196,798.203830818109,2.24466693074202,35.851275791536,35.7770692790477,35.7770876399966,-1.39560293956511,-1.43933768783404,0.897819782708253
"null",4000,298,5,1,800,799.892935837435,1.23719697219459,798.655738865241,797.669413430357,798.120258500198,2.25422534920373,35.8473885070149,35.7742099980095,35.7770876399966,0.0620274586150957,0.0149683351518469,0.474472971743122
"null",4000,298,10,0,400,402.371392374811,0.52874699101025,401.842645383801,397.846622149838,398.061887330335,2.15265180496903,26.8575109325503,26.8327682711405,26.8328157299975,0.168473178186048,0.140900782776576,0.429366620405348
"null",4000,298,10,1,400,407.599310048238,0.662767317874436,406.936542730363,397.800997894996,398.016508584019,2.15510689022381,26.854458798765,26.830076272529,26.8328157299975,0.364867235890533,0.332463987643518,0.359002592807142
"null",4000,298,25,0,160,147.62352557481,0.213419603093191,147.410105971717,157.910381293514,157.993898530664,2.08793092874677,17.5329892064922,17.5269387298119,17.5271218401653,-0.586714313090138,-0.603858592883923,0.712018173025506
"null",4000,298,25,1,160,128.370976387128,0.235435827707404,128.135540559421,157.880119119847,157.964111179631,2.09980149460426,17.5309370282737,17.5249768247515,17.5271218401653,-1.68326100796136,-1.7020604887809,0.959589753980517
"null",4000,298,50,0,80,62.9014400065478,0.0915586960193363,62.8098813105284,77.9276427169403,77.9690244433025,2.06908631811027,12.5235737526901,12.5214709899416,12.5219806739988,-1.19983345066858,-1.21065193897357,0.893015898754142
"null",4000,298,50,1,80,69.5092666762299,0.0878300838968871,69.421436592333,77.9070456473461,77.9486536039998,2.08039783268598,12.5221075348406,12.520036075881,12.5219806739988,-0.670636228586188,-0.681085658218985,0.742882163524927
"null",4000,299,2,0,2000,1942.93064217651,-7.30908076504151,1950.23972294156,1997.45412111368,1998.7269657562,2.54568928503669,45.206286827464,44.7213563252416,44.7213595499958,-1.20610390199177,-1.08420778793047,0.807500589110151
"null",4000,299,2,1,2000,1981.11131598201,-6.7901805477458,1987.90149652976,1997.03069704391,1998.291379977,2.52136586618578,45.1909808158199,44.7173447175267,44.7213595499958,-0.352268987627902,-0.232345715356741,0.601553327529598
"null",4000,299,5,0,800,768.667659250765,-2.95490700049841,771.622566251264,797.754491964316,798.2035076769,2.24507856292014,35.8744428406909,35.7770694278836,35.7770876399966,-0.810795385526055,-0.742960277370277,0.766289201131491
"null",4000,299,5,1,800,809.588156274328,-2.99431620968967,812.582472484018,797.473023779486,797.921678173593,2.24327197053741,35.8607698215319,35.7662833233496,35.7770876399966,0.337838048517517,0.409905445804409,0.380052513737922
"null",4000,299,10,0,400,355.161098770759,-1.43815857527762,356.599257346037,397.854727147117,398.069177969355,2.14450822237513,26.8652380845931,26.8327656776729,26.8328157299975,-1.58917736898236,-1.54549557512905,0.939753757463989
"null",4000,299,10,1,400,385.805609263971,-1.32628215514287,387.131891419114,397.696435082671,397.910642666826,2.14207584155364,26.8541798111019,26.8226959116876,26.8328157299975,-0.442792366117385,-0.401851897482661,0.660204204618582
"null",4000,299,25,0,160,141.749496017647,-0.591667859468763,142.341163877116,157.911032323643,157.994522844366,2.08726301807468,17.5348837611229,17.5269370700627,17.5271218401653,-0.921679124091373,-0.893102936621315,0.818505256554129
"null",4000,299,25,1,160,157.400308098197,-0.635517344891856,158.035825443088,157.844581252252,157.927993789756,2.08531343762349,17.527332168282,17.5196294544626,17.5271218401653,-0.0253474487611361,0.00615490490893529,0.498504740574564
"null",4000,299,50,0,80,55.9454162673917,-0.283658508914587,56.2290747763063,77.9240491648577,77.9655041164419,2.07274757921229,12.5242496832911,12.5214819593573,12.5219806739988,-1.75488619703807,-1.73593105118775,0.972046872700211
"null",4000,299,50,1,80,80.8910485687047,-0.296618731317277,81.187667300022,77.8892524502717,77.9307043329412,2.07259413347416,12.5187591210298,12.5160773347085,12.5219806739988,0.239783838750475,0.260222342830123,0.389004076015637
"null",4000,300,2,0,2000,1999.64150805955,-1.49437721648064,2001.13588527603,1997.49490636097,1998.74735334588,2.50489396982021,45.1147891948024,44.7213559097449,44.7213595499958,0.0475808872630198,0.053409201969724,0.485439394466544
"null",4000,300,2,1,2000,1980.67843234012,-1.51291652111204,1982.19134886123,1997.47800334955,1998.73889855466,2.52179041022573,45.1147690941371,44.7213558522396,44.7213595499958,-0.372374088280874,-0.370014490350114,0.604209001524461
"null",4000,300,5,0,800,826.968975551464,-0.575372777923205,827.544348329387,797.752474791926,798.201895089815,2.24710148944139,35.8560057584226,35.777069920621,35.7770876399966,0.814828649805049,0.820146907074138,0.23172533592134
"null",4000,300,5,1,800,826.100556386541,-0.580552616241718,826.681109002783,797.745533067293,798.196340856467,2.25403894586927,35.8559996512568,35.777069760942,35.7770876399966,0.79080275532784,0.796173871606802,0.238250036733169
"null",4000,300,10,0,400,409.06827601737,-0.28062129008485,409.348897307455,397.840442829468,398.056325441922,2.15882612454575,26.8590890152502,26.8327681056207,26.8328157299975,0.41802732704476,0.420850052483671,0.340058362769874
"null",4000,300,10,1,400,416.954246329145,-0.281976359587717,417.236222688732,397.837942483902,398.054074943144,2.16132459242002,26.859087100564,26.8327679878317,26.8328157299975,0.711725747553085,0.714877710502579,0.246679114324522
"null",4000,300,25,0,160,163.626258618718,-0.0888985898482006,163.715157208566,157.892453829504,157.976688122372,2.10585732170024,17.5333757537379,17.5269385543083,17.5271218401653,0.327022295634757,0.327408524221923,0.363084734440496
"null",4000,300,25,1,160,161.48898606846,-0.091735850036479,161.580721918496,157.892426773748,157.976662106161,2.10588331031453,17.5333751141124,17.5269384406579,17.5271218401653,0.20512646716928,0.205629741014841,0.408156282638712
"null",4000,300,50,0,80,80.9805206820195,-0.0676569216332462,81.0481776036527,77.9169148910692,77.9585126528812,2.07988809059666,12.5237215096136,12.5214825660014,12.5219806739988,0.244624234785047,0.246749131701121,0.386328874800423
"null",4000,300,50,1,80,82.9629462060607,-0.067023446423714,83.0299696524845,77.9165037887484,77.9581097663309,2.08029887912883,12.5237213262479,12.521482517408,12.5219806739988,0.402950711362107,0.405052666815002,0.329115242855383
