"scen","n","rep","m","oracle","G","HL","C","EF","mu","muEF","d","sdHL","sdEF","sdEF_simple","zHL","zEF","pHL_chisq"
"null",16000,3301,2,0,8000,7990.70710129455,3.31206909906713,7987.39503219548,7997.46621151764,7998.7330812492,2.53373946312373,90.5971565737546,89.442718624503,89.4427190999916,-0.0746062070677091,-0.126763242755566,0.52089844573005
"null",16000,3301,2,1,8000,8034.36664273404,2.61835202635206,8031.74829070769,7997.32192363414,7998.58836719602,2.53288712375558,90.5915748703668,89.4420256832156,89.4427190999916,0.408920135817395,0.370742089732159,0.385000342644272
"null",16000,3301,5,0,3200,3201.36257610927,1.33004403262713,3200.03253207664,3197.75175875733,3198.20138442934,2.24812836003459,71.786173272169,71.5541728533194,71.5541752799933,0.0502996216033468,0.0255910672192709,0.479915385217537
"null",16000,3301,5,1,3200,3272.41019684151,1.16234579680576,3271.2478510447,3197.65816000228,3198.1078343705,2.24837184114013,71.7829629905818,71.5523897336733,71.5541752799933,1.04136181797121,1.02218831469409,0.175766878168728
"null",16000,3301,10,0,1600,1606.01719265768,0.676585451244788,1605.34060720643,1597.84500084595,1598.06048087659,2.15480030642367,53.7430273872254,53.6656249034728,53.665631459995,0.152060503641679,0.135657161226344,0.439055067067045
"null",16000,3301,10,1,1600,1747.09715574703,0.605010770192122,1746.49214497684,1597.79146174626,1598.00704618091,2.15584434651983,53.7408597087681,53.6639782606843,53.665631459995,2.77825280075323,2.76694169177374,0.00506714503087149
"null",16000,3301,25,0,640,632.147253817122,0.30179985526341,631.845453961858,637.901470254362,637.985393390508,2.09807840364444,35.0731853279416,35.0542191090432,35.0542436803306,-0.164063126386658,-0.175155504378816,0.55790918926502
"null",16000,3301,25,1,640,709.553561811096,0.23803807687188,709.315523734224,637.876108043618,637.960150691457,2.10106619597602,35.0718550303241,35.0530232558335,35.0542436803306,2.04373146802483,2.0356410493321,0.0255122865434113
"null",16000,3301,50,0,320,345.857743583221,0.153007491874554,345.704736091346,317.921036569479,317.962598548683,2.0780989602373,25.0505296611781,25.0438939130958,25.0439613479976,1.11521422467314,1.10774057895829,0.1356267405684
"null",16000,3301,50,1,320,350.03391702032,0.130883566121279,349.903033454198,317.906894844665,317.948510033541,2.08075944380515,25.0495935872605,25.0430059949264,25.0439613479976,1.28253666326921,1.27598593504035,0.10453220043996
"null",16000,3302,2,0,8000,8190.81189492266,22.6706553775372,8168.14123954513,7997.46268292128,7998.73131895662,2.53727207067095,90.3060437796416,89.4427187244363,89.4427190999916,2.14104398674777,1.89406050044659,0.0645473077490269
"null",16000,3302,2,1,8000,8086.07427547273,22.6543623751698,8063.41991309756,7997.46598793799,7998.73266313258,2.53335038918541,90.3058408622885,89.4427161527497,89.4427190999916,0.981202175724826,0.72322546482715,0.24224420854084
"null",16000,3302,5,0,3200,3191.99055644926,9.01966030123879,3182.97089614802,3197.74958258247,3198.19964551223,2.25031464881665,71.7274604246786,71.554173107253,71.5541752799933,-0.0802903950468503,-0.212828248904227,0.526649949636573
"null",16000,3302,5,1,3200,3183.36563894134,9.04789658338561,3174.31774235796,3197.7471869378,3198.19765058343,2.25231822814035,71.727389809028,71.5541657141775,71.5541752799933,-0.200502876721844,-0.333731907669231,0.569431631386983
"null",16000,3302,10,0,1600,1598.48532888031,4.52417736476114,1593.96115151555,1597.84343708777,1598.05907516394,2.15638076165467,53.7234259905778,53.6656255015293,53.665631459995,0.0119480800173377,-0.0763603071815282,0.491871505484271
"null",16000,3302,10,1,1600,1593.5305045647,4.50335231961326,1589.02715224509,1597.84090782887,1598.05677687276,2.1586904389007,53.723395367901,53.665618648209,53.665631459995,-0.0802332621503675,-0.168257160824983,0.526843658539713
"null",16000,3302,25,0,640,632.200177394819,1.7937530251393,630.40642436968,637.896760220053,637.980873391766,2.1028292928163,35.0683827138565,35.0542214077705,35.0542436803306,-0.162442131184533,-0.216078084689866,0.557320762433015
"null",16000,3302,25,1,640,608.772434021711,1.77821642769261,606.994217594018,637.898778262001,637.982806995219,2.10071833045903,35.0683717052536,35.0542164506727,35.0542436803306,-0.830558786278817,-0.884018886709597,0.791695236209397
"null",16000,3302,50,0,320,286.102977620793,0.907054704169714,285.195922916623,317.915797529811,317.957465601654,2.08340359213443,25.0488533694439,25.0438991156381,25.0439613479976,-1.27003098464482,-1.30816461661011,0.900268318860785
"null",16000,3302,50,1,320,311.610147113426,0.905812974713491,310.704334138713,317.91484541863,317.956531633163,2.08431072665346,25.0488477440517,25.0438956397202,25.0439613479976,-0.25169614066183,-0.28957944877186,0.590413140865001
"null",16000,3303,2,0,8000,7823.32062767322,-8.30173269703331,7831.62236037025,7997.47097176674,7998.73546117817,2.5289788228538,90.4262385579531,89.4427186416959,89.4427190999916,-1.92588287283351,-1.86838127625974,0.917132417654404
"null",16000,3303,2,1,8000,7785.19893740366,-8.07363334533449,7793.27257074899,7997.28135780308,7998.55353601735,2.54435642854509,90.4208452721155,89.44195095979,89.4427190999916,-2.34550362542149,-2.29513067487367,0.95471760185479
"null",16000,3303,5,0,3200,3120.3862179263,-3.26650488428139,3123.65272281058,3197.75216051421,3198.20170635029,2.24772918041383,71.7516847732739,71.5541729123134,71.5541752799933,-1.07824565837553,-1.0418537522762,0.833998331782765
"null",16000,3303,5,1,3200,3144.72492797739,-3.30553238963628,3148.03046036702,3197.636714669,3198.08632964368,2.24807487340371,71.7481243796481,71.5519894943428,71.5541752799933,-0.737465782542756,-0.699573409913562,0.745865156309691
"null",16000,3303,10,0,1600,1584.98864500864,-1.64831249599627,1586.63695750464,1597.84901181621,1598.06409134645,2.15079530241259,53.7315120656789,53.6656251044705,53.665631459995,-0.239344963749529,-0.212932092369504,0.586667617639889
"null",16000,3303,10,1,1600,1547.55620816332,-1.64763059295019,1549.20383875627,1597.78122216931,1597.99660750885,2.15385339540962,53.7289866185311,53.663599879256,53.665631459995,-0.93478431600779,-0.909233984719074,0.813274581950703
"null",16000,3303,25,0,640,655.976333716406,-0.670297550082584,656.646631266489,637.902890340132,637.986757076943,2.09666842026911,35.0703630915379,35.0542196735222,35.0542436803306,0.51534805411339,0.532314636107573,0.30250424875373
"null",16000,3303,25,1,640,703.833086355242,-0.640905988733645,704.473992343976,637.875018415791,637.958896305507,2.09694724292089,35.0687619762972,35.0527464142594,35.0542436803306,1.88082111321844,1.8975715983102,0.0357999921478983
"null",16000,3303,50,0,320,299.860963364352,-0.326308722451711,300.187272086804,317.922521451111,317.964054065469,2.07663071788176,25.0495430975177,25.0438952218116,25.0439613479976,-0.721033434280447,-0.709824962180114,0.760167777366031
"null",16000,3303,50,1,320,358.106597873245,-0.313566887865732,358.420164761111,317.907363917586,317.948918224136,2.07771532748113,25.0484097716718,25.042807419652,25.0439613479976,1.60486171865176,1.61608264835418,0.0600721027057744
"null",16000,3304,2,0,8000,8076.74594734883,6.3922471220847,8070.35370022674,7997.46627579294,7998.73311343327,2.53367528065961,90.4581551101359,89.4427186365152,89.4427190999916,0.876423706180633,0.800742507442456,0.265705245977586
"null",16000,3304,2,1,8000,8039.18415375985,8.03083692449453,8031.15331683536,7997.10819569851,7998.37006240431,2.52373341159754,90.4601384440347,89.441105698429,89.4427190999916,0.465132585303021,0.366534538845994,0.370570903321886
"null",16000,3304,5,0,3200,3205.78526753809,2.60508063577359,3203.18018690232,3197.74187505315,3198.19347817425,2.25801560548067,71.7581208615833,71.5541729307128,71.5541752799933,0.112090344456693,0.0696913754128518,0.457949163213283
"null",16000,3304,5,1,3200,3171.62856829351,2.61195100671244,3169.0166172868,3197.52221946544,3197.97099707587,2.24388805214154,71.7551631862974,71.5497356354632,71.5541752799933,-0.360861156495591,-0.404674867515888,0.626392935481931
"null",16000,3304,10,0,1600,1557.15120387164,1.26841905347546,1555.88278481816,1597.83805760742,1598.05423257721,2.16174969790937,53.7336607868318,53.6656251242658,53.665631459995,-0.757194896829989,-0.785818625263358,0.763311533265744
"null",16000,3304,10,1,1600,1608.8194956134,1.32783052009706,1607.49166509331,1597.71354530366,1597.92911868924,2.15573385583356,53.7301635156613,53.661542173736,53.665631459995,0.206698613647562,0.178201110454553,0.419669483895024
"null",16000,3304,25,0,640,632.15687772146,0.527563832053534,631.629313889407,637.891319383074,637.975648915271,2.10823830493732,35.0708897836762,35.0542196223623,35.0542436803306,-0.163510013489384,-0.181043397748785,0.557802193626847
"null",16000,3304,25,1,640,668.131838837616,0.516089351352718,667.615749486263,637.843889735504,637.927889300083,2.09998911448304,35.0680764533974,35.0512469369051,35.0542436803306,0.863690061311528,0.846984423681719,0.197886022206431
"null",16000,3304,50,0,320,310.838546722668,0.24684738796501,310.591699334703,317.910295279097,317.952072532711,2.08886268071423,25.0497278911388,25.043895652784,25.0439613479976,-0.282308398205414,-0.293898892570651,0.602429750710406
"null",16000,3304,50,1,320,302.207801552752,0.222569663644468,301.985231889107,317.887267430235,317.928938485253,2.08355275090046,25.0475947184784,25.0417053150732,25.0439613479976,-0.625986888310519,-0.636686136009629,0.729177824060723
"null",16000,3305,2,0,8000,8080.8672226477,11.4676171855587,8069.39960546214,7997.47179839246,7998.7358750645,2.5281533440777,90.4073209689346,89.442718643786,89.4427190999916,0.922441051913178,0.790044527593839,0.255197693270427
"null",16000,3305,2,1,8000,8127.93442205447,11.5099818834088,8116.42444017106,7997.24338336366,7998.51087439311,2.53498205889521,90.4007033456675,89.4417078729334,89.4427190999916,1.44568608267438,1.31832864758649,0.15218597892459
"null",16000,3305,5,0,3200,3381.80497985165,4.59009295212639,3377.21488689952,3197.75645446512,3198.20514177761,2.2434365624385,71.7478696308503,71.5541729477221,71.5541752799933,2.56521240746897,2.5017373235897,0.0117881056934108
"null",16000,3305,5,1,3200,3239.25225601499,4.46624840845066,3234.78600760653,3197.60929742419,3198.05875221636,2.24727396082457,71.7435354438586,71.5514468121822,71.5541752799933,0.58044196363,0.513298570839284,0.300855983618229
"null",16000,3305,10,0,1600,1690.43818588565,2.32256830908867,1688.11561757656,1597.84885630727,1598.06395163599,2.15095328723041,53.7302379962392,53.6656252110734,53.665631459995,1.72322574831812,1.67801391647604,0.0530098176513925
"null",16000,3305,10,1,1600,1630.3484337452,2.29071589065477,1628.05771785455,1597.7641981235,1597.97971939402,2.15521270518426,53.7271455718532,53.6631082334863,53.665631459995,0.606476210021659,0.560496763058482,0.280903481097714
"null",16000,3305,25,0,640,696.64476370452,0.917287869712022,695.727475834808,637.900418694458,637.984384542481,2.09914620058301,35.0700511025033,35.0542200109565,35.0542436803306,1.67505729713261,1.64725078105512,0.053426907564397
"null",16000,3305,25,1,640,673.772129733311,0.906779826148999,672.865349907162,637.864483149378,637.948510841756,2.10069230944999,35.0680671608012,35.0523834020889,35.0542436803306,1.023941422813,0.996133092145879,0.158201007248465
"null",16000,3305,50,0,320,351.935650530018,0.47209675002046,351.463553779997,317.921171534122,317.962731136581,2.07798012291649,25.0494333817002,25.0438951772947,25.0439613479976,1.35789414784706,1.33768419034868,0.0922947193647177
"null",16000,3305,50,1,320,309.238872110543,0.437211751000525,308.801660359542,317.898162922023,317.939831524006,2.08343009915781,25.0480236991978,25.0425377556983,25.0439613479976,-0.345707546250745,-0.364905955363268,0.627085401217698
"null",16000,3306,2,0,8000,7974.30426180595,-18.4143723493154,7992.71863415527,7997.47675224447,7998.73835116955,2.52319785014394,90.5496976059189,89.4427186211277,89.4427190999916,-0.255909086956544,-0.0673024826065299,0.572313626048911
"null",16000,3306,2,1,8000,7922.9270284485,-20.6900904165181,7943.61711886502,7997.11850303906,7998.38479610752,2.53258613692164,90.551746521671,89.4411789994302,89.4427190999916,-0.819326820745592,-0.612331790067902,0.722461759881625
"null",16000,3306,5,0,3200,3263.48612706176,-7.34382571805324,3270.82995277982,3197.74928347694,3198.19940438035,2.25060451709236,71.7765918119658,71.554172854314,71.5541752799933,0.915853510529465,1.01504280606166,0.205643432015436
"null",16000,3306,5,1,3200,3267.84526991127,-8.2297605779099,3276.07503048918,3197.52744267711,3197.9770216622,2.24789492544637,71.7738165584164,71.5499035680592,71.5541752799933,0.979714199494079,1.09151801655046,0.190683145983729
"null",16000,3306,10,0,1600,1635.93518536701,-3.67848865742861,1639.61367402444,1597.84519220614,1598.0606530727,2.15460866556639,53.7398270761334,53.66562486258,53.665631459995,0.708785182857178,0.774294924509795,0.24902619577458
"null",16000,3306,10,1,1600,1628.84459855546,-4.09418623038254,1632.93878478584,1597.72350107808,1597.93844149699,2.1494041890597,53.7364573716744,53.6616527519097,53.665631459995,0.579143080871993,0.652241246662109,0.289822165404683
"null",16000,3306,25,0,640,631.979941102274,-1.48238643433556,633.46232753661,637.900235860413,637.984208701461,2.09932102620443,35.0724012700087,35.0542195379932,35.0542436803306,-0.168802093491143,-0.12899677198491,0.559768812811843
"null",16000,3306,25,1,640,643.888342502958,-1.63617435532735,645.524516858285,637.8497077344,637.933543043208,2.09588272021149,35.0696815473205,35.0513379177111,35.0542436803306,0.172189609432589,0.216567305730194,0.427403831346792
"null",16000,3306,50,0,320,297.265244402514,-0.778426881559937,298.043671284074,317.918279209366,317.959896490393,2.08086405134302,25.0502554899989,25.0438944797276,25.0439613479976,-0.824464038504413,-0.795252720076763,0.792229916006503
"null",16000,3306,50,1,320,289.228098505863,-0.83113771609816,290.059236221961,317.894166765996,317.935716891805,2.07750629043093,25.0481906534255,25.0417709831812,25.0439613479976,-1.14443668434041,-1.11319924970826,0.875048047370012
"null",16000,3307,2,0,8000,8061.22236298695,19.4792218395689,8041.74314114738,7997.4650139168,7998.73248224128,2.53493664897401,90.4260555883018,89.4427186190047,89.4427190999916,0.70507718881861,0.480873787941424,0.307188404900447
"null",16000,3307,2,1,8000,8149.00763538614,19.5902114325176,8129.41742395363,7997.13347556867,7998.39747480572,2.52799847408886,90.4173751803857,89.4411989306809,89.4427190999916,1.67970104766341,1.4648724605028,0.116669893361759
"null",16000,3307,5,0,3200,3264.95031237138,7.78159108150742,3257.16872128987,3197.75198734536,3198.20156808513,2.24790369886493,71.7516479983603,71.5541729414816,71.5541752799933,0.936540510227074,0.824091045716674,0.200540935665736
"null",16000,3307,5,1,3200,3262.86864824858,7.76843339634789,3255.10021485223,3197.53518964196,3197.98514193241,2.24976145225606,71.7455548300122,71.5500863475232,71.5541752799933,0.910627268287434,0.798253025753306,0.207818626652888
"null",16000,3307,10,0,1600,1600.75755959427,3.89930161519929,1596.85825797907,1597.84818920499,1598.06335074079,2.15161535799999,53.7314995579706,53.6656250270178,53.665631459995,0.0541464580964435,-0.0224555804785237,0.475862445071928
"null",16000,3307,10,1,1600,1625.17853456181,3.81440602886718,1621.36412853294,1597.72659310833,1597.94176240592,2.15169297593213,53.7269693494457,53.6618194731115,53.665631459995,0.510952726086836,0.436481027982275,0.312126699742473
"null",16000,3307,25,0,640,646.823227559607,1.56711672839304,645.256110831214,637.906902130968,637.990608771819,2.09266602127841,35.0703605640157,35.0542201983281,35.0542436803306,0.254241053848407,0.207264689338072,0.395690980929007
"null",16000,3307,25,1,640,655.495933284779,1.5459537325569,653.949979552223,637.853718165609,637.937475800788,2.09394087948484,35.0674045447563,35.0514477874723,35.0542436803306,0.503094407704288,0.456828598023206,0.307128090750109
"null",16000,3307,50,0,320,330.180451218482,0.789068234600088,329.391382983882,317.925880621099,317.967345892021,2.07326354610498,25.0495414390563,25.0438946018874,25.0439613479976,0.489213370520061,0.456160564219891,0.307373316178972
"null",16000,3307,50,1,320,342.347254740309,0.781708137811638,341.565546602498,317.897173621255,317.938686024607,2.07562016763239,25.047439591122,25.0418575513632,25.0439613479976,0.976150916747629,0.943494727954163,0.166494246492579
"null",16000,3308,2,0,8000,7966.84060318242,3.42327441293911,7963.41732876948,7997.46163760567,7998.73079441673,2.53831362211165,90.502095442454,89.4427186523814,89.4427190999916,-0.338346137440822,-0.39481655051761,0.595383357499369
"null",16000,3308,2,1,8000,7978.63988987939,2.64577091005543,7975.99411896934,7997.34308421411,7998.60744091993,2.52871341163699,90.4973873087606,89.4421396203002,89.4427190999916,-0.206671097265022,-0.252826263398783,0.558799302492864
"null",16000,3308,5,0,3200,3195.52959135948,1.39738368744439,3194.13220767204,3197.75173691139,3198.2013678885,2.24815488556205,71.7669852589061,71.5541729685085,71.5541752799933,-0.0309633398126713,-0.0568682446829504,0.508999820853018
"null",16000,3308,5,1,3200,3250.66456058444,1.29102392840883,3249.37353665603,3197.67131625447,3198.12064355361,2.24663649570619,71.7642112316862,71.5526149010769,71.5541752799933,0.738435543573131,0.716296576627918,0.253582969192785
"null",16000,3308,10,0,1600,1551.26056454486,0.667015553220506,1550.59354899164,1597.8447990364,1598.06029998299,2.15500946586378,53.7366202220516,53.6656251650882,53.665631459995,-0.866899226245435,-0.884490786147173,0.794785890213696
"null",16000,3308,10,1,1600,1657.50430844414,0.542040987162359,1656.96226745698,1597.79834502982,1598.01389735546,2.15552325643313,53.7347375755766,53.6641864623687,53.665631459995,1.11112412767166,1.09846759985561,0.146508931853429
"null",16000,3308,25,0,640,616.800017129724,0.275663917118551,616.524353212605,637.901971900227,637.985875805616,2.09759763472919,35.0716160054786,35.0542202782465,35.0542436803306,-0.601681849139966,-0.612237910946466,0.719539123025088
"null",16000,3308,25,1,640,648.912260546741,0.279820051411435,648.63244049533,637.881441617347,637.965384626778,2.09857523579142,35.070458174962,35.0531759813483,35.0542436803306,0.314533071520279,0.304310681412355,0.373575522200868
"null",16000,3308,50,0,320,281.43983823705,0.143023607959819,281.29681462909,317.91947922163,317.961072932846,2.07968556078461,25.0499822781169,25.0438962269559,25.0439613479976,-1.45627412345308,-1.46399976950439,0.930911307094926
"null",16000,3308,50,1,320,333.608714998549,0.135662355931259,333.473052642618,317.907795695998,317.949423932137,2.08141180694462,25.0491717911301,25.0431263574943,25.0439613479976,0.626803929226557,0.619875828955184,0.262579753422353
"null",16000,3309,2,0,8000,8012.38609567376,10.3457853337019,8002.04031034005,7997.46542840354,7998.73268999333,2.53452317957321,90.5084483791624,89.4427186471369,89.4427190999916,0.164853862124634,0.0369803198824101,0.452658067461813
"null",16000,3309,2,1,8000,8035.4064398456,10.3580586780513,8025.04838116755,7997.46465546598,7998.73229764105,2.53528435014017,90.5084809141033,89.44271859672,89.4427190999916,0.419206951618473,0.294222759989587,0.381871162487228
"null",16000,3309,5,0,3200,3239.25394089141,4.14901703480013,3235.10492385661,3197.74685293338,3198.19746054083,2.25303803725636,71.7682677164,71.5541729336462,71.5541752799933,0.578348750481936,0.515797497233414,0.300848711692827
"null",16000,3309,5,1,3200,3170.63318377781,4.14388029035294,3166.48930348746,3197.74688503467,3198.19748469855,2.25299831937602,71.7682783500421,71.5541727883769,71.5541752799933,-0.377795063225782,-0.443135319373553,0.631123762898227
"null",16000,3309,10,0,1600,1613.15378023414,2.07731082893176,1611.07646940521,1597.8469430538,1598.06222953733,2.15286483530292,53.7370486270762,53.6656251293581,53.665631459995,0.284847001676073,0.242506070441025,0.390125480677533
"null",16000,3309,10,1,1600,1622.66618678973,2.08146703576621,1620.58471975397,1597.84421132757,1598.05977056521,2.15559237637662,53.7370523408261,53.6656249984911,53.665631459995,0.461915463928479,0.419727697001402,0.32784691460578
"null",16000,3309,25,0,640,590.452902192244,0.837491475734544,589.615410716509,637.897925536847,637.981990747435,2.10163026469897,35.0717200314041,35.0542195008812,35.0542436803306,-1.35280001386074,-1.37976485340688,0.910987729384172
"null",16000,3309,25,1,640,581.560505450238,0.839019781020722,580.721485669218,637.899647473419,637.983643732368,2.09990647373252,35.0717209846099,35.0542194018563,35.0542436803306,-1.60639798793743,-1.63353111380703,0.946339268279243
"null",16000,3309,50,0,320,271.32742772467,0.411049680086704,270.916378044583,317.918122834786,317.959743657207,2.08104112099992,25.0500190995245,25.0438961357025,25.0439613479976,-1.85990657033077,-1.87843638057414,0.972765871921302
"null",16000,3309,50,1,320,271.230009916781,0.418068266531164,270.811941650249,317.918691777367,317.960301203968,2.08047133009259,25.0500193892802,25.0438960701367,25.0439613479976,-1.86381819251468,-1.88262878194661,0.973034523903092
"null",16000,3310,2,0,8000,8048.60252952572,0.223372050838884,8048.37915747488,7997.4777861891,7998.73886927142,2.52216616464646,90.3605188852038,89.4427186737472,89.4427190999916,0.565786296574612,0.554995296872918,0.342913045963459
"null",16000,3310,2,1,8000,7969.29011321379,0.466857572662819,7968.82325564113,7997.18728351365,7998.44827328665,2.52197954600378,90.35306637167,89.4414436319921,89.4427190999916,-0.308757316382593,-0.331222489737667,0.587842830467722
"null",16000,3310,5,0,3200,3156.96132287592,0.0724668732120388,3156.88885600271,3197.76125450887,3198.20898233283,2.23863911982886,71.7384367887885,71.5541730122114,71.5541752799933,-0.568731818802654,-0.577466339008246,0.693926240369142
"null",16000,3310,5,1,3200,3184.20532676531,0.189589756813134,3184.0157370085,3197.56994788909,3198.0193044454,2.24678278153859,71.7332522491049,71.5507007758435,71.5541752799933,-0.186309984627008,-0.195715307957189,0.565290647088333
"null",16000,3310,10,0,1600,1497.22179815435,0.0496898046096261,1497.17210834974,1597.85277336908,1598.06747734652,2.14703977437285,53.727089317236,53.6656253434929,53.665631459995,-1.87300254850105,-1.88007441171106,0.964828717215022
"null",16000,3310,10,1,1600,1588.18240506793,0.123944558593803,1588.05846050934,1597.74569795105,1597.96077729519,2.15079344140756,53.723242519504,53.6623939746318,53.665631459995,-0.178010344026572,-0.184529911031097,0.564433222326833
"null",16000,3310,25,0,640,583.299524521374,0.0141357722564136,583.285388749118,637.908626813138,637.992264644563,2.09094578563896,35.0692798837885,35.0542204517887,35.0542436803306,-1.55717774852308,-1.56063592886585,0.940455643727473
"null",16000,3310,25,1,640,625.337979854508,0.00497113576580123,625.333008718742,637.860091112492,637.943911716829,2.09551510842028,35.0667772596422,35.051873416455,35.0542436803306,-0.357093301311037,-0.359778287689663,0.632373220893004
"null",16000,3310,50,0,320,284.635275115365,-0.00642894518414127,284.64170406055,317.927686074558,317.969115832503,2.07148789727985,25.0491653438934,25.0438969438943,25.0439613479976,-1.32908264615326,-1.33075981931315,0.910791608446701
"null",16000,3310,50,1,320,311.254510213741,-0.0214252375467785,311.275935451288,317.901415303012,317.942920464156,2.07525805717121,25.0473714773952,25.0421579482253,25.0439613479976,-0.265373358448823,-0.2662304513314,0.595960513824287
"null",16000,3311,2,0,8000,7905.12005392581,-9.56036065495649,7914.68041458076,7997.47281531602,7998.73638120664,2.52713178123277,90.782224143996,89.4427185506414,89.4427190999916,-1.01730005252714,-0.939774282221602,0.767902934767014
"null",16000,3311,2,1,8000,7848.6528338496,-11.2196743113091,7859.87250816091,7997.08033080755,7998.3436947631,2.52672791109631,90.7851596153671,89.4408824566012,89.4427190999916,-1.63493127716913,-1.54818672176434,0.881593903275945
"null",16000,3311,5,0,3200,3277.74933391661,-3.80857012208478,3281.5579040387,3197.75523042471,3198.20416135217,2.24465463729231,71.8235725298841,71.5541727542628,71.5541752799933,1.11375834804963,1.16490400878218,0.159302959699472
"null",16000,3311,5,1,3200,3195.62132440777,-4.01394509717746,3199.63526950495,3197.50609339851,3197.95446364696,2.24185124224797,71.8206528726773,71.5493588021362,71.5541752799933,-0.0262427159230629,0.0234915572427346,0.508542112632098
"null",16000,3311,10,0,1600,1673.73252100396,-1.91131404329953,1675.64383504726,1597.84355267254,1598.05917693585,2.15624263312714,53.7555170074569,53.6656246505499,53.665631459995,1.41174287879872,1.44570492967536,0.0916334946172933
"null",16000,3311,10,1,1600,1619.74961773729,-2.0347104461081,1621.7843281834,1597.70438682172,1597.91989258458,2.1550576285539,53.7518557443187,53.6612227791963,53.665631459995,0.410129671065313,0.444724036517339,0.346505984165179
"null",16000,3311,25,0,640,627.750284270346,-0.767570495324863,628.517854765671,637.901477344532,637.985399600174,2.09805639105231,35.0762468677083,35.0542182215796,35.0542436803306,-0.289403627260109,-0.270082897717419,0.606342364652835
"null",16000,3311,25,1,640,585.041427142015,-0.774960241667477,585.816387383682,637.841620942617,637.92554510065,2.09810395080916,35.0732505393648,35.0510222129348,35.0542436803306,-1.50542630034652,-1.48666584958363,0.934080310972606
"null",16000,3311,50,0,320,344.224446657843,-0.362996729055056,344.587443386898,317.919807150739,317.961393002975,2.07929261181308,25.051598335958,25.0438909927957,25.0439613479976,1.05001841217246,1.0631754622947,0.149438417625287
"null",16000,3311,50,1,320,277.968522815933,-0.380296626849145,278.348819442782,317.891399479205,317.932940526205,2.0770523499877,25.0493007817118,25.0415210107348,25.0439613479976,-1.59377209811858,-1.58073948728809,0.948723056240667
"null",16000,3312,2,0,8000,7921.49285739303,-2.36192083356947,7923.8547782266,7997.46559231091,7998.73276995061,2.53435527940155,90.6334314196747,89.4427185867467,89.4427190999916,-0.838241846610646,-0.837161402371699,0.726273791223265
"null",16000,3312,2,1,8000,7957.29040426941,-2.34503536034583,7959.63543962976,7997.4239631693,7998.69192296858,2.53591959855122,90.6351320282088,89.4425295244462,89.4427190999916,-0.442803557536597,-0.436665684059673,0.624435941459249
"null",16000,3312,5,0,3200,3192.05295258296,-0.924246220930221,3192.97719880389,3197.75471273019,3198.20374705693,2.24517163370125,71.793498904479,71.5541727700704,71.5541752799933,-0.0794188921592407,-0.0730432349463959,0.526339001036491
"null",16000,3312,5,1,3200,3178.72633957905,-0.908339263439957,3179.63467884248,3197.7237798835,3198.17382312812,2.25021622310947,71.7936488347776,71.5536781574222,71.5541752799933,-0.264611711659533,-0.259094217977852,0.592174302040208
"null",16000,3312,10,0,1600,1669.41117289414,-0.458279879055154,1669.86945277319,1597.84614711904,1598.0615123661,2.15365247059215,53.7454728774581,53.6656248294629,53.665631459995,1.33155449089202,1.33806213260872,0.104452522231048
"null",16000,3312,10,1,1600,1617.1542164064,-0.456537496670658,1617.61075390307,1597.83096889739,1598.04639023075,2.15421333362813,53.7452618667526,53.6651662512837,53.665631459995,0.359533972630374,0.364563552840073,0.363450624140876
"null",16000,3312,25,0,640,652.773463092133,-0.179406752031727,652.952869844165,637.899504276184,637.983505825518,2.1000387333614,35.0737850617271,35.054218785769,35.0542436803306,0.424076237844656,0.427034592045269,0.333941054987029
"null",16000,3312,25,1,640,675.771569467596,-0.187014670190326,675.958584137786,637.897502357754,637.981332742999,2.09575963113737,35.0735148894348,35.0538831188048,35.0542436803306,1.07984806282563,1.08339641762581,0.145529760852877
"null",16000,3312,50,0,320,322.390183158863,-0.0709173054377644,322.461100464301,317.920194213782,317.961772596716,2.07891914667933,25.0507376733577,25.0438921206966,25.0439613479976,0.178437417826426,0.179657692418626,0.420859110715145
"null",16000,3312,50,1,320,334.018341487455,-0.046450825596154,334.064792313052,317.916549822851,317.958136884551,2.07935308502079,25.0505127861331,25.0436438558626,25.0439613479976,0.642772936509218,0.643143446744461,0.257479259673329
"null",16000,3313,2,0,8000,8009.14279388875,15.6015065219107,7993.54128736684,7997.46909742803,7998.73452392963,2.53085300319788,90.4094013871366,89.4427186171146,89.4427190999916,0.129120382190533,-0.0580621502015892,0.462819828222096
"null",16000,3313,2,1,8000,7893.62128292227,15.6328180554681,7877.9884648668,7997.45575209588,7998.72476897141,2.53803375107309,90.4086479639049,89.4426910533172,89.4427190999916,-1.14850151519864,-1.34987333993159,0.79492515247229
"null",16000,3313,5,0,3200,3264.85809279381,6.22417270652687,3258.63392008728,3197.75361869504,3198.20287305068,2.24627177818386,71.7482899456593,71.5541729187588,71.5541752799933,0.935276285324512,0.844549584902767,0.200860003460171
"null",16000,3313,5,1,3200,3135.71397406798,6.19365444931969,3129.52031961866,3197.75066819458,3198.19970452905,2.24518167234598,71.7479811957914,71.5540961959704,71.5541752799933,-0.864647242928178,-0.959824644032895,0.781002538369798
"null",16000,3313,10,0,1600,1618.38907717792,3.1177914037863,1615.27128577413,1597.84958908993,1598.06461082016,2.15021730229703,53.7303784431163,53.6656250794676,53.665631459995,0.382269559290967,0.320627495319239,0.355350558758599
"null",16000,3313,10,1,1600,1551.05608190796,3.09788252301881,1547.95819938494,1597.84825879995,1598.06318590073,2.14927100779413,53.7302204568483,53.6655538288163,53.665631459995,-0.870872601938676,-0.933652649437265,0.795833216347655
"null",16000,3313,25,0,640,662.443808732744,1.23481851101066,661.208990221733,637.909339025801,637.992948021136,2.09022488335845,35.0700852605084,35.0542199491064,35.0542436803306,0.699583976619815,0.662289511342821,0.243730751086612
"null",16000,3313,25,1,640,602.609768745867,1.25571297835652,601.35405576751,637.904044704626,637.987827020392,2.09455789416148,35.0700118754757,35.0541686196956,35.0542436803306,-1.0063947535598,-1.04506176284833,0.839137567131009
"null",16000,3313,50,0,320,296.25492345853,0.62116638595485,295.633757072575,317.9250339495,317.966516399303,2.07412249012969,25.0494458709466,25.0438955234175,25.0439613479976,-0.865093407758947,-0.891744629179013,0.8040377543927
"null",16000,3313,50,1,320,276.563189765237,0.627654613944001,275.935535151293,317.921649427678,317.963189630837,2.07701015793304,25.049399369151,25.0438571106316,25.0439613479976,-1.65107590217812,-1.67816220536181,0.954836500171834
"null",16000,3314,2,0,8000,8091.60950820413,-5.26500158544422,8096.87450978957,7997.46889094031,7998.73441969411,2.53105750760458,90.5311198407583,89.4427185918664,89.4427190999916,1.03987023942053,1.09723957009044,0.228880510372918
"null",16000,3314,2,1,8000,7933.205129951,-5.151535866725,7938.35666581772,7997.40140883974,7998.66955574504,2.53629381059856,90.5280055638422,89.4424290746405,89.4427190999916,-0.709131704480912,-0.674320795525211,0.69442332042045
"null",16000,3314,5,0,3200,3209.44571863178,-2.11727834922671,3211.56299698101,3197.75252783893,3198.20199968853,2.2473592479972,71.7728419367561,71.5541728317504,71.5541752799933,0.162919434110666,0.18672562009618,0.439877654837192
"null",16000,3314,5,1,3200,3155.72557803608,-2.04304092149629,3157.76861895758,3197.70521187459,3198.15614137809,2.2546475174867,71.7712203375054,71.5534090980162,71.5541752799933,-0.584909015634603,-0.564438828696215,0.699372809883908
"null",16000,3314,10,0,1600,1626.17564573412,-1.03284096345425,1627.20848669757,1597.84910137602,1598.06417075278,2.15069376764284,53.7385748611553,53.665624692763,53.665631459995,0.527117520910967,0.543072331900398,0.305983556361984
"null",16000,3314,10,1,1600,1592.9569113902,-1.03765325250494,1593.99456464271,1597.82594868619,1598.04105210314,2.15103416944564,53.7375390894439,53.6649092862623,53.665631459995,-0.0906077460652995,-0.0754028566198664,0.530888653276258
"null",16000,3314,25,0,640,648.881749714281,-0.43152927720937,649.313278991491,637.907051888717,637.990752068506,2.09250449471185,35.072094289134,35.0542195404374,35.0542436803306,0.312918234511143,0.323000399707195,0.373895404104871
"null",16000,3314,25,1,640,669.117842041229,-0.392849294633761,669.510691335863,637.894838095505,637.97863705425,2.09497396860271,35.0714911376445,35.0536988398888,35.0542436803306,0.890267363403028,0.899535721626375,0.19052887526385
"null",16000,3314,50,0,320,301.047571837737,-0.20083426783768,301.248406105575,317.923868800284,317.965374151942,2.07526758289091,25.0501475979092,25.0438939632252,25.0439613479976,-0.673700500030392,-0.667506741200632,0.744724488695468
"null",16000,3314,50,1,320,285.07528183158,-0.18502718613726,285.260309017717,317.917941237227,317.95946628221,2.07625224913938,25.0497359117613,25.0435117347721,25.0439613479976,-1.31109802998869,-1.30569377053822,0.907723634861087
"null",16000,3315,2,0,8000,8025.01507027486,-3.90963600246265,8028.92470627732,7997.47335414396,7998.73665221982,2.52659615171508,90.5976916544629,89.4427186236549,89.4427190999916,0.304000197222978,0.337512706702586,0.413469438741802
"null",16000,3315,2,1,8000,7951.27181592552,-3.98520905876165,7955.25702498428,7997.46617274745,7998.73200920912,2.53167292332896,90.5972160926276,89.4427088307492,89.4427190999916,-0.509887155635141,-0.486065156044208,0.642411894565659
"null",16000,3315,5,0,3200,3344.1749731249,-1.55210086623383,3345.72707399114,3197.75900041316,3198.20717790089,2.24088743868675,71.7862814121863,71.5541728511763,71.5541752799933,2.03960937704863,2.06165329305205,0.0352305499923569
"null",16000,3315,5,1,3200,3194.75075703863,-1.59640779149667,3196.34716483012,3197.74783833905,3198.19797939153,2.25070526241,71.786105667549,71.5541471399673,71.5541752799933,-0.0417501586491297,-0.0258659300038656,0.512885682004073
"null",16000,3315,10,0,1600,1649.99338760468,-0.78329006214779,1650.77667766683,1597.84853246995,1598.06365961714,2.15127147189088,53.7430630153456,53.665624981185,53.665631459995,0.970262061911897,0.982249215734845,0.178350717727478
"null",16000,3315,10,1,1600,1617.14766712533,-0.790162551674273,1617.937829677,1597.84218411791,1598.05786929158,2.15685173667371,53.7429828666791,53.6656008862388,53.665631459995,0.359218673353306,0.370441401141987,0.363493762111367
"null",16000,3315,25,0,640,653.251051348262,-0.313770018197176,653.564821366459,637.903384066924,637.987230700995,2.09616585178724,35.0731944806498,35.0542191698231,35.0542436803306,0.43758966095333,0.444385612755959,0.329165097858945
"null",16000,3315,25,1,640,646.332442544838,-0.315133446093163,646.647575990932,637.897119288105,637.9812036804,2.10210980735776,35.0731626336373,35.0542020215955,35.0542436803306,0.240506490527985,0.247227773297852,0.400945693316091
"null",16000,3315,50,0,320,303.957264934921,-0.176695800261191,304.133960735182,317.920026823374,317.961609051135,2.0791113880129,25.050532640528,25.0438940605914,25.0439613479976,-0.557383832464449,-0.552136512097424,0.704955601948954
"null",16000,3315,50,1,320,315.953815954367,-0.170841838710156,316.124657793077,317.916742305971,317.958386895173,2.08222946012663,25.0505145418589,25.0438811886348,25.0439613479976,-0.0783587238627078,-0.073220643728691,0.52187417173525
"null",16000,3316,2,0,8000,8015.26928383926,-13.5211346800298,8028.79041851929,7997.46157387663,7998.73076135042,2.53837494757951,90.5658863838659,89.4427185785779,89.4427190999916,0.196627126102974,0.336077186008822,0.443652642112736
"null",16000,3316,2,1,8000,8037.55667090641,-14.4332462996898,8051.9899172061,7996.72313393543,7997.99311774105,2.53996761125017,90.5664257198576,89.4394148793854,89.4427190999916,0.450868372538922,0.603724873847422,0.375425714834053
"null",16000,3316,5,0,3200,3235.35812307719,-5.41026698428252,3240.76839006147,3197.74137683691,3198.19307926806,2.25851215578407,71.7798590150205,71.5541728608253,71.5541752799933,0.524057120708556,0.595008076974258,0.317876939231926
"null",16000,3316,5,1,3200,3221.53502217373,-5.04194930875879,3226.57697148249,3197.26513534306,3197.71747203766,2.26168347299545,71.7727319182551,71.5451890308033,71.5541752799933,0.338149129648758,0.403374424413164,0.381367233773853
"null",16000,3316,10,0,1600,1667.91360757374,-2.71331558756677,1670.62692316131,1597.83325858278,1598.04991281309,2.166542303075,53.7409179511074,53.6656248630613,53.665631459995,1.30404078796566,1.35239290576443,0.109190470764656
"null",16000,3316,10,1,1600,1645.86402290402,-2.5078189255873,1648.3718418296,1597.56881446694,1597.78508762326,2.16273156315857,53.7333100669754,53.6572327851074,53.665631459995,0.898794590857639,0.942776054235614,0.197632257228326
"null",16000,3316,25,0,640,650.2173711455,-1.11860477754939,651.33597592305,637.89316213172,637.977417382589,2.10638127172044,35.0726677862032,35.0542187905107,35.0542436803306,0.351390692287974,0.381082762685239,0.359985886687282
"null",16000,3316,25,1,640,634.461539046709,-1.03745186517124,635.498990911881,637.777829715116,637.862120596764,2.10727204119952,35.066775613189,35.048108235891,35.0542436803306,-0.0945707328494597,-0.0674253134856394,0.532107435909578
"null",16000,3316,50,0,320,328.718259756673,-0.547819067653613,329.266078824327,317.916301867771,317.957958619524,2.08283758764138,25.0503487461528,25.0438941915477,25.0439613479976,0.431209880483627,0.451532022868031,0.327549808143993
"null",16000,3316,50,1,320,327.193758857264,-0.511988369745403,327.70574722701,317.855922628953,317.89761562488,2.08464979636622,25.0459016979708,25.0393672185432,25.0439613479976,0.372828909931726,0.391708445206482,0.349201536590509
"null",16000,3317,2,0,8000,7992.95939651065,21.6244272042368,7971.33496930641,7997.47424173155,7998.73709498908,2.52570651507241,90.6857831997415,89.4427185985569,89.4427190999916,-0.0497855899965336,-0.306365080489761,0.513797219177513
"null",16000,3317,2,1,8000,8083.50506165407,21.5038340422565,8062.00122761182,7997.4403610532,7998.70561064546,2.53049918451878,90.6873737358603,89.4425835477117,89.4427190999916,0.949026276265911,0.707667583557657,0.248589982706731
"null",16000,3317,5,0,3200,3106.77407360749,8.60971889068493,3098.1643547168,3197.76113097351,3198.20888188355,2.23875455016834,71.8040760089801,71.5541727949594,71.5541752799933,-1.26715727606675,-1.39816482056789,0.873554388001683
"null",16000,3317,5,1,3200,3149.71582010528,8.64311143180528,3141.07270867347,3197.73141503994,3198.18139263942,2.24988799741378,71.8042991551986,71.5538182724581,71.5541752799933,-0.668700836852089,-0.798122103679948,0.72523343495394
"null",16000,3317,10,0,1600,1511.53809729403,4.31638724561949,1507.22171004841,1597.84961534474,1598.06463398542,2.15018640679082,53.7490058340574,53.6656248979946,53.665631459995,-1.60582538618833,-1.69275815029981,0.938952831559536
"null",16000,3317,10,1,1600,1542.1796957254,4.31411695729171,1537.86557876811,1597.83591766132,1598.05125301783,2.15335356515184,53.7488956620759,53.6652949041742,53.665631459995,-1.03548586906481,-1.12150085743858,0.838252139629632
"null",16000,3317,25,0,640,649.003681405231,1.74129317745018,647.262388227781,637.903050395249,637.986910109337,2.09649285219918,35.0746512475975,35.0542187781124,35.0542436803306,0.316485855600418,0.264603760738654,0.372617628995243
"null",16000,3317,25,1,640,639.303493635655,1.72869292135123,637.574800714303,637.893849392451,637.97789901191,2.10124048647417,35.0744705426819,35.0539808685704,35.0542436803306,0.0401900362683484,-0.0114993586354152,0.478018519465526
"null",16000,3317,50,0,320,321.984726071252,0.88360517068392,321.101120900569,317.918655635396,317.96026499184,2.08046782221338,25.0510419919755,25.0438929042148,25.0439613479976,0.16231142948701,0.125414044882771,0.427100456354061
"null",16000,3317,50,1,320,320.23485384528,0.874814107763272,319.360039737517,317.914377970721,317.956027158929,2.08245941043729,25.0508853223366,25.0437161860921,25.0439613479976,0.0926304936812211,0.0560624696492668,0.454288121632634
"null",16000,3318,2,0,8000,8127.16387387878,9.74761881342389,8117.41625506535,7997.47110842959,7998.73553038301,2.52884390683467,90.398909114185,89.4427186676281,89.4427190999916,1.43467179770242,1.32689084645745,0.153609346552276
"null",16000,3318,2,1,8000,7990.42122019657,9.80316657597608,7980.61805362059,7996.60949887428,7997.87305481727,2.52711188597572,90.3819330494023,89.4388837533097,89.4427190999916,-0.06846809388693,-0.192925050856684,0.521799463939274
"null",16000,3318,5,0,3200,3245.65722979582,3.90407889731252,3241.7531508985,3197.75540738132,3198.20430449129,2.24448554985641,71.7461748982213,71.5541729957715,71.5541752799933,0.667656812122025,0.60861365010515,0.273822502706177
"null",16000,3318,5,1,3200,3168.26645696216,3.53047272687351,3164.73598423528,3197.2031967517,3197.65266238454,2.24732816417572,71.7322060807428,71.543733559789,71.5541752799933,-0.403399551896822,-0.460091702115909,0.642295540707044
"null",16000,3318,10,0,1600,1614.91436674364,1.95821847004917,1612.95614827359,1597.85433470161,1598.06888231932,2.14547617707723,53.7296719969665,53.6656252540807,53.665631459995,0.317516028071013,0.277407854353589,0.378308250614984
"null",16000,3318,10,1,1600,1631.79158010815,1.92049789467407,1629.87108221348,1597.53787245495,1597.75316191098,2.15289456028867,53.7187637313026,53.6559518552713,53.665631459995,0.637648845095062,0.598590076067048,0.272476465393848
"null",16000,3318,25,0,640,587.834734821181,0.761673218473953,587.073061602707,637.907390669993,637.991077853633,2.09217959100299,35.0699129305754,35.0542203361062,35.0542436803306,-1.4277952713466,-1.45255024253044,0.922800227991475
"null",16000,3318,25,1,640,642.263976179259,0.713157827955632,641.550818351303,637.770597988308,637.854480143072,2.09705386910263,35.0625561068947,35.0471753112081,35.0542436803306,0.128153183619919,0.105467507021849,0.445215980785418
"null",16000,3318,50,0,320,287.688184946102,0.361448814712874,287.326736131389,317.924763160198,317.966251115929,2.07439778656636,25.0493859342358,25.0438959250031,25.0439613479976,-1.20707862034936,-1.22343245141627,0.887960157565556
"null",16000,3318,50,1,320,300.134225511152,0.352482599027236,299.781742912125,317.852456988212,317.894045741723,2.07943767553924,25.044076439237,25.038695989693,25.0439613479976,-0.707481927714454,-0.723372448671181,0.756653567292231
"null",16000,3319,2,0,8000,7883.7507710809,16.5136246556699,7867.23714642523,7997.46895693873,7998.73445220572,2.53099053398545,90.6638962641521,89.4427185715601,89.4427190999916,-1.25428302272057,-1.47018458160215,0.816575775431693
"null",16000,3319,2,1,8000,7942.55999133836,16.3717354229904,7926.18825591537,7997.46274698072,7998.72689253165,2.52829110186111,90.662775314466,89.4426760785944,89.4427190999916,-0.605571089699475,-0.811007002435174,0.667888199959722
"null",16000,3319,5,0,3200,3100.86289818375,6.59847759677143,3094.26442058697,3197.75034307363,3198.20025114672,2.24954036547061,71.799652841448,71.5541727220408,71.5541752799933,-1.3494138349643,-1.45254744211072,0.888531613782275
"null",16000,3319,5,1,3200,3199.41975739637,6.53327259352737,3192.88648480284,3197.74399837363,3198.19404157137,2.25021598869494,71.7992058679819,71.5540641634952,71.5541752799933,0.0233395202980972,-0.0741754759924732,0.48959451322673
"null",16000,3319,10,0,1600,1559.07563283845,3.31647086147472,1555.75916197697,1597.84520609179,1598.06066502704,2.15458935249138,53.7475281703054,53.6656246572614,53.665631459995,-0.72132755818092,-0.788242069671815,0.75249963644804
"null",16000,3319,10,1,1600,1580.89408988897,3.24068499079327,1577.65340489817,1597.84408902344,1598.05934014417,2.15251120728526,53.7473013521957,53.6655243291407,53.665631459995,-0.315364654746233,-0.38024291202011,0.614805026724868
"null",16000,3319,25,0,640,615.409280297542,1.28357079214415,614.125709505398,637.903245809345,637.987096925329,2.09627789961379,35.0742872136399,35.0542176680822,35.0542436803306,-0.641323524974027,-0.680699470912971,0.732805788488699
"null",16000,3319,25,1,640,611.778767112754,1.27853743417238,610.500229678582,637.902088963255,637.985932250249,2.09608217483312,35.0741822841363,35.0541453663606,35.0542436803306,-0.744802021010098,-0.78409278801141,0.765966850168017
"null",16000,3319,50,0,320,304.023505344332,0.639348086233119,303.384157258099,317.922524046936,317.964055659413,2.07658062384978,25.0509130707972,25.0438913945423,25.0439613479976,-0.554830822466373,-0.582173839185846,0.704021063937099
"null",16000,3319,50,1,320,306.952556812343,0.659410165911055,306.293146646432,317.92117228006,317.962717321938,2.07725209392121,25.0508486711777,25.0438387697613,25.0439613479976,-0.437854046850597,-0.465965732441816,0.661558898706565
"null",16000,3320,2,0,8000,7898.23127367643,0.572848594162814,7897.65842508227,7997.47619068893,7998.73806913206,2.52375688625323,90.9592975004636,89.4427185465102,89.4427190999916,-1.09109150729746,-1.13010478317725,0.78432017155663
"null",16000,3320,2,1,8000,7898.11411854113,0.616157110717725,7897.49796143041,7997.44810079943,7998.71831796519,2.54043433150856,90.9604161978666,89.4426615859928,89.4427190999916,-1.0920572531487,-1.13167871729153,0.784593504884018
"null",16000,3320,5,0,3200,3159.4041154395,0.239911467439807,3159.16420397206,3197.756587957,3198.20524639341,2.24329218203418,71.8594076956039,71.5541726399715,71.5541752799933,-0.533715399937102,-0.54561517492189,0.683037667595377
"null",16000,3320,5,1,3200,3203.98137531603,0.317396945620896,3203.6639783704,3197.74099889764,3198.19128849031,2.25144796335692,71.8596599059942,71.5540295159994,71.5541752799933,0.0868411627128233,0.0764833220031108,0.46689445901257
"null",16000,3320,10,0,1600,1586.53781584116,0.122674512828723,1586.41514132833,1597.84846970255,1598.06360176318,2.15132060629157,53.7674890762467,53.6656244805382,53.665631459995,-0.210362322208408,-0.217056272942036,0.575908917324166
"null",16000,3320,10,1,1600,1566.20038566473,0.150740060684075,1566.04964560404,1597.83661164427,1598.0525116531,2.15900008829866,53.7675062743938,53.6654930028977,53.665631459995,-0.588389311159178,-0.596339738224767,0.710367037341584
"null",16000,3320,25,0,640,678.643182175907,0.0399591223312324,678.603223053576,637.901919872075,637.98582391449,2.09760106036615,35.0791817475107,35.0542175018877,35.0542436803306,1.16140856981998,1.158702205716,0.12859509770045
"null",16000,3320,25,1,640,641.62747632765,0.0392794763718202,641.588196851278,637.902041505989,637.985869993687,2.09571219243563,35.0791263271074,35.0541229727227,35.0542436803306,0.106200900983717,0.102764712167935,0.452236154558368
"null",16000,3320,50,0,320,337.028908601773,0.0105509807577522,337.018357621016,317.922069674068,317.963609904059,2.07701149955319,25.0526243246396,25.043889516792,25.0439613479976,0.762668161231836,0.760854167807274,0.221746244560862
"null",16000,3320,50,1,320,308.130187712602,0.0304429663042254,308.099744746298,317.919206911035,317.960786331287,2.07897101259306,25.0525684235505,25.043819641949,25.0439613479976,-0.390739146299708,-0.393751501407229,0.643928437534186
"null",16000,3321,2,0,8000,8081.11954599634,23.8169524856663,8057.30259351068,7997.47311869817,7998.73653364909,2.52682990183189,90.5545047663994,89.4427185905623,89.4427190999916,0.923713596733303,0.65478845885361,0.254561619789311
"null",16000,3321,2,1,8000,8175.82036922132,22.0700491336627,8153.75032008766,7997.30523120731,7998.56369569329,2.5169289719484,90.5485303752735,89.4419079436146,89.4427190999916,1.97148575768332,1.73505494194289,0.0806154009740057
"null",16000,3321,5,0,3200,3243.2212596235,9.5309888662998,3233.69027075721,3197.7485987458,3198.19885634558,2.25128799891418,71.7775616821645,71.5541728206044,71.5541752799933,0.633521950481689,0.4960076123108,0.283957348295634
"null",16000,3321,5,1,3200,3272.67719715194,9.23912136154784,3263.43807579039,3197.64587384459,3198.09436449473,2.24245325069403,71.7739312292327,71.5520455953779,71.5541752799933,1.04538405549655,0.913233308033901,0.174918353374177
"null",16000,3321,10,0,1600,1655.90768264592,4.74134239056215,1651.16634025536,1597.84778402878,1598.0629858339,2.15201805121529,53.7401512217116,53.6656249313665,53.665631459995,1.08038212206757,0.989522706376301,0.152928701888977
"null",16000,3321,10,1,1600,1670.35149934055,4.6491559014843,1665.70234343907,1597.78432148325,1597.99963526247,2.1531377922615,53.737649494156,53.6636702307695,53.665631459995,1.35039731994978,1.26161158723317,0.101556109808114
"null",16000,3321,25,0,640,682.604316792836,1.90039460972794,680.703922183108,637.904219627736,637.988032859541,2.09533079512319,35.0724802742292,35.0542191827057,35.0542436803306,1.27450630282185,1.21856627588617,0.107622459635638
"null",16000,3321,25,1,640,663.702641876543,1.85459911110439,661.848042765439,637.875099187516,637.959013414929,2.09785568531965,35.0709182059607,35.0527979198207,35.0542436803306,0.736437595883568,0.681515621239514,0.233093548003946
"null",16000,3321,50,0,320,350.185882075341,0.935557353872933,349.250324721468,317.923537939438,317.965049915972,2.07559882670243,25.0502827222442,25.0438939589254,25.0439613479976,1.2879033938908,1.24921766785973,0.103511423669887
"null",16000,3321,50,1,320,334.768399891431,0.911930738581143,333.85646915285,317.908912494344,317.950446189737,2.07668476960867,25.0491854322811,25.0428468989217,25.0439613479976,0.673055315218349,0.635152346189459,0.248285519222611
"null",16000,3322,2,0,8000,8026.54186039546,32.3202999956318,7994.22156039982,7997.46747827737,7998.73371416943,2.53247178412986,90.662872884962,89.4427186098245,89.4427190999916,0.320686750738397,-0.050447413045358,0.408784375260095
"null",16000,3322,2,1,8000,7997.4712449528,32.3546049174427,7965.11664003536,7997.35842421486,7998.62012921419,2.52340999865442,90.6578736048828,89.4421610909722,89.4427190999916,0.00124446706560237,-0.374582733357205,0.499564996603428
"null",16000,3322,5,0,3200,3259.10042219353,12.8957184244956,3246.20470376903,3197.74663647089,3198.19728658154,2.25325055329096,71.7994467407765,71.5541728397144,71.5541752799933,0.854516134980151,0.670924074477494,0.221390698568417
"null",16000,3322,5,1,3200,3176.06032331243,13.0151241647378,3163.04519914769,3197.67460948188,3198.124813078,2.25101798058711,71.796689534457,71.5527502785202,71.5541752799933,-0.301048506687456,-0.490262272152483,0.605119402965266
"null",16000,3322,10,0,1600,1667.82598096602,6.43546814544331,1661.39051282058,1597.83835718081,1598.05450139598,2.16144215170151,53.747459369307,53.6656248312236,53.665631459995,1.30215687599894,1.18019703718707,0.109472496314715
"null",16000,3322,10,1,1600,1583.13670952687,6.40317110797435,1576.7335384189,1597.80064078407,1598.01638264249,2.15741858414246,53.7456642309358,53.6643144719545,53.665631459995,-0.27283933442884,-0.396592119605214,0.599452525640126
"null",16000,3322,25,0,640,655.081625688478,2.60568001357038,652.475945674908,637.901236313147,637.985168577461,2.09830660784835,35.0742720677478,35.0542187859899,35.0542436803306,0.489828822167612,0.413381829614144,0.311142434823813
"null",16000,3322,25,1,640,613.39633445375,2.58939110624987,610.8069433475,637.880661123035,637.964706474014,2.10113377447946,35.0731970415282,35.0532698350558,35.0542436803306,-0.698092239503973,-0.774756912958626,0.751463937977321
"null",16000,3322,50,0,320,314.493504361069,1.29437813289025,313.199126228179,317.919286442499,317.96088314883,2.07983531657836,25.0509088710691,25.043892797524,25.0439613479976,-0.136752806018386,-0.190136451994483,0.545021415369591
"null",16000,3322,50,1,320,332.822623561438,1.29147756180107,331.531145999637,317.909377633385,317.950991138012,2.08067523133266,25.0501625752072,25.0431913432384,25.0439613479976,0.595335295061621,0.542269340815921,0.272522551528478
"null",16000,3323,2,0,8000,8011.06873507027,-1.58836460273872,8012.65709967301,7997.47598134275,7998.73796539339,2.52396810128627,90.4908516912224,89.4427185962025,89.4427190999916,0.150211358092893,0.15562065306239,0.456781872307995
"null",16000,3323,2,1,8000,7880.23837085989,-1.5461199727788,7881.78449083266,7997.46682077798,7998.73147332977,2.52930510357734,90.4902061872457,89.4427014982192,89.4427190999916,-1.29548218373517,-1.30750727044438,0.823927214963138
"null",16000,3323,5,0,3200,3179.20737614977,-0.628481310079768,3179.83585745985,3197.75299040941,3198.20237003787,2.24689814232698,71.7647172749953,71.5541728852829,71.5541752799933,-0.258422452757289,-0.256679825053237,0.589828155185482
"null",16000,3323,5,1,3200,3167.56873562652,-0.603541232580342,3168.1722768591,3197.74491158471,3198.19542184671,2.25255130997826,71.764470161934,71.5541267011848,71.5541752799933,-0.420489078928585,-0.4195864916776,0.645567448115477
"null",16000,3323,10,0,1600,1586.97176527641,-0.299896918372762,1587.27166219478,1597.84663025456,1598.06194753786,2.15317283296801,53.7358627088021,53.6656249735396,53.665631459995,-0.202376298247623,-0.201065120333439,0.572885945307308
"null",16000,3323,10,1,1600,1525.17462017501,-0.288512571119019,1525.46313274613,1597.84156597629,1598.05725318044,2.15687204144463,53.7357450343477,53.6655822202806,53.665631459995,-1.35230181985624,-1.35271280830101,0.9025908180058
"null",16000,3323,25,0,640,673.492612530339,-0.132026083394948,673.624638613734,637.899216170434,637.983229761741,2.10033978266314,35.0714293610736,35.0542195053153,35.0542436803306,1.01488296908167,1.01675088919291,0.160030500232915
"null",16000,3323,25,1,640,662.629177045384,-0.126365073946657,662.755542119331,637.898741858257,637.982750431946,2.10021434222293,35.0713777858427,35.0541874783153,35.0542436803306,0.705145812580822,0.706699925728115,0.242147255626971
"null",16000,3323,50,0,320,336.302153845589,-0.0558734406327305,336.358027286222,317.915674051212,317.957343278162,2.08346134747686,25.0499147720918,25.043893895359,25.0439613479976,0.733993706631732,0.73473734096397,0.230084424782283
"null",16000,3323,50,1,320,314.495163095082,-0.0577875402153785,314.552950635297,317.916446802655,317.958094466273,2.08238318091787,25.0498841515991,25.043870283974,25.0439613479976,-0.136578823553365,-0.135967156528338,0.544995153973377
"null",16000,3324,2,0,8000,7896.31823146625,-4.55203834714691,7900.8702698134,7997.47342491095,7998.73668772424,2.52652562657081,90.3709674860664,89.4427186456806,89.4427190999916,-1.11933285941965,-1.09417982137291,0.788758585746401
"null",16000,3324,2,1,8000,7808.59821772645,-4.62809965465449,7813.2263173811,7997.32175841567,7998.58850108894,2.5334853465219,90.3660865511452,89.4420758527782,89.4427190999916,-2.08843325955489,-2.07242712046331,0.933740893735142
"null",16000,3324,5,0,3200,3178.80892953385,-1.83741342788242,3180.64634296174,3197.74505196112,3198.19601994346,2.25483991169725,71.7405422083666,71.5541729783599,71.5541752799933,-0.263952875798798,-0.245264199853558,0.591771703883117
"null",16000,3324,5,1,3200,3076.03212749563,-2.03128205212962,3078.06340954776,3197.6587317896,3198.10827793533,2.2477307286616,71.7375367292447,71.5524013103357,71.5541752799933,-1.69543881542822,-1.67771963189489,0.93779742964778
"null",16000,3324,10,0,1600,1607.96701173886,-0.907371166759116,1608.87438290562,1597.84150776249,1598.05733779138,2.15830028889508,53.7277921567942,53.6656251412749,53.665631459995,0.18845933491601,0.201563758658707,0.425546009931388
"null",16000,3324,10,1,1600,1495.7251699754,-1.03774952735365,1496.76291950275,1597.79450266275,1598.00976993403,2.15267271278671,53.7257008561888,53.6639795171741,53.665631459995,-1.89982319561663,-1.88668174336326,0.966921503186878
"null",16000,3324,25,0,640,647.917788510143,-0.346572485583713,648.264360995727,637.899584511099,637.983583574401,2.0999765825628,35.0694513573955,35.0542197993859,35.0542436803306,0.28566754286938,0.293282163464546,0.38405062640921
"null",16000,3324,25,1,640,598.086125421288,-0.403717496837326,598.489842918126,637.877864638231,637.961839662187,2.09937559889585,35.0681448152013,35.0530281366463,35.0542436803306,-1.13469758456382,-1.12606524578102,0.869238943451228
"null",16000,3324,50,0,320,294.325082485557,-0.170104241559246,294.495186727117,317.91648024947,317.958133817468,2.08267839989047,25.049224262951,25.043895749626,25.0439613479976,-0.9418015311079,-0.936872894094417,0.825499546797014
"null",16000,3324,50,1,320,302.691293452,-0.198027340903811,302.889320792904,317.906977930115,317.948594020546,2.08080452153598,25.0483041232274,25.0430164223082,25.0439613479976,-0.607453678431076,-0.601336235766988,0.72257461293319
"null",16000,3325,2,0,8000,8099.44074390887,14.981138416374,8084.45960549249,7997.46860961853,7998.73427932034,2.53133940361374,90.6266660188822,89.4427186063788,89.4427190999916,1.12518907259696,0.958438288860836,0.210710234429772
"null",16000,3325,2,1,8000,8045.15466065888,15.2971971824509,8029.85746347642,7997.45707747047,7998.72347345578,2.53279197062372,90.6276635676657,89.4426705941692,89.4427190999916,0.526302690709857,0.348088779257417,0.352947365284064
"null",16000,3325,5,0,3200,3196.99218177065,5.95030535367845,3191.04187641697,3197.74846633484,3198.19874974641,2.25141705784879,71.792133005971,71.5541727288576,71.5541752799933,-0.0105343654315148,-0.1000203490097,0.501702164815568
"null",16000,3325,5,1,3200,3169.03683127938,5.98977171676626,3163.04705956262,3197.74761553337,3198.19676325638,2.24573861503568,71.7923565607685,71.5540477196923,71.5541752799933,-0.399914219693961,-0.49123291852699,0.638671317976633
"null",16000,3325,10,0,1600,1560.48945203504,2.97429837894512,1557.5151536561,1597.84024231062,1598.05619762841,2.15955317793214,53.7450168007496,53.6656246690171,53.665631459995,-0.694962854212949,-0.755437847269035,0.744397241403942
"null",16000,3325,10,1,1600,1585.6691293473,3.03208281451064,1582.63704653279,1597.84320442119,1598.05849775681,2.15293335613699,53.7450342448056,53.665509766306,53.665631459995,-0.226515346858613,-0.287362428702709,0.581948426783914
"null",16000,3325,25,0,640,611.368722678078,1.20886310422373,610.159859573854,637.899014171706,637.98303511227,2.10052351407993,35.0736724416054,35.0542184578143,35.0542436803306,-0.756416127732258,-0.793718324426466,0.769571326486801
"null",16000,3325,25,1,640,600.48782808434,1.2317652407722,599.256062843567,637.89641776705,637.980480479831,2.10156781951813,35.0736239124638,35.0541354897189,35.0542436803306,-1.06657326816512,-1.10470325669909,0.853760563480046
"null",16000,3325,50,0,320,283.720581039182,0.58261580242059,283.137965236761,317.919124564817,317.960724254553,2.07998448680529,25.0506977194124,25.0438917534615,25.0439613479976,-1.36517329412084,-1.39046915553687,0.916934976216427
"null",16000,3325,50,1,320,280.298818784002,0.609187220213686,279.689631563788,317.918357140785,317.959956540576,2.07996998956421,25.0506496446985,25.0438312663739,25.0439613479976,-1.50173903233462,-1.52813379749021,0.937210888942046
"null",16000,3326,2,0,8000,8068.51473369156,16.3841622728867,8052.13057141868,7997.4649708972,7998.73246021575,2.53497863708949,90.4887933928701,89.4427186156319,89.4427190999916,0.785177480330535,0.597009035832235,0.287339202895679
"null",16000,3326,2,1,8000,8114.85967942765,17.0401283767879,8097.81955105086,7997.3716173726,7998.63616058757,2.52908642993924,90.4845875002004,89.4422589025882,89.4427190999916,1.29843175838967,1.10890972209582,0.177541469923977
"null",16000,3326,5,0,3200,3222.04548569447,6.55633456669038,3215.48915112778,3197.74791903309,3198.19831291335,2.25196940130703,71.764302324173,71.5541728871125,71.5541752799933,0.338574554123344,0.241646818302361,0.378948667076727
"null",16000,3326,5,1,3200,3174.90988422021,6.82622951786947,3168.08365470234,3197.68284394259,3198.13366875731,2.25412407362547,71.7619942402629,71.5529731042455,71.5541752799933,-0.317340118031421,-0.419968769308711,0.610672947643358
"null",16000,3326,10,0,1600,1629.89323155637,3.28804923638227,1626.60518231999,1597.84714352815,1598.06240955137,2.15266023221919,53.7357240071447,53.6656249907917,53.665631459995,0.596364683277708,0.53186323225552,0.283588497387515
"null",16000,3326,10,1,1600,1615.73959044584,3.40194083261088,1612.33764961322,1597.80581887621,1598.02166571331,2.15846837098237,53.7342044981292,53.6645117522021,53.665631459995,0.33374964302765,0.266768175699071,0.372810385551658
"null",16000,3326,25,0,640,663.913577010983,1.31523299056615,662.598344020417,637.898517994285,637.982559293394,2.10103247773575,35.0713951687041,35.0542192191452,35.0542436803306,0.741774283331429,0.702220311145286,0.23133798487386
"null",16000,3326,25,1,640,626.557786235935,1.36028773719251,625.197498498742,637.881618537381,637.965729945429,2.10278520118783,35.0704822865407,35.0534100900616,35.0542436803306,-0.322887840803724,-0.364250765157552,0.619269645312309
"null",16000,3326,50,0,320,319.878301712053,0.669860799115686,319.208440912937,317.914188377706,317.95588726855,2.08494454216542,25.0499027749614,25.0438937064241,25.0439613479976,0.0784080222582702,0.0500143331971745,0.459870714613915
"null",16000,3326,50,1,320,341.365892143875,0.687874285294767,340.678017858581,317.908052074538,317.949717933888,2.08329296749118,25.0492637188492,25.0432915980165,25.0439613479976,0.936468246437356,0.907560407374454,0.175918619328436
"null",16000,3327,2,0,8000,8056.24479706316,-3.03715815813615,8059.28195522129,7997.46625631778,7998.73310304408,2.53369345260988,90.4932009653046,89.4427186343791,89.4427190999916,0.649535436014859,0.676956750663181,0.321081068589509
"null",16000,3327,2,1,8000,8071.58274197498,-2.80329339983946,8074.38603537482,7997.37135200155,7998.64040866447,2.53811332584548,90.4950992047164,89.4423207068563,89.4427190999916,0.820059767054937,0.846865623697345,0.279177101665602
"null",16000,3327,5,0,3200,3270.08638965165,-1.21409897192875,3271.30048862358,3197.7457307807,3198.19656237704,2.25415798168732,71.7651902779722,71.5541728837578,71.5541752799933,1.00801877053131,1.02165846239741,0.183263682627638
"null",16000,3327,5,1,3200,3303.11526852883,-1.13798223732345,3304.25325076615,3197.69070209546,3198.14078943134,2.25043667939844,71.7649040372497,71.5530589097619,71.5541752799933,1.46902678750389,1.48298986726245,0.0953460286611448
"null",16000,3327,10,0,1600,1701.21592749344,-0.595816638418517,1701.81174413186,1597.83660877869,1598.05292840086,2.1631962217421,53.7360203834478,53.6656250351759,53.665631459995,1.92383652486843,1.93343160846418,0.0359620844189945
"null",16000,3327,10,1,1600,1664.15735275967,-0.604275106998035,1664.76162786667,1597.80206263369,1598.01856113881,2.16498505119338,53.7353132081217,53.6646004335454,53.665631459995,1.23485444048658,1.24370751274884,0.12176236899063
"null",16000,3327,25,0,640,671.778701755113,-0.210671446428854,671.989373201542,637.89372956083,637.977962812726,2.10583129741648,35.0714684048094,35.0542197867966,35.0542436803306,0.966169189244349,0.970251530220231,0.171561104690558
"null",16000,3327,25,1,640,666.637616441987,-0.21685975327882,666.854476195265,637.881731307805,637.965882552867,2.10378112656234,35.0708033226934,35.0534698740931,35.0542436803306,0.819938022793292,0.824129358553138,0.209371355992502
"null",16000,3327,50,0,320,338.837221555937,-0.101260232933369,338.93848178887,317.914757303568,317.956445444138,2.08440702848856,25.0499306781307,25.0438961683021,25.0439613479976,0.835230425233647,0.837810387158886,0.201813757397767
"null",16000,3327,50,1,320,327.951857520425,-0.098836050150338,328.050693570575,317.908950185696,317.950611011706,2.08304130047522,25.0494070425602,25.0433417524835,25.0439613479976,0.40092395471337,0.4033041060851,0.338359446006151
"null",16000,3328,2,0,8000,7965.57120229397,2.51566217321071,7963.05554012076,7997.47167875994,7998.73581352477,2.52826952966763,90.6883732155645,89.4427185791339,89.4427190999916,-0.351759275581445,-0.398917586258767,0.599277960487438
"null",16000,3328,2,1,8000,7896.51098302421,1.85900281903587,7894.65198020518,7997.08770667325,7998.35176215671,2.52811096691354,90.6911092138456,89.4409649887948,89.4427190999916,-1.10900312633602,-1.15942154654212,0.788313793132641
"null",16000,3328,5,0,3200,3219.94021794169,1.00822517050519,3218.93199277118,3197.75156152256,3198.20122623206,2.24832354752592,71.8045972128529,71.5541727751435,71.5541752799933,0.309014426379343,0.289721280186758,0.388954540972152
"null",16000,3328,5,1,3200,3169.08075679789,0.734154035768604,3168.34660276212,3197.50944074958,3197.95835348085,2.24456365631529,71.8017093156983,71.5494764819007,71.5541752799933,-0.395933247587405,-0.413863974619211,0.638464309166926
"null",16000,3328,10,0,1600,1589.29279277534,0.526391988221085,1588.76640078712,1597.84724432758,1598.06249936178,2.15255034194865,53.7491793905663,53.6656246485514,53.665631459995,-0.159155016862317,-0.173222591473332,0.556658192515412
"null",16000,3328,10,1,1600,1595.08405317773,0.402539680190634,1594.68151349754,1597.70908470658,1597.92436517699,2.15280470411512,53.7455715440142,53.6612984809662,53.665631459995,-0.0488418199571544,-0.0604318525873797,0.515880155024357
"null",16000,3328,25,0,640,600.65951220563,0.184640593338706,600.474871612291,637.902300786182,637.98619038853,2.09724005871073,35.0746932406389,35.0542186316219,35.0542436803306,-1.06181366505584,-1.07009427796519,0.852610479607507
"null",16000,3328,25,1,640,645.208879191647,0.151407225703714,645.057471965943,637.844072280697,637.927943558722,2.09678195061049,35.0717512684365,35.0510819720963,35.0542436803306,0.209992562235634,0.203403946642713,0.413051727332197
"null",16000,3328,50,0,320,297.724279505718,0.0806992109770012,297.643580294741,317.920085949978,317.961666234809,2.07901424153393,25.0510544697886,25.0438910595439,25.0439613479976,-0.806185882060008,-0.811299086542087,0.78673829344322
"null",16000,3328,50,1,320,323.175790009223,0.0815509876786552,323.094239021545,317.891716684922,317.933264172234,2.07737436563532,25.0488039085371,25.0415702313074,25.0439613479976,0.210951123398784,0.206096295145983,0.408838498665249
"null",16000,3329,2,0,8000,8034.06644737791,-18.1916577883438,8052.25810516625,7997.45622703548,7998.72808823136,2.54372239174858,90.594222598233,89.4427186325278,89.4427190999916,0.404112086758361,0.598483786643596,0.385905210203278
"null",16000,3329,2,1,8000,7963.96965378421,-17.9798925837604,7981.94954636797,7997.45875009608,7998.72809940624,2.53869862032972,90.5947139889532,89.4427073932381,89.4427190999916,-0.369658392165769,-0.187589950341178,0.604178111630642
"null",16000,3329,5,0,3200,3115.27701000749,-7.26049554071686,3122.53750554821,3197.74561357686,3198.1964684891,2.25427456119943,71.7855808478294,71.5541728650797,71.5541752799933,-1.14881850359592,-1.05736618720408,0.849680059943494
"null",16000,3329,5,1,3200,3140.89351173632,-7.18533749317719,3148.0788492295,3197.74384294137,3198.19472722052,2.25442139573559,71.7857170618666,71.5541419879786,71.5541752799933,-0.791944881682462,-0.700391012996016,0.761148194710977
"null",16000,3329,10,0,1600,1595.20792460332,-3.64232254467222,1598.850247148,1597.84400048019,1598.05958051135,2.15580031157596,53.7428289061752,53.6656248872105,53.665631459995,-0.0490498161433258,0.0147332046967886,0.515005665346766
"null",16000,3329,10,1,1600,1594.95857277934,-3.59325706627439,1598.55182984562,1597.83935305554,1598.05530674792,2.15953692380918,53.7428637168811,53.665596358477,53.665631459995,-0.0536030288853914,0.00925216770865944,0.516765971768487
"null",16000,3329,25,0,640,630.523711808208,-1.45150862315751,631.975220431366,637.900683076148,637.984637888568,2.09887031048146,35.0731370334818,35.0542193611994,35.0542436803306,-0.210331093591592,-0.171432071993401,0.575908100578244
"null",16000,3329,25,1,640,642.491174205037,-1.43064061330225,643.921814818339,637.899008365288,637.98301448289,2.10015294005534,35.0731330794879,35.0541984131692,35.0542436803306,0.130931155461405,0.169417661914584,0.442715294971562
"null",16000,3329,50,0,320,345.014702602057,-0.74976162144235,345.7644642235,317.918186031619,317.95980490911,2.08094387454694,25.0505119769684,25.043893437079,25.0439613479976,1.08167516078516,1.11023708770549,0.142637229152178
"null",16000,3329,50,1,320,324.618830323014,-0.731651489652538,325.350481812667,317.919369429294,317.96096061512,2.07955929133158,25.0505025091664,25.043877882001,25.0439613479976,0.267438183775724,0.295062978359971,0.387037742566637
"null",16000,3330,2,0,8000,8153.84201820846,-23.3137529338925,8177.15577114235,7997.4660472256,7998.73300001966,2.53390558812164,90.35638968823,89.4427186510753,89.4427190999916,1.73065758296035,1.99482723483319,0.109434214825851
"null",16000,3330,2,1,8000,8075.04904146694,-23.2691837487028,8098.31822521565,7997.46050580305,7998.72932484322,2.53763808034032,90.3567734897891,89.4427106267214,89.4427190999916,0.858690861428968,1.11343786066642,0.270095592388772
"null",16000,3330,5,0,3200,3238.98461501646,-9.28339393368377,3248.26800895015,3197.7451009504,3198.19605880282,2.25478926209594,71.7376039533653,71.5541729293031,71.5541752799933,0.574866064565977,0.699776799835283,0.302012159011507
"null",16000,3330,5,1,3200,3243.2439646247,-9.28206108138537,3252.52602570609,3197.74423924539,3198.19513468984,2.25447722227426,71.7377096803334,71.5541506857359,71.5541752799933,0.63425115719564,0.759297545922489,0.283862037761784
"null",16000,3330,10,0,1600,1639.4154260956,-4.63417771622334,1644.04960381182,1597.83551359518,1598.05194272817,2.16429132985745,53.7268111577717,53.665625029228,53.665631459995,0.77391364952435,0.857115910950493,0.23022107784508
"null",16000,3330,10,1,1600,1656.29756833042,-4.62036821991336,1660.91793655033,1597.83565135747,1598.05200038638,2.16349028913055,53.7268384303461,53.6656042968973,53.665631459995,1.08813246193038,1.17143814902655,0.151343700748763
"null",16000,3330,25,0,640,665.088800489752,-1.83425773848608,666.923058228238,637.890955917284,637.97530013024,2.1086053239124,35.0692109052928,35.0542198222257,35.0542436803306,0.775547663331192,0.82579952555795,0.221699655584203
"null",16000,3330,25,1,640,696.400011904316,-1.84049686796213,698.240508772278,637.893172141359,637.977416381161,2.10610599505126,35.0692085431341,35.0542047106244,35.0542436803306,1.66832506901304,1.71914019697762,0.0541332302071421
"null",16000,3330,50,0,320,316.906326024861,-0.905663806272213,317.811989831133,317.909613723359,317.951404292674,2.08952846574978,25.0491387008855,25.0438944291372,25.0439613479976,-0.0400527822724119,-0.00556680439359109,0.506769800423009
"null",16000,3330,50,1,320,321.024738731037,-0.909775952842687,321.934514683879,317.91274237354,317.954467433663,2.0862530061092,25.0491319726402,25.0438830832004,25.0439613479976,0.124235696506178,0.158922928884237,0.441969110069328
"null",16000,3331,2,0,8000,7918.7232215456,13.269660857772,7905.45356068783,7997.46835640885,7998.73415312135,2.53159342499873,90.5174446577651,89.4427186197667,89.4427190999916,-0.869944298151329,-1.04290873391349,0.73356268618444
"null",16000,3331,2,1,8000,8027.79803525759,13.2933307537698,8014.50470450382,7997.45997635854,7998.7252014843,2.53045025153436,90.5163866451378,89.4426757138657,89.4427190999916,0.335166482263534,0.176420292590522,0.404939875435735
"null",16000,3331,5,0,3200,3120.84289694309,5.28804899288382,3115.5548479502,3197.74791155975,3198.19830660289,2.25197521571298,71.7700829418706,71.5541728344121,71.5541752799933,-1.07154696587085,-1.15497748599425,0.832547793077095
"null",16000,3331,5,1,3200,3140.1470309446,5.2461202943949,3134.9009106502,3197.74406217142,3198.19400944732,2.24973637950825,71.7696439939054,71.5540568564824,71.5541752799933,-0.80252636102963,-0.884549410302005,0.76406760932263
"null",16000,3331,10,0,1600,1494.07258516737,2.64857153345986,1491.42401363391,1597.84574895367,1598.06115427894,2.15405325263695,53.7376541740719,53.6656249270703,53.665631459995,-1.93110706787006,-1.98706603696401,0.969113555205005
"null",16000,3331,10,1,1600,1489.63175295932,2.6332257037428,1486.99852725558,1597.8443627171,1598.05956351914,2.1520080203887,53.7374254810797,53.6655173855601,53.665631459995,-2.01372895684925,-2.06950462185321,0.974421850683761
"null",16000,3331,25,0,640,585.946898310113,1.05380490368674,584.893093406426,637.901707890273,637.985621964532,2.09785185647602,35.0718691816966,35.0542197108609,35.0542436803306,-1.48138125490256,-1.51458309430451,0.930569085383298
"null",16000,3331,25,1,640,618.070039703667,1.01083459382001,617.059205109847,637.899522065376,637.983465222434,2.09857892644069,35.0717593470519,35.0541417643066,35.0542436803306,-0.56539742319419,-0.59691263455474,0.707170025247309
"null",16000,3331,50,0,320,279.331631743243,0.529682493512694,278.801949249731,317.919838764125,317.961424814774,2.07930253241948,25.0500689760145,25.0438943522739,25.0439613479976,-1.54044314440134,-1.56363363517734,0.942204405039218
"null",16000,3331,50,1,320,284.608789514721,0.52485811617928,284.083931398542,317.920087431109,317.961653806403,2.07831876470117,25.0500008697119,25.0438375121264,25.0439613479976,-1.3297922858224,-1.352736871554,0.910973929907597
"null",16000,3332,2,0,8000,7954.21487309581,-6.09926894001702,7960.31414203582,7997.46527642507,7998.73261202891,2.5346712076764,90.7638487001762,89.4427185580521,89.4427190999916,-0.476515748821244,-0.429531555082907,0.633657213436314
"null",16000,3332,2,1,8000,7994.53056027132,-5.17438049209923,7999.70494076342,7997.26575466602,7998.52661237166,2.52171541128135,90.7668116927938,89.4417301803253,89.4427190999916,-0.030134300673214,0.0131742575795749,0.508841585209254
"null",16000,3332,5,0,3200,3233.19168137224,-2.43780086000415,3235.62948223224,3197.7600363778,3198.20800543505,2.23984528629107,71.8198562693162,71.5541726774977,71.5541752799933,0.49334051660555,0.522981056127212,0.327524829537719
"null",16000,3332,5,1,3200,3232.70715159758,-2.46052500802467,3235.1676766056,3197.62376700852,3198.07201980637,2.24126398921133,71.8187479365694,71.5515925029478,71.5541752799933,0.488498972720043,0.518446277736004,0.329699348424951
"null",16000,3332,10,0,1600,1629.53523572082,-1.1970023157277,1630.73223803655,1597.84779339921,1598.06299317029,2.15199771084206,53.7542758973505,53.6656245137215,53.665631459995,0.589486916019833,0.608755514582687,0.285709094279767
"null",16000,3332,10,1,1600,1621.00751466731,-1.2088160774519,1622.21633074476,1597.77409265267,1597.98911292388,2.15020271207367,53.7524773252666,53.6632549218403,53.665631459995,0.432229790527527,0.451467542477005,0.338406675978712
"null",16000,3332,25,0,640,617.390805907009,-0.520814637963383,617.911620544972,637.905832868712,637.989580504736,2.09369090060562,35.0759421353098,35.054217688978,35.0542436803306,-0.584874581060811,-0.572768736073559,0.713814663837665
"null",16000,3332,25,1,640,695.271592980758,-0.496505246961256,695.768098227719,637.873589789193,637.957338519305,2.09371825281869,35.0743726479156,35.0524957777559,35.0542436803306,1.6364655689708,1.64926229718284,0.0574879894053832
"null",16000,3332,50,0,320,333.271813372984,-0.255033708096578,333.526847081081,317.921517773016,317.963069066583,2.07756467831211,25.0514905068981,25.0438896603536,25.0439613479976,0.612749792102821,0.621460093682514,0.266816283513908
"null",16000,3332,50,1,320,328.047909745754,-0.238876184262841,328.286785930017,317.906897795868,317.948413526821,2.07578654766347,25.0502772307708,25.0426214330922,25.0439613479976,0.404826336110528,0.412831078040975,0.336996207024544
"null",16000,3333,2,0,8000,8042.66486039949,18.2615277365603,8024.40333266293,7997.47161824361,7998.73578488961,2.52833329200298,90.5551421220815,89.442718640865,89.4427190999916,0.499068756304947,0.286971909657454,0.360259847273717
"null",16000,3333,2,1,8000,8009.79578441714,17.8063933770256,7991.98939104011,7997.03985709415,7998.30359469708,2.5274752058567,90.5577185155466,89.4407735898808,89.4427190999916,0.140859636617191,-0.0705964785806244,0.460771519762691
"null",16000,3333,5,0,3200,3256.58470057159,7.27952631611979,3249.30517425547,3197.74274930743,3198.19417675452,2.25713723544372,71.7776910999461,71.5541728242417,71.5541752799933,0.819780496731601,0.714297929577027,0.230732956210017
"null",16000,3333,5,1,3200,3107.76393867192,7.60873873851571,3100.15519993341,3197.47266984734,3197.92349044222,2.25410297441836,71.7742852311559,71.5489793188099,71.5541752799933,-1.24987286026605,-1.36645262363809,0.87091730355071
"null",16000,3333,10,0,1600,1635.41773900552,3.60081596220556,1631.81692304332,1597.83936791941,1598.05541114419,2.1604322478459,53.7401943987107,53.6656248372741,53.665631459995,0.699260051188369,0.629108707883259,0.251892671230673
"null",16000,3333,10,1,1600,1579.10637685736,3.70913052700928,1575.39724633035,1597.68518022196,1597.9012768884,2.16096666435239,53.7361003363637,53.660814668755,53.665631459995,-0.345741563833438,-0.419375492097272,0.626927242065642
"null",16000,3333,25,0,640,672.229371657343,1.46640200067059,670.762969656672,637.892081345988,637.976380148369,2.10747005954104,35.0724909787332,35.0542192341378,35.0542436803306,0.979037683185258,0.935310790672904,0.168476995643589
"null",16000,3333,25,1,640,613.289032537598,1.46805711964754,611.820975417951,637.827529997239,637.911795408035,2.10663526989257,35.0691933357073,35.0507271734735,35.0542436803306,-0.699716620931113,-0.744373144127799,0.752439792683955
"null",16000,3333,50,0,320,349.174396315507,0.71963751749708,348.45475879801,317.908926239672,317.950730255971,2.0902008149551,25.0502855981225,25.0438932060531,25.0439613479976,1.2481083280814,1.21802262495934,0.110448965010247
"null",16000,3333,50,1,320,318.971923840531,0.730058088529943,318.241865752001,317.879860696242,317.921575699653,2.08575017054994,25.0477652803981,25.0413021362675,25.0439613479976,0.0435992246040374,0.0127904711426518,0.47411390571276
"null",16000,3334,2,0,8000,8033.5802049495,11.9815656452216,8021.59863930428,7997.47240147736,7998.73617507926,2.52754720380322,90.5851827209331,89.4427186058985,89.4427190999916,0.398606067654313,0.255610122113478,0.387372236270043
"null",16000,3334,2,1,8000,7857.1511636639,11.3971709409761,7845.75399272292,7997.21469658747,7998.48318689964,2.53698062435719,90.5772081026387,89.4415605883783,89.4427190999916,-1.54634411743903,-1.70758641924418,0.867569087650443
"null",16000,3334,5,0,3200,3134.28409765845,4.80351435164283,3129.48058330681,3197.7514637597,3198.20114873411,2.24842487200934,71.783756410592,71.5541728863954,71.5541752799933,-0.884146626964303,-0.960399130549694,0.786315300081556
"null",16000,3334,5,1,3200,3180.01033377104,4.32541421201122,3175.68491955903,3197.58862061624,3198.03869657912,2.25037981440864,71.7786746010054,71.5511002684341,71.5541752799933,-0.244895673302937,-0.312416957059149,0.585905307953176
"null",16000,3334,10,0,1600,1577.27804783061,2.40834572451873,1574.86970210609,1597.84735731798,1598.06260178517,2.15244467183343,53.7422195382403,53.6656249248,53.665631459995,-0.382740230383328,-0.432174221609812,0.639205459054926
"null",16000,3334,10,1,1600,1624.72867619367,2.16869014814134,1622.55998604553,1597.75247297935,1597.96815858392,2.15685604575997,53.7386566820111,53.6627877682079,53.665631459995,0.501988789447213,0.458265932210364,0.314916413246263
"null",16000,3334,25,0,640,624.93126647218,0.960855795472241,623.970410676708,637.905709923494,637.989463353101,2.09383574016988,35.0729871050809,35.0542189511224,35.0542436803306,-0.369926958671693,-0.399924833468416,0.63671285028747
"null",16000,3334,25,1,640,628.179627491099,0.863441815107179,627.316185675992,637.861431327841,637.945405710391,2.0993595637368,35.0707310244023,35.0521481515855,35.0542436803306,-0.276065070614155,-0.303240189115702,0.60166243350823
"null",16000,3334,50,0,320,357.571248846739,0.460488675592576,357.110760171147,317.922228443646,317.963766386872,2.07689716127672,25.0504594308159,25.0438931218418,25.0439613479976,1.58276619686738,1.56313531581611,0.0624480805521465
"null",16000,3334,50,1,320,316.644205625716,0.423044014027143,316.221161611689,317.899191365881,317.940792541062,2.08005875903337,25.0488570912678,25.0423563384833,25.0439613479976,-0.0501015170310091,-0.0686688946571171,0.51092522268324
"null",16000,3335,2,0,8000,7941.6990098128,-3.98763748888952,7945.68664730169,7997.46249788494,7998.73122402954,2.53745228919481,90.76491982496,89.442718608916,89.4427190999916,-0.614372691340158,-0.593056400261908,0.670367674617124
"null",16000,3335,2,1,8000,7898.66858454805,-3.96424635687697,7902.63283090492,7997.4640944073,7998.73187234605,2.5355558774983,90.764736322657,89.442717169829,89.4427190999916,-1.08847900475411,-1.07441996936049,0.783298135952424
"null",16000,3335,5,0,3200,3139.98277725783,-1.59023583500799,3141.57301309284,3197.74569414263,3198.1965324965,2.25419176935936,71.8200723971834,71.5541727961278,71.5541752799933,-0.80427260732007,-0.791337768168942,0.764707401542236
"null",16000,3335,5,1,3200,3071.10285324561,-1.57528221376882,3072.67813545938,3197.74602501957,3198.196758286,2.2536663321533,71.8200093310251,71.5541690591159,71.5541752799933,-1.76334106544394,-1.75417623427261,0.945182166103625
"null",16000,3335,10,0,1600,1523.77697839146,-0.786008876400824,1524.56298726786,1597.83883042335,1598.05492728294,2.16096859595729,53.7543482408993,53.6656248162029,53.665631459995,-1.37778346227882,-1.36944161680372,0.906910601137062
"null",16000,3335,10,1,1600,1510.60099126117,-0.777560345057239,1511.37855160623,1597.84411185825,1598.05966986561,2.1555800735589,53.7543226085289,53.6656214454871,53.665631459995,-1.62299730260648,-1.61520757469341,0.941003013171552
"null",16000,3335,25,0,640,631.64866038079,-0.302301104016373,631.950961484806,637.904377078901,637.988183575249,2.09516240868554,35.0759607897393,35.0542185725113,35.0542436803306,-0.178347693327954,-0.17222526521179,0.563447926493095
"null",16000,3335,25,1,640,630.322456000644,-0.327592167722273,630.650048168366,637.9043973786,637.988201181431,2.09509507077833,35.0759523832337,35.054216055245,35.0542436803306,-0.216157819326378,-0.209337244955065,0.578131204601555
"null",16000,3335,50,0,320,307.841565834833,-0.135487955687617,307.977053790521,317.921673830924,317.963222565015,2.07743670451236,25.0514990263666,25.0438919049487,25.0439613479976,-0.402375442103551,-0.398746680923037,0.648275559368166
"null",16000,3335,50,1,320,307.322984506309,-0.14507172312161,307.46805622943,317.922425175482,317.963958416802,2.07666206599355,25.0514950134628,25.0438901013417,25.0439613479976,-0.423106112568431,-0.419100313285982,0.656044199376505
"null",16000,3336,2,0,8000,8025.26935253999,-18.2626393473816,8043.53199188737,7997.4614674724,7998.73070849709,2.53848204937738,90.6377006592625,89.4427186001443,89.4427190999916,0.306802631414155,0.500893578498761,0.412688239553768
"null",16000,3336,2,1,8000,7971.05771992181,-18.0713468652567,7989.12906678707,7997.26041857846,7998.5279748613,2.53511256567052,90.6403669589433,89.4417889772659,89.4427190999916,-0.289084207575211,-0.105084079619877,0.582382038482954
"null",16000,3336,5,0,3200,3333.20556969031,-7.31769100378377,3340.52326069409,3197.74538615387,3198.19628664635,2.25450246238318,71.79436104286,71.5541728650001,71.5541752799933,1.88678026475603,1.98907999839884,0.0469033048939309
"null",16000,3336,5,1,3200,3283.24396593149,-7.30760852727402,3290.55157445876,3197.61579354837,3198.0663050277,2.25255739666085,71.7932082246812,71.551664861746,71.5541752799933,1.19270575170765,1.29256628213706,0.143466365781257
"null",16000,3336,10,0,1600,1614.8109439416,-3.64824196010331,1618.45918590171,1597.8412137614,1598.05707271549,2.15858954091416,53.7457611570119,53.6656249569347,53.665631459995,0.31574081034277,0.380170979143318,0.378999180537594
"null",16000,3336,10,1,1600,1640.46245651091,-3.66546763191547,1644.12792414283,1597.76990056308,1597.98545212875,2.15551565665238,53.7439614444906,53.6632939696072,53.665631459995,0.794369354256235,0.859851652792978,0.224728021826962
"null",16000,3336,25,0,640,695.550338441973,-1.47898620577488,697.029324647747,637.896416803345,637.980541983383,2.10312950093651,35.0738554951321,35.0542189699736,35.0542436803306,1.64378625687812,1.68449859672937,0.0566441105537682
"null",16000,3336,25,1,640,725.530404239736,-1.50964267399785,727.040046913734,637.867410621686,637.951429490946,2.10047173148717,35.0723063165052,35.0525272868883,35.0542436803306,2.49949327047236,2.54157472565787,0.00901567316348862
"null",16000,3336,50,0,320,302.677507636196,-0.786149980213583,303.46365761641,317.912588140213,317.954318819182,2.08653394845066,25.0507629569447,25.0438928360844,25.0439613479976,-0.608168323264308,-0.578610573748079,0.722763876827804
"null",16000,3336,50,1,320,349.030293636618,-0.785199873101327,349.815493509719,317.901867348709,317.943489725633,2.08111884620189,25.049566714314,25.0426452476372,25.0439613479976,1.24267324233281,1.27270915148602,0.111464956294075
"null",16000,3337,2,0,8000,7943.75317328594,-6.28563084789027,7950.03880413383,7997.45722953732,7998.72858920551,2.54271933638791,90.4858172489657,89.4427186159385,89.4427190999916,-0.593507998094551,-0.544368349096776,0.664440177250215
"null",16000,3337,2,1,8000,7982.48689591484,-4.97847767726963,7987.46537359211,7997.27601365796,7998.55226198672,2.55249665751305,90.4879818698328,89.4419452933155,89.4427190999916,-0.163437369665186,-0.123956252944251,0.546754043099657
"null",16000,3337,5,0,3200,3191.8416516884,-2.51239074540353,3194.35404243381,3197.74659431621,3198.19725292667,2.25329305233166,71.7637008065008,71.5541728542203,71.5541752799933,-0.0822831398247515,-0.0537105012826511,0.527391960878324
"null",16000,3337,5,1,3200,3262.14215599519,-2.74818062787643,3264.89033662307,3197.62801131549,3198.07966630014,2.25827492322498,71.762666653503,71.5520165392322,71.5541752799933,0.89899313512415,0.9337356730722,0.210395518394688
"null",16000,3337,10,0,1600,1611.23394900757,-1.25462497664384,1612.48857398422,1597.83940248264,1598.05544268527,2.16040202630105,53.7355234981627,53.6656250047826,53.665631459995,0.249268000997437,0.268945554955623,0.403137880299436
"null",16000,3337,10,1,1600,1554.09666923061,-1.33817221019563,1555.4348414408,1597.77300195772,1597.98928035364,2.16278395916667,53.7339612645807,53.66362227517,53.665631459995,-0.812825477579396,-0.79298483979764,0.77994345539256
"null",16000,3337,25,0,640,665.703001503329,-0.51052720121087,666.21352870454,637.896375401877,637.98050244727,2.10317613482123,35.0713457322121,35.0542192656991,35.0542436803306,0.792858828793449,0.805410214481544,0.216759522824744
"null",16000,3337,25,1,640,641.749308116501,-0.526069076685171,642.275377193187,637.868582378194,637.952724649266,2.10355677678845,35.0700013277632,35.0527556592358,35.0542436803306,0.110656560917639,0.123318479891952,0.450890845915877
"null",16000,3337,50,0,320,323.181459319015,-0.258882597545538,323.440341916561,317.913400284764,317.955115269005,2.08574921206095,25.049886739385,25.0438949908658,25.0439613479976,0.210302708713188,0.219024502760302,0.408752119231564
"null",16000,3337,50,1,320,319.689732160756,-0.263364629911575,319.953096790668,317.90013747605,317.941839114783,2.08508193664698,25.048852945233,25.0428181984551,25.0439613479976,0.0714441770495137,0.0803127531393074,0.462828129377731
"null",16000,3338,2,0,8000,7879.00219806949,14.9537587636129,7864.04843930588,7997.46045579373,7998.73020399296,2.53949639845254,90.4733718785102,89.4427186657698,89.4427190999916,-1.30931626913729,-1.50578791315994,0.82647002538178
"null",16000,3338,2,1,8000,8010.29341891986,15.0557121622589,7995.23770675761,7997.42415436738,7998.68813772138,2.5279667079995,90.4750605877777,89.4425111919104,89.4427190999916,0.142241016130603,-0.038577080605124,0.459211304240324
"null",16000,3338,5,0,3200,3070.17194523633,6.0081563938054,3064.16378884252,3197.74526872294,3198.19619332355,2.25462300306681,71.761190654947,71.5541729771188,71.5541752799933,-1.77774814384041,-1.87315985783092,0.946496489560468
"null",16000,3338,5,1,3200,3132.34683399718,5.95293616013309,3126.39389783705,3197.71363309132,3198.1648536783,2.25610293493632,71.7612716201849,71.5536007778255,71.5541752799933,-0.910892430113319,-1.00303765374578,0.793394679519015
"null",16000,3338,10,0,1600,1565.40343666293,2.99826039125778,1562.40517627167,1597.83785688648,1598.05405190019,2.16195013711739,53.7346852962068,53.6656251111524,53.665631459995,-0.603603055359042,-0.664277655476491,0.715235932012737
"null",16000,3338,10,1,1600,1571.92085279412,3.03410585409487,1568.88674694003,1597.82291866707,1598.03890311819,2.1598445112292,53.7344023386236,53.6650921029383,53.665631459995,-0.482038782337581,-0.543223817118342,0.674376908624461
"null",16000,3338,25,0,640,574.857799767151,1.1960695390559,573.661730228096,637.894593834256,637.978792943777,2.10497773803956,35.0711417738638,35.0542204129072,35.0542436803306,-1.79739782849275,-1.83478799294591,0.964910218951855
"null",16000,3338,25,1,640,602.704792044887,1.21170860275087,601.493083442136,637.888513642564,637.972664048849,2.10376015711867,35.0708185216976,35.0538308577282,35.0542436803306,-1.00321928830686,-1.04067315081112,0.838461967912329
"null",16000,3338,50,0,320,289.180342274327,0.5989690007879,288.581373273539,317.913848309508,317.955554765828,2.08532281600282,25.0498168791341,25.0438967226445,25.0439613479976,-1.14705453432338,-1.17290778737837,0.875462766485719
"null",16000,3338,50,1,320,279.958813320514,0.624763686658058,279.334049633856,317.912811932063,317.954462912735,2.08254903357348,25.0495461716501,25.0436022737739,25.0439613479976,-1.51515713504239,-1.54212692154606,0.939001958479892
"null",16000,3339,2,0,8000,8089.83610531509,0.890544028518089,8088.94556128657,7997.47517762208,7998.73756455403,2.52477386389255,90.423727115308,89.4427186462376,89.4427190999916,1.02142358692236,1.00855606915674,0.233115744386133
"null",16000,3339,2,1,8000,8049.85701573589,0.832666312027747,8049.02434942387,7997.45585738843,7998.72337891183,2.53504304679966,90.422835363459,89.4426785412466,89.4427190999916,0.579512444360285,0.562382202013787,0.339289693766728
"null",16000,3339,5,0,3200,3174.67026111538,0.401352616921308,3174.26890849846,3197.75534039277,3198.20425051103,2.24455059130217,71.7511785780365,71.554172937007,71.5541752799933,-0.321737980265748,-0.33450658473319,0.611827057280168
"null",16000,3339,5,1,3200,3303.09412174273,0.466613823647546,3302.62750791908,3197.74551352364,3198.19522248103,2.24854478694485,71.7507999566157,71.554062262247,71.5541752799933,1.46825691536239,1.45948786325089,0.0953898921406202
"null",16000,3339,10,0,1600,1592.70667725661,0.182895258928773,1592.52378199769,1597.84897296403,1598.06405636981,2.15083405782667,53.7313426508197,53.6656250967044,53.665631459995,-0.0957038379038592,-0.103236929824981,0.532652641668932
"null",16000,3339,10,1,1600,1672.42456084925,0.203982828594513,1672.22057802065,1597.84109858988,1598.05664052962,2.15541939734711,53.7311399072895,53.6655221911916,53.665631459995,1.3880863571488,1.3819661947351,0.0953817532161605
"null",16000,3339,25,0,640,643.083006912697,0.0821751581714107,643.000831754526,637.901811443247,637.985721441309,2.09774995156379,35.0703218331893,35.0542198222526,35.0542436803306,0.147737323144477,0.143067235232924,0.43621491673056
"null",16000,3339,25,1,640,682.209253450721,0.0885407061138495,682.120712744607,637.902922860762,637.986732487086,2.09524065809349,35.0702213895928,35.0541452044769,35.0542436803306,1.26336044753644,1.25902314833465,0.109592765276493
"null",16000,3339,50,0,320,314.243339666339,0.0422854690164579,314.201054197323,317.923652592276,317.965162400957,2.07549043406224,25.0495275712046,25.0438945040871,25.0439613479976,-0.14692145053336,-0.150300433625458,0.548980810804596
"null",16000,3339,50,1,320,353.681600236689,0.0134252626803737,353.668174974009,317.921619506464,317.963155693873,2.07680937047724,25.0494631315477,25.043839310913,25.0439613479976,1.42757473652954,1.42570070175211,0.0820576315543358
"null",16000,3340,2,0,8000,8057.17175373182,19.0002603969979,8038.17149333482,7997.47579160661,7998.73787094894,2.52415868467184,90.5953593031613,89.442718627917,89.4427190999916,0.658929580768589,0.440881303596356,0.318473614180658
"null",16000,3340,2,1,8000,8091.54470542132,18.9168760293967,8072.62782939192,7997.26751871892,7998.53269310971,2.53034878156249,90.5885875051135,89.441783272432,89.4427190999916,1.04071814451325,0.82841747527027,0.229034497224869
"null",16000,3340,5,0,3200,3202.84760032177,7.59798453302206,3195.24961578874,3197.7566534425,3198.20530073424,2.24323645869669,71.7858101725171,71.5541729298795,71.5541752799933,0.0709185682662716,-0.0413069542203853,0.472527301649994
"null",16000,3340,5,1,3200,3034.75806733858,7.21407835167825,3027.5439889869,3197.61979540631,3198.07002127349,2.25112933589597,71.7816220885927,71.5517100160915,71.5541752799933,-2.268849927447,-2.38325586136571,0.980707839493722
"null",16000,3340,10,0,1600,1545.39335180209,3.82695563672326,1541.56639616537,1597.84829521459,1598.06344587884,2.15150664258356,53.7429056898499,53.6656249293816,53.665631459995,-0.976034748013273,-1.0527604921739,0.823589440700441
"null",16000,3340,10,1,1600,1523.89781626649,3.6928502676197,1520.20496599887,1597.7707452667,1597.98639502657,2.15649759869631,53.740005477478,53.6633494174032,53.665631459995,-1.37463568051128,-1.44943299052589,0.906542703085965
"null",16000,3340,25,0,640,665.425424558448,1.53515396184469,663.890270596604,637.903650384949,637.987486372093,2.0958996785845,35.0731560710381,35.0542191945211,35.0542436803306,0.784696253674906,0.738934850631601,0.21898382446835
"null",16000,3340,25,1,640,579.523229301859,1.53388687153791,577.989342430322,637.86774785941,637.951782461471,2.1008650515275,35.0713426292727,35.0525660110611,35.0542436803306,-1.66359523712253,-1.7106433809219,0.952648671021919
"null",16000,3340,50,0,320,312.255442457668,0.765551213371808,311.489891244296,317.923708831394,317.96521736255,2.07542655776876,25.050519096616,25.0438938797015,25.0439613479976,-0.226273409818976,-0.258559078287032,0.580312796921249
"null",16000,3340,50,1,320,309.531404127763,0.788858900923553,308.74254522684,317.901193090902,317.942836180187,2.0821544642382,25.0492415960713,25.0426730647745,25.0439613479976,-0.334133427993748,-0.367384541161005,0.622605729482214
"null",16000,3341,2,0,8000,8078.37086858871,30.3084537679645,8048.06241482074,7997.46704264477,7998.73349605402,2.53290681850009,90.3459307476392,89.4427186272562,89.4427190999916,0.895489429069326,0.551514081009763,0.261535892771787
"null",16000,3341,2,1,8000,8275.8013322357,30.4540568011773,8245.34727543452,7997.40051661902,7998.66442193711,2.52781063617129,90.3427335660183,89.442402006545,89.4427190999916,3.08160717113162,2.75800792424337,0.0147471744224477
"null",16000,3341,5,0,3200,3317.89898659131,12.1151547091555,3305.78383188216,3197.7517997223,3198.20141809956,2.24809188629845,71.7354967303234,71.5541729670527,71.5541752799933,1.67486380307206,1.50350998860869,0.0682200412609985
"null",16000,3341,5,1,3200,3343.99633155261,12.0278871201433,3331.96844443247,3197.70751089431,3198.15683853335,2.24663819520706,71.7337537325009,71.5533038045814,71.5541752799933,2.03933034375723,1.87009681991155,0.0353993275563222
"null",16000,3341,10,0,1600,1617.99259614561,6.05076075848978,1611.94183538712,1597.84572072098,1598.06112907746,2.15408356483745,53.7261072773088,53.6656250354015,53.665631459995,0.374992279277584,0.258651721665402,0.357943918325174
"null",16000,3341,10,1,1600,1676.90177975626,6.01767124925587,1670.884108507,1597.81896005413,1598.03447993121,2.15519877074771,53.7249869720192,53.6648225031349,53.665631459995,1.47199327834762,1.35749314313933,0.083013035327106
"null",16000,3341,25,0,640,699.532301736609,2.41452680143818,697.117774935171,637.902480756272,637.986363890195,2.09707834806507,35.0690385145154,35.0542197113465,35.0542436803306,1.75738553410377,1.68685572042091,0.0456446753642866
"null",16000,3341,25,1,640,687.512127186324,2.41239360815342,685.099733578171,637.886475687615,637.97056307938,2.10218479410505,35.068374350556,35.0536377153973,35.0542436803306,1.41511126243358,1.34448729348536,0.0852958481266606
"null",16000,3341,50,0,320,358.8892986392,1.22769693249609,357.661601706704,317.921734013416,317.963282545874,2.07742662288129,25.0490799333421,25.0438958927016,25.0439613479976,1.63549179190623,1.58514950433089,0.0567304074159614
"null",16000,3341,50,1,320,331.1819725114,1.23284369331919,329.949128818081,317.91159684982,317.953237261811,2.08202059956529,25.0486222787489,25.0434673815123,25.0439613479976,0.529784652980239,0.479002822313864,0.293910810009137
"null",16000,3342,2,0,8000,7943.20555104849,-15.0006673622622,7958.20621841075,7997.46330525575,7998.73162667819,2.53664284488411,90.5996147616359,89.4427185804097,89.4427190999916,-0.598874005700883,-0.453087841141653,0.666024378825363
"null",16000,3342,2,1,8000,7992.17613360741,-14.8570029928746,8007.03313660029,7997.22885323753,7998.49617923735,2.53465199963457,90.6021448687861,89.4416511047789,89.4427190999916,-0.0557682120819077,0.0954472246150591,0.516267216503341
"null",16000,3342,5,0,3200,3176.80809339145,-6.03716944958879,3182.84526284103,3197.74731746555,3198.19783082406,2.25256679253178,71.7866697187719,71.5541727697503,71.5541752799933,-0.291686801409484,-0.214558667772283,0.601498830634898
"null",16000,3342,5,1,3200,3156.96648697476,-6.12862204656277,3163.09510902132,3197.59365410544,3198.04461041015,2.2547815235338,71.7851519560917,71.5512900442507,71.5541752799933,-0.565955020273945,-0.488453826160336,0.693903391143598
"null",16000,3342,10,0,1600,1562.60028357345,-3.01485615453474,1565.61513972798,1597.83946042134,1598.05549452003,2.16034098684413,53.7431926479991,53.6656248859412,53.665631459995,-0.655695635328136,-0.604490395127037,0.732056869639336
"null",16000,3342,10,1,1600,1601.28534091712,-2.97769667801013,1604.26303759513,1597.75257210884,1597.96878147077,2.16209361933708,53.7410652428572,53.6629571738871,53.665631459995,0.0657368586261506,0.117292382974144,0.472150735525913
"null",16000,3342,25,0,640,601.665894490812,-1.17726201638167,602.843156507193,637.891751847102,637.976063530248,2.10779207865972,35.0732255284595,35.0542188285435,35.0542436803306,-1.0328635821332,-1.00224475675514,0.845751805618015
"null",16000,3342,25,1,640,643.365513532914,-1.2228895118278,644.588403044742,637.858000537829,637.942209515835,2.10522445015549,35.07143103248,35.0522785555826,35.0542436803306,0.157037019390065,0.189608031282978,0.433119367951569
"null",16000,3342,50,0,320,311.557845793753,-0.600111739470213,312.157957533223,317.911928081111,317.953672113488,2.08720161881585,25.0505433146269,25.0438934327913,25.0439613479976,-0.253650478057622,-0.231422266502531,0.591229857919996
"null",16000,3342,50,1,320,318.798837991366,-0.60201839609136,319.400856387457,317.894493623171,317.936214031029,2.08602039293259,25.0491566809816,25.0424540747541,25.0439613479976,0.0361027870004697,0.0584863748598876,0.476841250123968
"null",16000,3343,2,0,8000,7997.11508993431,-3.38815753630771,8000.50324747062,7997.45487445976,7998.72741148798,2.54507405643845,90.5279998263927,89.442718590213,89.4427190999916,-0.00375336388857238,0.0198544499834785,0.500688477890461
"null",16000,3343,2,1,8000,8033.35754658117,-2.37233487420648,8035.72988145538,7996.99833099044,7998.25972643486,2.5227908888352,90.5301483916899,89.4405978649561,89.4427190999916,0.401625494232264,0.418939004378045,0.388044569950296
"null",16000,3343,5,0,3200,3165.13565241202,-1.37483048048999,3166.51048289251,3197.74998890107,3198.19996818944,2.24989644187645,71.7722119837248,71.5541727832309,71.5541752799933,-0.454414537153196,-0.442874036052827,0.656895739773959
"null",16000,3343,5,1,3200,3239.52627570223,-1.21431053344944,3240.74058623568,3197.45232127529,3197.90116714346,2.24422934084163,71.7682158485436,71.5484175943579,71.5541752799933,0.586247741141136,0.598747261401309,0.299674391600233
"null",16000,3343,10,0,1600,1578.30111987726,-0.666481385147433,1578.96760126241,1597.83962154095,1598.05563922268,2.16017681732786,53.7383651003406,53.6656247811972,53.665631459995,-0.363585710640915,-0.355684631234586,0.632350555075728
"null",16000,3343,10,1,1600,1567.91878247946,-0.802840291014641,1568.72162277048,1597.6769966774,1597.8922766124,2.15279935000017,53.7337550016972,53.6603065729592,53.665631459995,-0.553808573344665,-0.543616980686926,0.6997435169993
"null",16000,3343,25,0,640,638.4202242796,-0.307122249963846,638.727346529563,637.898618637109,637.982655665827,2.10092571794478,35.0720423422188,35.0542188408405,35.0542436803306,0.0148724057014097,0.0212439725762491,0.487864091059732
"null",16000,3343,25,1,640,679.875573394204,-0.366521403753663,680.242094797958,637.828010175393,637.911978547317,2.09920929810171,35.0683732428476,35.0503574136596,35.0542436803306,1.1990166446454,1.20769428257369,0.121777562744779
"null",16000,3343,50,0,320,327.676733032042,-0.133050907204987,327.809783939247,317.915949738488,317.957613003867,2.08316326893846,25.0501275671255,25.0438920933813,25.0439613479976,0.389650043393929,0.39339615817878,0.342277368330354
"null",16000,3343,50,1,320,360.286128916706,-0.161831338616793,360.447960255323,317.88063773496,317.922266803696,2.08145343682311,25.0473358389514,25.0410305519166,25.0439613479976,1.69301403767664,1.69824054818589,0.0511430398745977
"null",16000,3344,2,0,8000,7889.89045523671,-17.7345799333491,7907.62503517006,7997.46684311566,7998.7333959345,2.53310563767424,90.5224047427215,89.4427186083781,89.4427190999916,-1.1883951623325,-1.01862244553811,0.803279243872961
"null",16000,3344,2,1,8000,7892.99091952141,-17.7785600866147,7910.76947960803,7997.43920881875,7998.70525073656,2.53208383561614,90.5236831772201,89.4425944197823,89.4427190999916,-1.15382279676866,-0.983153179969529,0.796351098739574
"null",16000,3344,5,0,3200,3133.20454028665,-7.0929424675432,3140.2974827542,3197.74397679707,3198.1951593033,2.25591253114544,71.7710839012038,71.5541728882094,71.5541752799933,-0.899240097854204,-0.809144655190989,0.790277274075705
"null",16000,3344,5,1,3200,3192.42504512882,-7.12422175037823,3199.5492668792,3197.73115257224,3198.18122158057,2.25034504164563,71.7712178983077,71.5538242237604,71.5541752799933,-0.0739308541612986,0.019119108076633,0.52448445037766
"null",16000,3344,10,0,1600,1532.89781020206,-3.55563341707186,1536.45344361913,1597.84040968014,1598.05634898795,2.15939307810418,53.7379882794838,53.6656249549213,53.665631459995,-1.20850447806719,-1.14790250594423,0.87611081828824
"null",16000,3344,10,1,1600,1605.66296137792,-3.57570419976492,1609.23866557769,1597.83078132394,1598.04665060272,2.15869278780101,53.7378510872248,53.665301797332,53.665631459995,0.145747920609427,0.208552166858831,0.441518606041064
"null",16000,3344,25,0,640,623.182348017472,-1.42236749984791,624.60471551732,637.896734606453,637.980847253995,2.10281618854926,35.0719500647595,35.0542192169746,35.0542436803306,-0.419548572628866,-0.381584072772542,0.655189465751273
"null",16000,3344,25,1,640,650.436318257666,-1.40868115957133,651.844999417237,637.892622059005,637.976724052108,2.1025498275816,35.0717656201617,35.05398540567,35.0542436803306,0.357657961521336,0.395626209249405,0.35772453282893
"null",16000,3344,50,0,320,333.721780899138,-0.682079770893083,334.403860670031,317.915031959697,317.956713919649,2.08409799756901,25.0500966698865,25.0438934439487,25.0439613479976,0.631005506595188,0.656732819407357,0.261166339781147
"null",16000,3344,50,1,320,334.407434709463,-0.693806101607677,335.101240811071,317.913110820027,317.954786809315,2.08379946438117,25.0499427073869,25.0437218534645,25.0439613479976,0.658457549468636,0.684660774547924,0.252686326289911
"null",16000,3345,2,0,8000,8066.50080770219,41.8278238485641,8024.67298385362,7997.48328627841,7998.74161698983,2.51666142282635,90.615600499455,89.4427185771509,89.4427190999916,0.761651647656302,0.289921496979434,0.292758831434514
"null",16000,3345,2,1,8000,8128.00677106583,41.8223796227975,8086.18439144303,7997.48271464171,7998.74121918567,2.51700908791385,90.6157586123443,89.4427175483154,89.4427190999916,1.44041233470768,0.977644403638849,0.152052790569644
"null",16000,3345,5,0,3200,3153.77146115757,16.7095285506832,3137.06193260689,3197.75938812888,3198.20748744754,2.24049659329284,71.7898981046667,71.5541727726585,71.5541752799933,-0.612731430641876,-0.854535137104019,0.707897919486926
"null",16000,3345,5,1,3200,3250.02771161202,16.6787851542027,3233.34892645782,3197.75808004859,3198.20641239554,2.24166173474928,71.7899467964316,71.5541700469098,71.5541752799933,0.728091242519568,0.491131600565504,0.256111640889314
"null",16000,3345,10,0,1600,1600.97862113089,8.36208702089108,1592.61653411,1597.85042221995,1598.06535987916,2.14937659217865,53.7442705649272,53.6656247900068,53.665631459995,0.0582052538449104,-0.10153288609774,0.474307420370925
"null",16000,3345,10,1,1600,1647.4438217613,8.33747577361391,1639.10634598769,1597.8474086034,1598.06263973609,2.15231132682941,53.7442873042994,53.6656223183167,53.665631459995,0.922822045756872,0.764804440506659,0.190107528251113
"null",16000,3345,25,0,640,631.893565614802,3.34981762971899,628.543747985083,637.903214604567,637.98706782543,2.09633052156683,35.0734896863793,35.054218871571,35.0542436803306,-0.171344483925106,-0.269391820566439,0.560728462161827
"null",16000,3345,25,1,640,645.850749164275,3.3380818186044,642.51266734567,637.902641463109,637.986516278273,2.09687037910035,35.0734929962731,35.0542170919443,35.0542436803306,0.226612949614403,0.129118589513079,0.406123152625217
"null",16000,3345,50,0,320,339.303903035658,1.66035338043945,337.643549655219,317.920438975609,317.962012479194,2.07867517924524,25.0506341741012,25.0438921778116,25.0439613479976,0.85360968953658,0.785881724625139,0.196860306744188
"null",16000,3345,50,1,320,343.988618314266,1.64829799200158,342.340320322264,317.920810973003,317.962376689439,2.07828582183837,25.050634678969,25.0438908352042,25.0439613479976,1.040604666322,0.973408796310376,0.151511347942894
"null",16000,3346,2,0,8000,8072.68809441489,-3.64874925669364,8076.33684367159,7997.46059510958,7998.73027160042,2.53935298167221,90.7192607171296,89.4427185775835,89.4427190999916,0.829234042590792,0.867667858327166,0.276264798991963
"null",16000,3346,2,1,8000,7978.17065183315,-3.2833665054704,7981.45401833863,7997.31784026102,7998.58165963479,2.52763874753435,90.7216135927243,89.4420057918004,89.4427190999916,-0.211054319578372,-0.191494378335272,0.560265298758494
"null",16000,3346,5,0,3200,3142.0980639557,-1.45260400366268,3143.55066795936,3197.75415735098,3198.20330330581,2.24572977414124,71.8108413685106,71.5541728179129,71.5541752799933,-0.775037478110976,-0.763793824932059,0.756396921283185
"null",16000,3346,5,1,3200,3180.30886020438,-1.11430471320021,3181.42316491758,3197.65652963446,3198.10542861851,2.24449492028253,71.8100837092837,71.5522855130326,71.5541752799933,-0.241577067369867,-0.233147880341173,0.584444815951772
"null",16000,3346,10,0,1600,1553.07621773306,-0.698526497226002,1553.77474423029,1597.84485925817,1598.06035296757,2.15493709408426,53.7512646425134,53.6656246930849,53.665631459995,-0.832885362285918,-0.825213700400563,0.785351414168692
"null",16000,3346,10,1,1600,1629.36355376896,-0.722284319738837,1630.0858380887,1597.79230884377,1598.00751178911,2.15202945340783,53.7499653866114,53.6638854975191,53.665631459995,0.587372376858473,0.597763766119317,0.286728836163216
"null",16000,3346,25,0,640,625.285235377126,-0.304252820143978,625.58948819727,637.902753881551,637.986625089771,2.09678020551802,35.0752042159497,35.0542182784642,35.0542436803306,-0.3597275849555,-0.353656064842774,0.632936866060104
"null",16000,3346,25,1,640,623.013711908604,-0.311103468677568,623.324815377282,637.880448385157,637.964264346361,2.09539903008579,35.0740559454036,35.052952657156,35.0542436803306,-0.423867045764385,-0.417638112037626,0.656954266103022
"null",16000,3346,50,0,320,333.741259999643,-0.129100466769913,333.870360466413,317.920924116558,317.962487736283,2.07818098624664,25.0512337093324,25.0438914546687,25.0439613479976,0.631519232411761,0.635199715624249,0.260923263019858
"null",16000,3346,50,1,320,301.066100639236,-0.132726944890434,301.198827584126,317.911050472684,317.952568488563,2.07590079395774,25.050336380535,25.0429516882421,25.0439613479976,-0.672444057339557,-0.669000248573033,0.744479616501063
"null",16000,3347,2,0,8000,7874.99128676289,4.13212641991551,7870.85916034298,7997.46951182432,7998.73473190508,2.53044016151809,90.5314615151306,89.4427186623286,89.4427190999916,-1.35288023645744,-1.42969236036831,0.834560341545147
"null",16000,3347,2,1,8000,8123.48503893552,4.07369213389574,8119.41134680162,7997.43536025731,7998.69785832981,2.5249961449957,90.5330082794936,89.4425440480841,89.4427190999916,1.3923063098607,1.34962047151656,0.160527372446879
"null",16000,3347,5,0,3200,3190.67952617839,1.6251191153428,3189.05440706305,3197.75113434149,3198.20088511759,2.24875388052722,71.7729110548316,71.5541728641043,71.5541752799933,-0.0985275371886883,-0.127825921094978,0.533180306029319
"null",16000,3347,5,1,3200,3248.43748685067,1.53746748427627,3246.9000193664,3197.72446053093,3198.17455827179,2.25048870432417,71.7730256509793,71.5536989103817,71.5541752799933,0.706575010037283,0.680963553758869,0.262484193919999
"null",16000,3347,10,0,1600,1664.18560806704,0.81142429203876,1663.374183775,1597.84360438505,1598.05922444126,2.1562005621384,53.738598549169,53.6656250221643,53.665631459995,1.23453170482844,1.21707255448471,0.12166408008864
"null",16000,3347,10,1,1600,1668.64714213707,0.76235584354287,1667.88478629353,1597.83460767233,1598.04971139818,2.15103725852111,53.7383817786155,53.6651818563895,53.665631459995,1.31772733232764,1.30131069120806,0.106850435125619
"null",16000,3347,25,0,640,627.44813910492,0.328453796635757,627.119685308284,637.902866875049,637.986734183656,2.09668271516597,35.0720996435245,35.0542191456625,35.0542436803306,-0.298092440326983,-0.310006873358539,0.609627945443435
"null",16000,3347,25,1,640,653.467551493198,0.319198866527745,653.148352626671,637.894950831588,637.978893833164,2.09857503940461,35.0718382413234,35.0538974237821,35.0542436803306,0.444020086841705,0.432746710304888,0.327009915107488
"null",16000,3347,50,0,320,291.135843483091,0.161922194938016,290.973921288153,317.920561975696,317.962133279908,2.07856521062752,25.0501487441984,25.0438932122871,25.0439613479976,-1.06924389017082,-1.07763644266435,0.857728697511108
"null",16000,3347,50,1,320,311.727912681614,0.185533469323934,311.54237921229,317.915798968078,317.957403940984,2.0802486452755,25.049932274719,25.043655134463,25.0439613479976,-0.247022076491193,-0.256153692192739,0.588573063287138
"null",16000,3348,2,0,8000,7863.79109005461,5.5559302208689,7858.23515983374,7997.46517526074,7998.73256126403,2.53477200657923,90.748661065504,89.4427185655127,89.4427190999916,-1.47301440744824,-1.57080871068756,0.855851041617752
"null",16000,3348,2,1,8000,7935.2782013098,5.35895252933603,7929.91924878046,7997.45037085663,7998.71941031702,2.5380789207739,90.7473438563054,89.44266121396,89.4427190999916,-0.68511282980672,-0.769209688114937,0.688622328321158
"null",16000,3348,5,0,3200,3115.1869574804,2.22506288808119,3112.96189459232,3197.75332585185,3198.20263750894,2.24655828548356,71.816784443998,71.5541727409651,71.5541752799933,-1.14968066324151,-1.19127563985971,0.849947450114636
"null",16000,3348,5,1,3200,3234.5121604389,2.18931553346342,3232.32284490544,3197.74587563272,3198.19517295136,2.24648659318349,71.8162390270854,71.5540280493081,71.5541752799933,0.511949460237139,0.476949696396692,0.321629553396315
"null",16000,3348,10,0,1600,1571.64935954349,1.10212379386247,1570.54723574963,1597.85047332169,1598.06540557122,2.1493224953438,53.7532502370808,53.6656246791654,53.665631459995,-0.487433107070456,-0.512770884269167,0.676123915130527
"null",16000,3348,10,1,1600,1604.40332958642,1.08535689461117,1603.31797269181,1597.84259804258,1598.05789422664,2.15296184061367,53.7529684670482,53.6654914808664,53.665631459995,0.122053381067929,0.0980160307866366,0.450299487175224
"null",16000,3348,25,0,640,619.560002322214,0.445956510021211,619.114045812193,637.902923023817,637.986787489335,2.09661163794209,35.0756910122921,35.05421828614,35.0542436803306,-0.522952511332552,-0.538387178486982,0.692366680638724
"null",16000,3348,25,1,640,640.539879746783,0.446582283337536,640.093297463445,637.901717822535,637.985557614286,2.0959947937777,35.0755551825812,35.0541208510062,35.0542436803306,0.0752136897196599,0.0601281617678441,0.464275858400678
"null",16000,3348,50,0,320,322.243810100144,0.196074232340134,322.047735867804,317.925352645111,317.966827513453,2.07374341710526,25.0514035267529,25.0438907263747,25.0439613479976,0.172383852682026,0.162950253973666,0.423109472918417
"null",16000,3348,50,1,320,323.693861064176,0.214512317955888,323.47934874622,317.923241068673,317.964739214113,2.07490727201269,25.0513162878179,25.0438174214133,25.0439613479976,0.23035196750554,0.220198440170352,0.400967941276888
"null",16000,3349,2,0,8000,7920.26243597878,25.2798184181927,7894.98261756059,7997.46758483871,7998.73376570854,2.53236173967192,90.6867025636356,89.4427185552968,89.4427190999916,-0.851339244645647,-1.15997310707652,0.729523845337343
"null",16000,3349,2,1,8000,8048.42156795892,25.458334416541,8022.96323354238,7997.15820800453,7998.41970642827,2.52299684747988,90.6773130908581,89.4412113722521,89.4427190999916,0.565338321207518,0.274409600871389,0.343436955339852
"null",16000,3349,5,0,3200,3127.00531136434,10.1252705097354,3116.88004085461,3197.74847424818,3198.19875672119,2.25141236502606,71.804261781418,71.5541728240833,71.5541752799933,-0.985222340968966,-1.13646364226026,0.812195237230873
"null",16000,3349,5,1,3200,3192.55105892295,10.1755779382032,3182.37548098475,3197.55036778109,3198.00007167788,2.2485194839482,71.7981287001483,71.5503212434086,71.5541752799933,-0.0696300718228526,-0.218372055101991,0.523856294003816
"null",16000,3349,10,0,1600,1563.50126121115,5.069718124927,1558.43154308622,1597.84735902341,1598.06260278922,2.15243765815096,53.7490672478322,53.6656247363617,53.665631459995,-0.639008257648345,-0.738481288491376,0.726703141878854
"null",16000,3349,10,1,1600,1603.11030941485,5.10056461097019,1598.00974480388,1597.7299482137,1597.94566506492,2.15716851213048,53.7446955074056,53.6620843696335,53.665631459995,0.10010962291901,0.00119413436344972,0.459343255238901
"null",16000,3349,25,0,640,617.556787752326,2.03964812222222,615.517139630104,637.900678359109,637.984632895029,2.09886339800262,35.0746659592238,35.0542187143822,35.0542436803306,-0.580016660185259,-0.640935501886024,0.712197114747658
"null",16000,3349,25,1,640,630.770480186592,2.06368948505492,628.706790701537,637.852698911185,637.93664640046,2.09868723187981,35.0718793965517,35.0516438343338,35.0542436803306,-0.201934394348129,-0.263321621734687,0.573179611745024
"null",16000,3349,50,0,320,308.961185723816,1.00601657670483,307.955169147111,317.921232346621,317.962790036197,2.07788447877902,25.051046202609,25.0438924005025,25.0439613479976,-0.35767155392783,-0.399603253721241,0.631324512070662
"null",16000,3349,50,1,320,322.863046348886,1.03066607026863,321.832380278618,317.894548120049,317.936147278779,2.07995793653042,25.0490674243996,25.0419887470354,25.0439613479976,0.198350626977754,0.155588002182922,0.413611876309906
"null",16000,3350,2,0,8000,7850.43286688593,0.85206025632275,7849.5808066296,7997.47306271654,7998.73650656891,2.52688770474363,90.4649002681379,89.4427186539226,89.4427190999916,-1.62538393780112,-1.66761142979597,0.878746045011722
"null",16000,3350,2,1,8000,7992.54708189375,-0.328053815448344,7992.8751357092,7997.02754427627,7998.29468035858,2.53427216462824,90.4541088315321,89.4407409239997,89.4427190999916,-0.0495329890526285,-0.0605936913468585,0.515097493498812
"null",16000,3350,5,0,3200,3137.29733891143,0.305270977525006,3136.99206793391,3197.75959511211,3198.20765421218,2.24029550034346,71.7594823458444,71.5541729401919,71.5541752799933,-0.842568176694457,-0.855513854229533,0.775033727631481
"null",16000,3350,5,1,3200,3197.36318976203,0.0182331734169093,3197.34495658861,3197.46709192558,3197.91728054792,2.25094311169937,71.7516143454044,71.5488065141761,71.5541752799933,-0.00144808119644781,-0.00799907066502181,0.499851171695542
"null",16000,3350,10,0,1600,1517.6801532573,0.14009540417642,1517.54005785312,1597.85468720969,1598.06919896632,2.14511756624977,53.7341149395571,53.6656250351479,53.665631459995,-1.49206019383745,-1.50057212713835,0.924133920627026
"null",16000,3350,10,1,1600,1557.69643065063,-0.0602776526815885,1557.75670830331,1597.68708388895,1597.90245587462,2.15371985668908,53.7282458857497,53.6606450463362,53.665631459995,-0.744313397525789,-0.748141352692363,0.760274054439066
"null",16000,3350,25,0,640,669.615172364843,0.0469149417021318,669.568257423141,637.907164379115,637.990860033336,2.09239135553251,35.0710013199118,35.0542195090601,35.0542436803306,0.90410900152216,0.90081587415298,0.186885243476554
"null",16000,3350,25,1,640,578.594677550069,-0.0757884124510618,578.670465962521,637.830741968748,637.914787644549,2.1011418950267,35.0671628284707,35.0506052212421,35.0542436803306,-1.68921747985226,-1.69025103298712,0.955324476259169
"null",16000,3350,50,0,320,342.438488439036,0.0452478365623131,342.393240602473,317.923822662983,317.965329074843,2.07532059299035,25.049765759167,25.043894515645,25.0439613479976,0.978638523479251,0.975403865895137,0.165635857106093
"null",16000,3350,50,1,320,293.601277273348,-0.000199854446036738,293.601477127794,317.884593814147,317.926193113586,2.07996497196239,25.0470122424591,25.0412207640112,25.0439613479976,-0.969509508987835,-0.971386986881691,0.833171391092485
