"scen","n","rep","m","oracle","G","HL","C","EF","mu","muEF","d","sdHL","sdEF","sdEF_simple","zHL","zEF","pHL_chisq"
"null",1000,451,2,0,500,485.18397000534,-0.657987580429916,485.84195758577,497.458971172932,498.729012461243,2.5400825766203,22.7454401438738,22.3606399425086,22.3606797749979,-0.539668658418916,-0.576327641275306,0.651160865164187
"null",1000,451,2,1,500,517.061924824539,-0.608612441728755,517.670537266268,497.44713461816,498.706836256677,2.51940327703472,22.7458104789714,22.3600197290513,22.3606797749979,0.862347385885131,0.848107525815478,0.268445564016093
"null",1000,451,5,0,200,179.610530848045,-0.298087456620134,179.908618304665,197.750061760197,198.199652728558,2.2479548418072,17.9657383941626,17.8883706271413,17.8885438199983,-1.00967355274666,-1.02250980847524,0.82136936436403
"null",1000,451,5,1,200,197.058131803429,-0.259566272039773,197.317698075469,197.730447788699,198.179834550148,2.24693380724278,17.9645878067205,17.8867979173255,17.8885438199983,-0.0374245149682098,-0.0481995983106645,0.505538442590805
"null",1000,451,10,0,100,81.8412127981233,-0.189518439297737,82.030731237421,97.8290350746907,98.0457765035815,2.16741428890814,13.4416716236491,13.4159358842094,13.4164078649987,-1.18942217338793,-1.19373299070476,0.880243908150828
"null",1000,451,10,1,100,91.9985744812648,-0.19239584993439,92.1909703311992,97.8200524628769,98.0365639093235,2.16511446446673,13.4404230632132,13.4145147541675,13.4164078649987,-0.433132049060687,-0.435766308752113,0.651680298038854
"null",1000,451,25,0,40,26.0289965611462,-0.106738064014128,26.1357346251603,37.8981949150666,37.9819560144873,2.09402748551895,8.76804441162149,8.76186723695391,8.76356092008266,-1.35368821104379,-1.35202018804446,0.929589643396616
"null",1000,451,25,1,40,29.5565205715716,-0.192693423102063,29.7492139946737,37.8893282814468,37.9732477429242,2.09798653693551,8.76704852994795,8.76081535248145,8.76356092008266,-0.950468984106857,-0.938729264042882,0.834777294414283
"null",1000,451,50,0,20,11.5784935133373,-0.0636197089613004,11.6421132222986,17.9309167636187,17.9720067699264,2.05450031538492,6.25843638708793,6.2564368439632,6.26099033699941,-1.01501762698865,-1.01174098060872,0.86821806666969
"null",1000,451,50,1,20,13.9247214002552,-0.0798364703982569,14.0045578706534,17.9255162155638,17.9666634324172,2.05736084267159,6.25766882084303,6.25565128376776,6.26099033699941,-0.639342689722217,-0.633364198551912,0.733985224281247
"null",1000,452,2,0,500,542.342794305425,-1.173521702079,543.516316007504,497.489088652846,498.744169894899,2.51016248410592,22.5511197511463,22.360653992594,22.3606797749979,1.98897909050833,2.00227355279655,0.0828175125652247
"null",1000,452,2,1,500,482.888354633086,-1.71128787720186,484.599642510288,497.412565161075,498.664957724587,2.50478512702448,22.545503858897,22.3593089211236,22.3606797749979,-0.644217606263754,-0.629058584230719,0.678167859508895
"null",1000,452,5,0,200,235.103142854383,-0.546250963598675,235.649393817981,197.771946389835,198.217198621293,2.22626115728987,17.9265356977582,17.8883902046483,17.8885438199983,2.08245458542309,2.09254129457447,0.0365398523098899
"null",1000,452,5,1,200,238.539618250622,-0.418305550091495,238.957923800714,197.753517829527,198.191683202665,2.19082686569004,17.9211595124093,17.8842784715977,17.8885438199983,2.27586280858963,2.27944564063848,0.0258461887992332
"null",1000,452,10,0,100,124.426480427331,-0.15718086573061,124.583661293062,97.8705092690024,98.0831518996133,2.12642630610873,13.4286627700262,13.4160052496488,13.4164078649987,1.97755886889971,1.9752906249155,0.036959040665273
"null",1000,452,10,1,100,71.4837381457548,-0.0188706689785814,71.5026088147334,97.8432166787281,98.0556354422242,2.12418763496142,13.4245274249464,13.4123010026516,13.4164078649987,-1.96353120661739,-1.97975176833873,0.979788275098471
"null",1000,452,25,0,40,60.8658900401741,0.0422306824043074,60.8236593577697,37.9078060962034,37.9912268777724,2.08551953922431,8.76510005559578,8.76210830849196,8.76356092008266,2.61926090955617,2.60581491076399,0.0106830281034561
"null",1000,452,25,1,40,41.6003124363055,-0.0269202146966389,41.6272326510021,37.9029277193135,37.9860419655616,2.07785615620207,8.7623126322159,8.75942721937639,8.76356092008266,0.421964482686681,0.415688217305576,0.316823150711287
"null",1000,452,50,0,20,26.365654068414,0.065352168798507,26.3003018996155,17.9243190457608,17.9655648735388,2.06229138890145,6.25774536273201,6.25681841045354,6.26099033699941,1.34894191651287,1.33210467034675,0.0916865527704133
"null",1000,452,50,1,20,16.5540298859357,0.0139176732480927,16.5401122126876,17.9250897727016,17.9661904735228,2.05503504106429,6.25570537886413,6.25481301565043,6.26099033699941,-0.21916951066753,-0.227996945275105,0.553940469739078
"null",1000,453,2,0,500,508.317842705098,-1.67692209468109,509.994764799779,497.452689303204,498.725920441376,2.54646227634457,22.9792605179782,22.3606361396332,22.3606797749979,0.47282432754501,0.503959023707288,0.36474938649661
"null",1000,453,2,1,500,449.724251986095,1.65228913718327,448.071962848912,496.174602317239,497.412428005382,2.47565137628606,22.9497409151648,22.333172774606,22.3606797749979,-2.02400325576008,-2.2092904422686,0.940714587861948
"null",1000,453,5,0,200,171.472172292002,-0.528501378985695,172.000673670988,197.756501971418,198.20479914454,2.24148586560889,18.0132678588832,17.8883611016595,17.8885438199983,-1.45916498246338,-1.46487010881733,0.913691709599151
"null",1000,453,5,1,200,171.477371120448,0.254301025380325,171.223070095068,196.971429591503,197.4196876736,2.24129041048053,17.9554552255127,17.8278088770603,17.8885438199983,-1.41985029902394,-1.46942441211829,0.913646428521494
"null",1000,453,10,0,100,90.4799942058078,-0.266912677154406,90.7469068829622,97.8412156917461,98.0567173778978,2.15501686151744,13.4575221881699,13.4159036780601,13.4164078649987,-0.546996793541187,-0.544861581474369,0.692721296813162
"null",1000,453,10,1,100,74.5720114674567,0.112085620989885,74.4599258464668,97.4098433136331,97.6244190327529,2.14575719119765,13.4035432696466,13.3603660115937,13.4164078649987,-1.70386526806643,-1.73382175055568,0.962502367662966
"null",1000,453,25,0,40,40.0280613412642,-0.187152019544872,40.2152133608091,37.8811489967471,37.9655830855325,2.11085221963617,8.77186775968343,8.76180820347494,8.76356092008266,0.244749738976298,0.256754110913355,0.380238683364248
"null",1000,453,25,1,40,28.7704591638871,-0.0816577643855889,28.8521169282727,37.7137423242697,37.7972914572742,2.08872832511231,8.73170826501399,8.72122279109887,8.76356092008266,-1.02423064181111,-1.02567893783556,0.860117027767996
"null",1000,453,50,0,20,16.7611692703887,-0.0608649287858804,16.8220341991746,17.9123435332869,17.9537978771646,2.07271719388464,6.25962922503492,6.25630681157619,6.26099033699941,-0.183904544744304,-0.180899644482888,0.539579040260246
"null",1000,453,50,1,20,9.10251989354774,0.0716841759724987,9.03083571757524,17.8259734155595,17.8672141363871,2.06203604138236,6.22969821003014,6.22625627647487,6.26099033699941,-1.40030114267277,-1.41921212787193,0.957320301836843
"null",1000,454,2,0,500,517.780219570921,-2.16361290792449,519.943832478845,497.445502891295,498.722382067844,2.55375835309834,22.627376562773,22.3606523556018,22.3606797749979,0.898677609541389,0.949053277762919,0.261181770105884
"null",1000,454,2,1,500,493.101403172148,-2.27737035467219,495.37877352682,497.406899466382,498.681594666825,2.54939040088767,22.6231892255728,22.3598077762766,22.3606797749979,-0.190313410337693,-0.147712412067763,0.553530518959847
"null",1000,454,5,0,200,205.004469165111,-0.82542674168179,205.829895906792,197.753259154168,198.202271182641,2.24506014236253,17.9419189283093,17.8883993113017,17.8885438199983,0.404149079031959,0.426400629335935,0.351478251316276
"null",1000,454,5,1,200,195.492202273826,-0.982983933534394,196.47518620736,197.714270737023,198.165547740176,2.25638501576492,17.9389253455419,17.8862903400591,17.8885438199983,-0.123868538409922,-0.0945059875847893,0.537053289335982
"null",1000,454,10,0,100,87.2905305201466,-0.46073600630691,87.7512665264535,97.847275479897,98.0622501653783,2.14974685481317,13.433798844889,13.4160158178175,13.4164078649987,-0.785834675778755,-0.768557802774125,0.772365724966006
"null",1000,454,10,1,100,96.0323066702561,-0.433905288202851,96.4662119584589,97.8035552297848,98.0213975107946,2.17842281009817,13.4316085142149,13.4141299093667,13.4164078649987,-0.131871663595177,-0.115936371784329,0.53735770685142
"null",1000,454,25,0,40,24.0825871066265,-0.239420831622523,24.322007938249,37.9029714208679,37.9865785844752,2.09017909018125,8.76630198823837,8.76206728357462,8.76356092008266,-1.57653527482672,-1.55951446205415,0.961517539053541
"null",1000,454,25,1,40,30.9378194437168,-0.245294958524218,31.183114402241,37.8845464893465,37.9686183962692,2.10179767306746,8.7647685155049,8.76061293664807,8.76356092008266,-0.792573932025805,-0.774546717575266,0.784860590637585
"null",1000,454,50,0,20,13.5755702846579,-0.133321271143218,13.7088915558011,17.9165807019122,17.9579931102645,2.07062041761771,6.25835144294083,6.2569993637706,6.26099033699941,-0.693634810514001,-0.679095730625554,0.756310487343539
"null",1000,454,50,1,20,15.5152918593282,-0.136037024156639,15.6513288834849,17.9274193892776,17.9685475026353,2.05640566788455,6.25728735183961,6.25595640558293,6.26099033699941,-0.385490931504083,-0.370401976759699,0.626334718580025
"null",1000,455,2,0,500,468.350397177339,-2.75493849132798,471.105335668667,497.480649670906,498.739921504504,2.51854366719446,22.6334833355568,22.3606513138159,22.3606797749979,-1.28704239032462,-1.23585782220763,0.825767561764253
"null",1000,455,2,1,500,492.876237368744,-2.24044915273682,495.116686521481,496.924503854056,498.200436654532,2.55186560095077,22.6218156239395,22.3516057822998,22.3606797749979,-0.178954092483543,-0.13796548503431,0.556368548667211
"null",1000,455,5,0,200,190.432801343359,-1.12270576069742,191.555507104056,197.739954540763,198.191626286302,2.25835872769539,17.9431612756391,17.888400976998,17.8885438199983,-0.407238896488388,-0.37097330224089,0.637432412996244
"null",1000,455,5,1,200,164.376667163525,-0.999486473687032,165.376153637212,197.394783608793,197.846442860093,2.2582962564967,17.9178602052129,17.8619545489985,17.8885438199983,-1.84274885879856,-1.81784636915343,0.960967687433036
"null",1000,455,10,0,100,108.605193024538,-0.504440568251434,109.109633592789,97.8136565604183,98.0319958276425,2.18339267224171,13.4342233935326,13.4160201365785,13.4164078649987,0.803286959580773,0.825702231539147,0.217983634415119
"null",1000,455,10,1,100,85.9884280851942,-0.505173404995814,86.49360149019,97.6357282669669,97.8523829338193,2.16654666852439,13.4104239587963,13.3915514257708,13.4164078649987,-0.868525873421985,-0.84820504230528,0.801674391303463
"null",1000,455,25,0,40,43.3003210494568,-0.14095210385645,43.4412731533133,37.8591612466495,37.9445065615547,2.13363287262998,8.76636298863307,8.76199850233545,8.76356092008266,0.620686116906478,0.627341649315901,0.255417698896936
"null",1000,455,25,1,40,32.8153546028205,-0.358600147877256,33.1739547506978,37.7990751301658,37.8834768965694,2.11004416008882,8.74869978946914,8.74412020259909,8.76356092008266,-0.56965270809089,-0.538593024427058,0.707700122795521
"null",1000,455,50,0,20,12.4594401222231,-0.134130434938577,12.5935705571617,17.8890879001252,17.9310378631872,2.09749815310176,6.25822890666903,6.25681283067284,6.26099033699941,-0.867601338793476,-0.853064883107836,0.822633417034658
"null",1000,455,50,1,20,12.9855845778206,-0.235140902364935,13.2207254801855,17.869336360546,17.9107792785631,2.07214590085673,6.24434999207462,6.24285899070057,6.26099033699941,-0.782107311237187,-0.751266976454855,0.792428705978437
"null",1000,456,2,0,500,484.461903297944,7.10557676466052,477.356326533283,497.463530381977,498.731321498568,2.53558223318281,22.8503100719839,22.3606433877866,22.3606797749979,-0.568991275964096,-0.955920390777321,0.659737417813738
"null",1000,456,2,1,500,491.22857525844,7.55108724292856,483.677488015511,496.506814585442,497.769520328644,2.52541148640257,22.8272680622576,22.3426620815232,22.3606797749979,-0.231225187026631,-0.630723065215494,0.577065077572628
"null",1000,456,5,0,200,193.933216304158,2.8194425041448,191.113773800013,197.734315440899,198.187022952523,2.2635375581244,17.9869656356274,17.8883486382648,17.8885438199983,-0.211325201467668,-0.395410962495462,0.568364853065601
"null",1000,456,5,1,200,187.48388481273,2.76405030158385,184.719834511146,197.14172399908,197.58754789066,2.22911945789756,17.9404058596043,17.8404364226769,17.8885438199983,-0.538328913065235,-0.72126673780005,0.693027900057222
"null",1000,456,10,0,100,87.5206962812064,1.51223551816316,86.0084607630432,97.8235444197368,98.0408134923933,2.17269072656569,13.4487248476639,13.4159000132684,13.4164078649987,-0.76608364400585,-0.89687257041645,0.766974862611772
"null",1000,456,10,1,100,92.0976414768614,1.53585878996116,90.5617826869002,97.5152647273759,97.7282857177106,2.13020990334746,13.4056118198315,13.3719159758306,13.4164078649987,-0.404130995535766,-0.53593688771031,0.648949620709667
"null",1000,456,25,0,40,42.5133948238581,0.486786865710874,42.0266079581473,37.883846258664,37.9681766946466,2.10826089956476,8.76971733624475,8.76182726880586,8.76356092008266,0.527901685731707,0.463194621280617,0.282856244873792
"null",1000,456,25,1,40,34.3703035017772,0.428526489734891,33.9417770120423,37.7677988077371,37.8506149808688,2.07040432829181,8.73702358463195,8.72890088730644,8.76356092008266,-0.38886186732241,-0.44780414158565,0.638035514647941
"null",1000,456,50,0,20,20.9319636081146,0.384688301773713,20.5472753063409,17.9042580493009,17.9458670452981,2.08044979985669,6.25877814236092,6.25619892606993,6.26099033699941,0.483753456337018,0.415812906811933,0.282859458115991
"null",1000,456,50,1,20,15.7766759476159,0.292133647893492,15.4845422997224,17.8590687355806,17.9000071035228,2.04691839710898,6.23454348210847,6.23185517241937,6.26099033699941,-0.334008864312303,-0.38759963718198,0.608129780161309
"null",1000,457,2,0,500,469.786129197999,2.85679856683435,466.929330631164,497.486778789519,498.74315042324,2.51274326744094,22.4859702676027,22.3606678078934,22.3606797749979,-1.23190813035233,-1.42275803501919,0.813327935621583
"null",1000,457,2,1,500,497.875902754823,3.47387773814436,494.402025016678,497.212838353213,498.453013662276,2.48035061812549,22.4710894019297,22.3560317596629,22.3606797749979,0.0295074435310976,-0.18120338569686,0.49314087640855
"null",1000,457,5,0,200,193.57317074255,1.16628915519334,192.406881587357,197.773378561963,198.218445836428,2.22533637232495,17.913516405925,17.888440888636,17.8885438199983,-0.234471430635651,-0.324878187274705,0.575566489526527
"null",1000,457,5,1,200,215.627235121619,1.01733730174186,214.609897819877,197.561469052673,198.013879949863,2.26205448594835,17.8984177681448,17.8754340349274,17.8885438199983,1.0093498935475,0.928426008430708,0.18564249747295
"null",1000,457,10,0,100,86.0853509343353,0.555650957286846,85.5296999770485,97.8629907453049,98.0764503879493,2.13459642644373,13.4244217049863,13.4160992126035,13.4164078649987,-0.877329397853686,-0.935201075370253,0.799564599829242
"null",1000,457,10,1,100,88.088079168581,0.560575594979641,87.5275035736014,97.7385787125369,97.9545327855417,2.15954073004796,13.4114356783046,13.4037667375883,13.4164078649987,-0.719572443654727,-0.777917835790121,0.7534300798639
"null",1000,457,25,0,40,31.1144791579104,0.178771100679918,30.9357080572305,37.9110300882539,37.9943696662246,2.08348944926692,8.76436747427959,8.76238261006913,8.76356092008266,-0.775475349509135,-0.805564185348712,0.778020234073701
"null",1000,457,25,1,40,51.1934598027671,0.20514262641166,50.9883171763555,37.8618516406412,37.9454677859208,2.09040363199027,8.7552346855538,8.75339214850489,8.76356092008266,1.5227014056086,1.49003371140666,0.0747221572178074
"null",1000,457,50,0,20,15.4657565253051,0.117671832203275,15.3480846931018,17.9302541869967,17.9714510017549,2.05984073791012,6.25854783327745,6.25791721417448,6.26099033699941,-0.393781069881352,-0.419207576397949,0.629777642837295
"null",1000,457,50,1,20,25.253112550446,0.177802634484368,25.0753099159616,17.9104568853982,17.9516246485765,2.05838815891372,6.25192911117843,6.2513565673905,6.26099033699941,1.17446239944069,1.13954230423281,0.118101475105636
"null",1000,458,2,0,500,530.252741773399,2.95591511297905,527.29682666042,497.430010810676,498.714553076274,2.56908453119592,22.8002424440302,22.3606456528183,22.3606797749979,1.43957815550847,1.27824008429486,0.153457431797885
"null",1000,458,2,1,500,547.299904175427,3.36215917282139,543.937745002606,497.429137811045,498.701317435566,2.54435924904239,22.7966866313551,22.360140861149,22.3606797749979,2.18763222791282,2.02308330023261,0.0624751630634136
"null",1000,458,5,0,200,234.300567133639,1.04838006722456,233.252187066415,197.772211163797,198.217373268769,2.22581052485985,17.9768625642871,17.8883728952379,17.8885438199983,2.03196502388633,1.95852434443453,0.0395181313651795
"null",1000,458,5,1,200,245.860417776019,1.05555333025257,244.804864445766,197.719105572138,198.171499216767,2.26196822314854,17.9745375863012,17.8870542810327,17.8885438199983,2.67830601887477,2.60710145428746,0.0116764215781298
"null",1000,458,10,0,100,107.554280417165,0.551613632244263,107.002666784921,97.8332761400496,98.0496119418219,2.16335801772253,13.44540088838,13.4159563498453,13.4164078649987,0.722998470467057,0.667343766603854,0.239249204189634
"null",1000,458,10,1,100,118.988833809896,0.551394370278312,118.437439439618,97.8354422257423,98.0505940164051,2.151517906628,13.4437875617791,13.4147319535817,13.4164078649987,1.57346964067579,1.51973557829979,0.0734350053073177
"null",1000,458,25,0,40,44.4865192127122,0.165504012111192,44.321015200601,37.8928936220966,37.9768598148763,2.09915481949187,8.76889356955867,8.76181979478332,8.76356092008266,0.751933586411113,0.724068234033067,0.217392748157247
"null",1000,458,25,1,40,37.4251863709199,0.177129641760256,37.2480567291596,37.8875905439106,37.9716050637811,2.10036299676135,8.76790619162965,8.76093896624383,8.76356092008266,-0.0527382664554693,-0.08258798941635,0.495854437697707
"null",1000,458,50,0,20,23.4128794730326,-0.0717082213412563,23.4845876943739,17.9194007938984,17.9607098432398,2.06545246706794,6.25853943714564,6.25625104582658,6.26099033699941,0.877757300134488,0.882937371066486,0.175218670207392
"null",1000,458,50,1,20,20.1273714415137,-0.00445186693592953,20.1318233084496,17.9171564260052,17.9584744593412,2.06590166680022,6.25795656303052,6.25569448402772,6.26099033699941,0.353184780566482,0.347419276094367,0.325694586537265
"null",1000,459,2,0,500,554.152765575563,1.42331713791636,552.729448437647,497.4550051185,498.72710070065,2.54419116430011,22.5851869706595,22.3606486485208,22.3606797749979,2.51039588606106,2.41506177150051,0.0411574958029042
"null",1000,459,2,1,500,505.236863644666,1.34523402520727,503.891629619459,497.29583413641,498.573010208781,2.55435214474178,22.5820257565449,22.3581318996877,22.3606797749979,0.35165266366568,0.237882996421188,0.401561238650634
"null",1000,459,5,0,200,199.383379670138,0.619109601819005,198.764270068319,197.73688298897,198.189130965195,2.26123988112155,17.9333865192117,17.8883821361027,17.8885438199983,0.0918118103016165,0.0321515438762547,0.459042547782238
"null",1000,459,5,1,200,190.458430305901,0.510762335251463,189.94766797065,197.612499966195,198.070531446117,2.2901573996102,17.9265183570107,17.8811876412457,17.8885438199983,-0.399077473819429,-0.454268678257718,0.636936724411003
"null",1000,459,10,0,100,88.8899470833265,0.368286331609019,88.5216607517175,97.8158823581687,98.0339891780022,2.18106819833461,13.4309317411032,13.416001494268,13.4164078649987,-0.664580495746682,-0.709028575343318,0.733695961839042
"null",1000,459,10,1,100,90.9886036195125,0.210717484968883,90.7778861345436,97.7690195395033,97.986300976453,2.1728143694978,13.424250738746,13.4091217366141,13.4164078649987,-0.505087103328658,-0.537575464187681,0.679159687870859
"null",1000,459,25,0,40,30.5679656683668,0.0957650413296146,30.4722006270372,37.874518843953,37.9592470613156,2.11820543406427,8.76550055443354,8.76197237802906,8.76356092008266,-0.83355800735083,-0.85449327060793,0.798860709713732
"null",1000,459,25,1,40,28.4938180731312,0.0727247243721672,28.421093348759,37.8664691861284,37.9505494446125,2.10200646210239,8.76039950085899,8.75679701957489,8.76356092008266,-1.06988854926972,-1.08823535301222,0.86847260675749
"null",1000,459,50,0,20,15.3482182137872,0.123646634268958,15.2245715795183,17.9022865916297,17.9439761876407,2.08447980055025,6.2579817094955,6.25685981838513,6.26099033699941,-0.408129728785737,-0.434627702562838,0.63793477772915
"null",1000,459,50,1,20,12.8994430442035,0.0905695706374094,12.8088734735661,17.898693433302,17.940224725491,2.07656460944901,6.25445522883423,6.25330604839941,6.26099033699941,-0.799310284619355,-0.820582138825319,0.797511886195776
"null",1000,460,2,0,500,469.410407080403,2.59671589157152,466.813691188831,497.454645328464,498.726950263075,2.54460986922191,22.5344704085408,22.3606564113248,22.3606797749979,-1.24450398609909,-1.42720582469488,0.81663277485047
"null",1000,460,2,1,500,511.541392058992,2.75128608996105,508.790105969031,497.402699558935,498.675164222039,2.54492932620878,22.5315083201089,22.3599561283183,22.3606797749979,0.627507590667553,0.452368586456291,0.327681022311308
"null",1000,460,5,0,200,170.923918900288,1.08732160667544,169.836597293613,197.744782974602,198.19553780041,2.25377412903799,17.9232442377852,17.8884244214273,17.8885438199983,-1.49642909054215,-1.58532354995041,0.918372864693012
"null",1000,460,5,1,200,198.853461879145,1.15258730101037,197.700874578134,197.700013855644,198.152932785126,2.26459464741183,17.9200793094129,17.885890536983,17.8885438199983,0.064366234299809,-0.0252745708164317,0.469580678166122
"null",1000,460,10,0,100,84.3417268516098,0.594184581027553,83.7475422705822,97.8270097792695,98.0440199674499,2.17010188180396,13.4276004124036,13.4160341107673,13.4164078649987,-1.00429581708455,-1.06562621851071,0.835660596450389
"null",1000,460,10,1,100,93.0162188452436,0.524290365006122,92.4919284802375,97.806733861228,98.0239177718388,2.1718391061084,13.4250857724954,13.4137303104627,13.4164078649987,-0.356833103129884,-0.412412443336991,0.623375300427004
"null",1000,460,25,0,40,28.5686932628179,0.276066936248474,28.2926263265694,37.8911213668404,37.9752299977416,2.1027157725291,8.76499086701318,8.76222935919434,8.76356092008266,-1.06359815377643,-1.10503882907517,0.866240479339402
"null",1000,460,25,1,40,39.0557414288101,0.291518254471465,38.7642231743387,37.8987097571165,37.982186826382,2.08692673163794,8.76319145716888,8.76048171340597,8.76356092008266,0.132033138537344,0.089268646809676,0.422152450066342
"null",1000,460,50,0,20,13.0502777195856,0.15068934213203,12.8995883774536,17.9330277770068,17.9741378767763,2.05550498847613,6.25831071369886,6.257427468463,6.26099033699941,-0.780202562767185,-0.810964174159128,0.788577532280457
"null",1000,460,50,1,20,20.7928135028669,0.0998821192035549,20.6929313836633,17.9294027099867,17.970498160954,2.0547725483626,6.25694814603671,6.25608215887834,6.26099033699941,0.457636970300602,0.435165835993034,0.289994450208304
"null",1000,461,2,0,500,505.819872879891,-2.42517484474886,508.24504772464,497.475417533618,498.737385267005,2.52393546677395,22.5116806579558,22.3606639690209,22.3606797749979,0.370672251133059,0.425195891803892,0.394505288972611
"null",1000,461,2,1,500,513.662077124904,-2.34934433667646,516.01142146158,497.413781217739,498.699650229599,2.57173802372019,22.5117427103838,22.3604724392861,22.3606797749979,0.721769794378028,0.77421312447609,0.304243586362863
"null",1000,461,5,0,200,218.166002905299,-0.923061257232854,219.089064162532,197.761538396785,198.208940228003,2.23700915608941,17.9186636796109,17.8884248966997,17.8885438199983,1.13872690917974,1.1672421722486,0.155262847283547
"null",1000,461,5,1,200,206.046273398392,-0.873193887097698,206.91946728549,197.724622919438,198.177569462928,2.26473271745296,17.9181295604666,17.8877468647905,17.8885438199983,0.464426292424787,0.488708717125731,0.332730075872808
"null",1000,461,10,0,100,107.862924130908,-0.406967941661076,108.269892072569,97.8405175005898,98.0562128612383,2.15695360648515,13.4261159469096,13.4160810565575,13.4164078649987,0.746485928614734,0.761301244996448,0.232874357631096
"null",1000,461,10,1,100,108.338133018906,-0.426012810814789,108.764145829721,97.8272668398836,98.0437902087693,2.16523368885765,13.4255644552943,13.4154635014716,13.4164078649987,0.782899386764914,0.799104378300148,0.223269173176545
"null",1000,461,25,0,40,44.85616867025,-0.177965797975475,45.0341344682255,37.9072141616743,37.9906932710193,2.08697773362623,8.76469483558579,8.76230611032602,8.76356092008266,0.792834735142409,0.80383418571804,0.206373718082959
"null",1000,461,25,1,40,44.498859677064,-0.218856087472681,44.7177157645367,37.8900022524706,37.9740773417192,2.10187723121385,8.76422119452021,8.76181439228681,8.76356092008266,0.754072413042877,0.769662323451415,0.217018506904885
"null",1000,461,50,0,20,26.0429566520263,-0.0256050858321243,26.0685617378584,17.924597435412,17.9658856043605,2.06440844742671,6.25832829020087,6.25757195306131,6.26099033699941,1.29720890949838,1.29485944297196,0.0987797671199022
"null",1000,461,50,1,20,30.1092312911101,-0.101722981035924,30.210954272146,17.9246001517637,17.9658645521717,2.06322002040031,6.25796892676691,6.25720560148658,6.26099033699941,1.94705842773199,1.95695818546624,0.0363979678862073
"null",1000,462,2,0,500,486.59924910655,5.98046061665995,480.61878848989,497.480284484439,498.73977074362,2.51897251836234,22.5714141445434,22.3606458897265,22.3606797749979,-0.482071495751627,-0.810396190838841,0.634153357159037
"null",1000,462,2,1,500,468.330214241268,5.59062391740951,462.739590323859,497.47492558821,498.723868864692,2.49788655296537,22.5718303349271,22.3601749004627,22.3606797749979,-1.29119840591056,-1.60930219468404,0.825938769693318
"null",1000,462,5,0,200,206.31805908715,2.29939272797137,204.018666359179,197.786015183918,198.228459577119,2.21222196600396,17.9306012605837,17.8883858189166,17.8885438199983,0.475837021817418,0.323685258171066,0.327914975124412
"null",1000,462,5,1,200,198.479412288965,2.34985203763053,196.129560251335,197.753380493543,198.19892481534,2.2277216089834,17.9296481089155,17.8870877995515,17.8885438199983,0.0404933655703719,-0.115690412391035,0.477043749717549
"null",1000,462,10,0,100,91.9793289420341,1.11162303934989,90.8677059026842,97.8684289876619,98.0812857080183,2.1285672035644,13.4300202770325,13.4160093479728,13.4164078649987,-0.43850269203979,-0.537684464749128,0.652210103656828
"null",1000,462,10,1,100,95.2834998922649,1.22287860144533,94.0606212908196,97.8395438682533,98.0543505050312,2.14806636777889,13.4289816129657,13.4148333663878,13.4164078649987,-0.190337886345789,-0.297709938329781,0.558870132511434
"null",1000,462,25,0,40,35.9636644568354,0.400367432719158,35.5632970241162,37.9038159439128,37.9873849983098,2.08922635992667,8.76536176971525,8.76204451854118,8.76356092008266,-0.221343001926142,-0.27665780161971,0.563945435511209
"null",1000,462,25,1,40,52.9362332355954,0.493349363776639,52.4428838718188,37.9000416768589,37.983609767335,2.08920226190299,8.7645885423449,8.76123419156525,8.76356092008266,1.71556160179012,1.65036954706726,0.0543828486706101
"null",1000,462,50,0,20,17.4045806439701,0.229403976258169,17.1751766677119,17.9129096450837,17.9543894344845,2.07398947004055,6.25794444530341,6.25690662210816,6.26099033699941,-0.0812293885886287,-0.124536422522163,0.49547392688031
"null",1000,462,50,1,20,33.5850954843164,0.308370175324196,33.2767253089922,17.9141422498359,17.9555635012058,2.07106256849175,6.25743366344305,6.25638317917519,6.26099033699941,2.5043738499431,2.44888482195016,0.014165740206211
"null",1000,463,2,0,500,520.426824553201,-1.25671356971565,521.683538122917,497.461123074562,498.730160989789,2.53807583045361,22.5542844352516,22.3606539078582,22.3606797749979,1.01824119246913,1.02650741913504,0.235370604207973
"null",1000,463,2,1,500,495.198686337478,-1.26188402613054,496.460570363609,497.488961996966,498.743903856569,2.50988371920676,22.5540662447568,22.3606473042139,22.3606797749979,-0.101546019889873,-0.102113926394704,0.527025153140545
"null",1000,463,5,0,200,201.609313753886,-0.5345622877111,202.143876041597,197.713489569575,198.17044223153,2.28476330977496,17.9271915257861,17.8883984049653,17.8885438199983,0.217313692371039,0.222123508215503,0.415373681051397
"null",1000,463,5,1,200,204.025919443703,-0.573639737517418,204.59955918122,197.739933940845,198.191552369166,2.25809214160407,17.927106562844,17.8883813609589,17.8885438199983,0.350641386596442,0.358221724076154,0.369483882771731
"null",1000,463,10,0,100,87.144492099118,-0.250699833122199,87.3951919322402,97.7999553309712,98.0196655908648,2.19710259893608,13.4289103927705,13.4160253487085,13.4164078649987,-0.79347191396776,-0.791924089473145,0.775754340391219
"null",1000,463,10,1,100,88.9927768654193,-0.251013185975339,89.2437900513946,97.8067401031253,98.0257596503653,2.19019547239991,13.4288721922611,13.4160102245048,13.4164078649987,-0.656344264173235,-0.654588767600228,0.73111756743938
"null",1000,463,25,0,40,27.7583092770421,-0.162788558556467,27.9210978355986,37.8853923087201,37.969721203945,2.10822238062308,8.76525580922709,8.76217694822228,8.76356092008266,-1.15536651206657,-1.1468181283859,0.889227001240734
"null",1000,463,25,1,40,23.83328901484,-0.159390504034285,23.9926795188743,37.8879634354569,37.9721879783986,2.10561357354318,8.7652437072806,8.76216891266921,8.76356092008266,-1.60345506525309,-1.59543927980107,0.96466915658457
"null",1000,463,50,0,20,8.94235435653714,-0.0820754699066896,9.02442982644383,17.9098861574289,17.9514307515373,2.07722970542142,6.25794466355179,6.25697997910308,6.26099033699941,-1.43298355658551,-1.42672678431251,0.961063096156824
"null",1000,463,50,1,20,8.45656483625205,-0.0752797318685236,8.53184456812057,17.9065206463164,17.9481323876214,2.08058706525026,6.25794047530946,6.25697744467538,6.26099033699941,-1.51007441623149,-1.50492596509422,0.971036246471421
"null",1000,464,2,0,500,523.183438774371,-1.69137423148924,524.87481300586,497.447700220444,498.723384968455,2.55136949602216,22.755208669744,22.360641450597,22.3606797749979,1.13098231387109,1.16952942048567,0.210139052556191
"null",1000,464,2,1,500,494.809024599526,-0.87266055883638,495.681685158362,496.809542050156,498.068143361114,2.51720262191616,22.7134401173675,22.3453883741379,22.3606797749979,-0.0880763741772384,-0.106798689859126,0.531956616124551
"null",1000,464,5,0,200,229.401242218863,-0.619120223865646,230.020362442728,197.720851194009,198.176278229929,2.27713517960172,17.9676846146899,17.8883655025123,17.8885438199983,1.76318717209412,1.78015616956882,0.0624412341617454
"null",1000,464,5,1,200,204.25038731984,-0.261438303970763,204.51182562381,197.342108983246,197.788109573565,2.23000295159349,17.927979624692,17.8550564390545,17.8885438199983,0.385335017174993,0.376572097276536,0.365321448134028
"null",1000,464,10,0,100,136.148672731327,-0.250955019294876,136.399627750622,97.8237885900081,98.0410380146219,2.17249424613793,13.4422987479281,13.4159167886695,13.4164078649987,2.85106623948721,2.85918512616268,0.00654968467189178
"null",1000,464,10,1,100,119.566828882585,-0.464714424353773,120.031543306939,97.628195755829,97.8407273333362,2.12531577507237,13.409189263086,13.3851141990023,13.4164078649987,1.63608945301043,1.65787274159053,0.068519162488795
"null",1000,464,25,0,40,43.9090466745603,-0.105262716596629,44.0143093911569,37.9061822093587,37.9896251055032,2.08607240361103,8.76820517411642,8.76187226628442,8.76356092008266,0.684617244464339,0.687602387087591,0.235397982938806
"null",1000,464,25,1,40,43.6484920951553,-0.109877635407238,43.7583697305626,37.8181063337102,37.9010136196954,2.07268214962895,8.74589044962486,8.74010692016444,8.76356092008266,0.666642898745113,0.670169846246799,0.243836980023996
"null",1000,464,50,0,20,19.98437722953,-0.0474465630412435,20.0318237925713,17.9250296096525,17.9662312905486,2.06008404480494,6.25841432256822,6.25634611066025,6.26099033699941,0.329052618400697,0.330159563663375,0.333699919862992
"null",1000,464,50,1,20,21.6114122564865,-0.041874841630431,21.6532870981169,17.8877896472517,17.9286618373053,2.04360950268083,6.24156074378191,6.23970057568545,6.26099033699941,0.596585175101336,0.596923717033075,0.249694921595992
"null",1000,465,2,0,500,537.33880048,4.96644316922953,532.372357310771,497.468877356594,498.73418635366,2.5306179941314,22.4603315220477,22.3606678665006,22.3606797749979,1.77512620792211,1.50434553913773,0.108210632636576
"null",1000,465,2,1,500,517.68305095264,3.35305401683346,514.329996935806,497.076543521956,498.341233662641,2.52938028137025,22.4418457147511,22.3544666793708,22.3606797749979,0.918218033071099,0.715237965749369,0.262158062969075
"null",1000,465,5,0,200,231.785381846175,2.06568745660654,229.719694389568,197.737205763107,198.189488366111,2.26141301502007,17.9083598575787,17.8884316129235,17.8885438199983,1.9012448015254,1.76260315637052,0.0502047047829219
"null",1000,465,5,1,200,208.601592129436,1.86820737225066,206.733384757186,197.510319798385,197.955756781196,2.2271849140537,17.8864847116979,17.8689624048226,17.8885438199983,0.620092349605038,0.49122202941235,0.288801132644046
"null",1000,465,10,0,100,116.295968590002,1.07570700162687,115.220261588375,97.8550718168342,98.0693200910965,2.1424827426229,13.4227010240759,13.416093779267,13.4164078649987,1.37385886343523,1.27838562993526,0.100216390048703
"null",1000,465,10,1,100,86.1150704906972,0.892260096350255,85.2228103943469,97.7213392326232,97.934381334926,2.13042102302723,13.4037887808302,13.3979558980615,13.4164078649987,-0.865894631115429,-0.948769427015225,0.798915303749425
"null",1000,465,25,0,40,31.7511925345916,0.247257875551111,31.5039346590405,37.9275221182984,38.0101917568035,2.06674096262603,8.76388204571368,8.76232540942118,8.76356092008266,-0.704748141461762,-0.742526303664492,0.752593609977761
"null",1000,465,25,1,40,32.6317940572876,0.247305829091432,32.3844882281962,37.8551465517301,37.9381574664721,2.07527286855044,8.75010021948395,8.7487204610518,8.76356092008266,-0.596947733559852,-0.634797884216348,0.715634612953648
"null",1000,465,50,0,20,18.9702723803543,0.0874650902452193,18.8828072901091,17.9439835356363,17.9848890147769,2.04527395702765,6.25813380388083,6.25765750757933,6.26099033699941,0.163992793519621,0.143491118560683,0.393656257694445
"null",1000,465,50,1,20,19.9169195580494,0.19572461298652,19.7211949450629,17.9175785855231,17.9583482128188,2.0384813647878,6.24782256821682,6.24740669497149,6.26099033699941,0.320006042216549,0.282172558681498,0.337516442811181
"null",1000,466,2,0,500,504.456480531887,-0.164647320244668,504.621127852132,497.434664387296,498.716996454307,2.56466413402059,22.5289160275648,22.3606560750419,22.3606797749979,0.311680159666761,0.26404106292815,0.411064562402103
"null",1000,466,2,1,500,496.857635460399,0.0637273216474949,496.793908138751,497.466980529699,498.71822763635,2.50249421330099,22.5288915157124,22.3601983960925,22.3606797749979,-0.0270472725600032,-0.0860600368346663,0.506021685771951
"null",1000,466,5,0,200,208.28701364071,-0.0546151293249948,208.341628770035,197.748132939212,198.198182145719,2.25024603253141,17.9220834749426,17.8884050209361,17.8885438199983,0.588038813468984,0.567040304177171,0.294040829855675
"null",1000,466,5,1,200,205.518404944243,0.0470755563181677,205.471329387925,197.730236547804,198.180104125539,2.24933788867701,17.9209120002005,17.8870036795778,17.8885438199983,0.434585494106075,0.407626978391563,0.342172976818081
"null",1000,466,10,0,100,85.9992586854234,-0.0908977103072191,86.0901563957306,97.8398782242896,98.0556146219916,2.15736397702017,13.427216554909,13.41604471607,13.4164078649987,-0.881837236365812,-0.891876740089315,0.801439221597892
"null",1000,466,10,1,100,94.7764351549049,0.0493606732485276,94.7270744816564,97.8336071507548,98.0488845514319,2.15277400677079,13.425967631155,13.4146954108638,13.4164078649987,-0.227705896501324,-0.247624710665094,0.573407067593853
"null",1000,466,25,0,40,27.950962150023,0.074231480677624,27.8767306693454,37.8895403844761,37.973705559853,2.10412938442145,8.76483134340311,8.762186061859,8.76356092008266,-1.13391551360922,-1.15233513865436,0.883997494452453
"null",1000,466,25,1,40,21.7182003872582,0.116670687260177,21.6015296999981,37.8931857486175,37.9770082066441,2.09556145066388,8.76381203763685,8.76113622782194,8.76356092008266,-1.8456563527258,-1.8691044267345,0.9842672099986
"null",1000,466,50,0,20,9.10652751607207,0.0613190232731082,9.04520849279896,17.9352973670078,17.9763587628605,2.05306979263533,6.25818884765911,6.25736447739495,6.26099033699941,-1.41075478318909,-1.42730222960893,0.95722366738593
"null",1000,466,50,1,20,7.21402135419289,0.110747970042871,7.10327338415002,17.931076128051,17.9721726880192,2.05482799841297,6.25743719194346,6.25660384970785,6.26099033699941,-1.71269074624615,-1.73718834769709,0.988193983412721
"null",1000,467,2,0,500,518.567737927709,-5.73649055420017,524.304228481909,497.460616386404,498.729829938285,2.53842710376161,23.0577051688177,22.3606291381598,22.3606797749979,0.915404260171122,1.14372446256356,0.253343169901828
"null",1000,467,2,1,500,483.542694234626,-5.59744387079888,489.140138105425,497.380856158033,498.648901749799,2.53609118353044,23.0601763835905,22.3585012012034,22.3606797749979,-0.600089162078326,-0.42528627293952,0.670548817976485
"null",1000,467,5,0,200,204.781100017358,-2.37091035397172,207.152010371329,197.743356991488,198.194288469036,2.25465738773716,18.0292692178851,17.8883636483766,17.8885438199983,0.390350986544047,0.500756921000253,0.355555749303805
"null",1000,467,5,1,200,223.01338010592,-2.08739772528577,225.100777831206,197.701451565035,198.150142138084,2.243452865245,18.0268273147139,17.8841607747284,17.8885438199983,1.40412553462613,1.50695556993681,0.107340442906267
"null",1000,467,10,0,100,104.238664210904,-1.16210216912701,105.400766380031,97.8396693037555,98.0553348444997,2.15665540744226,13.4628823694483,13.4159120777582,13.4164078649987,0.475306456043134,0.547516374060667,0.314230480966944
"null",1000,467,10,1,100,110.45269583141,-1.11692077772178,111.569616609132,97.8106804021917,98.026324780911,2.15644378719344,13.4598561744624,13.4121885987193,13.4164078649987,0.939238522712019,1.00977493184923,0.183653612599392
"null",1000,467,25,0,40,43.1813736265048,-0.633638264257859,43.8150118907626,37.8954542709539,37.9792998527378,2.09613954459554,8.77302528729121,8.76170614293935,8.76356092008266,0.602519562232212,0.666047450441784,0.259453300224842
"null",1000,467,25,1,40,25.3002471287935,-0.582813095668355,25.8830602244618,37.8870625824371,37.9707279531912,2.09163426885159,8.77042375878586,8.75893227367361,8.76356092008266,-1.43514336362991,-1.38003895349903,0.943135922695969
"null",1000,467,50,0,20,10.6977295735714,-0.298152439420717,10.9958820129921,17.9206806555418,17.9619278716287,2.06236080434701,6.25940261638175,6.25567296639533,6.26099033699941,-1.1539361700535,-1.11355659032326,0.906740630927639
"null",1000,467,50,1,20,12.9725285962447,-0.202835434155055,13.1753640303998,17.9101279190836,17.9514541474209,2.06631141686612,6.25742391147623,6.25362449129915,6.26099033699941,-0.789078603701954,-0.763731516605492,0.793202450556278
"null",1000,468,2,0,500,481.764635173133,-2.62083758535422,484.385472758487,497.52335162852,498.761311877243,2.47592049744646,22.5412636937613,22.3606561000738,22.3606797749979,-0.699105279521142,-0.642907750757292,0.691093500312142
"null",1000,468,2,1,500,464.197302111867,-2.10891509726892,466.306217209136,497.369662990937,498.630940713884,2.52255544589425,22.5338984638534,22.3588438676154,22.3606797749979,-1.47210927271558,-1.44572428235287,0.85882884106511
"null",1000,468,5,0,200,193.140026186904,-1.14783139879863,194.287857585702,197.792001407604,198.233270251,2.20634421698102,17.9245882442916,17.8884051814704,17.8885438199983,-0.25953038124497,-0.220556982317491,0.584208523157923
"null",1000,468,5,1,200,192.569841354149,-0.999776688626459,193.569618042775,197.693332635339,198.140618262302,2.23642813481851,17.9181192921432,17.8832576327216,17.8885438199983,-0.285939121045839,-0.255602212606021,0.59554190762127
"null",1000,468,10,0,100,107.821858696904,-0.571354749622977,108.393213446527,97.8626371826224,98.076076340964,2.1343915834168,13.4280238524956,13.416019068181,13.4164078649987,0.74167439853266,0.769016282187056,0.233716366227449
"null",1000,468,10,1,100,96.7666722320321,-0.47790865386132,97.2445808858934,97.8162428210614,98.0304791956432,2.1423637458184,13.4227764711093,13.4112277215569,13.4164078649987,-0.0781932554183793,-0.0586000272358759,0.516262323440295
"null",1000,468,25,0,40,38.3495218637879,-0.155308738251478,38.5048306020394,37.9144542261038,37.9976056316235,2.07878513799109,8.76495555295534,8.7620962001959,8.76356092008266,0.0496371755744269,0.0578885416031595,0.453636501657463
"null",1000,468,25,1,40,30.8595668014596,-0.110137742809085,30.9697045442687,37.8792934245068,37.9631828393656,2.09723537146931,8.76127614052115,8.75853125366212,8.76356092008266,-0.801221935076421,-0.798476147718581,0.787859358015999
"null",1000,468,50,0,20,19.6615466902759,-0.134409704471943,19.7959563947478,17.9299436527816,17.971087558322,2.05719527701659,6.25787762829723,6.25698476698337,6.26099033699941,0.27670771791129,0.291653073227101,0.352193038193813
"null",1000,468,50,1,20,14.3472441076886,-0.0822070156497039,14.4294511233383,17.916096595205,17.9573394913599,2.06214480774505,6.2550867187692,6.25423554587058,6.26099033699941,-0.570552039959345,-0.564079869097813,0.706190479330491
"null",1000,469,2,0,500,485.820617087484,-3.98130047908563,489.80191756657,497.507963469924,498.753639996182,2.49135305251531,22.6009962971099,22.3606514233108,22.3606797749979,-0.517116423931046,-0.400333704959963,0.643541280239665
"null",1000,469,2,1,500,489.797999384523,-4.74620480453178,494.544204189055,497.142488307991,498.409165800489,2.53335498499532,22.5929624969357,22.3557084863841,22.3606797749979,-0.325078613504734,-0.172884774096431,0.59490296655153
"null",1000,469,5,0,200,229.265474871496,-1.56117843622073,230.826653307717,197.759739557219,198.207463268485,2.23861855632991,17.9366066839605,17.8884026184626,17.8885438199983,1.75650477648316,1.82348255095539,0.0632053180451784
"null",1000,469,5,1,200,197.001903533768,-1.83806986900979,198.839973402778,197.535426264127,197.987180912424,2.25877324148664,17.9214799350571,17.8731677323293,17.8885438199983,-0.0297700152159352,0.0477135616430866,0.50666893241841
"null",1000,469,10,0,100,116.584407077254,-0.874467141985903,117.45887421924,97.8367141741683,98.0527447296351,2.16030555466742,13.4320347267485,13.4160159705503,13.4164078649987,1.39574482083132,1.44648974272269,0.0970251869133092
"null",1000,469,10,1,100,93.7268231217429,-1.16501878798089,94.8918419097238,97.7175230443913,97.9338419649561,2.16318920564735,13.4177346143793,13.4015434440823,13.4164078649987,-0.297419798299761,-0.226988784383303,0.603324792412298
"null",1000,469,25,0,40,41.8002309418171,-0.435742558765829,42.235973500583,37.8936528944358,37.9776409688901,2.09970186135656,8.76594137317143,8.76211650489394,8.76356092008266,0.445654138109754,0.485993598614501,0.309196410941395
"null",1000,469,25,1,40,43.9737041247563,-0.405363808859295,44.3790679336156,37.8491277170444,37.9329695998729,2.09604707071103,8.75569707347119,8.75183159839061,8.76356092008266,0.699496151627795,0.736542775220683,0.233334101454255
"null",1000,469,50,0,20,13.1902634002554,-0.202604770359268,13.3928681706147,17.9062716223301,17.9478810502636,2.08047139667591,6.25807748287108,6.25685563031712,6.26099033699941,-0.753587381265693,-0.72800351307099,0.780148209288892
"null",1000,469,50,1,20,16.6707135910893,-0.210521551861197,16.8812351429505,17.894446808248,17.9358067795876,2.06799856698113,6.25059665033469,6.24934898866817,6.26099033699941,-0.195778624924264,-0.168749039067813,0.545843265262452
"null",1000,470,2,0,500,480.591933326706,-1.20317670246402,481.79511002917,497.491875177335,498.745578036191,2.50740571771307,22.5302148138441,22.3606509619764,22.3606797749979,-0.750101230292928,-0.758048951072343,0.70435543358276
"null",1000,470,2,1,500,508.463493312058,-1.21402217976955,509.677515491827,497.441899260897,498.720321522816,2.55684452383791,22.530352312404,22.3606423806458,22.3606797749979,0.48918871300087,0.490021430622925,0.363040305989083
"null",1000,470,5,0,200,186.620068340292,-0.374439460505711,186.994507800798,197.771457137698,198.21680970026,2.22676281280838,17.9223429866782,17.8883911866275,17.8885438199983,-0.622205969704658,-0.627351100631722,0.708678763409575
"null",1000,470,5,1,200,215.197425963598,-0.389771182401948,215.587197146,197.751575480535,198.200834003077,2.24629261271143,17.9223700619905,17.8883647574132,17.8885438199983,0.973412022110985,0.971936975721499,0.19115385944709
"null",1000,470,10,0,100,97.9101117367016,-0.21499105199994,98.1251027887015,97.8520119785265,98.0665310205798,2.14519042053337,13.4273189375615,13.4160424702355,13.4164078649987,0.00432698131661617,0.00436580073830572,0.483558941412589
"null",1000,470,10,1,100,104.999480185479,-0.244584577949626,105.244064763429,97.849946799187,98.0646510757036,2.14704276516576,13.427311010939,13.4160162093426,13.4164078649987,0.532462038040784,0.535137523367443,0.296014545143854
"null",1000,470,25,0,40,28.0990613120104,-0.0403320183223016,28.1393933303327,37.9034439886535,37.9870385159878,2.08986318335729,8.764778894927,8.76210762613773,8.76356092008266,-1.11861152393905,-1.12389000521737,0.879877362908062
"null",1000,470,25,1,40,29.1555607361409,-0.0187582150942839,29.1743189512352,37.9050718540981,37.9885981891123,2.08815837535375,8.76476964108602,8.76209118466372,8.76356092008266,-0.99825910734068,-1.00595611847828,0.847994445029798
"null",1000,470,50,0,20,10.977345447206,-0.0870672606548243,11.0644127078608,17.9285236222765,17.9696871441883,2.05817609558971,6.25765632896633,6.25684390582026,6.26099033699941,-1.11082773000715,-1.10363540153272,0.895315563469397
"null",1000,470,50,1,20,14.9584150032019,-0.0762827450488665,15.0346977482508,17.9290104064622,17.9701636526097,2.05766230737589,6.25764990438908,6.25683560219027,6.26099033699941,-0.474714221576499,-0.469161424559626,0.664820516293892
"null",1000,471,2,0,500,514.935784384095,-6.27629941559686,521.212083799692,497.453268334218,498.726217115779,2.5458975631211,22.6424573960307,22.3606493830929,22.3606797749979,0.772112131828132,1.00559989554306,0.29056580361006
"null",1000,471,2,1,500,469.633173889776,-6.75572570009408,476.38889958987,497.294016819075,498.553216724358,2.51839981056717,22.6304001413692,22.3572292978578,22.3606797749979,-1.22228695721265,-0.991371374296902,0.814677537356211
"null",1000,471,5,0,200,196.965312026493,-2.57640941947157,199.541721445964,197.736732990662,198.189056715481,2.26161862409558,17.9449679444972,17.8884024760613,17.8885438199983,-0.0429881494664705,0.0756168546796496,0.507404705381475
"null",1000,471,5,1,200,170.398127653125,-2.22622815965947,172.624355812784,197.63446920283,198.083840278525,2.24685537847261,17.9338649146975,17.8794607191865,17.8885438199983,-1.51871008727094,-1.42395147513705,0.92268886589568
"null",1000,471,10,0,100,110.619773281101,-1.37116771167961,111.990940992781,97.8691930949108,98.0819803867722,2.12787291861459,13.4348266504254,13.4160192135733,13.4164078649987,0.949069200367162,1.03674274645767,0.180742057069647
"null",1000,471,10,1,100,93.2364031769225,-1.25965141189459,94.4960545888171,97.7824753845848,97.9972858427899,2.14810458205065,13.4256798891969,13.4076643105615,13.4164078649987,-0.338610204114906,-0.261136553904832,0.617184356387081
"null",1000,471,25,0,40,41.2752773783444,-0.445662173869978,41.7209395522144,37.9232398753269,38.0060349898624,2.06987786338723,8.76658343491584,8.76206767664867,8.76356092008266,0.382365322580165,0.423975789670332,0.32944270687287
"null",1000,471,25,1,40,36.3879620377564,-0.478775914525419,36.8667379522819,37.8879227256913,37.9710292951042,2.0776642353238,8.76050253095351,8.75617885557867,8.76356092008266,-0.17121856681566,-0.126115667694338,0.54409517322825
"null",1000,471,50,0,20,24.7842349170133,-0.126979306518287,24.9112142235316,17.9410820401542,17.981979534888,2.04487473668854,6.25806638123162,6.25661288476499,6.26099033699941,1.09349317504561,1.10750574092837,0.130975836383695
"null",1000,471,50,1,20,13.679365951366,-0.153213113107494,13.8325790644735,17.9299247037631,17.970779901669,2.04275989529371,6.25390209806898,6.25250733302348,6.26099033699941,-0.679665061227855,-0.661846618769876,0.749740929940842
"null",1000,472,2,0,500,514.860251310215,2.17258842044337,512.687662889771,497.488183570183,498.743719703841,2.51107226731724,22.5332678218695,22.3606574515362,22.3606797749979,0.770951993175689,0.623592719317471,0.291368219910766
"null",1000,472,2,1,500,512.787842627478,2.99275251122168,509.795090116256,496.862067628787,498.128238891498,2.53234252542279,22.5057129440168,22.3518052099221,22.3606797749979,0.707632548158195,0.521964607117255,0.313807720271601
"null",1000,472,5,0,200,188.763313372704,0.932269557234625,187.831043815469,197.753900924464,198.202851170171,2.24475122853264,17.9230202791968,17.8884327163171,17.8885438199983,-0.501622350011857,-0.579805258469697,0.669285216699148
"null",1000,472,5,1,200,194.468517203756,1.01426810860375,193.454249095153,197.370203437707,197.816212181705,2.23004371998775,17.8886126044114,17.858619851538,17.8885438199983,-0.162208567993439,-0.244249730539876,0.557632913033412
"null",1000,472,10,0,100,105.627179973123,0.410950631217501,105.216229341906,97.8644588205124,98.0777390635048,2.13280242992419,13.4275373231512,13.4160535254991,13.4164078649987,0.578119499189662,0.532085703506849,0.281424453537585
"null",1000,472,10,1,100,95.9845850363772,0.546744416111176,95.437840620266,97.6313629053944,97.8459667816787,2.1460387628425,13.3987135037338,13.3886969347652,13.4164078649987,-0.122905670649528,-0.179862623909259,0.538729284780924
"null",1000,472,25,0,40,50.791116178235,0.157153391291384,50.6339627869437,37.9164534874857,37.9995488168725,2.07738323466847,8.76497098495446,8.76222849411683,8.76356092008266,1.46887681805785,1.441917884081,0.0802299239799861
"null",1000,472,25,1,40,42.9301928285705,0.282287597707279,42.6479052308632,37.8179171123261,37.9011670867422,2.08124936040229,8.74445988220821,8.74205630716926,8.76356092008266,0.584630244189925,0.542977301602172,0.268106852713445
"null",1000,472,50,0,20,20.5623010833088,0.112067493707262,20.4502335896015,17.9339841273222,17.9750642185363,2.05400456070594,6.25813329342962,6.25725649576692,6.26099033699941,0.419984176231279,0.395567829565509,0.302067514156716
"null",1000,472,50,1,20,11.5714087173426,0.128966859034293,11.4424418583083,17.8804757437784,17.9216874255306,2.06058408760993,6.24352330468605,6.24276210106331,6.26099033699941,-1.0104978741251,-1.03788122346015,0.868557083664104
"null",1000,473,2,0,500,511.603733334036,-0.938331158097163,512.542064492133,497.487562720409,498.743421734959,2.5117180291004,22.4598180902036,22.3606576350701,22.3606797749979,0.62850778919638,0.61709467504802,0.326980719939601
"null",1000,473,2,1,500,505.559375650819,-0.488514745978042,506.047890396797,497.341181327326,498.612896418291,2.54343018192896,22.4540715634735,22.3591563624397,22.3606797749979,0.366000183987173,0.332525693634658,0.397653196858594
"null",1000,473,5,0,200,182.044540051354,-0.398844034292193,182.443384085646,197.733190961105,198.186261776713,2.26535407803648,17.9082550199672,17.8884247653889,17.8885438199983,-0.876056929737665,-0.880059474075466,0.785429340614655
"null",1000,473,5,1,200,185.762681725492,-0.146370329153406,185.909052054645,197.67806834785,198.126682799239,2.24307225694856,17.9015568594221,17.8827209744414,17.8885438199983,-0.665606165761303,-0.683208710914638,0.723880868200404
"null",1000,473,10,0,100,86.7505869383573,-0.238958841001032,86.9895457793583,97.8623211087345,98.0758449920504,2.13523883315844,13.422664066724,13.4160929548958,13.4164078649987,-0.827833738156664,-0.826343351224804,0.784768698394175
"null",1000,473,10,1,100,91.6074143683651,-0.224879994863673,91.8322943632288,97.8167853981163,98.0304455590265,2.13660160910283,13.4168911753354,13.4106323674274,13.4164078649987,-0.462802518750838,-0.462181873753559,0.662403472733131
"null",1000,473,25,0,40,28.3418788574399,0.00465365320762173,28.3372252042322,37.9284516811045,38.0110678077524,2.06540316619839,8.7637588309707,8.76223026743017,8.76356092008266,-1.09388825144139,-1.1040388472189,0.872934725997737
"null",1000,473,25,1,40,33.9382045397695,-0.0133267495077358,33.9515312892772,37.8858493658315,37.9694081313645,2.08896913832425,8.75963162455468,8.75818021245456,8.76356092008266,-0.450663337827595,-0.458757041374142,0.657765513837659
"null",1000,473,50,0,20,18.1741579496691,0.0336018833730549,18.1405560662961,17.9365870875651,17.9776341895291,2.05235509820114,6.25800041254659,6.25755120490335,6.26099033699941,0.0379627431196331,0.0260360437225544,0.444236198284188
"null",1000,473,50,1,20,16.0284628399369,0.00501445295176804,16.0234483869851,17.9078577461797,17.9492757379434,2.07089958818586,6.25482635692025,6.25440698182697,6.26099033699941,-0.300471156031925,-0.307915259840625,0.590560835253972
"null",1000,474,2,0,500,522.545088722041,-3.73499245357623,526.280081175617,497.449704451229,498.724417015155,2.54942512785237,22.8183768527266,22.3606330686577,22.3606797749979,1.09978831679317,1.2323293386128,0.215828511267261
"null",1000,474,2,1,500,496.193548889863,-3.32881866573175,499.522367555595,497.134105434318,498.401571377498,2.53493188635983,22.8098241085252,22.354574849808,22.3606797749979,-0.04123471272638,0.0501372173538404,0.514429140599713
"null",1000,474,5,0,200,204.515082176836,-1.73665832175499,206.251740498591,197.722294119362,198.177463911835,2.27584896236587,17.980555117855,17.8883778199409,17.8885438199983,0.377785224813701,0.45136997149932,0.360437283836596
"null",1000,474,5,1,200,186.471383547607,-1.14001447280319,187.61139802041,197.542988094861,197.991394787876,2.24203346507687,17.9647128944918,17.8721493075595,17.8885438199983,-0.616297327559753,-0.580791744117495,0.711339474114324
"null",1000,474,10,0,100,93.9930851928862,-0.947372370813604,94.9404575636998,97.8451706516301,98.0602883890822,2.15117737452017,13.4465742088093,13.4159158201383,13.4164078649987,-0.286473372245273,-0.232546988756387,0.595764300755452
"null",1000,474,10,1,100,100.298991752912,-0.647713386899127,100.946705139811,97.7346370538013,97.948809708014,2.1417265421265,13.431876663841,13.400888229777,13.4164078649987,0.190915593054369,0.223708710974504,0.416639939279527
"null",1000,474,25,0,40,27.0587106320701,-0.369709841967302,27.4284204740375,37.89521595771,37.9790912710856,2.09688283438927,8.76916208921291,8.7618232887293,8.76356092008266,-1.23575151370163,-1.20416384231577,0.906977015440218
"null",1000,474,25,1,40,43.1648260125774,-0.269500461305058,43.4343264738824,37.8556800798267,37.9389806951526,2.08251538314633,8.75774455739028,8.75030898616774,8.76356092008266,0.606222971903253,0.628017340578119,0.260017903113334
"null",1000,474,50,0,20,13.3983527413016,-0.158412421585216,13.5567651628868,17.9284290616522,17.9695660281264,2.05684832370875,6.25876407941938,6.25637681296179,6.26099033699941,-0.723797264582453,-0.705328498772213,0.767385714188752
"null",1000,474,50,1,20,23.7534644044332,-0.19740760778077,23.950872012214,17.9064825651237,17.9475301776108,2.05238062435405,6.25065761885757,6.24822171466136,6.26099033699941,0.935418670456334,0.960808068080624,0.163271748368634
"null",1000,475,2,0,500,488.02812153791,-4.19851581154298,492.226637349453,497.447116444712,498.723209303924,2.55218571842525,22.5784123608953,22.3606544361119,22.3606797749979,-0.417168167373689,-0.29053585945052,0.616745137014623
"null",1000,475,2,1,500,480.162286251056,-4.03142060248315,484.19370685354,497.430705232118,498.699101497665,2.53679253109367,22.5785544717441,22.3601357648607,22.3606797749979,-0.76481508161527,-0.648716751841951,0.709153218723809
"null",1000,475,5,0,200,199.534190295991,-1.83292011394621,201.367110409937,197.74238901391,198.193581283413,2.25596134751403,17.9320485269945,17.8884007849858,17.8885438199983,0.0999217283727561,0.177407089916525,0.456051807740872
"null",1000,475,5,1,200,192.537792090718,-1.80328814295862,194.341080233677,197.705248326774,198.15974182118,2.2724674720282,17.9308108750894,17.8868388717977,17.8885438199983,-0.288188653154269,-0.21349001994555,0.596177324607662
"null",1000,475,10,0,100,103.277014669017,-0.927857644080358,104.204872313098,97.8338680855297,98.0501783106197,2.16310225090036,13.4304945455915,13.4160068553016,13.4164078649987,0.405282662154419,0.458757517706984,0.338046140753991
"null",1000,475,10,1,100,93.3336777572469,-0.968053977252809,94.3017317344997,97.8024111137708,98.0207007549171,2.18289641146261,13.4291663251089,13.4145471086859,13.4164078649987,-0.332763274230108,-0.27723403483442,0.614442738485238
"null",1000,475,25,0,40,50.0773255761644,-0.341534601876454,50.4188601780409,37.881998846776,37.9664375803409,2.11096833912228,8.76545735927199,8.76202658711138,8.76356092008266,1.39129382866581,1.42118064512804,0.090827027352041
"null",1000,475,25,1,40,47.8344845268566,-0.353994371700597,48.1884788985572,37.8789359645151,37.9633127780844,2.1094203392339,8.76451042011438,8.76104208383054,8.76356092008266,1.13589328840248,1.16711756690958,0.131719722983744
"null",1000,475,50,0,20,23.2529170669993,-0.154217655833275,23.4071347228326,17.8975590067067,17.9393457238248,2.08933585590735,6.25798151894431,6.25690459352781,6.26099033699941,0.855764441630383,0.873880833130122,0.181057248253091
"null",1000,475,50,1,20,22.1830640482603,-0.20582590946268,22.388889957723,17.8966339719608,17.9383881539725,2.08770910058046,6.25720681424238,6.25611555592365,6.26099033699941,0.685038900511154,0.711384207015897,0.223959013800995
"null",1000,476,2,0,500,464.04693004921,-3.63123414747575,467.678164196686,497.460508169153,498.72991412642,2.53881191453421,22.6340474454192,22.3606558456808,22.3606797749979,-1.47625289734493,-1.38867795936012,0.859943688978793
"null",1000,476,2,1,500,508.02880904072,-3.40580741771994,511.43461645844,497.439379176367,498.70637348453,2.53398861632623,22.6317136108986,22.3602457495126,22.3606797749979,0.467902256383016,0.569235379454091,0.368149850178274
"null",1000,476,5,0,200,216.258866317713,-1.5257356279855,217.784601945699,197.749966392589,198.199659742931,2.24846675170901,17.9432899201351,17.8884115234092,17.8885438199983,1.03152209029148,1.09483964952049,0.177736933004137
"null",1000,476,5,1,200,182.161624473407,-1.40500775180164,183.566632225208,197.725240052196,198.176516025495,2.25637986649363,17.9414544530844,17.8871428878562,17.8885438199983,-0.867466771965856,-0.816781298829198,0.783609330056364
"null",1000,476,10,0,100,105.081853861487,-0.831205298671485,105.913059160158,97.8511521001886,98.0657513237365,2.14599223547906,13.434291605564,13.4160356766451,13.4164078649987,0.538227245142076,0.584920018518014,0.29407688709245
"null",1000,476,10,1,100,94.012331914305,-0.870475152423969,94.8828070667289,97.8374031748008,98.0523829814896,2.14979806688838,13.4328327677652,13.4147919112429,13.4164078649987,-0.284755369669667,-0.23627469853664,0.595216923210238
"null",1000,476,25,0,40,50.2326680816076,-0.279284414602933,50.5119524962105,37.899592569991,37.9833468703079,2.09385750792228,8.76653324151961,8.76214245450959,8.76356092008266,1.40683610862334,1.42985641821591,0.0884280757409122
"null",1000,476,25,1,40,35.7703629065366,-0.336411967672582,36.1067748742091,37.8939070041647,37.9777414629546,2.09586146974837,8.76568787192321,8.76135443919394,8.76356092008266,-0.24225641257772,-0.213547642859387,0.572990378021747
"null",1000,476,50,0,20,20.6811725736267,-0.134220777967914,20.8153933515946,17.9265129831241,17.967740825092,2.06139209839273,6.25867276102751,6.25722768898281,6.26099033699941,0.440134785070688,0.455098115019305,0.295802323536346
"null",1000,476,50,1,20,16.9403922672588,-0.161534437446751,17.1019267047056,17.9323583830947,17.9734287711086,2.05351940069706,6.25802529646502,6.2566008128623,6.26099033699941,-0.158511042835857,-0.139293218869166,0.52720684058854
"null",1000,477,2,0,500,507.007275336577,-3.66354613967326,510.67082147625,497.443419149806,498.721237527285,2.55563675495913,22.7664689939475,22.3606348823899,22.3606797749979,0.420085178308227,0.534402713152644,0.380259927457386
"null",1000,477,2,1,500,470.918663731022,-3.12870907682718,474.047372807849,496.498927206927,497.77779635347,2.55773829308541,22.738094087998,22.3435824444643,22.3606797749979,-1.12499593751822,-1.06206887837271,0.803156198756383
"null",1000,477,5,0,200,185.762742949447,-1.53423158977797,187.296974539224,197.755904790377,198.204303683974,2.24199446798277,17.9699618799391,17.8883540787976,17.8885438199983,-0.667400516543064,-0.609744702989593,0.723879795051053
"null",1000,477,5,1,200,178.571820307905,-2.07744121212656,180.649261520032,197.111770514904,197.565085319644,2.26657402369981,17.9221464308022,17.8410506595517,17.8885438199983,-1.03447152820573,-0.948140562033314,0.835568308655122
"null",1000,477,10,0,100,95.6144680511813,-0.904003589375546,96.5184716405568,97.8506099762831,98.0651969134335,2.14586937150436,13.4430730489164,13.4159336170205,13.4164078649987,-0.166341573609323,-0.115290170407107,0.549365473049796
"null",1000,477,10,1,100,102.617841058199,-1.08311520303442,103.700956261234,97.4729147723499,97.6905047816959,2.1759000934603,13.3995821295998,13.3722606300859,13.4164078649987,0.383961696423672,0.449471607367201,0.354849211936689
"null",1000,477,25,0,40,34.33167969477,-0.386545506171935,34.718225200942,37.900408245752,37.9840412162654,2.0908242628368,8.76810914189182,8.76163854891418,8.76356092008266,-0.407012332217839,-0.372740326719848,0.639808183862297
"null",1000,477,25,1,40,43.1038936051408,-0.491393899705312,43.5952875048462,37.7405700721285,37.8245362572252,2.09915462741854,8.73584958556908,8.72923542093588,8.76356092008266,0.613944125351257,0.661083241469301,0.262103596226826
"null",1000,477,50,0,20,10.9216247196819,-0.203538883850904,11.1251636035328,17.9207953125873,17.9620426966606,2.06236920366554,6.25777166042317,6.25571775506085,6.26099033699941,-1.11847650772736,-1.09290082462508,0.897652918196171
"null",1000,477,50,1,20,19.1325038004726,-0.233697623227249,19.3662014236999,17.8388700259148,17.8802705525042,2.07002632947257,6.23488522973749,6.23275023731971,6.26099033699941,0.207483173609649,0.23840693347511,0.383706931395605
"null",1000,478,2,0,500,467.471098154045,0.208514564352934,467.262583589692,497.495922556691,498.747657547614,2.5034699818464,22.461212874629,22.3606656016064,22.3606797749979,-1.33674101083652,-1.40805620543156,0.833131644935271
"null",1000,478,2,1,500,500.04616687329,1.70678258681056,498.339384286479,497.242813815979,498.514315202547,2.54300277313758,22.4511410187722,22.3578217655956,22.3606797749979,0.124864614006353,-0.00782414843011828,0.465786607930687
"null",1000,478,5,0,200,182.604383217387,0.0243981407142236,182.579985076673,197.768143542109,198.214239553619,2.23048005754954,17.9085422920052,17.8884344213282,17.8885438199983,-0.846733367656134,-0.873986739628004,0.776653880202539
"null",1000,478,5,1,200,216.528878826855,0.535321072246012,215.993557754609,197.633219754881,198.077054372338,2.21917308728481,17.8961005117223,17.8776029115367,17.8885438199983,1.05585342793515,1.00217593325721,0.174427758840538
"null",1000,478,10,0,100,100.034102006639,0.00816491121238472,100.025937095427,97.8575531481842,98.0715565123249,2.14003364140662,13.4227663971858,13.4160994757268,13.4164078649987,0.162153522906531,0.145674276389946,0.423925810057067
"null",1000,478,10,1,100,107.995702938151,0.176695463771415,107.819007474379,97.7670398969911,97.9821776079705,2.15137710979441,13.4124278094381,13.4062845375462,13.4164078649987,0.762625766676011,0.733747656844008,0.230164857935933
"null",1000,478,25,0,40,27.1097843503646,-0.0792029570293754,27.188987307394,37.9254515095103,38.008217014163,2.06913761631754,8.76396469661959,8.76239514590448,8.76356092008266,-1.23410665532661,-1.23473428516014,0.905746976192134
"null",1000,478,25,1,40,39.6585485010477,0.00749858730706226,39.6510499137407,37.8781434870405,37.9613967880932,2.08133252631885,8.7563595799494,8.75491761085465,8.76356092008266,0.203327078765022,0.192994748865772,0.395950593481252
"null",1000,478,50,0,20,15.0802805429777,-0.0851403258656158,15.1654208688433,17.9370434238642,17.9780931634224,2.0524869779098,6.25821087255394,6.25773816133709,6.26099033699941,-0.456482361982263,-0.449471074382266,0.65644754030019
"null",1000,478,50,1,20,14.3735603568108,0.0526434943371347,14.3209168624736,17.9212194907614,17.9622225768135,2.05015430260252,6.25255135060566,6.25213019730269,6.26099033699941,-0.567393842132464,-0.582410410440716,0.70443480413958
"null",1000,479,2,0,500,469.027702301578,-2.19947995048318,471.227182252061,497.447984350024,498.723576320822,2.55118394159637,22.5725308929065,22.3606465954572,22.3606797749979,-1.25906493087919,-1.22967795011558,0.819963070167536
"null",1000,479,2,1,500,490.674054712875,-3.05891475669892,493.732969469574,497.149180437664,498.423543524171,2.5487261730139,22.5640548709468,22.3557163036725,22.3606797749979,-0.286966405720175,-0.209815422189176,0.583996185438426
"null",1000,479,5,0,200,183.398583308558,-0.836652319398683,184.235235627957,197.774233782939,198.219054979427,2.22410598243716,17.9308654770263,17.8883984128122,17.8885438199983,-0.801726525292375,-0.781725620637696,0.763893680342466
"null",1000,479,5,1,200,219.972030683812,-1.00117669250438,220.973207376317,197.573901759172,198.01757893644,2.21838588634161,17.9155467112476,17.8728934488716,17.8885438199983,1.25020627534515,1.28438232486224,0.135892791720875
"null",1000,479,10,0,100,79.7260115341558,-0.508724622002374,80.2347361561582,97.8472001889901,98.0621801621011,2.14979973110969,13.4301007867458,13.4160095333442,13.4164078649987,-1.34929654978599,-1.32881867455703,0.911194839115135
"null",1000,479,10,1,100,105.843072176816,-0.462339994028914,106.305412170845,97.7391983630793,97.9535848559087,2.14386492829443,13.416037603322,13.4017863699406,13.4164078649987,0.60404376115716,0.623187617261875,0.276500755060257
"null",1000,479,25,0,40,37.2905053488061,-0.249567289132882,37.540072637939,37.8929210515108,37.976930586499,2.10023837470453,8.7654128015448,8.7620706744859,8.76356092008266,-0.0687264497798144,-0.0498578435154705,0.502079031983379
"null",1000,479,25,1,40,27.0725107110313,-0.248116228092806,27.3206269391241,37.8467971684342,37.9307181042639,2.09802339574302,8.75516276367218,8.75176128610067,8.76356092008266,-1.23062092027673,-1.21233781615941,0.906645679224858
"null",1000,479,50,0,20,11.9052825974993,-0.120223892906853,12.0255064904062,17.9109482463052,17.9524654364892,2.07585950919937,6.25790775250803,6.25687131798174,6.26099033699941,-0.959692262385773,-0.94727199024366,0.852088846907452
"null",1000,479,50,1,20,12.3137329264176,-0.131740300268502,12.4454732266861,17.9062933253552,17.9474182902322,2.05624824385313,6.2504434412385,6.24937608623047,6.26099033699941,-0.894746181053259,-0.88039909706647,0.830624004221512
"null",1000,480,2,0,500,479.902432038393,1.2442640127986,478.658168025594,497.430944932522,498.714807991709,2.56772611837307,23.1852020954782,22.3606009041075,22.3606797749979,-0.756021570221629,-0.896963371070683,0.712038565495099
"null",1000,480,2,1,500,517.742969023144,1.11896814805978,516.624000875084,497.461956321397,498.729812864592,2.53571308638899,23.1844355856762,22.3605687673273,22.3606797749979,0.874768446564066,0.800256388676429,0.261555806252253
"null",1000,480,5,0,200,202.770961697844,0.522254222016536,202.248707475828,197.745540146386,198.195920778154,2.25190315883976,18.0552767269777,17.8882959033022,17.8885438199983,0.278335338053801,0.226560803755803,0.393082657927404
"null",1000,480,5,1,200,231.377415520793,0.485986627248291,230.891428893545,197.744655287756,198.19509719107,2.25220951657012,18.0550207380244,17.8882490102376,17.8885438199983,1.86279266698407,1.82781063052971,0.0521455758812263
"null",1000,480,10,0,100,114.903931811109,0.249995029247696,114.653936781861,97.8356261789467,98.0515943894574,2.15968210510694,13.4712967100361,13.4157445358449,13.4164078649987,1.26701281989035,1.23752672451723,0.116779996827681
"null",1000,480,10,1,100,118.266410962342,0.239928296137584,118.026482666205,97.8410028676801,98.0563978095971,2.15394941917002,13.4711741272385,13.4156990330258,13.4164078649987,1.51623072359837,1.48856088731917,0.0799772280549508
"null",1000,480,25,0,40,41.2380508009501,0.215149175521251,41.0229016254289,37.9129605835048,37.9960668211293,2.07765594061355,8.77483092502194,8.76147349242018,8.76356092008266,0.378934961352206,0.345470976647723,0.330905103556656
"null",1000,480,25,1,40,40.0623932290974,0.125324808754417,39.937068420343,37.9154163222588,37.9984164930949,2.0750042709024,8.77475824805403,8.76143120784711,8.76356092008266,0.244676473829318,0.221271146375233,0.37879327795165
"null",1000,480,50,0,20,23.4998731561705,0.0434452681441901,23.4564278880263,17.9303493892722,17.9713894876359,2.05200491818675,6.25974301327894,6.25543312350444,6.26099033699941,0.88973680789828,0.876843903866658,0.172104813189978
"null",1000,480,50,1,20,21.0777637799413,0.00789117353446311,21.0698726064069,17.9317527035348,17.9727627372988,2.050501688198,6.25970357933126,6.2554021173494,6.26099033699941,0.502581477946374,0.495109636600057,0.275507944271591
"null",1000,481,2,0,500,472.202373108843,-0.00898384982689649,472.21135695867,497.459271947755,498.729228485737,2.53991307596516,22.5510450786397,22.3606535179085,22.3606797749979,-1.11998795403211,-1.18591665962845,0.791250462684457
"null",1000,481,2,1,500,505.229074873389,-1.44310309957597,506.672177972965,496.747224941824,498.014616112746,2.53478234184389,22.5116989960701,22.346760996395,22.3606797749979,0.376775201776007,0.387419092261992,0.401655763293572
"null",1000,481,5,0,200,214.852117861123,-0.0569694607441575,214.909087321867,197.736903076541,198.189190211462,2.26143567460528,17.9265695558515,17.888406362944,17.8885438199983,0.954740098559193,0.934677845033779,0.195658965355776
"null",1000,481,5,1,200,203.234225061357,-0.248582179649406,203.482807241006,197.288039815658,197.736592481812,2.24276333077045,17.8849711414402,17.8527057450112,17.8885438199983,0.332468260567759,0.321868003722643,0.384308928739958
"null",1000,481,10,0,100,129.541269950579,-0.0211188635300508,129.562388814109,97.8589900176356,98.0727967388236,2.13806721187939,13.4287135926462,13.416027052163,13.4164078649987,2.35929374130767,2.34716223758723,0.0180888263751298
"null",1000,481,10,1,100,88.2648215310493,-0.13328742534282,88.3981089563921,97.5879866339082,97.8027380550226,2.14751421114452,13.3939847801984,13.3832133766152,13.4164078649987,-0.696071053973585,-0.702718310915035,0.749138549807888
"null",1000,481,25,0,40,50.6279910232851,0.00700186923132194,50.6209891540538,37.9182527304905,38.001274287951,2.07553893651227,8.76524613841033,8.76221629769394,8.76356092008266,1.45001499012093,1.44024233565474,0.0825569073388204
"null",1000,481,25,1,40,44.0196099923468,-0.157993286026588,44.1776032783734,37.7967405945702,37.8801315946029,2.08477500081799,8.74080348192174,8.73822713133192,8.76356092008266,0.711933337781492,0.720680704349077,0.231876097310807
"null",1000,481,50,0,20,30.9729615184779,-0.0528134937185389,31.0257750121964,17.9459658923695,17.9867889238492,2.04115157398744,6.25794017618494,6.25698203229304,6.26099033699941,2.0816746819798,2.08390978606801,0.0289951241073574
"null",1000,481,50,1,20,17.6301918068138,-0.0484796041159246,17.6786714109297,17.8776925512097,17.9187482368575,2.05278428238613,6.24027596219682,6.23947149136191,6.26099033699941,-0.0396618267998591,-0.0384771092006977,0.480252682092763
"null",1000,482,2,0,500,543.89388806078,3.33379913435098,540.560088926429,497.443577698176,498.721506360484,2.55585732461544,22.4914284336438,22.3606668201663,22.3606797749979,2.06524501098921,1.87107937801802,0.0759634752137121
"null",1000,482,2,1,500,528.881937386802,3.51372373470261,525.368213652099,496.736568613347,497.997040372371,2.52094351804871,22.4612839694015,22.3511368066174,22.3606797749979,1.43114564676026,1.22459870907436,0.163536785929365
"null",1000,482,5,0,200,213.50413520374,1.34812484638251,212.156010357358,197.76116226169,198.208678035687,2.23757886998621,17.9146158491983,17.8884434925583,17.8885438199983,0.878778148221079,0.779683952238379,0.213902428905894
"null",1000,482,5,1,200,222.856104475192,0.852699679827997,222.003404795364,197.273540085421,197.728130698237,2.27295306407947,17.8759691441432,17.8547556473683,17.8885438199983,1.43111482143911,1.35959710547513,0.108695881645556
"null",1000,482,10,0,100,112.806279738016,0.715456841983591,112.090822896033,97.8299156234976,98.0466936535287,2.16778030031044,13.4248082251165,13.4161139638402,13.4164078649987,1.11557378424963,1.04681052056926,0.14556376532902
"null",1000,482,10,1,100,117.274468417518,0.477074500453092,116.797393917065,97.5805569156342,97.7960946655941,2.15537749959908,13.3908248719542,13.3836294603839,13.4164078649987,1.47070189403573,1.41974188001211,0.0897139907732478
"null",1000,482,25,0,40,39.3610240819926,0.290633956636676,39.0703901253559,37.9117099191951,37.9950328131253,2.08307234825521,8.76451908272777,8.76243956530767,8.76356092008266,0.165361516030428,0.122723506874519,0.408798712003927
"null",1000,482,25,1,40,30.3798958945722,0.209136204970199,30.170759689602,37.7873821009058,37.8712191393846,2.09592596197106,8.74044120650976,8.73870827501196,8.76356092008266,-0.847495684865036,-0.881189668706737,0.80580748917757
"null",1000,482,50,0,20,14.8614283736416,0.135184478048808,14.7262438955928,17.9370103935465,17.9780717078093,2.0530657131404,6.25858000318967,6.25791330922392,6.26099033699941,-0.491418503612225,-0.519634525365414,0.67145901731876
"null",1000,482,50,1,20,16.6563555871597,0.0854008685385688,16.5709547186211,17.8628097746045,17.9041641526287,2.0677189012101,6.24006050627391,6.23952809932184,6.26099033699941,-0.193340142492491,-0.213671516945719,0.546838670531676
"null",1000,483,2,0,500,452.108929522568,-3.61412121322039,455.723050735789,497.445489703333,498.722243642267,2.55350787786777,23.1561035914732,22.3606295916081,22.3606797749979,-1.95786652973255,-1.92298668203045,0.93057050082959
"null",1000,483,2,1,500,466.482399696633,-5.85344526861847,472.335844965252,496.969643209485,498.241825554214,2.5443646894564,23.1497315938489,22.3493716102765,22.3606797749979,-1.31695883337814,-1.15913686705403,0.841179053565234
"null",1000,483,5,0,200,189.343061637266,-1.42511867559656,190.768180312862,197.749484736816,198.199146555926,2.24830909554781,18.0493818572644,17.8883354915647,17.8885438199983,-0.465745761601652,-0.415408479261121,0.658326968137706
"null",1000,483,5,1,200,187.009920715159,-1.708880518043,188.718801233202,197.436388557978,197.883582837514,2.23597139767851,18.0269871148553,17.8625986399338,17.8885438199983,-0.578381055935107,-0.513071014416818,0.7016553998155
"null",1000,483,10,0,100,96.5354514523915,-0.887554072415583,97.4230055248071,97.829545538055,98.0461822083465,2.16636670291507,13.469521353678,13.4158425669528,13.4164078649987,-0.09607572917282,-0.04645080474293,0.522900520445201
"null",1000,483,10,1,100,84.7661051347364,-0.883867650320733,85.6499727850572,97.6578047364094,97.87387122958,2.16066493170549,13.448216552292,13.3932574139993,13.4164078649987,-0.958617787834171,-0.912690473024565,0.827243992140185
"null",1000,483,25,0,40,44.5134401008253,-0.434037983762685,44.947478084588,37.8999891784339,37.9836229673935,2.09084472398966,8.77441751781096,8.76152561944526,8.76356092008266,0.753719652497387,0.794822205591574,0.216576903892835
"null",1000,483,25,1,40,41.0909178820973,-0.511064449533838,41.6019823316311,37.8206660504841,37.9044322423409,2.09415479642202,8.7584226558498,8.74519208362968,8.76356092008266,0.373383651384874,0.422809476788016,0.336718772849696
"null",1000,483,50,0,20,25.1395236518361,-0.206080296528681,25.3456039483648,17.9086626080069,17.9501446124637,2.07410022284017,6.25980115722261,6.25556500775852,6.26099033699941,1.15512631507251,1.18222084283814,0.121120981411327
"null",1000,483,50,1,20,29.0406380252431,-0.417686524925941,29.4583245501691,17.8744504611322,17.9158193647368,2.06844518022841,6.2475876326008,6.24320697209158,6.26099033699941,1.78727986236546,1.84881027283408,0.0478846634996255
"null",1000,484,2,0,500,527.575323698754,4.02961955558508,523.545704143169,497.413650538895,498.706471140037,2.58564120228519,22.5421201376917,22.3606568476038,22.3606797749979,1.33801403664012,1.11084540907811,0.173552527899776
"null",1000,484,2,1,500,485.240845865459,4.67680157497825,480.56404429048,496.708372458348,497.99757909864,2.57841328058521,22.5063819944122,22.3485534718204,22.3606797749979,-0.509523325238864,-0.780074416455722,0.650482307038641
"null",1000,484,5,0,200,224.760012448405,1.66919165057388,223.090820797831,197.746685798767,198.197065767849,2.25189984541168,17.9247941457803,17.8884294443954,17.8885438199983,1.50703692493992,1.39161210923304,0.0931379880467082
"null",1000,484,5,1,200,203.112454339482,1.47872864460066,201.633725694881,197.245342491638,197.693409090424,2.24033299392881,17.8803433215358,17.8497298717887,17.8885438199983,0.328131945921686,0.220749368912557,0.386608318813086
"null",1000,484,10,0,100,120.317111114876,0.841461186146078,119.47564992873,97.8328462285215,98.0492866052218,2.16440376700248,13.42813238191,13.41605262296,13.4164078649987,1.67441489604652,1.59706911754652,0.0625424519040497
"null",1000,484,10,1,100,90.2784648995862,0.515107849428703,89.7633570501575,97.5576902510169,97.7730925302144,2.15402279197558,13.3905400290184,13.3803854570649,13.4164078649987,-0.543609543428116,-0.598617693470684,0.698038094816571
"null",1000,484,25,0,40,42.7790121490009,0.39260332880932,42.3864088201916,37.9166342462666,37.999723430573,2.07722960766057,8.76511888897266,8.76223488124963,8.76356092008266,0.55474180833436,0.500635448497929,0.273400801466326
"null",1000,484,25,1,40,29.4886254538504,0.156151903964904,29.3324735498855,37.7884299189969,37.8717537267373,2.08309519351046,8.73853398696815,8.73611539878586,8.76356092008266,-0.949793692800646,-0.977468793285233,0.837057412343197
"null",1000,484,50,0,20,21.1122986927548,0.145542505502791,20.966756187252,17.9529391416961,17.9936625293826,2.03616938432536,6.25854680582429,6.25760610327132,6.26099033699941,0.504807209897118,0.475116779292823,0.273785356507949
"null",1000,484,50,1,20,12.2740318659739,0.112512816064632,12.1615190499092,17.8673359755067,17.9084588754975,2.05614499953996,6.23807790463149,6.23732095114438,6.26099033699941,-0.896639028085883,-0.92137952665941,0.832771540716002
"null",1000,485,2,0,500,472.073153675287,4.07743132918328,467.995722346103,497.479443399603,498.739357982259,2.51982916531026,22.6286563019231,22.3606500294514,22.3606797749979,-1.12274849135243,-1.37489901213348,0.792466777995555
"null",1000,485,2,1,500,445.109637477072,4.06606680621045,441.043570670862,497.471018905235,498.734228314565,2.52641881865912,22.629068164318,22.3606145686985,22.3606797749979,-2.31389914281701,-2.58001216677029,0.957090431616204
"null",1000,485,5,0,200,174.984217051314,1.58029921517754,173.403917836137,197.77683804764,198.221096941115,2.22129446737456,17.9421541101404,17.8883796782959,17.8885438199983,-1.27033916086163,-1.38733521712362,0.879173149313403
"null",1000,485,5,1,200,167.665113131211,1.60299659224904,166.062116538962,197.764972571449,198.211384368439,2.23205898495045,17.9421946835333,17.8882960187815,17.8885438199983,-1.6776018748622,-1.79722360339534,0.942495436752941
"null",1000,485,10,0,100,88.9968570588971,0.700714041741576,88.2961430171556,97.8521249603625,98.0665871202484,2.1446215988588,13.4338393820129,13.4159754507912,13.4164078649987,-0.659176252570208,-0.728269378468233,0.731015042505441
"null",1000,485,10,1,100,81.5728525738828,0.745958204523635,80.8268943693592,97.836853160058,98.052783168155,2.1593000809701,13.4338086320085,13.4159011485577,13.4164078649987,-1.21067681040381,-1.2839904385139,0.884513009988769
"null",1000,485,25,0,40,32.5436344112669,0.374015096414581,32.1696193148523,37.8956861612619,37.9795778525792,2.09729228293304,8.76630089752284,8.76203139234828,8.76356092008266,-0.610525672408462,-0.663083510839811,0.719418993955066
"null",1000,485,25,1,40,32.5467523654142,0.296124287789089,32.2506280776251,37.888604631978,37.9727688831655,2.10410627968799,8.76625625211939,8.76197435493756,8.76356092008266,-0.609365288092323,-0.653065230933473,0.719285450302417
"null",1000,485,50,0,20,19.4943167857547,0.178197392686896,19.3161193930678,17.9139208797608,17.9553650174861,2.07220688626491,6.25800976408168,6.25665718239369,6.26099033699941,0.252539699612609,0.217489041817881,0.361996009678621
"null",1000,485,50,1,20,23.509893520099,0.165370133646082,23.3445233864529,17.9128347627978,17.9542979373417,2.0731587271975,6.2579720004216,6.25661572930476,6.26099033699941,0.894388590572811,0.86152413418398,0.17174890558775
"null",1000,486,2,0,500,479.866666069783,-4.46567814337604,484.332344213159,497.504643815213,498.751956171515,2.49462471260329,22.7045265818218,22.3606534920357,22.3606797749979,-0.776848514408218,-0.64486540894217,0.712434721686024
"null",1000,486,2,1,500,457.709547360712,-3.79671123128898,461.506258592001,497.346705316332,498.595866333156,2.49832203364702,22.6920764867606,22.3576417365951,22.3606797749979,-1.74674001203662,-1.65892307328846,0.901740161426355
"null",1000,486,5,0,200,168.973624709002,-1.71112664145501,170.684751350457,197.74058086138,198.192106847133,2.25762992876774,17.9574499142682,17.8883850492996,17.8885438199983,-1.60195107265875,-1.53772156742306,0.933550104475225
"null",1000,486,5,1,200,174.32633954161,-1.49348918982195,175.819828731432,197.670088723653,198.116932476417,2.23421876382157,17.9478660577068,17.8812025367125,17.8885438199983,-1.30064204329287,-1.24695773112607,0.886247838563971
"null",1000,486,10,0,100,77.691031203102,-0.715554187297046,78.406585390399,97.8276321195426,98.0445593249251,2.16927205382447,13.4389930810552,13.4160006605279,13.4164078649987,-1.49837125408056,-1.46377258256286,0.935305571331581
"null",1000,486,10,1,100,81.6918009207195,-0.636689776390762,82.3284906971103,97.7991542450241,98.0138340185819,2.14679773557818,13.4317775450181,13.4096029360595,13.4164078649987,-1.1991974457825,-1.16970975175503,0.882633131142825
"null",1000,486,25,0,40,29.7385802114598,-0.389355170628721,30.1279353820885,37.8847434759002,37.9690757296206,2.10830634301169,8.76756225408701,8.76204548950754,8.76356092008266,-0.929125226415474,-0.894898383821653,0.828579855417256
"null",1000,486,25,1,40,29.9611574599681,-0.346365962330418,30.3075234222986,37.8810685317751,37.9646677195383,2.08997969407983,8.76265081121894,8.75734078874351,8.76356092008266,-0.903825936058865,-0.874368656188649,0.820840438130672
"null",1000,486,50,0,20,8.86863591871864,-0.17540561255383,9.04404153127247,17.9203459592045,17.9616674056088,2.0660723202155,6.25855593671396,6.25675198649291,6.26099033699941,-1.44629370289506,-1.42528038406952,0.962708423026088
"null",1000,486,50,1,20,10.1702476067026,-0.144086492750391,10.314334099453,17.9096514836435,17.9509725918307,2.06605540936147,6.25516412237853,6.25343546166097,6.26099033699941,-1.23728230395304,-1.22119090205648,0.926207512434588
"null",1000,487,2,0,500,505.212113836982,-0.0592846045946612,505.271398441577,497.42142096676,498.710347911914,2.57785389030867,22.6820377299544,22.3606595778678,22.3606797749979,0.34347411652232,0.293419364791741,0.401861625940512
"null",1000,487,2,1,500,528.202304354511,-0.168365192306332,528.370669546817,497.457923103528,498.725029432591,2.5342126581265,22.6809447614395,22.3605194526447,22.3606797749979,1.35551589999252,1.32580283642382,0.168696638636026
"null",1000,487,5,0,200,202.399937032046,-0.0120569853511006,202.411994017397,197.750474541421,198.200048204629,2.24786831603826,17.952960830448,17.8884011452121,17.8885438199983,0.258980261503141,0.235456806820093,0.400158799040764
"null",1000,487,5,1,200,197.415158572341,-0.153632540043268,197.568791112384,197.725484819738,198.179097927988,2.26806554124814,17.9523073121458,17.8880344374064,17.8885438199983,-0.0172861483486232,-0.0341181596971857,0.49836464486031
"null",1000,487,10,0,100,98.9169051732585,-0.133599278512327,99.0505044517708,97.8325954710843,98.0490405938565,2.16445122772185,13.4374913981846,13.4160184128938,13.4164078649987,0.0806928666998548,0.0746468756297932,0.455056757843976
"null",1000,487,10,1,100,98.2451602435631,-0.0843324672163581,98.3294927107795,97.8068448338155,98.0255886706432,2.18743836827637,13.4370454507296,13.4156723314468,13.4164078649987,0.0326199246221807,0.0226529116564638,0.47403557191511
"null",1000,487,25,0,40,39.6807139607648,-0.0457820445341341,39.726496005299,37.8776182832063,37.9622356134349,2.1154332557157,8.76720218261238,8.7620496350617,8.76356092008266,0.205663749962845,0.201352476343463,0.395000291378141
"null",1000,487,25,1,40,48.3141004743983,-0.0594170153106368,48.3735174897089,37.8774784522426,37.9620580740866,2.11449054610046,8.76694684231396,8.76181847961054,8.76356092008266,1.19045115818235,1.18827609129893,0.121941765477322
"null",1000,487,50,0,20,17.2956672199823,-0.0106620927205967,17.3063293127029,17.9054593537935,17.9470876359336,2.08141410700359,6.25856896077726,6.25689557388939,6.26099033699941,-0.0974331572653035,-0.102408345426857,0.502872954626294
"null",1000,487,50,1,20,21.2016589786027,-0.00987965535655081,21.2115386339592,17.9055523127948,17.9471659561982,2.08068217016669,6.25836390387219,6.25669815530974,6.26099033699941,0.526672260743495,0.521740476642741,0.269361477297298
"null",1000,488,2,0,500,476.875272350417,1.73895907948859,475.136313270928,497.485444301719,498.742340595341,2.51379258724356,22.6607364559274,22.3606457350669,22.3606797749979,-0.909510244355336,-1.05569524261962,0.744688109572638
"null",1000,488,2,1,500,470.900260603341,1.84697678776638,469.053283815575,497.438333234584,498.708275607945,2.53988474672211,22.6579974392869,22.3602436432258,22.3606797749979,-1.17124528336421,-1.32623741787155,0.803323988202261
"null",1000,488,5,0,200,231.256384935787,0.728636899308001,230.527748036479,197.741984661164,198.193214000629,2.25614669732421,17.9486191397934,17.8883808492317,17.8885438199983,1.86724115173402,1.80757187072294,0.0527331371391749
"null",1000,488,5,1,200,206.54771469636,0.854560469275469,205.693154227085,197.723674099066,198.175940877253,2.26133389093446,17.9469119185649,17.8873708505272,17.8885438199983,0.491674592115562,0.42025255766475,0.323871670661159
"null",1000,488,10,0,100,107.276126216838,0.383388542274308,106.892737674563,97.8287973993924,98.0455928921857,2.16795492793324,13.4359906734323,13.4159750750372,13.4164078649987,0.703136005901371,0.659448510666906,0.245085621947716
"null",1000,488,10,1,100,97.2813346326176,0.448386357513572,96.832948275104,97.8304309710967,98.0463095721465,2.15878601049757,13.434779347378,13.4150271684885,13.4164078649987,-0.0408712584167831,-0.090447919471428,0.501511167328472
"null",1000,488,25,0,40,36.90321059174,0.164782025484374,36.7384285662556,37.896281397847,37.9801365662774,2.09637921075939,8.76671260573557,8.76195698511168,8.76356092008266,-0.113277445123201,-0.141715829252728,0.520054644871883
"null",1000,488,25,1,40,41.4675683753046,0.209165284708033,41.2584030905966,37.8921399996871,37.9760279383484,2.09719846653305,8.76593699988766,8.76124607641271,8.76356092008266,0.407877489384575,0.374647067736756,0.32194442601331
"null",1000,488,50,0,20,22.4611033129733,-0.102115441118263,22.5632187540915,17.9252053661525,17.9664156845576,2.06051592025689,6.25803669149271,6.25652841606294,6.26099033699941,0.724811657462313,0.73472104078232,0.212155258194344
"null",1000,488,50,1,20,24.4558906197088,-0.0680611425112575,24.5239517622201,17.9174733662653,17.9588022263404,2.06644300375307,6.25745590521413,6.25597005248841,6.26099033699941,1.04490025219279,1.04942150950168,0.140652097328155
"null",1000,489,2,0,500,475.963211709331,6.43386003839714,469.529351670934,497.498039169046,498.748601411314,2.50112448453636,22.7844715017106,22.3606454350097,22.3606797749979,-0.945153696371568,-1.30672658020111,0.754157425135387
"null",1000,489,2,1,500,530.839046517719,6.60147690537315,524.237569612346,497.465431276843,498.720317304531,2.50977205537703,22.7853772374341,22.3601912959672,22.3606797749979,1.46469443508033,1.14119114501567,0.149279849528258
"null",1000,489,5,0,200,201.608260544248,2.69105070330199,198.917209840946,197.769904107051,198.215506536105,2.22801214526986,17.9736132253349,17.8883593586177,17.8885438199983,0.213555081500622,0.0392268117368222,0.415394066097418
"null",1000,489,5,1,200,165.644626200799,2.7101425428429,162.934483657956,197.73444452277,198.184204509705,2.2487999346743,17.9729988386586,17.8872344049009,17.8885438199983,-1.78544596870216,-1.97066354998351,0.954489030420315
"null",1000,489,10,0,100,118.361103302341,1.33750738597825,117.023595916363,97.8652048590859,98.0783212929935,2.13116433907637,13.4443079781546,13.4159268169884,13.4164078649987,1.52450378826182,1.41214802986099,0.0790938979450273
"null",1000,489,10,1,100,86.8257623742553,1.36179421731544,85.4639681569398,97.8370096852968,98.0521304216267,2.15120736329879,13.4434954979023,13.4149033348198,13.4164078649987,-0.819076207728838,-0.938371447821988,0.783062651562202
"null",1000,489,25,0,40,42.605760649422,0.479648686455132,42.1261119629668,37.91030795999,37.993551779407,2.08109548542589,8.76850135019099,8.76168184059715,8.76356092008266,0.535490901113876,0.471662890612128,0.279546027862849
"null",1000,489,25,1,40,44.1868934854431,0.409828191865245,43.7770652935778,37.9016461234097,37.9850918792099,2.08614389500257,8.76778102514618,8.76090950945044,8.76356092008266,0.716857246321176,0.661115539216581,0.226614552077267
"null",1000,489,50,0,20,23.9971502326098,0.179182816579856,23.8179674160299,17.9333944103068,17.9744139182553,2.05097539742392,6.25831612103589,6.25610122966641,6.26099033699941,0.968911717629779,0.934056736496618,0.155121167001477
"null",1000,489,50,1,20,21.4843356681351,0.0988280187253651,21.3855076494098,17.9270386591293,17.9681472108088,2.0554275839769,6.25774562967994,6.25551205396408,6.26099033699941,0.568463024788655,0.546295876200156,0.255685226159543
"null",1000,490,2,0,500,467.432114517437,3.35475645066778,464.077358066769,497.483554593245,498.741360877487,2.51561256848351,22.6774352124533,22.3606521146513,22.3606797749979,-1.32516926161497,-1.55022325077919,0.833453626202983
"null",1000,490,2,1,500,495.816960869793,2.97731957623459,492.839641293558,497.298892732785,498.572246974765,2.54670848395943,22.6665235638342,22.3578207010669,22.3606797749979,-0.065379759662709,-0.256402703906351,0.519197535389741
"null",1000,490,5,0,200,173.598851393086,1.31378035603732,172.285071037049,197.795487822995,198.236023248232,2.20267712618723,17.9520301643782,17.8883918999799,17.8885438199983,-1.34784958627809,-1.45071465094707,0.89374114969507
"null",1000,490,5,1,200,173.796807230799,1.15170019968626,172.645107031113,197.641752794169,198.092741491207,2.25494348519049,17.942151533644,17.8806378192789,17.8885438199983,-1.32899031192873,-1.42319500664885,0.891736322988239
"null",1000,490,10,0,100,92.5015916670081,0.726646888622111,91.774944778386,97.8721142021724,98.0845732305202,2.1245902834779,13.4371527607875,13.4159771105112,13.4164078649987,-0.399677121394095,-0.470307037658158,0.637757258336752
"null",1000,490,10,1,100,87.3752296168574,0.681821540954561,86.6934080759028,97.7950166115188,98.0093006124125,2.14284000893661,13.4289602092148,13.4085764563417,13.4164078649987,-0.7759191204924,-0.843929448689363,0.770389031537573
"null",1000,490,25,0,40,36.4819753630861,0.346988388917771,36.1349869741684,37.9123506692119,37.9955652868912,2.0803654419809,8.76706955184078,8.76197850445226,8.76356092008266,-0.163153183360507,-0.212346824610147,0.539701228394126
"null",1000,490,25,1,40,30.5748205100621,0.28485905839622,30.2899614516659,37.8748801102376,37.9586219246943,2.09354536141702,8.76168496056532,8.75678235443061,8.76356092008266,-0.833179877276082,-0.875739531101666,0.79860528262834
"null",1000,490,50,0,20,22.8001573872352,0.169582590501803,22.6305747967334,17.931538272607,17.972633123794,2.05474255934929,6.25838465141533,6.25671617173394,6.26099033699941,0.777935423564474,0.744470668812284,0.198386813221465
"null",1000,490,50,1,20,19.4838276826793,0.133718604159918,19.3501090785194,17.9045723066899,17.9459517150764,2.06897041932618,6.25436961828947,6.25277400360715,6.26099033699941,0.252504324555947,0.224565506866702,0.362615848681872
"null",1000,491,2,0,500,491.910134095358,3.66195011033178,488.248183985026,497.447872399572,498.723578890267,2.55141298138918,22.6299840261376,22.3606561783271,22.3606797749979,-0.244708007651177,-0.468474396354865,0.568520702186278
"null",1000,491,2,1,500,523.737367548208,3.92208763416726,519.815279914041,497.357721503725,498.630272248312,2.54510148917356,22.6285633887462,22.3590635492774,22.3606797749979,1.165767600501,0.9474908293471,0.20527782864775
"null",1000,491,5,0,200,183.716533967319,1.63623143802627,182.080302529292,197.717931875642,198.174006818591,2.28037471474554,17.9424663683965,17.8884004304728,17.8885438199983,-0.780349681077547,-0.899672631538516,0.758685526520057
"null",1000,491,5,1,200,191.470550412024,1.63411502405909,189.836435387964,197.660296536029,198.115573318993,2.27638391482376,17.9382474807843,17.8837806798772,17.8885438199983,-0.345058575573545,-0.462941146462655,0.6172219500814
"null",1000,491,10,0,100,95.105172856379,0.814251029744993,94.290921826634,97.8354263916347,98.0515826004221,2.16156208787334,13.433985278047,13.4160110130971,13.4164078649987,-0.203234816679259,-0.280311395847603,0.563986731605993
"null",1000,491,10,1,100,79.2037203284007,0.755505036229603,78.4482152921711,97.7762399811023,97.9949022433515,2.18662262249266,13.4299329285675,13.4117628080485,13.4164078649987,-1.38291976225697,-1.45742861926027,0.917899566068404
"null",1000,491,25,0,40,37.2666320596511,0.27014983856453,36.9964822210865,37.9077647569712,37.9911884295456,2.08559181435969,8.76643917441782,8.76212021028964,8.76356092008266,-0.0731349051267128,-0.113523460599291,0.503183947262049
"null",1000,491,25,1,40,38.64498802497,0.363687208888453,38.2813008160815,37.9002890926631,37.9834165487833,2.07818640300684,8.76333356416402,8.75895007716939,8.76356092008266,0.0849789554231069,0.0340091294816985,0.440370430325679
"null",1000,491,50,0,20,14.703461705586,0.0932734697230263,14.6101882358629,17.91928761271,17.9606486263254,2.06805068077272,6.25845535648638,6.25704692925759,6.26099033699941,-0.513836997141968,-0.53546991549575,0.682217777757846
"null",1000,491,50,1,20,23.8873973954496,0.187106175886589,23.700291219563,17.9320964476929,17.9730471039519,2.04753281295044,6.25609587205029,6.25466345388312,6.26099033699941,0.951919706723566,0.915675824580992,0.158751551893184
"null",1000,492,2,0,500,492.77400052979,3.04036054953536,489.733639980254,497.478611035187,498.738953526577,2.52068498278051,22.6491632506749,22.3606543252254,22.3606797749979,-0.207716746677493,-0.402730323332453,0.557656500408945
"null",1000,492,2,1,500,471.187923757361,3.28289600628882,467.905027751072,497.461930283613,498.718184907793,2.51250924835807,22.6464024831078,22.3601597337669,22.3606797749979,-1.1601845611395,-1.37803832904595,0.800691842880537
"null",1000,492,5,0,200,218.549509962258,1.24359264027942,217.305917321978,197.742430613469,198.193609148081,2.25589267305891,17.9463160464242,17.8883978669195,17.8885438199983,1.15940671583872,1.0684192243533,0.150995307510208
"null",1000,492,5,1,200,222.226717504816,1.34112511550144,220.885592389314,197.736534260121,198.185774121819,2.24619930849053,17.9444661546308,17.8871961047156,17.8885438199983,1.36477636245392,1.26905402806595,0.114249802457481
"null",1000,492,10,0,100,114.428322291336,0.622365229155117,113.805957062181,97.8382479693336,98.0540980526725,2.15850083338909,13.435238284746,13.415980470854,13.4164078649987,1.23481801888384,1.17411165316833,0.122894172778904
"null",1000,492,10,1,100,106.929273435328,0.74514547208575,106.184127963243,97.8355146321377,98.050808789006,2.15294156868363,13.4339611248853,13.4149347795454,13.4164078649987,0.67692311438548,0.606288387375395,0.252483849267366
"null",1000,492,25,0,40,42.0928099468587,0.176030207044614,41.9167797398141,37.9119826495873,37.9952099217899,2.08068180506414,8.76655990324391,8.76196313556749,8.76356092008266,0.476906260085484,0.447567486572203,0.298224559663312
"null",1000,492,25,1,40,44.1821005804608,0.188196190108782,43.993904390352,37.898141186369,37.9817811909883,2.09100011548189,8.76573675812738,8.76120555963444,8.76356092008266,0.716877493299747,0.686220995323229,0.22676417727561
"null",1000,492,50,0,20,19.8184236436641,0.106301536661414,19.7121221070027,17.9316381945372,17.9727269791314,2.05443922971192,6.25810115897985,6.25664446084152,6.26099033699941,0.301494878589423,0.278007666690614,0.343134569743919
"null",1000,492,50,1,20,20.5954892811919,0.124214050849722,20.4712752303421,17.9280536396872,17.9691822993865,2.05643298496494,6.25758880436437,6.25615132463274,6.26099033699941,0.426272119325624,0.399941242006731,0.300309917625055
"null",1000,493,2,0,500,517.26024665086,-0.830675017626961,518.090921668487,497.461271987271,498.730215984675,2.53788799480701,22.6733317355644,22.3606348750567,22.3606797749979,0.873227406298371,0.865838818620025,0.266429244954399
"null",1000,493,2,1,500,514.60238484753,-0.803578080965532,515.405962928496,497.436627939965,498.702505831665,2.53175578340005,22.6746901514762,22.3600319994012,22.3606797749979,0.757044828083235,0.747022951365981,0.294115985649617
"null",1000,493,5,0,200,205.964192016807,-0.363225779779742,206.327417796587,197.745933104464,198.196326786459,2.25196840997533,17.9511004192955,17.8883540161445,17.8885438199983,0.457813656009079,0.45454662864957,0.334190594852591
"null",1000,493,5,1,200,224.232500304928,-0.355305730315573,224.587806035244,197.740311043643,198.187884019397,2.23786487877181,17.9503579196349,17.88682889357,17.8885438199983,1.47585855278722,1.47594200028024,0.0972651771151738
"null",1000,493,10,0,100,101.319091569765,-0.245676757861825,101.564768327627,97.8428549096345,98.0582135582474,2.15358648612954,13.4367775459338,13.4159311788561,13.4164078649987,0.258710591006433,0.261372447624494,0.388986067519964
"null",1000,493,10,1,100,117.627820885181,-0.125340622324848,117.753161507506,97.8307890345843,98.0462436259055,2.15454591321202,13.4356802378539,13.4145356064046,13.4164078649987,1.47346702959039,1.46907194254207,0.0861429344447055
"null",1000,493,25,0,40,34.6095100208256,-0.0707026509387269,34.6802126717643,37.8922821144264,37.9762713961903,2.09973204409741,8.76677722980639,8.76181519811595,8.76356092008266,-0.374455972536826,-0.376184460628064,0.627022272865107
"null",1000,493,25,1,40,44.9715125050322,-0.155407866144505,45.1269203711767,37.8967339132417,37.9803456778736,2.09029411579833,8.76579587422028,8.76074800946902,8.76356092008266,0.807089132955632,0.815749372722366,0.203016260114383
"null",1000,493,50,0,20,18.1886991006271,-0.0288227983734016,18.2175218990005,17.9204228857622,17.9617088173236,2.0642965780687,6.25779758193854,6.25621510629704,6.26099033699941,0.0428707083206356,0.040889431921772,0.443288248781758
"null",1000,493,50,1,20,23.7041406023739,-0.0345730401890271,23.7387136425629,17.926372789946,17.9674870850176,2.05571475358407,6.25701103469041,6.25540156093329,6.26099033699941,0.92340700382252,0.922598893344938,0.164961524544528
"null",1000,494,2,0,500,487.806297297818,-0.452410449485417,488.258707747304,497.517823996656,498.758550389784,2.48145278625638,22.6172871198747,22.3606520791409,22.3606797749979,-0.429385126844129,-0.46956781963774,0.619461940219422
"null",1000,494,2,1,500,478.119790323016,0.149827236337194,477.969963086679,497.31104183752,498.575107785394,2.52813189574788,22.6143413206638,22.3579127538224,22.3606797749979,-0.848631903197135,-0.921604128506719,0.731486279087645
"null",1000,494,5,0,200,196.122296400413,-0.17817138147188,196.300467781885,197.74124866477,198.192652928059,2.25702131644342,17.9398828751791,17.8883949264841,17.8885438199983,-0.0902431903051582,-0.10577724574788,0.524369056327248
"null",1000,494,5,1,200,179.922796637274,-0.343215000126762,180.266011637401,197.666228682636,198.11146319047,2.22617253916863,17.9324267551589,17.8804148441008,17.8885438199983,-0.989460728747004,-0.998044604035371,0.816965366405091
"null",1000,494,10,0,100,101.82228433588,-0.0792766913257547,101.901561027206,97.8348690998063,98.051081671961,2.16212572154714,13.4331175097839,13.4160103731673,13.4164078649987,0.296834687344162,0.28700628936202,0.375606988997556
"null",1000,494,10,1,100,80.212469839085,-0.242361182868915,80.4548310219539,97.8008062882175,98.0144138034037,2.13607515186132,13.4258573187984,13.4084942669742,13.4164078649987,-1.31003451261962,-1.30958647793137,0.904620068253719
"null",1000,494,25,0,40,33.2819719062559,-0.0686537258692235,33.3506256321252,37.9149600581096,37.9980842377017,2.0781044898018,8.76614700997491,8.76205264195395,8.76356092008266,-0.528509064082756,-0.530407519275089,0.68721979287125
"null",1000,494,25,1,40,28.8064897923226,-0.034838256165614,28.8413280484882,37.8975205404883,37.9802660241039,2.0686370903896,8.76046800372424,8.75630724218075,8.76356092008266,-1.03773345719669,-1.04369772814637,0.859006936496787
"null",1000,494,50,0,20,10.9881944437266,0.00522286221791174,10.9829715815087,17.9405409569034,17.9814561258264,2.04575844614851,6.25802979259591,6.25671789885719,6.26099033699941,-1.11094813281368,-1.11855523254388,0.894856982575603
"null",1000,494,50,1,20,16.374380923513,0.0218492303427388,16.3525316931703,17.932536047881,17.9733472944987,2.04056233088273,6.25398543823379,6.25264238660497,6.26099033699941,-0.24914594697362,-0.259220902318138,0.566436916295998
"null",1000,495,2,0,500,493.24988630212,1.87896216182483,491.370924140295,497.477233670663,498.738213244101,2.52195914687565,22.7739789621765,22.3606471326032,22.3606797749979,-0.185621817582403,-0.329475665892662,0.551657974225287
"null",1000,495,2,1,500,481.633085896215,2.25066129815081,479.382424598064,497.35975504962,498.623886742725,2.52826338621171,22.773821060535,22.3583033444597,22.3606797749979,-0.690559090264287,-0.860595808555812,0.692593002878687
"null",1000,495,5,0,200,198.026354745738,0.729121841780364,197.297232903958,197.765522387703,198.212045892528,2.23261752412391,17.9715372980935,17.8883824253806,17.8885438199983,0.0145136364078542,-0.0511400621261568,0.486106328000396
"null",1000,495,5,1,200,223.693288497509,0.872018063488074,222.821270434021,197.693732069717,198.140164851705,2.23216390994093,17.9669834849327,17.8827823752058,17.8885438199983,1.44707409842032,1.38016026054958,0.101627943909343
"null",1000,495,10,0,100,100.98254230747,0.405703181108574,100.576839126361,97.8541322249822,98.0683815720284,2.14249347046212,13.4436333878805,13.4159605789566,13.4164078649987,0.232705697353213,0.186975620535699,0.398034469928073
"null",1000,495,10,1,100,104.743402062778,0.554770672414975,104.188631390363,97.8237067543255,98.0368550897263,2.13148335400761,13.4388329696367,13.4107261540379,13.4164078649987,0.514902992252853,0.458720596481961,0.302081825745983
"null",1000,495,25,0,40,26.0043017260243,0.12133010891047,25.8829716171138,37.9037027244527,37.9872446696724,2.08854863049096,8.76851595619791,8.76186943153641,8.76356092008266,-1.35705985572365,-1.38147151668249,0.930081429450088
"null",1000,495,25,1,40,32.9807848212388,0.266074887645475,32.7147099335934,37.8909734326874,37.9743095214502,2.08340221906939,8.76480601989462,8.75804107834221,8.76356092008266,-0.560216461186164,-0.600545206491813,0.700488397142755
"null",1000,495,50,0,20,8.03121753672824,0.169040484608256,7.86217705211998,17.9172430779673,17.958598422161,2.06776720968885,6.25846328761614,6.25630759511018,6.26099033699941,-1.57962507518433,-1.61379874895094,0.978168253723191
"null",1000,495,50,1,20,11.5371884822032,0.293674682433898,11.2435137997693,17.9216183161914,17.9627149949342,2.05483393713883,6.25585345685842,6.25365480230538,6.26099033699941,-1.02055297139175,-1.07444389042514,0.870188093772258
"null",1000,496,2,0,500,473.360686553052,-2.08297509078227,475.443661643834,497.447089973698,498.723283441687,2.5523869359792,22.4668351577138,22.3606699560557,22.3606797749979,-1.07208706751812,-1.04109679377246,0.780171541767715
"null",1000,496,2,1,500,468.347827439905,-2.42573693973046,470.773564379636,497.342198357731,498.607396607075,2.53039649868884,22.4606284498004,22.3589422171886,22.3606797749979,-1.29089758029826,-1.24486355199943,0.825789366016794
"null",1000,496,5,0,200,179.171073082873,-0.786489774328574,179.957562857202,197.72781521794,198.182019478948,2.27102130504154,17.9096973588925,17.8884531489984,17.8885438199983,-1.03612818034876,-1.01878326034951,0.82746157703721
"null",1000,496,5,1,200,193.697449602417,-0.874867968986321,194.572317571404,197.630239382984,198.088272347856,2.29016482435981,17.9029182294693,17.8826679081309,17.8885438199983,-0.219673113073411,-0.196612429113738,0.573082375103286
"null",1000,496,10,0,100,78.3050334164726,-0.417933749636467,78.722967166109,97.8151023526131,98.0333935886014,2.18291235988301,13.4232096754409,13.4161558069572,13.4164078649987,-1.45345780985871,-1.4393412465051,0.928594591957818
"null",1000,496,10,1,100,93.2798296130133,-0.300992475852898,93.5808220888662,97.7729119213201,97.9909242988492,2.18012377529042,13.417327046335,13.4105917878895,13.4164078649987,-0.334871639693252,-0.328852169966544,0.615960891657629
"null",1000,496,25,0,40,27.5609695414045,-0.206330669931474,27.767300211336,37.8958399006666,37.979826942666,2.09967604998664,8.76428736970784,8.7625994477259,8.76356092008266,-1.17920258924674,-1.16546771220729,0.89443086492772
"null",1000,496,25,1,40,21.4461606723529,-0.163253130720509,21.6094138030734,37.8668005339402,37.9511380284198,2.10843736199001,8.7598980022802,8.75828810438748,8.76356092008266,-1.87452409346696,-1.86585826254791,0.985989173094146
"null",1000,496,50,0,20,8.45312339011164,-0.110599227364989,8.56372261747663,17.9071978214074,17.9488876010625,2.08448898275175,6.25895425249017,6.25841472720927,6.26099033699941,-1.51048786265444,-1.49960739143455,0.971099757519096
"null",1000,496,50,1,20,12.8673536830325,-0.0713633417329921,12.9387170247655,17.9062485046376,17.9477576610063,2.07545781843435,6.25584680787703,6.25533615076486,6.26099033699941,-0.805469663237347,-0.800762823214283,0.799392151092667
"null",1000,497,2,0,500,529.823165197729,4.71245650498476,525.110708692744,497.469044811857,498.734184437673,2.53027925163173,22.603974788901,22.3606594070135,22.3606797749979,1.43134650821493,1.17959509936447,0.156568962621234
"null",1000,497,2,1,500,474.819290353927,4.62628290767934,470.193007446248,497.422930812288,498.709886542913,2.573911461249,22.6041595309815,22.3606175052,22.3606797749979,-0.999977036411392,-1.2753171548162,0.76577888408562
"null",1000,497,5,0,200,206.191120174656,1.98138763448654,204.209732540169,197.735004923121,198.187717573988,2.26356325433394,17.9372502179087,17.8884263293451,17.8885438199983,0.471427624011826,0.33664308169479,0.33015987033101
"null",1000,497,5,1,200,193.649499887475,1.88129148260044,191.768208404875,197.723622379955,198.178278328167,2.27327974106265,17.937206819246,17.8883022936726,17.8885438199983,-0.227132492451847,-0.358338640417537,0.574041027930896
"null",1000,497,10,0,100,108.118066011237,0.955346119137569,107.162719892099,97.832490931576,98.0489894976945,2.16498566118516,13.4323367814977,13.4160842426423,13.4164078649987,0.765732370098738,0.679313742338999,0.227685527562206
"null",1000,497,10,1,100,105.208889820302,0.898091396670284,104.310798423632,97.8309587196463,98.0475118258993,2.16553106253025,13.4322453643991,13.4159617936378,13.4164078649987,0.549270125768412,0.466853341867939,0.29110215593474
"null",1000,497,25,0,40,45.6842858636279,0.404266078004635,45.2800197856232,37.8855698976629,37.96991827929,2.10870954067849,8.76623700411435,8.76232443312186,8.76356092008266,0.88963097419163,0.834265104211478,0.183118248326164
"null",1000,497,25,1,40,43.790178632303,0.398004340883795,43.3921742914192,37.8950088092415,37.9789622918294,2.098837064696,8.76615353067756,8.76223210972342,8.76356092008266,0.672492194259552,0.617789158265143,0.23922372007864
"null",1000,497,50,0,20,20.8232099773739,0.275247058760975,20.5479629186129,17.9092252221989,17.9508195538402,2.07971658206242,6.25884882280516,6.25755493780346,6.26099033699941,0.465578389520667,0.415041240642208,0.288425984673464
"null",1000,497,50,1,20,20.5415508087419,0.239026530852077,20.3025242778898,17.9168455027698,17.9582833781133,2.07189376717397,6.25879059222272,6.25749237947578,6.26099033699941,0.419363017071316,0.374629445409397,0.30316971187307
"null",1000,498,2,0,500,492.251471962253,-0.493311297131589,492.744783259384,497.452871181763,498.726110880647,2.54647939776856,22.5063805431206,22.3606508351825,22.3606797749979,-0.231107761176641,-0.267493449334298,0.564232151754376
"null",1000,498,2,1,500,500.576353961071,-0.198128783994986,500.774482745066,496.994374877982,498.243385888449,2.49802202093521,22.4945775941192,22.3536318812517,22.3606797749979,0.15923744591789,0.113229781632917,0.459135603068869
"null",1000,498,5,0,200,196.073291088015,-0.197151524393207,196.270442612408,197.700640754568,198.160187289103,2.29773267267338,17.9175518907902,17.8884039869181,17.8885438199983,-0.0908243311626565,-0.105640764714208,0.525355643559724
"null",1000,498,5,1,200,214.974434709611,-0.193545970763806,215.167980680374,197.450191765594,197.89801633797,2.23912286187982,17.8948908279168,17.8654727448657,17.8885438199983,0.979287502367897,0.966667078393868,0.194055272433457
"null",1000,498,10,0,100,102.052561980404,-0.0974291861911315,102.149991166595,97.8083301596897,98.0272034982875,2.18873338597755,13.4256803026686,13.4160200260574,13.4164078649987,0.316127877696507,0.30730333290352,0.369547239881568
"null",1000,498,10,1,100,107.935679443647,-0.243536623405745,108.179216067053,97.678830699439,97.8933715253203,2.14540825881302,13.4045726147351,13.3945805577336,13.4164078649987,0.765175365079039,0.767910909744328,0.231387241791476
"null",1000,498,25,0,40,54.8271344779835,-0.00449417547849316,54.8316286534619,37.8590061193035,37.9443566360492,2.13376291864053,8.76423857807336,8.76198559025692,8.76356092008266,1.93606417802584,1.92733391803234,0.0378701885339392
"null",1000,498,25,1,40,50.2564763900597,-0.0289597512433298,50.285436141303,37.8149767371204,37.8991876272905,2.10527225425064,8.74890978540712,8.74654298810048,8.76356092008266,1.42206285789931,1.4161307537005,0.0880650375967373
"null",1000,498,50,0,20,31.8093208696422,-0.0365528321801828,31.8458737018224,17.8964845590576,17.9382908431824,2.09031420623893,6.2575419247722,6.25687160460417,6.26099033699941,2.22337085038244,2.22276941857109,0.023157756217617
"null",1000,498,50,1,20,32.5524879810905,-0.0694872461958559,32.6219752272863,17.8784082225984,17.9198292725162,2.07105249588827,6.24605958987333,6.24534189583218,6.26099033699941,2.34933393563567,2.35409785404729,0.0188954806633799
"null",1000,499,2,0,500,509.807936099403,-1.62261911362924,511.430555213033,497.491061031567,498.74510462483,2.50808718652643,22.5951490220532,22.3606447806695,22.3606797749979,0.545111477504091,0.567311484647748,0.347412126519687
"null",1000,499,2,1,500,525.852720303382,-2.16082249945876,528.013542802841,497.179723801386,498.448958816034,2.53847002929483,22.5883151854249,22.3559310927052,22.3606797749979,1.26937295971933,1.32244923569541,0.187367200936073
"null",1000,499,5,0,200,227.759770548691,-0.659251682500277,228.419022231191,197.738822280192,198.190685938352,2.25931829079775,17.9353953701118,17.8883827453272,17.8885438199983,1.67383810888979,1.68983058576022,0.0721971006728375
"null",1000,499,5,1,200,224.926262134242,-0.92786677956491,225.854128913807,197.558064250407,198.009956807837,2.2594627871494,17.9221555639244,17.874727777382,17.8885438199983,1.52705949829635,1.55773964519916,0.0918657705741483
"null",1000,499,10,0,100,114.284184863255,-0.309255042042305,114.593439905297,97.8403221562194,98.0559578612723,2.15635705052863,13.431580428081,13.4159695693801,13.4164078649987,1.22426864024554,1.23267140391918,0.124794071266512
"null",1000,499,10,1,100,128.377786273535,-0.294886960264188,128.672673233799,97.7405301540397,97.9557947586647,2.15264604624997,13.4189521233369,13.4030529488373,13.4164078649987,2.28313327582514,2.29178222248229,0.0214021975022117
"null",1000,499,25,0,40,46.2555629951694,-0.234384649513784,46.4899476446832,37.8901457514695,37.9742380156448,2.10230660438387,8.76562737702937,8.76191859011158,8.76356092008266,0.954343241377314,0.971900108573128,0.168216370678813
"null",1000,499,25,1,40,56.0149840348225,-0.167306315929991,56.1822903507525,37.8422989351453,37.926564091328,2.10662890456655,8.75642579276104,8.75263438616451,8.76356092008266,2.07535420613061,2.08574075575255,0.0299067458010651
"null",1000,499,50,0,20,27.5543638919797,-0.140646341287526,27.6950102332672,17.9020445125529,17.9437145897617,2.08350386044014,6.25763484021134,6.25648102585249,6.26099033699941,1.54248683822221,1.55859109988698,0.0691686600952689
"null",1000,499,50,1,20,26.9606174335877,-0.0732815468984247,27.0338989804862,17.9024637780701,17.9436548316138,2.05955267718159,6.25040360326665,6.24920947718155,6.26099033699941,1.44921099987584,1.45462304985369,0.0797371245769782
"null",1000,500,2,0,500,490.178268528095,-0.24653371159672,490.424802239692,497.46683408069,498.733111555951,2.53255495052064,22.4932750856395,22.3606618119516,22.3606797749979,-0.324033095440545,-0.37155918667033,0.590175584302204
"null",1000,500,2,1,500,474.759271107799,-3.22109584882635,477.980366956626,496.99563059968,498.256492649161,2.52172409896349,22.4715881204567,22.3532233801046,22.3606797749979,-0.989532176038674,-0.907078381840104,0.766380634952855
"null",1000,500,5,0,200,189.294362026374,-0.0486855540757702,189.34304758045,197.758227392787,198.206282297197,2.24027452205217,17.9149564302446,17.8884214625133,17.8885438199983,-0.472446885336753,-0.495473272212477,0.659251918478384
"null",1000,500,5,1,200,152.779304129136,0.0653819692211743,152.713922159915,197.464548408412,197.907677274284,2.21564432936096,17.8882413769803,17.8645263591288,17.8885438199983,-2.49802332926814,-2.52980427277187,0.992630156126413
"null",1000,500,10,0,100,98.7426138136892,-0.0070367711876032,98.7496505848768,97.8534574180702,98.0678576850902,2.1440026702006,13.4248923135759,13.4160820308301,13.4164078649987,0.0662319201413555,0.0508190765545284,0.459964667310584
"null",1000,500,10,1,100,56.5046478202983,0.101297496491463,56.4033503238068,97.7008415723543,97.9126428572598,2.11801284905429,13.401861363129,13.3938508418313,13.4164078649987,-3.07391582675182,-3.09913056548399,0.999750587263569
"null",1000,500,25,0,40,27.4599577575985,-0.023527068990344,27.4834848265889,37.9184208692178,38.001453969619,2.07582751002821,8.76440837753755,8.76231922192463,8.76356092008266,-1.19328797348415,-1.20036361112165,0.897034632451417
"null",1000,500,25,1,40,19.6941414012318,0.0787461360177336,19.615395265214,37.85962172972,37.9420102749064,2.05971362965828,8.74826063705882,8.74635224221751,8.76356092008266,-2.07646766393045,-2.09534380758554,0.993833522068893
"null",1000,500,50,0,20,15.248792539773,-0.0209027727283549,15.2696953125014,17.9501436067423,17.9909119125224,2.03841528900572,6.25808232267448,6.25743371301143,6.26099033699941,-0.431657962884517,-0.434877415379192,0.644819173568544
"null",1000,500,50,1,20,7.28641265242951,0.0632609548122459,7.22315169761726,17.9225543998962,17.9631382290851,2.02919145944663,6.24665589754821,6.24606517687716,6.26099033699941,-1.70269371675192,-1.71948038122098,0.987480540215263
