"scen","n","rep","m","oracle","G","HL","C","EF","mu","muEF","d","sdHL","sdEF","sdEF_simple","zHL","zEF","pHL_chisq"
"quadneg",16000,101,2,0,8000,8319.39113777585,135.559861687151,8183.8312760887,7997.45891356001,7998.72943159828,2.54103607655122,90.5782023772825,89.4427185873933,89.4427190999916,3.55419091753346,2.06950154706621,0.00598326127537037
"quadneg",16000,101,2,1,8000,8200.77369097804,136.180042753979,8064.59364822406,7997.43344894164,7998.70052909569,2.53416030809398,90.5795520880568,89.4425688759937,89.4427190999916,2.24488018928067,0.736708705445677,0.0553365551543882
"quadneg",16000,101,5,0,3200,3380.05038682841,54.1999535422482,3325.85043328617,3197.74755231199,3198.19801955275,2.25233620380923,71.7823462164568,71.5541728615452,71.5541752799933,2.53966113014329,1.78399677654602,0.0124540872827769
"quadneg",16000,101,5,1,3200,3402.68804547767,54.5437573575991,3348.14428812007,3197.72556345861,3198.17628230953,2.25359425459788,71.7824634578392,71.553777141958,71.5541752799933,2.85532805849488,2.09587825829245,0.00595093785671374
"quadneg",16000,101,10,0,1600,1816.1135485135,27.1216094330705,1788.99193908042,1597.84116836023,1598.05703186813,2.15863507904993,53.7417487112482,53.6656249581955,53.665631459995,4.06150498239342,3.55786236275137,0.000104842026283886
"quadneg",16000,101,10,1,1600,1857.32731357146,27.3541927459339,1829.97312082553,1597.83237614717,1598.04794626082,2.15570113656105,53.7415774976507,53.6652573422276,53.665631459995,4.82856941509836,4.32170059458952,6.16128229466228e-06
"quadneg",16000,101,25,0,640,895.157938056832,10.8391849666533,884.318753090178,637.897641300421,637.98171793246,2.10191580097409,35.0728727678595,35.0542195677535,35.0542436803306,7.33502209696841,7.0273147768015,6.44847337686968e-11
"quadneg",16000,101,25,1,640,892.820096259161,10.9417631060994,881.878333153062,637.894237760438,637.978250771282,2.10032527109511,35.072657420148,35.0539527280659,35.0542436803306,7.26850707218659,6.95784821397622,9.09120931171485e-11
"quadneg",16000,101,50,0,320,552.230668992227,5.42796298160532,546.802706010621,317.916806448044,317.958453152442,2.08233521992541,25.0504202159336,25.043894334042,25.0439613479976,9.35368989918758,9.13772633783684,7.46568663378234e-15
"quadneg",16000,101,50,1,320,558.629860346055,5.5023731945807,553.127487151475,317.914744839452,317.956381415504,2.08182880258657,25.0502401563842,25.0436957581771,25.0439613479976,9.60929372348775,9.39043134874308,1.85228949769634e-15
"quadneg",16000,102,2,0,8000,8370.45137827619,176.159757786685,8194.2916204895,7997.47831001469,7998.73913010631,2.52164018324522,90.9709903337202,89.4427185921228,89.4427190999916,4.09991214664454,2.18634332074537,0.00183276805844153
"quadneg",16000,102,2,1,8000,8369.17330616547,175.646362118109,8193.52694404736,7997.20760246817,7998.47007795584,2.52495097533658,90.9631487677455,89.4414493421259,89.4427190999916,4.08919115857599,2.18083302010683,0.00189101258847899
"quadneg",16000,102,5,0,3200,3552.6960049052,70.4299150748395,3482.26608983037,3197.75021617669,3198.20014981058,2.24966816943769,71.8617754722148,71.5541727467229,71.5541752799933,4.93928498699218,3.96994234040385,8.96453037729181e-06
"quadneg",16000,102,5,1,3200,3454.88624894321,69.5783101006933,3385.30793884252,3197.58203540389,3198.03179149102,2.24878043568454,71.8565572465791,71.550922448692,71.5541752799933,3.58080352578502,2.61738271069511,0.000850014663247936
"quadneg",16000,102,10,0,1600,1929.21401507204,35.2376575426537,1893.97635752938,1597.84604845362,1598.06142359479,2.15375141172819,53.768280385031,53.6656248097032,53.665631459995,6.16288942561514,5.51404991526507,1.81034790084531e-08
"quadneg",16000,102,10,1,1600,1883.93406842536,34.6955588704807,1849.23850955488,1597.75105539446,1597.96640908815,2.15353693695263,53.7645797991607,53.6626317079482,53.665631459995,5.32289128083861,4.68244088054129,8.10119694740271e-07
"quadneg",16000,102,25,0,640,904.980197062279,14.0788266230525,890.901370439227,637.904878574218,637.988665064537,2.09466225796982,35.079376921832,35.0542186282823,35.0542436803306,7.61345673508369,7.2149006673518,1.48877114725321e-11
"quadneg",16000,102,25,1,640,894.037131617076,13.8853114169248,880.151820200151,637.86353381782,637.947346703314,2.09532213736392,35.0770169713789,35.0520421529453,35.0542436803306,7.30317512484831,6.90985342423153,7.60472599506431e-11
"quadneg",16000,102,50,0,320,570.128677725581,7.05137912659742,563.077298598984,317.922648105399,317.964177340962,2.0764617781093,25.0526945170776,25.0438918263011,25.0439613479976,10.0670221100673,9.78734147863568,1.43878865739165e-16
"quadneg",16000,102,50,1,320,538.990640637878,6.95106377008257,532.039576867795,317.901255614117,317.942797017652,2.0770701767179,25.0510214822377,25.0422838079304,25.0439613479976,8.82556366735474,8.54941112768409,1.24983123091531e-13
"quadneg",16000,103,2,0,8000,8376.22081571542,149.025856845027,8227.1949588704,7997.47195807565,7998.73595253715,2.5279889230046,90.6165379516895,89.4427185569021,89.4427190999916,4.17968801502544,2.55424935667518,0.00158968001605622
"quadneg",16000,103,2,1,8000,8292.54532563066,148.073183174453,8144.4721424562,7997.24260628764,7998.50676641391,2.52832025252989,90.60924533121,89.4416149519763,89.4427190999916,3.25907933857718,1.63196266213074,0.0105513604495496
"quadneg",16000,103,5,0,3200,3418.92395033592,59.6294708632784,3359.29447947264,3197.76603671028,3198.21280630622,2.23384797972469,71.7900864276131,71.5541727642949,71.5541752799933,3.08061913045115,2.25118489870659,0.00336885626794795
"quadneg",16000,103,5,1,3200,3435.93483701761,59.1408418762619,3376.79399514135,3197.61200121008,3198.060079196,2.24038992958092,71.7854705895516,71.5513486380514,71.5541752799933,3.3199313712128,2.49798109116697,0.00179180928774864
"quadneg",16000,103,10,0,1600,1805.4276195579,29.8254940528661,1775.60212550503,1597.8530322519,1598.06770913471,2.14676882810033,53.7443337251023,53.6656248620415,53.665631459995,3.86225994293128,3.30815893463844,0.00020537606213384
"quadneg",16000,103,10,1,1600,1876.14950759755,29.5133488220993,1846.63615877545,1597.77012407871,1597.98480683503,2.14682756318363,53.7410818699716,53.6630233424337,53.665631459995,5.18001078192633,4.63356956900715,1.49024552553444e-06
"quadneg",16000,103,25,0,640,852.193049457237,11.9436181104148,840.249431346822,637.903486021821,637.987328367,2.09605862949507,35.0735052918044,35.0542188508386,35.0542436803306,6.10972760357344,5.76997889584931,2.51384693430266e-08
"quadneg",16000,103,25,1,640,838.061749337191,11.7883474079849,826.273401929206,637.868366714031,637.952207754147,2.09602600291447,35.0714594511297,35.0523394288657,35.0542436803306,5.70815659673698,5.37257133884694,1.51436451808286e-07
"quadneg",16000,103,50,0,320,562.778446897965,5.9713648563266,556.807082041638,317.921597903807,317.963148517253,2.07753067230386,25.0506408937532,25.0438932982223,25.0439613479976,9.77447443491221,9.53701290291547,7.42254318716062e-16
"quadneg",16000,103,50,1,320,534.293785469774,5.86450018848924,528.429285281285,317.904406405934,317.94594189671,2.07677453878778,25.0491936101259,25.0425051008523,25.0439613479976,8.63857665167979,8.40504344660837,3.32208059542891e-13
"quadneg",16000,104,2,0,8000,8163.67081009441,155.422543965073,8008.24826612934,7997.4595216163,7998.72973599015,2.54042874770077,90.6681601270561,89.4427186264503,89.4427190999916,1.83318254440356,0.106420402748906,0.0957368586867393
"quadneg",16000,104,2,1,8000,8187.49456930288,155.184217188504,8032.31035211438,7997.42903218769,7998.7032289571,2.54839353882432,90.6665007645131,89.4426147743158,89.4427190999916,2.09631490696707,0.375739497800592,0.0678676131610771
"quadneg",16000,104,5,0,3200,3495.78382463059,62.1497533837032,3433.63407124688,3197.74655698419,3198.19722409506,2.25333555433622,71.8005147313335,71.5541729491185,71.5541752799933,4.15090711761057,3.29033007368056,0.000146132139798406
"quadneg",16000,104,5,1,3200,3384.05425839855,62.0119412617254,3322.04231713682,3197.73238005443,3198.18290431882,2.25262132195403,71.7997285798641,71.5538886264691,71.5541752799933,2.59502204297153,1.73099485151092,0.0109800283465406
"quadneg",16000,104,10,0,1600,1786.85965401536,31.0709682959426,1755.78868571942,1597.84212194339,1598.05789038014,2.15768436751342,53.7478164721763,53.6656250727737,53.665631459995,3.51674811142929,2.93914018751087,0.000620793165011024
"quadneg",16000,104,10,1,1600,1812.04906782667,31.0272309479194,1781.02183687875,1597.82635070593,1598.04286479045,2.16514084528164,53.7473705526143,53.665364306353,53.665631459995,3.98573390508534,3.40962880720873,0.000135811391863577
"quadneg",16000,104,25,0,640,909.057020689599,12.459506757685,896.597513931914,637.894828554294,637.979017875736,2.10473303606855,35.0743602881109,35.0542198176992,35.0542436803306,7.73106593842058,7.37767085963211,8.01553646972315e-12
"quadneg",16000,104,25,1,640,924.075081918346,12.4154202229019,911.659661695444,637.891942478931,637.976104496983,2.10405045131545,35.0741209943881,35.0540290831003,35.0542436803306,8.15938165592816,7.80747789504186,7.76750731607821e-13
"quadneg",16000,104,50,0,320,567.441753666697,6.21385381549633,561.227899851201,317.917293574476,317.95893054238,2.08184839518238,25.0509408451621,25.0438943954408,25.0439613479976,9.96068218094132,9.71370368632077,2.62894876423756e-16
"quadneg",16000,104,50,1,320,579.379779643268,6.18171605062199,573.198063592646,317.913624390015,317.955298822794,2.08372163898038,25.0507848721156,25.0437555072859,25.0439613479976,10.4374436405102,10.1918725686167,1.75943286474899e-17
"quadneg",16000,105,2,0,8000,8269.98036294622,142.739869772987,8127.24049317324,7997.47559238037,7998.73777107742,2.5243573941013,90.6396230289247,89.4427186127461,89.4427190999916,3.00646407674152,1.4367041173266,0.0165110321889451
"quadneg",16000,105,2,1,8000,8241.27332950172,142.763877917069,8098.50945158465,7997.46832912803,7998.73333841347,2.53001857088942,90.639997346586,89.442711164087,89.4427190999916,2.68981694076442,1.11553095688402,0.0280936745332915
"quadneg",16000,105,5,0,3200,3468.82395005263,57.1534066770078,3411.67054337562,3197.75318008708,3198.20252134106,2.24670626989261,71.794749707458,71.554172798299,71.5541752799933,3.77563500214266,2.98330640529239,0.000477420060704663
"quadneg",16000,105,5,1,3200,3561.88034055612,57.1715344998809,3504.70880605624,3197.7532826618,3198.20239509886,2.24556218529096,71.7948559513028,71.5541528986305,71.5541752799933,5.07177085418621,4.28355865510137,5.50719322520485e-06
"quadneg",16000,105,10,0,1600,1770.873775693,28.5870400473968,1742.28673564561,1597.84423510586,1598.0597914557,2.15556349837642,53.74589059647,53.6656247945453,53.665631459995,3.21940037958003,2.68751076209528,0.00150942359271847
"quadneg",16000,105,10,1,1600,1839.77762350676,28.6046697025657,1811.1729538042,1597.84854863164,1598.06361558741,2.1506695576879,53.7459204251553,53.6656065710896,53.665631459995,4.50134769227788,3.97105989912716,2.15743814652721e-05
"quadneg",16000,105,25,0,640,869.85564789345,11.4524556129051,858.403192280545,637.902978702896,637.986841383533,2.09656701591901,35.0738871380418,35.0542189320799,35.0542436803306,6.61325812783877,6.28786940950205,2.36801664048746e-09
"quadneg",16000,105,25,1,640,827.88174883499,11.4526883062988,816.429060528691,637.904820108141,637.988598971538,2.09447158492563,35.0738864818464,35.0542053556674,35.0542436803306,5.41647783530285,5.09041525108496,5.2339816903932e-07
"quadneg",16000,105,50,0,320,563.705092024275,5.74906185358728,557.956030170688,317.920341015674,317.961916691911,2.07878381187027,25.0507739837963,25.0438930141424,25.0439613479976,9.81146335708365,9.5829395750593,6.04426706651251e-16
"quadneg",16000,105,50,1,320,557.384495079255,5.75210277801926,551.632392301236,317.921299188577,317.962853164981,2.07769882022034,25.050768830714,25.0438832045939,25.0439613479976,9.55911563069791,9.33040364496634,2.43340166273033e-15
"quadneg",16000,106,2,0,8000,8286.62675588487,166.522984618913,8120.10377126596,7997.46855304589,7998.7342504093,2.53139472681465,90.9224795426406,89.4427185590003,89.4427190999916,3.18027185678946,1.35695250336778,0.0118967314899659
"quadneg",16000,106,2,1,8000,8367.03486846675,167.730600783703,8199.30426768305,7997.39597699406,7998.65689376434,2.52183354055844,90.9247625787849,89.4423187356563,89.4427190999916,4.06532699111973,2.24331587949672,0.00199225218070223
"quadneg",16000,106,5,0,3200,3513.05929832138,66.6042644760237,3446.45503384535,3197.74449890315,3198.19557663685,2.25538866851656,71.8519527717754,71.5541728022763,71.5541752799933,4.3883956838274,3.4695315099863,6.52975112427713e-05
"quadneg",16000,106,5,1,3200,3697.01949378875,67.1276651141154,3629.89182867463,3197.70414869704,3198.1529158635,2.24383583231112,71.8518696873024,71.5531778362567,71.5541752799933,6.94923245929048,6.03381884448418,1.34028949024864e-09
"quadneg",16000,106,10,0,1600,1856.27463473067,33.2805405816765,1822.99409414899,1597.84182117375,1598.05761829837,2.15797124626769,53.764997311669,53.6656245418692,53.665631459995,4.80671117788435,4.1914442955029,6.65504823833635e-06
"quadneg",16000,106,10,1,1600,2048.65408009631,33.611607858645,2015.04247223766,1597.81625554684,1598.03170205183,2.1544650498747,53.7644327831914,53.6647113705045,53.665631459995,8.38542882740908,7.77067013939143,1.0920376340261e-13
"quadneg",16000,106,25,0,640,913.397071980734,13.3187043896772,900.078367591057,637.898538275051,637.982578129872,2.10099637051571,35.0785719307874,35.0542182556563,35.0542436803306,7.85375568450341,7.4768687622607,4.11823425631976e-12
"quadneg",16000,106,25,1,640,973.803475660699,13.4492280489155,960.354247611783,637.889935415169,637.973823447604,2.0972008108757,35.0780018275262,35.0535552447988,35.0542436803306,9.57618800230331,9.19679678460044,1.9326470075352e-16
"quadneg",16000,106,50,0,320,569.930181438671,6.65921508151212,563.270966357159,317.917358425132,317.958993479101,2.08175269846138,25.0524128210685,25.0438918826934,25.0439613479976,10.05942321059,9.79528158111803,1.50448346379405e-16
"quadneg",16000,106,50,1,320,617.60106862125,6.72096334335733,610.880105277893,317.914143149764,317.955716022192,2.07864362141985,25.051957018463,25.0434026826364,25.0439613479976,11.9626153458039,11.6966688979049,1.99144842465507e-21
"quadneg",16000,107,2,0,8000,8205.51922677786,158.519822770125,8046.99940400774,7997.46102577748,7998.73048897198,2.53892638898621,90.5337696619424,89.4427186383781,89.4427190999916,2.2981281103977,0.539662878885824,0.0513325143241484
"quadneg",16000,107,2,1,8000,8357.22314381368,158.312914743008,8198.91022907067,7997.14770230416,7998.41430215486,2.53319970140561,90.5256532202172,89.4412932234847,89.4427190999916,3.9776066639761,2.24164834485164,0.00252307502842148
"quadneg",16000,107,5,0,3200,3571.14447992494,63.3886499528095,3507.75582997213,3197.75120928543,3198.20094593732,2.24868325943711,71.7733781356445,71.5541729827236,71.5541752799933,5.20239231228362,4.32616116057335,3.33454993305231e-06
"quadneg",16000,107,5,1,3200,3459.6927074015,62.3047615541109,3397.38794584739,3197.54552421681,3197.99537785564,2.2492681941544,71.7675889039407,71.5502759387692,71.5541752799933,3.65272384356631,2.7867477151644,0.000698572800352313
"quadneg",16000,107,10,0,1600,1863.58415422527,31.7385337229762,1831.84562050229,1597.84738856934,1598.06263090829,2.15242338950477,53.7387543345972,53.6656252581837,53.665631459995,4.9449744220224,4.35628930939086,3.87697769033864e-06
"quadneg",16000,107,10,1,1600,1888.91753208536,31.1810032297937,1857.73652885556,1597.73212248117,1597.94730076264,2.15178281468614,53.7344423284362,53.6619961929101,53.665631459995,5.41897146385926,4.84121438865235,5.44646589242118e-07
"quadneg",16000,107,25,0,640,936.169179074161,12.6810911075121,923.488087966649,637.904794925585,637.98858572506,2.09476998687749,35.0721391118129,35.0542200179034,35.0542436803306,8.50431116270623,8.14451161930788,1.11717666879801e-13
"quadneg",16000,107,25,1,640,928.744656844898,12.4152343928473,916.329422452051,637.857663245477,637.94135808279,2.09237093282776,35.0693198641095,35.0515747608403,35.0542436803306,8.29462888720349,7.94224129069023,3.69673981592805e-13
"quadneg",16000,107,50,0,320,629.434738340876,6.33409921558135,623.100639125295,317.924704261232,317.96619342103,2.07445798990404,25.0501652012326,25.0438960191333,25.0439613479976,12.4354482925453,12.1839846911657,1.05585189139269e-22
"quadneg",16000,107,50,1,320,614.972916633835,6.17938450766402,608.793532126171,317.899540713111,317.941027540365,2.07434136267724,25.048149645222,25.0419417585299,25.0439613479976,11.860092666661,11.6146146888444,3.79437024254115e-21
"quadneg",16000,108,2,0,8000,8313.3568638874,165.392631795684,8147.96423209171,7997.47063018813,7998.73528961426,2.52931885226353,90.5916361009325,89.442718607428,89.4427190999916,3.48692492259799,1.66843030713805,0.00681931557266074
"quadneg",16000,108,2,1,8000,8277.79221090856,164.036920221878,8113.75529068668,7997.26030402439,7998.52682706526,2.53304608174205,90.5851169243248,89.4417406668126,89.4427190999916,3.09688739617704,1.28830748107489,0.0141824812749335
"quadneg",16000,108,5,0,3200,3482.99574834232,66.1338839159833,3416.86186442634,3197.74845667701,3198.19874315659,2.25143239788081,71.7850580398831,71.5541728893028,71.5541752799933,3.973630438619,3.05591012292228,0.000259105380945566
"quadneg",16000,108,5,1,3200,3468.1993300459,65.3342829827711,3402.86504706313,3197.61689735247,3198.06695861351,2.25030630524198,71.7808924900237,71.5516335773593,71.5541752799933,3.76956071883676,2.86224196723891,0.000490175293625289
"quadneg",16000,108,10,0,1600,1845.02368322593,33.0980419510849,1811.92564127485,1597.83973954152,1598.05574582732,2.16006285809481,53.7426543676112,53.6656249435785,53.665631459995,4.59939961271036,3.98523068859024,1.4939965906263e-05
"quadneg",16000,108,10,1,1600,1862.72076143759,32.7762307753063,1829.94453066228,1597.76701293726,1597.98285842309,2.15845485828018,53.7397412671262,53.6632925703999,53.665631459995,4.9303130653963,4.32253894847932,4.13500350838393e-06
"quadneg",16000,108,25,0,640,868.231489380521,13.2286236852868,855.002865695234,637.901489849313,637.985412742925,2.09807234029517,35.073095131539,35.054219859657,35.0542436803306,6.56714209759282,6.19090807957386,2.95835490791714e-09
"quadneg",16000,108,25,1,640,862.428860514358,13.1129839478665,849.315876566491,637.865652526691,637.949736095484,2.1020892198252,35.0712446838914,35.0525190178259,35.0542436803306,6.40305783304039,6.02998433189688,6.49515165520714e-09
"quadneg",16000,108,50,0,320,563.987287292275,6.60878852761153,557.378498764663,317.918664502541,317.960274029931,2.08047636950575,25.0504979774368,25.0438943477599,25.0439613479976,9.82290344133557,9.55994388932355,5.67728194827227e-16
"quadneg",16000,108,50,1,320,545.430246073517,6.53821522196734,538.892030851549,317.902186555653,317.943800728609,2.08070864782117,25.0491885364596,25.042637939554,25.0439613479976,9.08325070836893,8.82288162518055,3.21031251609853e-14
"quadneg",16000,109,2,0,8000,8343.82597398248,179.910998006167,8163.91497597632,7997.46284563658,7998.73139721129,2.53710314943016,90.6918259172531,89.4427186151675,89.4427190999916,3.81912178790984,1.84680856443707,0.00345507415131928
"quadneg",16000,109,2,1,8000,8219.89671973664,178.623204877833,8041.27351485881,7997.41289354153,7998.6780195699,2.53025205673927,90.6888707219647,89.4424491228289,89.4427190999916,2.45326493123073,0.476233552487089,0.0406006225727552
"quadneg",16000,109,5,0,3200,3480.04019155473,71.9813844053431,3408.05880714939,3197.74457409433,3198.19563679699,2.25531351328416,71.8052964093538,71.5541728661516,71.5541752799933,3.93140383198286,2.9329270669506,0.000294930107133939
"quadneg",16000,109,5,1,3200,3646.04234964903,71.4840214782164,3574.55832817081,3197.71230739492,3198.16258514046,2.25138872769932,71.8037976330184,71.5534809455726,71.5541752799933,6.24382075925114,5.26034146845573,3.97205405359556e-08
"quadneg",16000,109,10,0,1600,1883.33261089826,35.9775962737558,1847.35501462451,1597.84457371611,1598.060096784,2.155230678905,53.7494131177405,53.6656250036487,53.665631459995,5.31146333740938,4.64533708167107,8.49578796630478e-07
"quadneg",16000,109,10,1,1600,1985.34397100605,35.6116894922267,1949.73228151382,1597.82316666641,1598.03878842208,2.15621755678422,53.7484741969817,53.6649841935817,53.665631459995,7.2098940505627,6.5535003573857,9.04609831636371e-11
"quadneg",16000,109,25,0,640,951.419959231532,14.381533287497,937.038425944035,637.90075318654,637.984705301237,2.09880286743313,35.0747517889298,35.054219506573,35.0542436803306,8.93860084689023,8.53117612807561,8.99878763249665e-15
"quadneg",16000,109,25,1,640,969.543639249916,14.2664362933658,955.27720295655,637.892687746921,637.976612384176,2.09811593138,35.0742068314842,35.0537517220774,35.0542436803306,9.45569355556433,9.05182968967436,4.06627522633605e-16
"quadneg",16000,109,50,0,320,617.828760345689,7.16264068933188,610.666119656358,317.919664437106,317.961254054973,2.07948089335827,25.0510783092966,25.0438946476101,25.0439613479976,11.9719036524382,11.6876735715432,1.88302508277397e-21
"quadneg",16000,109,50,1,320,616.435548892888,7.10555160365723,609.329997289231,317.915470878101,317.957055227958,2.07921749283287,25.0507064111587,25.0435499970514,25.0439613479976,11.9166331326215,11.6346501233084,2.65142926145817e-21
"quadneg",16000,110,2,0,8000,8145.42409625033,131.132207059057,8014.29188919127,7997.47422389761,7998.73708636232,2.52572492941796,90.7451024472455,89.4427186070514,89.4427190999916,1.63038961181102,0.173907983469134,0.122249949892997
"quadneg",16000,110,2,1,8000,8072.78412489211,130.537004807855,7942.24712008425,7997.24686023117,7998.50946143046,2.52520239857644,90.7379058371919,89.4416427745603,89.4427190999916,0.832477496190761,-0.629039668781762,0.276012502859839
"quadneg",16000,110,5,0,3200,3373.90717910924,52.4526337198434,3321.4545453894,3197.7531789029,3198.20252061563,2.24670856360282,71.81606546086,71.5541728382158,71.5541752799933,2.4528494992857,1.72249946977165,0.0150510781124916
"quadneg",16000,110,5,1,3200,3481.14485711955,52.0709925990417,3429.07386452051,3197.60692892541,3198.05664533222,2.2485820340341,71.8115046279935,71.5514081820484,71.5541752799933,3.94836356184091,3.22868864579875,0.000281029958383653
"quadneg",16000,110,10,0,1600,1797.37730986179,26.2488566454426,1771.12845321635,1597.84949550615,1598.06452628449,2.15030778345986,53.7530099083332,53.6656249550964,53.665631459995,3.71193752119005,3.22485626649577,0.000335010037933325
"quadneg",16000,110,10,1,1600,1837.00291697538,25.9120213063755,1811.09089566901,1597.7687303772,1597.9836693708,2.14938993598377,53.7497905476931,53.663060133076,53.665631459995,4.450885932028,3.97120898006436,2.61378524538697e-05
"quadneg",16000,110,25,0,640,807.03501012101,10.4421869131825,796.592823207827,637.906337349636,637.990065715837,2.09320915501778,35.0756325725692,35.0542189814369,35.0542436803306,4.82182815723872,4.52449839421552,5.74331440483619e-06
"quadneg",16000,110,25,1,640,879.18428521911,10.3357037831559,868.848581435955,637.870665600114,637.954427398598,2.0940449620973,35.0736039618626,35.0523567022843,35.0542436803306,6.88020597716134,6.58712211559545,6.45985342250294e-10
"quadneg",16000,110,50,0,320,519.396831300534,5.21501761976914,514.181813680765,317.924755600516,317.966243101541,2.07437505126609,25.051385373759,25.0438934771331,25.0439613479976,8.04235265611529,7.8348668412275,6.8153817382499e-12
"quadneg",16000,110,50,1,320,538.151340151455,5.177651419169,532.973688732286,317.905139819814,317.946666876539,2.07635283627278,25.0499625753003,25.0425292956342,25.0439613479976,8.79227662195424,8.58647380691028,1.48967517464296e-13
"quadneg",16000,111,2,0,8000,8378.34180181352,212.051655920324,8166.2901458932,7997.4648596426,7998.7324038918,2.53508849840395,91.1283965935144,89.442718575371,89.4427190999916,4.17956374092545,1.87335251734555,0.00150799630884669
"quadneg",16000,111,2,1,8000,8456.60346148614,210.937376047209,8245.66608543893,7997.38703197675,7998.64931902106,2.52457408860387,91.1240070506164,89.4422610380552,89.4427190999916,5.03946703369074,2.76174555015747,0.000182481933008497
"quadneg",16000,111,5,0,3200,3459.24802288617,84.7958755252169,3374.45214736095,3197.75478244889,3198.20380267868,2.24510114895701,71.8936787075842,71.5541727293675,71.5541752799933,3.63722159080014,2.46314558549747,0.00071145552216281
"quadneg",16000,111,5,1,3200,3484.91530413918,84.1632489579252,3400.75205518126,3197.69924599139,3198.14816378116,2.24458894880448,71.8914252427664,71.5530901734259,71.5541752799933,3.99513651562619,2.83151839996067,0.000238066333072797
"quadneg",16000,111,10,0,1600,1868.83140892071,42.4164398848694,1826.41496903584,1597.84304165942,1598.0587165694,2.15674909980909,53.7789404799168,53.6656245070898,53.665631459995,5.03893094291232,4.25516808131571,2.61160761913525e-06
"quadneg",16000,111,10,1,1600,1879.05053342395,42.073927749744,1836.9766056742,1597.81917366754,1598.03407565753,2.14901989991184,53.7775109996242,53.6646287042461,53.665631459995,5.22953469821936,4.45251436162023,1.18925421215229e-06
"quadneg",16000,111,25,0,640,928.161459424565,16.9203273289165,911.241132095649,637.90641886203,637.990143435804,2.09311434434243,35.0819913991038,35.0542182013889,35.0542436803306,8.27361928405097,7.79509578818731,4.05768865584326e-13
"quadneg",16000,111,25,1,640,918.182115181591,16.7899141067586,901.392201074833,637.890785529943,637.974597532129,2.09530005464717,35.0811582619278,35.0534981992052,35.0542436803306,7.98979690348017,7.51473082788287,1.96030461286334e-12
"quadneg",16000,111,50,0,320,533.982899688281,8.43212409312734,525.550775595154,317.922893517668,317.964417536314,2.07620093228478,25.0536086887616,25.0438905983501,25.0439613479976,8.6239075917048,8.28890212739212,3.54267281899839e-13
"quadneg",16000,111,50,1,320,553.861518577968,8.37688900344943,545.484629574518,317.914840758748,317.956389521195,2.07743812234692,25.0530408423761,25.0433630496141,25.0439613479976,9.41788580890055,9.08537082669613,5.2436800085366e-15
"quadneg",16000,112,2,0,8000,8166.31272613245,128.690033176867,8037.62269295559,7997.47670339224,7998.73832685476,2.52324692505001,90.7005364878106,89.4427186196404,89.4427190999916,1.86146663821452,0.434740431651934,0.0922816398256091
"quadneg",16000,112,2,1,8000,8106.10908964635,128.863581903803,7977.24550774255,7997.43067945772,7998.69394103593,2.526523156434,90.6982861121305,89.4425234609838,89.4427190999916,1.19824105666423,-0.239801298794329,0.195935783219671
"quadneg",16000,112,5,0,3200,3383.12247021864,51.4679713984113,3331.65449882023,3197.75865515099,3198.20690236439,2.24123606698372,71.807057615142,71.5541729476174,71.5541752799933,2.58141499211857,1.86498691772364,0.0113087000641385
"quadneg",16000,112,5,1,3200,3454.49354617325,51.334384980486,3403.15916119277,3197.72987805245,3198.17841051681,2.24266232179711,71.8059032956084,71.5536513225485,71.5541752799933,3.57580165886596,2.86471405563848,0.000863642075309049
"quadneg",16000,112,10,0,1600,1806.32874507671,25.7363467085917,1780.59239836812,1597.8514007652,1598.06624109909,2.14840333897451,53.7500014398257,53.6656249992205,53.665631459995,3.87864816236164,3.40117453717678,0.000194250127520185
"quadneg",16000,112,10,1,1600,1842.11119124879,25.7165284745083,1816.39466277428,1597.83325562944,1598.04837635487,2.15120725436735,53.7492861999818,53.6651439301067,53.665631459995,4.54476613346052,4.06867978782994,1.83348798093215e-05
"quadneg",16000,112,25,0,640,825.993325967277,10.281186543037,815.71213942424,637.903579591913,637.98741882051,2.09598071491142,35.0748959847075,35.0542197439035,35.0542436803306,5.36251758116033,5.06999505058558,6.55491253212079e-07
"quadneg",16000,112,25,1,640,870.676931809552,10.240256030101,860.436675779451,637.893260072977,637.977252592784,2.09981299516583,35.0744894177155,35.0538731132835,35.0542436803306,6.63683707449778,6.34621522328631,2.11508218270086e-09
"quadneg",16000,112,50,0,320,498.181767351308,5.13250212026134,493.049265231047,317.920735322722,317.962303645445,2.07841613612124,25.051129489269,25.0438951349548,25.0439613479976,7.19572473192489,6.99120327098105,4.04508623456862e-10
"quadneg",16000,112,50,1,320,547.763604591844,5.15043582023547,542.613168771609,317.915907466294,317.957505361492,2.07989475994108,25.050848662761,25.0436361377478,25.0439613479976,9.17524592558924,8.97056889720165,1.95139768331504e-14
"quadneg",16000,113,2,0,8000,8224.03554182504,130.600569096078,8093.43497272896,7997.47360059,7998.73677369362,2.52634620723041,90.6456233190337,89.4427185409198,89.4427190999916,2.49942504601283,1.05875805856706,0.0378758460689428
"quadneg",16000,113,2,1,8000,8265.74157159967,131.262973516153,8134.47859808352,7997.36624795576,7998.63206027528,2.53162463904952,90.6480141369998,89.4422378156942,89.4427190999916,2.96063103200816,1.51881863788076,0.0179070103275892
"quadneg",16000,113,5,0,3200,3473.95739559943,52.1805079219698,3421.77688767746,3197.74836630865,3198.19867002586,2.25151858603971,71.7959605753588,71.5541727900806,71.5541752799933,3.84713885122923,3.12460068971129,0.000383706807276021
"quadneg",16000,113,5,1,3200,3482.6922857398,52.3460159895543,3430.34626975024,3197.6825942409,3198.13300805957,2.25206909336293,71.795726606491,71.5529257236577,71.5541752799933,3.96973058105568,3.24533566366659,0.000262586682699515
"quadneg",16000,113,10,0,1600,1861.797096549,26.0897119905352,1835.70738455846,1597.84013856346,1598.05610392049,2.15965357033711,53.7462954178383,53.6656245703696,53.665631459995,4.9111656149222,4.42837072223666,4.42928265394426e-06
"quadneg",16000,113,10,1,1600,1816.45377934379,26.1403821793643,1790.31339716443,1597.80594057291,1598.02165084024,2.15710267331011,53.7455307131324,53.6644719308136,53.665631459995,4.06820503713921,3.58322255685475,0.000102577618984461
"quadneg",16000,113,25,0,640,890.465836025317,10.4466288638223,880.019207161495,637.897573031326,637.981651872773,2.10197103616204,35.0739863218107,35.054218823516,35.0542436803306,7.20101389892291,6.90466264580833,1.28205555272246e-10
"quadneg",16000,113,25,1,640,865.465610917301,10.4877856790471,854.977825238254,637.882271668751,637.966338986501,2.10168294375903,35.0732562962336,35.0533856617459,35.0542436803306,6.48879982304321,6.19088519282686,4.31116332335518e-09
"quadneg",16000,113,50,0,320,609.620479762824,5.22556040356928,604.394919359255,317.914711737589,317.956400016324,2.08441393675765,25.05080897536,25.0438930593953,25.0439613479976,11.6445647848002,11.4374597696771,1.39801173186992e-20
"quadneg",16000,113,50,1,320,579.651383203954,5.24454202431761,574.406841179636,317.907915227065,317.949579922816,2.08323478757895,25.0502292664989,25.0432762237261,25.0439613479976,10.4487454063718,10.2405635335305,1.65317175924289e-17
"quadneg",16000,114,2,0,8000,8047.96295548441,148.047164249918,7899.91579123449,7997.47396993694,7998.7369589636,2.52597805330904,90.9377080375136,89.4427185851353,89.4427190999916,0.555204069214488,-1.10485424965079,0.34476608458688
"quadneg",16000,114,2,1,8000,8095.70308138302,146.696656965515,7949.00642441751,7997.42520946009,7998.68816893889,2.52591895759946,90.9346927652484,89.4424724833771,89.4427190999916,1.08075222925797,-0.555460321500136,0.219273355382623
"quadneg",16000,114,5,0,3200,3310.97567797277,59.2596465417067,3251.71603143107,3197.74341562097,3198.194709213,2.25646796014009,71.8550357737913,71.5541727321644,71.5541752799933,1.57584310038159,0.747983243666347,0.0800628175540172
"quadneg",16000,114,5,1,3200,3359.1307016455,58.851501796483,3300.27919984902,3197.7173140451,3198.16766431326,2.25175134078394,71.8536073946908,71.5535792227997,71.5541752799933,2.24642009570593,1.42706397981586,0.0232851027160312
"quadneg",16000,114,10,0,1600,1713.45421976077,29.6209828114166,1683.83323694936,1597.83790976583,1598.05409833646,2.16188570629547,53.7660280500369,53.6656246667816,53.665631459995,2.15035988686656,1.59840007724706,0.0223880109708794
"quadneg",16000,114,10,1,1600,1721.06929454154,29.4440026052965,1691.62529193625,1597.82066799789,1598.03685744029,2.16189442397687,53.7651775472349,53.6650822361326,53.665631459995,2.29235040534127,1.74393535975879,0.0163741129520386
"quadneg",16000,114,25,0,640,823.606034248285,11.858060900166,811.747973348119,637.897330467007,637.98141858689,2.10220299706839,35.0788241654316,35.0542182289068,35.0542436803306,5.29404015669046,4.95707973364348,8.69231054234287e-07
"quadneg",16000,114,25,1,640,790.490599889202,11.7655712406132,778.725028648589,637.890086292424,637.97416790798,2.10204038889265,35.0783472583065,35.0538218643363,35.0542436803306,4.35027661004303,4.01527859887395,3.33349736848967e-05
"quadneg",16000,114,50,0,320,507.494560655216,5.92531607950466,501.569244575711,317.91617051323,317.957829098335,2.08292925524314,25.0525002956764,25.0438910056462,25.0439613479976,7.56724430314462,7.33158499356113,6.9607821653488e-11
"quadneg",16000,114,50,1,320,494.747661350072,5.86272790322915,488.884933446843,317.914534627084,317.956150262923,2.08078179194893,25.0521785333295,25.0435982061953,25.0439613479976,7.05859278815729,6.82524858355361,7.63774056359437e-10
"quadneg",16000,115,2,0,8000,8352.4093606663,139.532447249186,8212.87691341712,7997.45793933335,7998.72894486571,2.54201106472172,90.6713171799406,89.4427186185591,89.4427190999916,3.91470458765408,2.39424708750936,0.00282785595203897
"quadneg",16000,115,2,1,8000,8332.91634626233,139.458618598252,8193.45772766407,7997.45536461533,7998.72057533817,2.53042144567539,90.6723058335467,89.4426525980018,89.4427190999916,3.69970718802303,2.17722917052951,0.00443213609406677
"quadneg",16000,115,5,0,3200,3523.73874182909,55.8352903081245,3467.90345152097,3197.74693220471,3198.19752329224,2.25295543767383,71.8011530531269,71.5541728379995,71.5541752799933,4.54020298787094,3.76925506272497,3.89674985388041e-05
"quadneg",16000,115,5,1,3200,3525.01636151041,55.7991048288597,3469.21725668155,3197.73823081532,3198.18876441043,2.25266797552323,71.801332881019,71.5540010284222,71.5541752799933,4.55810661951662,3.7877475525578,3.65996744173439e-05
"quadneg",16000,115,10,0,1600,1980.93395638638,27.915575231599,1953.01838115478,1597.84347858088,1598.05911085442,2.15632273536435,53.7480291278569,53.6656248730096,53.665631459995,7.12752605112637,6.61427629213883,1.40344740337056e-10
"quadneg",16000,115,10,1,1600,1876.90272163717,27.9187071027418,1848.98401453443,1597.83748742554,1598.05321174917,2.15724323626423,53.7480042238143,53.6654657725893,53.665631459995,5.19210412073274,4.67583387515154,1.40570363607023e-06
"quadneg",16000,115,25,0,640,890.416604229522,11.1476782129551,879.268926016567,637.900321742141,637.984290586526,2.09922110962882,35.0744114875785,35.0542187632818,35.0542436803306,7.1994446029924,6.88318393456196,1.2912748745216e-10
"quadneg",16000,115,25,1,640,878.775711614996,11.1964395342612,867.579272080734,637.89921949926,637.983145831919,2.09815831646483,35.0743312820855,35.0541030182452,35.0542436803306,6.86760041634109,6.54976469171993,6.84303099760697e-10
"quadneg",16000,115,50,0,320,551.376591555745,5.5816178922509,545.794973663494,317.919261327024,317.960858437997,2.07985554868253,25.0509570623749,25.0438923929346,25.0439613479976,9.31929784748067,9.09739235622068,8.97823043937937e-15
"quadneg",16000,115,50,1,320,593.121784586792,5.60816059933283,587.513623987459,317.918029134594,317.959628185093,2.07995252495787,25.0508821436119,25.0438045961072,25.0439613479976,10.9857909942855,10.7633005507584,7.21625377832215e-19
"quadneg",16000,116,2,0,8000,8361.37607690122,192.531072275413,8168.84500462581,7997.46905137016,7998.73450026874,2.53089779716525,90.9265218175321,89.442718586391,89.4427190999916,4.00220989714464,1.90189326806702,0.00228442843229007
"quadneg",16000,116,2,1,8000,8258.26538012384,193.501483342843,8064.76389678099,7997.31958224847,7998.58452645026,2.52988840357785,90.9289192977819,89.441997879156,89.4427190999916,2.86977784285321,0.739913820128933,0.0206161938322924
"quadneg",16000,116,5,0,3200,3431.12836173096,77.0460459161405,3354.08231581482,3197.75426626448,3198.20339069563,2.24562215570695,71.8527706479016,71.5541728407891,71.5541752799933,3.24794845573974,2.17847427942504,0.00214956278429071
"quadneg",16000,116,5,1,3200,3377.12316205322,77.5552378982995,3299.56792415492,3197.65942197726,3198.10815351341,2.24365768075968,71.8520513156459,71.5523191588965,71.5541752799933,2.49768429418354,1.41798018337038,0.0136383196644385
"quadneg",16000,116,10,0,1600,1879.82217623392,38.5178759033064,1841.30430033061,1597.84503191289,1598.06050872876,2.15476815871246,53.7652713287558,53.6656248207046,53.665631459995,5.24459632309569,4.53258100347341,1.11964197611715e-06
"quadneg",16000,116,10,1,1600,1865.3856286299,38.8100132632779,1826.57561536662,1597.79112877572,1598.006587206,2.15458430285357,53.7640118739704,53.6639264275029,53.665631459995,4.97720483511262,4.25926769390233,3.38750094710474e-06
"quadneg",16000,116,25,0,640,898.179845427037,15.4255487323126,882.754296694725,637.899881401563,637.983868017046,2.09966538707661,35.0786395668043,35.054218965259,35.0542436803306,7.41989903940811,6.98262394379011,4.12376158471723e-11
"quadneg",16000,116,25,1,640,913.093880531198,15.5927489746052,897.501131556593,637.875838868078,637.959863190748,2.10060806676184,35.0775216481111,35.0529839440389,35.0542436803306,7.84599449254251,7.40425604793574,4.31533522107355e-12
"quadneg",16000,116,50,0,320,588.053026470407,7.71529488611231,580.337731584294,317.916258450882,317.957915969656,2.08287593870931,25.0524384329899,25.04389375802,25.0439613479976,10.7828532836069,10.4767979831656,2.36709022305678e-18
"quadneg",16000,116,50,1,320,595.984450587969,7.79607200012594,588.188378587843,317.903874825847,317.945544392792,2.08347834729213,25.051569206261,25.0429824798762,25.0439613479976,11.1003256312033,10.7911601348685,3.67091737328937e-19
"quadneg",16000,117,2,0,8000,8257.99693569158,140.92601729111,8117.07091840047,7997.46624881641,7998.73309985627,2.53370207972664,90.6917582327371,89.4427186275929,89.4427190999916,2.87270521546827,1.32305703985714,0.0207196345472852
"quadneg",16000,117,2,1,8000,8314.85789596029,141.413184551438,8173.44471140885,7997.4200267237,7998.6855172069,2.53098096640137,90.6934085901936,89.4424917223273,89.4427190999916,3.50012061704458,1.95387215669798,0.00660219450688952
"quadneg",16000,117,5,0,3200,3348.92195435083,56.3807758296696,3292.54117852116,3197.74690891384,3198.19750514754,2.2529811684992,71.805283640317,71.5541729280404,71.5541752799933,2.10534709666004,1.31849296152861,0.0309840872817162
"quadneg",16000,117,5,1,3200,3455.40086156664,56.8577200253529,3398.54314154128,3197.715161683,3198.16588068259,2.25359499797486,71.8053358992741,71.55357838843,71.5541752799933,3.58867062811472,2.8003807129105,0.000832457680179463
"quadneg",16000,117,10,0,1600,1821.29002032474,28.1733796944633,1793.11664063027,1597.83646885761,1598.05280250803,2.1633365041237,53.7494095597818,53.66562505565,53.665631459995,4.15732104403102,3.63480045038087,7.49940202101016e-05
"quadneg",16000,117,10,1,1600,1818.14357223299,28.4471293240894,1789.6964429089,1597.81888264403,1598.03522926255,2.163466185199,53.7491076529841,53.6650776700061,53.665631459995,4.09913204534349,3.57143270759628,9.19996919417473e-05
"quadneg",16000,117,25,0,640,896.898904374788,11.2744505962119,885.624453778576,637.895407592065,637.97957350936,2.10414793237383,35.0747505400105,35.054219473639,35.0542436803306,7.3843289772588,7.06462400212469,4.98634278666301e-11
"quadneg",16000,117,25,1,640,857.725736593019,11.3985508691006,846.327185723919,637.886532403139,637.970752609179,2.10550515099627,35.0744141780755,35.053817773825,35.0542436803306,6.26779404136985,5.94390130225191,1.21617985462669e-08
"quadneg",16000,117,50,0,320,540.826555746636,5.63382306458012,535.192732682056,317.914739802683,317.956427878627,2.08440379717079,25.0510777395413,25.0438945123101,25.0439613479976,8.89829245119073,8.67422216207822,8.50193626113239e-14
"quadneg",16000,117,50,1,320,526.264975263376,5.71922436218899,520.545750901187,317.909904629064,317.951612901043,2.08541359898696,25.0508053958531,25.0435987303841,25.0439613479976,8.31730027605433,8.08965756803742,1.71861752778324e-12
"quadneg",16000,118,2,0,8000,8225.82493698098,141.142311870698,8084.68262511029,7997.45559898077,7998.7277742423,2.54435052307035,90.6572150362,89.4427186086636,89.4427190999916,2.51904206310582,0.961004452962344,0.0367452026542595
"quadneg",16000,118,2,1,8000,8207.94317795264,140.488438904214,8067.45473904843,7997.44128031364,7998.71282560028,2.54309057326812,90.6558283941703,89.4426467861137,89.4427190999916,2.32198967642481,0.768558578242204,0.0493786914501315
"quadneg",16000,118,5,0,3200,3423.85162028491,56.4404835552225,3367.41113672969,3197.73877750946,3198.19100023546,2.26111362998797,71.7983040167016,71.5541729479865,71.5541752799933,3.14927832728271,2.36492337934283,0.0028162086241483
"quadneg",16000,118,5,1,3200,3442.40672654063,56.1700121952414,3386.23671434539,3197.73022630151,3198.18213395903,2.25953828760948,71.7976963951312,71.5539799629669,71.5541752799933,3.4078600362409,2.62814983154942,0.00139594975663804
"quadneg",16000,118,10,0,1600,1795.55808596934,28.2247489769711,1767.33333699236,1597.83429699115,1598.05084802857,2.16551037421224,53.7470781279786,53.6656251166271,53.665631459995,3.6787821006266,3.15439331221628,0.00037341001413595
"quadneg",16000,118,10,1,1600,1806.47267374835,28.0775131811834,1778.39516056717,1597.82554810037,1598.04240434447,2.1685624409037,53.746744892274,53.6654465560033,53.665631459995,3.88204208582628,3.36068676954906,0.00019252646472357
"quadneg",16000,118,25,0,640,846.827133014902,11.2764908141619,835.55064220074,637.89066409872,637.975020079588,2.10889952168016,35.0741793518003,35.0542199377535,35.0542436803306,5.95698809715578,5.63628637213982,5.02149796409246e-08
"quadneg",16000,118,25,1,640,866.91571884411,11.2229141355503,855.69280470856,637.886334268457,637.970765275885,2.11077518571458,35.0740076467621,35.0540887802871,35.0542436803306,6.5298892240162,6.21103120943518,3.54013448816359e-09
"quadneg",16000,118,50,0,320,536.465183335892,5.68135871196849,530.783824623924,317.909246692537,317.951045054918,2.08991811906209,25.0508795575121,25.0438961943354,25.0439613479976,8.72448155529199,8.49838930482172,2.11722816063962e-13
"quadneg",16000,118,50,1,320,574.309985867252,5.63932183804226,568.67066402921,317.906164206676,317.947998637138,2.09172152309585,25.0507662336035,25.0437973085151,25.0439613479976,10.2353684222494,10.0113677771551,5.59320899541655e-17
"quadneg",16000,119,2,0,8000,8201.71791648922,177.258990711917,8024.45892577731,7997.46482658323,7998.73238757721,2.53512198796989,91.0529176333413,89.4427186039392,89.4427190999916,2.24323498043739,0.287631442800992,0.0545206770737201
"quadneg",16000,119,2,1,8000,8323.20080419784,178.32471234703,8144.87609185081,7997.17026201453,7998.43460321278,2.52868239650408,91.0561179845453,89.441262799424,89.4427190999916,3.58054515610529,1.63729227489145,0.00550364059906297
"quadneg",16000,119,5,0,3200,3391.67555596751,70.8439111773258,3320.83164479019,3197.74649597342,3198.19717344082,2.25338733696836,71.8783760864787,71.5541727420152,71.5541752799933,2.69801671313178,1.71386890030193,0.00859154712775713
"quadneg",16000,119,5,1,3200,3419.67376276493,71.9527553263449,3347.72100743859,3197.56019924549,3198.00966109573,2.247309251213,71.8764594288056,71.5504761325346,71.5541752799933,3.0902129192862,2.09238784191378,0.00327888484731993
"quadneg",16000,119,10,0,1600,1759.42782346418,35.4291398815895,1723.99868358259,1597.83761349884,1598.05383170153,2.16218202690427,53.7738270917842,53.6656246728873,53.665631459995,3.00499738821881,2.34684404865767,0.00274911952451469
"quadneg",16000,119,10,1,1600,1832.46650717791,36.0464910747975,1796.42001610312,1597.73901630305,1597.95427505607,2.15258753021304,53.7711269867676,53.6622228245203,53.665631459995,4.36530725741774,3.69842564472305,3.56368938143125e-05
"quadneg",16000,119,25,0,640,819.798258325595,14.1815287092832,805.616729616312,637.896342588158,637.980470182741,2.10318986458305,35.0807367320613,35.0542181890073,35.0542436803306,5.18523647683806,4.7821993498671,1.35626499078711e-06
"quadneg",16000,119,25,1,640,880.987956668347,14.4675324194696,866.520424248877,637.85322601476,637.937233721945,2.10019267961467,35.0784580042344,35.051751788972,35.0542436803306,6.93116928412981,6.5213057510823,5.00495851115031e-10
"quadneg",16000,119,50,0,320,530.827286436927,7.09468353980709,523.73260289712,317.913584079848,317.955294418214,2.08551691832905,25.0531699244252,25.0438911320011,25.0439613479976,8.49847356639297,8.21666678689409,6.78354307401576e-13
"quadneg",16000,119,50,1,320,543.05668578573,7.22446369591861,535.832222089812,317.895221747875,317.936828824518,2.08035383216112,25.0514179119932,25.0420711632308,25.0439613479976,8.98797284963503,8.70117299184217,5.31153780160129e-14
"quadneg",16000,120,2,0,8000,8201.55518975469,159.81581092249,8041.7393788322,7997.47369348216,7998.7368227136,2.52625846287847,90.656698386729,89.4427186424518,89.4427190999916,2.25114635657643,0.480783195896662,0.0546605976158862
"quadneg",16000,120,2,1,8000,8179.81693320815,158.08964110864,8021.72729209951,7997.34892181833,7998.61463356166,2.53142348667109,90.6521389333481,89.4421591725647,89.4427190999916,2.01283735317023,0.258408995843368,0.0760606212336589
"quadneg",16000,120,5,0,3200,3411.96324102738,63.9481511519524,3348.01508987543,3197.75357541613,3198.20283784564,2.24631214752676,71.7981991442107,71.5541728550431,71.5541752799933,2.9834963573528,2.09368994221037,0.00431685935795007
"quadneg",16000,120,5,1,3200,3415.36442777223,63.4909857701491,3351.87344200208,3197.67368297684,3198.12361885888,2.24967941016689,71.7955705618617,71.5527136007315,71.5541752799933,3.0320915774019,2.14876299452646,0.0038271671342762
"quadneg",16000,120,10,0,1600,1825.13730760977,31.9468515502944,1793.19045605947,1597.84791899735,1598.06310764772,2.15188650377595,53.7470430938933,53.6656250471939,53.665631459995,4.22887242774192,3.63598389546668,5.82338933164772e-05
"quadneg",16000,120,10,1,1600,1883.69917344504,31.5428686703581,1852.15630477468,1597.79895200101,1598.01472951719,2.15777516180844,53.7452662997511,53.6642747533124,53.665631459995,5.31954237326675,4.73576837525053,8.253148757661e-07
"quadneg",16000,120,25,0,640,841.939093680039,12.8076705444024,829.131423135637,637.902227811362,637.986121268347,2.09733642463993,35.0741713140132,35.0542199540355,35.0542436803306,5.81729683766352,5.45284710707945,9.3312079393595e-08
"quadneg",16000,120,25,1,640,858.486283339068,12.6603370342869,845.825946304781,637.882814398158,637.966749259849,2.09837154226987,35.0730774763605,35.0532378428165,35.0542436803306,6.28982355738809,5.92981447183285,1.09955276545933e-08
"quadneg",16000,120,50,0,320,541.752409913195,6.40503191981908,535.347377993376,317.920140919354,317.961720907784,2.07899942150633,25.050874653526,25.0438942613038,25.0439613479976,8.93510793892923,8.68018586955473,6.99583344050306e-14
"quadneg",16000,120,50,1,320,560.501653059605,6.31628553203323,554.185367527572,317.909598593008,317.951201269447,2.08013382193678,25.0501076118267,25.043166805935,25.0439613479976,9.68427194907794,9.4330788150219,1.22735532438118e-15
"quadneg",16000,121,2,0,8000,8260.15804977168,196.437923640583,8063.72012613109,7997.47492320742,7998.73743696292,2.5250275109999,90.7909957853757,89.4427186223014,89.4427190999916,2.89327288782271,0.726528555584032,0.0198992890312731
"quadneg",16000,121,2,1,8000,8209.66595200833,196.582534828416,8013.08341717991,7997.43852704752,7998.70448097893,2.53190786282792,90.7924085023976,89.4425801476702,89.4427190999916,2.33750187335543,0.160761643696279,0.048026718333944
"quadneg",16000,121,5,0,3200,3501.23367152184,78.589973646734,3422.6436978751,3197.75080824149,3198.20062379597,2.24907777238987,71.8253450750403,71.5541727954442,71.5541752799933,4.22528931762565,3.13668742591379,0.000113787338825361
"quadneg",16000,121,5,1,3200,3531.04824330641,78.7521053655947,3452.29613794082,3197.73121016388,3198.18115689541,2.24973365763673,71.8255155536196,71.5538102849404,71.5541752799933,4.64064936496976,3.55138293870691,2.7150462848715e-05
"quadneg",16000,121,10,0,1600,1866.3298247783,39.3109149997906,1827.01890977851,1597.84352030799,1598.05914785747,2.15627549483641,53.7561089930318,53.6656246799983,53.665631459995,4.9945263803434,4.26641380373931,3.15526217067408e-06
"quadneg",16000,121,10,1,1600,1894.92829482599,39.4696723979068,1855.45862242808,1597.83212882697,1598.0478309413,2.15702114337713,53.7559779788941,53.6652905271055,53.665631459995,5.52675585431022,4.79659737156861,3.35012369770763e-07
"quadneg",16000,121,25,0,640,905.532844127377,15.7135038020867,889.81934032529,637.896392965866,637.980519013455,2.10315118973065,35.0763926195931,35.0542188117117,35.0542436803306,7.63010193391475,7.1842656846683,1.36941748364311e-11
"quadneg",16000,121,25,1,640,939.097059078095,15.8020480594122,923.295011018683,637.896173833151,637.980127770381,2.09884843075325,35.0762043325748,35.053977099172,35.0542436803306,8.5870432954806,8.13930135348441,6.93174851496295e-14
"quadneg",16000,121,50,0,320,613.426160628003,7.84681128962195,605.579349338381,317.915728124286,317.957396024014,2.08339498640484,25.0516509198204,25.0438928491458,25.0439613479976,11.7960462346182,11.4847142593559,5.53781006047254e-21
"quadneg",16000,121,50,1,320,643.861605724263,7.8906342819153,635.970971442348,317.916397340898,317.958005302076,2.08039805891156,25.0514901441841,25.0437128404657,25.0439613479976,13.0110107824878,12.6983154680813,2.73139139016923e-24
"quadneg",16000,122,2,0,8000,8124.92132500171,143.618597324439,7981.30272767727,7997.46540459406,7998.73267878091,2.53454837368286,90.5794700424543,89.4427186669888,89.4427190999916,1.40711709118975,-0.1948727785045,0.157802344348513
"quadneg",16000,122,2,1,8000,8194.18411389452,141.746622382277,8052.43749151225,7997.03900293877,7998.30360815453,2.52921043152733,90.5692706501628,89.4407735684448,89.4427190999916,2.17673289781977,0.605248380553025,0.0613036772301371
"quadneg",16000,122,5,0,3200,3231.69499410089,57.4243376170153,3174.27065648388,3197.7576695386,3198.20611437017,2.24222415783798,71.7826021682255,71.5541729936987,71.5541752799933,0.472779246463614,-0.334508203852759,0.334261058657609
"quadneg",16000,122,5,1,3200,3329.40295799636,56.2226830447409,3273.18027495162,3197.4748053445,3197.92477649411,2.24985574804003,71.7750145104586,71.5489289893547,71.5541752799933,1.83807908018797,1.05180468136302,0.051616404916823
"quadneg",16000,122,10,0,1600,1797.86556321682,28.6991671485752,1769.16639606824,1597.85200445006,1598.06678517222,2.14780722166423,53.7418349153529,53.6656252602554,53.665631459995,3.72174785400978,3.1882533757179,0.000325351692402346
"quadneg",16000,122,10,1,1600,1752.42473132258,28.0243823503197,1724.40034897226,1597.6933490081,1597.90840330742,2.15054299323858,53.7361179877274,53.660740594047,53.665631459995,2.87946707184583,2.35725307300124,0.00390775740957758
"quadneg",16000,122,25,0,640,840.531950914861,11.4742533196747,829.057697595186,637.908460860052,637.992105147526,2.09110718685936,35.0728942585614,35.0542201912379,35.0542436803306,5.77721041671226,5.45057318078404,1.11322147925868e-07
"quadneg",16000,122,25,1,640,870.876670681238,11.2417852722876,859.63488540895,637.839110889584,637.922869913127,2.0939755885565,35.06913216269,35.0506688291964,35.0542436803306,6.64509058024487,6.32547174994683,2.05768255219477e-09
"quadneg",16000,122,50,0,320,509.46842418538,5.74085113598447,503.727573049395,317.926609430654,317.968060560492,2.07255649189597,25.0504297805229,25.0438962917506,25.0439613479976,7.64624864455032,7.41735672136978,4.76186586581133e-11
"quadneg",16000,122,50,1,320,556.021387744029,5.62943570928239,550.391952034747,317.889489042534,317.93100436669,2.07576620776068,25.0477340070107,25.0412746156207,25.0439613479976,9.50712342421249,9.28311163214704,3.27747942030719e-15
"quadneg",16000,123,2,0,8000,8243.9757410297,155.298926996516,8088.67681403318,7997.4777751429,7998.73886308616,2.52217588650758,90.5800113661774,89.4427186432694,89.4427190999916,2.72132849365965,1.00553686550752,0.0267710754461631
"quadneg",16000,123,2,1,8000,8200.26999145158,152.28961297108,8047.9803784805,7996.13340608345,7997.40156377121,2.53631537551342,90.5562375886659,89.4365391634992,89.4427190999916,2.25425206262853,0.565527413989368,0.0557757401180199
"quadneg",16000,123,5,0,3200,3567.55261701635,62.1265258729626,3505.42609114339,3197.75939743866,3198.20749606657,2.24049313954986,71.7827116095481,71.5541729395802,71.5541752799933,5.15156381370949,4.29351053133174,4.05553745507365e-06
"quadneg",16000,123,5,1,3200,3392.48329122303,60.3497800768531,3332.13351114617,3196.88942732431,3197.34004269597,2.25307685826699,71.7616756312007,71.5377838045951,71.5541752799933,2.72560335552799,1.88422762464088,0.00836751573393028
"quadneg",16000,123,10,0,1600,1885.96186118905,31.0597342286914,1854.90212696036,1597.85535895719,1598.06980376543,2.14444808241528,53.7418711639749,53.6656251168691,53.665631459995,5.36093172775479,4.78578834469215,6.89706569965668e-07
"quadneg",16000,123,10,1,1600,1774.234087953,30.2102933148414,1744.02379463816,1597.36228648886,1597.57721600562,2.14929516760527,53.7249490771945,53.6503082759129,53.665631459995,3.2921725288191,2.72965027301236,0.00125847079159964
"quadneg",16000,123,25,0,640,874.051018990703,12.4105269186373,861.640492072065,637.911849020906,637.995357296698,2.08770689480756,35.0729021062497,35.0542195248429,35.0542436803306,6.73280954209143,6.37997758349377,1.32599566022538e-09
"quadneg",16000,123,25,1,640,823.527518239289,12.0941819543386,811.433336284951,637.697022171097,637.780810562342,2.09470978112338,35.061394165971,35.0431115678025,35.0542436803306,5.30014565845619,4.9553968798296,8.7729905252752e-07
"quadneg",16000,123,50,0,320,579.447718336221,6.21426726827572,573.233451067946,317.928232784737,317.969651506341,2.07093608019343,25.0504329781094,25.0438965231404,25.0439613479976,10.4397191769107,10.1926550976499,1.73223430596528e-17
"quadneg",16000,123,50,1,320,521.486305717295,6.00269527623321,515.483610441062,317.816736501412,317.858265570391,2.07645344891062,25.0420966314026,25.0357006518436,25.0439613479976,8.13308774475705,7.89374132639336,4.4945296386481e-12
"quadneg",16000,124,2,0,8000,8182.26017274047,151.42524189866,8030.83493084181,7997.47817392164,7998.73906194982,2.52177605635594,90.73929452522,89.4427185926232,89.4427190999916,2.03640550420492,0.358842725232616,0.0733749319184439
"quadneg",16000,124,2,1,8000,8171.05444713485,151.536268313455,8019.5181788214,7997.44172341185,7998.70535839635,2.52726996898595,90.7372082737254,89.4425711695397,89.4427190999916,1.91335756329713,0.232694791226434,0.0863148873850813
"quadneg",16000,124,5,0,3200,3417.58040065616,60.5792336623463,3357.00116699381,3197.7596784777,3198.20771982472,2.2402067351003,71.8148913688685,71.5541727621345,71.5541752799933,3.06093510675075,2.21920596716236,0.00353567185445369
"quadneg",16000,124,5,1,3200,3405.97440769307,60.38367988054,3345.59072781253,3197.73869393711,3198.18695406351,2.24130063200417,71.813909528633,71.5537919479489,71.5541752799933,2.89965711549149,2.06004140012941,0.00531765199748196
"quadneg",16000,124,10,0,1600,1780.15542682498,30.2862266504135,1749.86920017457,1597.85538167607,1598.06982329065,2.14441614587909,53.7526177429564,53.6656247327247,53.665631459995,3.39146357523772,2.82861473503628,0.000907635563199487
"quadneg",16000,124,10,1,1600,1805.0291113354,30.162937057559,1774.86617427784,1597.83935230525,1598.05428084751,2.14928542266352,53.752044254734,53.6652742830343,53.665631459995,3.85454659265176,3.29471703615654,0.000210484972002053
"quadneg",16000,124,25,0,640,810.888233445821,12.1002009203007,798.78803252552,637.903285530877,637.987135749692,2.09625547037717,35.0755362194446,35.0542186198897,35.0542436803306,4.93178341829731,4.58720528103825,3.74396775726161e-06
"quadneg",16000,124,25,1,640,855.949005452888,12.0424761339161,843.906529318972,637.900905516027,637.984662288731,2.09391931760655,35.0752264180524,35.0539664763002,35.0542436803306,6.21658424490275,5.87442414453907,1.53769428981517e-08
"quadneg",16000,124,50,0,320,513.593011374427,6.03580965079289,507.557201723634,317.922422307706,317.96395613563,2.07669139623147,25.0513505562892,25.0438921042682,25.0439613479976,7.81078004665094,7.57043852443733,2.13814795072225e-11
"quadneg",16000,124,50,1,320,513.299826962115,6.01151076024123,507.288316201874,317.920725687368,317.962245610068,2.07599613497453,25.0511447470027,25.043707072429,25.0439613479976,7.79920850914899,7.55982610898041,2.26411186487596e-11
"quadneg",16000,125,2,0,8000,8234.96314015564,125.090491595527,8109.87264856011,7997.46577817073,7998.73286297807,2.53416961466484,90.7357490068846,89.4427185948185,89.4427190999916,2.61746185582139,1.24258058484911,0.0313960704050083
"quadneg",16000,125,2,1,8000,8183.42030530412,124.409706447402,8059.01059885671,7996.70036602678,7997.96419266432,2.52765327508144,90.7373133305663,89.4392108439875,89.4427190999916,2.05780766945447,0.682546341993962,0.072125534102159
"quadneg",16000,125,5,0,3200,3397.6457695964,50.0558931816358,3347.58987641476,3197.74038613121,3198.19228554609,2.25949707437612,71.814175142208,71.5541727530927,71.5541752799933,2.78364797854082,2.08789487908957,0.00705380696020036
"quadneg",16000,125,5,1,3200,3456.1338510526,50.6696662049835,3405.46418484761,3197.25841988727,3197.70909185572,2.25335984226115,71.8071526636523,71.5448552418503,71.5541752799933,3.60514825560503,2.90384392126588,0.000808028850058844
"quadneg",16000,125,10,0,1600,1756.99360994484,25.060179274444,1731.93343067039,1597.83384504284,1598.05044030424,2.16595261400406,53.7523785601026,53.6656247593431,53.665631459995,2.96098087499573,2.49476254057475,0.00311064208614944
"quadneg",16000,125,10,1,1600,1879.01203023893,25.2543348736554,1853.75769536527,1597.56318679735,1597.77951890191,2.16332104557666,53.7447430596726,53.6570543125624,53.665631459995,5.23676972702406,4.77063416437746,1.19283488338963e-06
"quadneg",16000,125,25,0,640,892.059669592329,10.0010142024292,882.0586553899,637.892769057339,637.977039972631,2.1067728822864,35.0754780193436,35.0542187208757,35.0542436803306,7.24628472332782,6.96297405344575,1.01611473991869e-10
"quadneg",16000,125,25,1,640,886.595822496551,10.1539251205753,876.441897375976,637.777265244983,637.8614776225,2.10530943792476,35.0694862333639,35.0479686995733,35.0542436803306,7.09501575232231,6.80725384682223,2.24529414620256e-10
"quadneg",16000,125,50,0,320,504.648274041211,4.98168596872407,499.666588072487,317.911478815587,317.953231629807,2.08764071097955,25.0513308342607,25.0438926132945,25.0439613479976,7.45416666527909,7.25579522514874,1.19852533443859e-10
"quadneg",16000,125,50,1,320,520.015254415956,5.09256386338452,514.922690552571,317.851633985943,317.893390600943,2.08783074999641,25.0468115835137,25.0392799325216,25.0439613479976,8.07143135787713,7.86880854731456,6.02682525037224e-12
"quadneg",16000,126,2,0,8000,8310.24740333412,139.596591061841,8170.65081227228,7997.4764492868,7998.73820001183,2.52350145006692,90.7252793001197,89.4427186154023,89.4427190999916,3.44745099116939,1.92204144643295,0.00728934324614762
"quadneg",16000,126,2,1,8000,8268.62206793768,139.008946157015,8129.61312178066,7996.32963532915,7997.59883989487,2.53840913145175,90.7028900345281,89.4372474810737,89.4427190999916,3.0020259829083,1.47605483849134,0.0169478084657008
"quadneg",16000,126,5,0,3200,3566.80164635622,55.8747442708027,3510.92690208542,3197.75803465788,3198.20640607822,2.24185710170297,71.812059176206,71.5541729340029,71.5541752799933,5.13902004665848,4.37040193722368,4.22413054425817e-06
"quadneg",16000,126,5,1,3200,3575.73517430668,55.2324385927071,3520.50273571398,3197.01440859328,3197.46156707503,2.2357924087386,71.793210711722,71.5398194545161,71.5541752799933,5.27516128557217,4.51554352669747,2.59065652201922e-06
"quadneg",16000,126,10,0,1600,1916.60301707839,27.9321141310628,1888.67090294733,1597.85238218738,1598.06712459713,2.14742409751326,53.7516715446242,53.6656250462922,53.665631459995,5.93005995406835,5.41508233807993,5.44943235277661e-08
"quadneg",16000,126,10,1,1600,1856.53111717046,27.6535081186062,1828.87760905185,1597.43513395482,1597.64970453878,2.145705839613,53.7369663371227,53.6524726091406,53.665631459995,4.8215595497181,4.30973435646791,6.53136006258113e-06
"quadneg",16000,126,25,0,640,889.357837100305,11.1528546447969,878.204982455508,637.908434929882,637.992079732131,2.09112005621463,35.075305185535,35.0542194262529,35.0542436803306,7.16884431483491,6.85261023223573,1.50606085709875e-10
"quadneg",16000,126,25,1,640,912.541507403617,11.0323728419197,901.509134561697,637.726286912512,637.810134908574,2.09619990155262,35.0654503081205,35.0447531199457,35.0542436803306,7.83720779503189,7.52463567800222,4.69858034780298e-12
"quadneg",16000,126,50,0,320,579.853091199829,5.57377737710655,574.279313822723,317.925781280096,317.967248360665,2.07335402844405,25.0512713688932,25.0438938524651,25.0439613479976,10.4556493785371,10.2345133297564,1.57839646661016e-17
"quadneg",16000,126,50,1,320,554.947919933011,5.48350179287383,549.464418140137,317.831041706575,317.872593714299,2.07760038620945,25.0441350245827,25.036894622322,25.0439613479976,9.46796038248826,9.2500219344039,4.14098422738218e-15
"quadneg",16000,127,2,0,8000,8393.57761190857,160.039364287302,8233.53824762127,7997.46789155747,7998.73391953282,2.5320559507065,90.7813785833051,89.4427186213574,89.4427190999916,4.36333669451396,2.62519220913279,0.00102521205874001
"quadneg",16000,127,2,1,8000,8221.89493158065,160.492949880327,8061.40198170032,7997.36881725918,7998.63983388696,2.54203325556589,90.7774266494409,89.4422820632903,89.4427190999916,2.47336945547632,0.701705573309819,0.0392657571913457
"quadneg",16000,127,5,0,3200,3494.4291564813,64.0388094702243,3430.39034701108,3197.75262094288,3198.20207438172,2.24726719421522,71.82340051996,71.5541728734075,71.5541752799933,4.13063894762233,3.24492986649627,0.000155420285935298
"quadneg",16000,127,5,1,3200,3325.81366063381,63.6508389773235,3262.16282165649,3197.69126565325,3198.14132957431,2.2503196053311,71.8211939763116,71.5530519789685,71.5541752799933,1.78390789524919,0.894741598178001,0.0564070169665289
"quadneg",16000,127,10,0,1600,1833.3993714817,32.036159717742,1801.36321176396,1597.84117242474,1598.05703540501,2.15862980279202,53.7554604604198,53.6656249427263,53.665631459995,4.38203295143212,3.78838738160451,3.34486109079407e-05
"quadneg",16000,127,10,1,1600,1704.21252029493,31.8600491883713,1672.35247110656,1597.80965235603,1598.02538369716,2.15731341135899,53.7540336529273,53.6645927967829,53.665631459995,1.97943969425469,1.38503030649765,0.0321271286683163
"quadneg",16000,127,25,0,640,835.784672902895,12.8163225897767,822.968350313119,637.899514334138,637.983515665117,2.10003327446538,35.0762335870417,35.0542190406187,35.0542436803306,5.64157374758339,5.27710614330482,2.00638119823221e-07
"quadneg",16000,127,25,1,640,855.197123386873,12.7381738188867,842.458949567986,637.88559516,637.969590948692,2.09989471730202,35.0753806482657,35.0534672791183,35.0542436803306,6.19555723161104,5.83364141957819,1.69749452137806e-08
"quadneg",16000,127,50,0,320,522.363966735396,6.41902856115501,515.944938174241,317.919442222441,317.961036058531,2.07969180448815,25.0515963561001,25.0438937703502,25.0439613479976,8.16093799400422,7.90547603863845,3.77068231104391e-12
"quadneg",16000,127,50,1,320,516.720426949671,6.37701397286054,510.343412976811,317.912775332871,317.954357535673,2.07911014013136,25.050999111729,25.0433330092438,25.0439613479976,7.93611666864489,7.6822464234343,1.15747671745184e-11
"quadneg",16000,128,2,0,8000,8263.69765629084,174.281909132711,8089.41574715813,7997.46928717503,7998.73461938492,2.53066441977612,90.6187143194961,89.4427186452408,89.4427190999916,2.93789611908596,1.01384583504085,0.0186155278220997
"quadneg",16000,128,2,1,8000,8468.83489742649,174.984857669404,8293.85003975709,7997.30646770907,7998.57451759755,2.53609977695377,90.6135524971853,89.4419908066943,89.4427190999916,5.2037296488521,3.3013075793192,0.000127419800790995
"quadneg",16000,128,5,0,3200,3401.30532518471,69.7265591236495,3331.57876606106,3197.74928585998,3198.19940667307,2.25060406545099,71.7905268385197,71.5541729194136,71.5541752799933,2.83541643011752,1.86403327641292,0.00623692663491519
"quadneg",16000,128,5,1,3200,3415.43976193964,69.2402895011087,3346.19947243854,3197.64665266396,3198.0969955275,2.2517143176998,71.7872810946626,71.5522356155355,71.5541752799933,3.03386764277216,2.06985114632647,0.00381691195788285
"quadneg",16000,128,10,0,1600,1867.23057809175,34.8691877906174,1832.36139030113,1597.84825668849,1598.06341134242,2.15154653936933,53.7444807300423,53.665624969762,53.665631459995,5.01227880042911,4.36588559419038,2.94802954530635e-06
"quadneg",16000,128,10,1,1600,1940.13839735115,34.5420982846806,1905.59629906647,1597.78618057458,1598.00182160924,2.15641034657199,53.7422120125171,53.6638310492976,53.665631459995,6.37026657363556,5.73187697267956,6.78613172377605e-09
"quadneg",16000,128,25,0,640,945.127639469984,13.9309654382996,931.196674031684,637.901960330406,637.985863941953,2.09759028867084,35.073542060065,35.0542192108983,35.0542436803306,8.75947113107196,8.36449410913059,2.56916366566386e-14
"quadneg",16000,128,25,1,640,899.237485551529,13.8407899463292,885.3966956052,637.87402827821,637.958077038978,2.10121901918533,35.0721215691614,35.0529205229266,35.0542436803306,7.45217128533032,7.05900150044226,3.52354248524755e-11
"quadneg",16000,128,50,0,320,586.857995008211,6.96487247863504,579.893122529576,317.921973410136,317.963516744077,2.07716669702215,25.0506546256203,25.0438942533046,25.0439613479976,10.7356883729108,10.4588209459852,3.12696405498785e-18
"quadneg",16000,128,50,1,320,575.949366093949,6.90348603839521,569.045880055554,317.906681997944,317.948280743875,2.07993729654702,25.0496427274474,25.0429260071423,25.0439613479976,10.3012520738774,10.0266877456758,3.85307073279564e-17
"quadneg",16000,129,2,0,8000,8313.40985638951,165.991025666643,8147.41883072287,7997.4703813081,7998.73516382931,2.52956504242503,90.7206717337721,89.4427185607991,89.4427190999916,3.48255220164778,1.6623339416108,0.00681154375394834
"quadneg",16000,129,2,1,8000,8352.48304119005,166.075207474278,8186.40783371578,7997.47303082002,7998.7361305211,2.52619940216269,90.7209492782781,89.442715255882,89.4427190999916,3.91320872625652,2.09823351916109,0.0028229500642267
"quadneg",16000,129,5,0,3200,3599.51048233503,66.3912916520612,3533.11919068297,3197.75066852972,3198.20051217801,2.24921824145585,71.8111267379794,71.5541728211645,71.5541752799933,5.5946735840983,4.6806309862881,6.73276908714808e-07
"quadneg",16000,129,5,1,3200,3439.89112845,66.4421115996044,3373.44901685039,3197.75208227652,3198.20155276065,2.24735242065795,71.8112104888433,71.5541641838711,71.5541752799933,3.371883644979,2.44915814598029,0.00153915213781706
"quadneg",16000,129,10,0,1600,1999.17615414759,33.1898739232539,1965.98628022433,1597.84352201036,1598.05914976697,2.15627756615602,53.7513598737748,53.6656248352453,53.665631459995,7.46646471977052,6.85591813357066,2.22566811332006e-11
"quadneg",16000,129,10,1,1600,1890.67411631103,33.2166286042945,1857.45748770674,1597.84137283238,1598.05719001182,2.15817179445737,53.7513866868126,53.6656168423196,53.665631459995,5.44791049177711,4.83364047518702,4.72915262571643e-07
"quadneg",16000,129,25,0,640,912.322713774717,13.2950382168975,899.02767555782,637.896711336505,637.980824742147,2.10283514106573,35.075228601416,35.0542189661053,35.0542436803306,7.82392626878372,7.44694528975484,4.85947896804149e-12
"quadneg",16000,129,25,1,640,919.662843787906,13.3084009653541,906.354442822552,637.898428306862,637.982468706252,2.10100998473591,35.0752318146745,35.0542131843338,35.0542436803306,8.03314478346973,7.65591207838718,1.55532148807243e-12
"quadneg",16000,129,50,0,320,548.447702423898,6.66225402923413,541.785448394664,317.915823560914,317.957489822855,2.08331309703675,25.0512446509342,25.0438939549459,25.0439613479976,9.20241217852571,8.93742638323246,1.68550217502833e-14
"quadneg",16000,129,50,1,320,546.129752697471,6.67263079662887,539.457121900842,317.9160704373,317.957730667548,2.08301151242115,25.0512436388923,25.0438897240783,25.0439613479976,9.10987436591238,8.8444484332773,2.76605646555578e-14
"quadneg",16000,130,2,0,8000,8352.98018310141,167.961901664489,8185.01828143692,7997.47384766733,7998.73689800196,2.52610066926028,90.8744917050947,89.4427185909386,89.4427190999916,3.9120585850182,2.08268919336978,0.00279004966725183
"quadneg",16000,130,2,1,8000,8471.78418584384,168.714835665951,8303.06935017789,7997.19403110986,7998.45963233395,2.53120244817162,90.8776071222287,89.4413823733663,89.4427190999916,5.22230029775827,3.40569107678107,0.000116711887851979
"quadneg",16000,130,5,0,3200,3480.13224306421,67.1852709278399,3412.94697213637,3197.75397059883,3198.20315314764,2.24591274406401,71.8422384809698,71.5541727473021,71.5541752799933,3.93053276785323,3.0011362125184,0.000293747697370934
"quadneg",16000,130,5,1,3200,3548.00958486126,67.5762733617565,3480.4333114995,3197.57212174459,3198.02264077811,2.25259516760957,71.8405303455672,71.5508118983408,71.5541752799933,4.87799103696753,3.94699463540177,1.14497900755032e-05
"quadneg",16000,130,10,0,1600,1795.84845748818,33.612340201366,1762.23611728681,1597.84349152128,1598.05912191592,2.15630394635342,53.7617527255035,53.6656246858261,53.665631459995,3.68300801087842,3.05925806942585,0.000367016740131432
"quadneg",16000,130,10,1,1600,1830.13040998824,33.830861352398,1796.29954863584,1597.74398229596,1597.95969076337,2.15708467419103,53.7593028103094,53.6625212714136,53.665631459995,4.32272026503513,3.69605924532145,4.17300018057313e-05
"quadneg",16000,130,25,0,640,863.432425570692,13.4383563504705,849.994069220221,637.895627049067,637.979783289881,2.10390602035248,35.0777756602668,35.054218218474,35.0542436803306,6.42962087180158,6.048181836747,5.67477534846856e-09
"quadneg",16000,130,25,1,640,907.235001454262,13.5751947271586,893.659806727104,637.852528088124,637.936729585523,2.10503743499606,35.0757061812715,35.0519735678899,35.0542436803306,7.68002993222627,7.29554005415093,1.05789473039837e-11
"quadneg",16000,130,50,0,320,511.791699164142,6.74508055159709,505.046618612545,317.913993673623,317.955696063921,2.08511951488738,25.0521347118441,25.0438921085698,25.0439613479976,7.73896946190611,7.47052102514863,3.03692929393057e-11
"quadneg",16000,130,50,1,320,532.216310141714,6.80289432014729,525.413415821566,317.892371576724,317.934079148742,2.08537860087873,25.0505449998797,25.0422394174521,25.0439613479976,8.5556597098394,8.28517502824571,5.09988301204518e-13
"quadneg",16000,131,2,0,8000,8297.93743505153,178.317988000402,8119.61944705113,7997.46189870378,7998.73092347757,2.53804954757678,90.8371887826034,89.442718587573,89.4427190999916,3.30784715351396,1.35157478979346,0.00944354806052348
"quadneg",16000,131,2,1,8000,8307.26858175098,178.009090317037,8129.25949143395,7997.45405480821,7998.7245393109,2.54096900538644,90.836364432913,89.4426943588272,89.4427190999916,3.41068831713968,1.45942553563252,0.00776629701724188
"quadneg",16000,131,5,0,3200,3680.29197886672,71.3531776067333,3608.93880125998,3197.74972350965,3198.19975596093,2.25016225639885,71.8346900599472,71.5541727878576,71.5541752799933,6.71739872413143,5.74025286431309,4.21134025894976e-09
"quadneg",16000,131,5,1,3200,3556.86923224857,71.1468831086309,3485.72234913994,3197.74514513478,3198.19545014082,2.25152503017717,71.834371035032,71.5541110227758,71.5541752799933,4.99933502499322,4.01831418054523,7.19328421567582e-06
"quadneg",16000,131,10,0,1600,1871.83200963315,35.6609107387117,1836.17109889444,1597.84237693442,1598.05811859118,2.15741656760873,53.7592305108184,53.6656246033765,53.665631459995,5.09660629617072,4.43697398591865,2.07786141892121e-06
"quadneg",16000,131,10,1,1600,1899.04795042324,35.5644135022294,1863.48353692101,1597.8398003311,1598.05561976292,2.15819431818677,53.7590784856784,53.6655680496791,53.665631459995,5.60292621407902,4.94596305982226,2.39042940654222e-07
"quadneg",16000,131,25,0,640,918.939242536031,14.2650871534302,904.674155382601,637.89916748471,637.983182032208,2.10036368745058,35.0771570752167,35.0542180968744,35.0542436803306,8.01205395433504,7.60795669763269,1.74171729872765e-12
"quadneg",16000,131,25,1,640,875.453430350947,14.2205642205568,861.23286613039,637.896496137765,637.98058755756,2.10228549486949,35.0770925338239,35.0541780082864,35.0542436803306,6.77242374019775,6.36877802469242,1.09061326136135e-09
"quadneg",16000,131,50,0,320,576.984382691927,7.12558015703672,569.858802534891,317.917781435758,317.959407575689,2.08130699654164,25.0519160339905,25.0438901327822,25.0439613479976,10.3411891092349,10.058317362983,3.04327477041248e-17
"quadneg",16000,131,50,1,320,576.312807380666,7.10971911737332,569.203088263293,317.915832299914,317.957489952241,2.08288261634352,25.0518783718046,25.0438612307858,25.0439613479976,10.314475076311,10.0322229066739,3.54691847314906e-17
"quadneg",16000,132,2,0,8000,8388.49261103944,168.648944432478,8219.84366660696,7997.45964869358,7998.72980053008,2.5403036730044,90.8063570471532,89.4427186609848,89.4427190999916,4.30622893662396,2.47212818871224,0.00116771207365579
"quadneg",16000,132,2,1,8000,8305.22491224296,166.67204875729,8138.55286348567,7997.1455880463,7998.41064067246,2.53010525232643,90.7971230043543,89.4411583691585,89.4427190999916,3.39305160783434,1.56686502465433,0.00810927329590562
"quadneg",16000,132,5,0,3200,3471.88115203965,67.4089932546379,3404.47215878501,3197.74765538128,3198.19810230216,2.25223460440124,71.8284526524526,71.5541729174957,71.5541752799933,3.8165028834017,2.88276767199434,0.00041932709391442
"quadneg",16000,132,5,1,3200,3471.03582124017,66.4713056948745,3404.5645155453,3197.54140575927,3197.99184700591,2.25220623315586,71.8223256077317,71.5502233171989,71.5541752799933,3.80793037772997,2.88710026275675,0.000434693855539388
"quadneg",16000,132,10,0,1600,1845.67267461154,33.6969651722893,1811.97570943925,1597.83912193901,1598.05519027717,2.16068338160656,53.7571477071096,53.6656250230977,53.665631459995,4.6102437209435,3.98617400002354,1.42699392083194e-05
"quadneg",16000,132,10,1,1600,1833.93788672745,33.1991314330414,1800.73875529441,1597.72544435144,1597.94126997056,2.15825619125844,53.7527205636376,53.6619802354071,53.665631459995,4.3944276661562,3.77916514512141,3.22442310902585e-05
"quadneg",16000,132,25,0,640,844.119372050479,13.5226737026378,830.596698347841,637.897982058772,637.982045132853,2.10157685203108,35.0766481350382,35.0542196607747,35.0542436803306,5.87916465671963,5.49476368548354,7.08685842734593e-08
"quadneg",16000,132,25,1,640,900.407501463224,13.2906395766361,887.116861886588,637.848835199677,637.932878196607,2.1010749232733,35.0737953688474,35.0515658458822,35.0542436803306,7.48589263016436,7.10906853022243,2.95931474295143e-11
"quadneg",16000,132,50,0,320,510.853483511137,6.74634708630571,504.107136424831,317.917268330464,317.958905872842,2.08187711886843,25.0517421955435,25.0438946624091,25.0439613479976,7.70150888807224,7.43287867407453,3.64322236121822e-11
"quadneg",16000,132,50,1,320,572.471925927206,6.64802422311721,565.823901704089,317.891468719364,317.933116579003,2.08239298193083,25.0497159956137,25.0419392205254,25.0439613479976,10.1630077264117,9.89902510912193,8.4816633703351e-17
"quadneg",16000,133,2,0,8000,8359.24093019531,121.120673232097,8238.12025696322,7997.46331015365,7998.73163042776,2.53664054822046,90.6532845556592,89.442718633496,89.4427190999916,3.99078336559923,2.67644622382711,0.00240443335599407
"quadneg",16000,133,2,1,8000,8092.03056879057,121.252948515206,7970.77762027537,7996.89845167535,7998.16532415961,2.53374496850207,90.6400657834456,89.4400384427335,89.4427190999916,1.0495592240909,-0.306213015569882,0.227881406575913
"quadneg",16000,133,5,0,3200,3523.1097060682,48.4407509687321,3474.66895509947,3197.75416167195,3198.20330680071,2.24572564381792,71.7975094846972,71.554172862096,71.5541752799933,4.53157145326328,3.863725024557,4.0186039236164e-05
"quadneg",16000,133,5,1,3200,3289.92101337092,48.0687186698416,3241.85229470108,3197.38835352276,3197.83690065896,2.24273568099188,71.787523724723,71.5471221857831,71.5541752799933,1.28897968681837,0.615194471803176,0.12572037017601
"quadneg",16000,133,10,0,1600,1876.49270273598,24.2202866877385,1852.27241604824,1597.84791644895,1598.06310522078,2.15188771835636,53.7468125681123,53.6656250035728,53.665631459995,5.18439648739931,4.73691139925291,1.45113407121173e-06
"quadneg",16000,133,10,1,1600,1705.38709772193,24.0979600173791,1681.28913770455,1597.64254716853,1597.8575815394,2.1503437086537,53.7392721010879,53.6591308672428,53.665631459995,2.00494994332494,1.55484359915504,0.0307201906260298
"quadneg",16000,133,25,0,640,867.469471992032,9.7121878457754,857.757284146257,637.908590802525,637.99222942807,2.09096563861748,35.0741138299037,35.0542195312977,35.0542436803306,6.54502298483695,6.26928962209449,3.28278901116035e-09
"quadneg",16000,133,25,1,640,815.323396819592,9.62440481008987,805.698992009502,637.818142053181,637.901864139743,2.09305216404125,35.0691270204784,35.0494964759329,35.0542436803306,5.06158179137899,4.78743333688055,2.268706675677e-06
"quadneg",16000,133,50,0,320,532.54361719892,4.86551074031286,527.678106458607,317.928366985849,317.969782604665,2.07078094079532,25.0508553685978,25.043894853294,25.0439613479976,8.56718251952783,8.37363058271903,4.76759504838858e-13
"quadneg",16000,133,50,1,320,505.177239214583,4.81793180416356,500.35930741042,317.879086065074,317.920585812579,2.07498737523449,25.0472764669447,25.0404089698736,25.0439613479976,7.47778519539596,7.28577244154975,1.08379905867931e-10
"quadneg",16000,134,2,0,8000,8100.58267688695,129.002833190211,7971.57984369674,7997.47998412862,7998.73996743438,2.51996661152258,90.5678863637061,89.4427186448911,89.4427190999916,1.13840232888161,-0.303659416318466,0.208134190135739
"quadneg",16000,134,2,1,8000,8297.51543299028,125.76725393489,8171.74817905539,7996.05511521777,7997.32166599787,2.5331015602023,90.5422775628866,89.4360010135262,89.4427190999916,3.329497842189,1.95029418892664,0.00952640678261453
"quadneg",16000,134,5,0,3200,3256.68917354562,51.6079943406603,3205.08117920496,3197.75795341186,3198.20634097698,2.24193782557972,71.7802634807682,71.5541729589451,71.5541752799933,0.820994759228507,0.0960787881919962,0.230340562333586
"quadneg",16000,134,5,1,3200,3365.29611673473,49.0900628534417,3316.20605388129,3196.8402149364,3197.28781088936,2.23797976482072,71.7577266136957,71.5365405958295,71.5541752799933,2.34756464213541,1.66234265735318,0.0194731949679829
"quadneg",16000,134,10,0,1600,1693.61666814421,25.8039570639044,1667.81271108031,1597.85635980789,1598.0707041765,2.1434436861131,53.7410534348293,53.6656250016243,53.665631459995,1.78188372232887,1.29956572576396,0.0474132905638502
"quadneg",16000,134,10,1,1600,1828.766972792,24.4727657357347,1804.29420705626,1597.33637427036,1597.5512254692,2.14851198841304,53.7231889895766,53.6494587308311,53.665631459995,4.30783434256931,3.85358932742136,4.57309304852205e-05
"quadneg",16000,134,25,0,640,813.185781891178,10.2830150931481,802.90276679803,637.906908127763,637.990614410263,2.09265706250646,35.0727025287198,35.054220027988,35.0542436803306,4.99758675910091,4.70448785498858,2.89147427967063e-06
"quadneg",16000,134,25,1,640,778.755752959171,9.72695139621026,769.028801562961,637.687323703818,637.771031526605,2.09269556968472,35.0605483728017,35.0424841618942,35.0542436803306,4.02356596808929,3.74567537592235,0.000107224344120902
"quadneg",16000,134,50,0,320,511.66050761632,5.17791164928732,506.482595967033,317.930597029303,317.971968241308,2.06856060023421,25.0503620811839,25.0438956766886,25.0439613479976,7.73361718122761,7.52720863236924,3.11531436828195e-11
"quadneg",16000,134,50,1,320,477.531738649208,4.89655240474803,472.63518624446,317.81528828697,317.856717680422,2.0714696725727,25.0415210815439,25.0352024282434,25.0439613479976,6.37806504813127,6.18243327601078,1.65189221319532e-08
"quadneg",16000,135,2,0,8000,8322.7462261895,131.649651785987,8191.09657440351,7997.47597009912,7998.73795983194,2.52397946564606,90.6152168042026,89.4427186209929,89.4427190999916,3.58957653650169,2.15063470271599,0.00555900874156659
"quadneg",16000,135,2,1,8000,8294.29770935279,130.133653700057,8164.16405565273,7997.15818924012,7998.41928724209,2.52219600394886,90.6064251187536,89.4412437770156,89.4427190999916,3.27945308208799,1.85311341179306,0.0101794617958675
"quadneg",16000,135,5,0,3200,3570.461408875,52.6498797686524,3517.81152910635,3197.75598807109,3198.20476813131,2.24390030108353,71.7898198485821,71.5541728678438,71.5541752799933,5.19161939102253,4.46664042312861,3.46143056036872e-06
"quadneg",16000,135,5,1,3200,3561.28803031718,52.359229094938,3508.92880122224,3197.55036515786,3198.00006298598,2.24848914058469,71.7839273669264,71.5503381170669,71.5541752799933,5.06711848322333,4.34559425460064,5.68472409705576e-06
"quadneg",16000,135,10,0,1600,1904.83674192162,26.3556754700315,1878.48106645159,1597.85030199937,1598.06525232347,2.14950324108723,53.7442448618691,53.665625038939,53.665631459995,5.71198722228319,5.22524081149991,1.47861707046383e-07
"quadneg",16000,135,10,1,1600,1941.87097586184,25.9118859142464,1915.95908994759,1597.73301345584,1597.94837959423,2.15366138392857,53.7399512229418,53.6620775154795,53.665631459995,6.40376395167034,5.92617216993926,5.79507612254672e-09
"quadneg",16000,135,25,0,640,908.907750314119,10.5269018023363,898.380848511783,637.904908562093,637.988694682045,2.09465299879606,35.0734848185065,35.0542198119246,35.0542436803306,7.72671558456124,7.42826841466769,8.2002247296292e-12
"quadneg",16000,135,25,1,640,873.649574114615,10.3640501206038,863.285523994011,637.855484347527,637.939307387145,2.09557599045722,35.070703479334,35.0516283059511,35.0542436803306,6.72339207298862,6.42897997890178,1.40208276433777e-09
"quadneg",16000,135,50,0,320,533.634580814147,5.28619953475444,528.348381279392,317.92323759197,317.964755991592,2.07591998110308,25.0506359531621,25.0438956079416,25.0439613479976,8.61101265554691,8.40059504245365,3.80703606718054e-13
"quadneg",16000,135,50,1,320,547.916566003504,5.1893991759157,542.727166827588,317.895321571207,317.936904249006,2.0791338899729,25.048658529218,25.0419855462364,25.0439613479976,9.18297657193853,8.97653511394052,1.88855849614587e-14
"quadneg",16000,136,2,0,8000,8261.34756738377,142.770030499207,8118.57753688456,7997.47407107883,7998.7370114999,2.52588084212605,90.7395500302435,89.4427186257207,89.4427190999916,2.90803179227782,1.33985781320158,0.0194596917385437
"quadneg",16000,136,2,1,8000,8350.15781355476,141.61201866118,8208.54579489358,7997.41329900965,7998.6724917251,2.51838543090106,90.7362854817634,89.4424017973765,89.4427190999916,3.88757940301632,2.34646318693376,0.00298154367003059
"quadneg",16000,136,5,0,3200,3533.01068380624,57.1245578064394,3475.8861259998,3197.7506988535,3198.20053648309,2.24918814799209,71.8149432531354,71.5541728472899,71.5541752799933,4.66838752167508,3.88077422276038,2.46130938014337e-05
"quadneg",16000,136,5,1,3200,3554.72289254775,56.7102745888855,3498.01261795886,3197.71803652049,3198.16577568442,2.23869581962056,71.8132325980961,71.5533488756067,71.5541752799933,4.97129627940906,4.19053541149719,8.05766749454146e-06
"quadneg",16000,136,10,0,1600,1939.10157657449,28.589116076066,1910.51246049842,1597.84157797543,1598.05740053058,2.15822555151478,53.752635386224,53.6656249761894,53.665631459995,6.34871194960085,5.82225698678571,7.45631990185071e-09
"quadneg",16000,136,10,1,1600,1884.44947504697,28.4286237241795,1856.02085132279,1597.82416436781,1598.03932754363,2.15163175823232,53.75155862296,53.6648720065712,53.665631459995,5.33240929234619,4.8072698980363,7.77719286888998e-07
"quadneg",16000,136,25,0,640,928.224468613299,11.3937320441036,916.830736569196,637.901105551763,637.985043429804,2.09844695104118,35.0755414957161,35.0542193188563,35.0542436803306,8.27708855462701,7.95469699675769,4.01707518515205e-13
"quadneg",16000,136,25,1,640,872.421186831881,11.3410348925961,861.080151939285,637.889042691558,637.973054086993,2.10028488587503,35.0749112321882,35.0536728808911,35.0542436803306,6.6866069193382,6.364728130213,1.66243691298287e-09
"quadneg",16000,136,50,0,320,589.309596938053,5.71122452638924,583.598372411663,317.918689273655,317.960298167517,2.08044469310429,25.051354033243,25.0438937876566,25.0439613479976,10.8333827905775,10.6068998893084,1.76514970296325e-18
"quadneg",16000,136,50,1,320,586.29443523232,5.68319542090822,580.611239811411,317.912622173479,317.954249049563,2.08134380422809,25.0509245850462,25.043494108564,25.0439613479976,10.7134494037417,10.4880329247678,3.56488003275312e-18
"quadneg",16000,137,2,0,8000,8335.39854083899,150.861331418931,8184.53720942005,7997.46834110566,7998.73414675649,2.5316113016666,90.6057894612445,89.4427186756527,89.4427190999916,3.72967557308107,2.07734140257236,0.00419028287603655
"quadneg",16000,137,2,1,8000,8250.05780318616,148.106217655949,8101.95158553021,7997.10336100735,7998.36911997023,2.53151792575799,90.5964396237274,89.44107706372,89.4427190999916,2.79210135883271,1.15810843250683,0.0239847113632175
"quadneg",16000,137,5,0,3200,3561.09240396385,60.3680503510278,3500.72435361282,3197.74584776117,3198.19665696228,2.2540460055244,71.7879171572027,71.5541730106527,71.5541752799933,5.06138874884769,4.2279532265086,5.74455353034252e-06
"quadneg",16000,137,5,1,3200,3426.02987855911,58.9708985066053,3367.0589800525,3197.51315547692,3197.96401285995,2.25428691513997,71.7813227302647,71.549751174266,71.5541752799933,3.18351228969262,2.3633201292442,0.00259924582930119
"quadneg",16000,137,10,0,1600,1918.9896766039,30.1924925279107,1888.79718407599,1597.83995063329,1598.05593676554,2.15986132244737,53.7436096943167,53.6656252818469,53.665631459995,5.97558905695483,5.41764389743917,4.43487041892151e-08
"quadneg",16000,137,10,1,1600,1860.97584857103,29.6271588127158,1831.34868975831,1597.71192023275,1597.92755789268,2.15637659932088,53.7387146486515,53.6615071599978,53.665631459995,4.89896213669283,4.34988028140292,4.70773588706661e-06
"quadneg",16000,137,25,0,640,944.095544083175,12.057734997909,932.037809085266,637.901199532552,637.985134681035,2.09837871208301,35.0733303099228,35.0542207385594,35.0542436803306,8.73011892070015,8.38850980591833,3.04757508013469e-14
"quadneg",16000,137,25,1,640,894.746579162453,11.830223449034,882.916355713419,637.844447080829,637.928406560655,2.09898699564338,35.0701347245272,35.0512223250059,35.0542436803306,7.32538195531802,6.98942669905088,6.85124916031795e-11
"quadneg",16000,137,50,0,320,577.06003888844,6.03394707763964,571.026091810801,317.921146459965,317.962706941438,2.07802407364217,25.0505826524658,25.0438966706657,25.0439613479976,10.3446253535731,10.1047927244397,2.99118168650522e-17
"quadneg",16000,137,50,1,320,542.116697578655,5.91485939583706,536.201838182818,317.890141309434,317.931748534606,2.08036125863435,25.0482971558234,25.0416805720739,25.0439613479976,8.95176845253498,8.71627161843217,6.47840884959306e-14
"quadneg",16000,138,2,0,8000,8063.72101188654,151.541926306335,7912.17908558021,7997.46744752833,7998.7336989082,2.53250275974076,90.6217743135961,89.4427186101726,89.4427190999916,0.731099836215386,-0.96771000113746,0.300317975060968
"quadneg",16000,138,2,1,8000,8237.36984481359,152.153139861504,8085.21670495209,7997.22435722876,7998.48612700812,2.52353955871361,90.6235063387295,89.4416217664485,89.4427190999916,2.64992491779366,0.969689236745321,0.030100324892802
"quadneg",16000,138,5,0,3200,3408.64318489386,60.6134492648642,3348.02973562899,3197.74569368342,3198.1965333306,2.254198235913,71.7911448612268,71.5541729438578,71.5541752799933,2.93765326654293,2.09398272852589,0.00484849950194403
"quadneg",16000,138,5,1,3200,3366.47614455044,61.2154067147792,3305.26073783566,3197.59017295543,3198.04045161549,2.25139330029755,71.7892577870466,71.5511672865464,71.5541752799933,2.3525242745369,1.49851204789969,0.0188080410746059
"quadneg",16000,138,10,0,1600,1810.19427217314,30.3193677309145,1779.87490444222,1597.83200527962,1598.0487855374,2.16780257785475,53.7446872805033,53.6656251407247,53.665631459995,3.9513164489201,3.3881300819291,0.000152646622733707
"quadneg",16000,138,10,1,1600,1809.85753142749,30.5983178393892,1779.2592135881,1597.75287524686,1597.96865436663,2.15779119769657,53.7423467190787,53.6628346113018,53.665631459995,3.94669509482616,3.37832618300217,0.000155906640193235
"quadneg",16000,138,25,0,640,808.093929353134,12.1264301048158,795.967499248318,637.892047963638,637.976348703276,2.10751849093324,35.0735933688453,35.0542201028256,35.0542436803306,4.8527072661075,4.50705079393014,5.10963275487377e-06
"quadneg",16000,138,25,1,640,834.395963707839,12.1935553536893,822.20240835415,637.857413382415,637.9415820132,2.10421576961737,35.0716890845681,35.0521941218871,35.0542436803306,5.60390889219828,5.25675584530372,2.37929153965698e-07
"quadneg",16000,138,50,0,320,501.003021701406,6.05039466816128,494.952627033245,317.909035497757,317.950837772427,2.090113733504,25.0506731054924,25.0438949835173,25.0439613479976,7.30894477096927,7.06766217384766,2.38671083195068e-10
"quadneg",16000,138,50,1,320,520.751010371688,6.08286617815231,514.668144193536,317.894104601778,317.935819418979,2.08574086006114,25.0492247590222,25.0424026488283,25.0439613479976,8.09833069571725,7.85596843615008,5.20514429568337e-12
"quadneg",16000,139,2,0,8000,8281.95880664747,148.111954721513,8133.84685192596,7997.47333228433,7998.73664277912,2.5266209895846,90.5325994723033,89.4427186928134,89.4427190999916,3.14235398101183,1.51057806740945,0.0130609643780789
"quadneg",16000,139,2,1,8000,8176.42474536722,147.183372409188,8029.24137295803,7997.30971871988,7998.57924351514,2.53904959051241,90.5276091154272,89.4420455751341,89.4427190999916,1.97856795730639,0.342815610328831,0.0799135885381392
"quadneg",16000,139,5,0,3200,3408.82138210815,59.2391840032643,3349.58219810489,3197.75556308325,3198.20442869833,2.24432807542687,71.7731410160452,71.5541729649959,71.5541752799933,2.94073543441158,2.11556871016604,0.00481853778175845
"quadneg",16000,139,5,1,3200,3446.79762169399,58.9720410290204,3387.82558066497,3197.652165848,3198.10203477966,2.2493446583059,71.769979203673,71.5523022091469,71.5541752799933,3.47144389075198,2.65153656874304,0.00117496127446201
"quadneg",16000,139,10,0,1600,1888.21722603046,29.6162524473391,1858.60097358312,1597.84550622008,1598.06093683065,2.15430610575832,53.7386752591074,53.6656253032885,53.665631459995,5.40340301301287,4.85487749895836,5.76084348180641e-07
"quadneg",16000,139,10,1,1600,1886.2487519898,29.4439834476643,1856.80476854214,1597.78412377682,1598.00018953032,2.16065753505187,53.7364836545379,53.6639019248233,53.665631459995,5.36813368860291,4.82269402203308,6.74133819672085e-07
"quadneg",16000,139,25,0,640,863.522111963327,11.8605076313302,851.661604331997,637.900134037393,637.984111246837,2.09943023611514,35.0721193984046,35.0542199922931,35.0542436803306,6.43308650278483,6.09562823340923,5.60659695494417e-09
"quadneg",16000,139,25,1,640,873.281724388632,11.75060395899,861.531120429643,637.872387395435,637.956532099036,2.10361759001734,35.0707414157051,35.0529617731225,35.0542436803306,6.71241403775338,6.37819393915057,1.47554565682787e-09
"quadneg",16000,139,50,0,320,570.185474025209,5.92092224360973,564.264551781599,317.919671434545,317.961261225751,2.07948956029234,25.0501582698792,25.0438959396493,25.0439613479976,10.0704274948232,9.83486319977488,1.42051975523189e-16
"quadneg",16000,139,50,1,320,538.414286489323,5.84801800906376,532.56626848026,317.903617978571,317.945288082175,2.08350518021657,25.0491851939572,25.0429653268897,25.0439613479976,8.80310743855844,8.57011051193832,1.41001436483769e-13
"quadneg",16000,140,2,0,8000,8318.99032055315,153.188731848534,8165.80158870461,7997.478544709,7998.73924673004,2.5214040420733,90.8094181403364,89.4427185792169,89.4427190999916,3.54051135254812,1.8678137765526,0.00603582526350486
"quadneg",16000,140,2,1,8000,8271.85513197883,152.406470541856,8119.44866143698,7997.42592708571,7998.68993261146,2.52801105149882,90.8066247976948,89.4424938652882,89.4427190999916,3.0221275760939,1.35012703254226,0.0159241042336245
"quadneg",16000,140,5,0,3200,3572.47927857179,61.255162465421,3511.22411610637,3197.76153763682,3198.20920677112,2.23834567150718,71.8290715910521,71.5541727326782,71.5541752799933,5.21679777609233,4.37451650101048,3.0993786065021e-06
"quadneg",16000,140,5,1,3200,3454.63838500331,61.051189332523,3393.58719567078,3197.72115832544,3198.17105794116,2.2494980785954,71.8277269902204,71.5536115151509,71.5541752799933,3.57685308227629,2.73104506665258,0.000858592601999672
"quadneg",16000,140,10,0,1600,1878.99908145948,30.6212193063752,1848.3778621531,1597.85288611206,1598.06757682714,2.14690715072278,53.7573536125383,53.6656245973327,53.665631459995,5.22991137870741,4.66425737525853,1.19404141279292e-06
"quadneg",16000,140,10,1,1600,1897.72181844556,30.5160835831335,1867.20573486243,1597.83007550446,1598.04539684487,2.15321340413018,53.7565422567595,53.6651056083846,53.665631459995,5.57870224443977,5.01555591787572,2.66583506267068e-07
"quadneg",16000,140,25,0,640,909.544121502581,12.2659492691981,897.278172233383,637.90488987298,637.988675552383,2.09464198509543,35.0766970472269,35.0542181280244,35.0542436803306,7.74415080370509,7.39681300932251,7.44087427173527e-12
"quadneg",16000,140,25,1,640,903.092978786398,12.2236795984217,890.869299187977,637.894211438727,637.978143777581,2.0983084713557,35.0762464210836,35.0538430666325,35.0542436803306,7.56063702381411,7.21436319919858,1.97871598860222e-11
"quadneg",16000,140,50,0,320,576.613269357842,6.13693905774214,570.476330300099,317.923231659413,317.964749128133,2.07587343603811,25.0517560683135,25.0438914245424,25.0439613479976,10.3262237183297,10.0827613764733,3.3121190210904e-17
"quadneg",16000,140,50,1,320,581.375175655139,6.10966811471362,575.265507540426,317.915690568998,317.957287606604,2.0798518803246,25.0514539209787,25.0436158049415,25.0439613479976,10.5167343147902,10.2744037417732,1.1124140751276e-17
"quadneg",16000,141,2,0,8000,8195.69017951896,149.446131242772,8046.24404827618,7997.47497826909,7998.73746488306,2.52497322793798,90.7111685247839,89.4427186328387,89.4427190999916,2.18512454941763,0.531139752003044,0.05989709526496
"quadneg",16000,141,2,1,8000,8181.57040280737,149.638787481709,8031.93161532567,7997.43646259922,7998.70245610423,2.53198700999993,90.7125325782476,89.4425729379749,89.4427190999916,2.02986219185664,0.371513901377623,0.0741256402335897
"quadneg",16000,141,5,0,3200,3424.00901168691,59.763947970419,3364.24506371649,3197.7464395382,3198.19712951577,2.25344988789502,71.8092060442708,71.5541728896456,71.5541752799933,3.15088530583702,2.32059050499829,0.00279999763164576
"quadneg",16000,141,5,1,3200,3350.66468926073,59.9160789776683,3290.74861028306,3197.73292154472,3198.18225085937,2.24664657324987,71.8093362035493,71.5537851228516,71.5541752799933,2.12969198437531,1.29366125446423,0.0295363480178536
"quadneg",16000,141,10,0,1600,1806.25041775014,29.8670493928414,1776.3833683573,1597.84101046589,1598.05688997514,2.15879509255522,53.7507191445448,53.665625043746,53.665631459995,3.87733244505634,3.32291812937598,0.00019519424814423
"quadneg",16000,141,10,1,1600,1777.08745931471,29.9931163423742,1747.09434297234,1597.83850497788,1598.0534892531,2.14984275222035,53.7505580443895,53.6652658325219,53.665631459995,3.33482964379284,2.77723125763257,0.00107619596002871
"quadneg",16000,141,25,0,640,848.03966472442,11.9512686457559,836.088396078664,637.899578682433,637.98357763775,2.09997388291062,35.0750715081805,35.0542193003657,35.0542436803306,5.99115203494243,5.65138298312773,4.29926175674558e-08
"quadneg",16000,141,25,1,640,857.908984165337,12.0194933032191,845.889490862118,637.896479733676,637.980407251229,2.09818793881628,35.0748626987295,35.0539582736074,35.0542436803306,6.27265475909134,5.93111573843079,1.18702126167964e-08
"quadneg",16000,141,50,0,320,549.780550043287,6.0119068329174,543.76864321037,317.920009220443,317.961591791596,2.07912855765189,25.0511899155274,25.0438940815058,25.0439613479976,9.25547016348036,9.0164513028158,1.26615039777613e-14
"quadneg",16000,141,50,1,320,514.958182428373,6.01741364035803,508.940768788015,317.916196497988,317.957806614456,2.08050582338197,25.0510201121845,25.0437057717805,25.0439613479976,7.86562722986862,7.6259865019162,1.63680043459941e-11
"quadneg",16000,142,2,0,8000,8290.85719048844,157.61605095737,8133.24113953107,7997.46834614596,7998.73414798601,2.53160368009093,90.7545067440457,89.4427185998864,89.4427190999916,3.23277438078001,1.5038338911272,0.0109208144495065
"quadneg",16000,142,2,1,8000,8184.67240607876,157.021626362576,8027.65077971619,7997.42010040059,7998.68403695514,2.52787310908894,90.751612557436,89.4424761083914,89.4427190999916,2.0633496243349,0.323858909339089,0.0707955888600151
"quadneg",16000,142,5,0,3200,3461.58412668637,63.0134454103066,3398.57068127606,3197.74496227951,3198.19594708282,2.25492401657692,71.8179671385799,71.5541728135387,71.5541752799933,3.67372086566799,2.80032213796096,0.000646156276048138
"quadneg",16000,142,5,1,3200,3294.12848450968,62.671833408444,3231.45665110123,3197.7136650439,3198.1643257718,2.25330363949467,71.8165292254498,71.5535436758873,71.5541752799933,1.34251572034486,0.465278498018659,0.115368888133622
"quadneg",16000,142,10,0,1600,1926.38402254321,31.4940651719675,1894.88995737124,1597.84511347885,1598.06058208381,2.15468604966969,53.7536446717378,53.6656248203034,53.665631459995,6.11193735923738,5.53108952483735,2.32493062968575e-08
"quadneg",16000,142,10,1,1600,1767.50599372165,31.2747795335389,1736.23121418811,1597.8232924584,1598.03908788848,2.15795430084585,53.7527604229106,53.6650424703125,53.665631459995,3.15672534634951,2.5750864983677,0.00180636872171566
"quadneg",16000,142,25,0,640,890.799540990503,12.5880114635563,878.211529526947,637.899020746034,637.983041879302,2.10052833169659,35.0757888405401,35.0542191209654,35.0542436803306,7.21011639664593,6.85305488673593,1.22124600185643e-10
"quadneg",16000,142,25,1,640,858.854917842664,12.5171019969827,846.337815845681,637.888342637325,637.972476335356,2.10334245076848,35.0752904014109,35.0537987352569,35.0542436803306,6.29977892346833,5.9441586084293,1.04702651388935e-08
"quadneg",16000,142,50,0,320,595.708680714519,6.28169892613695,589.426981788382,317.917258451166,317.958895898123,2.08187234783215,25.0514402879032,25.0438935045751,25.0439613479976,11.0888403648988,10.8396917532278,3.91849847195074e-19
"quadneg",16000,142,50,1,320,566.148726733623,6.2563277940013,559.892398939621,317.910906342289,317.952590573328,2.08421155194128,25.0511022872369,25.043583161389,25.0439613479976,9.90925738696163,9.6607504927372,3.50934909166867e-16
"quadneg",16000,143,2,0,8000,8206.94896784518,129.873810704755,8077.07515714042,7997.46715792253,7998.73355436748,2.53279288990937,90.5801817161947,89.4427186373269,89.4427190999916,2.31266714146144,0.875885750863636,0.0501727226605186
"quadneg",16000,143,2,1,8000,8175.1174542992,129.756369633878,8045.36108466533,7997.31198914879,7998.57777317271,2.53156804785012,90.5752990524979,89.4420204935631,89.4427190999916,1.96306793364668,0.523057408972353,0.0814375262834883
"quadneg",16000,143,5,0,3200,3409.71111781604,51.9291931793162,3357.78192463672,3197.74871356164,3198.19895014301,2.25118290682941,71.7827468495824,71.5541730717954,71.5541752799933,2.95283217147648,2.23023993769861,0.00467141032326404
"quadneg",16000,143,5,1,3200,3207.24823400388,51.8908349529285,3155.35739905095,3197.6465732422,3198.09730361629,2.25365187044952,71.7796356957583,71.5522784059935,71.5541752799933,0.133765805142557,-0.597324159586174,0.450712333202431
"quadneg",16000,143,10,0,1600,1804.82131349426,25.9556434895447,1778.86567000472,1597.84450736238,1598.06003799824,2.15530635856493,53.7418826973714,53.6656253440317,53.665631459995,3.85131290054349,3.36911441630277,0.000213196101283046
"quadneg",16000,143,10,1,1600,1675.67520091979,25.8259576530278,1649.84924326677,1597.78423319911,1598.0001703153,2.15937116190806,53.7396845186456,53.6638660088332,53.665631459995,1.4494124485167,0.966182215476835,0.0862727648920562
"quadneg",16000,143,25,0,640,852.078209715809,10.375680494927,841.702529220882,637.90371853948,637.987552506451,2.09584917426649,35.0729060175575,35.0542201818713,35.0542436803306,6.10655105308677,5.81142514817046,2.55167416995891e-08
"quadneg",16000,143,25,1,640,825.378877342059,10.3275257710653,815.051351570993,637.873980430497,637.958045319595,2.10162222745203,35.071513289208,35.0529403131905,35.0542436803306,5.34635889148414,5.05216694146361,7.0504890181956e-07
"quadneg",16000,143,50,0,320,573.293898839864,5.17841128723907,568.115487552625,317.919423145335,317.961017967001,2.07974108329602,25.0504335550192,25.0438961635762,25.0439613479976,10.1944134074024,9.98864026394776,7.04213251220649e-17
"quadneg",16000,143,50,1,320,541.426749977073,5.1658759614408,536.260874015632,317.903976738625,317.945635015978,2.08291386766956,25.0494448418064,25.0429473533344,25.0439613479976,8.92326255731621,8.71763358838776,7.49284041770996e-14
"quadneg",16000,144,2,0,8000,8348.1559792592,171.418692989653,8176.73728626955,7997.46684248988,7998.73339614752,2.53310731526113,90.850824241192,89.4427186081794,89.4427190999916,3.86005454213935,1.99014400380441,0.00312448843656928
"quadneg",16000,144,2,1,8000,8320.03692428681,170.67635670594,8149.36056758087,7997.2503018362,7998.50963350861,2.51866334481883,90.8433574828978,89.4415889805065,89.4427190999916,3.55322206702215,1.68658602549138,0.00589942838681172
"quadneg",16000,144,5,0,3200,3579.6843962556,68.5799778126889,3511.10441844291,3197.75577197355,3198.20459473334,2.24411379897285,71.837448229257,71.5541727870534,71.5541752799933,5.31656724586305,4.37290812711598,2.08077909079724e-06
"quadneg",16000,144,5,1,3200,3467.38925436607,67.9680423959218,3399.42121197014,3197.61480229351,3198.06264293456,2.23920320524919,71.8328411666842,71.5513728544888,71.5541752799933,3.75558654914619,2.81418176902179,0.000507190154094908
"quadneg",16000,144,10,0,1600,1919.14202535488,34.2841959839626,1884.85782937092,1597.85172706353,1598.06653401957,2.14806956038965,53.7601518899812,53.6656247120754,53.665631459995,5.97636515143896,5.34404093663361,4.37675448759738e-08
"quadneg",16000,144,10,1,1600,1867.74387330582,34.0502253735449,1833.69364793228,1597.76830319065,1597.98330473853,2.15001547871987,53.7569309488912,53.6630626300287,53.665631459995,5.02215370836263,4.39241317288985,2.83585992103655e-06
"quadneg",16000,144,25,0,640,892.202829648516,13.7249662179453,878.477863430571,637.903410328005,637.987255410335,2.09612705823393,35.077383701984,35.054218437358,35.0542436803306,7.24966894569527,6.86053259039261,9.950688022953e-11
"quadneg",16000,144,25,1,640,889.637798083678,13.5906344906858,876.047163592992,637.869093266562,637.952924397518,2.09577827390781,35.0753594249935,35.0523640204428,35.0542436803306,7.17793656129194,6.79253014309152,1.44607649981845e-10
"quadneg",16000,144,50,0,320,577.749973658848,6.8687846850717,570.881188973776,317.922350972405,317.963886075162,2.07675513782993,25.0519966385419,25.0438915386319,25.0439613479976,10.3715335122912,10.0989617571404,2.55510901974405e-17
"quadneg",16000,144,50,1,320,553.48942920323,6.77749763660052,546.71193156663,317.904609741582,317.946147298969,2.07687786937255,25.0505733072505,25.042528402246,25.0439613479976,9.40436837800684,9.1350913371488,5.68452569785151e-15
"quadneg",16000,145,2,0,8000,8318.3650600265,195.757935020849,8122.60712500565,7997.47097534372,7998.73546153129,2.52897237513645,90.9214232602207,89.4427185807153,89.4427190999916,3.52935615365777,1.38492730811374,0.00611864406083539
"quadneg",16000,145,2,1,8000,8350.12938353559,194.53631688431,8155.59306665128,7997.42329516773,7998.68711344533,2.52763655519881,90.9182333174303,89.4424702054752,89.4427190999916,3.87937683672791,1.75426676885705,0.00298353165926826
"quadneg",16000,145,5,0,3200,3464.32087899007,78.2718705561405,3386.04900843392,3197.74547587386,3198.19635705865,2.25440592393808,71.851738147698,71.5541726973133,71.5541752799933,3.71007591449265,2.62532070868779,0.000576744746626415
"quadneg",16000,145,5,1,3200,3449.61608970434,77.7108492435078,3371.90524046083,3197.71540593765,3198.16610228904,2.253481756927,71.8502432701101,71.5535749051069,71.5541752799933,3.50591274715249,2.42809864359962,0.001050588979893
"quadneg",16000,145,10,0,1600,1844.18887301587,39.1530133207049,1805.03585969517,1597.8398771227,1598.05586868596,2.15991563266653,53.7649258306669,53.6656245882476,53.665631459995,4.58196476768246,3.85684490951647,1.5846121327568e-05
"quadneg",16000,145,10,1,1600,1848.54896163488,38.9325740995035,1809.61638753538,1597.82281161211,1598.03876323164,2.15951619531207,53.7640445087373,53.6650746987414,53.665631459995,4.66345402980286,3.94255715642745,1.16309819235942e-05
"quadneg",16000,145,25,0,640,917.081727484112,15.6524363150295,901.429291169082,637.897659220044,637.981734173071,2.10187382566319,35.0785540537366,35.0542182103071,35.0542436803306,7.9588248659391,7.51543096512558,2.32694104174745e-12
"quadneg",16000,145,25,1,640,927.03205547569,15.6041930970007,911.427862378689,637.889252507799,637.973365977074,2.10283673187815,35.0780691538534,35.0538198092993,35.0542436803306,8.24283690472534,7.80098996027449,4.858263555834e-13
"quadneg",16000,145,50,0,320,594.599763449486,7.84715485927645,586.752608590209,317.916221422585,317.957878919701,2.08287485580971,25.0524054447997,25.0438907540676,25.0439613479976,11.0441906521329,10.7329461029074,5.09277576908352e-19
"quadneg",16000,145,50,1,320,604.775136465085,7.81893924612292,596.956197218962,317.9093801141,317.951097600597,2.08587432485062,25.0520771664131,25.0435934191412,25.0439613479976,11.4507772926542,11.1407774015815,4.50562136675134e-20
"quadneg",16000,146,2,0,8000,8362.86199945794,138.815992577106,8224.04600688083,7997.47288470111,7998.73641756102,2.52706571982451,90.5128931010206,89.4427186327582,89.4427190999916,4.03687366781016,2.51903780166729,0.00220415400291252
"quadneg",16000,146,2,1,8000,8293.95444529091,137.441141277696,8156.51330401321,7997.31336593369,7998.58075858503,2.53478530267265,90.5079886365238,89.4420373478332,89.4427190999916,3.2775126685061,1.76575299614424,0.0102513928956832
"quadneg",16000,146,5,0,3200,3458.99907163878,55.5494888629819,3403.44958277579,3197.75453851712,3198.20360906008,2.24535271482519,71.7691643981616,71.5541729530748,71.5541752799933,3.6400665287438,2.86839977663235,0.00071876352640064
"quadneg",16000,146,5,1,3200,3443.29532757048,54.9291675744829,3388.366159996,3197.6585221994,3198.10702046768,2.24249134138068,71.7660449351373,71.5522944403937,71.5541752799933,3.42274407894549,2.65902220210161,0.00134836294255876
"quadneg",16000,146,10,0,1600,1754.97573493547,27.7941171550004,1727.18161778047,1597.85288225586,1598.06757489069,2.14692634830714,53.7373474734822,53.6656251657411,53.665631459995,2.92390413868389,2.40589842177412,0.00344247728219148
"quadneg",16000,146,10,1,1600,1802.97837728421,27.5026304857866,1775.47574679843,1597.78949419823,1598.00501064672,2.15516448490889,53.7351730834715,53.6638988471796,53.665631459995,3.81852092980593,3.30707868723986,0.00023871859696596
"quadneg",16000,146,25,0,640,863.148566232528,11.1022981523107,852.046268080217,637.905527089581,637.989288156084,2.094026662563,35.0717935789887,35.0542194257771,35.0542436803306,6.42234160724215,6.10645404264021,5.89594567981334e-09
"quadneg",16000,146,25,1,640,864.984515137354,11.0020097437146,853.982505393639,637.876190728174,637.960189071632,2.09995858644771,35.0704287107192,35.0529695634464,35.0542436803306,6.47577839103418,6.16273939162284,4.60153495588397e-09
"quadneg",16000,146,50,0,320,568.226005231243,5.56484458318972,562.661160648053,317.92532475146,317.966801224949,2.07382367444778,25.0500433095784,25.0438949367156,25.0439613479976,9.99202585745931,9.77061914855625,2.20560425807113e-16
"quadneg",16000,146,50,1,320,599.323619088618,5.50441795570046,593.819201132917,317.907751551409,317.949341449601,2.07949490963584,25.0490826247679,25.0429748772028,25.0439613479976,11.2345777988273,11.0158581812278,1.66119182166718e-19
"quadneg",16000,147,2,0,8000,8326.62908979287,183.902554423606,8142.72653536926,7997.47052700285,7998.73523726841,2.52942053111891,90.9811726135963,89.4427185518316,89.4427190999916,3.61787558166549,1.60987166347605,0.00510167500540221
"quadneg",16000,147,2,1,8000,8381.05993115491,183.260215552106,8197.79971560281,7997.37554432621,7998.64055248365,2.53001631488801,90.9765215890842,89.4422450822722,89.4427190999916,4.21740005142978,2.22667893606608,0.00140893425041565
"quadneg",16000,147,5,0,3200,3511.37819276099,73.5293469818979,3437.84884577909,3197.75013707227,3198.20008669981,2.24974813767936,71.863839656044,71.5541727880692,71.5541752799933,4.36419842287593,3.34919334179264,7.07355299304318e-05
"quadneg",16000,147,5,1,3200,3446.81504008199,73.0985088279694,3373.71653125402,3197.68749588419,3198.13796153102,2.25232823413726,71.8614157745881,71.5530155976043,71.5541752799933,3.4667775678014,2.45382487735252,0.00117415267746695
"quadneg",16000,147,10,0,1600,1901.15916552356,36.7894412650868,1864.36972425848,1597.84253809002,1598.0582636522,2.15725562180821,53.7689691625732,53.6656246232542,53.665631459995,5.64110921517678,4.96242170804593,2.00792691362045e-07
"quadneg",16000,147,10,1,1600,1780.20256606685,36.3762033983464,1743.82636266851,1597.80233129195,1598.01871721072,2.16385918766204,53.7674462813062,53.6645667314316,53.665631459995,3.39239163081319,2.71701896313621,0.000905247630929451
"quadneg",16000,147,25,0,640,885.768057759387,14.6868364656942,871.081221293693,637.899678926396,637.98367323179,2.09985763484687,35.0795458896857,35.054218398468,35.0542436803306,7.06589474141029,6.64962902359535,2.52928310972378e-10
"quadneg",16000,147,25,1,640,857.739448457487,14.527588167968,843.211860289519,637.886629460568,637.97056505872,2.09838995381019,35.0786482464494,35.0534416489771,35.0542436803306,6.26742562747333,5.85509683431579,1.21397401413805e-08
"quadneg",16000,147,50,0,320,575.198619413607,7.37172492473792,567.826894488869,317.918788268441,317.960394825301,2.08032784300944,25.0527545217345,25.0438923215857,25.0439613479976,10.269522695477,9.97714318745111,4.57082816769633e-17
"quadneg",16000,147,50,1,320,551.506714449465,7.28996675331795,544.216747696147,317.913195289744,317.954766918725,2.07858144907142,25.0521438057104,25.0433244625485,25.0439613479976,9.32429260231515,9.03482207866569,8.72959832956475e-15
"quadneg",16000,148,2,0,8000,8279.39212453217,132.644225378922,8146.74789915325,7997.47142865209,7998.73568962195,2.52852193971951,90.7402641008175,89.4427186146984,89.4427190999916,3.10689745807718,1.65482681903832,0.0137423408375393
"quadneg",16000,148,2,1,8000,8169.49315138805,131.90184092696,8037.59131046109,7997.42282570964,7998.6900904847,2.53452955011973,90.7379566464282,89.4425247059205,89.4427190999916,1.89634340509675,0.434929806647255,0.0882465703244902
"quadneg",16000,148,5,0,3200,3445.92232102866,53.0057868249317,3392.91653420373,3197.75334049333,3198.20264989684,2.24654701755585,71.8150872440482,71.5541728308335,71.5541752799933,3.45566635172339,2.72120935234946,0.00121626077571799
"quadneg",16000,148,5,1,3200,3415.7283600862,52.7907755482722,3362.93758453793,3197.72961547255,3198.17812339496,2.242539612041,71.8138873448098,71.5536433967897,71.5541752799933,3.03560707648293,2.30260058498103,0.00377785425941686
"quadneg",16000,148,10,0,1600,1836.35250913151,26.4778780178838,1809.87463111362,1597.84435729625,1598.05990172502,2.15544428768565,53.7526828890021,53.6656248867213,53.665631459995,4.43713948804693,3.94693492968184,2.73335019877287e-05
"quadneg",16000,148,10,1,1600,1833.95646664022,26.3457740457327,1807.61069259449,1597.83156833637,1598.0468384375,2.15270101138707,53.7519496088443,53.665137769111,53.665631459995,4.39286202681299,3.90502778654206,3.22034231594382e-05
"quadneg",16000,148,25,0,640,817.440720947231,10.5948619823635,806.845858964867,637.900039762919,637.984020257984,2.09951237661549,35.0755528242886,35.05421926653,35.0542436803306,5.11868428941727,4.81716159253086,1.78052725006766e-06
"quadneg",16000,148,25,1,640,838.789505884987,10.5079162355532,828.281589649433,637.89622302193,637.980092370185,2.09673370637139,35.0751365088618,35.0538667857444,35.0542436803306,5.72751250197702,5.42883038959456,1.38348550009542e-07
"quadneg",16000,148,50,0,320,493.795324104088,5.2885646842809,488.506759419807,317.920641832679,317.962211710859,2.07849390898872,25.0513581833136,25.0438938604837,25.0439613479976,7.02056475279478,6.80982552709375,9.09814569599683e-10
"quadneg",16000,148,50,1,320,526.950296556709,5.23855141023686,521.711745146472,317.917483775209,317.959048759803,2.07824922970499,25.0510720841836,25.0436307570981,25.0439613479976,8.34426614873205,8.13590882100509,1.49572497184685e-12
"quadneg",16000,149,2,0,8000,8172.74188476972,178.383919661554,7994.35796510817,7997.47211226507,7998.73603157804,2.52783862594622,90.722815406029,89.4427186128917,89.4427190999916,1.93192607306374,-0.0489482714497758,0.0842631543383248
"quadneg",16000,149,2,1,8000,8386.89211675122,177.318641507665,8209.57347524355,7997.34160846425,7998.59816515231,2.51311337612895,90.7174105877962,89.4420308519556,89.4427190999916,4.29410965064933,2.35879382524811,0.00121619655850763
"quadneg",16000,149,5,0,3200,3393.62983460266,71.3431091462205,3322.28672545644,3197.76128119448,3198.20900218467,2.23860495093015,71.811560034608,71.554172801624,71.5541752799933,2.72753513938116,1.73403895836736,0.00805838312752382
"quadneg",16000,149,5,1,3200,3470.47389695383,70.4480626904987,3400.02583426333,3197.66572872926,3198.11453024378,2.24400757261442,71.8084720871551,71.5524482234832,71.5541752799933,3.79910838227358,2.82186436708508,0.000445197321508255
"quadneg",16000,149,10,0,1600,1830.31391303098,35.6771381557101,1794.63677487527,1597.8506282179,1598.06554578221,2.14917564309721,53.7515047260092,53.6656249700739,53.665631459995,4.32477725038634,3.66288903190217,4.12176372198042e-05
"quadneg",16000,149,10,1,1600,1926.47840771397,35.2974022505899,1891.18100546338,1597.79735336471,1598.01253711583,2.15183751119819,53.7494173029832,53.6640361056038,53.665631459995,6.1150626526144,5.46303427067304,2.30567463024335e-08
"quadneg",16000,149,25,0,640,850.911295556406,14.2759290627837,836.635366493622,637.908299649548,637.991949588405,2.09124847142181,35.0752641247905,35.0542190556082,35.0542436803306,6.07274103907063,5.66674774839795,2.96891795360842e-08
"quadneg",16000,149,25,1,640,867.63826035471,14.0506705873594,853.58758976735,637.880330584249,637.964237762033,2.09767944460167,35.0739841865628,35.0530676393614,35.0542436803306,6.55066526084832,6.15134042542947,3.20805312892672e-09
"quadneg",16000,149,50,0,320,557.911973043999,7.13040886712559,550.781564176873,317.923886225268,317.965391036755,2.07524057435499,25.0512561064063,25.043893152631,25.0439613479976,9.57988237393651,9.29632512490014,2.16801045176309e-15
"quadneg",16000,149,50,1,320,571.868001462562,7.01599730302044,564.852004159542,317.910556299346,317.95210755115,2.07756259021294,25.0503591050036,25.0430417865463,25.0439613479976,10.1378764311802,9.85902186774419,9.72169137034814e-17
"quadneg",16000,150,2,0,8000,8250.78955123568,171.075061486248,8079.71448974943,7997.47220941284,7998.73608005526,2.52774128483463,90.6247805598899,89.4427186377891,89.4427190999916,2.79523260920267,0.905366148608578,0.0236666074339673
"quadneg",16000,150,2,1,8000,8207.10549211284,165.585048978164,8041.52044313468,7995.36301760278,7996.62997194834,2.53390869111532,90.5886271939036,89.4328713317409,89.4427190999916,2.33740681439881,0.501945990527649,0.0500470386318319
"quadneg",16000,150,5,0,3200,3531.08030863171,68.4500920844671,3462.63021654724,3197.761033306,3198.20880460422,2.23885649111783,71.7917522995352,71.5541729031136,71.5541752799933,4.64286306782161,3.69540169657264,2.71070730254224e-05
"quadneg",16000,150,5,1,3200,3356.29793342579,66.2314112029217,3290.06652222287,3196.39588044599,3196.84586376391,2.24991658961085,71.7590990454796,71.5283014906175,71.5541752799933,2.22831745530227,1.30326956625959,0.0252385735205635
"quadneg",16000,150,10,0,1600,1877.9388556031,34.201420183568,1843.73743541953,1597.85470637814,1598.0692164124,2.14510034259117,53.7448898674856,53.6656250775056,53.665631459995,5.21136334850692,4.57775752452947,1.2969266514055e-06
"quadneg",16000,150,10,1,1600,1807.15934668115,32.9020399406245,1774.25730674052,1597.08191441098,1597.29745850046,2.15544089480697,53.718679795581,53.641713741961,53.665631459995,3.91069611296463,3.2989223478451,0.000184499198898092
"quadneg",16000,150,25,0,640,931.611207172378,13.715345559465,917.895861612913,637.908785788155,637.992416573949,2.09076964484582,35.0736426334949,35.0542194760916,35.0542436803306,8.3738784834325,7.98487169939327,2.33442314143804e-13
"quadneg",16000,150,25,1,640,842.800272002675,13.0599396653921,829.740332337283,637.576689484633,637.660573487706,2.09710007681164,35.055667811951,35.0368117914433,35.0542436803306,5.85421974041179,5.48222709283403,8.37238454283165e-08
"quadneg",16000,150,50,0,320,604.271474025341,6.85465500605192,597.416819019289,317.92860131697,317.970012364711,2.07055238705793,25.0506908499954,25.0438953189407,25.0439613479976,11.4305379609291,11.1582804150771,5.08556302670436e-20
"quadneg",16000,150,50,1,320,547.596195005042,6.46136928108068,541.134825723961,317.754473907481,317.796039678647,2.07828855833385,25.0376230847395,25.0310284923533,25.0439613479976,9.17985386710493,8.92247740094025,2.0225435876693e-14
