"scen","n","rep","m","oracle","G","HL","C","EF","mu","muEF","d","sdHL","sdEF","sdEF_simple","zHL","zEF","pHL_chisq"
"quadpos",1000,951,2,0,500,524.264681545611,-8.13734436952852,532.40202591514,497.479783804372,498.739437316352,2.51930702395961,22.65793928123,22.3606458236772,22.3606797749979,1.18214182714436,1.50543901389213,0.200715932313697
"quadpos",1000,951,2,1,500,484.973013719035,-8.03977779035904,493.012791509394,497.381538750659,498.647738595149,2.53239968897976,22.6509059736817,22.3587941356346,22.3606797749979,-0.547815837743588,-0.252023747415507,0.653673910004547
"quadpos",1000,951,5,0,200,240.882331569843,-3.39396013238393,244.276291702227,197.774964372158,198.219576647711,2.22306137776573,17.9480613759048,17.8883748009605,17.8885438199983,2.40178403086787,2.57467296872841,0.0202114227962391
"quadpos",1000,951,5,1,200,202.218574667046,-3.39411722529693,205.612691892343,197.701202941758,198.149522160481,2.24159609361867,17.9423815405239,17.8840762002489,17.8885438199983,0.251771021315389,0.417308092869644,0.403632999634301
"quadpos",1000,951,10,0,100,122.817673333044,-1.76431674069963,124.581990073744,97.8668903366595,98.0798616395489,2.12971302889419,13.4357867310056,13.4159577076639,13.4164078649987,1.85703922635255,1.97541830495301,0.0456482313523779
"quadpos",1000,951,10,1,100,105.640297415078,-1.71193378320955,107.352231198288,97.8279443599448,98.0416811425195,2.13736782574738,13.4313294536429,13.4119987738772,13.4164078649987,0.581651509785167,0.694195564191561,0.281123899262473
"quadpos",1000,951,25,0,40,53.3165609289394,-0.711174568922609,54.027735497862,37.92523485017,38.0079004241452,2.0666393493787,8.76648625394322,8.76178208497607,8.76356092008266,1.75570070298647,1.82837634151918,0.050636274607478
"quadpos",1000,951,25,1,40,51.5828496387674,-0.560171650147458,52.1430212889148,37.9108052542721,37.9935421811028,2.06842317076554,8.76367291531173,8.75907358810579,8.76356092008266,1.56008154533103,1.61540817821488,0.0696957823640964
"quadpos",1000,951,50,0,20,35.4094191219224,-0.397360474381736,35.8067795963042,17.9374523664129,17.9784044716447,2.04760526159052,6.25779674318484,6.25631885793504,6.26099033699941,2.79203168024555,2.84965896551888,0.00839123453232945
"quadpos",1000,951,50,1,20,32.6694300059097,-0.385021523477089,33.0544515293868,17.9377851664414,17.9786105280884,2.04126808235092,6.25590621436739,6.25446001648373,6.26099033699941,2.35483786595705,2.41041448207612,0.0182946900938138
"quadpos",1000,952,2,0,500,498.311241850099,-6.54689362601477,504.858135476113,497.475115285863,498.737286602911,2.52434263409694,22.5118380254143,22.3606646243631,22.3606797749979,0.0371416391363568,0.273732868679285,0.487640710313904
"quadpos",1000,952,2,1,500,500.091467026689,-6.869769181648,506.961236208337,497.405542156885,498.668935155773,2.52678599777461,22.5079365189357,22.359732791702,22.3606797749979,0.119332346061292,0.370858682874838,0.465217750142162
"quadpos",1000,952,5,0,200,219.30702383598,-2.61952845285318,221.926552288834,197.757024828571,198.205304931814,2.24140051621502,17.9186867273465,17.8884154990042,17.8885438199983,1.20265504583666,1.32606755239671,0.142811207904797
"quadpos",1000,952,5,1,200,199.329398112713,-2.48177422419895,201.811172336912,197.739631634424,198.182619739525,2.21494052550257,17.9146961644976,17.8851583007565,17.8885438199983,0.0887409121366812,0.202880653129806,0.460114000359529
"quadpos",1000,952,10,0,100,103.725549524876,-1.30836417881025,105.033913703686,97.8405665471552,98.0562336005707,2.15667053415467,13.4261068509504,13.4160519400576,13.4164078649987,0.438323859853985,0.5200993656175,0.326831554221246
"quadpos",1000,952,10,1,100,100.040213582463,-1.20871222908024,101.248925811544,97.8396419965513,98.0529231794574,2.13281182906181,13.4227730069621,13.4129739101176,13.4164078649987,0.163943142357442,0.238276958823822,0.423757260993798
"quadpos",1000,952,25,0,40,40.7702819006126,-0.601897769113432,41.372179669726,37.9054769472261,37.9890304268233,2.08883698993004,8.76473232026139,8.76233290639893,8.76356092008266,0.326855955060247,0.386101427444287,0.34957126122788
"quadpos",1000,952,25,1,40,45.6517525429318,-0.53429782612549,46.1860503690573,37.8945891266826,37.9781367437562,2.08869042684017,8.76230584720289,8.75997907997259,8.76356092008266,0.885287908402046,0.936978678872237,0.183994749063939
"quadpos",1000,952,50,0,20,26.4192231053821,-0.325698604524699,26.7449217099068,17.9224728600938,17.9637986377679,2.06628888370253,6.25825010401364,6.25749722984312,6.26099033699941,1.3576878686646,1.40329635788894,0.0905517622292241
"quadpos",1000,952,50,1,20,24.7787957485996,-0.323119845261156,25.1019155938607,17.9205716252094,17.9618289707549,2.06286727727627,6.25658836146539,6.25585346251458,6.26099033699941,1.09616035563892,1.14134492853607,0.131131621951717
"quadpos",1000,953,2,0,500,479.060459003031,-10.0791413756741,489.139600378705,497.484688582688,498.74200024135,2.51462331732341,22.6868290200499,22.3606525581228,22.3606797749979,-0.812111272288172,-0.429432899495432,0.721300614725886
"quadpos",1000,953,2,1,500,512.70412923166,-10.619529664437,523.323658896097,497.081802767413,498.33770622682,2.51180691881448,22.6791214860885,22.3539811860481,22.3606797749979,0.68884178224583,1.11774061458329,0.314730855890275
"quadpos",1000,953,5,0,200,202.807560266219,-4.03280126330365,206.840361529522,197.724371145734,198.179156720371,2.27392787318402,17.9539369795704,17.8883992654082,17.8885438199983,0.283123925758937,0.484179980592226,0.392386988612957
"quadpos",1000,953,5,1,200,211.464517003733,-5.07901883951697,216.54353584325,197.50559988517,197.953564034338,2.23982074584344,17.9357677257179,17.8691887027347,17.8885438199983,0.778272629977678,1.04033664416262,0.243469732128644
"quadpos",1000,953,10,0,100,118.11200123474,-2.04843990991292,120.160441144653,97.8024672869463,98.0218956604685,2.19428373522291,13.4377551330515,13.4159754074144,13.4164078649987,1.5113784815025,1.65016294468977,0.0814346104723181
"quadpos",1000,953,10,1,100,91.8340276847208,-2.37284669648913,94.2068743812099,97.7023717763892,97.9176766332533,2.15304856864086,13.4206154750065,13.3982926783858,13.4164078649987,-0.437263410355294,-0.276960829347282,0.656202802564643
"quadpos",1000,953,25,0,40,45.5640231811377,-0.736068595485406,46.3000917766231,37.8668010351616,37.9518433898382,2.12605886691473,8.76724082569951,8.762006387513,8.76356092008266,0.877952630594238,0.952778167188081,0.186373377686153
"quadpos",1000,953,25,1,40,43.2493942053011,-0.850181521311313,44.0995757266124,37.8229779384457,37.9073916037214,2.11034163189309,8.75468765761253,8.74929266582487,8.76356092008266,0.619829796227734,0.707735397522816,0.257140604288619
"quadpos",1000,953,50,0,20,32.5521773150116,-0.338582259929721,32.8907595749413,17.8804290306109,17.92256425162,2.1067610504558,6.25870490067537,6.25699264782241,6.26099033699941,2.34421474046771,2.39223476289853,0.0188971006485896
"quadpos",1000,953,50,1,20,25.3310682372975,-0.33770081283859,25.6687690501361,17.8894426798468,17.9307256880342,2.06415040937002,6.24836631843294,6.24659945702548,6.26099033699941,1.19097139607478,1.23876093150154,0.116065231145998
"quadpos",1000,954,2,0,500,519.668744176494,2.56282261809185,517.105921558402,497.452168233885,498.725652898809,2.54696932984688,22.8637167339333,22.3606324525738,22.3606797749979,0.971695730888594,0.821992342952629,0.242607959381927
"quadpos",1000,954,2,1,500,491.185195109699,6.62205663057907,484.56313847912,496.373559545125,497.624364286284,2.50160948231854,22.8421699805592,22.337206215556,22.3606797749979,-0.227139734965702,-0.584729606787982,0.577607999901883
"quadpos",1000,954,5,0,200,194.69346776678,1.19358151455662,193.499886252223,197.729090435216,198.182837209629,2.26873387206341,17.9896402344598,17.8883372858982,17.8885438199983,-0.168742822472962,-0.26178793940211,0.553115793001314
"quadpos",1000,954,5,1,200,199.073018566646,1.87876104480633,197.19425752184,197.073954236303,197.5190771159,2.2256143979859,17.9396850748069,17.8342504676126,17.8885438199983,0.111432520805529,-0.0182132461720413,0.465209216479357
"quadpos",1000,954,10,0,100,102.407577107717,0.610393170062423,101.797183937654,97.8114378178126,98.0299130414518,2.18475223639192,13.4495812585205,13.4158863741731,13.4164078649987,0.341731032480477,0.280806708638724,0.360286239944591
"quadpos",1000,954,10,1,100,98.8722785628685,0.671907587300232,98.2003709755683,97.4714965105463,97.685008874938,2.13512364391709,13.4022771053605,13.3667142118164,13.4164078649987,0.104518212935769,0.0385556309848177,0.456312236769774
"quadpos",1000,954,25,0,40,40.7928940835036,0.0560961406720433,40.7367979428315,37.8696924435593,37.9545552370795,2.12156983800683,8.76971268248833,8.76163519565122,8.76356092008266,0.33332923731714,0.317548339279511,0.348656776286453
"quadpos",1000,954,25,1,40,53.5361903683115,0.0722683534788463,53.4639220148326,37.7313212572141,37.8152892528168,2.09919989006778,8.73578121053909,8.72720778825084,8.76356092008266,1.80921073115131,1.79308584620651,0.0485755967628
"quadpos",1000,954,50,0,20,27.1478525254348,-0.0226958568395895,27.1705483822744,17.8863380506145,17.9282857143994,2.09738318924802,6.25846923934676,6.25587571005963,6.26099033699941,1.47983702094333,1.47737312827573,0.0762637958621884
"quadpos",1000,954,50,1,20,36.8327814903533,0.0125750954151094,36.8202063949382,17.832890813081,17.8741646452929,2.06369161059269,6.23168896999469,6.22890753638051,6.26099033699941,3.04891511254107,3.04163156042841,0.00550966263502101
"quadpos",1000,955,2,0,500,524.315896384582,-1.75236926219868,526.068265646781,497.425828186409,498.712572739828,2.57348910683888,22.4983458317051,22.360658055124,22.3606797749979,1.19520201170876,1.22338496655665,0.200276289550393
"quadpos",1000,955,2,1,500,505.839094006481,-3.28155166308478,509.120645669566,496.367353725065,497.645652844689,2.55659823924872,22.4675493475302,22.3468388584302,22.3606797749979,0.421574250707372,0.513495125533046,0.394273329146909
"quadpos",1000,955,5,0,200,230.378268419371,-0.717927668342277,231.096196087713,197.677014507312,198.141297652189,2.32141572438303,17.9159600840434,17.8884111536694,17.8885438199983,1.82525824787831,1.84224848995404,0.0571613248466165
"quadpos",1000,955,5,1,200,202.509772469561,-0.614446407687636,203.124218877249,197.021002058533,197.476750059134,2.27874000300115,17.8628710726331,17.8369582904087,17.8885438199983,0.307272576099857,0.3166161363483,0.398059598130772
"quadpos",1000,955,10,0,100,119.061621669871,-0.286586589672974,119.348208259544,97.7752722077522,97.99746339343,2.22191185677868,13.4251706486088,13.4160388238114,13.4164078649987,1.58555522453075,1.59143433814602,0.0728006184842899
"quadpos",1000,955,10,1,100,103.989845516541,-0.407956116405349,104.397801632946,97.4253156099134,97.6426649880793,2.17349378165967,13.3758852868894,13.3667989747372,13.4164078649987,0.490773490189987,0.505366816515605,0.320309973882997
"quadpos",1000,955,25,0,40,59.3736417876392,-0.037259010237706,59.4109007978769,37.8418757984585,37.9279356020909,2.15149509080983,8.76426881728644,8.76212155574747,8.76356092008266,2.45676695204875,2.4517994938902,0.0148212975256936
"quadpos",1000,955,25,1,40,50.5280032606495,-0.0477980995424242,50.5758013601919,37.7192697671751,37.8031342041492,2.09661092435331,8.72659519527305,8.7243766063549,8.76356092008266,1.46778132901278,1.4640206094197,0.0840106085781675
"quadpos",1000,955,50,0,20,39.2782551522447,-0.0445461420876174,39.3228012943323,17.8755546774512,17.9177907318402,2.11180271945181,6.2576930640457,6.25704960191119,6.26099033699941,3.4202221578692,3.42094308409414,0.00261430491469258
"quadpos",1000,955,50,1,20,32.2740472019754,-0.0727926659610613,32.3468398679365,17.8182229407531,17.8597957028252,2.07863810360653,6.22981589816473,6.22913475923957,6.26099033699941,2.32042559483676,2.32569124365514,0.0203998431321021
"quadpos",1000,956,2,0,500,499.220202324457,-7.54971536467355,506.769917689131,497.442348930148,498.720818973675,2.55694008705484,22.6512996694148,22.3606517616283,22.3606797749979,0.0784879199099605,0.359967088672622,0.476175809467665
"quadpos",1000,956,2,1,500,546.661660356254,-8.40137983182574,555.06304018808,497.398582767387,498.649775465503,2.50238539623153,22.6501169864852,22.3586403871943,22.3606797749979,2.17495907938404,2.52310801308325,0.0648453669175758
"quadpos",1000,956,5,0,200,203.579891975236,-3.00784283404938,206.587734809286,197.750680414495,198.200183462428,2.24751523966523,17.946704345888,17.888384620028,17.8885438199983,0.324806797303537,0.468882547251744,0.377809072670724
"quadpos",1000,956,5,1,200,187.183360066358,-2.90589392392705,190.089253990285,197.715231920949,198.159258235915,2.22013157483153,17.9424838105545,17.8835593596216,17.8885438199983,-0.58697959356082,-0.4512526887601,0.698509418946187
"quadpos",1000,956,10,0,100,107.377785028582,-1.5768532525142,108.954638281097,97.8384268818545,98.0542673491612,2.1584046730673,13.435350017406,13.4159846566046,13.4164078649987,0.710019324719436,0.812491308759004,0.242942549714451
"quadpos",1000,956,10,1,100,92.9549793724818,-1.60693458886026,94.561913961342,97.8313971581798,98.0445921251895,2.13194967009648,13.4314138600031,13.4117775014605,13.4164078649987,-0.363060645478237,-0.259673124123048,0.625093365092194
"quadpos",1000,956,25,0,40,47.4294891661648,-0.585650160137019,48.0151393263019,37.9026157922323,37.986233914176,2.09045304859185,8.76668492961427,8.76204975353761,8.76356092008266,1.08671333011528,1.14458439454499,0.14044103528312
"quadpos",1000,956,25,1,40,46.987338888723,-0.553230032508683,47.5405689212316,37.8984379361498,37.9815932849453,2.07888371988661,8.76338774529509,8.75868410099982,8.76356092008266,1.03714467700608,1.09137120668562,0.150460690432236
"quadpos",1000,956,50,0,20,25.9995989999474,-0.30781356066792,26.3074125606154,17.9240227454791,17.9652756887464,2.06264716336216,6.25832004925171,6.2568297550157,6.26099033699941,1.29037444408646,1.33328493798023,0.0997670836363052
"quadpos",1000,956,50,1,20,38.0986452996258,-0.335681835822908,38.4343271354487,17.925484266632,17.9665487214975,2.05322274327799,6.2558833821822,6.25436715215222,6.26099033699941,3.2246702504798,3.2725578649325,0.00375859422663497
"quadpos",1000,957,2,0,500,483.089576727948,-4.22526122008528,487.314837948034,497.464219291437,498.731843792973,2.53524900307129,22.4516548985087,22.3606691982419,22.3606797749979,-0.640248686721245,-0.510584264885813,0.675831898507285
"quadpos",1000,957,2,1,500,499.668302559431,-4.19592485817985,503.864227417611,497.475480592491,498.73266630162,2.51437141825726,22.4517068131691,22.3605650310904,22.3606797749979,0.0976683859800698,0.22949156735781,0.470535601802885
"quadpos",1000,957,5,0,200,178.006479570669,-1.63114450879651,179.637624079466,197.742784487269,198.193996050052,2.2560578139142,17.9066492926159,17.888453618076,17.8885438199983,-1.10217744224983,-1.03733795926528,0.843002150027175
"quadpos",1000,957,5,1,200,212.593927238279,-1.72941644036146,214.32334367864,197.751921786001,198.200167540383,2.24122877191108,17.9063220640421,17.888038882996,17.8885438199983,0.828869569037992,0.90133838839,0.226808146552077
"quadpos",1000,957,10,0,100,79.9799593783596,-0.883263725598555,80.8632231039581,97.8384983885171,98.0544270119805,2.15928623463383,13.4221629233996,13.4161270579026,13.4164078649987,-1.33052616870146,-1.28138350463043,0.907802578615364
"quadpos",1000,957,10,1,100,92.5714826404909,-0.829003825565352,93.4004864660563,97.8474607139914,98.0621566673372,2.14695953345828,13.4217868987545,13.4157114681653,13.4164078649987,-0.393090585724472,-0.34747841829655,0.635811790701362
"quadpos",1000,957,25,0,40,38.4472729763299,-0.296424935465366,38.7436979117953,37.8912427746097,37.9754066210014,2.1040961597931,8.76399232707062,8.76256028689657,8.76356092008266,0.0634448526389939,0.0876788593332482,0.449233604332726
"quadpos",1000,957,25,1,40,34.7483357745239,-0.323585982952273,35.0719217574761,37.8863488949948,37.9706556204067,2.10766813529885,8.76372211442332,8.76227883156732,8.76356092008266,-0.358068532924655,-0.330819632501024,0.620605711013239
"quadpos",1000,957,50,0,20,17.8643435321786,-0.124148123012477,17.9884916551911,17.9070745737339,17.9487658646086,2.08456454373441,6.25885099710951,6.25839990374699,6.26099033699941,-0.00682729810551404,0.00634759542271268,0.464622434077106
"quadpos",1000,957,50,1,20,24.3838719150279,-0.150497861663437,24.5343697766913,17.9094033109299,17.9510346668813,2.0815677975706,6.25864918078546,6.25819369060078,6.26099033699941,1.03448338724195,1.05195451519783,0.142849425351538
"quadpos",1000,958,2,0,500,501.751248976574,-5.63054950414665,507.381798480721,497.46329114191,498.731264653023,2.53594702222566,22.5333987947775,22.36065437897,22.3606797749979,0.190293433925222,0.386864072986799,0.444456934544556
"quadpos",1000,958,2,1,500,486.78579451023,-5.50198133829609,492.287775848526,497.472044118277,498.730804019788,2.51751980302306,22.5321982454924,22.3604879681784,22.3606797749979,-0.474265737040748,-0.288143451092448,0.631893460155579
"quadpos",1000,958,5,0,200,190.304361420111,-2.2225185428483,192.52687996296,197.753067607562,198.20216286588,2.24547629158777,17.9230333294337,17.8884236067981,17.8885438199983,-0.415594059919453,-0.31726009108838,0.63991375063812
"quadpos",1000,958,5,1,200,181.753805360973,-2.23222543706086,183.986030798034,197.733772250181,198.185517851819,2.25872800818675,17.9222985229259,17.8879688809366,17.8885438199983,-0.891624858762796,-0.793800970266529,0.789913324519032
"quadpos",1000,958,10,0,100,96.6265977575355,-1.0907526854724,97.7173504430079,97.846456938365,98.0615345152245,2.15077576859563,13.4275360823189,13.4160484007453,13.4164078649987,-0.0908475816673277,-0.0256546534371105,0.520283160192774
"quadpos",1000,958,10,1,100,103.073812494231,-1.16653060949384,104.240343103725,97.8418977227574,98.0570869011827,2.15189178425334,13.4270162161076,13.4156202008291,13.4164078649987,0.389655801949318,0.460899765346686,0.343185978411655
"quadpos",1000,958,25,0,40,43.7393144323554,-0.510838480494806,44.2501529128502,37.9121725771807,37.9954355015813,2.0815731100148,8.76493595719492,8.76220549853144,8.76356092008266,0.664824236438522,0.713829116689533,0.240873198976448
"quadpos",1000,958,25,1,40,46.3227908167924,-0.542753382037679,46.8655441988301,37.9041819907404,37.9877113569954,2.08823415637544,8.7646290577342,8.76192194278026,8.76356092008266,0.960520835576397,1.01322893536503,0.16652319654675
"quadpos",1000,958,50,0,20,27.3108818238093,-0.302995508578495,27.6138773323878,17.9278010434972,17.9690028015714,2.06008790371369,6.25808066564824,6.2572226066125,6.26099033699941,1.49935439979507,1.54139865834785,0.07334630929291
"quadpos",1000,958,50,1,20,31.7483895924155,-0.307553617948767,32.0559432103643,17.9217012987866,17.9630113668875,2.06550340504186,6.25786140404107,6.25701127410573,6.26099033699941,2.20949097477617,2.25234240855528,0.0235436507812372
"quadpos",1000,959,2,0,500,491.642636066855,-9.82319290795421,501.465828974809,497.459278463956,498.729342477029,2.54012802614756,22.5015525209621,22.3606619318815,22.3606797749979,-0.25849960315768,0.122379494225902,0.571877308109603
"quadpos",1000,959,2,1,500,494.676824710764,-9.44066920729829,504.117493918063,497.416034294527,498.696202342335,2.56033609561743,22.4995036214761,22.3603193239454,22.3606797749979,-0.121745334023626,0.242451438066971,0.533629217963978
"quadpos",1000,959,5,0,200,186.575965343522,-3.95397386996509,190.529939213487,197.724119713286,198.17896781536,2.27424051037118,17.9166193957543,17.8884108012864,17.8885438199983,-0.622224211136916,-0.42759687748912,0.709469030319918
"quadpos",1000,959,5,1,200,198.058284980025,-3.93428668903471,201.992571669059,197.720461057547,198.172951363254,2.26245152853221,17.9149900584569,17.8872601604433,17.8885438199983,0.0188570533042458,0.213538589562894,0.485466880094836
"quadpos",1000,959,10,0,100,98.3442369527272,-2.01412822611985,100.358365178847,97.8358039699893,98.0519452529127,2.16141282923353,13.4254159097255,13.4160489525873,13.4164078649987,0.0378709297467363,0.171914990328776,0.471226168445933
"quadpos",1000,959,10,1,100,125.670411320387,-1.98179331255683,127.652204632944,97.8142810665486,98.0316815054715,2.17400438922868,13.4241329878662,13.4149409675958,13.4164078649987,2.07507853795976,2.20802485818029,0.031250269124498
"quadpos",1000,959,25,0,40,52.534423460415,-0.767392014811064,53.3018154752261,37.8971742885994,37.9810538349788,2.09698865948363,8.7645346423638,8.76230135445263,8.76356092008266,1.67005434619035,1.74848604498885,0.0585965420425242
"quadpos",1000,959,25,1,40,50.8922592204803,-0.799654338988531,51.6919135594689,37.8906331825277,37.9746311611003,2.09994946431529,8.76372315591576,8.76153790719233,8.76356092008266,1.48357334053578,1.56562495576354,0.0788146035523366
"quadpos",1000,959,50,0,20,30.4241092162255,-0.410129956054119,30.8342391722796,17.9151676827103,17.9566361109651,2.07342141273877,6.25814163693756,6.25744336218795,6.26099033699941,1.99882684976054,2.05796558050056,0.0335217026255255
"quadpos",1000,959,50,1,20,29.9578185633525,-0.402269717111862,30.3600882804643,17.9125163761028,17.9540006566535,2.07421402753436,6.25755186564306,6.25686942229098,6.26099033699941,1.92492246902245,1.9827947151354,0.0378586114312048
"quadpos",1000,960,2,0,500,526.874358898017,-3.3699907723018,530.244349670319,497.488556205922,498.74388613774,2.51065986363644,22.5618284957724,22.360648309761,22.3606797749979,1.30245661151096,1.40874553797387,0.179090298038333
"quadpos",1000,960,2,1,500,493.579504023119,-3.18431143289113,496.76381545601,497.416128175046,498.67316718137,2.51407801264783,22.5614234951922,22.3595332867158,22.3606797749979,-0.170052397303045,-0.0853931833404511,0.547498401870859
"quadpos",1000,960,5,0,200,214.829264354896,-1.34757146633453,216.17683582123,197.750506431286,198.200049056653,2.24771312683432,17.928705911224,17.8883944585475,17.8885438199983,0.952592898125338,1.00494132138213,0.195959553940345
"quadpos",1000,960,5,1,200,218.930550203805,-1.28390110900925,220.214451312814,197.686135467475,198.140289208904,2.27076870714586,17.925990534262,17.8852740713649,17.8885438199983,1.18511803828776,1.23420876950672,0.146838013613007
"quadpos",1000,960,10,0,100,101.02566284847,-0.634042870862688,101.659705719332,97.8255645894021,98.0427292919653,2.17164702563201,13.4294257412995,13.4160427614482,13.4164078649987,0.238290029723781,0.269600842191756,0.39687083707635
"quadpos",1000,960,10,1,100,117.328432028697,-0.535333036529075,117.863765065226,97.8102159810992,98.0265166532445,2.16300672145246,13.4266234784482,13.4130468754952,13.4164078649987,1.45369504692879,1.47895169502637,0.0891611517229733
"quadpos",1000,960,25,0,40,43.9661856307206,-0.33796290068196,44.3041485314026,37.8931251575,37.9771254017577,2.10000610644147,8.76524766140015,8.76206901661615,8.76356092008266,0.692856689031704,0.722092363989202,0.23357347397139
"quadpos",1000,960,25,1,40,50.9934566751854,-0.415215880148318,51.4086725553337,37.876035514758,37.9602804892403,2.10612436205872,8.76296272368328,8.759726680936,8.76356092008266,1.4969162341608,1.53525247487018,0.0774193285770449
"quadpos",1000,960,50,0,20,27.4588481110548,-0.098467232071071,27.5573153431259,17.9176869945954,17.9590621432459,2.06875743252747,6.25774851794233,6.25676386121262,6.26099033699941,1.52469551774138,1.53406032460041,0.07078228495493
"quadpos",1000,960,50,1,20,27.1793301591266,-0.186514505689291,27.3658446648159,17.9143862721529,17.9557137779727,2.06637529099337,6.25601921016564,6.255009718919,6.26099033699941,1.48096474382923,1.50441507043244,0.075692829206171
"quadpos",1000,961,2,0,500,553.424205804601,-3.80647642684832,557.230682231449,497.462696245933,498.730959943118,2.53652739436955,22.5747869528355,22.3606504640234,22.3606797749979,2.47893854660004,2.61619054340359,0.0430904361450025
"quadpos",1000,961,2,1,500,552.392738661453,-3.91287933381062,556.305617995263,496.863625969333,498.146405290529,2.56555864239115,22.559657369992,22.3517435070197,22.3606797749979,2.46143422222281,2.60199893070844,0.0459548135986995
"quadpos",1000,961,5,0,200,257.519345674269,-1.43291771717368,258.952263391443,197.730135242012,198.183783333792,2.26824045889936,17.9313249887354,17.8884053377663,17.8885438199983,3.33434425341221,3.39708760564337,0.0028235676205716
"quadpos",1000,961,5,1,200,260.972663138971,-1.62804155721083,262.600704696182,197.339055044865,197.795572293559,2.28258624347341,17.9031780604645,17.8602086843784,17.8885438199983,3.55431912028109,3.62846445681817,0.00179076703400786
"quadpos",1000,961,10,0,100,178.92168126965,-0.747260445951052,179.668941715601,97.8249520007755,98.0421485034637,2.17196502688205,13.4302624704616,13.4160014389453,13.4164078649987,6.03835773479767,6.08428625947988,1.13549822306779e-06
"quadpos",1000,961,10,1,100,147.564828928544,-0.772330796741506,148.337159725286,97.6048664893724,97.8224078423719,2.17541352999509,13.4035988009211,13.3890473063318,13.4164078649987,3.7273543606616,3.77284139245852,0.000902604759093932
"quadpos",1000,961,25,0,40,76.6023328279806,-0.282847241671711,76.8851800696523,37.8757931223842,37.960502094872,2.11772431219431,8.76554764089837,8.76214752779087,8.76356092008266,4.41803995507432,4.44236733646895,0.000207572279700611
"quadpos",1000,961,25,1,40,76.7413707049718,-0.403493634415345,77.1448643393871,37.8009418457033,37.8850105376001,2.10171729742142,8.74631329723148,8.74279035193837,8.76356092008266,4.45221060988,4.49054045921194,0.00019978094608184
"quadpos",1000,961,50,0,20,37.0614390344703,-0.159065828828498,37.2205048632988,17.8863388888901,17.9283558200378,2.10084655738536,6.25806906628933,6.25699349064405,6.26099033699941,3.06406016655709,3.08329376914139,0.00514478580323148
"quadpos",1000,961,50,1,20,40.8278275918022,-0.251904568660616,41.0797321604628,17.8683868351518,17.909821387442,2.07172761450847,6.24358615492701,6.24245364267549,6.26099033699941,3.67728420605397,3.71166725446282,0.0016078605061447
"quadpos",1000,962,2,0,500,492.690376065426,-0.72515197786754,493.415528043294,497.479553956915,498.739342255706,2.51957659758165,22.5624556909617,22.3606449496123,22.3606797749979,-0.212263148882678,-0.238088580379029,0.55870965875417
"quadpos",1000,962,2,1,500,507.740068059746,-1.38459688284799,509.124664942594,497.425827789602,498.6683416533,2.48502772739593,22.5620934009238,22.3590820016673,22.3606797749979,0.45714908128704,0.46765440944825,0.371558508319996
"quadpos",1000,962,5,0,200,206.724555551512,-0.169886207420799,206.894441758933,197.750016701832,198.199658169741,2.24820733954806,17.9288107728556,17.8883873901851,17.8885438199983,0.500565205544364,0.486057429299762,0.320774311860659
"quadpos",1000,962,5,1,200,190.48810213622,-0.367704477985322,190.855806614205,197.706190275375,198.154234203169,2.24021963896767,17.9254809095033,17.88443700668,17.8885438199983,-0.402671938097276,-0.408088193452084,0.636362612068339
"quadpos",1000,962,10,0,100,93.3724595324439,0.0391651815644441,93.3332943508795,97.8384905110473,98.0543330885811,2.15842577533854,13.4294137221358,13.4159986358662,13.4164078649987,-0.332555915768828,-0.351896184983237,0.613348629974618
"quadpos",1000,962,10,1,100,106.938800132247,-0.118759887235121,107.057560019482,97.8220176985448,98.0365593558919,2.14541657347095,13.425979338866,13.4123033148913,13.4164078649987,0.679040403951058,0.672591459632023,0.25227887521474
"quadpos",1000,962,25,0,40,38.247861984935,-0.0196943455650416,38.2675563305,37.917156966118,38.0001853655615,2.07570998608694,8.76519412190662,8.76200829491491,8.76356092008266,0.0377293433799102,0.0305148039055978,0.458229456540874
"quadpos",1000,962,25,1,40,59.725286337633,0.00464770630753326,59.7206386313255,37.9035478023785,37.9866378337281,2.07725078374114,8.76268815392225,8.75943277727487,8.76356092008266,2.4903018516626,2.48121098137578,0.0137321952084543
"quadpos",1000,962,50,0,20,17.541662778601,-0.0184008580902665,17.5600636366913,17.937875286269,17.9788412545722,2.04829841516318,6.25766546437173,6.25667717318376,6.26099033699941,-0.0633163453565549,-0.0669329112385459,0.486207636315708
"quadpos",1000,962,50,1,20,27.4017889707587,-0.00930648083813232,27.4110954515968,17.9271331051682,17.9681986010881,2.05327479599265,6.25590959212966,6.25489567002772,6.26099033699941,1.51451291391906,1.50968095211521,0.0717616971083889
"quadpos",1000,963,2,0,500,480.504276554469,-2.16905531045562,482.673331864925,497.471999410812,498.735725243374,2.52745166512373,22.4427857951356,22.3606674959539,22.3606797749979,-0.756043523795544,-0.718332463972983,0.705336995645279
"quadpos",1000,963,2,1,500,506.551831279336,-0.669601476012368,507.221432755348,495.700565218768,496.949193785587,2.49725713363843,22.372816051098,22.3354951829557,22.3606797749979,0.48502012602188,0.459906480049739,0.385703287162877
"quadpos",1000,963,5,0,200,187.619440478569,-0.857543481155334,188.476983959725,197.816872043629,198.253244838235,2.18186397303062,17.9048624591305,17.8884450497987,17.8885438199983,-0.569534202696962,-0.546512614779812,0.690543034925243
"quadpos",1000,963,5,1,200,197.277123610271,-0.792273342835745,198.069396953107,196.664978354471,197.108748640463,2.21885142995873,17.8141469049779,17.8060430299523,17.8885438199983,0.0343628723320382,0.0539506902812711,0.501137241800878
"quadpos",1000,963,10,0,100,106.717807728586,-0.408187526207928,107.125995254794,97.9091562643493,98.1180208356083,2.08864571258986,13.4215761370225,13.4161301185693,13.4164078649987,0.65630529338048,0.671428671276673,0.257059337197405
"quadpos",1000,963,10,1,100,102.548063215622,-0.192639189694084,102.740702405316,97.2532373248879,97.4642513176304,2.11013992742489,13.3405288868958,13.3374826282987,13.4164078649987,0.396897749378984,0.395610718659202,0.356649503690767
"quadpos",1000,963,25,0,40,43.6078255883607,-0.197662159242491,43.8054877476032,37.9536885509441,38.0353415372835,2.04132465848661,8.76378293832694,8.76249312050713,8.76356092008266,0.645170821459901,0.658505077375254,0.245171716403869
"quadpos",1000,963,25,1,40,48.5114410015164,-0.0792799135055543,48.590720915022,37.6712178284164,37.7535612051363,2.05858441799899,8.70682731391814,8.70605742491763,8.76356092008266,1.24502563129644,1.24478385346604,0.118087950863273
"quadpos",1000,963,50,0,20,24.358521074501,-0.063418014585989,24.4219390890869,17.9750985428993,18.0154139186417,2.01576878711714,6.25856427467012,6.25816292299653,6.26099033699941,1.01994998396627,1.0237069966497,0.143629396965831
"quadpos",1000,963,50,1,20,33.1341258957412,-0.0501383546000521,33.1842642503413,17.8325368266997,17.8729671921788,2.02151827395547,6.21616425764129,6.21594198123772,6.26099033699941,2.46158055592433,2.463230368684,0.0160773523552614
"quadpos",1000,964,2,0,500,528.653424797255,-5.25702522695897,533.910450024213,497.449195421099,498.724205346146,2.55001985009548,22.6670902338032,22.3606502245008,22.3606797749979,1.37663145354322,1.57357877900675,0.165259634296653
"quadpos",1000,964,2,1,500,529.529706612567,-4.97926445487015,534.508971067438,497.423106696668,498.699983349077,2.55375330481921,22.668027201575,22.3602402816552,22.3606797749979,1.41638262696584,1.60145809111625,0.158719248716216
"quadpos",1000,964,5,0,200,239.097131870724,-1.93968779128059,241.036819662005,197.729644259908,198.183319186501,2.26837463296745,17.9499013847501,17.8883690337046,17.8885438199983,2.30460807132687,2.39560691054398,0.0243946114627886
"quadpos",1000,964,5,1,200,238.887922267145,-1.84944468000065,240.737366947146,197.721621275949,198.173978031729,2.2617837788991,17.9493197471955,17.8872438472621,17.8885438199983,2.29347415785093,2.37953869689834,0.0249308330254476
"quadpos",1000,964,10,0,100,139.260657798366,-1.023305116681,140.283962915047,97.8316152690873,98.0481160792557,2.16500810168396,13.4364065697348,13.415958118606,13.4164078649987,3.08334243342984,3.14817968738411,0.00392201924496425
"quadpos",1000,964,10,1,100,128.794690827526,-0.97863040373392,129.77332123126,97.8382120004101,98.0532107226037,2.14998722193591,13.4355683236253,13.4148991462228,13.4164078649987,2.30406917530101,2.36454334564173,0.0201580034065328
"quadpos",1000,964,25,0,40,72.4194966218602,-0.46575504001151,72.8852516618717,37.9078570749936,37.9912278093402,2.08426835866304,8.76673512128875,8.76184321356436,8.76356092008266,3.93665818225305,3.98249808881669,0.00063963754699429
"quadpos",1000,964,25,1,40,63.510860874639,-0.423489367626774,63.9343502422658,37.9033131688203,37.9867299981237,2.0854207325842,8.76606775408574,8.76111818109017,8.76356092008266,2.92121261484471,2.96167905829041,0.00584973380572097
"quadpos",1000,964,50,0,20,51.6832738897325,-0.277363635418852,51.9606375251513,17.9275932730654,17.968732959036,2.05698429852825,6.25774105577121,6.25617045871178,6.26099033699941,5.39422777577794,5.43334053802534,4.18437425675473e-05
"quadpos",1000,964,50,1,20,48.78962801351,-0.244871237260897,49.0344992507709,17.9283663960095,17.9694613831413,2.05474935659238,6.25730998939243,6.25571828938928,6.26099033699941,4.93203336095182,4.96586266045914,0.000114798635396427
"quadpos",1000,965,2,0,500,484.732436824575,-1.11488035917539,485.847317183751,497.48942590528,498.744251085498,2.50965036043473,22.691325966748,22.3606361339118,22.3606797749979,-0.5621967221924,-0.576769543787157,0.656532461410436
"quadpos",1000,965,2,1,500,481.722745939543,-0.897872526747819,482.620618466291,497.484491290409,498.73852255802,2.508062535222,22.6919915554366,22.3605220422477,22.3606797749979,-0.694595065063365,-0.720819668757106,0.691571304496353
"quadpos",1000,965,5,0,200,164.424059705756,-0.447467598138832,164.871527303894,197.756809158938,198.205048803445,2.2411982225336,17.9548185425761,17.8883685359379,17.8885438199983,-1.85647932749311,-1.86341875909942,0.960739254532811
"quadpos",1000,965,5,1,200,179.700591750508,-0.42661343359257,180.1272051841,197.749067150342,198.198055410717,2.24494130187406,17.9547940144217,17.8880623491228,17.8885438199983,-1.0052176251834,-1.01021842801786,0.820105577370921
"quadpos",1000,965,10,0,100,78.2658956660645,-0.145774923856404,78.4116705899209,97.8469328185785,98.0619132799838,2.14980461405363,13.4380777587944,13.4159746478959,13.4164078649987,-1.45713081171147,-1.46468990928995,0.929036609162178
"quadpos",1000,965,10,1,100,78.4988249262747,-0.148526714313099,78.6473516405878,97.8386861523646,98.0542759324828,2.15589780118158,13.4379238269276,13.4157030194165,13.4164078649987,-1.43920009334595,-1.44658272949301,0.926377004394116
"quadpos",1000,965,25,0,40,33.3903071222534,-0.129923850047064,33.5202309723005,37.8976724073427,37.9814439195344,2.09428780479142,8.76709502715116,8.76180473976468,8.76356092008266,-0.514123010088321,-0.509165985745731,0.682406077744122
"quadpos",1000,965,25,1,40,37.4812301833568,-0.0826027662810013,37.5638329496378,37.8984153401583,37.9821131579124,2.09244544385245,8.7668993988139,8.76156936684528,8.76356092008266,-0.0475863971768612,-0.0477403294731027,0.493268859686905
"quadpos",1000,965,50,0,20,17.6001259948543,-0.056513180130288,17.6566391749846,17.9192193252529,17.9605527377265,2.06667062367779,6.2583090095923,6.25658394391224,6.26099033699941,-0.0509871484309151,-0.0485749996270083,0.482272403330935
"quadpos",1000,965,50,1,20,19.5084059288859,-0.0221003209402662,19.5305062498262,17.9196527605313,17.9609675389197,2.06573891942105,6.25816738948672,6.25642961222848,6.26099033699941,0.253868755735694,0.250868116191829,0.361164348029871
"quadpos",1000,966,2,0,500,477.417614628729,1.36501189515438,476.052602733575,497.494629387081,498.746967121506,2.50467546884995,22.5012551181481,22.3606598552423,22.3606797749979,-0.892261993961357,-1.01492373368448,0.738974120141963
"quadpos",1000,966,2,1,500,479.899700265564,1.75672812499351,478.142972140571,497.346336974006,498.626591384197,2.56050882038174,22.4956720498436,22.3593343274271,22.3606797749979,-0.775555256574903,-0.916110423667642,0.712068831941838
"quadpos",1000,966,5,0,200,217.157317800745,0.528745555109711,216.628572245635,197.736133169107,198.188610646808,2.26238738850555,17.916570238465,17.888421833572,17.8885438199983,1.08397892973638,1.03083222043769,0.166888730726523
"quadpos",1000,966,5,1,200,187.155341332948,0.248589027843661,186.906752305105,197.673325863239,198.125833536453,2.26253836606696,17.9108216272185,17.8837663506783,17.8885438199983,-0.587241878078184,-0.62733324800582,0.699018522642156
"quadpos",1000,966,10,0,100,96.1195750025124,0.171428092778967,95.9481469097334,97.8381230155087,98.0540393170742,2.15916301565556,13.4254005977788,13.4160574025062,13.4164078649987,-0.12800720548187,-0.156968052845944,0.534849548685832
"quadpos",1000,966,10,1,100,93.2781245697449,0.100683839064818,93.1774407306801,97.8042553690808,98.0199179541502,2.15662585069342,13.4205113002227,13.4115401138053,13.4164078649987,-0.337254721380166,-0.361067944649062,0.616008942998403
"quadpos",1000,966,25,0,40,45.8601579577173,0.106762464651235,45.7533954930661,37.8848511790672,37.9692342353292,2.10957640655003,8.76459293901975,8.76235834080802,8.76356092008266,0.909946056153297,0.888363720698852,0.178432145950203
"quadpos",1000,966,25,1,40,47.348893511385,0.0166743240500019,47.332219187335,37.8741816561613,37.9583412437885,2.1039896906807,8.76102534425756,8.75889589508084,8.76356092008266,1.08146152795163,1.07021227970195,0.142228331995228
"quadpos",1000,966,50,0,20,25.200307260345,0.0471321592636901,25.1531751010813,17.9178939657184,17.9593157687232,2.07109015023999,6.25827115639015,6.25756829430223,6.26099033699941,1.16364617522058,1.1496253806624,0.119497401284141
"quadpos",1000,966,50,1,20,24.6021103367384,-0.0423202844982399,24.6444306212366,17.9069410029224,17.948417487814,2.07382424458304,6.25570351840619,6.25503240221004,6.26099033699941,1.0702504225331,1.07050015137519,0.136274296081614
"quadpos",1000,967,2,0,500,494.996416385551,-4.30363780795148,499.300054193502,497.451473821447,498.725311454055,2.54767526521575,22.6494273888963,22.3606488835717,22.3606797749979,-0.108393797059072,0.0257033122088717,0.529585273774767
"quadpos",1000,967,2,1,500,498.580608188911,-4.74138459472505,503.321992783636,497.184091516125,498.455854399705,2.54352576716034,22.644209083949,22.3557483451946,22.3606797749979,0.0616721329329136,0.217668328914465,0.484240192634813
"quadpos",1000,967,5,0,200,214.083429888457,-1.57466945044549,215.658099338903,197.718224318663,198.174201582355,2.27988631846052,17.946344147292,17.8883760473054,17.8885438199983,0.911896341420775,0.977388764095263,0.205934490572535
"quadpos",1000,967,5,1,200,210.636980838004,-1.28042649081111,211.917407328815,197.566206051314,198.017087251488,2.25440600087259,17.9337522645277,17.8749476173956,17.8885438199983,0.728836586671498,0.777642562924192,0.256124832039604
"quadpos",1000,967,10,0,100,132.860505304502,-0.752512903480393,133.613018207982,97.8290484680004,98.0457938756809,2.16745407680527,13.4351965801317,13.415941631261,13.4164078649987,2.6074390968203,2.65111650824606,0.0109973652379854
"quadpos",1000,967,10,1,100,115.607498434935,-0.68361711366358,116.291115548599,97.7344046759484,97.9506630512338,2.16258375285415,13.4232085687363,13.4035092878962,13.4164078649987,1.33150682025568,1.36833213626577,0.108164213077479
"quadpos",1000,967,25,0,40,61.4410781836738,-0.294626534453717,61.7357047181276,37.9002954285484,37.9839729589415,2.09193825982716,8.76644612778932,8.761861606049,8.76356092008266,2.68532794384055,2.71080882432432,0.00939360726444996
"quadpos",1000,967,25,1,40,53.2610075062166,-0.235805743351587,53.4968132495682,37.8482199040225,37.9322331681735,2.10033160377449,8.75723260283402,8.75252881913814,8.76356092008266,1.76000664835673,1.77829521079228,0.0511692818958096
"quadpos",1000,967,50,0,20,35.8649314421139,-0.208597014971152,36.0735284570851,17.9175989503296,17.9589344764354,2.06677630528862,6.25756055936712,6.25610603997956,6.26099033699941,2.86810368377794,2.89550622462098,0.00734245827020632
"quadpos",1000,967,50,1,20,33.7976893715959,-0.095237991582814,33.8929273631787,17.9030121462013,17.944210297218,2.0599075508371,6.25098934699972,6.24947450413596,6.26099033699941,2.54274585078658,2.55200930180701,0.0133397599396024
"quadpos",1000,968,2,0,500,539.582197382399,-6.20842956713491,545.790626949533,497.440843139105,498.720158314497,2.55863035078357,22.4722367997203,22.3606661754752,22.3606797749979,1.87526300202647,2.10505663228685,0.0961880790337799
"quadpos",1000,968,2,1,500,495.090447949279,-5.47189687261128,500.56234482189,497.041073856344,498.30074418599,2.51934065929256,22.4499876072697,22.3539439468353,22.3606797749979,-0.0868876162066591,0.101172331883766,0.528395179846695
"quadpos",1000,968,5,0,200,248.687407669284,-2.36633942062309,251.053747089907,197.740844354318,198.192419594928,2.25787620304767,17.910760597032,17.8884409345107,17.8885438199983,2.84446676839662,2.95505503741233,0.00841855914369286
"quadpos",1000,968,5,1,200,234.997817971325,-2.494773738317,237.492591709642,197.469460574531,197.920606886757,2.25573156112879,17.886791876638,17.8679535925768,17.8885438199983,2.09810443681686,2.21469037390635,0.0369195366700786
"quadpos",1000,968,10,0,100,148.068302318076,-1.16206542322976,149.230367741306,97.8532987945667,98.0677334032785,2.14434608711827,13.4235112554348,13.416106934383,13.4164078649987,3.74082477885051,3.81352314708426,0.000821978121841896
"quadpos",1000,968,10,1,100,124.746019355884,-1.26976172203383,126.015781077918,97.6975858623314,97.9116963016513,2.141104393199,13.402660185556,13.3963322012167,13.4164078649987,2.01813916931972,2.09789398725975,0.0354131854027428
"quadpos",1000,968,25,0,40,69.7516135497771,-0.384119106654657,70.1357326564318,37.9110438410284,37.9943939839035,2.08375357187857,8.76419789452711,8.76244119509655,8.76356092008266,3.63302724241678,3.66808038500898,0.00127590211175243
"quadpos",1000,968,25,1,40,52.9420029678518,-0.359791717411008,53.3017946852628,37.8350084310152,37.9186800768632,2.09179114619932,8.74943936674808,8.74794741921023,8.76356092008266,1.72662429026597,1.75848274700631,0.0543242831592149
"quadpos",1000,968,50,0,20,44.0903722798061,-0.139565093145636,44.2299373729518,17.9297218429438,17.9709232764544,2.06007167553013,6.2583682649477,6.25782225568132,6.26099033699941,4.18010723072733,4.19619046748371,0.000559990681208935
"quadpos",1000,968,50,1,20,38.544961711311,-0.228354479451847,38.7733161907629,17.8929287855903,17.9341770560902,2.06241352499269,6.24763690809172,6.2471831946343,6.26099033699941,3.30557508855435,3.33576565396248,0.00327860438441283
"quadpos",1000,969,2,0,500,557.299088757404,-0.118099682086044,557.41718843949,497.478243373406,498.738732720047,2.52097869328096,22.5280194660447,22.3606519683333,22.3606797749979,2.65539744735053,2.62418357937609,0.033617828405803
"quadpos",1000,969,2,1,500,552.057801158065,-0.0862093338390523,552.144010491904,497.495746244623,498.746191690268,2.50089089129016,22.5283033680525,22.3606086142988,22.3606797749979,2.42193360156966,2.38803065348988,0.0469179641250077
"quadpos",1000,969,5,0,200,267.584840696179,-0.0592536380989784,267.644094334278,197.766289654515,198.212693817877,2.23202081680901,17.9219091057515,17.8883993894829,17.8885438199983,3.89570947099928,3.88136462098572,0.000717544181340425
"quadpos",1000,969,5,1,200,255.383805184372,-0.0324203585455303,255.416225542918,197.730666888223,198.183902796921,2.26617954349175,17.9218970683709,17.888287100503,17.8885438199983,3.21691046858521,3.19943001945596,0.00371270050912243
"quadpos",1000,969,10,0,100,144.108240187818,0.0326595078808396,144.075580679937,97.8390851278084,98.0548617669008,2.15776639092375,13.4270884253137,13.4159911449318,13.4164078649987,3.44595593582149,3.43028840850288,0.00169264990121133
"quadpos",1000,969,10,1,100,171.843216491505,-0.0108186917896195,171.854035183294,97.8324669853534,98.0488109796751,2.16343994321688,13.427011444865,13.4158727534578,13.4164078649987,5.51207912572803,5.5013360338109,5.88914282121625e-06
"quadpos",1000,969,25,0,40,76.2926166669577,-0.0882077146906829,76.3808243816484,37.893588906979,37.9775668446689,2.09944844224672,8.76466192839284,8.76204778555962,8.76356092008266,4.38111909776991,4.38290893599901,0.000225994731488619
"quadpos",1000,969,25,1,40,71.6498946520234,-0.0749701467154606,71.7248647987389,37.880766089152,37.9652415883467,2.11188747986576,8.76459270363959,8.76196563810548,8.76356092008266,3.85290334699163,3.85297370530338,0.000782396696217019
"quadpos",1000,969,50,0,20,57.3591613594171,0.0136426716083894,57.3455186878087,17.933191898139,17.9742628730638,2.05354874624296,6.2576264289853,6.25685093766771,6.26099033699941,6.30046710341436,6.2925034025856,5.42671591586417e-06
"quadpos",1000,969,50,1,20,55.8587595485001,-0.0227423364371473,55.8815018849373,17.9329144921286,17.9739871259158,2.05363168936055,6.25757102530917,6.25679091192861,6.26099033699941,6.06079338180548,6.05861939332999,9.38169692789291e-06
"quadpos",1000,970,2,0,500,510.003427662218,-6.27120227617973,516.274629938398,497.476404389677,498.737768246481,2.52272771360862,22.5605065158403,22.3606491269302,22.3606797749979,0.555263387537233,0.784273372046076,0.345162643632654
"quadpos",1000,970,2,1,500,502.872213226798,-3.65005470936046,506.522267936159,496.692610385696,497.957775246303,2.53032972121361,22.5195366545048,22.3470959349619,22.3606797749979,0.274410745474464,0.38324857577833,0.430543593675837
"quadpos",1000,970,5,0,200,195.27637327633,-2.45540415224912,197.731777428579,197.746647576637,198.196965803018,2.25159113190298,17.928447602713,17.8883965599165,17.8885438199983,-0.137785175551563,-0.0260050347654228,0.541396340285437
"quadpos",1000,970,5,1,200,201.505480142426,-2.1816596164194,203.687139758845,197.249471164122,197.700677489587,2.25603162732909,17.885430575181,17.8512665240178,17.8885438199983,0.237959548159287,0.335352243002115,0.417384826435911
"quadpos",1000,970,10,0,100,109.735023207309,-1.29660574828879,111.031628955598,97.8441890453969,98.0594842833951,2.15295237998128,13.4293490935469,13.4160348891789,13.4164078649987,0.885436373653141,0.966913456871373,0.196524245029816
"quadpos",1000,970,10,1,100,96.6987732951073,-1.04322138539438,97.7419946805017,97.5657188421733,97.7805001331527,2.14781290979423,13.3917412857381,13.3805469321788,13.4164078649987,-0.0647373279223399,-0.0028777188889337,0.518211108304778
"quadpos",1000,970,25,0,40,56.8969604236438,-0.459744265376036,57.3567046890199,37.9112484895889,37.9945365832199,2.08220234077681,8.76531194323347,8.76214121278704,8.76356092008266,2.16600527819336,2.20975303131885,0.0249926029154587
"quadpos",1000,970,25,1,40,51.058732172267,-0.315584086138272,51.3743162584053,37.7652540978407,37.8496176266347,2.10908821985034,8.73935836350567,8.73670606400667,8.76356092008266,1.52110458474137,1.54803177910373,0.0765302775696252
"quadpos",1000,970,50,0,20,26.2371956220133,-0.299946852517126,26.5371424745305,17.9433355245438,17.9842303059092,2.04473906826938,6.2582975883875,6.25727683779962,6.26099033699941,1.32525818408814,1.36687450313113,0.0944568894533878
"quadpos",1000,970,50,1,20,28.5719585193412,-0.163480012404668,28.7354385317459,17.8651105463465,17.9062698934373,2.05796735453983,6.2380265212395,6.23718976802991,6.26099033699941,1.7163838493696,1.73622561458942,0.0538678832301125
"quadpos",1000,971,2,0,500,467.698376225798,-4.69865660693902,472.397032832737,497.458919345373,498.729166875979,2.54049506121149,22.4926948185498,22.3606621528844,22.3606797749979,-1.32312038907103,-1.17760976232297,0.831246838416721
"quadpos",1000,971,2,1,500,489.491834286853,-4.82300882798244,494.314843114836,497.330042977352,498.6153424209,2.57059888709457,22.4907848916853,22.3593834465634,22.3606797749979,-0.348507565576203,-0.192335326076494,0.598700882749693
"quadpos",1000,971,5,0,200,216.360136039417,-1.97206926695259,218.33220530637,197.744426606524,198.19524534867,2.25409371072862,17.9148445718067,17.8884211939404,17.8885438199983,1.03912201740165,1.12569799980564,0.176490873957234
"quadpos",1000,971,5,1,200,204.381118238209,-1.71733283643331,206.098451074642,197.675129568146,198.126069903344,2.25470167599128,17.9100200879648,17.8833397723412,17.8885438199983,0.374426641462494,0.445799345803842,0.362905880564803
"quadpos",1000,971,10,0,100,104.734034693611,-0.929888091081992,105.663922784693,97.838627062642,98.0544960754192,2.15869012777158,13.4248179490513,13.4160578049015,13.4164078649987,0.513631369686929,0.567187978758831,0.302305010024687
"quadpos",1000,971,10,1,100,102.552370185116,-0.991067000831302,103.543437185947,97.7941384828398,98.0106360497194,2.16497566879664,13.420229055822,13.411329644547,13.4164078649987,0.354556668331374,0.412546800568533,0.356538265847622
"quadpos",1000,971,25,0,40,46.8638438452409,-0.321122945496218,47.1849667907371,37.8894323319664,37.9736129751829,2.10451608041321,8.76432321840444,8.76225152295683,8.76356092008266,1.02397085201386,1.05125421147985,0.153353720568043
"quadpos",1000,971,25,1,40,40.1386441456703,-0.340001573644636,40.4786457193149,37.8761300498969,37.9601872162585,2.10142915903887,8.76087196584788,8.75876144952305,8.76356092008266,0.258252158528652,0.287535916758367,0.375592054009589
"quadpos",1000,971,50,0,20,30.0907432079871,-0.1270173730244,30.2177605810115,17.9130505738223,17.9545558838807,2.07526550291934,6.25799966866155,6.25735649207489,6.26099033699941,1.9459401212735,1.9598059839906,0.0365735591863197
"quadpos",1000,971,50,1,20,27.998299119603,-0.151094654432709,28.1493937740357,17.9113058670277,17.9526822665545,2.06881997633835,6.25549194735015,6.25482959806161,6.26099033699941,1.6125019962416,1.63021411656702,0.0620810842246529
"quadpos",1000,972,2,0,500,505.884050532346,-5.49851810733804,511.382568639684,497.434181713471,498.716730803004,2.56509817906689,22.638959273513,22.3606543316683,22.3606797749979,0.373244578816021,0.566434132419016,0.393730964929018
"quadpos",1000,972,2,1,500,486.891124213063,-5.92296845417676,492.814092667239,496.87428461141,498.150706232218,2.55284324161684,22.6244420229139,22.3510589568957,22.3606797749979,-0.441255540721687,-0.238763343395524,0.630615678770117
"quadpos",1000,972,5,0,200,196.361726313896,-2.21965799831436,198.581384312211,197.71970421404,198.175433923955,2.27864854957615,17.944281029981,17.8884069352135,17.8885438199983,-0.0756774761761026,0.0226934902434669,0.519549122375957
"quadpos",1000,972,5,1,200,186.277816456331,-2.27326902493714,188.551085481268,197.364698842754,197.816094061884,2.25697609565433,17.9166545435711,17.8601717881056,17.8885438199983,-0.618803156552507,-0.518752489647756,0.714788217236962
"quadpos",1000,972,10,0,100,105.508879899214,-1.12806183225707,106.636941731471,97.8252046854913,98.0423841898118,2.17179504320493,13.4346108915589,13.4160181580685,13.4164078649987,0.571931355194716,0.640619104744634,0.284143117016957
"quadpos",1000,972,10,1,100,97.2517766963035,-1.16628810350782,98.4180647998113,97.6140562687849,97.8310593572512,2.1700308846638,13.4085404716746,13.3895197416118,13.4164078649987,-0.0270185687433113,0.0438406644814704,0.502357188128762
"quadpos",1000,972,25,0,40,37.8584883849106,-0.369905758752537,38.2283941436631,37.8500663237587,37.9357946949153,2.14320927891434,8.76657339762498,8.76210281241866,8.76356092008266,0.000960701607097945,0.0333937474841201,0.475943498372819
"quadpos",1000,972,25,1,40,52.3578893779445,-0.432588197770991,52.7904775757155,37.7957518588527,37.8800532085247,2.10753374179959,8.74753078155885,8.74292286026282,8.76356092008266,1.66471406420095,1.70542787640958,0.0605340148718207
"quadpos",1000,972,50,0,20,18.0008952566708,-0.13580230612526,18.1366975627961,17.8899470710166,17.9318969753154,2.09749521494252,6.25855055943972,6.25708138568924,6.26099033699941,0.0177274569567753,0.0327310090530523,0.455593628231438
"quadpos",1000,972,50,1,20,29.919275227425,-0.097770437328977,30.017045664754,17.8574515046613,17.8990906541079,2.0819574723289,6.24376991474911,6.24224764182439,6.26099033699941,1.93181745763422,1.94128072225991,0.0382387421055616
"quadpos",1000,973,2,0,500,467.986098703532,-3.55104369444652,471.537142397979,497.468721263539,498.733989960018,2.53053739295805,22.5612278550246,22.3606549039882,22.3606797749979,-1.30678271366513,-1.21628135127599,0.828842118164611
"quadpos",1000,973,2,1,500,478.099883714418,-3.63112693949777,481.731010653916,497.441296408502,498.717799167101,2.55300551719766,22.5614655633144,22.3605797667795,22.3606797749979,-0.857276431790579,-0.759675674350003,0.731699934452105
"quadpos",1000,973,5,0,200,184.579934870391,-1.45257180954939,186.03250667994,197.749181070715,198.199018843756,2.24918886520319,17.9286067072003,17.8884085291352,17.8885438199983,-0.734538183328842,-0.680133850029179,0.744264730569854
"quadpos",1000,973,5,1,200,191.174342812419,-1.35126526625112,192.52560807867,197.750654054999,198.199552613182,2.24449279091134,17.9285003247197,17.8881661148081,17.8885438199983,-0.366807659506971,-0.317189839254377,0.623018552071113
"quadpos",1000,973,10,0,100,103.541955870412,-0.743756768621531,104.285712639033,97.8529793700123,98.0673963404711,2.14416970458807,13.4293967490216,13.4160369103493,13.4164078649987,0.42362115042986,0.4634987470678,0.331399832089461
"quadpos",1000,973,10,1,100,107.063097291068,-0.677292345787764,107.740389636856,97.8378458535004,98.053595432497,2.15749578996601,13.4292224937444,13.4158114456435,13.4164078649987,0.686953503217685,0.722043108879873,0.249613688987243
"quadpos",1000,973,25,0,40,51.7119182568413,-0.275653451851518,51.9875717086928,37.8946400568587,37.9785978470011,2.09894475356027,8.76535613511161,8.7621712982883,8.76356092008266,1.57635103320382,1.59880164228567,0.0680936529608853
"quadpos",1000,973,25,1,40,56.4980642803423,-0.231284064389839,56.7293483447321,37.8962296430215,37.9800935032921,2.09659650676441,8.76521019573065,8.76200933401261,8.76356092008266,2.12223486053778,2.13983506827123,0.0271181581620184
"quadpos",1000,973,50,0,20,29.6848020186775,-0.0895543215728661,29.7743563402504,17.9309236117575,17.9720503251782,2.05633567103608,6.2580284304972,6.25702214640036,6.26099033699941,1.87820789525979,1.88624967898859,0.0406259181512479
"quadpos",1000,973,50,1,20,29.8423047610348,-0.0476040256446273,29.8899087866794,17.9258052586602,17.9670263333635,2.06105373516425,6.25791034237169,6.25689855872947,6.26099033699941,1.90422982280349,1.90555789604122,0.039008127529235
"quadpos",1000,974,2,0,500,448.481448543161,-11.7843690316267,460.265817574787,497.501005318954,498.750181150979,2.49835166405013,22.5699302607922,22.3606573441708,22.3606797749979,-2.17189668773361,-1.72107478701756,0.945532342588216
"quadpos",1000,974,2,1,500,499.574514908299,-11.676219646264,511.250734554563,497.447668823499,498.710122630033,2.52490761306852,22.5700314623456,22.3602872368632,22.3606797749979,0.0942331909615855,0.560843060363529,0.471715370673055
"quadpos",1000,974,5,0,200,185.555632673521,-4.71140516928275,190.267037842803,197.754703894276,198.203444131128,2.2437011842613,17.9303605843796,17.888409878899,17.8885438199983,-0.680358387849852,-0.443661920877959,0.727499668212018
"quadpos",1000,974,5,1,200,198.844870213422,-4.65486702825059,203.499737241673,197.708969030468,198.163593736954,2.27312353243025,17.9293764966953,17.8871913990977,17.8885438199983,0.0633541932238123,0.298322044286272,0.469751885124131
"quadpos",1000,974,10,0,100,91.132631603969,-2.36436036293805,93.496991966907,97.867106984122,98.080081299643,2.12974315520972,13.4299190089258,13.4159955056363,13.4164078649987,-0.50145316406429,-0.341613809486631,0.675283784587348
"quadpos",1000,974,10,1,100,75.6434268529481,-2.35281025177205,77.9962371047202,97.8384301995426,98.0533312783617,2.14901078819049,13.4288658255454,13.4148247376563,13.4164078649987,-1.65278316388965,-1.49514395945405,0.954388465273227
"quadpos",1000,974,25,0,40,37.8289150434995,-0.952945722991035,38.7818607664906,37.9021074395496,37.9857671171451,2.09149193988834,8.76549309972284,8.76217168642077,8.76356092008266,-0.00835006031233635,0.0908557464788319,0.477296252437441
"quadpos",1000,974,25,1,40,38.1486654418941,-0.941162832734678,39.0898282746288,37.8978395398334,37.9815158189608,2.09190697818484,8.76470030358078,8.76134900316988,8.76356092008266,0.0286177385846482,0.126500206220178,0.462724368442102
"quadpos",1000,974,50,0,20,24.3150559293458,-0.493742961643667,24.8087988909894,17.9298905607065,17.9710380390259,2.05737391596821,6.25809345315253,6.2570260604569,6.26099033699941,1.0203052121925,1.09281322882396,0.144974609351923
"quadpos",1000,974,50,1,20,21.8347152345316,-0.441984730853657,22.2766999653852,17.9302497899162,17.9713517416137,2.05509758487363,6.25751540654066,6.25643451231892,6.26099033699941,0.623964176026509,0.688147253087087,0.239406005030223
"quadpos",1000,975,2,0,500,481.532430734346,-4.92320199787353,486.45563273222,497.474273131415,498.7367828106,2.5250193583701,22.5524571770771,22.3606510635623,22.3606797749979,-0.706878291438345,-0.549230433562505,0.693738366235666
"quadpos",1000,975,2,1,500,456.821174455528,-4.85659699012795,461.677771445656,497.465076954759,498.72920854154,2.52826317356181,22.5528721615264,22.3605556324612,22.3606797749979,-1.80216081606525,-1.65699983957896,0.906804419431818
"quadpos",1000,975,5,0,200,200.516400979045,-1.98959930330616,202.506000282351,197.750553876398,198.200095155827,2.24770639714492,17.9268026525719,17.8883903671167,17.8885438199983,0.154285577648739,0.240709479061878,0.436678364352767
"quadpos",1000,975,5,1,200,190.327770333427,-1.9848747597077,192.312645093135,197.733915488647,198.18604213532,2.26063323336547,17.9266954474038,17.8881128023362,17.8885438199983,-0.413134990603739,-0.328340787375713,0.639461864686388
"quadpos",1000,975,10,0,100,104.551516056652,-1.02141202810216,105.572928084754,97.8387348888661,98.0545476818186,2.15812792952583,13.4287229111503,13.4159889738402,13.4164078649987,0.499882320321906,0.560404485841141,0.306670983088413
"quadpos",1000,975,10,1,100,106.638537120821,-1.03231824993404,107.670855370755,97.8397727114281,98.0552749304842,2.15502219056132,13.4285310194539,13.4157315801493,13.4164078649987,0.655229108578299,0.716739179136417,0.258787122663736
"quadpos",1000,975,25,0,40,56.4362405200835,-0.413135367081446,56.8493758871649,37.9115489807474,37.9947915667096,2.08106464905431,8.76495838758192,8.76195191731392,8.76356092008266,2.11349452218526,2.15187032505829,0.027461625923499
"quadpos",1000,975,25,1,40,53.0248718078208,-0.394970676294503,53.4198424841153,37.9076576536943,37.9910195646456,2.08404777378272,8.76478580834954,8.7617582982548,8.76356092008266,1.72476709467624,1.7609277035801,0.0534890690544351
"quadpos",1000,975,50,0,20,34.1381591934022,-0.20692047026252,34.3450796636647,17.9251311504425,17.9663562809723,2.06125652649034,6.25765419130168,6.25673921815889,6.26099033699941,2.59091147374304,2.6177730622297,0.0121096856413214
"quadpos",1000,975,50,1,20,32.6990445067785,-0.203302702709848,32.9023472094883,17.926198291299,17.9673946088651,2.0598158783068,6.25754556069646,6.25662392857332,6.26099033699941,2.36080521862557,2.38706253901835,0.0181453660507437
"quadpos",1000,976,2,0,500,499.847775186907,-5.03325115993255,504.881026346839,497.455155239153,498.727286495251,2.54426251219489,22.4937503318521,22.3606647817293,22.3606797749979,0.106368209500637,0.275203797009503,0.468279129515615
"quadpos",1000,976,2,1,500,496.876513574967,-4.95007058806936,501.826584163036,497.410318023949,498.666485505102,2.51233496230511,22.4895530062482,22.3595582640475,22.3606797749979,-0.0237356629024261,0.141330996820964,0.505782738251514
"quadpos",1000,976,5,0,200,223.177289215072,-1.98230859713269,225.159597812205,197.735419849426,198.18805886466,2.26319507616614,17.9150693205824,17.8884314096191,17.8885438199983,1.42013792469202,1.50776433829976,0.105941508427724
"quadpos",1000,976,5,1,200,225.92227458381,-2.14032177866802,228.062596362478,197.713538176391,198.160964940341,2.23713381974793,17.9107595317293,17.8848582292393,17.8885438199983,1.57496036711601,1.67189647459727,0.0845244160714903
"quadpos",1000,976,10,0,100,115.791688107195,-0.92342690683496,116.71511501403,97.8409992702414,98.0566543096874,2.15655039445918,13.4249355589981,13.4160927328577,13.4164078649987,1.33711545638829,1.39075221645161,0.105991664794738
"quadpos",1000,976,10,1,100,109.192068769845,-0.969737578051534,110.161806347897,97.8221107194824,98.0369417023682,2.14830982885821,13.4213231588899,13.4127251695712,13.4164078649987,0.847156268853528,0.903982187977382,0.206654333258369
"quadpos",1000,976,25,0,40,49.292677680533,-0.389447907964675,49.6821255884977,37.8918645044193,37.9759703755753,2.10264677889911,8.76448296143403,8.76237684441451,8.76356092008266,1.30079700380275,1.33595660410159,0.103768640436961
"quadpos",1000,976,25,1,40,36.1340313743932,-0.375934317504104,36.5099656918973,37.8705998195047,37.9550727069797,2.11182218687583,8.76183422524154,8.75979981586269,8.76356092008266,-0.198196907230759,-0.164970324146626,0.555972757902511
"quadpos",1000,976,50,0,20,28.5257939061288,-0.23645298718331,28.7622468933121,17.9227669387903,17.9640921256603,2.06625934349996,6.25824575924017,6.25758237938996,6.26099033699941,1.6942490556053,1.72561128451408,0.0544915069698241
"quadpos",1000,976,50,1,20,20.2526836840682,-0.156756056259215,20.4094397403275,17.9231001196593,17.9642861544849,2.05930174128074,6.25617267151437,6.25553682946421,6.26099033699941,0.372365611808635,0.390878297498879,0.3187748905388
"quadpos",1000,977,2,0,500,548.602628078775,-1.26977243768671,549.872400516462,497.455649195437,498.72749588969,2.54369338850655,22.5631989899463,22.3606536468618,22.3606797749979,2.26683188434976,2.28727234160929,0.0578526912471581
"quadpos",1000,977,2,1,500,515.917114141363,-1.10332720681924,517.020441348182,497.191134798993,498.441599838555,2.50093007912284,22.5558966138315,22.3563094749388,22.3606797749979,0.830203279566667,0.831033473143418,0.280242960148902
"quadpos",1000,977,5,0,200,201.320907984477,-0.463272502496397,201.784180486973,197.739295388927,198.191103978162,2.2590429461793,17.9289868776222,17.8884025784448,17.8885438199983,0.199766591386192,0.200860668975579,0.420966807063449
"quadpos",1000,977,5,1,200,202.479234482865,-0.340084349640558,202.819318832506,197.57895469096,198.025009555351,2.23027432195483,17.915158162208,17.8743768149087,17.8885438199983,0.273527018156192,0.268222457588344,0.398642878067253
"quadpos",1000,977,10,0,100,101.421623871484,-0.253769967582977,101.675393839067,97.8314858146129,98.0480318469197,2.16546032306826,13.429470658274,13.4160053382903,13.4164078649987,0.267332804711817,0.270375711747435,0.386245030649039
"quadpos",1000,977,10,1,100,118.315276678909,-0.160787329695205,118.476064008605,97.7594516572672,97.9725072331525,2.13055575885322,13.41643831292,13.4027634209163,13.4164078649987,1.53213725895099,1.52980069344912,0.0795204031241278
"quadpos",1000,977,25,0,40,51.770178018661,-0.110641599379857,51.8808196180408,37.8969519603352,37.98078421418,2.09580634612198,8.76516486096808,8.76198090927147,8.76356092008266,1.58276841090626,1.58640329713028,0.0673806900688172
"quadpos",1000,977,25,1,40,69.0836969895841,-0.087593753422337,69.1712907430065,37.8665225636142,37.9497975900327,2.08187566046303,8.7557964417266,8.7525429901183,8.76356092008266,3.56531523245578,3.56713393904184,0.00151132858785876
"quadpos",1000,977,50,0,20,35.5988266672198,-0.0602427936162899,35.6590694608361,17.9235793514173,17.9648465649465,2.06336067645807,6.25790633238946,6.25691361780948,6.26099033699941,2.82446658306781,2.82794744768816,0.00793910838459337
"quadpos",1000,977,50,1,20,44.7527964926749,-0.138468473645265,44.8912649663201,17.8997135493872,17.9409720389386,2.06292447757136,6.25043713371179,6.24941697954925,6.26099033699941,4.29619278921394,4.31244914774839,0.000449873861507739
"quadpos",1000,978,2,0,500,497.881915555669,-12.2169783092264,510.098893864895,497.460075765787,498.729622733186,2.53909393479792,22.7249143884756,22.3606448236909,22.3606797749979,0.0185628769671285,0.508450056845571,0.493064876287252
"quadpos",1000,978,2,1,500,482.587456725309,-11.7983584382793,494.385815163588,497.35259362788,498.627745708009,2.55030416025824,22.7244546366557,22.3588449555167,22.3606797749979,-0.649746589682893,-0.189720468694151,0.681649028736598
"quadpos",1000,978,5,0,200,194.905237068997,-4.94191049130197,199.847147560299,197.733164530201,198.186198449001,2.26516959399567,17.9616577715473,17.8884023939428,17.8885438199983,-0.157442453094964,0.092850612073699,0.548860231885393
"quadpos",1000,978,5,1,200,207.577616620393,-4.94576275676693,212.52337937716,197.687751084559,198.137129320726,2.24689118083632,17.9576005480504,17.8835669465042,17.8885438199983,0.550734242549341,0.804439634412309,0.306034844563134
"quadpos",1000,978,10,0,100,120.043060828691,-2.54513554608834,122.588196374779,97.8311514568388,98.0477135530448,2.16562096206,13.4403407287765,13.4159789601976,13.4164078649987,1.65262993104746,1.82919807004328,0.0646737653862754
"quadpos",1000,978,10,1,100,112.924502670355,-2.5178082328103,115.442310903166,97.7938539647595,98.0106134766031,2.16759511843607,13.4362614093279,13.4115594482811,13.4164078649987,1.1261055620049,1.29975171744825,0.143814590212303
"quadpos",1000,978,25,0,40,50.3798545768348,-1.03199500904296,51.4118495858778,37.8784167720456,37.9629931189893,2.11440867359039,8.76787543857351,8.76199986326716,8.76356092008266,1.42582292510569,1.53490717607404,0.086203264964796
"quadpos",1000,978,25,1,40,43.544528212365,-1.08709421992845,44.6316224322934,37.8657921185027,37.9502645430087,2.11181061264996,8.76471327798569,8.7587464934663,8.76356092008266,0.647908940515545,0.762821243230265,0.247258667632821
"quadpos",1000,978,50,0,20,34.9857416867709,-0.479929915649449,35.4656716024203,17.8952802117874,17.9370798198939,2.08998040532421,6.25831669034505,6.25639309578682,6.26099033699941,2.73083998790755,2.80170883033717,0.00949153276342248
"quadpos",1000,978,50,1,20,36.1488567707391,-0.537048930281559,36.6859057010206,17.9026458793578,17.9441339577896,2.07440392159019,6.25580849965802,6.25385263265079,6.26099033699941,2.91668309418019,2.99683616549932,0.00675252238159777
"quadpos",1000,979,2,0,500,490.635608557658,-0.853281876258802,491.488890433917,497.497253110713,498.748207743758,2.50190926609108,22.5439281499811,22.3606476033832,22.3606797749979,-0.30436774405088,-0.324647006589528,0.584475987134642
"quadpos",1000,979,2,1,500,503.77315079114,-1.32155473647259,505.094705527613,497.223133386587,498.498106542364,2.54994631155376,22.5301898037203,22.3565939587901,22.3606797749979,0.290721803127981,0.295062789860049,0.419437381823187
"quadpos",1000,979,5,0,200,221.548399184629,-0.270165017663512,221.818564202292,197.76193461157,198.209176925045,2.23621156737523,17.9250988759745,17.8883859882643,17.8885438199983,1.32699209848936,1.31981651629924,0.120470876877769
"quadpos",1000,979,5,1,200,184.077055859448,-0.526207724111066,184.603263583559,197.596150523979,198.046204718852,2.25027097436607,17.9111548882089,17.8768659462086,17.8885438199983,-0.754786318856039,-0.751974153397102,0.752712761939841
"quadpos",1000,979,10,0,100,123.294075469369,-0.066851121431789,123.360926590801,97.8692303653801,98.0819966436362,2.12766278256121,13.4281858633597,13.4159992390478,13.4164078649987,1.89339389271959,1.88423758057388,0.0429110664390025
"quadpos",1000,979,10,1,100,102.239897554463,-0.171703156370324,102.411600710833,97.7661847685735,97.98061441388,2.14429645306519,13.4165780008919,13.4051888971858,13.4164078649987,0.333446634871544,0.330542622781168,0.364647875367907
"quadpos",1000,979,25,0,40,72.5723245799619,-0.00367288819098174,72.5759974681529,37.9199583411973,38.0028716762733,2.07283337689907,8.76486668099925,8.76199106484854,8.76356092008266,3.95355314575236,3.94580701304074,0.000614421709164592
"quadpos",1000,979,25,1,40,56.2109769677497,0.0693804953728791,56.1415964723768,37.8601196960474,37.943869870666,2.09375436546532,8.75635236097045,8.75368059628171,8.76356092008266,2.09571937208663,2.07886572985547,0.0287460751552802
"quadpos",1000,979,50,0,20,40.7233611839401,0.0364106233317078,40.6869505606084,17.9378142653258,17.9787860315189,2.04858830965717,6.25762954176706,6.25674789139537,6.26099033699941,3.64124254504526,3.62938781029023,0.00166194814685971
"quadpos",1000,979,50,1,20,24.623120532707,-0.0297351597985524,24.6528556925056,17.9043415953117,17.9456031562797,2.06307804839999,6.2517029239106,6.25088413383853,6.26099033699941,1.07471180559432,1.07300861647983,0.13565436936719
"quadpos",1000,980,2,0,500,464.717433000407,-0.529845911097235,465.247278911505,497.450092292848,498.724681574948,2.54917856420046,22.5439739612183,22.3606557159283,22.3606797749979,-1.45194717438679,-1.49715657218389,0.854928225270069
"quadpos",1000,980,2,1,500,502.29497283283,-0.454384396091757,502.749357228921,497.447176057932,498.716373938082,2.53839576029863,22.5421121217123,22.3604180982366,22.3606797749979,0.215055126543708,0.180362606509482,0.437696040106489
"quadpos",1000,980,5,0,200,199.171673637594,-0.134393507781822,199.306067145376,197.714477468607,198.171226724617,2.28374628005137,17.9250980021214,17.8883954203798,17.8885438199983,0.0812936235447368,0.0634400343960221,0.463247334188594
"quadpos",1000,980,5,1,200,217.155641609464,-0.034480924060188,217.190122533524,197.721975151487,198.175554465319,2.26789656916383,17.9240187870471,17.8877617363014,17.8885438199983,1.08422484314851,1.06299314293841,0.166908536363445
"quadpos",1000,980,10,0,100,107.960369445322,-0.0191369421516542,107.979506387473,97.8079186208068,98.0268263164577,2.18907695650926,13.4282062540125,13.4160172030331,13.4164078649987,0.756054132061115,0.741850574607616,0.230883935456727
"quadpos",1000,980,10,1,100,117.7096831428,0.00972198364662925,117.699961159153,97.8090748383414,98.0274236677313,2.1834882938993,13.4274899830991,13.415461061885,13.4164078649987,1.48207954945465,1.46640785588159,0.085331980897247
"quadpos",1000,980,25,0,40,61.964091228678,-0.067434853389068,62.031526082067,37.8649323095764,37.9500663725165,2.12835157350262,8.76500607861152,8.76210511852059,8.76356092008266,2.74947429619115,2.74836462058064,0.00834718427973281
"quadpos",1000,980,25,1,40,61.3289397243975,0.013460268172503,61.315479456225,37.8774331573858,37.9619852038274,2.1138011610391,8.76452391237908,8.76166715932342,8.76356092008266,2.67573079855355,2.66541673265309,0.00963315318644057
"quadpos",1000,980,50,0,20,45.2059411391487,-0.0160329395986395,45.2219740787473,17.9049087974302,17.9465460722204,2.081863739509,6.25778245802754,6.25687300765245,6.26099033699941,4.36273272917893,4.35927466853936,0.000386955382964278
"quadpos",1000,980,50,1,20,42.9008156276979,0.0229009978108286,42.8779146298871,17.9131767454249,17.9546274919427,2.07253732588853,6.25744002352171,6.25654564624299,6.26099033699941,3.99326861917086,3.98355395247707,0.000826464630925638
"quadpos",1000,981,2,0,500,498.827528859299,-5.73553529291817,504.563064152217,497.455504119642,498.727378770485,2.5437493016876,22.611751510626,22.3606480361189,22.3606797749979,0.0606775082864497,0.26098015461382,0.48112510790312
"quadpos",1000,981,2,1,500,483.531733700432,-5.23893511864453,488.770668819077,496.420232380558,497.667293277677,2.49412179423694,22.5801153640275,22.3436679330681,22.3606797749979,-0.570789762246259,-0.398172067596545,0.670676980191639
"quadpos",1000,981,5,0,200,185.052325751516,-2.24143647641952,187.293762227935,197.712134836402,198.169386023299,2.28625593448287,17.9387766999785,17.8884050377735,17.8885438199983,-0.705723098994897,-0.60797056933797,0.736208157831554
"quadpos",1000,981,5,1,200,193.541209611334,-2.36667321707376,195.907882828407,197.106102309619,197.554095453995,2.23996572187851,17.888911005037,17.8398034430241,17.8885438199983,-0.199279469682757,-0.0922775091578426,0.57620502720053
"quadpos",1000,981,10,0,100,93.8631287208509,-1.1046692584849,94.9677979793358,97.8406275494403,98.0562725276893,2.15644978249034,13.4327586118463,13.4160202482141,13.4164078649987,-0.296104392517087,-0.230207952225228,0.599457270741872
"quadpos",1000,981,10,1,100,103.445515321337,-1.26066778457668,104.706183105914,97.4828924713418,97.6979823464858,2.15089875144095,13.3876108764301,13.3708735734904,13.4164078649987,0.445383639025002,0.524139333223705,0.333811827353639
"quadpos",1000,981,25,0,40,41.9775479593084,-0.351291328716174,42.3288392880246,37.8842179220575,37.9685873158206,2.10923484407736,8.76614280893397,8.7621362610173,8.76356092008266,0.46694767886729,0.497624305570631,0.302519756145171
"quadpos",1000,981,25,1,40,55.0622055143818,-0.424874433988683,55.4870799483705,37.7445299902038,37.8281982214003,2.09170577991057,8.7326648509187,8.72863309370435,8.76356092008266,1.98309173887008,2.02309818013853,0.0361606114281378
"quadpos",1000,981,50,0,20,21.9169099205475,-0.237462377594746,22.1543722981422,17.9109464073576,17.9524850853341,2.07693389882043,6.25852169094227,6.25721586604602,6.26099033699941,0.640081429930576,0.671526650632145,0.235694973674805
"quadpos",1000,981,50,1,20,38.3224547970932,-0.179637796177546,38.5020925932707,17.8510225934654,17.8920976530329,2.05375297837449,6.23287966731917,6.23154866119575,6.26099033699941,3.28442602718059,3.3073632351742,0.00351010336683386
"quadpos",1000,982,2,0,500,492.900307376859,-2.49637539696703,495.396682773827,497.392454063833,498.695816069106,2.60672401054601,22.5903389297842,22.3606503084013,22.3606797749979,-0.198852558207996,-0.147541920730262,0.556065260088133
"quadpos",1000,982,2,1,500,478.226107080864,-2.20178475642774,480.427891837292,496.504207845742,497.764602315038,2.52078893859149,22.5646139253914,22.3452757136587,22.3606797749979,-0.810033835514031,-0.775855742390722,0.730343848117935
"quadpos",1000,982,5,0,200,184.61535934456,-1.06243078924798,185.677790133808,197.721852490099,198.177111185,2.27629347450259,17.9344460252887,17.8883853748554,17.8885438199983,-0.73079999945681,-0.698739477558508,0.743664581167136
"quadpos",1000,982,5,1,200,184.41175033145,-0.434314891696919,184.846065223147,197.140102113139,197.58735561751,2.23626752185373,17.8881815972651,17.8418925229106,17.8885438199983,-0.711550903733853,-0.714122135754495,0.74710506274869
"quadpos",1000,982,10,0,100,91.5044687956248,-0.530932017500516,92.0354008131253,97.8332425854368,98.0495860355506,2.16343450113792,13.4312658436301,13.415969038791,13.4164078649987,-0.471197120471971,-0.448285562156257,0.665209304371576
"quadpos",1000,982,10,1,100,108.223222806024,-0.177829265189515,108.401052071213,97.5047451748764,97.7189719676627,2.14226792786292,13.3883242699456,13.37250813375,13.4164078649987,0.800583957710716,0.798809018974602,0.225568367926684
"quadpos",1000,982,25,0,40,50.3971403630796,-0.241079446136404,50.638219809216,37.8964643818894,37.9803091804769,2.09611996468679,8.76559123939123,8.76194671249238,8.76356092008266,1.42610756534186,1.44464592676557,0.0859450268031159
"quadpos",1000,982,25,1,40,50.6328348054294,-0.0669232934838939,50.6997580989133,37.7502214290123,37.8339146505226,2.09233053775844,8.7337728346811,8.72997990771281,8.76356092008266,1.475034171402,1.47375407325095,0.0824870156323582
"quadpos",1000,982,50,0,20,26.2576172884584,-0.0733277572106667,26.3309450456691,17.9197081983052,17.9610648035928,2.06783026437869,6.25828531905957,6.2571057917471,6.26099033699941,1.33229929047181,1.33766001737031,0.094011807308025
"quadpos",1000,982,50,1,20,29.6585808373973,-0.0433899461230938,29.7019707835204,17.84929648147,17.8904404588444,2.05719886871986,6.23333516112689,6.23208752743627,6.26099033699941,1.89453704167455,1.89527670666958,0.0409010081611793
"quadpos",1000,983,2,0,500,509.940133347638,-1.79310965334081,511.733243000979,497.440982807643,498.72001957506,2.55807353483406,22.6056108042447,22.3606403897052,22.3606797749979,0.5529224867327,0.581970068795954,0.345890301989599
"quadpos",1000,983,2,1,500,471.190376240921,-1.03397279376148,472.224349034682,496.970611139148,498.241235184157,2.54124809001666,22.5939827288438,22.3515988050696,22.3606797749979,-1.14102215654596,-1.16398322895691,0.800669316259214
"quadpos",1000,983,5,0,200,200.96087275768,-0.699308642500317,201.66018140018,197.743629613693,198.194514511033,2.25442448669644,17.937507593425,17.8883744695601,17.8885438199983,0.179358426873424,0.193738502905626,0.427978911363209
"quadpos",1000,983,5,1,200,206.885865693242,-0.319064867128576,207.204930560371,197.415168058666,197.868697358657,2.26764649995644,17.9143525085034,17.864476255654,17.8885438199983,0.528665360921136,0.522614437059629,0.317961331338899
"quadpos",1000,983,10,0,100,98.9351858354158,-0.280008016997526,99.2151938524134,97.826403382802,98.0434447002016,2.17041317399638,13.4323050589207,13.4159839760248,13.4164078649987,0.0825459552735143,0.0873397847154372,0.454542706353646
"quadpos",1000,983,10,1,100,107.497988862914,-0.394849060942715,107.892837923857,97.6576030103973,97.8735870144635,2.15984004066146,13.4104261651236,13.3935587296583,13.4164078649987,0.733786214647591,0.748064880412049,0.240423384401048
"quadpos",1000,983,25,0,40,47.9243365781138,-0.100269968558108,48.0246065466719,37.8914481493178,37.9754967604909,2.10121527932739,8.76582918775826,8.76195666372699,8.76356092008266,1.14454528075989,1.14690247530927,0.129842937775068
"quadpos",1000,983,25,1,40,55.8645665408169,-0.137769416307721,56.0023359571246,37.8142972783552,37.8983918161885,2.10236344583355,8.74979529944155,8.74574346899675,8.76356092008266,2.0629361767599,2.07002917534841,0.0308255079860799
"quadpos",1000,983,50,0,20,26.652286294209,-0.102290101720604,26.7545763959296,17.9135929222848,17.9550421250115,2.07246013633395,6.25783580442418,6.25663020032953,6.26099033699941,1.39644018236243,1.40643349361685,0.0857522577742366
"quadpos",1000,983,50,1,20,30.6200371148575,-0.237265421959642,30.8573025368172,17.8963465948287,17.9373444945569,2.04989498641181,6.24559404006442,6.24431900752273,6.26099033699941,2.03722663343287,2.06907398976496,0.0318372166515642
"quadpos",1000,984,2,0,500,538.298090587807,-1.32970430774946,539.627794895557,497.484615593481,498.741901089363,2.51457099176515,22.6277539146803,22.3606437939569,22.3606797749979,1.80369095174965,1.8284756996685,0.102939484633412
"quadpos",1000,984,2,1,500,512.613913396992,-1.39394073752352,514.007854134516,497.532145335231,498.765359281035,2.46642789160802,22.627998678328,22.3606324444842,22.3606797749979,0.666509145424596,0.681666535654754,0.315727106273505
"quadpos",1000,984,5,0,200,230.028038075614,-0.506253119997509,230.534291195612,197.792159638574,198.233334141874,2.20587251649978,17.9419528854958,17.8883722715225,17.8885438199983,1.79667612788684,1.8056957091149,0.0590103745184245
"quadpos",1000,984,5,1,200,228.582303335961,-0.573562530803059,229.155865866764,197.786275679677,198.228553980579,2.21139150450842,17.9420045952723,17.8883441543927,17.8885438199983,1.71642067600398,1.72890859093801,0.0671658909214766
"quadpos",1000,984,10,0,100,126.892126922338,-0.276838222438434,127.168965144776,97.8761886802392,98.0882096503061,2.1202097006687,13.4336799687485,13.4159228415783,13.4164078649987,2.15993966728402,2.16762990051968,0.0264025414028357
"quadpos",1000,984,10,1,100,120.695930630204,-0.365698712045531,121.061629342249,97.87540638339,98.087484235344,2.12077851954,13.4336826932672,13.4158959441483,13.4164078649987,1.69875415162599,1.7124570138699,0.0596919599398158
"quadpos",1000,984,25,0,40,49.4106108747944,-0.163567864439443,49.5741787392338,37.9338309141422,38.0161580512635,2.05817842803157,8.76602726476786,8.76181211468609,8.76356092008266,1.30923388828361,1.31913587471219,0.101733549773994
"quadpos",1000,984,25,1,40,53.2617258530007,-0.115845122109065,53.3775709751098,37.9351679313046,38.0174363369804,2.05671014189283,8.76600857063561,8.76178411151798,8.76356092008266,1.74840781847248,1.75308298431337,0.0511623590301883
"quadpos",1000,984,50,0,20,34.5859985701114,-0.0420554145886839,34.6280539847001,17.9437533178164,17.9845790086363,2.04128454099703,6.25764774456416,6.25631632099241,6.26099033699941,2.65950496602365,2.66026749961769,0.0106523114882937
"quadpos",1000,984,50,1,20,35.2839987146491,-0.041486332796232,35.3254850474454,17.942174573456,17.9830304827144,2.04279546292199,6.25762972794947,6.25629534351356,6.26099033699941,2.77130876947489,2.77200061897835,0.00870380559393184
"quadpos",1000,985,2,0,500,485.024765606154,-6.10184754905648,491.126613155211,497.481260537751,498.740303963792,2.51808685208172,22.5297416515142,22.3606632061082,22.3606797749979,-0.552891157132274,-0.340494856454053,0.653057962033325
"quadpos",1000,985,2,1,500,459.351855427793,-3.79362033136032,463.145475759153,496.321314783304,497.556244273616,2.46985898062341,22.4737401873034,22.3387984306778,22.3606797749979,-1.64500697469118,-1.54040373394509,0.89187159813898
"quadpos",1000,985,5,0,200,149.873989874067,-2.46453014373544,152.338520017803,197.789587362994,198.231379786271,2.20896211638759,17.9222990955771,17.8884265697235,17.8885438199983,-2.67351846062825,-2.56550566868429,0.995521284402791
"quadpos",1000,985,5,1,200,177.822836694523,-1.74337903011169,179.566215724634,197.064978091599,197.509544272216,2.22283090308076,17.8610766726317,17.834512923803,17.8885438199983,-1.07732259089181,-1.0061014071,0.845371930892193
"quadpos",1000,985,10,0,100,83.5032511040108,-1.22522412805993,84.7284752320707,97.8866899840149,98.0977480596625,2.1105807564763,13.4273097175087,13.4160577561009,13.4164078649987,-1.07120779833124,-0.996512766316333,0.851572247068017
"quadpos",1000,985,10,1,100,91.2787258831054,-0.889444982695256,92.1681708658007,97.4681375744906,97.6816093661683,2.13471791677694,13.3757513422607,13.3667465463661,13.4164078649987,-0.462733758501453,-0.412474230826684,0.671337018406097
"quadpos",1000,985,25,0,40,37.3485664827571,-0.51966962573585,37.8682361084929,37.9369140647269,38.0191983215811,2.05710642135582,8.76496623942939,8.76227307405488,8.76356092008266,-0.0671249113685252,-0.0172286587980462,0.499393738431019
"quadpos",1000,985,25,1,40,41.1213422310599,-0.517461141291979,41.6388033723519,37.7596105321861,37.8422029412149,2.06481022571944,8.72824546719407,8.72606041536967,8.76356092008266,0.385155494481589,0.435087571070431,0.335512220500241
"quadpos",1000,985,50,0,20,28.0512773073199,-0.264737755564701,28.3160150628846,17.9631764221305,18.0036795032729,2.02515405711765,6.25824421890775,6.25737033356765,6.26099033699941,1.61196983248283,1.64803024431704,0.0612791445333502
"quadpos",1000,985,50,1,20,29.8025736691406,-0.248099443763261,30.0506731129038,17.8603530113433,17.9012079218573,2.04274552569979,6.23170108452993,6.23101900790406,6.26099033699941,1.91636609262977,1.94983600204636,0.0394106834288877
"quadpos",1000,986,2,0,500,516.350969420914,0.993805788020086,515.357163632894,497.462590940753,498.730995228346,2.53680857518631,22.4325763006222,22.3606623017598,22.3606797749979,0.842006652603542,0.74354543618499,0.275740551396388
"quadpos",1000,986,2,1,500,545.687648043269,1.15866995258849,544.52897809068,497.429620941192,498.693525466044,2.52780904970343,22.4322439224063,22.3601801168712,22.3606797749979,2.15127952731804,2.04986956209951,0.0686000536488554
"quadpos",1000,986,5,0,200,216.173456293504,0.407464158622607,215.765992134882,197.729402974134,198.183250177152,2.26923601509113,17.9027959330246,17.8884343238008,17.8885438199983,1.03023312047853,0.982911172630433,0.178792454074292
"quadpos",1000,986,5,1,200,217.483338083651,0.317571195935901,217.165766887715,197.70090288079,198.155226647835,2.27161883522353,17.9010875369978,17.8865230074866,17.8885438199983,1.10509683626619,1.06284157250253,0.163067246427528
"quadpos",1000,986,10,0,100,109.297167807313,0.193156581788822,109.104011225524,97.8047363537426,98.0240009493329,2.19264595590372,13.4208184760237,13.416071566658,13.4164078649987,0.856313754194774,0.8258759072013,0.204667071306792
"quadpos",1000,986,10,1,100,124.721975091828,0.170356366771649,124.551618725057,97.802106776499,98.0201628269174,2.18056050418453,13.4191003869668,13.4142553598086,13.4164078649987,2.00608591776205,1.97785528801189,0.0355275422010554
"quadpos",1000,986,25,0,40,47.7438879367621,0.0373563863104033,47.7065315504517,37.892838632103,37.9769062867722,2.10169136673062,8.76349209164453,8.76238306568413,8.76356092008266,1.12410089512735,1.11038574674774,0.133633298037639
"quadpos",1000,986,25,1,40,56.4523011098496,-0.0295776884556715,56.4818787983053,37.8739578221206,37.9585439577765,2.11465339139774,8.76226070749318,8.76112792055134,8.76356092008266,2.12026826271461,2.11426371221881,0.0273720295137542
"quadpos",1000,986,50,0,20,27.112238863223,-0.0153365761063883,27.1275754393294,17.9112683127254,17.9528157790992,2.07737331868585,6.25777682931423,6.25746410541925,6.26099033699941,1.4703257724686,1.46621051366231,0.0769142497284424
"quadpos",1000,986,50,1,20,30.3076668254928,-0.0246494281572552,30.33231625365,17.9120745692653,17.9535354145363,2.07304226355403,6.25670324644593,6.25637742468641,6.26099033699941,1.9811699177628,1.97858600893697,0.0345605489689997
"quadpos",1000,987,2,0,500,499.850492370784,-1.10104239347365,500.951534764258,497.472170041341,498.735724388116,2.52710869355105,22.6012405413809,22.3606541653508,22.3606797749979,0.105229725115695,0.0990941660184023,0.468244978718422
"quadpos",1000,987,2,1,500,500.178627750297,-1.73516590970457,501.913793660001,496.955711484699,498.220733859267,2.53004474913598,22.5722386045456,22.3507157110344,22.3606797749979,0.142782305382341,0.165232283765778,0.464123524712759
"quadpos",1000,987,5,0,200,195.458411493271,-0.541201415610884,195.999612908882,197.783199654497,198.226174925017,2.21487635260088,17.936645912906,17.8883826690028,17.8885438199983,-0.129611086293091,-0.124469721904696,0.537733342915063
"quadpos",1000,987,5,1,200,199.559235515258,-0.894410508978763,200.453646024237,197.411322811294,197.864066983723,2.26372086214692,17.9068909344916,17.8634995028597,17.8885438199983,0.119948946571573,0.14496482282764,0.455555515724848
"quadpos",1000,987,10,0,100,106.149979821335,-0.163033560556602,106.313013381891,97.8599753217667,98.0736374968367,2.13662175069982,13.4320049114769,13.4159649499921,13.4164078649987,0.617182956245396,0.614147093836847,0.269586095764688
"quadpos",1000,987,10,1,100,103.110137964355,-0.242807352131442,103.352945316486,97.65900811144,97.8745836327616,2.15575521321542,13.4075048419085,13.3930687882678,13.4164078649987,0.406573028851401,0.409044541645562,0.342264494158313
"quadpos",1000,987,25,0,40,74.7807237593776,-0.0618568111967943,74.8425805705744,37.9241392955703,38.0068712555974,2.06829900067669,8.76574505143589,8.76191824521,8.76356092008266,4.20461515222484,4.20406905018938,0.000340960786896425
"quadpos",1000,987,25,1,40,63.4367118057385,-0.0191002873541738,63.4558120930927,37.8154893062993,37.8993965838632,2.09768193909782,8.74837910619976,8.74495269051588,8.76356092008266,2.92868223797961,2.92241895567326,0.00595153214762828
"quadpos",1000,987,50,0,20,43.9684157080448,0.0323354135513431,43.9360802944934,17.9415240527234,17.9823838092878,2.04298782822161,6.25736280616669,6.25616144199429,6.26099033699941,4.15940268473352,4.1485017172019,0.000582926862809156
"quadpos",1000,987,50,1,20,41.9559076998583,-0.048091757511438,42.0039994573697,17.8816881934504,17.9229950132645,2.06534099070271,6.24562719965182,6.24455809744443,6.26099033699941,3.85457196480603,3.85631842451115,0.00112168167964914
"quadpos",1000,988,2,0,500,515.784995534697,-0.381645804939113,516.166641339636,497.444881587424,498.722076187176,2.55438919950359,22.5353933493269,22.3606550982498,22.3606797749979,0.813835980716119,0.780145531327732,0.281621586698663
"quadpos",1000,988,2,1,500,460.660443686384,-0.022101271163129,460.682544957547,497.233644765338,498.485476246008,2.50366296133975,22.530902465212,22.3567601267986,22.3606797749979,-1.62324616758798,-1.69089488253475,0.883530675641873
"quadpos",1000,988,5,0,200,197.737466555445,-0.241838460080207,197.979305015525,197.725251134234,198.179873580655,2.27311223210325,17.9234056803864,17.8884051218087,17.8885438199983,0.000681534604976436,-0.0112122105779962,0.491896272417723
"quadpos",1000,988,5,1,200,192.401553204145,-0.0190778197820268,192.420631023927,197.587126443073,198.038026524128,2.25450040527536,17.9123218059541,17.876676345817,17.8885438199983,-0.289497547839091,-0.314230419096659,0.598876368601133
"quadpos",1000,988,10,0,100,116.57667968033,-0.11397292050983,116.69065260084,97.8138152811791,98.0321480446474,2.1833276346824,13.4276533963027,13.4160331021194,13.4164078649987,1.397330110138,1.39076166659462,0.0971096297700071
"quadpos",1000,988,10,1,100,103.280649051789,-0.103605624854878,103.384254676643,97.7461500421438,97.9625016045819,2.16351562438147,13.4170989730488,13.4051434845245,13.4164078649987,0.412495951677929,0.404453192039351,0.337954543611363
"quadpos",1000,988,25,0,40,38.1829702213972,-0.0645102694142697,38.2474804908114,37.884142363721,37.9685098199458,2.10918640561964,8.76486833556574,8.76211185720901,8.76356092008266,0.0340938216337637,0.0318382914315533,0.461168461128156
"quadpos",1000,988,25,1,40,42.1775304373486,-0.0702456234369111,42.2477760607855,37.8517603794794,37.935922116349,2.10404342173952,8.75696998417259,8.75410983315872,8.76356092008266,0.493980231254376,0.492551958635946,0.295090216920262
"quadpos",1000,988,50,0,20,25.5376026349085,-0.133288498391692,25.6708911333002,17.8974997306366,17.9392832498774,2.08917596204104,6.25768132897378,6.25683532833814,6.26099033699941,1.22091594356161,1.23570582853686,0.110810066786059
"quadpos",1000,988,50,1,20,25.0456919861955,-0.0366325236211099,25.0823245098166,17.8989622691264,17.9403375388222,2.06876348479112,6.25186937865402,6.25097964846851,6.26099033699941,1.14313484243135,1.14253882953276,0.123662761551724
"quadpos",1000,989,2,0,500,503.372928287859,-2.37868957987546,505.751617867735,497.486553626968,498.742864168006,2.51262108207479,22.5856252799427,22.3606454807691,22.3606797749979,0.260624826097616,0.313441474923288,0.4243620779992
"quadpos",1000,989,2,1,500,471.947780259012,-0.679600042123173,472.627380301135,497.229278820175,498.503482480219,2.5484073200872,22.5818768070825,22.3566983979536,22.3606797749979,-1.11954815700855,-1.15742055103504,0.793643090848872
"quadpos",1000,989,5,0,200,224.177210397054,-0.982352536799572,225.159562933854,197.715364976314,198.171909729145,2.28272376415481,17.9334540477396,17.8883743217333,17.8885438199983,1.47555765611562,1.50866997298464,0.0977057862641759
"quadpos",1000,989,5,1,200,211.559105671241,-0.703502346060338,212.262608017301,197.582195477541,198.036514257219,2.27159389838848,17.9232997011346,17.8774495212741,17.8885438199983,0.779817914488954,0.795756337790406,0.242047115516509
"quadpos",1000,989,10,0,100,122.601659242126,-0.563778770554073,123.16543801268,97.8127534883233,98.0311531207809,2.1839963245754,13.4309323601908,13.4159736980047,13.4164078649987,1.84565785077412,1.87345961297145,0.0469371530801845
"quadpos",1000,989,10,1,100,115.0655484662,-0.447312826807644,115.512861293008,97.739786777105,97.9574185057964,2.17631728691384,13.4212219449768,13.4058792170528,13.4164078649987,1.29092282059904,1.30953311625247,0.114755952786437
"quadpos",1000,989,25,0,40,62.1520937861174,-0.110511871363651,62.262605657481,37.8619687920376,37.9471985793792,2.13074468353894,8.76550839650605,8.76196989616867,8.76356092008266,2.77110281518432,2.77510735214169,0.00799811947764788
"quadpos",1000,989,25,1,40,69.4851833574228,-0.103723531212108,69.5889068886349,37.8479571503351,37.9323820786472,2.1106232078001,8.75834015467726,8.7546841784266,8.76356092008266,3.61223995053358,3.61595280478491,0.00136530097063044
"quadpos",1000,989,50,0,20,43.6863776008403,-0.0747879860352697,43.7611655868756,17.8967895619251,17.9385665499807,2.08884940277888,6.25756106280594,6.25649761437997,6.26099033699941,4.12134820260963,4.12732500329643,0.000639501725057048
"quadpos",1000,989,50,1,20,48.195820358194,-0.101174678352469,48.2969950365465,17.8883474063956,17.9299651094745,2.08088515394599,6.25252658971784,6.25142599271903,6.26099033699941,4.84723615596269,4.85761648021429,0.000140794298998216
"quadpos",1000,990,2,0,500,532.257163967348,-5.85441974653041,538.111583713878,497.467967321397,498.733511029863,2.53108741693213,22.5754117291459,22.3606391262867,22.3606797749979,1.54102157973211,1.76104414822935,0.139503899989675
"quadpos",1000,990,2,1,500,531.757327339752,-5.35487846945115,537.112205809203,497.30826499199,498.561178586456,2.50582718893194,22.5724895468,22.3578165231602,22.3606797749979,1.52615254406644,1.72427514032117,0.142896709506809
"quadpos",1000,990,5,0,200,207.180928193762,-2.3100430239804,209.490971217742,197.759793638286,198.207450949549,2.23828655631297,17.9314040959447,17.888375095067,17.8885438199983,0.525398597068391,0.630773908095494,0.31284683875346
"quadpos",1000,990,5,1,200,213.165137506057,-2.34880592337797,215.513943429435,197.645469642914,198.093443221881,2.23986789483542,17.923523319729,17.879920098445,17.8885438199983,0.865882649649583,0.974305260406,0.218654078797826
"quadpos",1000,990,10,0,100,101.426196684219,-1.06194281187277,102.488139496091,97.8512672872141,98.0658187046638,2.14551417449681,13.4302640043932,13.415978420661,13.4164078649987,0.266184595912271,0.329630881383732,0.386122957719345
"quadpos",1000,990,10,1,100,112.135737844526,-1.15386762971206,113.289605474238,97.7942030494903,98.0080514704389,2.13848420948616,13.4225710566972,13.4079850892732,13.4164078649987,1.06846406209782,1.13973530713608,0.155778784488113
"quadpos",1000,990,25,0,40,35.8072110197583,-0.448869854442244,36.2560808742006,37.9148300378424,37.9979392915458,2.07773134258532,8.76531009634611,8.76193462838905,8.76356092008266,-0.240450023435293,-0.198798380862316,0.571266473378466
"quadpos",1000,990,25,1,40,43.1003656157316,-0.395573296244792,43.4959389119763,37.8889234594883,37.9720006736241,2.07693035339421,8.75970510156728,8.75624278596575,8.76356092008266,0.594933516119264,0.630857135118033,0.262224679714967
"quadpos",1000,990,50,0,20,20.5436824724927,-0.107732723664411,20.6514151961571,17.9338945174905,17.9749386064573,2.05220444834243,6.25768611709787,6.25664366580419,6.26099033699941,0.417053189656079,0.427781528350117,0.303056367025651
"quadpos",1000,990,50,1,20,18.9875491642192,-0.165622799417513,19.1531719636368,17.9183378608125,17.9594216597931,2.05418994903124,6.25352197116852,6.25245112134454,6.26099033699941,0.170977460115486,0.190925171692819,0.392590583398666
"quadpos",1000,991,2,0,500,521.217418718336,0.227397868325563,520.990020850011,497.480340613398,498.73972412976,2.51876703272365,22.6599295771876,22.3606362944939,22.3606797749979,1.04753538726065,0.995065454632433,0.227958803463491
"quadpos",1000,991,2,1,500,528.482471499757,0.266935944582612,528.215535555174,497.461824487361,498.724721381724,2.52579378872439,22.6611348846072,22.3604270634016,22.3606797749979,1.36889203344649,1.3188842095829,0.166556498219114
"quadpos",1000,991,5,0,200,243.731942479374,0.125229790854806,243.60671268852,197.739724473584,198.19140508012,2.25840303268059,17.9484750332039,17.888379782731,17.8885438199983,2.56245825457073,2.53881615663382,0.0148274305204215
"quadpos",1000,991,5,1,200,234.560923183801,0.293394099258441,234.267529084543,197.741538941032,198.19138793969,2.24924499328872,17.948410539387,17.8878162412947,17.8885438199983,2.05140082805498,2.01679962820559,0.0385303203709188
"quadpos",1000,991,10,0,100,121.34339457328,0.144452016837918,121.198942556442,97.827950822661,98.0448216454722,2.16870822811225,13.4359618065774,13.4159653805862,13.4164078649987,1.75018685592773,1.72586319762536,0.0550692953763146
"quadpos",1000,991,10,1,100,134.718802476545,0.155216712915356,134.56358576363,97.8533875471114,98.0673235278221,2.13935980710706,13.4356635057703,13.4154759556074,13.4164078649987,2.74384773878869,2.72045974042038,0.00823015926918261
"quadpos",1000,991,25,0,40,72.5682736289428,0.0200094910598019,72.548264137883,37.9021268464149,37.9857504728239,2.09059066022565,8.76677320826795,8.76197388347355,8.76356092008266,3.95426526487924,3.94460359328956,0.000615077652436258
"quadpos",1000,991,25,1,40,75.1671594318774,0.107220478846307,75.0599389530311,37.8950282584264,37.9788670971905,2.09597096910127,8.76645509267152,8.76160644429351,8.76356092008266,4.25167650771511,4.23222294810922,0.000307127687922566
"quadpos",1000,991,50,0,20,54.2854679154633,0.00884714042831915,54.276620775035,17.9221517948494,17.9634082176429,2.06282113967296,6.25783959796648,6.25629656966962,6.26099033699941,5.8108418330873,5.80426649424481,1.65632348766598e-05
"quadpos",1000,991,50,1,20,56.781395160791,0.06620246568001,56.715192695111,17.9201119696782,17.9613934002519,2.06407152868246,6.25761444498747,6.25605254605081,6.26099033699941,6.21023930648872,6.19460898219641,6.70419865783233e-06
"quadpos",1000,992,2,0,500,480.653020796776,-6.29326367442938,486.946284471205,497.45785673943,498.728535773684,2.54135806850806,22.5730008402522,22.3606502150257,22.3606797749979,-0.744466190453841,-0.526918993373511,0.70367057250214
"quadpos",1000,992,2,1,500,482.374108549655,-6.30111370596285,488.675222255618,497.499164567188,498.744105345934,2.48988155749164,22.5719318096509,22.3604755323258,22.3606797749979,-0.670082478765367,-0.450298253977667,0.684108526547069
"quadpos",1000,992,5,0,200,218.558682160438,-2.56517029776409,221.123852458202,197.742860786709,198.193943819455,2.25541516373106,17.9309622603511,17.8883981822117,17.8885438199983,1.16088702164955,1.28183129675349,0.150894267456121
"quadpos",1000,992,5,1,200,220.333324634186,-2.59237997561287,222.925704609799,197.738516441072,198.189279275664,2.25381417295954,17.9302707758627,17.8879491277069,17.8885438199983,1.2601487437396,1.38285418621974,0.132237452317653
"quadpos",1000,992,10,0,100,145.649951200326,-1.26696336286056,146.916914563187,97.8744634848986,98.0867108398561,2.12247354957455,13.4301373666217,13.4160047281651,13.4164078649987,3.55733425587777,3.63969786182454,0.00128251379287586
"quadpos",1000,992,10,1,100,117.23147009069,-1.18735621564311,118.418826306333,97.8635182144067,98.0764946251161,2.12976410709367,13.4295829141298,13.4155484356369,13.4164078649987,1.44218565834276,1.51632501487451,0.0901564356208363
"quadpos",1000,992,25,0,40,40.5521062358633,-0.564751086619178,41.1168573224825,37.9240292144804,38.0067941684163,2.06912384839691,8.76544842330036,8.76207575504467,8.76356092008266,0.299822313071501,0.354945933019989,0.358456416510377
"quadpos",1000,992,25,1,40,40.9045229632556,-0.585250755123972,41.4897737183796,37.914873748468,37.9979536690544,2.07699801465951,8.76515574400087,8.76180180902186,8.76356092008266,0.341083410506859,0.398527623134518,0.344160121111264
"quadpos",1000,992,50,0,20,21.4591160093044,-0.2494277613187,21.7085437706231,17.9420786559053,17.9829812482993,2.04512961969842,6.25805682796831,6.25700038789034,6.26099033699941,0.562001504633325,0.5954230927545,0.256885715509261
"quadpos",1000,992,50,1,20,22.3625058552432,-0.245757025838667,22.6082628810818,17.939896780205,17.9808305486802,2.04668842376147,6.25785739718395,6.25680780488798,6.26099033699941,0.706728963978686,0.739583582667593,0.216287912864962
"quadpos",1000,993,2,0,500,468.615553759062,-4.87956437771043,473.495118136772,497.453335708888,498.72625288865,2.54583435952329,22.5104009288975,22.360649821181,22.3606797749979,-1.28108699800217,-1.12837216063273,0.823508821605034
"quadpos",1000,993,2,1,500,531.71492281085,-5.03278787049785,536.747710681347,497.32453802572,498.58173553715,2.51439502286043,22.5009417008966,22.3580215733292,22.3606797749979,1.52839757741158,1.70703722684144,0.143187187399096
"quadpos",1000,993,5,0,200,205.086704803347,-1.92378983167565,207.010494635023,197.748191046162,198.198207733383,2.25008343610728,17.9183478725766,17.888396009746,17.8885438199983,0.409553035211291,0.492625884223414,0.349982084036028
"quadpos",1000,993,5,1,200,198.135272584595,-2.27659472421754,200.411867308813,197.652815202475,198.101863682686,2.24524240105518,17.9090555549994,17.8808301383518,17.8885438199983,0.0269392978674192,0.129188835655464,0.483925534268069
"quadpos",1000,993,10,0,100,102.327835473897,-0.892975294681884,103.220810768579,97.8372034646216,98.0532014841481,2.15998019526555,13.425974761738,13.4160398454197,13.4164078649987,0.334473443378783,0.385181420446864,0.362357639254688
"quadpos",1000,993,10,1,100,121.871484934056,-1.15093223127794,123.022417165334,97.7867817803052,98.0022128829722,2.15431102667038,13.4184053193619,13.4090408927845,13.4164078649987,1.79490055491152,1.86592049964028,0.0515233162694711
"quadpos",1000,993,25,0,40,53.3465341699623,-0.364187590894861,53.7107217608572,37.8958011983664,37.9796954457745,2.09735618520141,8.76441577297313,8.76207689664463,8.76356092008266,1.76289365678445,1.79535360173645,0.0503506865537886
"quadpos",1000,993,25,1,40,54.4418392250596,-0.366344276136583,54.8081835011961,37.8633127279217,37.9475584673557,2.10614348584998,8.75921323977302,8.75701804313455,8.76356092008266,1.89269584417235,1.92538429757594,0.0408256152328084
"quadpos",1000,993,50,0,20,38.0262082469096,-0.0857127000316816,38.1119209469413,17.9178461127486,17.9592245890522,2.06892381518152,6.25758465842141,6.25687203870623,6.26099033699941,3.21343828838165,3.22088996438165,0.00384253995005914
"quadpos",1000,993,50,1,20,35.6979239658829,-0.103423591815949,35.8013475576988,17.9121766429517,17.9534469544547,2.063515575147,6.25412294890206,6.25344998898367,6.26099033699941,2.84384356819424,2.85408864461789,0.00771177914613747
"quadpos",1000,994,2,0,500,520.590214836351,-2.73213301138459,523.322347847736,497.479124765698,498.739267698875,2.52028586635422,22.4778192125872,22.3606647339132,22.3606797749979,1.02817314491574,1.09938950569644,0.233827390494023
"quadpos",1000,994,2,1,500,487.717524941469,-2.77600540772793,490.493530349197,497.425537004318,498.699643531482,2.54821305432924,22.4760002516556,22.3603311516921,22.3606797749979,-0.431927921078109,-0.366994259906757,0.620547774508926
"quadpos",1000,994,5,0,200,218.738467315331,-1.09562959807481,219.834096913406,197.710207695429,198.167885720623,2.28839012596941,17.9118677555474,17.8884302633568,17.8885438199983,1.17398475172356,1.21118571466632,0.148923419153049
"quadpos",1000,994,5,1,200,213.375973975369,-1.31428620412197,214.690260179491,197.712362772129,198.166195310365,2.26916269118244,17.9101969316319,17.8871705922907,17.8885438199983,0.874563873475673,0.923794223567556,0.215691139210928
"quadpos",1000,994,10,0,100,111.643444404455,-0.595366481843395,112.238810886299,97.8047113662451,98.0239921415444,2.19280775299296,13.4238727872605,13.416090483696,13.4164078649987,1.03090466197977,1.0595350979504,0.163599378337747
"quadpos",1000,994,10,1,100,131.827164320908,-0.695147641890794,132.522311962798,97.8058140566989,98.0239848328053,2.18170776106465,13.4224780500449,13.4148507726082,13.4164078649987,2.5346549375877,2.57165194863257,0.0128760591957655
"quadpos",1000,994,25,0,40,69.2305877014837,-0.240883875642059,69.4714715771258,37.8625497341104,37.9478306155647,2.13202203635799,8.76423647195118,8.76239020096387,8.76356092008266,3.57909534592805,3.5976075292896,0.00145626196752163
"quadpos",1000,994,25,1,40,64.2452834659356,-0.279369019078066,64.5246524850137,37.864309687046,37.9493674182621,2.12644328040233,8.76338430767229,8.76157711047744,8.76356092008266,3.01036367374568,3.03316226424257,0.00492537212641294
"quadpos",1000,994,50,0,20,53.0943038253428,-0.13455194077819,53.228855766121,17.888521154927,17.9305353658359,2.10071054544796,6.2582214822759,6.25764706115325,6.26099033699941,5.62552520234753,5.64082954109268,2.53696103929325e-05
"quadpos",1000,994,50,1,20,54.7175348625659,-0.14515289930449,54.8626877618704,17.8942062412261,17.936065931644,2.09298452089403,6.25757806408546,6.25701710114469,6.26099033699941,5.88459756222338,5.90163351534885,1.41776772899137e-05
"quadpos",1000,995,2,0,500,499.826458419787,-3.55788666597369,503.384345085761,497.497598158729,498.748449538526,2.50170275959475,22.6081375986415,22.3606530406978,22.3606797749979,0.10300982338316,0.207323799479243,0.468547060668568
"quadpos",1000,995,2,1,500,492.026050832511,-3.38874553346026,495.414796365971,497.466891560266,498.72082510892,2.50786709730646,22.6086932860264,22.3602021944507,22.3606797749979,-0.240652595836595,-0.147853257953504,0.567064987296551
"quadpos",1000,995,5,0,200,215.793067926416,-1.36465697622879,217.157724902645,197.772137801024,198.21734370566,2.2260295231817,17.9380161596644,17.888381617726,17.8885438199983,1.00462224835733,1.05880909753268,0.183544594594761
"quadpos",1000,995,5,1,200,215.038339903397,-1.30782895954984,216.346168862947,197.788076837656,198.226779762689,2.19351462516747,17.9371669611125,17.8871243964866,17.8885438199983,0.961704995172306,1.01298502199811,0.19322084650528
"quadpos",1000,995,10,0,100,123.172347141888,-0.659449826934614,123.831796968823,97.8678016692634,98.0806833939693,2.12881724705958,13.4324282862729,13.4159551986567,13.4164078649987,1.88383998286331,1.91943944307686,0.0435968647885948
"quadpos",1000,995,10,1,100,132.909325967884,-0.669218163033149,133.578544130918,97.8784432157862,98.0893425287895,2.1089931300331,13.4314368402178,13.4148074851236,13.4164078649987,2.60812623167798,2.64552448042835,0.0109150527174147
"quadpos",1000,995,25,0,40,67.4015500870276,-0.237179552405362,67.6387296394329,37.9320722783085,38.0144807373214,2.06021147532293,8.76578392070597,8.76187267110993,8.76356092008266,3.36187591153236,3.38104079049106,0.00230003086130605
"quadpos",1000,995,25,1,40,67.2990773237505,-0.254604209964106,67.5536815337146,37.9338101147524,38.0159840377839,2.05434807578634,8.76494823874225,8.76099298690623,8.76356092008266,3.35030697377077,3.37150110039768,0.00235889969921044
"quadpos",1000,995,50,0,20,45.6923266062089,-0.166837587660002,45.8591641938689,17.9427102240886,17.9835967773573,2.04432766343486,6.25820101277837,6.25694423449176,6.26099033699941,4.43412033673247,4.45514077987878,0.000328922570908763
"quadpos",1000,995,50,1,20,50.4774716652875,-0.24518471817294,50.7226563834605,17.9432578428441,17.9840918532397,2.04170051977722,6.25757422748732,6.25630225923453,6.26099033699941,5.19917345599067,5.23289367643602,6.39020778192256e-05
"quadpos",1000,996,2,0,500,505.499058610333,-0.933900077091643,506.432958687425,497.43203631176,498.715684156413,2.56729568930537,22.494502753587,22.3606579110392,22.3606797749979,0.358621943634068,0.345127346508098,0.39838319533683
"quadpos",1000,996,2,1,500,504.675823222036,-0.907694962873372,505.583518184909,497.448612022329,498.723908086946,2.55059212923538,22.4945645938964,22.3606563185852,22.3606797749979,0.32128700111263,0.306771411367814,0.408386931480001
"quadpos",1000,996,5,0,200,185.133736265229,-0.287229273631438,185.42096553886,197.774929262562,198.21962644036,2.22348588898692,17.9151964763379,17.8884130068879,17.8885438199983,-0.70561285856003,-0.715472126933297,0.73480815852936
"quadpos",1000,996,5,1,200,204.747946411549,-0.320855856113907,205.068802267663,197.757444907184,198.205622112859,2.24088602837604,17.915205065407,17.8884069548933,17.8885438199983,0.39019935740862,0.383666369627551,0.356162630189584
"quadpos",1000,996,10,0,100,90.8874415437835,-0.176937435118068,91.0643789789016,97.8398802058795,98.055632819466,2.15752613586517,13.4249564204298,13.4160716776575,13.4164078649987,-0.517874207138274,-0.521110352459379,0.681872888004511
"quadpos",1000,996,10,1,100,84.8173870868152,-0.21656336347985,85.0339504502951,97.8299954084906,98.0467313885749,2.16735980084334,13.4249570031148,13.4160653936756,13.4164078649987,-0.969284916045261,-0.969940184132837,0.826210602936829
"quadpos",1000,996,25,0,40,30.0797135345112,-0.116789197367117,30.1965027318783,37.8945458699328,37.9785229958252,2.09942814730957,8.76436595160269,8.76225845522998,8.76356092008266,-0.891659747958446,-0.888129504933971,0.816646120055744
"quadpos",1000,996,25,1,40,28.5319052243238,-0.141164497474801,28.6730697217986,37.8904845543232,37.974623345634,2.10346978276833,8.76436374834599,8.76225429078683,8.76356092008266,-1.06779905520986,-1.06154801209268,0.867339912479016
"quadpos",1000,996,50,0,20,14.1921122551859,-0.0677975038649302,14.2599097590508,17.9183509905459,17.9597659228271,2.0707466140641,6.25826601431369,6.25760328159187,6.26099033699941,-0.595410729879082,-0.591257706390602,0.716484550569856
"quadpos",1000,996,50,1,20,13.9852803158973,-0.0932873940121795,14.0785677099095,17.915754636576,17.957221207085,2.0733285254517,6.25826285817713,6.25759883670036,6.26099033699941,-0.628045579060819,-0.619830960468016,0.730050319366875
"quadpos",1000,997,2,0,500,499.669278132389,-3.95226332817445,503.621541460564,497.450358960485,498.724811012494,2.54890410401793,22.4813967454599,22.3606527178423,22.3606797749979,0.0987002363343924,0.218988707971049,0.470523332041349
"quadpos",1000,997,2,1,500,508.175801338274,-4.25315190381233,512.428953242087,497.034560751004,498.295173119772,2.52122473753473,22.4701348542954,22.3544362058519,22.3606797749979,0.495824375755377,0.632258402411203,0.366419023476334
"quadpos",1000,997,5,0,200,235.988749981547,-1.66268521505167,237.651435196599,197.752285337574,198.201481845278,2.24598253852044,17.9125438726879,17.888396858843,17.8885438199983,2.13461945526754,2.20533755275105,0.033476211634212
"quadpos",1000,997,5,1,200,203.738697529757,-1.36396385695837,205.102661386715,197.491444884939,197.934241825335,2.21398470198027,17.8909105162543,17.8666262295824,17.8885438199983,0.349185841555791,0.401218420829273,0.374836805308268
"quadpos",1000,997,10,0,100,113.17166971695,-0.71341265167192,113.885082368622,97.8382537600752,98.0541458978266,2.15892137751445,13.4240402845104,13.4160392568055,13.4164078649987,1.14223554398654,1.18000075639053,0.14020740526147
"quadpos",1000,997,10,1,100,113.285127549198,-0.791443879601946,114.0765714288,97.6976477145613,97.9116498385462,2.14002123984883,13.4044610007134,13.3962459417115,13.4164078649987,1.16285763626058,1.20667548659446,0.138574054151872
"quadpos",1000,997,25,0,40,55.4685066398165,-0.29625001896093,55.7647566587775,37.8816019942227,37.9660906524598,2.11221645592728,8.76409480470954,8.76221893329717,8.76356092008266,2.00669949806376,2.0312966546272,0.0333652102703969
"quadpos",1000,997,25,1,40,53.1476502671586,-0.214347529628058,53.3619977967867,37.8349158938297,37.9185042496123,2.08970889456657,8.74945240892807,8.7474971137082,8.76356092008266,1.75013631226836,1.76547569509601,0.0522718746819916
"quadpos",1000,997,50,0,20,29.3262981050922,-0.0830514652242817,29.4093495703165,17.8950906257486,17.9369289571399,2.09191656956688,6.25747028010034,6.25693836774023,6.26099033699941,1.82680971185696,1.83355180104162,0.0445341901926195
"quadpos",1000,997,50,1,20,35.151882014316,-0.0243638628406462,35.1762458771566,17.8890764606918,17.9303326004926,2.06280699004293,6.24667067439903,6.24610053659125,6.26099033699941,2.76352099437113,2.76106879414333,0.00904485850228086
"quadpos",1000,998,2,0,500,534.414563056604,-4.09008043718827,538.504643493792,497.48631534142,498.742824948211,2.51301921358088,22.5359672048519,22.360653901445,22.3606797749979,1.63863602478235,1.77820464110006,0.12551355265917
"quadpos",1000,998,2,1,500,499.879771466672,-5.21775501454707,505.09752648122,497.300051582335,498.566406360044,2.53270955541755,22.5261398330568,22.3579074871663,22.3606797749979,0.114521169781238,0.292116787983163,0.467877008511271
"quadpos",1000,998,5,0,200,198.639067426077,-1.60263367122516,200.241701097302,197.752861534582,198.201947229997,2.24542847707364,17.9234963141764,17.8883983763736,17.8885438199983,0.0494438069425968,0.114026634715324,0.473856011930923
"quadpos",1000,998,5,1,200,207.301221344138,-1.50130244990181,208.80252379404,197.656313885586,198.10264591337,2.23166013892108,17.9133593599863,17.8800488731009,17.8885438199983,0.538419805282094,0.598425538800773,0.310773325650641
"quadpos",1000,998,10,0,100,96.6830115249749,-0.742881968639505,97.4258934936144,97.8527319415002,98.0671446501083,2.14412708608078,13.4276350453971,13.4159946338281,13.4164078649987,-0.0871129139696313,-0.0477975114030644,0.518663560990619
"quadpos",1000,998,10,1,100,101.850974729261,-0.797500950856435,102.648475680118,97.7829913633835,97.9983327494433,2.15341386059811,13.4194910406502,13.4084441924502,13.4164078649987,0.303139914438995,0.346807046658888,0.374849794304093
"quadpos",1000,998,25,0,40,40.9879016018532,-0.349215552030767,41.3371171538839,37.9154260559556,37.9985277058838,2.07754124820386,8.76478727687224,8.76203319065703,8.76356092008266,0.35054764580595,0.381029080277859,0.340820992463172
"quadpos",1000,998,25,1,40,34.9916290945424,-0.346627903232209,35.3382569977746,37.8686982706552,37.9526208476371,2.09806442454942,8.75905691139183,8.75644362202248,8.76356092008266,-0.328467916719544,-0.298564572869222,0.609322978055259
"quadpos",1000,998,50,0,20,22.0697763514722,-0.221751286118221,22.2915276375905,17.9343182186113,17.975346089618,2.0513935503374,6.25734477696463,6.25653035576118,6.26099033699941,0.660896639112002,0.689868234076094,0.228902018993215
"quadpos",1000,998,50,1,20,21.2424372404542,-0.23973515823525,21.4821723986894,17.907524548455,17.9488462402902,2.06608459175579,6.2535555692577,6.25278852571379,6.26099033699941,0.533282650975944,0.565080066896379,0.267358724668916
"quadpos",1000,999,2,0,500,507.293211885188,-6.20618553531142,513.499397420499,497.473349687074,498.736353348215,2.52600732228178,22.4923694711189,22.3606627124974,22.3606797749979,0.436586381471379,0.66022390579831,0.376856138327621
"quadpos",1000,999,2,1,500,511.050892857445,-6.21052002797819,517.261412885423,497.469668491863,498.734511184764,2.52968538580039,22.4923600461205,22.3606626575647,22.3606797749979,0.603814999303452,0.828548866569103,0.333213969807469
"quadpos",1000,999,5,0,200,192.832357490946,-2.50391001913732,195.336267510083,197.76112861626,198.208633384385,2.23752384062766,17.9147930676134,17.888434206956,17.8885438199983,-0.275122972769597,-0.160571117688167,0.590330517726812
"quadpos",1000,999,5,1,200,190.91269403771,-2.51263777023539,193.425331807946,197.755685212405,198.204278110941,2.24296449268137,17.9147902073426,17.8884340053822,17.8885438199983,-0.381974396322526,-0.267152859862267,0.628120908581329
"quadpos",1000,999,10,0,100,120.180901584668,-1.29219022408113,121.473091808749,97.8723080688167,98.0848266886532,2.12518619836486,13.4248361101849,13.4160870523585,13.4164078649987,1.6617404736082,1.74330004186907,0.0635944212569098
"quadpos",1000,999,10,1,100,116.002732685501,-1.29281878853751,117.295551474038,97.8684022882544,98.0813113227937,2.12909034539337,13.4248346173559,13.4160868490303,13.4164078649987,1.35080475209742,1.43217917172572,0.103544053861339
"quadpos",1000,999,25,0,40,56.3271516438718,-0.565790227688941,56.8929418715607,37.912851777358,37.9961262871471,2.08186274472719,8.76450267877929,8.76242125815495,8.76356092008266,2.10100909788055,2.1565746530192,0.0280771315874845
"quadpos",1000,999,25,1,40,55.1390458696666,-0.559659625745973,55.6987054954126,37.9124521735293,37.995742641433,2.08226169759237,8.764502255853,8.7624211189771,8.76356092008266,1.96549595096895,2.02032778539251,0.0356166730428734
"quadpos",1000,999,50,0,20,34.2696557080413,-0.296939796884581,34.5665955049259,17.9358375667048,17.9769221557959,2.05422945455263,6.25856553280546,6.25790681370532,6.26099033699941,2.6098341633909,2.65099398936355,0.0116635515374101
"quadpos",1000,999,50,1,20,33.7487379064061,-0.290552023862336,34.0392899302685,17.9365353723066,17.9776059914941,2.05353095937166,6.25856510721653,6.25790659900686,6.26099033699941,2.52649006013647,2.56662250940649,0.0135258815695216
"quadpos",1000,1000,2,0,500,486.757937226664,0.374242426157638,486.383694800506,497.459053251464,498.729126423335,2.54014634374167,22.5597942372202,22.3606513933899,22.3606797749979,-0.47434457567634,-0.552105187171683,0.632231191608631
"quadpos",1000,1000,2,1,500,484.364551874409,0.307430883507589,484.057120990902,497.489572816769,498.742083351401,2.5050210692643,22.5604700552648,22.360570385343,22.3606797749979,-0.581770721541162,-0.656734694483675,0.660888209632114
"quadpos",1000,1000,5,0,200,213.550818208811,0.141773603666639,213.409044605145,197.723235780015,198.178240309017,2.27502264501223,17.9283018801044,17.8883949878804,17.8885438199983,0.882826635486379,0.851434927865056,0.213253215348453
"quadpos",1000,1000,5,1,200,173.344729877593,0.257185808775984,173.087544068817,197.776802249617,198.220506736551,2.21852243467061,17.9283332536111,17.8881740112273,17.8885438199983,-1.36276317638745,-1.40500437059476,0.896277517487017
"quadpos",1000,1000,10,0,100,83.4414021545798,0.0421740287452839,83.3992281258346,97.8453503269047,98.0605043917814,2.15154064876693,13.4292565862433,13.4160006796183,13.4164078649987,-1.07257971279513,-1.09282017913284,0.852707804601367
"quadpos",1000,1000,10,1,100,89.8274664083164,0.116060981282502,89.7114054270339,97.8567859877686,98.0706123168326,2.13826329063963,13.4291222455735,13.4157716907589,13.4164078649987,-0.597903528810224,-0.623088040142837,0.709812274427112
"quadpos",1000,1000,25,0,40,45.0725619048824,0.125437529851734,44.9471243750306,37.8904096891486,37.9744906301278,2.1020235244788,8.76504204736171,8.76191320473639,8.76356092008266,0.819408757758968,0.795788954076117,0.200106451540665
"quadpos",1000,1000,25,1,40,48.5803027694809,0.120650838044129,48.4596519314367,37.8881023498414,37.972247268127,2.10362295714093,8.76491248815878,8.76176209341516,8.76356092008266,1.21988672837115,1.19695154370734,0.116766024187668
"quadpos",1000,1000,50,0,20,28.6046099308803,0.0667333153062321,28.5378766155741,17.9211173164455,17.9624165546877,2.0649619121142,6.25763125843445,6.25664727728129,6.26099033699941,1.70727423416568,1.69027589253548,0.0534306130016982
"quadpos",1000,1000,50,1,20,27.8386559069602,0.0755960053748597,27.7630599015854,17.9179870797612,17.9593398009503,2.06763605945698,6.25749891132779,6.25650633513242,6.26099033699941,1.58540480274634,1.56696398524906,0.0645533191524997
