"scen","n","rep","m","oracle","G","HL","C","EF","mu","muEF","d","sdHL","sdEF","sdEF_simple","zHL","zEF","pHL_chisq"
"quadneg",16000,901,2,0,8000,8333.01842753455,150.242451550225,8182.77597598433,7997.47741862888,7998.73868531755,2.52253337733294,90.6913386607725,89.4427186542646,89.4427190999916,3.69981316695247,2.05759947188283,0.00442194806263973
"quadneg",16000,901,2,1,8000,8263.67441711282,149.442626887301,8114.23179022552,7997.44695381228,7998.70507394075,2.51624025694559,90.6891803004943,89.4425514427282,89.4427190999916,2.93560336986629,1.29163037526655,0.0186237195726526
"quadneg",16000,901,5,0,3200,3469.96738763733,60.0897684544198,3409.87761918291,3197.75344261431,3198.2027323304,2.24644858044908,71.8051984011301,71.5541729639785,71.5541752799933,3.79100609822617,2.95824657157416,0.00045486708090103
"quadneg",16000,901,5,1,3200,3379.65121174519,59.6784281251166,3319.97278362008,3197.73208526719,3198.18106231584,2.24488524324678,71.8041531376876,71.5537355613818,71.5541752799933,2.53354602106607,1.70210150942802,0.0126101044693564
"quadneg",16000,901,10,0,1600,1825.42166529489,30.0203819610227,1795.40128333387,1597.84661017187,1598.06192975315,2.15319581281718,53.7493806787133,53.6656250732372,53.665631459995,4.23400329918867,3.67720218131081,5.71477389088465e-05
"quadneg",16000,901,10,1,1600,1733.33612673312,29.9011665808586,1703.43496015227,1597.8341314936,1598.04941422858,2.15282734974928,53.7487529494719,53.665222178487,53.665631459995,2.52102584346286,1.96375868105382,0.00961071509145404
"quadneg",16000,901,25,0,640,891.267035865758,11.9858561442855,879.281179721473,637.901709378775,637.985623509536,2.09785326904219,35.0747438953536,35.0542198887086,35.0542436803306,7.22358307855091,6.88349525329648,1.14079327384807e-10
"quadneg",16000,901,25,1,640,804.55845728364,11.9500531658218,792.608404117818,637.894534699888,637.978517863857,2.09957909922108,35.0743944826316,35.0539286758306,35.0542436803306,4.75172629612413,4.41119988814769,7.53405201002193e-06
"quadneg",16000,901,50,0,320,530.623633200444,5.99727945946622,524.626353740978,317.919667231675,317.961256833943,2.07948011337505,25.0510757298082,25.0438948495976,25.0439613479976,8.4908116626574,8.25211486265108,7.07267199482445e-13
"quadneg",16000,901,50,1,320,519.929052795522,5.99280306803205,513.93624972749,317.916724791894,317.958318329349,2.07967687277507,25.0508429756158,25.0436825284737,25.0439613479976,8.06409302075241,7.82544384897555,6.13109232149464e-12
"quadneg",16000,902,2,0,8000,8322.48037597735,183.928145833872,8138.55223014347,7997.47451884406,7998.73723391934,2.52543015055635,90.9100136297272,89.4427186088293,89.4427190999916,3.57502814219147,1.56317918773918,0.00559161935842192
"quadneg",16000,902,2,1,8000,8305.00834771808,183.847810226578,8121.1605374915,7996.65630126886,7997.92083941887,2.529076300019,90.8921153828012,89.4386899638726,89.4427190999916,3.39250599626347,1.37792378357081,0.00814638995983933
"quadneg",16000,902,5,0,3200,3465.79843485286,73.5824350737556,3392.2159997791,3197.75297212773,3198.20235565407,2.24691763168202,71.8494287507081,71.5541728932462,71.5541752799933,3.73065544689503,2.71142319560437,0.000542213681284391
"quadneg",16000,902,5,1,3200,3355.46917923754,72.859629831323,3282.60954940622,3197.23323232554,3197.68180863014,2.24288152302053,71.8354743234896,71.5440864155149,71.5541752799933,2.20275495362414,1.18706863182002,0.0258356179539384
"quadneg",16000,902,10,0,1600,1840.91531900011,36.7740034764298,1804.14131552368,1597.85040870648,1598.06534810531,2.14939398834312,53.764154824077,53.6656249313163,53.665631459995,4.52094729451203,3.83999939779176,1.99321810971389e-05
"quadneg",16000,902,10,1,1600,1858.87793350788,36.2998785519247,1822.57805495595,1597.55678194897,1597.77164037013,2.14858421160966,53.7535221672805,53.6563591226606,53.665631459995,4.86147030041457,4.18974410976914,5.49745144295937e-06
"quadneg",16000,902,25,0,640,936.144142753127,14.7149469814802,921.429195771647,637.903809746022,637.987639356524,2.09574026254641,35.0783660648494,35.0542191742283,35.0542436803306,8.50211587551562,8.08580430807337,1.12173077383144e-13
"quadneg",16000,902,25,1,640,941.281495142927,14.4779640624232,926.803531080504,637.77942572255,637.86321557563,2.09474632699473,35.0713123151271,35.0475109871031,35.0542436803306,8.65385551282806,8.24424637775846,4.84554549377925e-14
"quadneg",16000,902,50,0,320,631.414070522356,7.3452220912527,624.068848431103,317.923054648295,317.964576134559,2.07607431319876,25.0523420263574,25.0438933527236,25.0439613479976,12.5134414796125,12.2227110611479,6.42539636394557e-23
"quadneg",16000,902,50,1,320,623.963357921808,7.21875085528522,616.744607066522,317.8589478953,317.900473219096,2.07626618980228,25.0472752106508,25.038947966779,25.0439613479976,12.2210662617842,11.9351713276422,4.13412081888924e-22
"quadneg",16000,903,2,0,8000,8322.83264851758,130.88764491603,8191.94500360155,7997.4698843497,7998.73491856656,2.53006843371635,90.5292561354982,89.4427186689827,89.4427190999916,3.59400682229068,2.16015443079321,0.00554844430808994
"quadneg",16000,903,2,1,8000,8257.16469575486,131.579808353696,8125.58488740116,7995.33605987846,7996.60325783194,2.53439590695962,90.4935618487291,89.4329709353912,89.4427190999916,2.89333992968562,1.44221564172801,0.0210431368127334
"quadneg",16000,903,5,0,3200,3480.77397188541,52.3546766704729,3428.41929521493,3197.75424621702,3198.20337574211,2.24564762544913,71.7724661836416,71.554173023737,71.5541752799933,3.9432910796772,3.2173653854745,0.00028562701628164
"quadneg",16000,903,5,1,3200,3445.42480584502,52.0503591307135,3393.37444671431,3196.38240570268,3196.83349519039,2.25544743850584,71.7399789354371,71.5282366207095,71.5541752799933,3.47145906421948,2.74773936572929,0.00124032638092774
"quadneg",16000,903,10,0,1600,1859.62749962242,26.1827625340645,1833.44473708835,1597.85203604995,1598.06681357333,2.14777523377623,53.7384502316657,53.6656252718362,53.665631459995,4.87128792222242,4.38600915060144,5.20171160433324e-06
"quadneg",16000,903,10,1,1600,1855.58284159361,25.3046980826293,1830.27814351098,1597.07185664735,1597.28756373176,2.15707084410725,53.7120236480026,53.6414687929158,53.665631459995,4.81290719263143,4.34347874922453,6.9999636026527e-06
"quadneg",16000,903,25,0,640,837.240921862266,10.4510386956688,826.789883166597,637.91079364637,637.994344950246,2.0887825968919,35.0720650444732,35.0542206611453,35.0542436803306,5.68344430141582,5.38581473658651,1.67643595171483e-07
"quadneg",16000,903,25,1,640,890.576796598301,10.1941610692033,880.382635529098,637.572722262956,637.656571289663,2.09622566765844,35.0538464322004,35.036558819541,35.0542436803306,7.21758380566579,6.92779406475441,1.26151296720629e-10
"quadneg",16000,903,50,0,320,516.064860983337,5.2144953993535,510.850365583983,317.927366080422,317.968802365958,2.07181427676964,25.0501405390738,25.0438974545111,25.0439613479976,7.9096360594806,7.70173905912088,1.31699323008416e-11
"quadneg",16000,903,50,1,320,532.32647411178,5.05955125545233,527.266922856328,317.751203176657,317.792798401076,2.07976122094578,25.0369393541632,25.0308918781677,25.0439613479976,8.57034751332109,8.36862407759263,4.9855663414175e-13
"quadneg",16000,904,2,0,8000,8297.26228468348,167.202907571903,8130.05937711157,7997.47300053618,7998.73647522208,2.5269493718011,90.8134744227028,89.4427186095242,89.4427190999916,3.30115421806115,1.46823468618837,0.00957641739679774
"quadneg",16000,904,2,1,8000,8187.77309229978,164.406264632098,8023.36682766769,7995.97237782526,7997.24504909795,2.54534254537943,90.7838423744279,89.4353071084364,89.4427190999916,2.11271862324863,0.292074566681624,0.0675838295176762
"quadneg",16000,904,5,0,3200,3364.63702754987,66.8581131887319,3297.77891436114,3197.75405616139,3198.20322166642,2.24582752512951,71.8298920183978,71.554172763187,71.5541752799933,2.32330812004752,1.39161266002298,0.0198534000695225
"quadneg",16000,904,5,1,3200,3400.17674652533,64.1525822302537,3336.02416429508,3196.77135545781,3197.2211174552,2.2488099869655,71.8049204920209,71.5353035235082,71.5541752799933,2.83275003542585,1.94034329908535,0.00647936427493903
"quadneg",16000,904,10,0,1600,1772.85420962522,33.4256216636598,1739.42858796157,1597.85252248431,1598.06724974688,2.14727262567625,53.757628365079,53.6656246878597,53.665631459995,3.25538332815658,2.63411334605534,0.00135646599061645
"quadneg",16000,904,10,1,1600,1827.49761367039,32.0266296328705,1795.47098403752,1597.2937211402,1597.50920816535,2.15487025148707,53.7381544958342,53.6482791073736,53.665631459995,4.28380718857835,3.68999302803285,4.97811497548413e-05
"quadneg",16000,904,25,0,640,844.913045315076,13.4215279020573,831.491517413018,637.907412256016,637.991097274011,2.09212544989204,35.0767648745492,35.0542184931395,35.0542436803306,5.90150299776529,5.52003235150934,6.40824647631535e-08
"quadneg",16000,904,25,1,640,882.834450634067,12.7732248173327,870.061225816735,637.668792129543,637.752584780162,2.09481626548136,35.063604004385,35.041594604836,35.0542436803306,6.9920267886286,6.6295111183243,3.84917317939313e-10
"quadneg",16000,904,50,0,320,537.426179950168,6.71516273638985,530.711017213778,317.927083150638,317.968523712111,2.07202807366268,25.0517805418734,25.0438919556779,25.0439613479976,8.76181620833868,8.49478562989224,1.73313725123032e-13
"quadneg",16000,904,50,1,320,545.649845609892,6.41660516271325,539.233240447179,317.802411953072,317.843935507857,2.07617773926218,25.0422664107389,25.0345667296165,25.0439613479976,9.09851488358546,8.84334477726004,3.06373957054966e-14
"quadneg",16000,905,2,0,8000,8304.48111119999,139.335821922517,8165.14528927747,7997.46745151672,7998.73370018048,2.53249732752542,90.8076201528893,89.4427185932467,89.4427190999916,3.38092397054742,1.86053813786417,0.00823737968340614
"quadneg",16000,905,2,1,8000,8119.1172141859,138.362626927686,7980.75458725822,7997.38581595636,7998.65352827652,2.53542464032829,90.8038175770452,89.4423377027705,89.4427190999916,1.34059780169769,-0.20011709754039,0.169004103069584
"quadneg",16000,905,5,0,3200,3369.70658483065,55.7103729240919,3313.99621190655,3197.74962565562,3198.19967790191,2.25026123147718,71.8287077083247,71.5541728203983,71.5541752799933,2.3939865363205,1.61830581558525,0.0170859450049625
"quadneg",16000,905,5,1,3200,3279.39081920162,55.3006657465979,3224.09015345502,3197.69780389799,3198.14808551134,2.25140806675075,71.8266793891095,71.553199540825,71.5541752799933,1.13736310794857,0.362556365196129,0.154454464179774
"quadneg",16000,905,10,0,1600,1765.82451043597,27.8941320992628,1737.93037833671,1597.84015373551,1598.05611825492,2.15964519416623,53.7572327284685,53.6656247842723,53.665631459995,3.1248698672598,2.60640327293417,0.00197386486987863
"quadneg",16000,905,10,1,1600,1744.4358800005,27.6909322942041,1716.7449477063,1597.81667802546,1598.03212744472,2.1544941925827,53.755944894063,53.6647250368893,53.665631459995,2.72749743798534,2.2121201623594,0.00575492727888357
"quadneg",16000,905,25,0,640,868.541945538267,11.15824866963,857.383696868637,637.901653794888,637.985569078288,2.09788208500786,35.0766674905583,35.0542183662656,35.0542436803306,6.57531938589835,6.25882241897271,2.83536347422505e-09
"quadneg",16000,905,25,1,640,796.888979610457,11.0604077911572,785.8285718193,637.888844926725,637.972785795843,2.09852172796551,35.0759170783604,35.053567571442,35.0542436803306,4.53302858278864,4.21799537870473,1.71460975554339e-05
"quadneg",16000,905,50,0,320,469.365172119108,5.5809346065133,463.784237512594,317.920371122871,317.961945985327,2.07874312277745,25.0517468949817,25.043892175794,25.0439613479976,6.0452790630171,5.82266887685338,6.6333871198414e-08
"quadneg",16000,905,50,1,320,483.886400233919,5.54670353834719,478.339696695572,317.911475089339,317.953103078893,2.08139947770532,25.0512288707933,25.0434095328896,25.0439613479976,6.62542049336696,6.40434336251388,5.43070751640291e-09
"quadneg",16000,906,2,0,8000,8180.60383446645,130.183983996861,8050.41985046959,7997.46931068209,7998.73463203151,2.53064269882749,90.5462340875419,89.4427186574784,89.4427190999916,2.02255262882938,0.577858312156332,0.0751875253269933
"quadneg",16000,906,2,1,8000,8022.23089543547,129.920635606561,7892.31025982891,7997.4550272541,7998.72377369326,2.53749287832133,90.5453842793816,89.4426852588604,89.4427190999916,0.273629278604896,-1.18973970377091,0.422045756163389
"quadneg",16000,906,5,0,3200,3399.15934579871,52.0838868020373,3347.07545899667,3197.75222982872,3198.20176269793,2.2476643460397,71.775892515086,71.5541730118328,71.5541752799933,2.80605519363834,2.08057322211131,0.00670507372976597
"quadneg",16000,906,5,1,3200,3350.79644913425,51.9357702566213,3298.86067887763,3197.74308801438,3198.19348569112,2.25198838365745,71.7755412695349,71.5540813718747,71.5541752799933,2.13238881118449,1.40686864056483,0.0294292330592385
"quadneg",16000,906,10,0,1600,1793.72413546461,25.9999726672449,1767.72416279736,1597.84633133885,1598.06167919512,2.1534785627808,53.7395943216661,53.6656251942377,53.665631459995,3.64494385561061,3.16147409050325,0.000416256351008493
"quadneg",16000,906,10,1,1600,1723.37785003052,25.9296798180556,1697.44817021247,1597.8411770483,1598.05676744111,2.15590392814993,53.7394122408136,53.6655397735524,53.665631459995,2.33602616306407,1.8520526056525,0.0148522444844857
"quadneg",16000,906,25,0,640,858.328365631451,10.4127315455884,847.915634085862,637.901127641767,637.985064964464,2.09843306743589,35.0723445725776,35.054219779485,35.0542436803306,6.28493021142452,5.98873888627402,1.12283352340686e-08
"quadneg",16000,906,25,1,640,855.723614971846,10.3882772620066,845.33533770984,637.901197185156,637.985085241481,2.09720140813793,35.0722572985084,35.0541577168638,35.0542436803306,6.21067574672344,5.91514005679864,1.58398962520134e-08
"quadneg",16000,906,50,0,320,527.264209017106,5.19853754829335,522.065671468812,317.92081154598,317.962378587472,2.07835207462674,25.0502371429079,25.0438960968112,25.0439613479976,8.35694274177335,8.14982190040821,1.40339861404128e-12
"quadneg",16000,906,50,1,320,538.652613747049,5.18229173320449,533.470322013845,317.920323853221,317.961889040024,2.07825934015802,25.0501834801315,25.0438512292644,25.0439613479976,8.81160371814847,8.60524329908144,1.3414561029534e-13
"quadneg",16000,907,2,0,8000,8322.92973365497,160.404037584774,8162.5256960702,7997.46021317321,7998.73008311294,2.53973987946827,90.5163402344878,89.4427186665295,89.4427190999916,3.59569907089277,1.83129063381821,0.00553659779332249
"quadneg",16000,907,2,1,8000,8256.30206637137,160.037995858515,8096.26407051285,7997.33937208526,7998.608082164,2.5374201574933,90.5122066168711,89.4421580386819,89.4427190999916,2.86108033342148,1.09183399070733,0.0213829758755052
"quadneg",16000,907,5,0,3200,3465.97912314908,64.1646162506804,3401.8145068984,3197.75149631557,3198.20117626969,2.24839977061299,71.7698600288522,71.554173060911,71.5541752799933,3.73732966353397,2.84558289081729,0.000538125382370548
"quadneg",16000,907,5,1,3200,3463.44231432231,63.8372027522119,3399.6051115701,3197.66924717103,3198.11942004439,2.25086436677553,71.7672969948659,71.5526557223169,71.5541752799933,3.70326148928651,2.81590794208446,0.000598234335009106
"quadneg",16000,907,10,0,1600,1947.84122691974,32.0489827746188,1915.79224414513,1597.84662363004,1598.06194253219,2.15318902150004,53.7375801349453,53.6656252969287,53.665631459995,6.5130324516065,5.92055528757844,3.34779080576006e-09
"quadneg",16000,907,10,1,1600,1873.21837496101,31.7902912212589,1841.42808373975,1597.79986659884,1598.01535747193,2.15490873090666,53.7357894462642,53.6642151184186,53.665631459995,5.12542034276031,4.53584806431415,1.86833137068519e-06
"quadneg",16000,907,25,0,640,924.175504466512,12.8104401983754,911.365064268136,637.902269219751,637.986161643485,2.09731059335151,35.0718517637264,35.0542208373283,35.0542436803306,8.16247847919007,7.79874423377677,7.64509486680969e-13
"quadneg",16000,907,25,1,640,923.335166747693,12.6818367388691,910.653330008823,637.883301875956,637.967184198614,2.09705806644798,35.0707281311195,35.0531943685643,35.0542436803306,8.13931960022366,7.77920959051748,8.73098282646774e-13
"quadneg",16000,907,50,0,320,572.706371845853,6.38689108604113,566.319480759812,317.924193538062,317.965693340051,2.07499009942561,25.0500661472775,25.0438977002235,25.0439613479976,10.1709183844004,9.91673861603197,8.0436960226382e-17
"quadneg",16000,907,50,1,320,559.527080121513,6.32776444808204,553.199315673431,317.911233804116,317.952796459986,2.07813279354522,25.0492730058887,25.0431388405879,25.0439613479976,9.64562309894572,9.39365151912092,1.52098959123073e-15
"quadneg",16000,908,2,0,8000,8134.8480657376,129.179364147117,8005.66870159049,7997.46303973831,7998.73149450803,2.53690953944941,90.7303022561386,89.4427186299974,89.4427190999916,1.51421325161516,0.0775603334593342,0.139811290208292
"quadneg",16000,908,2,1,8000,8311.53994388023,129.208499919722,8182.3314439605,7997.2571365354,7998.52505481567,2.53583656054188,90.7324804224881,89.4417809750304,89.4427190999916,3.46384013620476,2.05503945852944,0.0070905857989944
"quadneg",16000,908,5,0,3200,3425.86407312225,51.7243006530426,3374.1397724692,3197.74712291393,3198.197675379,2.25276232534479,71.813073914604,71.5541728150817,71.5541752799933,3.17653788890283,2.45886564218829,0.00261521033136322
"quadneg",16000,908,5,1,3200,3403.2823496661,52.1587420804597,3351.12360758564,3197.61322927272,3198.06395423325,2.25362480264822,71.8117364217342,71.5516386510182,71.5541752799933,2.86400427898766,2.1391495182789,0.00583165592519045
"quadneg",16000,908,10,0,1600,1809.08190562322,25.8406233766725,1783.24128224655,1597.83920667891,1598.05526610787,2.16059428950352,53.7520108466892,53.6656248905829,53.665631459995,3.92994970079931,3.45073809382178,0.000163666779784355
"quadneg",16000,908,10,1,1600,1827.97851402079,26.0455679776619,1801.93294604313,1597.76405878818,1597.98016246626,2.16103678075826,53.7501429074934,53.663283684599,53.665631459995,4.28304824470552,3.80060200519198,4.82081945106749e-05
"quadneg",16000,908,25,0,640,842.221539610106,10.343588365272,831.877951244834,637.896549267097,637.980669338662,2.10300178911311,35.0753883394743,35.0542192207855,35.0542436803306,5.82530942681135,5.5313536063927,9.00552716571036e-08
"quadneg",16000,908,25,1,640,882.09329432764,10.4325974911999,871.66069683644,637.864804246415,637.948916547438,2.10280752555478,35.0738097735948,35.0525127756821,35.0542436803306,6.96327235785749,6.66747578938597,4.27768698772029e-10
"quadneg",16000,908,50,0,320,518.349064389755,5.18648900633537,513.162575383419,317.9157741521,317.957441237715,2.08335428075806,25.0512999168158,25.0438933165378,25.0439613479976,8.00091376109041,7.79452027200579,8.38978879950795e-12
"quadneg",16000,908,50,1,320,540.616722860955,5.21780321016606,535.398919650789,317.901968858835,317.943585752903,2.08084470341882,25.0500847947016,25.0426317807991,25.0439613479976,8.89077844755348,8.68340579381977,8.88550172569315e-14
"quadneg",16000,909,2,0,8000,8393.69450727353,127.438944565818,8266.25556270771,7997.46176003032,7998.73085639662,2.5381927326008,90.4329014115323,89.4427186834678,89.4427190999916,4.3815109441206,2.99101715879012,0.0010221330140227
"quadneg",16000,909,2,1,8000,8348.16708970659,126.568288187847,8221.59880151874,7997.40205023824,7998.67181837356,2.53953627065626,90.4302859323611,89.4424624464569,89.4427190999916,3.87884474600367,2.49240659355308,0.00312367827158155
"quadneg",16000,909,5,0,3200,3450.97118606287,50.9582250911972,3400.01296097167,3197.74464561579,3198.19569510769,2.25524745948818,71.7530288256814,71.554173008861,71.5541752799933,3.52914078459705,2.82048212392857,0.000995218512214215
"quadneg",16000,909,5,1,3200,3423.86813641394,50.4601678768643,3373.40796853707,3197.70956498418,3198.16005722514,2.25246120477749,71.7515886226198,71.5534544861954,71.5541752799933,3.15196605080405,2.44918868795839,0.00281450350591789
"quadneg",16000,909,10,0,1600,1830.30299287177,25.4584228947501,1804.84456997702,1597.83801893568,1598.0541985001,2.16179564418517,53.7319609561016,53.665625381707,53.665631459995,4.32638172513395,3.8533115007248,4.12479596562411e-05
"quadneg",16000,909,10,1,1600,1818.68743292411,25.2476487485449,1793.43978417557,1597.82147486408,1598.03717097236,2.15696108282866,53.7310253563907,53.664956499214,53.665631459995,4.11058520836062,3.6411585129313,8.88206442918958e-05
"quadneg",16000,909,25,0,640,862.247487818647,10.1958437177169,852.05164410093,637.899215472685,637.983229631751,2.10035397664889,35.0704737954813,35.0542202756011,35.0542436803306,6.39706990142997,6.10678009056095,6.65530735273473e-09
"quadneg",16000,909,25,1,640,830.725209556378,10.1383873382555,820.586822218122,637.893991326243,637.977847798082,2.09641179597727,35.0699151895005,35.0537308448708,35.0542436803306,5.49847974219983,5.2094019671735,3.71858427115387e-07
"quadneg",16000,909,50,0,320,507.402707202217,5.11155253349728,502.291154668719,317.920730557305,317.962299368958,2.07844058266066,25.0495832576694,25.043896734527,25.0439613479976,7.56427660675347,7.36023060842742,7.08445418623668e-11
"quadneg",16000,909,50,1,320,526.886157951199,5.07611047899361,521.810047472206,317.916035696887,317.957604679274,2.07844911936702,25.0491963211934,25.0435345211334,25.0439613479976,8.34238829760412,8.13992300571258,1.51531359150314e-12
"quadneg",16000,910,2,0,8000,8276.75253115036,150.977194858839,8125.77533629152,7997.46746469945,7998.73370805588,2.53248671285926,90.671014776942,89.442718639107,89.4427190999916,3.08020228005585,1.42036859085474,0.0144749967258295
"quadneg",16000,910,2,1,8000,8260.16503091964,150.954826460333,8109.21020445931,7997.47688406074,7998.73772376495,2.52167940840926,90.6713643489031,89.442712410962,89.4427190999916,2.89714562855892,1.23511997474734,0.019896684579272
"quadneg",16000,910,5,0,3200,3423.14121791728,60.4006784186491,3362.74053949863,3197.7456876596,3198.19652785922,2.25420099805431,71.801091553014,71.5541728842783,71.5541752799933,3.13916578957933,2.29957254771886,0.00289044350262991
"quadneg",16000,910,5,1,3200,3574.16430636055,60.4313478288055,3513.73295853175,3197.74652500943,3198.19702513888,2.2525006472632,71.8011912009173,71.5541564272059,71.5541752799933,5.24250050807393,4.40974988942631,2.82517842905393e-06
"quadneg",16000,910,10,0,1600,1783.55268395754,30.1945999080513,1753.35808404949,1597.84584370146,1598.06123935595,2.15395654491119,53.7480088349878,53.665624878023,53.665631459995,3.45513897689168,2.8937862001331,0.000749693635953668
"quadneg",16000,910,10,1,1600,1914.7687893065,30.2135573135073,1884.555231993,1597.83965503237,1598.05562128295,2.15966250576497,53.7480375002846,53.6656097446897,53.665631459995,5.89657127988072,5.33860720250916,6.37911670299613e-08
"quadneg",16000,910,25,0,640,872.924726156038,12.0951468592974,860.82957929674,637.896868211069,637.980975604624,2.10268483886651,35.0744071594196,35.0542193521627,35.0542436803306,6.70083622159953,6.357254784462,1.55043926960411e-09
"quadneg",16000,910,25,1,640,890.982916972062,12.099788401774,878.883128570288,637.895976850133,637.980111550933,2.10336751998089,35.0744076444386,35.0542082030046,35.0542436803306,7.21571530694282,6.87229948610581,1.18904519624311e-10
"quadneg",16000,910,50,0,320,585.945922184527,6.0477513800098,579.898170804517,317.913303810846,317.955020576272,2.08583827133229,25.0509573974868,25.0438944213178,25.0439613479976,10.6994959961319,10.4593617039558,3.86558527780324e-18
"quadneg",16000,910,50,1,320,587.985199407152,6.05519285895552,581.930006548197,317.91324894643,317.954964660664,2.08578571166218,25.0509534015995,25.0438861146986,25.0439613479976,10.7809050670095,10.5404984146052,2.40483170182833e-18
"quadneg",16000,911,2,0,8000,8238.59383206726,139.463027869763,8099.1308041975,7997.47094578135,7998.73544837082,2.5290051789381,90.6259756130623,89.4427186202035,89.4427190999916,2.66063768864035,1.12245420728978,0.0294586352959195
"quadneg",16000,911,2,1,8000,8222.71010622451,140.306661209791,8082.40344501471,7997.33256270086,7998.60007964184,2.53503388196518,90.6278830041861,89.4421351220164,89.4427190999916,2.4868455055188,0.93695622603984,0.0387316146448423
"quadneg",16000,911,5,0,3200,3416.49006551574,55.8494844840828,3360.64058103166,3197.74816546719,3198.19851004115,2.25172286980553,71.7919931020575,71.5541728591859,71.5541752799933,3.04688434736153,2.27019703393369,0.00367649373024748
"quadneg",16000,911,5,1,3200,3361.34126781241,56.172059193165,3305.16920861924,3197.66751410884,3198.11684362655,2.24664758858229,71.7913189992571,71.5525416739647,71.5541752799933,2.2798543888748,1.49613644027461,0.0218512378126793
"quadneg",16000,911,10,0,1600,1801.61112539532,27.9112808855094,1773.69984450981,1597.83794210931,1598.05412831305,2.16186203745996,53.7449702965521,53.665624983984,53.665631459995,3.79148378279193,3.27296507306447,0.000259477628760791
"quadneg",16000,911,10,1,1600,1823.58432669972,28.1202887020216,1795.4640379977,1597.79330323764,1598.00916710873,2.1586387108985,53.7438420789136,53.6641258198913,53.665631459995,4.20124454687386,3.6794575122993,6.45197145128447e-05
"quadneg",16000,911,25,0,640,887.522823680481,11.183078017881,876.3397456626,637.895063528728,637.979243377556,2.10449622069647,35.0736622266865,35.054219684959,35.0542436803306,7.11724252056628,6.7997663170725,1.96430901132901e-10
"quadneg",16000,911,25,1,640,861.865042425217,11.2559280011191,850.609114424097,637.880180021012,637.964135142514,2.09887803753831,35.072667102584,35.0531246293454,35.0542436803306,6.38630822540731,6.06636302840642,7.00576394210192e-09
"quadneg",16000,911,50,0,320,538.178897253996,5.6225806700063,532.55631658399,317.915982989156,317.95764599204,2.08315014419509,25.050695962446,25.0438936844525,25.0439613479976,8.7926864225665,8.56890199646452,1.48112231858374e-13
"quadneg",16000,911,50,1,320,544.007262027861,5.66415804876614,538.343103979095,317.910162005452,317.951733012234,2.07855033909223,25.0499262085486,25.0430880838758,25.0439613479976,9.02585892429697,8.80048699380494,4.34307555621303e-14
"quadneg",16000,912,2,0,8000,8273.10337061563,146.588968020998,8126.51440259463,7997.46117953994,7998.73056438974,2.5387696996012,90.643400890609,89.4427186312395,89.4427190999916,3.04095155706197,1.42866675074723,0.0155433668713745
"quadneg",16000,912,2,1,8000,8141.67805098662,146.15065680079,7995.52739418583,7997.44969513006,7998.71961336742,2.53983647471852,90.6423080813055,89.4426709990874,89.4427190999916,1.59118141306804,-0.0356901146391508,0.1282823988197
"quadneg",16000,912,5,0,3200,3361.42523218815,58.6398368616306,3302.78539532652,3197.74140106656,3198.19309894465,2.25848939047416,71.7955131374997,71.5541729269575,71.5541752799933,2.27986156750647,1.46172182702235,0.0217982906409659
"quadneg",16000,912,5,1,3200,3372.20176506915,58.4755977453194,3313.72616732383,3197.74402900313,3198.19384433783,2.24907667350126,71.7950491019046,71.5540436301185,71.5541752799933,2.42994103699822,1.61461626939237,0.0158504318667503
"quadneg",16000,912,10,0,1600,1737.28099299972,29.3230517464477,1707.95794125327,1597.83927565493,1598.05532892917,2.16053274245431,53.7461459748297,53.6656251397771,53.665631459995,2.59445053809236,2.04791450836253,0.0080362063937859
"quadneg",16000,912,10,1,1600,1791.21558315659,29.2566084135143,1761.95897474308,1597.84229935973,1598.05766819798,2.15368838247206,53.7459013067836,53.6655053874192,53.665631459995,3.59791684752078,3.05412770012836,0.000482329345139197
"quadneg",16000,912,25,0,640,812.599683786368,11.7080926882195,800.891591098148,637.897406336988,637.981492459669,2.10215306702218,35.0739506790005,35.054219710385,35.0542436803306,4.98096946786144,4.64737483773503,3.0891860858198e-06
"quadneg",16000,912,25,1,640,813.654011254279,11.684258886468,801.969752367811,637.901569143238,637.985424797453,2.0963913553632,35.0738329495463,35.0541342697034,35.0542436803306,5.01092772962282,4.67803102220917,2.74234723103709e-06
"quadneg",16000,912,50,0,320,510.284214227313,5.86301309088151,504.421201136431,317.917679503762,317.959308823186,2.08146597123168,25.0507980004223,25.043894682157,25.0439613479976,7.67905815696203,7.44540314834072,4.067630178758e-11
"quadneg",16000,912,50,1,320,507.912796021728,5.84604484756995,502.066751174158,317.917566935522,317.959182304858,2.08076846679926,25.0507237195691,25.0438320297613,25.0439613479976,7.58442076217483,7.35141365947958,6.42399864002922e-11
"quadneg",16000,913,2,0,8000,8193.65397143481,143.952366502173,8049.70160493264,7997.47039134844,7998.73517179147,2.52956088605237,90.6526880282196,89.4427186423126,89.4427190999916,2.16412314244119,0.56982204828759,0.0618049383138091
"quadneg",16000,913,2,1,8000,8305.779925205,144.888234517258,8160.89169068774,7997.26753886931,7998.53541487968,2.53575202075372,90.6548978793791,89.4418245261902,89.4427190999916,3.40315188205482,1.8152165015431,0.00801483107176652
"quadneg",16000,913,5,0,3200,3349.52955536335,57.548293548472,3291.98126181487,3197.74861466268,3198.19887018441,2.25127760863848,71.7973895171718,71.5541729601681,71.5541752799933,2.11401753909679,1.31064880985587,0.0304727501600687
"quadneg",16000,913,5,1,3200,3386.20990781137,58.2305614220572,3327.97934638931,3197.62343098599,3198.07325985024,2.24914432123376,71.7961449194607,71.5517504880398,71.5541752799933,2.62669363427419,1.81555427579351,0.0102515601884699
"quadneg",16000,913,10,0,1600,1798.90773725291,28.7819411293878,1770.12579612353,1597.8418888695,1598.05768089746,2.15792027963669,53.7467729828335,53.665625170506,53.665631459995,3.74098456939238,3.20630039581893,0.000305601366920485
"quadneg",16000,913,10,1,1600,1830.67921154794,29.1948066598578,1801.48440488808,1597.77340660253,1597.98888020359,2.15473601056694,53.7449925031165,53.6633810820549,53.665631459995,4.33353497875931,3.7920742335139,4.0215421039997e-05
"quadneg",16000,913,25,0,640,831.462022807265,11.5118930165271,819.950129790738,637.897863256594,637.981931359328,2.10170256834063,35.0741049683164,35.0542200497818,35.0542436803306,5.51871985687229,5.19104969880916,3.40139343374273e-07
"quadneg",16000,913,25,1,640,873.858967005706,11.6672655745389,862.191701431168,637.869354240111,637.953341322984,2.09967707181244,35.072598300071,35.0525893468756,35.0542436803306,6.72860364511738,6.3971981610018,1.36187745870125e-09
"quadneg",16000,913,50,0,320,542.669858611411,5.75997093745813,536.909887673953,317.916424469009,317.958078871722,2.08272013561951,25.0508518214933,25.0438945977949,25.0439613479976,8.97188789203433,8.74272202141876,5.76418123556431e-14
"quadneg",16000,913,50,1,320,527.652543106234,5.83503993804795,521.817503168186,317.901716490774,317.943354700998,2.08191051121261,25.049696664286,25.0426950044447,25.0439613479976,8.37338788674865,8.1410626304798,1.29693317939466e-12
"quadneg",16000,914,2,0,8000,8144.95003986758,181.044032030189,7963.90600783739,7997.47443971781,7998.73719437316,2.52550931070896,90.7270551767549,89.4427185874391,89.4427190999916,1.62548646445604,-0.389424506386408,0.123002046175001
"quadneg",16000,914,2,1,8000,8312.38722692554,182.340827484535,8130.04639944101,7997.16011337883,7998.42048116426,2.52073557086329,90.7296498734331,89.4412250117206,89.4427190999916,3.47435611166197,1.47164708734141,0.00696291680033746
"quadneg",16000,914,5,0,3200,3423.65144723213,72.4313604119805,3351.22008682015,3197.75307237358,3198.20243512599,2.24681376202252,71.8124173244467,71.5541727757739,71.5541752799933,3.14567289718083,2.13848676825138,0.00283694906158824
"quadneg",16000,914,5,1,3200,3404.94025306646,73.8529350044748,3331.08731806198,3197.55498324442,3198.00367449723,2.2434562640125,71.8101373516723,71.5503246758544,71.5541752799933,2.88796648315009,1.86000055440235,0.00551010613529104
"quadneg",16000,914,10,0,1600,1809.47077467361,36.209667369799,1773.26110730381,1597.84488734621,1598.06037826601,2.15490919805764,53.7517911951051,53.6656246926987,53.665631459995,3.93709460879643,3.26467324364588,0.000159731766535512
"quadneg",16000,914,10,1,1600,1865.96790983785,36.7973075143087,1829.17060232354,1597.73718829777,1597.95212759086,2.14939293094993,53.7488631104915,53.6620718527026,53.665631459995,4.99044456044916,4.30878769212169,3.24241118848318e-06
"quadneg",16000,914,25,0,640,885.444024617327,14.4286751497254,871.015349467602,637.900467287311,637.984430191679,2.09907260919729,35.0753332092394,35.0542185584539,35.0542436803306,7.05748270025869,6.64772825807932,2.64980184016886e-10
"quadneg",16000,914,25,1,640,829.692128185063,14.7331209666432,814.95900721842,637.855603657024,637.939432359907,2.09571757208137,35.0729240659279,35.0516414608408,35.0542436803306,5.46964730307164,5.05025064393278,4.2120454773801e-07
"quadneg",16000,914,50,0,320,590.899713145371,7.19630047891011,583.703412666461,317.91758512494,317.95921552207,2.08151985650212,25.0512786327406,25.0438914069109,25.0439613479976,10.8969339259058,10.611138374089,1.21642379631657e-18
"quadneg",16000,914,50,1,320,563.302039759251,7.32901394787304,555.973025811378,317.897301897483,317.938845820887,2.07719617018072,25.0494363831795,25.0419884331464,25.0439613479976,9.79681674700494,9.50540252128786,6.60949324931933e-16
"quadneg",16000,915,2,0,8000,8239.27087003316,134.500461095089,8104.77040893807,7997.47401812969,7998.73698431353,2.525932367664,90.5457710124316,89.4427186321132,89.4427190999916,2.6704378260832,1.18548973293924,0.0291086225814113
"quadneg",16000,915,2,1,8000,8199.073692665,133.618942124746,8065.45475054025,7997.30482604157,7998.56907674945,2.52850141574795,90.5405154336907,89.4419754223876,89.4427190999916,2.22849257768134,0.747810784309445,0.0568299123846954
"quadneg",16000,915,5,0,3200,3460.9722388105,53.7779021436597,3407.19433666684,3197.74894174045,3198.19913231291,2.25095286230698,71.7757994538996,71.5541730291372,71.5541752799933,3.6672987145077,2.92079686629631,0.000662700250056993
"quadneg",16000,915,5,1,3200,3560.16965106993,53.169976074984,3506.99967499494,3197.64531443989,3198.09497233821,2.24828949159614,71.772461575421,71.5521517713134,71.5541752799933,5.05102275542101,4.31719654838632,6.03499127728502e-06
"quadneg",16000,915,10,0,1600,1911.29557757576,26.8736181772225,1884.42195939854,1597.84729140781,1598.06254315178,2.15251743970329,53.7395630970016,53.6656251693612,53.665631459995,5.83272859145065,5.33599329818752,8.57942380627485e-08
"quadneg",16000,915,10,1,1600,1982.2105655398,26.6083408332226,1955.60222470658,1597.7857382398,1598.00116794603,2.15429706235127,53.7372120699659,53.6637532005272,53.665631459995,7.15379180444794,6.66373549058867,1.23638476688809e-10
"quadneg",16000,915,25,0,640,919.272713433537,10.749252745276,908.523460688261,637.903030673103,637.986892042717,2.09653424033991,35.0723369461232,35.0542200186001,35.0542436803306,8.02255302213432,7.71766048430102,1.65323208583815e-12
"quadneg",16000,915,25,1,640,929.911357536525,10.5981343681166,919.313223168409,637.873114243973,637.957157346028,2.10107755139006,35.0708596711689,35.0528647837208,35.0542436803306,8.32709109587728,8.02662114946585,3.06703600148402e-13
"quadneg",16000,915,50,0,320,592.052168071218,5.38466641309394,586.667501658124,317.922402555576,317.963937892664,2.07676685441605,25.0502348698803,25.0438965579635,25.0439613479976,10.9432014086721,10.7293033711248,9.28088516287977e-19
"quadneg",16000,915,50,1,320,629.262583272351,5.28868198589063,623.97390128646,317.907785142366,317.949353788956,2.078432329523,25.0491902838956,25.0428952303012,25.0439613479976,12.42973503739,12.2200146861303,1.10238332789289e-22
"quadneg",16000,916,2,0,8000,8260.37593964751,171.119805091682,8089.25613455583,7997.4688623866,7998.73440512445,2.53108547570132,90.8444378140341,89.4427185746749,89.4427190999916,2.89403604213067,1.0120637081911,0.0198181379565385
"quadneg",16000,916,2,1,8000,8146.71117523354,171.198422625025,7975.51275260852,7997.47244246237,7998.73544282835,2.52600073196311,90.8448133197974,89.4427113789718,89.4427190999916,1.64278759917544,-0.259637592172716,0.120224428253489
"quadneg",16000,916,5,0,3200,3454.81588901358,68.4616602343784,3386.35422877921,3197.75203567753,3198.2016055035,2.24784912988389,71.8361569377889,71.5541727733597,71.5541752799933,3.57847446598066,2.62951294079879,0.000852441552553029
"quadneg",16000,916,5,1,3200,3468.85364094434,68.529300823811,3400.32434012053,3197.75220351643,3198.20154667817,2.24671580867313,71.8362643455679,71.5541542378068,71.5541752799933,3.77387994625916,2.8247527428054,0.000476821509609881
"quadneg",16000,916,10,0,1600,1829.26551864702,34.2391710704836,1795.02634757654,1597.84343097451,1598.05906781425,2.15636839743483,53.7597214525232,53.6656248157193,53.665631459995,4.30474863745139,3.67026901184228,4.42274696016177e-05
"quadneg",16000,916,10,1,1600,1842.75030373031,34.2757716105803,1808.47453211973,1597.84638740934,1598.06167525775,2.15287848404341,53.7597514834566,53.6656080412827,53.665631459995,4.555525454695,3.92081380499997,1.75320989434368e-05
"quadneg",16000,916,25,0,640,848.92628030901,13.6869859185737,835.239294390436,637.901863132443,637.985770317193,2.09767961874562,35.0772782998516,35.0542187657634,35.0542436803306,6.01598605720385,5.62709799329191,3.83627719887468e-08
"quadneg",16000,916,25,1,640,859.626212728816,13.701891668573,845.924321060243,637.903112464679,637.986960624653,2.09620399935302,35.0772783648953,35.054206668843,35.0542436803306,6.32098927281751,5.93188037030686,9.449297179297e-09
"quadneg",16000,916,50,0,320,531.443443819125,6.86435507549627,524.579088743628,317.920287289727,317.961863848988,2.07882796301283,25.0519602784855,25.0438922436415,25.0439613479976,8.52321152340201,8.25020419687758,5.97796679482712e-13
"quadneg",16000,916,50,1,320,544.546969982372,6.87738025327687,537.669589729095,317.92247627588,317.964006722458,2.07652232886937,25.0519557782711,25.0438832192222,25.0439613479976,9.0461796960002,8.77282412968625,3.87320620379839e-14
"quadneg",16000,917,2,0,8000,8231.41609243866,144.824105596368,8086.59198684229,7997.46458829945,7998.73226767478,2.53535875065833,91.00973029858,89.4427185499158,89.4427190999916,2.57062078276327,0.982301528754185,0.0333900367357033
"quadneg",16000,917,2,1,8000,8044.87446503874,145.866074390838,7899.0083906479,7997.43498787637,7998.69882927267,2.52768279261414,91.0114260039669,89.4425343126194,89.4427190999916,0.521247487763856,-1.11457529005534,0.35376756997823
"quadneg",16000,917,5,0,3200,3396.38115754059,57.9274357859653,3338.45372175462,3197.74847513638,3198.19875676005,2.25140811838323,71.8696233074943,71.5541727217508,71.5541752799933,2.76379189514269,1.96012279451503,0.00735743625127115
"quadneg",16000,917,5,1,3200,3331.78771282109,58.2922112641027,3273.49550155699,3197.72070685749,3198.17184008989,2.25566616200394,71.8698021738268,71.5537202740739,71.5541752799933,1.86541498527219,1.05268686489797,0.0486181941062517
"quadneg",16000,917,10,0,1600,1736.81255741288,28.9611434686953,1707.85141394419,1597.84372517799,1598.05933194511,2.15606767123385,53.7709019077667,53.6656245839922,53.665631459995,2.58446161965567,2.04585491830508,0.00821035272663076
"quadneg",16000,917,10,1,1600,1751.95881537933,29.1529500311799,1722.80586534815,1597.82649206106,1598.04249866293,2.16006601864252,53.7707266282009,53.6652082783573,53.665631459995,2.86647276284775,2.32484640771518,0.00399863094883665
"quadneg",16000,917,25,0,640,820.690261997143,11.562011140166,809.128250856977,637.902999925609,637.986861240949,2.09653288351684,35.080019515079,35.0542181809097,35.0542436803306,5.21058039870714,4.88219103141289,1.22274810258987e-06
"quadneg",16000,917,25,1,640,825.200248897311,11.6366663405095,813.563582556802,637.894809637977,637.978772855792,2.09908044537329,35.0797815417416,35.053916292507,35.0542436803306,5.33941293324357,5.00899266820416,7.20124054550818e-07
"quadneg",16000,917,50,0,320,508.830166924707,5.7461816446628,503.083985280044,317.919654644225,317.961243332731,2.07943442526842,25.0529179937485,25.0438901508641,25.0439613479976,7.62029047187713,7.39193235683978,5.38519368235121e-11
"quadneg",16000,917,50,1,320,528.081968542332,5.80154781952624,522.280420722806,317.915762106007,317.957371371949,2.08046329711202,25.0527191290613,25.0436686151578,25.0439613479976,8.38895791525205,8.15867085971539,1.18846562058774e-12
"quadneg",16000,918,2,0,8000,8222.99124918653,156.826269681121,8066.1649795054,7997.46356172894,7998.7317556749,2.53638789191298,90.653407672959,89.4427186248571,89.4427190999916,2.48780154267558,0.753926366139843,0.0385487825677562
"quadneg",16000,918,2,1,8000,8229.43754754704,156.22544033194,8073.2121072151,7997.25778721988,7998.52663174572,2.5376890516751,90.6470582095589,89.441764695882,89.4427190999916,2.56136012478651,0.835017910517884,0.0345471043981967
"quadneg",16000,918,5,0,3200,3455.98688882976,62.7803306754106,3393.20655815435,3197.7519894548,3198.20156979061,2.24790167904016,71.7975342192052,71.5541729376594,71.5541752799933,3.59670986174174,2.72527765129271,0.000812872953518693
"quadneg",16000,918,5,1,3200,3363.21374277223,61.9308708269783,3301.28287194526,3197.61999029031,3198.06932100766,2.24665358674962,71.7933988618685,71.5516277849607,71.5541752799933,2.30653173003447,1.44250458211498,0.0206961504300581
"quadneg",16000,918,10,0,1600,1755.37790151441,31.383299530722,1723.99460198368,1597.84509795176,1598.06056872985,2.15470778085124,53.7468208784656,53.6656250520477,53.665631459995,2.93101621617519,2.3466424388368,0.00337388876313906
"quadneg",16000,918,10,1,1600,1796.64640799311,30.9057446124318,1765.74066338067,1597.77106108951,1597.98645724664,2.15396157136971,53.743897700456,53.6632789451014,53.665631459995,3.70042656772013,3.12605210549372,0.000349970961839819
"quadneg",16000,918,25,0,640,846.779519605249,12.5338314731794,834.24568813207,637.903734041645,637.987567006638,2.09582412482578,35.0741159615581,35.054219619734,35.0542436803306,5.95526871703725,5.59870176128373,5.05214664003151e-08
"quadneg",16000,918,25,1,640,799.528832850671,12.3750653269846,787.153767523686,637.869465544553,637.953393933708,2.09820972886689,35.0722648375762,35.052515686283,35.0542436803306,4.60932215398069,4.25648118740774,1.29595084378225e-05
"quadneg",16000,918,50,0,320,530.330553023566,6.2558808172427,524.074672206324,317.92126287479,317.962820494105,2.0778809657038,25.0508556506243,25.0438945360306,25.0439613479976,8.47912315296434,8.23002394518498,7.51022616970809e-13
"quadneg",16000,918,50,1,320,516.986019143669,6.18614380803917,510.79987533563,317.904771890398,317.94633319684,2.07806532209503,25.0495424579099,25.0426335307158,25.0439613479976,7.94750034208338,7.70100883767866,1.09841241329117e-11
"quadneg",16000,919,2,0,8000,8380.28247497149,158.624722964292,8221.6577520072,7997.47026478099,7998.73510743768,2.52968531337047,90.8856723402999,89.4427186075609,89.4427190999916,4.21201934620837,2.49235094862911,0.00143664167149724
"quadneg",16000,919,2,1,8000,8424.2204181238,159.386216533466,8264.83420159033,7997.35930616247,7998.62767354743,2.53673476992364,90.888093254509,89.442217017163,89.4427190999916,4.69655701507581,2.97629617110025,0.00045467281353753
"quadneg",16000,919,5,0,3200,3469.29349151096,63.4206555590899,3405.87283595187,3197.74233143263,3198.19384239781,2.25755482590438,71.8445016147886,71.5541728156479,71.5541752799933,3.77970692224037,2.90240226924458,0.000468035802660122
"quadneg",16000,919,5,1,3200,3521.95205236236,64.1496795482187,3457.80237281414,3197.67478246162,3198.1265272931,2.25872415739873,71.844260903715,71.5529003015846,71.5541752799933,4.51361411227178,3.62914493230256,4.25237044802678e-05
"quadneg",16000,919,10,0,1600,1788.40888694208,31.702323730113,1756.70656321197,1597.83597469224,1598.05235734046,2.16382648223581,53.762508927704,53.6656248727287,53.665631459995,3.54471761178615,2.95634693992223,0.000567784469454563
"quadneg",16000,919,10,1,1600,1873.42202992121,32.2244755092163,1841.197554412,1597.80013284876,1598.0163485951,2.16215746341357,53.7617330198111,53.6644460153118,53.665631459995,5.12673014039357,4.53151432416752,1.83932049223358e-06
"quadneg",16000,919,25,0,640,885.624350060372,12.6681681321322,872.95618192824,637.892281885563,637.976572380601,2.10726237595575,35.0779621208395,35.0542188488709,35.0542436803306,7.06232783197041,6.70331895172745,2.58205426092222e-10
"quadneg",16000,919,25,1,640,904.077211029644,12.8317343786398,891.245476651004,637.877727936183,637.961959882769,2.10579866463351,35.0772124221818,35.0533622819272,35.0542436803306,7.58895775096211,7.22565540877725,1.70615705179666e-11
"quadneg",16000,919,50,0,320,556.16832181179,6.32997946867467,549.838342343115,317.910410626019,317.952185130863,2.08872524215209,25.0522017127755,25.043893888406,25.0439613479976,9.51045795963991,9.25918941541289,3.17408641009514e-15
"quadneg",16000,919,50,1,320,554.440047742404,6.39285947546388,548.04718826694,317.903246561312,317.945000249154,2.08768439208125,25.0516052779943,25.0432592075007,25.0439613479976,9.44198180341239,9.18818857047443,4.62452985508514e-15
"quadneg",16000,920,2,0,8000,8230.00071134531,166.505201490625,8063.49550985468,7997.46557361537,7998.73276208659,2.53437694243831,90.5514694518052,89.4427186318036,89.4427190999916,2.56798856095544,0.724069535885843,0.0342144380646157
"quadneg",16000,920,2,1,8000,8428.68573599609,162.955800762768,8265.72993523332,7996.84628955411,7998.11372552726,2.53487194629316,90.5376037940692,89.4398691522662,89.4427190999916,4.7697247148733,2.99213552348184,0.000402208963872096
"quadneg",16000,920,5,0,3200,3462.70572596403,66.6275090398357,3396.0782169242,3197.75253790455,3198.20200866627,2.24735380857725,71.7769495668002,71.5541729599328,71.5541752799933,3.69134087835397,2.76540416963146,0.000616821640265433
"quadneg",16000,920,5,1,3200,3482.33702020874,64.8542022701206,3417.48281793862,3197.35142096553,3197.80131194093,2.24945487697795,71.7662486858156,71.5465573893419,71.5541752799933,3.97102543969991,3.07046927222822,0.000266717897573653
"quadneg",16000,920,10,0,1600,1933.8470762587,33.298372585512,1900.54870367318,1597.84474459812,1598.06025074682,2.15506148703551,53.7399467962813,53.6656250682812,53.665631459995,6.25237559192799,5.63654019759376,1.19767407321812e-08
"quadneg",16000,920,10,1,1600,1950.61918755909,32.416704102982,1918.2024834561,1597.61727961468,1597.83319225961,2.15912644927458,53.7318538206101,53.6586204360594,53.665631459995,6.56969530816757,5.97050927871424,2.58703161476775e-09
"quadneg",16000,920,25,0,640,964.605726605222,13.3328978080892,951.272828797133,637.902705136036,637.986579286914,2.09685377193192,35.0724308613536,35.0542196758202,35.0542436803306,9.31509488922195,8.93719079778342,9.55867534493261e-16
"quadneg",16000,920,25,1,640,973.955256497776,12.9477123724663,961.00754412531,637.802875473145,637.886912674971,2.1009300456592,35.0670378568603,35.0491030435758,35.0542436803306,9.58599304557083,9.21908418165822,1.88189076910273e-16
"quadneg",16000,920,50,0,320,636.524360959511,6.66673422931711,629.857626730194,317.923627220256,317.965137714072,2.07552469077404,25.0502666295798,25.0438951845167,25.0439613479976,12.718456791316,12.4538330286955,1.76986741858332e-23
"quadneg",16000,920,50,1,320,646.812694515135,6.47088309260525,640.34181142253,317.869463282163,317.911079616681,2.08081672586541,25.046389902844,25.0401161037162,25.0439613479976,13.1333590393249,12.8765669643999,1.28082538782632e-24
"quadneg",16000,921,2,0,8000,8209.21090079159,130.657656230902,8078.55324456068,7997.46633066665,7998.73314129299,2.5336212526802,90.5515449132497,89.4427186534407,89.4427190999916,2.3383871620058,0.892415888843535,0.0483808960287871
"quadneg",16000,921,2,1,8000,8123.71228753326,128.210563622897,7995.50172391036,7996.65478959856,7997.91975040575,2.52992161437537,90.5346083700556,89.4389811846226,89.4427190999916,1.40341356992846,-0.0270354879199581,0.16009416305125
"quadneg",16000,921,5,0,3200,3272.5236740423,52.2791031759993,3220.2445708663,3197.75738356907,3198.20588524748,2.24250839205512,71.7769655901903,71.5541729762558,71.5541752799933,1.04164741234822,0.308000004781441,0.175405924816594
"quadneg",16000,921,5,1,3200,3336.49224067658,50.5411644155332,3285.95107626105,3197.22885733267,3197.67924314574,2.25192906537896,71.7634762425788,71.5442768563307,71.5541752799933,1.94058859235257,1.23380704920065,0.0431161574907064
"quadneg",16000,921,10,0,1600,1719.37266185025,26.1375781833607,1693.23508366689,1597.84964726181,1598.06466317082,2.150159090107,53.7399524463464,53.6656251057873,53.665631459995,2.26131600525261,1.77339629061365,0.0175769634306154
"quadneg",16000,921,10,1,1600,1785.16685451464,25.0717208661305,1760.09513364851,1597.5538054393,1597.76900083159,2.15195392298314,53.7294746450695,53.656409793948,53.665631459995,3.49180873840086,3.02528874817154,0.00068395394156817
"quadneg",16000,921,25,0,640,801.817062306302,10.4667297257329,791.350332580569,637.904751714304,637.988544235531,2.09481303066315,35.0724327247655,35.0542200275292,35.0542436803306,4.67353695930696,4.37498789659559,1.01404308608964e-05
"quadneg",16000,921,25,1,640,838.810671151872,10.0385723350886,828.772098816784,637.774408771302,637.858426837103,2.10045164501346,35.0654532684292,35.0475576499992,35.0542436803306,5.73317164451346,5.44727463996868,1.37984863822131e-07
"quadneg",16000,921,50,0,320,528.355619985139,5.22490865322642,523.130711331913,317.922106050307,317.963647019378,2.0770484535342,25.0502674581811,25.0438954312162,25.0439613479976,8.40044978705834,8.19229839367572,1.12406683971378e-12
"quadneg",16000,921,50,1,320,517.515700255567,5.01248738183652,512.50321287373,317.855418277718,317.897020310475,2.08010163785111,25.0452349266777,25.038975147171,25.0439613479976,7.97198678959782,7.77213090469649,9.89345996712837e-12
"quadneg",16000,922,2,0,8000,8202.29251367074,134.469773252969,8067.82274041777,7997.46664201828,7998.73329567895,2.53330732134632,90.9379851596457,89.4427185922837,89.4427190999916,2.25236870261509,0.772443479203231,0.0540288893477016
"quadneg",16000,922,2,1,8000,8158.50903661454,134.494157900576,8024.01487871397,7997.30772691818,7998.57259214703,2.52973045770671,90.9318133525028,89.4419057339079,89.4427190999916,1.77277130800697,0.284455998093596,0.102762852213613
"quadneg",16000,922,5,0,3200,3372.37591276347,53.7722744260274,3318.60363833744,3197.74564257792,3198.19649103198,2.25424227029266,71.8550918492809,71.5541727646606,71.5541752799933,2.43031169665536,1.68274109885223,0.0157671582661784
"quadneg",16000,922,5,1,3200,3375.14249538656,53.2402850637211,3321.90221032284,3197.65130549181,3198.10013785832,2.24416183251134,71.8514734881164,71.5521608387159,71.5541752799933,2.47025121793927,1.73023527191005,0.0144940867770087
"quadneg",16000,922,10,0,1600,1768.73469750043,26.9031638926606,1741.83153360777,1597.83879415227,1598.05489445163,2.16100299351578,53.7660469385172,53.6656247129092,53.665631459995,3.17850973019431,2.67911982624445,0.00169232540900888
"quadneg",16000,922,10,1,1600,1848.55633435997,26.6624696411042,1821.89386471887,1597.78781779888,1598.00316765425,2.15349855364323,53.7636264558397,53.6637846329333,53.665631459995,4.66427830658085,4.17210039500679,1.16248597958664e-05
"quadneg",16000,922,25,0,640,801.137672358574,10.7549848541764,790.382687504398,637.898359601785,637.982407126581,2.10118811990324,35.0788296361009,35.054219006726,35.0542436803306,4.65349940263666,4.34755885870898,1.09093165518062e-05
"quadneg",16000,922,25,1,640,828.687500763186,10.6377240798324,818.049776683354,637.875455617269,637.959423547497,2.09919825570441,35.077348255155,35.0528870783524,35.0542436803306,5.43975113962258,5.13767532852024,4.75249855883618e-07
"quadneg",16000,922,50,0,320,474.404629161977,5.41817338984501,468.986455772132,317.914126190208,317.95582608684,2.08499483160631,25.0525038768701,25.0438927042189,25.0439613479976,6.24650149705195,6.03063714850724,2.82795254075705e-08
"quadneg",16000,922,50,1,320,513.950288581061,5.31474463867152,508.63554394239,317.905528033199,317.947145976434,2.08089716177583,25.0514682044978,25.0429103379842,25.0439613479976,7.82567947505225,7.61446634565973,1.99394761041968e-11
"quadneg",16000,923,2,0,8000,8281.08803804866,168.229065400454,8112.85897264821,7997.4719825187,7998.73596698487,2.52796893234201,90.6467009356982,89.4427186468615,89.4427190999916,3.12880725500585,1.27593399876309,0.0132887643038953
"quadneg",16000,923,2,1,8000,8363.56274865673,166.270038963449,8197.29270969329,7996.92953101444,7998.18850496322,2.51794789756941,90.634241104601,89.440147213429,89.4427190999916,4.04519542695971,2.22611669293147,0.00216719493693299
"quadneg",16000,923,5,0,3200,3357.16493001968,67.299746041393,3289.86518397829,3197.76623367175,3198.21296544931,2.23365888780977,71.7961800222745,71.5541729745917,71.5541752799933,2.22015567260657,1.28087873451525,0.0246264979435251
"quadneg",16000,923,5,1,3200,3320.63643440554,65.29711109049,3255.33932331505,3197.40994676695,3197.85850101643,2.24277124736151,71.7868406172883,71.5475387591658,71.5541752799933,1.71656095433332,0.803393426182116,0.0639331291550342
"quadneg",16000,923,10,0,1600,1802.93005543582,33.6574779876441,1769.27257744818,1597.8574478382,1598.07168381938,2.14235981181357,53.7463691115516,53.6656251304449,53.665631459995,3.81556207400705,3.19014067594772,0.000239424890842445
"quadneg",16000,923,10,1,1600,1778.91737459963,32.5391966121954,1746.37817798743,1597.65524165572,1597.87021341329,2.14971757576116,53.7393010950713,53.659512939155,53.665631459995,3.3729901440891,2.76759807235923,0.000972477978441486
"quadneg",16000,923,25,0,640,904.427881625835,13.4500563072873,890.977825318548,637.912912988143,637.996378812724,2.08664561451119,35.0740053214203,35.0542196654837,35.0542436803306,7.59864652455095,7.21686144835006,1.61825996177347e-11
"quadneg",16000,923,25,1,640,844.111760664608,13.0439692008838,831.067791463724,637.822258383862,637.906030276439,2.09429731442853,35.0693285390003,35.0497838258344,35.0542436803306,5.88233396175046,5.51106854601796,7.09369344697033e-08
"quadneg",16000,923,50,0,320,581.046202212586,6.70475088655796,574.341451326028,317.929079822469,317.970481048683,2.07006131069307,25.0508167531291,25.0438943506338,25.0439613479976,10.5033350801726,10.2368651890937,1.19990510980238e-17
"quadneg",16000,923,50,1,320,543.089768814318,6.53295540493772,536.55681340938,317.884625701237,317.926064178302,2.07192385325747,25.0474375984594,25.0406006561335,25.0439613479976,8.99114499149138,8.73105051405892,5.27449781152868e-14
"quadneg",16000,924,2,0,8000,8333.22721378149,158.593761256451,8174.63345252504,7997.46688915316,7998.73342035475,2.5330624031665,90.6384121211018,89.4427186494954,89.4427190999916,3.70439327842282,1.96662215579116,0.00440117592749547
"quadneg",16000,924,2,1,8000,8402.86620033015,157.989884392789,8244.87631593736,7997.0214487114,7998.28490995264,2.52692248248235,90.6277830351067,89.4406576216889,89.4427190999916,4.47814939334379,2.75703927656417,0.000805456023038464
"quadneg",16000,924,5,0,3200,3387.31420634963,63.4233381313421,3323.89086821829,3197.75591969223,3198.20471378156,2.2439704466313,71.7945053653533,71.5541729139967,71.5541752799933,2.64028961120018,1.75651746527482,0.00989508961819426
"quadneg",16000,924,5,1,3200,3527.32948480863,62.643047817967,3464.68643699067,3197.46789970559,3197.91647153715,2.24285915778088,71.786614336251,71.548666129396,71.5541752799933,4.59502914509883,3.72851067511259,3.26562678307788e-05
"quadneg",16000,924,10,0,1600,1764.61550766989,31.6914493778674,1732.92405829202,1597.85079475274,1598.06569574191,2.14900989172932,53.7458094026013,53.6656250152936,53.665631459995,3.10284122186987,2.51293751841481,0.00210295357315684
"quadneg",16000,924,10,1,1600,1871.69556227418,31.2142368100547,1840.48132546412,1597.6837634661,1597.89923918015,2.15475714050512,53.7399025784498,53.6605698312499,53.665631459995,5.09885179654115,4.52067667277545,2.09966567901743e-06
"quadneg",16000,924,25,0,640,807.289501888448,12.6808805891833,794.608621299265,637.906643305531,637.990359979525,2.09291684983516,35.0738684500794,35.0542197388717,35.0542436803306,4.8293178388349,4.46788610576506,5.58445479513986e-06
"quadneg",16000,924,25,1,640,900.768906354245,12.4314106296574,888.337495724588,637.835304375648,637.919104851785,2.09501190341633,35.0699545456657,35.0505206032514,35.0542436803306,7.49740355768704,7.14449847143134,2.8037237727575e-11
"quadneg",16000,924,50,0,320,530.281980307048,6.30941921993667,523.972561087111,317.926615228386,317.968066080483,2.07254260483592,25.0507702817926,25.0438956431285,25.0439613479976,8.47699941717985,8.2257368399134,7.58527967171416e-13
"quadneg",16000,924,50,1,320,569.97907087276,6.21400592039309,563.765064952367,317.886256897215,317.927810476041,2.07767894125708,25.0479711126381,25.0411724038178,25.0439613479976,10.0644005393455,9.81732206910751,1.48803221477495e-16
"quadneg",16000,925,2,0,8000,8287.01302925166,170.289415026487,8116.72361422517,7997.47963764928,7998.73979324631,2.52031119405385,90.7044961909249,89.4427185809257,89.4427190999916,3.19205115249125,1.31909922742472,0.0118045729958118
"quadneg",16000,925,2,1,8000,8285.40471794775,170.022202647313,8115.38251530044,7997.23360356361,7998.49698284446,2.52675856169863,90.6970798322864,89.4415731890483,89.4427190999916,3.17729209051728,1.30683672355494,0.0121924314826307
"quadneg",16000,925,5,0,3200,3450.62079820416,68.0881960552711,3382.53260214889,3197.76397076311,3198.21115432544,2.23591781166459,71.8078582756499,71.5541728728128,71.5541752799933,3.52129743892945,2.57597063068679,0.00100927160780954
"quadneg",16000,925,5,1,3200,3445.68013791419,67.8438093458637,3377.83632856833,3197.59861627937,3198.04846526369,2.24924492155982,71.8031484992005,71.5512630216186,71.5541752799933,3.45502288994449,2.51271404182375,0.0012279213797239
"quadneg",16000,925,10,0,1600,1864.58525864447,34.0019669177527,1830.58329172672,1597.85284267894,1598.06753855599,2.14695877050539,53.7502683153175,53.6656249075719,53.665631459995,4.96243878078496,4.33267577841842,3.59715206337498e-06
"quadneg",16000,925,10,1,1600,1840.10272868492,33.8241672854447,1806.27856139948,1597.76295426389,1597.97804186846,2.15087604568342,53.7469203100647,53.6629266456476,53.665631459995,4.50890531072254,3.88164665163512,2.10923895793667e-05
"quadneg",16000,925,25,0,640,893.019559037588,13.6076837215325,879.411875316056,637.905247074783,637.989019286256,2.09430528683615,35.0749614261344,35.054219296369,35.0542436803306,7.27340249539717,6.88712688160783,8.82939154610864e-11
"quadneg",16000,925,25,1,640,880.946321842763,13.5281856369831,867.41813620578,637.864832238625,637.948756684311,2.09811114212779,35.0728371433665,35.052262299524,35.0542436803306,6.9307620769457,6.54649270739324,5.0345997520284e-10
"quadneg",16000,925,50,0,320,571.668457844035,6.75608165131566,564.912376192719,317.921918862833,317.963463381118,2.07722591424457,25.0511516910041,25.0438945964917,25.0439613479976,10.1291366605042,9.86064335401714,1.01696467283233e-16
"quadneg",16000,925,50,1,320,541.813078942232,6.73626338127512,535.076815560956,317.899402449875,317.941023223408,2.08103867667463,25.0496458693344,25.0424480249308,25.0439613479976,8.93879608759141,8.67070951375761,6.90691128539312e-14
"quadneg",16000,926,2,0,8000,8334.06709861041,149.082410846062,8184.98468776435,7997.46656661761,7998.73325814887,2.53338306250896,90.6188634508621,89.4427186105216,89.4427190999916,3.71446428673559,2.08235429902922,0.00431849724163702
"quadneg",16000,926,2,1,8000,8191.57199289303,148.34637675086,8043.22561614217,7997.44970833788,7998.71695280596,2.53448893615552,90.6173898332856,89.4426425779677,89.4427190999916,2.14221889322012,0.497622409774179,0.0638047179175697
"quadneg",16000,926,5,0,3200,3458.1833310486,59.5956548813161,3398.58767616728,3197.74777881406,3198.1982009918,2.25211088871898,71.7905567201076,71.5541728951034,71.5541752799933,3.62771322765908,2.80052814626548,0.000743199840941456
"quadneg",16000,926,5,1,3200,3406.27576407904,59.2929234650572,3346.98284061398,3197.73481600244,3198.18581582858,2.25499913070074,71.7899355598181,71.5539801455041,71.5541752799933,2.90487721503569,2.07950731018487,0.00526271359438476
"quadneg",16000,926,10,0,1600,1917.70125125268,29.8021148531123,1887.89913639957,1597.84244758929,1598.05818279933,2.15735210039811,53.7444904411077,53.6656248378911,53.665631459995,5.95147150969627,5.40086795738935,4.95730033415715e-08
"quadneg",16000,926,10,1,1600,1789.94112242017,29.6488899206376,1760.29223249953,1597.83077838731,1598.04711575484,2.16337367531152,53.7441540618564,53.665447545274,53.665631459995,3.57453470775173,3.02326961137923,0.000519527384820289
"quadneg",16000,926,25,0,640,890.57290356837,11.937814497888,878.635089070482,637.897806247581,637.981875699031,2.10173628625573,35.0735441172913,35.0542187599163,35.0542436803306,7.2041506976257,6.86517120862589,1.26222819926706e-10
"quadneg",16000,926,25,1,640,848.441989583282,11.8785157584902,836.563473824792,637.891490573597,637.975716605228,2.10565079077537,35.0733739545851,35.0540903900767,35.0542436803306,6.00314356076256,5.66518072526512,4.08279163010958e-08
"quadneg",16000,926,50,0,320,572.12150135482,5.99382557315015,566.12767578167,317.916589643773,317.958240108627,2.08252324269329,25.0506533557508,25.043892103349,25.0439613479976,10.1476359957969,9.90937968622922,9.18070315233486e-17
"quadneg",16000,926,50,1,320,548.688459096263,5.95534261362276,542.73311648264,317.915080796065,317.956737189818,2.08281968760987,25.0505445274514,25.043798315714,25.0439613479976,9.21230985806743,8.97533099648803,1.60072174428741e-14
"quadneg",16000,927,2,0,8000,8289.25878437263,148.34071789449,8140.91806647814,7997.47635600286,7998.73815261478,2.52359322384342,90.8363401330828,89.4427185834659,89.4427190999916,3.21217728435875,1.58961977134765,0.0112810031558112
"quadneg",16000,927,2,1,8000,8356.54256448194,148.769545119924,8207.77301936202,7997.334388868,7998.59788671124,2.52699568646629,90.8307058812692,89.4420500665312,89.4427190999916,3.95469981355733,2.3386665723246,0.00256427416861593
"quadneg",16000,927,5,0,3200,3420.73890397436,59.3582824696422,3361.38062150472,3197.74635469364,3198.19706003472,2.25352670539403,71.8345181646339,71.5541726851438,71.5541752799933,3.10425342827047,2.28055968431148,0.00315481231378773
"quadneg",16000,927,5,1,3200,3460.58988854151,58.8640642600478,3401.72582428146,3197.66165351243,3198.11173761728,2.25042052428974,71.8313549795237,71.552488491515,71.5541752799933,3.66035466133183,2.8456604509055,0.00067323659607565
"quadneg",16000,927,10,0,1600,1812.00593625135,29.6706734344157,1782.33526281693,1597.84153803555,1598.0573640908,2.15826055251822,53.7591734751327,53.6656247923182,53.665631459995,3.98377401235279,3.43381632915433,0.000136182164071872
"quadneg",16000,927,10,1,1600,1847.54871667084,29.47962177306,1818.06909489778,1597.79591892863,1598.01135396113,2.15435032502976,53.7570759784247,53.6640687063867,53.665631459995,4.64595205740815,4.10065330939874,1.24907757499135e-05
"quadneg",16000,927,25,0,640,863.603678400736,11.8248740172014,851.778804383535,637.899957975102,637.983941185357,2.09958025635897,35.0771438826263,35.0542184997567,35.0542436803306,6.43449538482594,6.09897673798269,5.54528682238412e-09
"quadneg",16000,927,25,1,640,872.814201131699,11.7500752997068,861.064125831992,637.87984529219,637.963787784349,2.09856230396614,35.075873437468,35.0530884757362,35.0542436803306,6.69789039632444,6.36464139820587,1.57437141156827e-09
"quadneg",16000,927,50,0,320,523.998670001744,5.94957331283287,518.049096688911,317.920483376191,317.962055873974,2.07862488916614,25.0519127976952,25.0438917024594,25.0439613479976,8.22604598258514,7.98945480167878,2.71564259337888e-12
"quadneg",16000,927,50,1,320,554.953444221084,5.8967501087508,549.056694112334,317.909396519413,317.950975310893,2.07893957402054,25.0510298895589,25.0430584309253,25.0439613479976,9.46244720263856,9.22833444800221,4.13600969841284e-15
"quadneg",16000,928,2,0,8000,8237.44251005771,167.878729129754,8069.56378092796,7997.48337064331,7998.7416599484,2.51657861018556,90.7124118570494,89.4427186062163,89.4427190999916,2.6452735022914,0.791815388476227,0.0300619065878703
"quadneg",16000,928,2,1,8000,8233.69700840006,166.653198526989,8067.04380987307,7997.4265572385,7998.69487011341,2.53662574980421,90.7102034138034,89.4425415252556,89.4427190999916,2.60467336936438,0.764165894596904,0.0320961527568919
"quadneg",16000,928,5,0,3200,3365.97282070975,67.1855756197518,3298.78724509,3197.75573951756,3198.20456925214,2.24414867291672,71.8094571751155,71.5541728665241,71.5541752799933,2.34254773409547,1.40568567573945,0.0190893317411405
"quadneg",16000,928,5,1,3200,3384.43385536057,66.662590253011,3317.77126510756,3197.71976140049,3198.17106060918,2.25649604349525,71.8083801804262,71.5537199341894,71.5541752799933,2.60017136566721,1.67147430781209,0.0108485504137307
"quadneg",16000,928,10,0,1600,1816.27510421365,33.5965780916779,1782.67852612197,1597.84827393869,1598.0634267895,2.15152850811121,53.7508024586759,53.6656249389566,53.665631459995,4.06369431308286,3.44009968285039,0.000103760965822418
"quadneg",16000,928,10,1,1600,1778.37911719881,33.3459272861941,1745.03318991262,1597.82746961256,1598.04336558207,2.15895969507641,53.7501503735879,53.6652048142209,53.665631459995,3.35909102265452,2.73901543540921,0.00100198353825452
"quadneg",16000,928,25,0,640,885.218801559572,13.4440117624728,871.774789797099,637.903472178731,637.98731540308,2.09608060871971,35.0750922128364,35.0542193304555,35.0542436803306,7.05102435312575,6.66931053834372,2.73687014807417e-10
"quadneg",16000,928,25,1,640,850.429569536533,13.3398894076308,837.089680128902,637.897897821793,637.98173333238,2.09588776467731,35.0747234377483,35.0539109846488,35.0542436803306,6.05939693557236,5.68004942112502,3.15993334375315e-08
"quadneg",16000,928,50,0,320,569.85952307602,6.73039812760422,563.129124948416,317.922361611422,317.963897198403,2.07677934905958,25.0511973062257,25.043894323148,25.0439613479976,10.0568910293955,9.7894211094561,1.5285787867426e-16
"quadneg",16000,928,50,1,320,541.638510147397,6.66476840657075,534.973741740827,317.9191876878,317.960727842781,2.07700774904027,25.0509479164242,25.0436664840765,25.0439613479976,8.93057313463655,8.66538507993743,7.16584200394437e-14
"quadneg",16000,929,2,0,8000,8356.09200707506,144.293001780228,8211.79900529483,7997.47815630362,7998.73905286265,2.52179311805594,90.8287537019337,89.4427186288327,89.4427190999916,3.94824145609518,2.38208269715423,0.00259188357748525
"quadneg",16000,929,2,1,8000,8223.3653257123,142.578936193614,8080.78638951869,7996.64499476544,7997.90959112536,2.52919271985093,90.8112011725827,89.4386725249765,89.4427190999916,2.49661195997171,0.926632697619518,0.0383066117465753
"quadneg",16000,929,5,0,3200,3456.44297835363,57.7032598429452,3398.73971851069,3197.75333668776,3198.20264651763,2.24654914935361,71.8329834789801,71.5541728270897,71.5541752799933,3.60126545128915,2.80259087723166,0.000797926578016996
"quadneg",16000,929,5,1,3200,3363.20604944673,56.6029430035565,3306.60310644317,3197.22381768276,3197.67383471188,2.25008514558568,71.8191825828977,71.5440676220034,71.5541752799933,2.31111279458501,1.52254792538238,0.0207007875006064
"quadneg",16000,929,10,0,1600,1899.76881908744,28.8442952286453,1870.9245238588,1597.84680106549,1598.06210110611,2.1530004062204,53.7586614766518,53.6656249254054,53.665631459995,5.61624880026237,5.0844916672817,2.25250097082964e-07
"quadneg",16000,929,10,1,1600,1783.17716130519,28.3430523348731,1754.83410897032,1597.54696837142,1597.76270148504,2.15733113625371,53.7480627341881,53.6563330869643,53.665631459995,3.453709463945,2.92736007939083,0.000765805718014799
"quadneg",16000,929,25,0,640,858.945464830226,11.5402511583531,847.405213671873,637.906067253894,637.989806896244,2.09349105874528,35.0770192640262,35.0542196398176,35.0542436803306,6.30154449306422,5.97404275226703,1.03450423861511e-08
"quadneg",16000,929,25,1,640,859.190233832522,11.2116276040892,847.978606228433,637.7749449372,637.858872681737,2.09819361342625,35.0699278633014,35.0474575283261,35.0542436803306,6.3135370497018,5.99529176622508,1.00138119319423e-08
"quadneg",16000,929,50,0,320,560.152755915997,5.7686606236655,554.384095292331,317.923918899493,317.965423201617,2.07521510620276,25.0518710655141,25.0438937817117,25.0439613479976,9.66909163722908,9.44017228915733,1.32538916348906e-15
"quadneg",16000,929,50,1,320,529.714266527644,5.58918403146504,524.125082496179,317.857121005766,317.898666825811,2.07729100224592,25.046747516212,25.0388865925423,25.0439613479976,8.45846932360174,8.23624544598526,8.51932858306889e-13
"quadneg",16000,930,2,0,8000,8204.06149174927,136.372920717012,8067.68857103226,7997.45825732042,7998.72910335216,2.54169206348128,90.8329177526878,89.4427186071441,89.4427190999916,2.27454142771648,0.770990291372827,0.05253701201775
"quadneg",16000,930,2,1,8000,8315.58514372383,137.433266692521,8178.15187703131,7997.30824775099,7998.57308731019,2.52967911841082,90.835121833196,89.4419565074701,89.4427190999916,3.50389683582197,2.00776902399394,0.00649922406146536
"quadneg",16000,930,5,0,3200,3360.03511371647,54.5671964010129,3305.46791731546,3197.74454741299,3198.19561589869,2.2553424284992,71.833825990045,71.5541728818156,71.5541752799933,2.25924992949656,1.49917603818779,0.0226890897849934
"quadneg",16000,930,5,1,3200,3434.09325525293,55.2244840372439,3378.86877121569,3197.64290005543,3198.0937490986,2.25424521585805,71.8329512065883,71.5522080738133,71.5541752799933,3.29166978699626,2.52647719732982,0.00192189705534594
"quadneg",16000,930,10,0,1600,1752.9833718928,27.2932925494206,1725.69007934338,1597.83430941211,1598.05085867851,2.16549266400453,53.7589422078463,53.6656249087501,53.665631459995,2.88601404917605,2.37841674036028,0.00380126109834515
"quadneg",16000,930,10,1,1600,1814.61694765452,27.5435450250378,1787.07340262948,1597.78212268799,1597.99810793089,2.15985242902898,53.7575544420392,53.6638099177048,53.665631459995,4.03356936931201,3.52332968882651,0.000115375243875594
"quadneg",16000,930,25,0,640,846.112030905055,10.8839489100639,835.228081994991,637.892852430715,637.977120207306,2.10669441477495,35.0770876128288,35.0542189722211,35.0542436803306,5.93604522623445,5.6270248652237,5.50147356167042e-08
"quadneg",16000,930,25,1,640,859.811670359578,10.986714696997,848.824955662581,637.870149152699,637.954333946255,2.10461983887661,35.0758776790058,35.0528944419783,35.0542436803306,6.32746878746582,6.01578343452842,9.21869706891783e-09
"quadneg",16000,930,50,0,320,518.681781396008,5.44431041667909,513.237470979329,317.912646081539,317.954375709993,2.08648142273517,25.051894540387,25.0438932160291,25.0439613479976,8.01412982921521,7.79763328268571,7.85449337208952e-12
"quadneg",16000,930,50,1,320,513.263452648881,5.48813421706175,507.775318431819,317.903686486014,317.945342011992,2.08277629891515,25.0509565100917,25.0429137123094,25.0439613479976,7.79849528237241,7.58018729771525,2.28024061117699e-11
"quadneg",16000,931,2,0,8000,8235.17239743621,174.172314575265,8061.00008286094,7997.46313474982,7998.73154225486,2.53681501006861,90.6294783328584,89.4427186208701,89.4427190999916,2.62286914874807,0.696183452003861,0.0312815973725495
"quadneg",16000,931,2,1,8000,8137.77995819292,173.862086933361,7963.91787125956,7997.44290008855,7998.71087259136,2.53594500562439,90.6278441228102,89.4426201238382,89.4427190999916,1.54849825087092,-0.388998011055884,0.134777987549668
"quadneg",16000,931,5,0,3200,3398.83762733911,69.6141473412323,3329.22347999788,3197.74157360227,3198.19323659282,2.25831495272968,71.7927007982607,71.5541728863918,71.5541752799933,2.80106544956318,1.8312033822695,0.00677788819403137
"quadneg",16000,931,5,1,3200,3377.09567971251,69.3480415888814,3307.74763812363,3197.73423923089,3198.18465217305,2.25206471080094,71.7919589715734,71.5539133172624,71.5541752799933,2.49834999700512,1.53119488328737,0.0136498864766839
"quadneg",16000,931,10,0,1600,1830.15578882582,34.8038670358534,1795.35192178997,1597.8374205535,1598.05365879351,2.1623824000562,53.745207069492,53.6656249693783,53.665631459995,4.32258764901472,3.67643651050453,4.16587817978326e-05
"quadneg",16000,931,10,1,1600,1807.97551955412,34.674295208851,1773.30122434527,1597.8290228789,1598.04534232455,2.16319445651132,53.7447917865348,53.665387051614,53.665631459995,3.91008113883641,3.26571542011168,0.000175367680778028
"quadneg",16000,931,25,0,640,874.295722603189,13.919508824813,860.376213778376,637.899175880887,637.98319113963,2.10038146858446,35.0737203373491,35.0542195909273,35.0542436803306,6.73999063824918,6.34425827287012,1.28161561090882e-09
"quadneg",16000,931,25,1,640,900.584416182653,13.8773283834997,886.707087799154,637.894518232647,637.978589063285,2.1017707659434,35.0734995088332,35.0540449330549,35.0542436803306,7.48969739628771,7.09557197210431,2.88211773602238e-11
"quadneg",16000,931,50,0,320,606.141328256829,6.96303995786245,599.178288298966,317.920088000558,317.961669128129,2.07905637853766,25.0507172593548,25.0438945793955,25.0439613479976,11.505508495915,11.2289491668043,3.24253233732188e-20
"quadneg",16000,931,50,1,320,607.30255636611,6.94473274698501,600.357823619125,317.916027016119,317.957656098506,2.08145411936191,25.050572330313,25.0437659707496,25.0439613479976,11.5520925244415,11.2762660316525,2.45007591920859e-20
"quadneg",16000,932,2,0,8000,8262.60881068296,132.597549652453,8130.01126103051,7997.48045217785,7998.74019986257,2.51949536945175,90.9021306665326,89.4427185681359,89.4427190999916,2.91663524893293,1.46765508997737,0.0190026702506003
"quadneg",16000,932,2,1,8000,8364.38060936755,134.197327154221,8230.18328221333,7997.24393165975,7998.50754567935,2.5272280391899,90.9054081143474,89.4415944358429,89.4427190999916,4.03866706418594,2.59024604822047,0.00212477281821711
"quadneg",16000,932,5,0,3200,3364.49604684845,53.0364400314462,3311.459606817,3197.76038649341,3198.20828539934,2.23949452962752,71.8478316475288,71.554172676024,71.5541752799933,2.32067769522962,1.58273539029554,0.0199355461245981
"quadneg",16000,932,5,1,3200,3473.56911104814,54.2034169789325,3419.36569406921,3197.60644886541,3198.05601994725,2.24785540919557,71.8466383267604,71.5513737415951,71.5541752799933,3.84099616362901,3.09301782130986,0.000390145918225089
"quadneg",16000,932,10,0,1600,1833.71490622882,26.5050775097224,1807.2098287191,1597.84806699745,1598.06323952701,2.15172529552751,53.7636208082291,53.6656245551339,53.665631459995,4.38710852590612,3.89721709056458,3.27378291420577e-05
"quadneg",16000,932,10,1,1600,1850.44813827777,26.9065505257802,1823.54158775199,1597.76240168775,1597.97797520486,2.15573517111502,53.7616754277613,53.6630571739215,53.665631459995,4.70010903826007,4.20333138710461,1.01517935572165e-05
"quadneg",16000,932,25,0,640,860.094388502648,10.6298175563146,849.464570946334,637.897994430548,637.982056060675,2.10154075315432,35.0782343081578,35.05421831255,35.0542436803306,6.33430953565488,6.03301186179766,8.87770094364627e-09
"quadneg",16000,932,25,1,640,815.567052795788,10.7651592550635,804.801893540724,637.862569816741,637.946657382641,2.10218914748698,35.0765399437936,35.0523581934756,35.0542436803306,5.06619191242349,4.76017149080546,2.20654990152501e-06
"quadneg",16000,932,50,0,320,520.962877089603,5.30415547404594,515.658721615557,317.914093940832,317.955794333616,2.08501963923089,25.0522949013045,25.0438920869824,25.0439613479976,8.10499732454446,7.89425727420002,4.98974048658924e-12
"quadneg",16000,932,50,1,320,500.978164964829,5.39689270604055,495.581272258788,317.899996038164,317.941621934224,2.08129480301844,25.0509760883094,25.0425131918309,25.0439613479976,7.30822496821202,7.09352328034359,2.39788160588583e-10
"quadneg",16000,933,2,0,8000,8192.51374004541,178.661397428628,8013.85234261678,7997.46762382994,7998.73378569027,2.5323237206592,91.033811476267,89.4427185770355,89.4427190999916,2.14256783334098,0.169030606035276,0.0628939625339848
"quadneg",16000,933,2,1,8000,8342.11915285032,179.548953647025,8162.57019920329,7997.25063193836,7998.52379570071,2.54632752470402,91.0266413883208,89.4416968202001,89.4427190999916,3.78865478998333,1.83411551138563,0.00359382837447634
"quadneg",16000,933,5,0,3200,3382.2542493464,71.500059902532,3310.75418944387,3197.75733044098,3198.2058410301,2.24255294557048,71.8745039599392,71.5541727307728,71.5541752799933,2.5669313698256,1.57291104234056,0.0116226673281098
"quadneg",16000,933,5,1,3200,3416.34728362687,71.2155157367752,3345.1317678901,3197.61494066938,3198.06510488452,2.25082107567941,71.8700301815687,71.5515844158572,71.5541752799933,3.04344303745102,2.05539352071965,0.00369530478589253
"quadneg",16000,933,10,0,1600,1809.6841323214,35.7217464576197,1773.96238586378,1597.84447252234,1598.06000441869,2.15531896354582,53.7725331224538,53.6656245261309,53.665631459995,3.93955143077687,3.27774777612874,0.000157610806857671
"quadneg",16000,933,10,1,1600,1844.23882954308,35.4663076147567,1808.77252192832,1597.76937684649,1597.98485856497,2.15481718483761,53.7694594660791,53.6632429186022,53.665631459995,4.583818679674,3.92797102633315,1.57904502060319e-05
"quadneg",16000,933,25,0,640,910.446515777744,14.3027597886922,896.143755989051,637.90147175254,637.985394142193,2.09805974131627,35.0804195404428,35.0542181017774,35.0542436803306,7.76915007276346,7.36454486296954,6.48138674386148e-12
"quadneg",16000,933,25,1,640,907.415989159751,14.1938083460496,893.222180813701,637.870573614391,637.954439783308,2.09665422292206,35.0785125968386,35.0524890475996,35.0542436803306,7.68406057130403,7.28244264433694,1.02919090919499e-11
"quadneg",16000,933,50,0,320,564.258120022044,7.13044195996833,557.127678062075,317.922718060264,317.964245649624,2.07637946800382,25.0530586044225,25.0438908358805,25.0439613479976,9.83254802742109,9.54977139853206,5.34585103777426e-16
"quadneg",16000,933,50,1,320,542.776641501052,7.0706335761012,535.70600792495,317.903687286571,317.945265179667,2.07889465479932,25.0517173035347,25.0426127134688,25.0439613479976,8.97634886622132,8.69560797177381,5.63555272810649e-14
"quadneg",16000,934,2,0,8000,8171.9553728952,110.460693063765,8061.49467983143,7997.4672933477,7998.73362203569,2.5326573759846,90.6024784118437,89.4427186153459,89.4427190999916,1.92586430974148,0.7016899616574,0.0852148279681079
"quadneg",16000,934,2,1,8000,8054.08922009628,110.211279850235,7943.87794024604,7997.38296585549,7998.64731231302,2.52869291507983,90.5987098645857,89.4423204122604,89.4427190999916,0.625905758763558,-0.612342924630494,0.327179352056074
"quadneg",16000,934,5,0,3200,3249.78313874738,44.1690500743041,3205.61408867308,3197.75010755677,3198.200064492,2.24978467615245,71.7872492546327,71.5541729645243,71.5541752799933,0.724822746809098,0.103614141201151,0.257086312897455
"quadneg",16000,934,5,1,3200,3284.57269865294,43.8932521501787,3240.67944650277,3197.69697571439,3198.14625695642,2.24640621014699,71.7851631905509,71.5530983183332,71.5541752799933,1.21021836654387,0.594428341273486,0.139804559967519
"quadneg",16000,934,10,0,1600,1684.5273275985,22.0576855820074,1662.4696420165,1597.84769490343,1598.06290621974,2.15211316316571,53.7433864452339,53.6656251301308,53.665631459995,1.61284277803013,1.20014880364437,0.0648210498222129
"quadneg",16000,934,10,1,1600,1711.00953569321,21.910642519905,1689.09889317331,1597.81521103896,1598.03049411273,2.15283073761583,53.7420213546207,53.66463047407,53.665631459995,2.10625357589969,1.69699107691767,0.0246810595997817
"quadneg",16000,934,25,0,640,817.09166316317,8.8496994103813,808.241963752788,637.8988868814,637.982913751837,2.10067176093085,35.0732741251645,35.0542196683871,35.0542436803306,5.10909747525402,4.85702011374385,1.85334941354697e-06
"quadneg",16000,934,25,1,640,810.087861158237,8.74009116897699,801.34776998926,637.887540364891,637.971480108029,2.09849357844633,35.0724557800528,35.053497262802,35.0542436803306,4.90984497559148,4.6607700411851,4.09426443050831e-06
"quadneg",16000,934,50,0,320,505.070814937332,4.42826941182821,500.642545525504,317.919697332524,317.961286270178,2.07944688271801,25.0505611386448,25.0438945962192,25.0439613479976,7.47093514468608,7.29444290517436,1.10597789529718e-10
"quadneg",16000,934,50,1,320,465.415311560678,4.36448921318106,461.050822347497,317.910840429952,317.95246851146,2.08140407541819,25.049993860186,25.0433611977413,25.0439613479976,5.88840348440833,5.71402347736545,1.27841334512602e-07
"quadneg",16000,935,2,0,8000,8138.65762023869,125.516800844082,8013.14081939461,7997.46523871339,7998.732595622,2.53471381723724,90.6720201304187,89.4427186723774,89.4427190999916,1.55717696950192,0.161088839722963,0.13329598205959
"quadneg",16000,935,2,1,8000,8150.82765219874,125.563758466087,8025.26389373265,7997.46880174339,7998.73428967694,2.5309758671083,90.6721437480746,89.4427178630308,89.4427190999916,1.69135573634881,0.296609994525604,0.113906688951853
"quadneg",16000,935,5,0,3200,3280.69943622059,50.2295579475706,3230.46987827302,3197.74726247079,3198.19778801542,2.2526277231461,71.8012953253828,71.5541729226439,71.5541752799933,1.15530191166998,0.451016187308664,0.150660916183411
"quadneg",16000,935,5,1,3200,3358.22700664151,50.2464770765117,3307.980529565,3197.7465387507,3198.1971870099,2.25324129595841,71.8013327315737,71.5541708265021,71.5541752799933,2.23506252301414,1.53426895018178,0.0238938607785871
"quadneg",16000,935,10,0,1600,1839.56312080808,25.1083580295287,1814.45476277855,1597.84346481033,1598.05909894472,2.15634134396129,53.7480767330873,53.6656250733719,53.665631459995,4.49727079906746,4.03229559961276,2.18981300610555e-05
"quadneg",16000,935,10,1,1600,1826.23628021919,25.1055090299427,1801.13077118925,1597.84239611872,1598.05813080373,2.15734685008832,53.7480899280541,53.6656230937847,53.665631459995,4.24933954687864,3.78403582551597,5.41415628252237e-05
"quadneg",16000,935,25,0,640,870.114083675567,10.0365898008102,860.077493874757,637.898358682568,637.982406728667,2.10120115249148,35.0744244350824,35.0542197311754,35.0542436803306,6.62065675297956,6.33575897136771,2.28539082433482e-09
"quadneg",16000,935,25,1,640,855.886895569311,10.0368082065961,845.850087362714,637.896169921472,637.980304392217,2.10336176862743,35.0744269474147,35.0542182283844,35.0542436803306,6.21509015598918,5.92995061582003,1.55031821392178e-08
"quadneg",16000,935,50,0,320,549.745847157286,5.02747354845668,544.718373608829,317.916084771351,317.957746043517,2.08306360829555,25.0509641433674,25.0438949140715,25.0439613479976,9.25432494570535,9.05452719488541,1.27563133734546e-14
"quadneg",16000,935,50,1,320,548.310146645275,5.02178305833884,543.288363586936,317.915248947468,317.956926655348,2.08388539403123,25.0509644217485,25.0438938293651,25.0439613479976,9.19704702058438,8.99746015802767,1.73591888442251e-14
"quadneg",16000,936,2,0,8000,8308.60960430088,140.630533828384,8167.9790704725,7997.47568522102,7998.73781924112,2.52426804020253,90.6482619172841,89.4427186292542,89.4427190999916,3.43232084652399,1.8921747217109,0.00754826764182033
"quadneg",16000,936,2,1,8000,8385.44600474123,140.614915828781,8244.83108891245,7997.46351611892,7998.73172811289,2.53642398794629,90.6482284567661,89.4427185671635,89.4427190999916,4.28008903458446,2.75147451622636,0.00126158702134477
"quadneg",16000,936,5,0,3200,3529.37681547427,56.2275232473615,3473.14929222691,3197.75686117124,3198.20546735728,2.24303093022282,71.7964948833116,71.5541729551359,71.5541752799933,4.61888780005208,3.84245688985899,2.95059287472215e-05
"quadneg",16000,936,5,1,3200,3538.42019402965,56.2353994075837,3482.18479462207,3197.75224851092,3198.20177558249,2.24763535782319,71.7964844318827,71.5541727985463,71.5541752799933,4.74491123366824,3.96878348156026,1.87351689221005e-05
"quadneg",16000,936,10,0,1600,1945.00927780309,28.1348350577493,1916.87444274534,1597.85093240194,1598.06582006986,2.14887667922589,53.7464737316674,53.6656251600702,53.665631459995,6.45918366913449,5.94064863168105,4.34698916815561e-09
"quadneg",16000,936,10,1,1600,1948.76260519728,28.1368956823005,1920.62570951498,1597.84801014945,1598.06318959249,2.15179443038355,53.7464697623364,53.6656250186658,53.665631459995,6.52907245070332,6.01059840093724,3.07397766943959e-09
"quadneg",16000,936,25,0,640,934.216815825816,11.2555171742317,922.961298651585,637.902856196619,637.986724163466,2.09669917115607,35.0740309645563,35.054219455836,35.0542436803306,8.44824365721276,8.12953701186107,1.53323221264685e-13
"quadneg",16000,936,25,1,640,928.212649353945,11.2533527096932,916.959296644252,637.90296740682,637.986830847833,2.09658602533167,35.0740297670686,35.0542193521488,35.0542436803306,8.27705524215813,7.95831346275062,4.02466279739596e-13
"quadneg",16000,936,50,0,320,581.277995457276,5.60841986181966,575.669575595456,317.921130008914,317.962690384935,2.07801880105326,25.0508264173642,25.0438949364322,25.0439613479976,10.5129012935802,10.2902078875769,1.13757943872439e-17
"quadneg",16000,936,50,1,320,577.708116251798,5.60288398979704,572.105232262001,317.920746508019,317.962314532971,2.07840124761842,25.0508259381127,25.0438948547529,25.0439613479976,10.3704113543233,10.1478990869025,2.57966861864619e-17
"quadneg",16000,937,2,0,8000,8194.08572415919,145.277821362852,8048.80790279634,7997.46900636553,7998.73447771693,2.5309427027963,90.686095953417,89.4427186297718,89.4427190999916,2.16810212995229,0.559837914662231,0.0613964643900976
"quadneg",16000,937,2,1,8000,8251.95929331254,145.327286796329,8106.63200651622,7997.47056896952,7998.73449974233,2.52786154563144,90.6864850423105,89.4427114738399,89.4427190999916,2.80624752656685,1.20633090160106,0.0231655098587309
"quadneg",16000,937,5,0,3200,3414.35884504932,58.1058660639553,3356.25297898536,3197.74426560058,3198.19538995122,2.25562175318497,71.804139531486,71.5541728453548,71.5541752799933,3.01674222213537,2.20892203415921,0.00396645570355408
"quadneg",16000,937,5,1,3200,3490.80695968249,58.1746829217774,3432.63227676072,3197.7571348892,3198.20549058309,2.24177846943852,71.804248643077,71.5541542447973,71.5541752799933,4.08123238291898,3.27621489837779,0.00018305631095907
"quadneg",16000,937,10,0,1600,1860.75731454493,29.0376163906295,1831.7196981543,1597.84143294402,1598.05726972038,2.15836776365227,53.7490266481799,53.665624888705,53.665631459995,4.89154684273371,4.35404281452983,4.78461779084488e-06
"quadneg",16000,937,10,1,1600,1848.21330275504,29.1051392803909,1819.10816347465,1597.84936649989,1598.06435592264,2.14989422750398,53.7490572322471,53.6656079557531,53.665631459995,4.65801539873236,4.11890996807977,1.19129944407901e-05
"quadneg",16000,937,25,0,640,921.695189802909,11.6498094897295,910.045380313179,637.903016666882,637.986877940936,2.09653185135002,35.0746564307491,35.0542191037572,35.0542436803306,8.09108917991377,7.76107724913157,1.13060080510602e-12
"quadneg",16000,937,25,1,640,933.799033093696,11.6386714440923,922.160361649604,637.902227821195,637.986111039652,2.09708046142446,35.0746564698499,35.0542062666057,35.0542436803306,8.43619966818074,8.10670903367935,1.64040868198948e-13
"quadneg",16000,937,50,0,320,557.039443598553,5.84299532703153,551.196448271521,317.920115943475,317.961696300122,2.07901783237486,25.0510443616015,25.0438937437129,25.0439613479976,9.54528378950948,9.31303871347684,2.62415077954332e-15
"quadneg",16000,937,50,1,320,582.488381968668,5.84382643454718,576.644555534121,317.92136871425,317.962921653798,2.07764697740724,25.0510397323666,25.043884611969,25.0439613479976,10.5611190625589,10.3291337541419,8.60684414737306e-18
"quadneg",16000,938,2,0,8000,8271.02781524778,133.899133472206,8137.12868177557,7997.45647552489,7998.72821296967,2.54347488954108,90.6860753344687,89.442718626063,89.4427190999916,3.01668518252549,1.54736429003821,0.0161808563738764
"quadneg",16000,938,2,1,8000,8264.72926583628,134.480929726717,8130.24833610956,7997.45612939689,7998.72205964244,2.5318604910951,90.6870017743357,89.4426632912019,89.4427190999916,2.94720446381573,1.47050939258044,0.0182549809121516
"quadneg",16000,938,5,0,3200,3495.24303446926,53.5465029618194,3441.69653150744,3197.74971523466,3198.19975013698,2.25017451162824,71.8041346772544,71.5541728870803,71.5541752799933,4.14312240613691,3.40297108534428,0.000149775570800883
"quadneg",16000,938,5,1,3200,3519.7414558964,53.824970494526,3465.91648540187,3197.73864847078,3198.18937577716,2.25363653191737,71.8043160228329,71.5540277409022,71.5541752799933,4.4844491983355,3.741607818279,4.73505283960359e-05
"quadneg",16000,938,10,0,1600,1814.50713315527,26.7693156757565,1787.73781747951,1597.84112636732,1598.05699423169,2.15867864366447,53.7490253591923,53.665625010383,53.665631459995,4.03106856989528,3.5344938815326,0.000116186241012807
"quadneg",16000,938,10,1,1600,1835.92042167301,26.8809794620991,1809.03944221091,1597.83878061048,1598.05444966166,2.15669051175028,53.749014004664,53.6654891234975,53.665631459995,4.42950713555163,3.9314836405147,2.81564236389361e-05
"quadneg",16000,938,25,0,640,867.90880933284,10.6840298650703,857.224779467769,637.900225735382,637.984198830305,2.09932737308304,35.0746563459748,35.0542193466139,35.0542436803306,6.55768602060314,6.25432785906962,3.09171802525211e-09
"quadneg",16000,938,25,1,640,881.700635616129,10.745839982963,870.954795633166,637.896522463366,637.980570153262,2.10119224740176,35.0745908524482,35.0541211160354,35.0542436803306,6.95101802265914,6.64612941538936,4.5233198144402e-10
"quadneg",16000,938,50,0,320,531.398498223226,5.34670358068045,526.051794642545,317.916413249504,317.958068087961,2.08274192285209,25.0510458756819,25.0438954207522,25.0439613479976,8.52188311949714,8.30915969973867,6.03339047238729e-13
"quadneg",16000,938,50,1,320,522.750595855518,5.38496866518216,517.365627190336,317.916892005727,317.958518407934,2.08132011030458,25.0509846066209,25.0438224930584,25.0439613479976,8.17667277619314,7.9623271901753,3.48950835087173e-12
"quadneg",16000,939,2,0,8000,8289.2231317312,164.736061128113,8124.48707060309,7997.45473939707,7998.72734485569,2.54521091725257,90.7633060001428,89.4427186306077,89.4427190999916,3.21460736934451,1.40603648539318,0.0112891540926975
"quadneg",16000,939,2,1,8000,8352.30513056234,164.642310326492,8187.66282023585,7997.45496518226,7998.72209118462,2.53425200472641,90.7622215617481,89.4426684207502,89.4427190999916,3.90966813365923,2.11242276630688,0.00283480911423152
"quadneg",16000,939,5,0,3200,3577.2508832571,65.8856591944489,3511.36522406265,3197.75091735778,3198.20071208008,2.24897361153939,71.8197460944965,71.5541729372099,71.5541752799933,5.28406164789275,4.37660724913101,2.3821766121565e-06
"quadneg",16000,939,5,1,3200,3479.63961497096,65.8104431494916,3413.82917182147,3197.73910924213,3198.18988995122,2.25390354541957,71.8192935563504,71.5540417180576,71.5541752799933,3.92513615450207,3.01365620575187,0.000300127569148365
"quadneg",16000,939,10,0,1600,1904.11787368369,32.95430215083,1871.16357153286,1597.84616024039,1598.06152468396,2.15364443576048,53.7542391815337,53.6656250228272,53.665631459995,5.69762902622416,5.08895678998855,1.57011093636369e-07
"quadneg",16000,939,10,1,1600,1894.19030666906,32.8627913950998,1861.32751527396,1597.83480371818,1598.05091867825,2.16114960066311,53.7539986997554,53.665504236059,53.665631459995,5.51318060273394,4.90588135420536,3.55757481560055e-07
"quadneg",16000,939,25,0,640,867.484878766896,13.1024991263946,854.382379640501,637.901406338369,637.985332803454,2.09816162714287,35.0759359515566,35.0542201879361,35.0542436803306,6.54532705116136,6.17320955014483,3.27589719344027e-09
"quadneg",16000,939,25,1,640,873.403425463654,13.1061514203322,860.297274043322,637.89820650035,637.982194142262,2.09969104780404,35.0758147174434,35.0541309093658,35.0542436803306,6.71417673004716,6.34205082635957,1.45083314257718e-09
"quadneg",16000,939,50,0,320,563.156693054509,6.55570916572779,556.600983888781,317.919948894294,317.961532988418,2.07920470621273,25.0514935602122,25.0438953385195,25.0439613479976,9.78930631703772,9.52884715714797,6.82590853802843e-16
"quadneg",16000,939,50,1,320,563.19353509827,6.5650039078558,556.628531190414,317.917331573261,317.958950783412,2.08096050755826,25.0514154370748,25.0438287091269,25.0439613479976,9.79091198024735,9.53007557985823,6.7703973853956e-16
"quadneg",16000,940,2,0,8000,8279.95724992113,158.999414133507,8120.95783578762,7997.46770160568,7998.73382602721,2.53224884305139,90.6996007569082,89.442718617785,89.4427190999916,3.11456220267794,1.36650597890158,0.0135897279437832
"quadneg",16000,940,2,1,8000,8387.70129176976,160.394340608004,8227.30695116175,7997.41353011326,7998.67624066886,2.52542111120889,90.7014716770207,89.4424338374963,89.4427190999916,4.30299260243844,2.55617720452777,0.00119145742452777
"quadneg",16000,940,5,0,3200,3424.57974922704,63.5856326332545,3360.99411659378,3197.74618714289,3198.19692745259,2.25370154852003,71.8068678405302,71.5541728730454,71.5541752799933,3.15893965167656,2.27515996069205,0.00274192069323906
"quadneg",16000,940,5,1,3200,3566.43649794743,63.9305684763469,3502.50592947109,3197.70966252161,3198.16002051875,2.2517899856783,71.8068614815715,71.5534398429852,71.5541752799933,5.13498052718054,4.25340709852923,4.30851586363282e-06
"quadneg",16000,940,10,0,1600,1896.38536266865,31.7417939571423,1864.64356871151,1597.83902122882,1598.05509924464,2.16078015823339,53.7499378812135,53.665624900065,53.665631459995,5.55435695757659,4.96758343843564,2.97436992860472e-07
"quadneg",16000,940,10,1,1600,1971.3729646674,32.0141101400039,1939.3588545274,1597.82012992933,1598.03593678165,2.15806852320698,53.7495418351367,53.6649473531255,53.665631459995,6.94987942192787,6.36025813087589,3.58899141402009e-10
"quadneg",16000,940,25,0,640,899.87908770649,12.6927152771771,887.186372429313,637.893234349819,637.977486835555,2.10631214339575,35.0748798201796,35.0542189678343,35.0542436803306,7.4693300361914,7.10924085407328,3.2021926976999e-11
"quadneg",16000,940,25,1,640,956.640061272499,12.7798751254688,943.86018614703,637.88655189474,637.970703684736,2.10379474991654,35.0744624181564,35.0537273972173,35.0542436803306,9.08790862073928,8.72630402456364,3.73020264819908e-15
"quadneg",16000,940,50,0,320,542.647554392779,6.34193478712459,536.305619605654,317.911697518592,317.953445964755,2.08742230813306,25.0511213608122,25.0438926324346,25.0439613479976,8.97108970242522,8.71877933856455,5.79141254704196e-14
"quadneg",16000,940,50,1,320,566.86122646827,6.37933168732318,560.481894780947,317.910187934568,317.951873007637,2.08425365344421,25.050786210002,25.0435308905292,25.0439613479976,9.93785330515111,9.68433815636707,2.99326877551449e-16
"quadneg",16000,941,2,0,8000,8240.28350334739,122.748846541877,8117.53465680552,7997.47427059181,7998.73711155967,2.52568193573469,90.5255663206246,89.4427186564766,89.4427190999916,2.682217219118,1.32819694023513,0.0285916039002016
"quadneg",16000,941,2,1,8000,8008.01622721004,122.618610721289,7885.39761648875,7997.449018941,7998.71263495102,2.52723202005384,90.5239795414709,89.4426160011014,89.4427190999916,0.116733801613293,-1.26690188109972,0.466356205912324
"quadneg",16000,941,5,0,3200,3468.84699324925,49.0830411896556,3419.76395205959,3197.74900829076,3198.19918509604,2.25088402639625,71.7717210733603,71.5541729801085,71.5541752799933,3.77722563851283,3.09646185170985,0.00047695546255649
"quadneg",16000,941,5,1,3200,3313.40097805071,48.9660118640657,3264.43496618664,3197.7377331302,3198.18714338564,2.24705127720311,71.770973271548,71.5538865535525,71.5541752799933,1.61156021227264,0.925845205507073,0.0757469986675941
"quadneg",16000,941,10,0,1600,1781.9226194475,24.5749923399364,1757.34762710757,1597.84196262961,1598.05774768343,2.15785053815872,53.7382018843101,53.6656253294237,53.665631459995,3.42550830439375,2.96819199341008,0.000821991067558844
"quadneg",16000,941,10,1,1600,1789.77726293756,24.478578215743,1765.29868472182,1597.83245382987,1598.04834820024,2.15894370374115,53.7377685396579,53.6653621420247,53.665631459995,3.57187904008402,3.11654165453962,0.000524499360978494
"quadneg",16000,941,25,0,640,844.993549739987,9.80034483438048,835.193204905607,637.898738748572,637.982772050854,2.1008325570425,35.0720039785087,35.0542203760383,35.0542436803306,5.90484681509268,5.62586846146372,6.3430566807886e-08
"quadneg",16000,941,25,1,640,801.757493724878,9.77557888271284,791.981914842165,637.896421440065,637.9804040136,2.09956433837003,35.07176828835,35.0540289647915,35.0542436803306,4.67216454378901,4.39326135615525,1.02057094908705e-05
"quadneg",16000,941,50,0,320,528.164269624707,4.90651354439901,523.257756080308,317.917315108269,317.958952193786,2.08185427584251,25.0501184799833,25.0438965609348,25.0439613479976,8.39305229971026,8.19755837063957,1.16872402941081e-12
"quadneg",16000,941,50,1,320,513.131976052937,4.91622190580661,508.215754147131,317.914212340399,317.955874781549,2.08312205751808,25.0499606686753,25.0437547284918,25.0439613479976,7.79313653600486,7.59709881478461,2.33948788343967e-11
"quadneg",16000,942,2,0,8000,8341.77609104133,203.799111944903,8137.97697909643,7997.46222671753,7998.73108747641,2.53772151775337,90.9006746862932,89.4427185790915,89.4427190999916,3.78780317651168,1.55681640531628,0.0036223158908896
"quadneg",16000,942,2,1,8000,8240.41042382083,204.477130253956,8035.93329356687,7997.05122662923,7998.31803209044,2.53361092241081,90.9034570347491,89.4407522887462,89.4427190999916,2.67711707706083,0.420560656231907,0.0285273472373224
"quadneg",16000,942,5,0,3200,3538.24032262431,81.4919187217063,3456.74840390261,3197.74004425414,3198.19201271388,2.25984229867034,71.8475386554791,71.5541728112145,71.5541752799933,4.73920588989029,3.61343554164047,1.89070117138829e-05
"quadneg",16000,942,5,1,3200,3552.16736149559,82.4223650537654,3469.74499644183,3197.48786523187,3197.9362668167,2.24200792416274,71.8442888622302,71.5489997830563,71.5541752799933,4.9367806666424,3.79891725180342,9.21664150619581e-06
"quadneg",16000,942,10,0,1600,1951.5533194271,40.7031374492168,1910.85018197788,1597.84159481133,1598.05741521357,2.15820402244249,53.7635237700819,53.665624795802,53.665631459995,6.57902793217957,5.82854980174901,2.37138277030331e-09
"quadneg",16000,942,10,1,1600,1956.6161609326,41.2952655810562,1915.32089535155,1597.69467034009,1597.91012882562,2.15458485532534,53.7595551681276,53.6608962637135,53.665631459995,6.67642225591379,5.91512234469633,1.47501226437433e-09
"quadneg",16000,942,25,0,640,984.34553274671,16.3157872109296,968.02974553578,637.900090478657,637.984068350479,2.09944679555752,35.0782106267627,35.0542184304231,35.0542436803306,9.87637157306235,9.4152912820004,2.98966690930139e-17
"quadneg",16000,942,25,1,640,978.725161895335,16.6556346078333,962.069527287502,637.836407258976,637.920365682314,2.09896058343283,35.0749852389396,35.0507873677572,35.0542436803306,9.71885668131116,9.2479851651883,8.12266044480023e-17
"quadneg",16000,942,50,0,320,633.619683121105,8.14873286486925,625.470950256236,317.917965054271,317.959587945092,2.08114454105949,25.0522864062424,25.0438917881663,25.0439613479976,12.6017127916983,12.2788967829852,3.68771692288103e-23
"quadneg",16000,942,50,1,320,663.404482694023,8.30501710680728,655.099465587215,317.887721462733,317.929291293288,2.07849152776044,25.0498163811429,25.0413471193226,25.0439613479976,13.7931853860369,13.4645381770918,1.70835607940697e-26
"quadneg",16000,943,2,0,8000,8341.34889965452,120.642661233708,8220.70623842081,7997.46350219449,7998.73172328387,2.53644217876448,91.0695283243101,89.4427185153086,89.4427190999916,3.77607531067268,2.48175054181691,0.0036580737458751
"quadneg",16000,943,2,1,8000,8202.19268648424,123.240606058607,8078.95208042563,7996.85607779618,7998.12379158389,2.53542757541599,91.0717859623506,89.4397712522489,89.4427190999916,2.25466763957982,0.903717526443291,0.0541140751148582
"quadneg",16000,943,5,0,3200,3514.37349345449,48.3164322013506,3466.05706125314,3197.74645440817,3198.19713984083,2.25342716325787,71.8817420040071,71.5541726637942,71.5541752799933,4.40483257944236,3.7434563414057,6.13244492992884e-05
"quadneg",16000,943,5,1,3200,3466.59635114009,49.6364617281184,3416.95988941197,3197.35835097338,3197.80782594291,2.24737484764888,71.8764277255869,71.5466069203712,71.5541752799933,3.74584559481189,3.06306717959336,0.000524374951924513
"quadneg",16000,943,10,0,1600,1784.96534320554,24.1718105033856,1760.79353270215,1597.838394077,1598.05453389183,2.16139814830186,53.7749518523908,53.6656245286333,53.665631459995,3.47981620963965,3.03246259108558,0.000691857854121402
"quadneg",16000,943,10,1,1600,1778.67881203321,24.804637432107,1753.8741746011,1597.62046979366,1597.83637143647,2.15901642807785,53.7689292130969,53.6586987481112,53.665631459995,3.36734141611741,2.90796845255448,0.000985454654816414
"quadneg",16000,943,25,0,640,797.895600851746,9.68060501299525,788.21499583875,637.895500229715,637.97966109905,2.10402173337321,35.0810120286241,35.054217565957,35.0542436803306,4.5608747116953,4.2857991183806,1.54160806733487e-05
"quadneg",16000,943,25,1,640,815.082661156491,9.92381300093868,805.158848155552,637.803127641006,637.887227516183,2.10249687942513,35.0762360829858,35.0491951043636,35.0542436803306,5.05412077556054,4.77248108383932,2.33177608115156e-06
"quadneg",16000,943,50,0,320,472.643173382714,4.83365068854537,467.809522694169,317.915238982413,317.956915704072,2.08383608295525,25.0532643419896,25.0438890290606,25.0439613479976,6.17595904023475,5.98359970435144,3.8171617718747e-08
"quadneg",16000,943,50,1,320,485.437811468359,4.97032782820168,480.467483640157,317.867460836456,317.909133351744,2.08362576436548,25.0496408539238,25.040176399465,25.0439613479976,6.68953106390164,6.49190116296014,4.12260994389898e-09
"quadneg",16000,944,2,0,8000,8231.19135223568,146.756896312456,8084.43445592322,7997.46350429034,7998.73172766657,2.53644675244151,90.6290837401083,89.4427186337926,89.4427190999916,2.57894969583475,0.95818563618971,0.0335198293778534
"quadneg",16000,944,2,1,8000,8298.29190663359,146.536588906131,8151.75531772746,7997.46359110401,7998.72911741023,2.5310526124266,90.6283650935895,89.4426944137058,89.4427190999916,3.31936160625778,1.71088540344532,0.00937443861680989
"quadneg",16000,944,5,0,3200,3502.97341815359,58.725858161692,3444.24755999189,3197.75095302279,3198.20074081843,2.24893897820761,71.7926210063539,71.5541729534034,71.5541752799933,4.25144619115912,3.43860894505325,0.0001049726530861
"quadneg",16000,944,5,1,3200,3479.32570412745,58.6031088916155,3420.72259523583,3197.74587234787,3198.19599348799,2.25060570060993,71.7923364136176,71.5541079545752,71.5541752799933,3.92214330729278,3.10990672805412,0.000304260272353576
"quadneg",16000,944,10,0,1600,1820.54656475376,29.3943912631492,1791.15217349061,1597.84338316942,1598.05902568703,2.15642517605545,53.7451801729228,53.6656251430151,53.665631459995,4.14368657557377,3.59807879418156,7.87203356855387e-05
"quadneg",16000,944,10,1,1600,1917.52616179341,29.2980472329331,1888.22811456048,1597.84476941946,1598.06008114714,2.15311727680092,53.74503774939,53.665564930543,53.665631459995,5.94810992346141,5.40696876645003,5.03275778616759e-08
"quadneg",16000,944,25,0,640,904.61925088677,11.7189200404292,892.90033084634,637.898149071632,637.982205753149,2.10141703791386,35.0737144644803,35.054220083262,35.0542436803306,7.60458667944195,7.27210944895368,1.57218672050762e-11
"quadneg",16000,944,25,1,640,885.141562160343,11.7020732251853,873.439488935158,637.9010211794,637.984929687307,2.09771269768097,35.0736484064086,35.0541756342578,35.0542436803306,7.04918228397843,6.71687623478857,2.7673713392125e-10
"quadneg",16000,944,50,0,320,564.522996963661,5.85830393059134,558.66469303307,317.918051444589,317.959673787046,2.08111712289123,25.0507170852777,25.0438964992301,25.0439613479976,9.84422700075128,9.61132462967266,5.04025840935089e-16
"quadneg",16000,944,50,1,320,546.963925613669,5.85537031545429,541.108555298215,317.918055584455,317.959669243861,2.08068297031192,25.0506760373559,25.0438632584361,25.0439613479976,9.14330095074712,8.9103220118879,2.31514639982788e-14
"quadneg",16000,945,2,0,8000,8016.25208440476,158.79663568255,7857.45544872221,7997.45518845344,7998.72756951604,2.54476212519794,90.7082935690009,89.4427186160071,89.4427190999916,0.207223564811309,-1.57947033564951,0.440589829078437
"quadneg",16000,945,2,1,8000,7963.06181650836,160.011320716679,7803.05049579168,7997.35195326523,7998.62008704883,2.53626756721315,90.7106126982356,89.4422047686232,89.4427190999916,-0.378016813434343,-2.18654707543341,0.606948811172664
"quadneg",16000,945,5,0,3200,3240.4176504696,63.5192638325943,3176.898386637,3197.73581137686,3198.18862685199,2.26407737562348,71.8086264210962,71.554172882601,71.5541752799933,0.594383171214567,-0.297540162331506,0.295845802847108
"quadneg",16000,945,5,1,3200,3300.94535448705,64.1297334737304,3236.81562101332,3197.67731188889,3198.12736573816,2.25026924630779,71.8082687701921,71.5527937721328,71.5541752799933,1.43810795562615,0.540695243827494,0.0999257476818953
"quadneg",16000,945,10,0,1600,1714.20917589102,31.7714628609128,1682.43771303011,1597.83476918425,1598.05127257588,2.16503391628238,53.750525629763,53.6656249679663,53.665631459995,2.16508406835623,1.57244866717947,0.0217176744292902
"quadneg",16000,945,10,1,1600,1800.70883000954,32.0117045026102,1768.69712550693,1597.80023500822,1598.01613554537,2.15900537154481,53.7496493282473,53.664353229037,53.665631459995,3.7750682569511,3.18052822202284,0.000274092171820719
"quadneg",16000,945,25,0,640,863.501011184218,12.7141082264253,850.786902957793,637.893514122189,637.977755714637,2.10603981119917,35.0750244400779,35.0542193860961,35.0542436803306,6.43214083706362,6.07085683179026,5.62256510147882e-09
"quadneg",16000,945,25,1,640,886.171693032704,12.853093430382,873.318599602322,637.878564241513,637.962711461702,2.10368050470995,35.0742047880759,35.0532944501247,35.0542436803306,7.07908077435876,6.71423019812001,2.38665814713203e-10
"quadneg",16000,945,50,0,320,517.668310466741,6.36177769752226,511.306532769219,317.911981464271,317.953724688956,2.08716123423886,25.0511738543583,25.043894449338,25.0439613479976,7.97393088897974,7.72055673974356,9.59952624876557e-12
"quadneg",16000,945,50,1,320,532.618982241561,6.42498944115472,526.193992800407,317.905389085554,317.947087733793,2.08493241197256,25.0505294577655,25.0432123302209,25.0439613479976,8.57121976276027,8.31550291235249,4.69416392634052e-13
"quadneg",16000,946,2,0,8000,8293.03535405987,161.707966352151,8131.32738770772,7997.47228394163,7998.73611674663,2.52766560999702,90.6417782990311,89.4427186041195,89.4427190999916,3.26078190062831,1.48241548367906,0.0104461852404636
"quadneg",16000,946,2,1,8000,8181.71608946772,159.819010489207,8021.89707897851,7997.32441580949,7998.59332285606,2.53781409315016,90.6365901471443,89.4420668912383,89.4427190999916,2.03440656095822,0.260545813982436,0.0739665924853721
"quadneg",16000,946,5,0,3200,3530.73599747742,64.6571393552019,3466.07885812222,3197.74604414814,3198.19681342004,2.25384635946801,71.7951855531488,71.5541729183106,71.5541752799933,4.6380540806983,3.74376551047559,2.75764525055017e-05
"quadneg",16000,946,5,1,3200,3473.83877250183,63.6790399501383,3410.15973255169,3197.655220458,3198.10641099588,2.25595268941842,71.7921139835457,71.552473360737,71.5541752799933,3.84699010405415,2.96360575107898,0.000385663397235575
"quadneg",16000,946,10,0,1600,1886.35492476496,32.3318337584897,1854.02309100647,1597.84278363476,1598.05848555474,2.15701919980353,53.7460359450283,53.665624948135,53.665631459995,5.36806363589854,4.76961939228526,6.68457216349733e-07
"quadneg",16000,946,10,1,1600,1833.79950760842,31.8080887345078,1801.99141887391,1597.79099981185,1598.00687162417,2.15871812321119,53.743965603557,53.6640525540023,53.665631459995,4.39134896627259,3.80113945074258,3.25497116498791e-05
"quadneg",16000,946,25,0,640,900.687606109725,12.9390327764695,887.748573333255,637.899405471941,637.983411366202,2.10014735652772,35.0739236043094,35.0542193410761,35.0542436803306,7.49240956336848,7.12510980595084,2.83800829675306e-11
"quadneg",16000,946,25,1,640,876.574357791344,12.7519847684112,863.822373022933,637.876355896026,637.960427933522,2.10180093739425,35.0726523686124,35.0530756860953,35.0542436803306,6.80581552220831,6.44342730755022,9.32369741927923e-10
"quadneg",16000,946,50,0,320,585.604376060107,6.47574110441328,579.128634955694,317.918553820979,317.960165379438,2.08057792295662,25.0507873818653,25.0438935846855,25.0439613479976,10.6857248899454,10.4284291375508,4.1846534296981e-18
"quadneg",16000,946,50,1,320,560.040095954956,6.38153979222459,553.658556162732,317.906911240992,317.948537310669,2.08130348382178,25.0498978489177,25.0430492974395,25.0439613479976,9.66603481476574,9.41219322185989,1.35867051858269e-15
"quadneg",16000,947,2,0,8000,8350.98546760686,149.712408316853,8201.27305929001,7997.45964805521,7998.72979919108,2.54030227174175,90.7380967419165,89.4427186406696,89.4427190999916,3.89611235242434,2.26450250145723,0.00292419197940106
"quadneg",16000,947,2,1,8000,8193.51747081659,148.868665312278,8044.64880550432,7997.40850631986,7998.67746607618,2.53791951264669,90.7351933474242,89.4424604747437,89.4427190999916,2.16133296532291,0.513976686063042,0.0619345226361996
"quadneg",16000,947,5,0,3200,3427.53505292641,59.9129920996566,3367.62206082676,3197.7408818893,3198.19268336698,2.25900738839719,71.8146497850001,71.5541729025124,71.5541752799933,3.19982304063417,2.36784761233446,0.00245832144736137
"quadneg",16000,947,5,1,3200,3337.96909153111,59.5547611780428,3278.41433035307,3197.71600417838,3198.16582787808,2.24911849848579,71.8131721987006,71.5535070497267,71.5541752799933,1.95302732157084,1.12151739004525,0.0414975655182747
"quadneg",16000,947,10,0,1600,1804.24162515535,29.9504377994838,1774.29118735587,1597.83565959065,1598.05207422852,2.1641463786701,53.7525373286446,53.6656250558103,53.665631459995,3.83992971908897,3.2840223689572,0.000220933746113006
"quadneg",16000,947,10,1,1600,1770.27720979985,29.7283656386954,1740.54884416115,1597.81781903008,1598.03408063076,2.16261600678874,53.7516324864744,53.6650168707498,53.665631459995,3.20844935850401,2.65563623828982,0.00155851498229141
"quadneg",16000,947,25,0,640,847.638900298255,11.9789404014359,835.659959896819,637.896526964658,637.980647974489,2.10302524577039,35.0755172215373,35.0542193057476,35.0542436803306,5.97973714853189,5.63924445722625,4.52599304639185e-08
"quadneg",16000,947,25,1,640,835.866692822995,11.9132611802137,823.953431642781,637.889377603337,637.973452857831,2.10188136234715,35.0749970882501,35.0537759483636,35.0542436803306,5.64440004717716,5.30556191889028,1.98622950226518e-07
"quadneg",16000,947,50,0,320,551.708192951936,6.0006932543886,545.707499697547,317.91496811009,317.956651636852,2.08417633810765,25.0513462016046,25.0438945804701,25.0439613479976,9.332561330651,9.09406671270294,8.35799752584431e-15
"quadneg",16000,947,50,1,320,522.183631528341,5.96062596229503,516.223005566046,317.91343740666,317.955065904213,2.08142487764865,25.0509876189251,25.0435633854787,25.0439613479976,8.15417728151214,7.91692206935684,3.9093585236343e-12
"quadneg",16000,948,2,0,8000,8253.56209505689,136.411639961488,8117.1504550954,7997.46495179637,7998.73245009952,2.53499660628658,90.6268188869815,89.4427185984632,89.4427190999916,2.8258427958272,1.32395355207725,0.0224935009714725
"quadneg",16000,948,2,1,8000,8282.18827724386,136.5545274124,8145.63374983146,7997.46557087908,7998.73099735172,2.53085294529897,90.6273443769905,89.4427028324292,89.4427190999916,3.14168652212072,1.64242300185134,0.0130015006070996
"quadneg",16000,948,5,0,3200,3440.74727884691,54.5407827707468,3386.20649607616,3197.74085099984,3198.19265891358,2.25903956869971,71.7921641420354,71.5541729313282,71.5541752799933,3.38486004358771,2.62757334003454,0.00148896880255928
"quadneg",16000,948,5,1,3200,3434.12692017634,54.6416085256927,3379.48531165065,3197.73312363064,3198.18603335441,2.26454861887912,71.792297121473,71.5541307326894,71.5541752799933,3.29274596334094,2.53373601830941,0.00191944352497848
"quadneg",16000,948,10,0,1600,1747.80855247426,27.2890884380983,1720.51946403616,1597.83720362163,1598.05346404073,2.16260419096005,53.7450276995849,53.6656251277877,53.665631459995,2.79042276600745,2.28201944361617,0.00489625777003378
"quadneg",16000,948,10,1,1600,1804.81542116277,27.3379666452887,1777.47745451748,1597.83527271475,1598.05160087787,2.16328163119133,53.745054796154,53.6655858818286,53.665631459995,3.85114777969908,3.3434062200439,0.000213273454598334
"quadneg",16000,948,25,0,640,803.319682766762,10.9085127051932,792.411170061568,637.894220908781,637.978434599913,2.10534227830407,35.0736766842034,35.0542198910798,35.0542436803306,4.71651327995749,4.4055390746537,8.62028422628929e-06
"quadneg",16000,948,25,1,640,865.033162936494,10.9230077548976,854.110155181596,637.894185025834,637.978378648349,2.1048405628932,35.0736655151875,35.0541911741194,35.0542436803306,6.47605474290407,6.16564722488357,4.57132502658436e-09
"quadneg",16000,948,50,0,320,512.474424080775,5.45214583731297,507.022278243462,317.91403066268,317.955733261815,2.08512995673679,25.0507031563155,25.0438958538433,25.0439613479976,7.76666396164789,7.54940629385472,2.6593182981941e-11
"quadneg",16000,948,50,1,320,534.246837350144,5.46228906808649,528.784548282058,317.912708758893,317.954432240723,2.08617409149403,25.0506879906144,25.0438743786034,25.0439613479976,8.635855776588,8.41843050536385,3.35450200964788e-13
"quadneg",16000,949,2,0,8000,8461.53405567652,149.520111925738,8312.01394375078,7997.47353561682,7998.73674292219,2.52641461072769,90.7043052627558,89.4427186438137,89.4427190999916,5.11619066719478,3.50254560213173,0.000158034709359279
"quadneg",16000,949,2,1,8000,8231.82127800951,148.204636023948,8083.61664198556,7996.71600833641,7997.98217428689,2.53233190096955,90.6880948062848,89.4391510630759,89.4427190999916,2.5924601258335,0.957460649847587,0.0331570843389411
"quadneg",16000,949,5,0,3200,3415.81692888449,59.8501837878626,3355.96674509663,3197.7519473765,3198.20153632655,2.24794475025532,71.8078194287799,71.5541729673086,71.5541752799933,3.03678601080856,2.2048358918515,0.00376594022287918
"quadneg",16000,949,5,1,3200,3435.7458098236,57.9962272584732,3377.74958256513,3197.26835527043,3197.71800441515,2.24824572362039,71.7951877135628,71.5449450743597,71.5541752799933,3.32163564366752,2.51634239096639,0.00180478107415313
"quadneg",16000,949,10,0,1600,1887.53878676498,29.93076654088,1857.6080202241,1597.8487087579,1598.06381854928,2.15109791379975,53.7502558776394,53.6656250882307,53.665631459995,5.38955718957981,4.83632122514391,6.08208989213029e-07
"quadneg",16000,949,10,1,1600,1842.68354243431,29.0491488915167,1813.63439354279,1597.57240322841,1597.78802002786,2.15616799446391,53.7405543567073,53.6571189595312,53.665631459995,4.56100876032932,4.02269778363848,1.76143606282616e-05
"quadneg",16000,949,25,0,640,905.436062160818,11.9496162965481,893.48644586427,637.902372549702,637.986260030685,2.09718702458607,35.074958308063,35.0542196982009,35.0542436803306,7.6274841800629,7.28871411297448,1.38961695242932e-11
"quadneg",16000,949,25,1,640,858.817616178162,11.6161903609666,847.201425817195,637.787756708128,637.871578722321,2.09555035484425,35.0684449289405,35.0480075068931,35.0542436803306,6.30281325327966,5.97266041596526,1.05222811946255e-08
"quadneg",16000,949,50,0,320,589.665406693088,5.98659876672081,583.678807926367,317.921709921129,317.963258668835,2.07743738529602,25.0511508546077,25.0438948235711,25.0439613479976,10.847553405794,10.6099930194342,1.62420975451784e-18
"quadneg",16000,949,50,1,320,558.644666581853,5.85291435951707,552.791752222336,317.862582581279,317.904125152473,2.07712855969274,25.0464476276833,25.0392985884959,25.0439613479976,9.61342253319959,9.38075905919266,1.84628162941897e-15
"quadneg",16000,950,2,0,8000,8245.81421985157,180.206049506081,8065.60817034549,7997.46371319346,7998.73183186467,2.53623734242593,90.7793946336845,89.442718621064,89.4427190999916,2.73575856790253,0.747700198650545,0.0259015014432841
"quadneg",16000,950,2,1,8000,8292.48607312611,180.779386424648,8111.70668670146,7997.44516498524,7998.71324556192,2.53616115336127,90.7806770739862,89.4426261268521,89.4427190999916,3.25004084184584,1.26330639016894,0.0105641404569889
"quadneg",16000,950,5,0,3200,3485.92779468838,72.0837762392812,3413.8440184491,3197.74684397822,3198.19745231474,2.25304168259548,71.8229992035852,71.5541727985069,71.5541752799933,4.01237700883675,3.0137524857092,0.000227624717461619
"quadneg",16000,950,5,1,3200,3497.8312288506,72.4349432716181,3425.39628557898,3197.74248533613,3198.19154387968,2.2452927177561,71.8232261510014,71.5539402923139,71.5541752799933,4.17815739554172,3.17529322314216,0.00013308002578623
"quadneg",16000,950,10,0,1600,1854.51024686443,36.0411627197232,1818.46908414471,1597.84535861534,1598.06080252511,2.15443909766735,53.7553258336662,53.6656247743166,53.665631459995,4.774687610364,4.10706634920385,7.56884064720629e-06
"quadneg",16000,950,10,1,1600,1904.1345153915,36.2469570891444,1867.88755830236,1597.84045526941,1598.05571156719,2.15256297776904,53.7552880284322,53.6654115652979,53.665631459995,5.6979335681372,5.02804020065784,1.56793209841919e-07
"quadneg",16000,950,25,0,640,935.273961206544,14.3870110808413,920.886950125703,637.897923818926,637.981988686945,2.10162170045562,35.0762006053661,35.0542188976431,35.0542436803306,8.47800024675774,8.07049679996663,1.29192180732123e-13
"quadneg",16000,950,25,1,640,909.237815029894,14.4617114576389,894.776103572255,637.898453038547,637.982380733762,2.09819238038594,35.076091593831,35.054063770221,35.0542436803306,7.7357353588126,7.3256477343618,7.79731867338259e-12
"quadneg",16000,950,50,0,320,555.976963014773,7.20693956774927,548.770023447024,317.917896542236,317.959520959123,2.08122084436445,25.0515833556432,25.0438924411116,25.0439613479976,9.50275529865507,9.21623917011427,3.30939085907442e-15
"quadneg",16000,950,50,1,320,561.997190435002,7.2173301695419,554.77986026546,317.916010148931,317.957642739378,2.08162952233373,25.0514855743423,25.043778104756,25.0439613479976,9.74318187884469,9.45632949371596,8.82316015202672e-16
