"scen","n","rep","m","oracle","G","HL","C","EF","mu","muEF","d","sdHL","sdEF","sdEF_simple","zHL","zEF","pHL_chisq"
"quadpos",1000,301,2,0,500,480.014545864715,-4.41406186995358,484.428607734668,497.469219344187,498.734303303934,2.53016791949489,22.5431099198282,22.360659587315,22.3606797749979,-0.774279748515064,-0.639770732764133,0.710795215559972
"quadpos",1000,301,2,1,500,471.855057207665,-4.85554731037446,476.71060451804,497.458286924163,498.722951914043,2.52932997976123,22.5435854831941,22.3604717212549,22.3606797749979,-1.13572127803645,-0.984431262023841,0.794510649394537
"quadpos",1000,301,5,0,200,231.579754690121,-1.7750284285688,233.35478311869,197.759861499587,198.207572100463,2.23855300438224,17.9249631667364,17.8884107441737,17.8885438199983,1.88674826698079,1.96480344290363,0.0511753583775573
"quadpos",1000,301,5,1,200,207.265671521532,-1.82456695875863,209.090238480291,197.736681843778,198.187536494714,2.25427325468392,17.9246581221602,17.8878505971354,17.8885438199983,0.531613468597981,0.609503189126722,0.311385399370547
"quadpos",1000,301,10,0,100,117.228740279517,-0.87273229183917,118.101472571356,97.8449538354659,98.0601742724993,2.15220437033342,13.4281768936893,13.4160384519931,13.4164078649987,1.44351586946704,1.4938313102315,0.0901845831033564
"quadpos",1000,301,10,1,100,100.880785072106,-0.935529873225276,101.816314945332,97.8453338093631,98.0600744809996,2.14740671636576,13.4277321167361,13.4154883038041,13.4164078649987,0.226058372058233,0.27999282465678,0.400785341975166
"quadpos",1000,301,25,0,40,41.6147746035222,-0.435279311183614,42.0500539147059,37.9048222151793,37.9883737660906,2.0887887727808,8.76508150989065,8.76218032187339,8.76356092008266,0.423265018603255,0.463546742866722,0.316267941694629
"quadpos",1000,301,25,1,40,31.5749265840695,-0.397878712316537,31.972805296386,37.9029789324034,37.9865378983635,2.088974149003,8.76475474342375,8.7618264821715,8.76356092008266,-0.721988524902186,-0.686356048503612,0.759749370702285
"quadpos",1000,301,50,0,20,21.8158947889177,-0.247022500432582,22.0629172893503,17.9320936183804,17.9731931179641,2.05497497918237,6.25788774510151,6.25696811061175,6.26099033699941,0.620624934280329,0.653627140028108,0.240261499550126
"quadpos",1000,301,50,1,20,18.8495639807051,-0.23486196343695,19.0844259441421,17.9284498217745,17.9696050486373,2.05776134314024,6.2576336589902,6.25670346147256,6.26099033699941,0.147198479349658,0.178180235385865,0.401141800672691
"quadpos",1000,302,2,0,500,476.932147970723,-10.6829023220861,487.615050292809,497.449563456267,498.72439362516,2.54966033778493,22.6405713320953,22.3606515670277,22.3606797749979,-0.906223398013785,-0.496825564275271,0.744091762402171
"quadpos",1000,302,2,1,500,494.763047907221,-10.916451839381,505.679499746602,497.452832569466,498.714062715859,2.5224602927859,22.6414182403606,22.3602038237469,22.3606797749979,-0.118799301072511,0.311510444432774,0.532538348002166
"quadpos",1000,302,5,0,200,192.98364179389,-4.26066952670659,197.244311320596,197.737356058036,198.189523466581,2.26083704272502,17.9445644902223,17.888387878042,17.8885438199983,-0.264911096991905,-0.0528394259130224,0.587322099697955
"quadpos",1000,302,5,1,200,196.879963127405,-4.32510006138423,201.20506318879,197.715406925842,198.16898290343,2.26787988794174,17.9438956635866,17.8872490451453,17.8885438199983,-0.04655866340841,0.169734332970745,0.509121132028941
"quadpos",1000,302,10,0,100,97.1843781839508,-2.11936069617267,99.3037388801234,97.8317376800373,98.0482606779218,2.16522997884467,13.4346894103972,13.4160083011702,13.4164078649987,-0.0481856689284965,0.0935806071387213,0.504286895224386
"quadpos",1000,302,10,1,100,104.712219268183,-2.20798723288435,106.920206501067,97.8244774491257,98.040892229024,2.16414779898307,13.4338310518731,13.4149608836793,13.4164078649987,0.512716126357467,0.661896396794243,0.302825116038276
"quadpos",1000,302,25,0,40,46.3446151579774,-0.855770155419281,47.2003853133967,37.9260569611135,38.0087392247994,2.06705659214915,8.76653459996021,8.76206196238189,8.76356092008266,0.960306276199737,1.04902774347633,0.165976255320947
"quadpos",1000,302,25,1,40,50.8845246254674,-0.952018525600838,51.8365431510683,37.9130710911668,37.9961035373626,2.07581115489531,8.76568392050208,8.76115860310812,8.76356092008266,1.47979936898724,1.57974992129415,0.078922098943978
"quadpos",1000,302,50,0,20,27.648298385832,-0.323909260998128,27.9722076468301,17.9364955866527,17.9774964963861,2.05004548667175,6.25825553119444,6.25679620382726,6.26099033699941,1.5518386474906,1.59741676488205,0.0676129548834327
"quadpos",1000,302,50,1,20,30.115119487143,-0.342656904544423,30.4577763916874,17.9333981436132,17.9744198857721,2.05108710794616,6.25764102151859,6.25616033727937,6.26099033699941,1.94669545626534,1.99537029630287,0.0363422039976577
"quadpos",1000,303,2,0,500,495.875959205622,-6.3785212293022,502.254480434924,497.464841011689,498.732016209444,2.53435039550927,22.7398918336149,22.3606499764637,22.3606797749979,-0.0698720036881848,0.157529599058523,0.518450497148455
"quadpos",1000,303,2,1,500,478.483915182539,-6.73373035612627,485.217645538665,495.330153538019,496.597265667631,2.53422425922372,22.6768991205428,22.322690583697,22.3606797749979,-0.742881037920197,-0.509778159863801,0.727564197831466
"quadpos",1000,303,5,0,200,199.436763375644,-2.63395399174281,202.070717367387,197.733633376846,198.18653124147,2.26448932312118,17.9646228691505,17.8883784502556,17.8885438199983,0.0948046619850437,0.217134612660303,0.457983444142586
"quadpos",1000,303,5,1,200,225.008650483928,-3.43988685588074,228.448537339809,196.360599444179,196.807485766471,2.23443161145979,17.8576912250194,17.781866245748,17.8885438199983,1.60424159421077,1.77939993114635,0.0912403156902246
"quadpos",1000,303,10,0,100,93.7208070476711,-1.34827028819302,95.0690773358641,97.8374935242855,98.053415492034,2.15921967748497,13.4413372811933,13.415968574831,13.4164078649987,-0.306270603176841,-0.222446716353277,0.603495347526604
"quadpos",1000,303,10,1,100,122.002388709139,-1.85029974278141,123.85268845192,97.0716912166322,97.2840031041775,2.12311887545349,13.3421373471157,13.3156807825117,13.4164078649987,1.86856849422976,1.995293051981,0.0506745264056448
"quadpos",1000,303,25,0,40,41.6484252487154,-0.548468990225393,42.1968942389408,37.8903237834894,37.9743930727198,2.10173223075887,8.76791678373856,8.76182723182089,8.76356092008266,0.428619654807389,0.48192015826172,0.31497817516278
"quadpos",1000,303,25,1,40,63.0260263469955,-0.663384289325043,63.6894106363206,37.5809066845022,37.6638937395717,2.07467637673843,8.6963665136478,8.68996924441488,8.76356092008266,2.9259483972485,2.99489171535051,0.00654581793934084
"quadpos",1000,303,50,0,20,19.0300087888368,-0.339327783984739,19.3693365728215,17.9114352791291,17.9529027903029,2.07337555868732,6.25821782780949,6.25624255199036,6.26099033699941,0.178736749100854,0.226403271731855,0.389977730216468
"quadpos",1000,303,50,1,20,39.2948802465968,-0.473671087882925,39.7685513344797,17.7702293265156,17.811036174096,2.04034237902213,6.20445722131833,6.20237705461374,6.26099033699941,3.46922384219576,3.54017741376272,0.00260084764458803
"quadpos",1000,304,2,0,500,472.412474184157,-6.45479578183012,478.867269965987,497.434379549915,498.716838533911,2.56491796799101,22.5413448123462,22.3606533399717,22.3606797749979,-1.11004492296544,-0.887700742287384,0.789264361322555
"quadpos",1000,304,2,1,500,507.116183013859,-6.4006861130682,513.516869126927,497.316461377085,498.573765140411,2.51460752665219,22.5390556492012,22.3581025292847,22.3606797749979,0.43478847513834,0.668352959154022,0.37896222990743
"quadpos",1000,304,5,0,200,205.26332198947,-2.67187729331752,207.935199282787,197.726266016824,198.180678519843,2.27206251509363,17.9246029354601,17.8884056734539,17.8885438199983,0.420486635033635,0.545298498983617,0.346777999753512
"quadpos",1000,304,5,1,200,199.828715086258,-2.73834460656611,202.567059692824,197.626774503159,198.081068439472,2.2714696815668,17.9176766762767,17.880872807059,17.8885438199983,0.122892081539453,0.250882118661474,0.45022271619137
"quadpos",1000,304,10,0,100,118.788621146688,-1.28892604238621,120.077547189075,97.8328899918606,98.049298150054,2.16408158193447,13.4280221073332,13.4160114266751,13.4164078649987,1.56059701029116,1.64193725977468,0.0752031208696362
"quadpos",1000,304,10,1,100,108.089454368174,-1.38311937963963,109.472573747814,97.7507854663156,97.9698835665731,2.1909810025748,13.4214185625065,13.4091261859498,13.4164078649987,0.770311189812705,0.857825485548301,0.228263742574859
"quadpos",1000,304,25,0,40,55.3235954093616,-0.448309746203112,55.7719051555647,37.893549105282,37.9775489869094,2.09999704068459,8.76502599624552,8.76216332919037,8.76356092008266,1.98859037172801,2.03081767596993,0.0343395701721574
"quadpos",1000,304,25,1,40,53.2932012300684,-0.341824938151914,53.6350261682204,37.8577658604629,37.9421762490604,2.11025971493821,8.75967546381755,8.75672418961855,8.76356092008266,1.76210128256038,1.79209137793382,0.0508598141009143
"quadpos",1000,304,50,0,20,37.5204368579449,-0.241063120516126,37.761499978461,17.9135599217834,17.9550104802234,2.07252792199673,6.25754296290426,6.25665680633873,6.26099033699941,3.13331878860348,3.16566660299655,0.00448026129885694
"quadpos",1000,304,50,1,20,36.4350549907857,-0.25826243765402,36.6933174284397,17.9088816146983,17.9501454460306,2.063191566617,6.25325075411457,6.25232459629499,6.26099033699941,2.96264680636666,2.99779253199937,0.00620327476320993
"quadpos",1000,305,2,0,500,527.721480677748,-3.79349473012688,531.514975407875,497.480536146172,498.739920112023,2.51876793170235,22.4698834007758,22.3606603305199,22.3606797749979,1.34584341147636,1.46574630674558,0.172412339920343
"quadpos",1000,305,2,1,500,519.901684020596,-2.98360013138916,522.885284151985,497.407912402182,498.668252800764,2.52068079716337,22.4658501952652,22.3597065727889,22.3606797749979,1.00124283848179,1.0830657044799,0.240370604929943
"quadpos",1000,305,5,0,200,226.7235476719,-1.65019714935737,228.373744821258,197.731682289398,198.185033977692,2.26675844147376,17.9102568209903,17.8884164773584,17.8885438199983,1.61872974085579,1.6876122535371,0.0789593318017013
"quadpos",1000,305,5,1,200,204.249369174627,-1.46390706910922,205.713276243736,197.70458267357,198.154335030799,2.24876178614527,17.9062021091748,17.8850865350722,17.8885438199983,0.365503888605328,0.422639342455154,0.365340285977605
"quadpos",1000,305,10,0,100,120.156656950975,-0.815169483991976,120.971826434967,97.837593374875,98.0535795292051,2.15986154330111,13.4233173345636,13.4160789408908,13.4164078649987,1.66270848105709,1.70826714770655,0.0637831844995396
"quadpos",1000,305,10,1,100,98.3230982609377,-0.725238604494041,99.0483368654317,97.8324825109671,98.0465240506109,2.14041539643858,13.4200334471012,13.4130362515703,13.4164078649987,0.0365584595526179,0.0746894883478397,0.471825300124245
"quadpos",1000,305,25,0,40,52.5112496003179,-0.304036352784998,52.8152859531029,37.9027279012089,37.9863900362932,2.09155337710583,8.76403904332278,8.76232694335679,8.76356092008266,1.66687090585693,1.69234679471214,0.0588478265326655
"quadpos",1000,305,25,1,40,45.3118151954965,-0.331602155979741,45.6434173514762,37.8860534426761,37.9699401344863,2.09716729525469,8.76162146046198,8.75997357444357,8.76356092008266,0.847532820988687,0.8759703613007,0.193334244357036
"quadpos",1000,305,50,0,20,36.6029019841601,-0.151850913835593,36.7547528979957,17.9380852363906,17.9791055164172,2.05101400132888,6.25813248727569,6.25760488599833,6.26099033699941,2.98248986989642,3.00045268495456,0.00590106130193863
"quadpos",1000,305,50,1,20,33.3250303587229,-0.184526614692373,33.5095569734153,17.9251320286725,17.9662989040282,2.05834376778458,6.25637279995677,6.25586943988437,6.26099033699941,2.4614738958901,2.48458798872797,0.0152406855184531
"quadpos",1000,306,2,0,500,507.756422308241,-3.51570805106509,511.272130359306,497.529551574054,498.764465781061,2.46982841401414,22.508456159791,22.3606596538939,22.3606797749979,0.454356827566722,0.559360268070947,0.371365135688368
"quadpos",1000,306,2,1,500,478.548059148148,-3.62351517942775,482.171574327576,497.457108301562,498.713989512189,2.51376242125502,22.5064394284852,22.360199465253,22.3606797749979,-0.840161732978575,-0.739815188604178,0.726870558768066
"quadpos",1000,306,5,0,200,189.034299418395,-1.40263269203475,190.43693211043,197.764719913,198.211478199547,2.23379143273389,17.9180081909686,17.8884219566656,17.8885438199983,-0.487242800737473,-0.434613299482216,0.664177650142218
"quadpos",1000,306,5,1,200,186.263076840016,-1.38543287712482,187.648509717141,197.71955150134,198.171855102445,2.26151800552196,17.916329461121,17.8871149003672,17.8885438199983,-0.639443178703858,-0.588319885231367,0.715050121315072
"quadpos",1000,306,10,0,100,94.989368053074,-0.721665373634696,95.7110334267087,97.8481016963955,98.0630374845702,2.14935788174652,13.4259066082387,13.4160801953608,13.4164078649987,-0.212926674282635,-0.175312313553015,0.567307184679433
"quadpos",1000,306,10,1,100,96.0855561733828,-0.649204005561012,96.7347601789439,97.8513600930046,98.0649220463645,2.13561953359891,13.4244774949424,13.4147792579991,13.4164078649987,-0.13153613764759,-0.0991564484094988,0.5358272649572
"quadpos",1000,306,25,0,40,36.8093543906201,-0.264581282398988,37.0739356730191,37.9075223608377,37.9909920355236,2.08674186714917,8.76466546563208,8.76232326047811,8.76356092008266,-0.125294909945355,-0.104659042498562,0.524425006679625
"quadpos",1000,306,25,1,40,35.8175013093593,-0.313148282115784,36.1306495914751,37.9140022886635,37.9970546760403,2.07630968442111,8.7637969391534,8.76148132016732,8.76356092008266,-0.239222906904404,-0.213023918714422,0.57078501980996
"quadpos",1000,306,50,0,20,18.291220397444,-0.0341242431850255,18.325344640629,17.9294804578267,17.9706726401916,2.059609118245,6.25834373300651,6.25760171311616,6.26099033699941,0.0578012258594005,0.0566785833770779,0.436628561744016
"quadpos",1000,306,50,1,20,17.8200052641103,-0.0544268196880067,17.8744320837984,17.9342341763742,17.9752905442057,2.05281839157437,6.25770505930518,6.25697314344719,6.26099033699941,-0.0182541221072749,-0.0161193692373405,0.467568149160687
"quadpos",1000,307,2,0,500,556.502632326395,-2.07018515194802,558.572817478343,497.476688999504,498.738005327933,2.52263265685748,22.5300825695812,22.3606605344391,22.3606797749979,2.6198724813634,2.67589645029738,0.0354072073296504
"quadpos",1000,307,2,1,500,533.747061810403,-1.25048502348279,534.997546833886,496.977499884802,498.248466287647,2.54193280568853,22.5178756891667,22.3530549768008,22.3606797749979,1.6329054495709,1.64402944404597,0.129729492953046
"quadpos",1000,307,5,0,200,214.092679202042,-0.612985219634842,214.705664421677,197.730449008174,198.184029725235,2.26790358530807,17.9223267210294,17.8884055361557,17.8885438199983,0.912952344221556,0.923594596681545,0.205808829777428
"quadpos",1000,307,5,1,200,241.321576208377,-0.621846887921686,241.943423096298,197.451989094947,197.895944767688,2.21977836370566,17.8983860423795,17.8639249966361,17.8885438199983,2.451035920756,2.46572230553504,0.019283652313441
"quadpos",1000,307,10,0,100,113.477832143444,-0.292883686914081,113.770715830358,97.8228654545359,98.0402879861387,2.17422531602732,13.4272858362701,13.4160271153941,13.4164078649987,1.16590701053076,1.17251014096187,0.135832093490032
"quadpos",1000,307,10,1,100,132.297032552062,-0.232978545090737,132.530011097153,97.681674801648,97.8951949225276,2.13520120879596,13.4052418900668,13.3935981569451,13.4164078649987,2.58222552299216,2.58592319769322,0.0119887111925172
"quadpos",1000,307,25,0,40,52.2120094354588,-0.132627744447651,52.3446371799065,37.8901237628434,37.9742555222109,2.10329398418711,8.76480134098873,8.76213292137554,8.76356092008266,1.63402285065366,1.64005519964649,0.0621758872642091
"quadpos",1000,307,25,1,40,68.2954497205381,-0.16222825197134,68.4576779725094,37.8196364682934,37.9035797120443,2.09858109377328,8.74888588997796,8.74610848366782,8.76356092008266,3.48339361554085,3.49345063779174,0.00184217651263056
"quadpos",1000,307,50,0,20,33.9912656139948,0.0108076633626581,33.9804579506322,17.9067231191639,17.9483351306558,2.08060057459106,6.25787492887462,6.25704457424424,6.26099033699941,2.57028826520882,2.5622516556729,0.0126268357137629
"quadpos",1000,307,50,1,20,36.9489591901956,0.0407218367253559,36.9082373534702,17.8891882890229,17.930371333021,2.05915219990686,6.24587825892906,6.24500053129874,6.26099033699941,3.051575793032,3.03888941647576,0.00532131900587082
"quadpos",1000,308,2,0,500,505.444779564258,-15.6690788305514,521.113858394809,497.453821863903,498.726419155498,2.54519458318883,22.9581920823407,22.360626716655,22.3606797749979,0.348065634771877,1.00119909531143,0.399040471662449
"quadpos",1000,308,2,1,500,501.201356451361,-15.5336783426764,516.735034794037,497.396027810784,498.680645887859,2.56923615415077,22.9534464661925,22.3599082436908,22.3606797749979,0.165784630477247,0.807444677742468,0.451315986060819
"quadpos",1000,308,5,0,200,184.105134605077,-6.32128482134719,190.426419426424,197.740625213946,198.192139127761,2.25756956907378,18.0090281583965,17.8883841051181,17.8885438199983,-0.75714749785163,-0.434120804635178,0.752244618630111
"quadpos",1000,308,5,1,200,194.657723904708,-6.1501635967393,200.807887501447,197.711855182383,198.164498175119,2.26321496368252,18.0059981985547,17.886590756998,17.8885438199983,-0.169617437700292,0.147786090834201,0.55383379078467
"quadpos",1000,308,10,0,100,84.5400371328666,-3.20429752456891,87.7443346574356,97.8371282571956,98.0530709922119,2.15942735016339,13.4561087087921,13.415941978256,13.4164078649987,-0.988182498528773,-0.768394522835919,0.831757644783111
"quadpos",1000,308,10,1,100,95.2409032503004,-3.00959594206067,98.2504991923611,97.8207564830664,98.0369601408011,2.1620365773469,13.4539154086605,13.4142055390962,13.4164078649987,-0.191754827825461,0.0159188742812692,0.560092669067737
"quadpos",1000,308,25,0,40,40.9698713534277,-1.25913221721195,42.2290035706396,37.894081173609,37.9780051660943,2.09809981213274,8.77152279090976,8.76184492597021,8.76356092008266,0.350656351597948,0.485171609456966,0.341541637419516
"quadpos",1000,308,25,1,40,43.5685793371751,-1.24110093512274,44.8096802722978,37.889052226725,37.9729621628792,2.09774840385501,8.77025685803128,8.7606926953193,8.76356092008266,0.647589597703644,0.780385563925944,0.246464335466279
"quadpos",1000,308,50,0,20,27.1698279677827,-0.668105348935023,27.8379333167178,17.9111761600177,17.9526693492392,2.07465946107234,6.25976607858108,6.25655700066867,6.26099033699941,1.47907313013583,1.57998464114082,0.0758647985662507
"quadpos",1000,308,50,1,20,34.0100402914391,-0.582559600391446,34.5925998918306,17.9034693025887,17.9450614661946,2.07960818029355,6.25886885537146,6.25570263179803,6.26099033699941,2.57339966071145,2.66117803314623,0.0125596104550123
"quadpos",1000,309,2,0,500,520.948821329032,-6.08400205735521,527.032823386387,497.4596218847,498.729364754106,2.53948573881298,22.7073381806902,22.3606441904388,22.3606797749979,1.03443209668262,1.26577116433809,0.230461226759601
"quadpos",1000,309,2,1,500,484.553055704661,-8.3811301888162,492.934185893478,496.601941771985,497.878333998279,2.55278445258689,22.6877609494239,22.3475993110502,22.3606797749979,-0.531074269258365,-0.221238444272458,0.65865869435628
"quadpos",1000,309,5,0,200,204.298735439905,-2.43072548762742,206.729460927532,197.756266642267,198.204652912238,2.24193134985536,17.9580725598602,17.8883862347025,17.8885438199983,0.364319098045169,0.476555453546539,0.364427352095516
"quadpos",1000,309,5,1,200,208.889352402864,-3.61648614167148,212.505838544536,197.177371960986,197.630465201918,2.26546620466284,17.9172355641123,17.8464880124483,17.8885438199983,0.65367117600092,0.833518243602989,0.284051502714784
"quadpos",1000,309,10,0,100,129.300047533526,-1.22619214718417,130.52623968071,97.8296847944152,98.0463738221022,2.16689027687051,13.4391211907123,13.4159523575598,13.4164078649987,2.34169796466004,2.42098846156871,0.0187358017430338
"quadpos",1000,309,10,1,100,106.699418475005,-1.97151452190541,108.67093299691,97.516281284266,97.7323710840811,2.16089799815188,13.4001116448943,13.3760404525797,13.4164078649987,0.685303035832372,0.817772789459482,0.25745953934377
"quadpos",1000,309,25,0,40,62.2228879680752,-0.50593269793697,62.7288206660122,37.8849425030775,37.9692366268123,2.10735309336855,8.76744501219021,8.76187969749652,8.76356092008266,2.77594503657089,2.82583017503359,0.00787020998347475
"quadpos",1000,309,25,1,40,45.9527424760009,-0.692546943809979,46.6452894198108,37.7653777400439,37.8489966604448,2.09047301002106,8.73862369228158,8.73276212697797,8.76356092008266,0.936916959038809,1.0072749757138,0.176000525893685
"quadpos",1000,309,50,0,20,28.9554677773044,-0.108756234513578,29.064224011818,17.9051238503985,17.946742904167,2.08095268842826,6.25844368819965,6.25663786245244,6.26099033699941,1.76566962609913,1.77690979597358,0.0489260364521634
"quadpos",1000,309,50,1,20,26.4950476415336,-0.255580242315517,26.7506278838491,17.8474805301321,17.8888419930113,2.06807314395545,6.23671845865363,6.23483682933412,6.26099033699941,1.38655723658693,1.42133405146134,0.0889658806373412
"quadpos",1000,310,2,0,500,542.582452855794,-4.03925187604028,546.621704731834,497.498460140858,498.748957294081,2.50099430644589,22.4489976614155,22.360663300286,22.3606797749979,2.00828533170659,2.14093592819052,0.0817282530946268
"quadpos",1000,310,2,1,500,480.690823368796,-3.64533610687912,484.336159475675,497.369405417966,498.624821391791,2.51083194765008,22.4425841178122,22.3588653153818,22.3606797749979,-0.743166738804039,-0.639060243646882,0.703246427174927
"quadpos",1000,310,5,0,200,193.651791484289,-1.68228578429724,195.334077268586,197.773753923126,198.21873930836,2.22492692616923,17.9060948515556,17.888438162527,17.8885438199983,-0.230198849777646,-0.161258462788382,0.573995218615743
"quadpos",1000,310,5,1,200,160.149690268156,-1.48908697939051,161.638777247547,197.680275708649,198.129352567833,2.24538429591896,17.8996203574727,17.8829894510968,17.8885438199983,-2.09672522047789,-2.04051875219597,0.977507413891649
"quadpos",1000,310,10,0,100,94.7946286939538,-0.839292615372595,95.6339213093264,97.8464081247209,98.061509865654,2.15101740933139,13.4219227385203,13.416078245291,13.4164078649987,-0.227372746082694,-0.180946213337695,0.57288618443191
"quadpos",1000,310,10,1,100,76.9802518681645,-0.830934073316831,77.8111859414813,97.8052643784911,98.0203462176282,2.15081839137074,13.4164702188535,13.4109480334542,13.4164078649987,-1.5521975728804,-1.50691511336367,0.942490459423114
"quadpos",1000,310,25,0,40,34.996854167437,-0.298080898139152,35.2949350655761,37.9174027376503,38.0004821668444,2.07698572985241,8.76372284835381,8.76235299646892,8.76356092008266,-0.333254328183361,-0.308769471209223,0.609080195799826
"quadpos",1000,310,25,1,40,34.6479953958545,-0.273433698922876,34.9214290947774,37.8936081331826,37.9769236671576,2.08288834937401,8.75984356724076,8.75854587186129,8.76356092008266,-0.370510353571356,-0.348858659540353,0.625245182275924
"quadpos",1000,310,50,0,20,19.1368901814595,-0.15784925049857,19.2947394319581,17.9385923294962,17.9796070377937,2.05073541487707,6.25808142719038,6.2576767467327,6.26099033699941,0.191480067158746,0.210163044112339,0.383439728034253
"quadpos",1000,310,50,1,20,21.1898157211631,-0.140293152292159,21.3301088734553,17.9333748961465,17.9743173698763,2.04712368649129,6.25533603976992,6.25495438696211,6.26099033699941,0.520586073124289,0.536501354921763,0.269945020516368
"quadpos",1000,311,2,0,500,484.954894640007,-8.06857479692993,493.023469436937,497.476238479802,498.737713594315,2.52295022902533,22.5389226629106,22.360647547172,22.3606797749979,-0.555543138732172,-0.255549135834416,0.653889476689354
"quadpos",1000,311,2,1,500,473.521283743436,-8.07120353763422,481.59248728107,497.458629583653,498.728860448458,2.54046172960964,22.5389896687142,22.3606457293364,22.3606797749979,-1.0620416528006,-0.766363072641734,0.778610734684079
"quadpos",1000,311,5,0,200,210.003065112076,-3.307584104563,213.310649216639,197.748578524086,198.198527687339,2.24974581626341,17.9240966353105,17.8883984444545,17.8885438199983,0.683687821892732,0.844800141064915,0.266069125203035
"quadpos",1000,311,5,1,200,220.356073283402,-3.33713024042442,223.693203523826,197.738505442662,198.190458324353,2.25976440845075,17.9241060494265,17.8883943192824,17.8885438199983,1.26185193160374,1.42565871169238,0.132009717404439
"quadpos",1000,311,10,0,100,117.180103172713,-1.57209204430347,118.752195217016,97.8357191542332,98.0518401810661,2.1612102683285,13.4278428250544,13.416002878814,13.4164078649987,1.44061740001797,1.54295994290814,0.0906872547419753
"quadpos",1000,311,10,1,100,124.654528917831,-1.60205324284021,126.256582160672,97.8225732455783,98.0400054053677,2.17432159789373,13.4278431499819,13.4159986174341,13.4164078649987,1.99823272975074,2.10320361233762,0.0358500167433136
"quadpos",1000,311,25,0,40,52.6424344911886,-0.582904805468118,53.2253392966567,37.887268326215,37.9715183345519,2.10625020842273,8.76496285042198,8.76215333774937,8.76356092008266,1.68342597872657,1.7408758297333,0.0574373581531905
"quadpos",1000,311,25,1,40,52.2840212378363,-0.582597266148149,52.8666185039845,37.8852247813308,37.9695558528141,2.10827678708349,8.76496083158561,8.76214972566665,8.76356092008266,1.6427679179829,1.70016070457378,0.0613607356634689
"quadpos",1000,311,50,0,20,39.9987496094468,-0.295488076766524,40.2942376862133,17.9187267915944,17.9600902314166,2.06817199110836,6.25776409878709,6.25690489993351,6.26099033699941,3.52842045006651,3.56952004417297,0.00208807737626519
"quadpos",1000,311,50,1,20,39.8402412392686,-0.295295171902243,40.1355364111709,17.9180836646953,17.9594597073158,2.06880213102741,6.25776093066106,6.25690090757637,6.26099033699941,3.50319512322077,3.54425889612578,0.00219433798403472
"quadpos",1000,312,2,0,500,488.749342810677,-5.37965839271277,494.12900120339,497.457494234045,498.728342920406,2.54169737272196,22.6834781998243,22.3606496713553,22.3606797749979,-0.383898419221945,-0.205689091534228,0.607878574573337
"quadpos",1000,312,2,1,500,518.292854746444,-4.82507579445203,523.117930540896,497.426068443979,498.675990483008,2.49984407805852,22.6836414620842,22.3592937911871,22.3606797749979,0.919904607791658,1.09314454589445,0.256064214472229
"quadpos",1000,312,5,0,200,194.832781771194,-2.14634942910828,196.979131200302,197.737183997578,198.189385233677,2.26100618049556,17.9532388513016,17.8883876335608,17.8885438199983,-0.161775947529001,-0.067655847925837,0.550316550241807
"quadpos",1000,312,5,1,200,213.085095567857,-2.15301942971899,215.238114997576,197.715433797737,198.163126438923,2.23846320592751,17.9505607297878,17.8850126624573,17.8885438199983,0.85622181955659,0.954709335738738,0.219785547596567
"quadpos",1000,312,10,0,100,113.278755132315,-1.08195371606198,114.360708848377,97.831080317108,98.0476462079032,2.16565890795228,13.4375301868065,13.4159753090061,13.4164078649987,1.14959182234052,1.2159431025132,0.138665418630181
"quadpos",1000,312,10,1,100,106.169142099863,-1.13598854591446,107.305130645778,97.8197802690457,98.035053146123,2.1527287707736,13.4347740058594,13.4129350103652,13.4164078649987,0.621473932287654,0.691129681347954,0.269157694980303
"quadpos",1000,312,25,0,40,40.4115985230165,-0.52110987169776,40.9327083947142,37.9024739972009,37.9860859598511,2.09029906625714,8.76717584608019,8.76199113383579,8.76356092008266,0.286195300501183,0.336295984537609,0.364236719821626
"quadpos",1000,312,25,1,40,50.1441755155683,-0.451920140288171,50.5960956558564,37.8945293552295,37.9780488195032,2.08798660684262,8.76506372545412,8.75979874838547,8.76356092008266,1.39755357679434,1.4404493983014,0.0897882171260516
"quadpos",1000,312,50,0,20,31.6768997490022,-0.327350643621622,32.0042503926238,17.9228245244139,17.9640866037911,2.06310396886067,6.25827796749798,6.25660080044204,6.26099033699941,2.19774118312086,2.2440561954729,0.0240039128654032
"quadpos",1000,312,50,1,20,33.6856799723016,-0.284915279739148,33.9705952520407,17.9276219273055,17.9686933805557,2.05357266250877,6.25684526203297,6.25513775697573,6.26099033699941,2.51853088658229,2.55820135274235,0.0137691959391179
"quadpos",1000,313,2,0,500,513.191041194418,-6.01500501203983,519.206046206457,497.479278362605,498.739343645821,2.52013056643217,22.4910883328291,22.3606628946368,22.3606797749979,0.69857725865933,0.915299454988218,0.309379298818716
"quadpos",1000,313,2,1,500,542.895046853262,-6.01592207033781,548.9109689236,497.438843980251,498.715590256401,2.55349255229881,22.4912874248248,22.360572605718,22.3606797749979,2.0210582886793,2.24481633598074,0.0803242430815847
"quadpos",1000,313,5,0,200,200.184315399971,-2.34974719451472,202.534062594486,197.761485287185,198.20890441337,2.23709563092567,17.914526430452,17.8884277118097,17.8885438199983,0.135243882789286,0.24178526200264,0.443206841958804
"quadpos",1000,313,5,1,200,219.938384468878,-2.3851425898097,222.323527058688,197.742963501004,198.193077673685,2.25057086340294,17.9142967228288,17.8880536816696,17.8885438199983,1.23897808053999,1.34897009000652,0.136236894444831
"quadpos",1000,313,10,0,100,112.743536568375,-1.16159987210194,113.905136440477,97.8512554211959,98.0658656656448,2.14610244448818,13.4247286635382,13.4160672087444,13.4164078649987,1.10931710579948,1.1806195160165,0.146498367938561
"quadpos",1000,313,10,1,100,109.918686191938,-1.2620672717716,111.18075346371,97.8392365853859,98.0547714617016,2.15534876315714,13.4244424769747,13.4157236340794,13.4164078649987,0.899810150572021,0.978402832379802,0.193174168054924
"quadpos",1000,313,25,0,40,43.0103967431923,-0.441265290741354,43.4516620339336,37.8918405517208,37.9759309486144,2.10225992234093,8.76434041361232,8.76228655402492,8.76356092008266,0.584020696357439,0.62492033917836,0.265324364723935
"quadpos",1000,313,25,1,40,44.4464604653299,-0.3665786361564,44.8130391014863,37.8930680034326,37.9770703761343,2.10005931754048,8.76414840680687,8.76207938887736,8.76356092008266,0.747750055990316,0.780176533669586,0.21861062144085
"quadpos",1000,313,50,0,20,31.6893783743911,-0.158275811762411,31.8476541861535,17.9244611150549,17.9657524056712,2.06456453081646,6.25821869099541,6.25757956037539,6.26099033699941,2.19949444706075,2.21841394848354,0.023922985424128
"quadpos",1000,313,50,1,20,35.7739889443555,-0.171094005279569,35.9450829496351,17.9190890922733,17.9604777727928,2.06943402597523,6.25806908017344,6.25742445723932,6.26099033699941,2.85310047289977,2.87412262021567,0.00754145331183116
"quadpos",1000,314,2,0,500,494.762608792647,-1.53119979482972,496.293808587477,497.46994907864,498.734623864529,2.52934957177617,22.4995693642485,22.360658057542,22.3606797749979,-0.120328537945066,-0.109156683616863,0.532543903852602
"quadpos",1000,314,2,1,500,495.278770475394,-1.57157631470498,496.850346790099,497.454221930562,498.725463885254,2.54248390938503,22.4991509876622,22.3606196342237,22.3606797749979,-0.0966903798441247,-0.0838580113533578,0.526011410542921
"quadpos",1000,314,5,0,200,191.885569566889,-0.730007098437115,192.615576665326,197.752853832671,198.201970608033,2.24558387680997,17.9162241030581,17.8884157114509,17.8885438199983,-0.3274844203797,-0.312291151593244,0.609066348136347
"quadpos",1000,314,5,1,200,187.546055734401,-0.663408253957119,188.209463988358,197.756202137384,198.204252337566,2.24025100091021,17.9159511079347,17.8882689772902,17.8885438199983,-0.5698913968604,-0.558734238729146,0.691889189541131
"quadpos",1000,314,10,0,100,87.7135721623301,-0.349028088668383,88.0626002509984,97.8523022829244,98.0668042366196,2.14501953695157,13.425286091873,13.4160608826313,13.4164078649987,-0.755196578397819,-0.745688624488336,0.762410797374799
"quadpos",1000,314,10,1,100,89.4228066342698,-0.301186367762169,89.723993002032,97.8365802742038,98.0525393024649,2.159590282611,13.4251002449318,13.4159185600049,13.4164078649987,-0.626719613740705,-0.620795830205889,0.720222933759038
"quadpos",1000,314,25,0,40,26.3609289767173,-0.135118366691652,26.496047343409,37.9168313430511,37.999903698914,2.07680889657269,8.76437499484318,8.76218690209258,8.76356092008266,-1.31850843592762,-1.31289785119257,0.922751904589833
"quadpos",1000,314,25,1,40,26.6817830538593,-0.132864186926045,26.8146472407853,37.9118313446639,37.9950845307082,2.08132965110617,8.7642606509443,8.76208487971181,8.76356092008266,-1.28134576755139,-1.27600193828419,0.915735862101873
"quadpos",1000,314,50,0,20,14.1194614954054,-0.0116671545499579,14.1311286499554,17.9410193659731,17.9819618106199,2.04712223234204,6.25798866237279,6.25730422680192,6.26099033699941,-0.610668711106081,-0.615414085856696,0.721271163704859
"quadpos",1000,314,50,1,20,12.5427603608699,-0.010056746290651,12.5528171071605,17.9411753134286,17.9821092226879,2.0466954629657,6.25790118966993,6.25722069432581,6.26099033699941,-0.862655831234599,-0.867684293195982,0.817988665092714
"quadpos",1000,315,2,0,500,492.208636630019,-7.06200346538607,499.270640095405,497.479396256461,498.739293922591,2.51979533225915,22.5866010254565,22.3606491982502,22.3606797749979,-0.233357804501088,0.0237625557336459,0.56477064896388
"quadpos",1000,315,2,1,500,458.138714852956,-8.43191456629174,466.570629419248,497.142219291318,498.416136682311,2.54783478198773,22.5800524020131,22.3552783674236,22.3606797749979,-1.72734339778963,-1.42451848461297,0.899225112196997
"quadpos",1000,315,5,0,200,175.956249767118,-2.69200269844797,178.648252465566,197.741475172131,198.19281797794,2.25671402904788,17.9336724036287,17.8883860231175,17.8885438199983,-1.21476655281184,-1.09258406471756,0.868198052598938
"quadpos",1000,315,5,1,200,220.682256240323,-3.07019314199403,223.752449382317,197.551900096908,197.999244810402,2.23672356746695,17.9187462826787,17.8725256542575,17.8885438199983,1.29084679131676,1.44093817908611,0.128775730105278
"quadpos",1000,315,10,0,100,98.1421623244626,-1.39969578108524,99.5418581055478,97.8205524391953,98.0381750750498,2.17622635854459,13.4310109682696,13.4159807150021,13.4164078649987,0.0239453222119373,0.112081484197172,0.476959536369615
"quadpos",1000,315,10,1,100,105.016295815746,-1.65121911397447,106.66751492972,97.7257243092646,97.9412408887717,2.1551657950708,13.4170035577826,13.4015095437908,13.4164078649987,0.54338298973262,0.65114112797775,0.295618437027315
"quadpos",1000,315,25,0,40,39.6945451210784,-0.605875187060099,40.3004203081385,37.8725227593342,37.9573446458052,2.12054716177577,8.76561234860592,8.76204727410805,8.76356092008266,0.207860248580802,0.267411894621599,0.394407801038484
"quadpos",1000,315,25,1,40,43.1697547680145,-0.649377918671471,43.819132686686,37.8397127993934,37.9239232473627,2.10526119923211,8.75548790210675,8.7517827607208,8.76356092008266,0.608765842431081,0.673600979423511,0.259849653326787
"quadpos",1000,315,50,0,20,29.6844780428032,-0.355142021830388,30.0396200646336,17.88468593949,17.9267109789469,2.10125197284297,6.25770714791938,6.25659871973341,6.26099033699941,1.88564146969333,1.9360214116789,0.0406293068955452
"quadpos",1000,315,50,1,20,30.5824620276665,-0.365557116001137,30.9480191436676,17.881702182358,17.9232883700815,2.0793093861751,6.25005507036404,6.24889077123055,6.26099033699941,2.03210366985914,2.08432684302166,0.0321542077895856
"quadpos",1000,316,2,0,500,499.662650414108,-7.44477332509468,507.107423739203,497.442914951926,498.721026174831,2.55622244580948,22.6365222043292,22.3606404487108,22.3606797749979,0.0980599158362669,0.375051760418417,0.470606689585669
"quadpos",1000,316,2,1,500,542.073881455547,-5.64881617563016,547.722697631177,496.778971808056,498.050054222397,2.54216482868176,22.6206797666875,22.3484825033384,22.3606797749979,2.00236730790888,2.22264054847394,0.084053083892258
"quadpos",1000,316,5,0,200,214.295709121124,-3.0238821263428,217.319591247467,197.712089080487,198.16928567836,2.28598298936973,17.9437189926416,17.8883740399471,17.8885438199983,0.924201947625133,1.07054478659386,0.203062848498053
"quadpos",1000,316,5,1,200,227.530853040208,-2.6953967606489,230.226249800857,197.288536658473,197.745786576466,2.286249589967,17.912508715892,17.8562896131219,17.8885438199983,1.6883350546484,1.81899285507344,0.073649700696661
"quadpos",1000,316,10,0,100,111.381066541728,-1.52765745816939,112.908723999897,97.8095201558257,98.0282463529033,2.18726197077585,13.4343609859568,13.4159776611,13.4164078649987,1.01021153146688,1.10916088434915,0.167879499135427
"quadpos",1000,316,10,1,100,120.076487154945,-1.22442623252543,121.30091338747,97.5737893462599,97.7916572247257,2.17867878465841,13.4044468601121,13.3854004822244,13.4164078649987,1.67874870507687,1.75633565794049,0.064410652228371
"quadpos",1000,316,25,0,40,54.1396000722525,-0.672548014615592,54.8121480868681,37.8541670255663,37.9396979485292,2.13827307407371,8.76628670870577,8.76190961411718,8.76356092008266,1.85773447616232,1.92565900373521,0.0432829107341104
"quadpos",1000,316,25,1,40,56.6277044394775,-0.654233551458744,57.2819379909362,37.77463822594,37.8591860205109,2.11369486427236,8.74425051212091,8.73966488255858,8.76356092008266,2.15605284722849,2.22236804630651,0.0264103256045761
"quadpos",1000,316,50,0,20,30.3544289659178,-0.356125506064437,30.7105544719822,17.8816313251468,17.9237202641956,2.10444695243904,6.25803172697846,6.25664029776641,6.26099033699941,1.9930863544524,2.04372212549145,0.034139917544628
"quadpos",1000,316,50,1,20,33.7799221910673,-0.240467966833579,34.0203901579009,17.851098730342,17.8926880413298,2.07946554939173,6.24094415700565,6.23946800753159,6.26099033699941,2.55230988453001,2.58478801351389,0.013407036716353
"quadpos",1000,317,2,0,500,506.09036323677,-1.15801561426916,507.248378851039,497.496837292402,498.748060388802,2.50244619280061,22.5057464722248,22.3606573212916,22.3606797749979,0.38183696572667,0.380146179966854,0.391245037408773
"quadpos",1000,317,2,1,500,512.247768374856,-0.144736977482449,512.392505352338,497.360858107027,498.637926917456,2.55413762085731,22.5046850557074,22.3594662194578,22.3606797749979,0.661502715144782,0.615156833346621,0.319785336932515
"quadpos",1000,317,5,0,200,195.900875256519,-0.561036533817768,196.461911790337,197.743410081289,198.194422115375,2.25506017043233,17.9174712105817,17.8884189696005,17.8885438199983,-0.102834535248591,-0.0968509474192826,0.528826793801257
"quadpos",1000,317,5,1,200,229.34255503738,-0.619364706955808,229.961919744336,197.676265366965,198.129714407688,2.26724520361092,17.9137426942065,17.8843637716784,17.8885438199983,1.76770930625548,1.77989028533729,0.0627705942914568
"quadpos",1000,317,10,0,100,105.943115171374,-0.319151457125847,106.2622666285,97.8406108687749,98.056267007137,2.15656138362075,13.4256809976765,13.4160410660667,13.4164078649987,0.603507881946651,0.611655821635671,0.274235791867507
"quadpos",1000,317,10,1,100,116.712452580091,-0.281000434370865,116.993453014462,97.8026183436179,98.0189006695278,2.16282325909911,13.4219233844681,13.4121150081867,13.4164078649987,1.40887663375844,1.41473230235143,0.0956343077488146
"quadpos",1000,317,25,0,40,47.0209481067148,-0.0372368164472932,47.0581849231621,37.88866127928,37.9728516655001,2.10475965550133,8.76442313672396,8.76213804235514,8.76356092008266,1.0419723791255,1.03688542839027,0.149680540470738
"quadpos",1000,317,25,1,40,59.5307566864263,-0.0282875682042747,59.5590442546306,37.8781318234427,37.9622001234652,2.10170750056285,8.76158403197408,8.759244113014,8.76356092008266,2.47131395235903,2.46560591901737,0.0143253186919268
"quadpos",1000,317,50,0,20,29.5676767347993,0.00239578367063436,29.5652809511286,17.9072427223845,17.948853840185,2.08055589002703,6.25791011047089,6.25719664156705,6.26099033699941,1.86331120239395,1.85649065809675,0.0418676479914869
"quadpos",1000,317,50,1,20,33.4849209071636,-0.0187623625113711,33.503683269675,17.9079688733178,17.9494282191492,2.07296729156972,6.25581259361739,6.255077032479,6.26099033699941,2.48999659128832,2.48666083083575,0.0145711843045531
"quadpos",1000,318,2,0,500,503.274099763973,-6.41124192933792,509.685341693311,497.436055688783,498.717684781388,2.56325818521085,22.5697022208312,22.3606606263725,22.3606797749979,0.258667306199648,0.490488948210578,0.425580406422047
"quadpos",1000,318,2,1,500,541.564895856493,-6.18156641738003,547.746462273873,497.358045747216,498.638843030397,2.56159456636177,22.5685808289142,22.3594422210098,22.3606797749979,1.95877846482226,2.19628105021928,0.0864306631961541
"quadpos",1000,318,5,0,200,181.623989674682,-2.52323632834049,184.147226003023,197.733752669182,198.186690191043,2.26468760930418,17.9303317381762,17.8884175951915,17.8885438199983,-0.898464302263858,-0.784835445243308,0.791899090598084
"quadpos",1000,318,5,1,200,207.772885715063,-2.50269868440173,210.275584399465,197.657625070869,198.115657890878,2.29016410004876,17.9268791332763,17.8846370651457,17.8885438199983,0.564251065062328,0.679909045081185,0.302709079215625
"quadpos",1000,318,10,0,100,109.341068901234,-1.25883963714781,110.599908538382,97.8181608669635,98.0360680467877,2.17907179824303,13.4299782511058,13.4160499136215,13.4164078649987,0.85799900929265,0.936478365277836,0.203840718310912
"quadpos",1000,318,10,1,100,105.530629181311,-1.34984569862741,106.880474879938,97.7688853904519,97.9888530768599,2.19967686407981,13.4265780424901,13.4124847459719,13.4164078649987,0.578088010682662,0.662936209918032,0.283642202248115
"quadpos",1000,318,25,0,40,54.2027517467091,-0.484488894857376,54.6872406415665,37.8974041597744,37.9812674713974,2.09658279057592,8.76560442715222,8.76226116801064,8.76356092008266,1.86015097104171,1.90658242773674,0.0427590897805638
"quadpos",1000,318,25,1,40,55.5681559951415,-0.535363583887696,56.1035195790292,37.8612906948206,37.9460914843656,2.12001973862497,8.76295063383551,8.75956441570027,8.76356092008266,2.02065103869822,2.0728688360484,0.0327094110921944
"quadpos",1000,318,50,0,20,23.6422223570237,-0.185526033127488,23.8277483901512,17.9202816679691,17.9616418867282,2.06801093795473,6.25842891970646,6.25734801279583,6.26099033699941,0.914277490799243,0.937474868175346,0.167102028155243
"quadpos",1000,318,50,1,20,32.3650352906539,-0.252746381258902,32.6177816719128,17.9088358838136,17.9502965002984,2.07303082424464,6.25646001770636,6.25536401018396,6.26099033699941,2.31060365860693,2.3447852351574,0.0198965456587103
"quadpos",1000,319,2,0,500,534.879404096163,-4.6619854559773,539.54138955214,497.496264161072,498.747872751861,2.50321718157774,22.4247921981537,22.3606666248743,22.3606797749979,1.6670450992259,1.82434260501431,0.122636691910991
"quadpos",1000,319,2,1,500,485.25429131195,-4.722509967366,489.976801279316,497.470416710559,498.733097329504,2.52536123788954,22.4244456379627,22.3606227930462,22.3606797749979,-0.544768222850881,-0.391594461890881,0.650321833354593
"quadpos",1000,319,5,0,200,239.550712544911,-1.79445974139969,241.345172286311,197.751008548365,198.200550408018,2.24770929826773,17.9012464902904,17.8884409632236,17.8885438199983,2.33501639225059,2.41187155252896,0.0232662449435321
"quadpos",1000,319,5,1,200,195.504765122022,-1.76689751707715,197.271662639099,197.720964453432,198.17605247201,2.27544009288896,17.9009971924499,17.8882728038305,17.8885438199983,-0.123803121557098,-0.0505576945761435,0.536800449049272
"quadpos",1000,319,10,0,100,146.133370564247,-0.857564530531066,146.990935094778,97.8427254517583,98.0582242686804,2.15498816922095,13.4203530666994,13.4161168065601,13.4164078649987,3.59831405869004,3.6473080498353,0.00117448229232129
"quadpos",1000,319,10,1,100,111.076674540622,-0.853961066903217,111.930635607525,97.8421772117202,98.0575922139766,2.1541500225648,13.420156426584,13.4159467612505,13.4164078649987,0.986165653232266,1.03407114238243,0.17294304757143
"quadpos",1000,319,25,0,40,59.7339447472519,-0.320860737188197,60.0548054844401,37.9043655931712,37.9879959377469,2.0907586143903,8.76350444309641,8.76251330500525,8.76356092008266,2.49096457881952,2.51831966224672,0.013706323746714
"quadpos",1000,319,25,1,40,56.6659251493149,-0.341255496399321,57.0071806457142,37.8931291364356,37.9771874818008,2.10145863412853,8.76338216920686,8.76239925089659,8.76356092008266,2.14218616173604,2.17177882666854,0.0262048085314318
"quadpos",1000,319,50,0,20,46.616818648011,-0.145639728557572,46.7624583765686,17.9337358960113,17.9748715317508,2.0567817869713,6.25833931774607,6.2580509814875,6.26099033699941,4.58317794796877,4.60008825910446,0.000241003448691084
"quadpos",1000,319,50,1,20,42.8909743501166,-0.125002630487497,43.0159769806041,17.9305897470462,17.9717824979204,2.05963754371132,6.25824684927093,6.25796135831013,6.26099033699941,3.98839886061354,4.00197333424356,0.000829112288305835
"quadpos",1000,320,2,0,500,465.830189689635,-7.3862469296069,473.216436619242,497.466704540173,498.733036978899,2.53266487745191,22.5358134727369,22.3606614366682,22.3606797749979,-1.40383283207465,-1.14113799504222,0.846352053955066
"quadpos",1000,320,2,1,500,527.519095255817,-7.42457281923313,534.94366807505,497.466728415388,498.732571417754,2.53168600473259,22.5355521306044,22.3606468388653,22.3606797749979,1.33355360748481,1.61941185862108,0.173992503871639
"quadpos",1000,320,5,0,200,209.661968175352,-2.9073158872713,212.569284062623,197.742592688826,198.193775721729,2.25591516451467,17.9235176346552,17.8884233172363,17.8885438199983,0.665013181535293,0.803620759971779,0.271508120715674
"quadpos",1000,320,5,1,200,207.673489388374,-2.92290075106842,210.596390139443,197.757946024827,198.20593786794,2.23995921556636,17.9233845991301,17.8883779405901,17.8885438199983,0.55321824450658,0.692653761713479,0.304399686966244
"quadpos",1000,320,10,0,100,113.503019723259,-1.39913515593546,114.902154879194,97.8356823214819,98.0518401111973,2.16157789715362,13.4277174610246,13.4160546899986,13.4164078649987,1.16679081513692,1.2559813713758,0.135476693125791
"quadpos",1000,320,10,1,100,106.718880849228,-1.38763292824213,108.10651377747,97.8374193169027,98.0533661471875,2.15946830284834,13.427634337345,13.4160080193554,13.4164078649987,0.661431590196326,0.749339715344417,0.257035994463114
"quadpos",1000,320,25,0,40,62.6000161913093,-0.554750552291931,63.1547667436012,37.8943530238749,37.9783534854897,2.10001154036895,8.76514057136763,8.76234430933666,8.76356092008266,2.81862714765104,2.87325085266108,0.00722013423467869
"quadpos",1000,320,25,1,40,59.8991734519307,-0.605268716730805,60.5044421686615,37.8920629803867,37.976150432893,2.1021863126585,8.76510860164905,8.76231974881151,8.76356092008266,2.51076301181296,2.571041959388,0.0132210614293525
"quadpos",1000,320,50,0,20,43.1198515500044,-0.282271829595047,43.4021233795994,17.9238787290672,17.9651744672959,2.06478691143312,6.25836448414202,6.25746713210397,6.26099033699941,4.02596762856828,4.06505513737326,0.000769603706476924
"quadpos",1000,320,50,1,20,43.1442812295362,-0.300422125305591,43.4447033548418,17.9183263604725,17.9597317763397,2.07027079336276,6.25834063076864,6.25744594423319,6.26099033699941,4.03077370781679,4.0727433853406,0.000763501017812987
"quadpos",1000,321,2,0,500,536.295986455853,-8.98619460966705,545.28218106552,497.470634128522,498.73493868272,2.5286091083979,22.6022363808453,22.3606511790582,22.3606797749979,1.71776596232021,2.08165862478966,0.114165582584087
"quadpos",1000,321,2,1,500,515.572905429531,-10.3344817814236,525.907387210954,497.225116550841,498.485782897869,2.52133269405534,22.5972994514707,22.3564075887802,22.3606797749979,0.811946087544341,1.22656577109675,0.283842005692074
"quadpos",1000,321,5,0,200,254.912816853281,-3.55026085154503,258.463077704826,197.769034898167,198.214900231099,2.22932666466213,17.9368425092124,17.8884026016942,17.8885438199983,3.18583284241722,3.36800209695755,0.00394055238964918
"quadpos",1000,321,5,1,200,233.415686761055,-3.89865758597186,237.314344347027,197.599243904395,198.046460849232,2.23608472418592,17.9252832385756,17.8761068057953,17.8885438199983,1.99809634134997,2.19666865522778,0.0430362354479561
"quadpos",1000,321,10,0,100,126.271194403761,-1.76908515110515,128.040279554867,97.8417870337699,98.0573035540579,2.15516520287996,13.4320970443592,13.4160059461956,13.4164078649987,2.11652784193742,2.2348660339787,0.0287776650963216
"quadpos",1000,321,10,1,100,122.843233474231,-1.97410346085742,124.817336935088,97.7646890279798,97.9787622732559,2.14073245276069,13.4210558034501,13.4045709511237,13.4164078649987,1.8685969877127,2.00219572559929,0.0454977158082879
"quadpos",1000,321,25,0,40,49.6811125573697,-0.641915062584198,50.3230276199538,37.8937029509724,37.9776760330199,2.09932705118692,8.7658611031839,8.76203916987658,8.76356092008266,1.34469500116946,1.40895873067728,0.0971872314032217
"quadpos",1000,321,25,1,40,55.6955387361739,-0.795411048050156,56.4909497842241,37.8621316530874,37.945856434384,2.09311953241548,8.75790223007781,8.75397421930356,8.76356092008266,2.03626469154224,2.11847703514433,0.031887684023904
"quadpos",1000,321,50,0,20,37.0390322864676,-0.325000858046371,37.364033144514,17.9112356995306,17.9527391680985,2.07517342839447,6.25795297565288,6.25674688883036,6.26099033699941,3.05655805682072,3.10245792603003,0.00517950425682581
"quadpos",1000,321,50,1,20,38.9311010776624,-0.374909038913419,39.3060101165758,17.9042775495209,17.9455252184953,2.06238344871961,6.25189926439071,6.2506455004854,6.26099033699941,3.36326972635423,3.41732464213844,0.00291097068580621
"quadpos",1000,322,2,0,500,535.912451851191,-0.640774274392586,536.553226125583,497.427472854464,498.713328945824,2.57171218271918,22.6186159062346,22.3606475391239,22.3606797749979,1.70147365145002,1.69225408671872,0.116415392395338
"quadpos",1000,322,2,1,500,513.415196736585,-1.77522308633394,515.190419822919,496.97261394336,498.250619872719,2.55601185871688,22.6086137382423,22.3532311691939,22.3606797749979,0.727270720071261,0.757823324153046,0.306930208219581
"quadpos",1000,322,5,0,200,236.016987546857,-0.226449873348832,236.243437420205,197.722208349992,198.177409333543,2.2760049177509,17.9401587276479,17.8883902571908,17.8885438199983,2.13458419059847,2.12797392830588,0.0333822368936615
"quadpos",1000,322,5,1,200,239.063872614135,-1.03002424949149,240.093896863626,197.42450891561,197.877114960367,2.26303022378387,17.9177289658375,17.8649854128274,17.8885438199983,2.32391972095991,2.36310195209824,0.0244791842879149
"quadpos",1000,322,10,0,100,127.300655774118,-0.180951885003988,127.481607659122,97.8132083658981,98.0315775174301,2.18369151532058,13.4332073548953,13.4159996187986,13.4164078649987,2.19511592646366,2.19514244025662,0.0249348180208013
"quadpos",1000,322,10,1,100,129.997642853862,-0.274384352747738,130.27202720661,97.6670426016604,97.8818821167008,2.14839515040405,13.411161221351,13.3933556133179,13.4164078649987,2.41072340557137,2.41837415693657,0.0169188038682383
"quadpos",1000,322,25,0,40,65.2747047015357,-0.197871068005302,65.472575769541,37.8793269736592,37.9638569447115,2.11324927630915,8.76606081368483,8.76194872273736,8.76356092008266,3.12516400583363,3.13956628774191,0.00385726903096421
"quadpos",1000,322,25,1,40,78.6217739956286,-0.223673425412499,78.8454474210411,37.8349522631293,37.9181195850994,2.07918304925416,8.74950992834973,8.74520605594642,8.76356092008266,4.66161214359491,4.67997295593882,0.000118473917949337
"quadpos",1000,322,50,0,20,46.1900855070929,-0.141023748733029,46.331109255826,17.9074992585172,17.9490796536735,2.07901975781258,6.25811467599888,6.25678783361965,6.26099033699941,4.51934611506004,4.53619818297931,0.00027830509136558
"quadpos",1000,322,50,1,20,55.0609175959632,-0.109741614801888,55.1706592107651,17.8882509579688,17.9293913759385,2.05702089848007,6.24542785759896,6.24403449305097,6.26099033699941,5.95198079067802,5.96429566112627,1.25253241593051e-05
"quadpos",1000,323,2,0,500,491.35944617591,-2.2733811502325,493.632827326143,497.438478737764,498.718968254122,2.56097903271639,22.4522273220092,22.3606641252973,22.3606797749979,-0.27075409823126,-0.227459296355397,0.575426479454043
"quadpos",1000,323,2,1,500,533.962619980842,-1.88356482822823,535.846184809071,497.269452272277,498.553996156626,2.56908776869772,22.4476573131381,22.3588221900906,22.3606797749979,1.63461011528759,1.66789593545639,0.12835705408442
"quadpos",1000,323,5,0,200,210.396542049153,-0.95074281808103,211.347284867234,197.70747658054,198.165728560099,2.29125989779501,17.9067489395572,17.8884414030261,17.8885438199983,0.708619164285117,0.736875617621139,0.25987133583531
"quadpos",1000,323,5,1,200,179.63604231106,-0.793176714127904,180.429219025188,197.643290899389,198.091931672432,2.2432038652166,17.8983752672588,17.8802684092775,17.8885438199983,-1.00608286056387,-0.987832634440773,0.821011898316262
"quadpos",1000,323,10,0,100,102.152589657374,-0.460401923561172,102.612991580935,97.8352277126347,98.0514671368934,2.16239424258658,13.4221661234406,13.4161018631294,13.4164078649987,0.321659105172278,0.340003712745967,0.36692779158747
"quadpos",1000,323,10,1,100,78.4825468462433,-0.377502665326594,78.8600495115699,97.7862964235515,98.0011503240557,2.14853900504139,13.4144401343271,13.4083689899732,13.4164078649987,-1.43902759891638,-1.42754878142148,0.926565134675446
"quadpos",1000,323,25,0,40,46.6828304905163,-0.21415973966383,46.8969902301802,37.8972668483992,37.9811738994031,2.09767627509713,8.76390286058085,8.76247191011477,8.76356092008266,1.00247159078334,1.01750013263784,0.157669626526431
"quadpos",1000,323,25,1,40,29.4496146493475,-0.156760697335317,29.6063753466829,37.8823136685913,37.9657756809173,2.08655030814993,8.75837844731339,8.75693417076319,8.76356092008266,-0.962815099846534,-0.954603537176744,0.838359813123423
"quadpos",1000,323,50,0,20,23.4360078364452,-0.145536701960207,23.5815445384054,17.9165067415127,17.9579778574012,2.07355579442546,6.25834230482439,6.25790845660546,6.26099033699941,0.881942985233914,0.898633580212943,0.174386608589078
"quadpos",1000,323,50,1,20,16.3239078688426,-0.0900152969965327,16.4139231658391,17.9193268530686,17.9604788351376,2.0575991034464,6.25430131950295,6.25385585358905,6.26099033699941,-0.255091480682429,-0.247296340930358,0.569952977039625
"quadpos",1000,324,2,0,500,519.623430035669,-6.98901102180003,526.612441057469,497.449963302343,498.724573880771,2.54922115685521,22.6590187131644,22.3606483229362,22.3606797749979,0.978571358893093,1.24718508935593,0.243044579480859
"quadpos",1000,324,2,1,500,481.470603504384,-6.62169096038211,488.092294464766,497.44447051438,498.706623948842,2.52430686892431,22.6604028669861,22.360058257667,22.3606797749979,-0.704924228565606,-0.474700439585685,0.694441046013334
"quadpos",1000,324,5,0,200,212.141359322972,-2.8389570682638,214.980316391236,197.725497040192,198.180032585274,2.27267772540764,17.9482895290003,17.8883861197243,17.8885438199983,0.803188641429444,0.939172695262754,0.233399178785092
"quadpos",1000,324,5,1,200,185.413068074101,-2.90674846359597,188.319816537697,197.725975870216,198.176648573376,2.25336351579642,17.9475648266272,17.8869396753157,17.8885438199983,-0.686048938396826,-0.551063078122957,0.729979206274064
"quadpos",1000,324,10,0,100,127.247981161915,-1.40840830881601,128.656389470731,97.8300394728142,98.0467091240746,2.16669651260437,13.4358945651372,13.4159778445567,13.4164078649987,2.18950376147141,2.28158399643424,0.0251199637625661
"quadpos",1000,324,10,1,100,105.745105375929,-1.3716173593189,107.116722735248,97.8267171571391,98.0426369800399,2.15919822900801,13.4348194201457,13.4146126515175,13.4164078649987,0.589392977393939,0.676432931082898,0.278728948030272
"quadpos",1000,324,25,0,40,65.615024054633,-0.502575664464246,66.1175997190973,37.8799077766675,37.9644359478673,2.11320427999411,8.76683438387376,8.76206186106807,8.76356092008266,3.16364095219856,3.21307521193399,0.00355481350920778
"quadpos",1000,324,25,1,40,50.884417128229,-0.633348515418087,51.5177656436471,37.8836207145886,37.9678242430777,2.10508821222945,8.76595937786982,8.76111982104801,8.76356092008266,1.48310023503665,1.54659925641201,0.0789235937975126
"quadpos",1000,324,50,0,20,44.0330597491122,-0.18297226335336,44.2160320124656,17.9041392813675,17.9457645891524,2.0812653892447,6.25796236684044,6.25643566618896,6.26099033699941,4.17530802137707,4.19891913302697,0.000570658510950002
"quadpos",1000,324,50,1,20,36.3128661088445,-0.257381231697479,36.570247340542,17.9185149674641,17.9598085245336,2.0646778534796,6.25730775610683,6.25574964721798,6.26099033699941,2.93965901284438,2.97493343971729,0.00643240390001754
"quadpos",1000,325,2,0,500,473.077283312784,-9.1890977172531,482.266381030037,497.484278204011,498.741807656994,2.51505890596502,22.5720618138491,22.3606574355754,22.3606797749979,-1.08129222277126,-0.736804214027471,0.782911265236163
"quadpos",1000,325,2,1,500,457.652862255258,-9.86588940959883,467.518751664857,497.136121975235,498.392072843721,2.51190173697192,22.5645617557347,22.3552737846416,22.3606797749979,-1.74979067386241,-1.38103077941611,0.902069002091012
"quadpos",1000,325,5,0,200,206.072198553237,-3.63137658509117,209.703575138328,197.792642780148,198.233783939538,2.20570579694925,17.9307775594734,17.8884036080392,17.8885438199983,0.461751072736618,0.641185845875885,0.332269381302037
"quadpos",1000,325,5,1,200,216.040159770173,-3.93832843427195,219.978488204445,197.539771071499,197.987148652807,2.23688790654267,17.9148015915452,17.8718201274362,17.8885438199983,1.0326873342212,1.23050363056628,0.180448192285961
"quadpos",1000,325,10,0,100,101.325116786778,-1.74174288467212,103.06685967145,97.8547412318003,98.0689540967637,2.14212864963369,13.4300626431602,13.4159957293978,13.4164078649987,0.258403527011451,0.372533330771298,0.38882478757739
"quadpos",1000,325,10,1,100,116.385942571918,-1.94025821662031,118.326200788538,97.7106914986166,97.9272349653201,2.16543466703542,13.4153745058636,13.400968377149,13.4164078649987,1.3920782506026,1.52220087751284,0.0992122656297105
"quadpos",1000,325,25,0,40,55.6819419919886,-0.740719631372281,56.4226616233609,37.9014295229708,37.9851044584605,2.09187338724367,8.76544563005066,8.76210196102106,8.76356092008266,2.02847786860496,2.10423905666944,0.0319745162338947
"quadpos",1000,325,25,1,40,61.9155785788557,-0.761142099216843,62.6767206780725,37.8427677262589,37.9267544385111,2.09966780630412,8.75472746836305,8.75126330272588,8.76356092008266,2.74969277337172,2.8281592478028,0.00843951415613762
"quadpos",1000,325,50,0,20,41.3262487736557,-0.317053754087291,41.643302527743,17.9093509328142,17.9508847490076,2.07669080966928,6.25767265110587,6.25663402146789,6.26099033699941,3.74210975013262,3.78676740519607,0.00137223032934492
"quadpos",1000,325,50,1,20,40.4996241191815,-0.429726016045564,40.929350135227,17.8966796468994,17.9379439825409,2.06321678207418,6.24964592196492,6.24855601579765,6.26099033699941,3.61667600925071,3.67947508105218,0.00178371925549438
"quadpos",1000,326,2,0,500,504.880083561539,-3.31774253912876,508.197826100668,497.440424890203,498.719890894422,2.55893200843847,22.6119793057772,22.3606574642929,22.3606797749979,0.329014040333732,0.423866571069344,0.405897951522695
"quadpos",1000,326,2,1,500,507.489877418393,-3.59632667636595,511.086204094759,496.821859999403,498.10914095501,2.57456191121296,22.5924488281665,22.3502577182942,22.3606797749979,0.472193939671109,0.580622528085091,0.374521295336723
"quadpos",1000,326,5,0,200,202.906944914197,-1.31876521197555,204.225710126173,197.683251094198,198.146267529425,2.3150821761352,17.9388122225598,17.8884025354641,17.8885438199983,0.29119507775607,0.339853856972177,0.390500035789766
"quadpos",1000,326,5,1,200,224.398207263019,-1.62799108474796,226.026198347767,197.328474539269,197.776612577791,2.24069019260801,17.905999034395,17.8560460144601,17.8885438199983,1.51176891452705,1.58207397914965,0.0959538059324219
"quadpos",1000,326,10,0,100,102.125221008266,-0.703105051617631,102.828326059884,97.7756338634577,97.9977879485658,2.22154085108101,13.4327873001097,13.416036593589,13.4164078649987,0.323803768170499,0.360057016662146,0.367643721984244
"quadpos",1000,326,10,1,100,98.4717640642941,-0.798432396989764,99.2701964612838,97.6012306274847,97.8168689096042,2.15638282119505,13.4030033497637,13.3861535628267,13.4164078649987,0.0649506244303596,0.108569466565474,0.467614928828447
"quadpos",1000,326,25,0,40,31.4637317240046,-0.221040457999185,31.6847721820038,37.8624400652608,37.9476768501941,2.13091962333007,8.76612572330599,8.76211928374564,8.76356092008266,-0.729935725681456,-0.714770532718996,0.764218478896599
"quadpos",1000,326,25,1,40,50.8050856351069,-0.183293396708047,50.9883790318149,37.7936041541246,37.8775783607672,2.0993551660651,8.74476560567205,8.74070419468132,8.76356092008266,1.48791655119295,1.49997075510524,0.0800332007022014
"quadpos",1000,326,50,0,20,15.0326888701603,-0.148114587829702,15.18080345799,17.876208932557,17.9184264994933,2.11087834681666,6.25823446982299,6.25696422333071,6.26099033699941,-0.454364577758795,-0.437532155177642,0.659721351771125
"quadpos",1000,326,50,1,20,27.0321957082625,-0.129761613854489,27.161957322117,17.8715605210146,17.9128279717223,2.06337253538704,6.24216155255693,6.24085053540255,6.26099033699941,1.46754215028214,1.4820302614086,0.0783935986630063
"quadpos",1000,327,2,0,500,506.835778357896,-2.07581519009709,508.911593547993,497.451293300203,498.72529852184,2.54801044327327,22.5086778537828,22.360653587066,22.3606797749979,0.416927423221156,0.455545495863559,0.382306519270336
"quadpos",1000,327,2,1,500,481.153207216536,-3.92496973559238,485.078176952129,496.78010827679,498.050468183523,2.54071981346744,22.4924497288653,22.3515890305013,22.3606797749979,-0.694762075657713,-0.580374451842881,0.698037958797101
"quadpos",1000,327,5,0,200,204.277061218642,-0.806024827776163,205.083086046418,197.713183869514,198.17022178139,2.28518955937714,17.918025694063,17.8884061321687,17.8885438199983,0.366328158090664,0.386443834847678,0.364828062615598
"quadpos",1000,327,5,1,200,205.922525409603,-0.946189148553254,206.868714558156,197.292796816362,197.747696900358,2.2745004199828,17.8861497986966,17.8565363804272,17.8885438199983,0.482481064419476,0.510794336789507,0.334933103417165
"quadpos",1000,327,10,0,100,87.7889000298799,-0.39821109789524,88.1871111277752,97.818413354548,98.0362716576171,2.17858303069073,13.4258278508349,13.4160124931482,13.4164078649987,-0.747031277035508,-0.734134716621054,0.760616916784048
"quadpos",1000,327,10,1,100,98.5014360213514,-0.628639051018574,99.1300750723699,97.5848568157338,97.8011148007526,2.16257985018866,13.3952607049335,13.3850797473637,13.4164078649987,0.0684256339467887,0.0992866906063102,0.466775513242145
"quadpos",1000,327,25,0,40,28.736871621572,-0.133270316356025,28.870141937928,37.8831679882112,37.96756646987,2.1099620414708,8.76437684136585,8.76206803985098,8.76356092008266,-1.04357634686254,-1.03827366902035,0.861147333041537
"quadpos",1000,327,25,1,40,35.8501938145665,-0.242763282354233,36.0929570969207,37.7835954712621,37.8675819862511,2.09966287472537,8.74112650053382,8.73867966823557,8.76356092008266,-0.221184495679995,-0.203077004387862,0.56925534957735
"quadpos",1000,327,50,0,20,12.7973339475618,-0.058991069532998,12.8563250170948,17.9004952507905,17.9422176559637,2.08612025866216,6.25751508522958,6.25681894460018,6.26099033699941,-0.815525209883125,-0.81285597104551,0.803469396619716
"quadpos",1000,327,50,1,20,17.8593006206996,-0.103994075412359,17.9632946961119,17.8683003659791,17.9095627667538,2.06312003873473,6.24054258066846,6.2397745828279,6.26099033699941,-0.00144214147459303,0.00861119719067909,0.464957130861455
"quadpos",1000,328,2,0,500,499.911947443299,-5.89284606715729,505.804793510456,497.449589986454,498.724489031465,2.5497980900221,22.5800482912708,22.3606589436826,22.3606797749979,0.109050141305367,0.316641137312803,0.467472679472707
"quadpos",1000,328,2,1,500,512.399824971989,-5.88907368452078,518.288898656509,497.140367604684,498.41625209062,2.55176897187242,22.5741309532989,22.3552059333671,22.3606797749979,0.675970977526147,0.888949384994377,0.318097100735757
"quadpos",1000,328,5,0,200,210.321130087652,-2.40718244993252,212.728312537584,197.700780291414,198.16029270577,2.29756207178028,17.9323838972098,17.8884059690956,17.8885438199983,0.703774237077385,0.814383341756787,0.261052786617629
"quadpos",1000,328,5,1,200,209.2830578259,-2.67647752004362,211.959535345944,197.523042919063,197.978465510212,2.27711295574516,17.9183781940309,17.8733549712273,17.8885438199983,0.656310229614098,0.782229741323781,0.277621301938613
"quadpos",1000,328,10,0,100,109.268676420777,-1.24196147750306,110.51063789828,97.78327626807,98.0046456332082,2.21369365138185,13.4306351666312,13.4160138936772,13.4164078649987,0.855164332156317,0.932169000731736,0.205204548870828
"quadpos",1000,328,10,1,100,105.274988891608,-1.30560527769469,106.580594169303,97.7007626069139,97.9193606681736,2.18598061259701,13.4173600119374,13.4022223550528,13.4164078649987,0.564509432403652,0.646253529577045,0.289560866264246
"quadpos",1000,328,25,0,40,42.2183155675752,-0.583830365778914,42.8021459333541,37.8432382419627,37.9292355643784,2.14993306039374,8.76558913165694,8.76208247465722,8.76356092008266,0.499119598226654,0.556136099274315,0.293588225070814
"quadpos",1000,328,25,1,40,45.8654350400011,-0.605780668948252,46.4712157089493,37.8113341524466,37.8966733649599,2.13348031283349,8.75541894873903,8.75176402973247,8.76356092008266,0.919898971677927,0.979750175491363,0.178292896723624
"quadpos",1000,328,50,0,20,23.3593534470479,-0.363953038533637,23.7233064855815,17.8615767417239,17.9040956369026,2.12594475893149,6.25823361776458,6.2571062864539,6.26099033699941,0.87848697270073,0.930016301829016,0.177156025392853
"quadpos",1000,328,50,1,20,29.1435206643896,-0.312458260942476,29.455978925332,17.8568412632192,17.8989206773166,2.10397070487079,6.25002959058012,6.24884981999935,6.26099033699941,1.80586015435532,1.84946967536765,0.0466529978124083
"quadpos",1000,329,2,0,500,481.655627044173,3.87306543265223,477.782561611521,497.452201634105,498.72564933649,2.54689540477057,22.6356541718531,22.3606375395907,22.3606797749979,-0.697862516806552,-0.93660512531849,0.692336269128169
"quadpos",1000,329,2,1,500,478.615127683161,4.5022623422873,474.112865340873,497.423569205545,498.666861244731,2.48658407837225,22.6351714528125,22.3589864983279,22.3606797749979,-0.830938769851793,-1.09817123891971,0.726144425946195
"quadpos",1000,329,5,0,200,210.369034052437,1.65692540426424,208.712108648173,197.762075473459,198.209283408224,2.23603967382834,17.9435446846873,17.8883747048507,17.8885438199983,0.702590196113089,0.58713133044449,0.26030194092375
"quadpos",1000,329,5,1,200,218.861629924393,1.7489197149877,217.112710209405,197.737163778213,198.178194671918,2.20515446852443,17.9399492423515,17.884121529701,17.8885438199983,1.17750980567496,1.05873332978877,0.147583863556335
"quadpos",1000,329,10,0,100,91.5586116713832,0.666659502675038,90.8919521687081,97.8605947663461,98.0741945992343,2.13599832888203,13.4342687871543,13.415949502325,13.4164078649987,-0.469097588771546,-0.535351033430881,0.663734487724248
"quadpos",1000,329,10,1,100,107.705865253578,0.761787205714443,106.944078047863,97.8366663386074,98.0495615826777,2.12895244070273,13.4306489347251,13.4120673989937,13.4164078649987,0.734826661238491,0.663172663884241,0.236104949225974
"quadpos",1000,329,25,0,40,65.5277711256084,0.530468948790245,64.9973021768181,37.9133756286136,37.99652981394,2.07885463315892,8.76619889297801,8.7618598611322,8.76356092008266,3.15009912895254,3.08162568117006,0.00363016422092218
"quadpos",1000,329,25,1,40,61.7416788662003,0.426996191603473,61.3146826745969,37.9037163029184,37.9867496121316,2.07583273033089,8.76356568009749,8.75914833164887,8.76356092008266,2.72012140188773,2.66326498641151,0.00877828509402756
"quadpos",1000,329,50,0,20,39.6797942456241,0.0908745244577568,39.5889197211664,17.9385553197835,17.9794980314039,2.04713558101903,6.25789017744783,6.25651799908685,6.26099033699941,3.47421228390866,3.45390546193848,0.00230715503242863
"quadpos",1000,329,50,1,20,40.767414950469,0.0520352797757729,40.7153796706932,17.9343082538126,17.9752064459772,2.04490960822846,6.25591410572568,6.25451730123795,6.26099033699941,3.64984338192216,3.63579987543005,0.0016389297699057
"quadpos",1000,330,2,0,500,480.785844582426,-14.3567275042566,495.142572086683,497.446934205121,498.7230198052,2.55217120015725,22.6174688301649,22.3606457555802,22.3606797749979,-0.736646958499364,-0.160122733379632,0.702179161250121
"quadpos",1000,330,2,1,500,510.647034197864,-15.1352964186834,525.782330616547,497.277926706539,498.554749730515,2.55364604795148,22.6148397229628,22.3579793498235,22.3606797749979,0.591165254987435,1.21780150433173,0.337799741130252
"quadpos",1000,330,5,0,200,229.426859898612,-5.84554715482619,235.272407053438,197.728856462132,198.182688906476,2.26916222172017,17.9398521456563,17.8883668510931,17.8885438199983,1.76690438578418,2.07339878792208,0.0622979048753213
"quadpos",1000,330,5,1,200,240.404074449806,-5.95393427855353,246.35800872836,197.6355043231,198.084844507988,2.24670092444014,17.9319216206754,17.8796295596215,17.8885438199983,2.3850522566078,2.69989733620597,0.0212657057474105
"quadpos",1000,330,10,0,100,111.572211414359,-2.87448851712575,114.446699931484,97.8491746226394,98.0639197566794,2.14745134040007,13.4330458488135,13.4159559149216,13.4164078649987,1.02158787710318,1.22114147353328,0.164753666617354
"quadpos",1000,330,10,1,100,136.761552019543,-2.95833056079945,139.719882580343,97.7692442697807,97.9855413186402,2.16297048859463,13.4253781763423,13.4079158023096,13.4164078649987,2.90437313851413,3.11266433031398,0.00593054594113194
"quadpos",1000,330,25,0,40,62.7411337648071,-1.17595495364957,63.9170887184567,37.8903680996991,37.9744662776259,2.1024544481684,8.7660505483789,8.76199059910354,8.76356092008266,2.83488733357847,2.96081377255587,0.00698994309301217
"quadpos",1000,330,25,1,40,57.3888350519417,-1.23118357778059,58.6200186297223,37.880239465661,37.9636540480791,2.08536456045177,8.76035580954757,8.75618771790111,8.76356092008266,2.22691817665888,2.35905913019811,0.0225773241450595
"quadpos",1000,330,50,0,20,37.47073203684,-0.669600628876201,38.1403326657162,17.9223908312764,17.9636542200061,2.06316943648457,6.2577344488749,6.25647278204226,6.26099033699941,3.12386876836524,3.22492866965273,0.00454808629189971
"quadpos",1000,330,50,1,20,41.5009080565909,-0.638427971021496,42.1393360276124,17.920948415186,17.9619576854194,2.05046351167143,6.25340382771774,6.25210194575359,6.26099033699941,3.77073995075906,3.86707999197201,0.00129780027176618
"quadpos",1000,331,2,0,500,491.720418715225,-0.967230145946581,492.687648861172,497.501759556814,498.750549164988,2.497579216348,22.4703300005036,22.3606619390322,22.3606797749979,-0.257287758633678,-0.271141360678275,0.570901678930769
"quadpos",1000,331,2,1,500,464.349519316374,-0.474553914218623,464.824073230593,497.154603478768,498.398431400271,2.48765584300474,22.4543938756673,22.3554446005185,22.3606797749979,-1.46096502733675,-1.50184256093477,0.857694449514346
"quadpos",1000,331,5,0,200,212.475841683672,-0.32223137074161,212.798073054414,197.816664358406,198.253026349218,2.18180995406115,17.9103471995842,17.8884201351713,17.8885438199983,0.818475329479171,0.813098451136984,0.228516810633072
"quadpos",1000,331,5,1,200,183.28490393969,-0.229065339188832,183.513969278879,197.566315631415,198.009166584203,2.21425476393886,17.8921360367969,17.8722528682639,17.8885438199983,-0.798194897599388,-0.811044774946292,0.765742107982076
"quadpos",1000,331,10,0,100,99.3649055485287,-0.229157443729897,99.5940629922586,97.885351114898,98.0965408338107,2.11189718912713,13.4233219033992,13.4160527823719,13.4164078649987,0.110222673960914,0.111621665682146,0.44250087712989
"quadpos",1000,331,10,1,100,87.4872136279889,-0.446549687296139,87.933763315285,97.752208397459,97.9643660866216,2.12157689162541,13.4073543510778,13.4007322895163,13.4164078649987,-0.765624186597631,-0.748511540610637,0.767762865079197
"quadpos",1000,331,25,0,40,32.2210312905442,-0.0921363346228173,32.313167625167,37.9310416577092,38.0135546107448,2.06282382588947,8.7639525392975,8.76223745299039,8.76356092008266,-0.651533693451821,-0.650562943102196,0.733113403982057
"quadpos",1000,331,25,1,40,27.9179452417349,-0.161897324066691,28.0798425658016,37.8741434405989,37.9568988360933,2.06888488735816,8.7529726289869,8.75141001806068,8.76356092008266,-1.13746479291989,-1.12862455877487,0.884904185145699
"quadpos",1000,331,50,0,20,21.19702698433,-0.00691379508255495,21.2039407794126,17.9504769295234,17.9912352402799,2.03791553782576,6.25790718813106,6.25738472250385,6.26099033699941,0.518791659448733,0.513426244606415,0.269589604933413
"quadpos",1000,331,50,1,20,17.8403496496422,-0.064789778721497,17.9051394283637,17.9188830550919,17.9597487642823,2.04328545952186,6.24976032183036,6.24928979108302,6.26099033699941,-0.0125658267526434,-0.00873848673116853,0.466215686112663
"quadpos",1000,332,2,0,500,502.666767571598,0.643018727655311,502.023748843943,497.461452549224,498.730370808977,2.53783651950534,22.6537902281035,22.3606554247884,22.3606797749979,0.22977678216145,0.147284503624846,0.433086109428519
"quadpos",1000,332,2,1,500,492.169603669434,2.67110307253383,489.4985005969,496.805239612538,498.057969221694,2.50545921831257,22.636956244179,22.3506383180389,22.3606797749979,-0.204781768940175,-0.382963050226901,0.565261267967001
"quadpos",1000,332,5,0,200,217.046248412262,0.295586289069354,216.750662123192,197.741877342442,198.193124972641,2.25623815099232,17.9472111818344,17.8883785706983,17.8885438199983,1.07561954190181,1.0374074473664,0.168204608246908
"quadpos",1000,332,5,1,200,200.104092424655,1.78818048322758,198.315911941427,197.33187990617,197.780914974562,2.24517534195744,17.9156275162196,17.8568038903067,17.8885438199983,0.154737115179189,0.0299603988570457,0.444787414814416
"quadpos",1000,332,10,0,100,102.469071480969,0.301308732292062,102.167762748677,97.8236079022914,98.0409298184914,2.17321916200005,13.4355339170652,13.4159858164766,13.4164078649987,0.345759506645052,0.307605642003362,0.358692360689327
"quadpos",1000,332,10,1,100,95.2711057768762,0.779413852995272,94.491691923881,97.5972330516392,97.8138911421929,2.16658090553642,13.406763082916,13.3869744036873,13.4164078649987,-0.173504018858,-0.248166547431126,0.559225868103622
"quadpos",1000,332,25,0,40,44.3734477577801,0.106998025878811,44.2664497319013,37.8802730689467,37.9647707792216,2.11244275687136,8.76663988046731,8.76197024645197,8.76356092008266,0.740668577398809,0.71920798352762,0.220842313837642
"quadpos",1000,332,25,1,40,40.7282941822525,0.333324399771892,40.3949697824806,37.796298201201,37.8800834722982,2.09463177742823,8.74501605975484,8.74025549455967,8.76356092008266,0.335276226026011,0.287736017756897,0.351272542363039
"quadpos",1000,332,50,0,20,24.6729987731383,-0.0444519576081232,24.7174507307464,17.9019325650673,17.9436119221153,2.08396785240175,6.25804696672121,6.25657981860099,6.26099033699941,1.0819775313413,1.08267440119476,0.13419177069355
"quadpos",1000,332,50,1,20,23.7730856043339,0.0203176401383101,23.7527679641955,17.8567761105064,17.8983050733615,2.07644814275819,6.24182179909881,6.24031105391572,6.26099033699941,0.947849791976069,0.938168440683804,0.162603318398666
"quadpos",1000,333,2,0,500,526.91366622912,-1.41426200432054,528.32792823344,497.427392810523,498.713330550331,2.57187547961472,22.4860330577027,22.3606583574106,22.3606797749979,1.31131504356193,1.32440633946249,0.178776719865515
"quadpos",1000,333,2,1,500,498.32055744954,-1.65565241236499,499.976209861905,497.424506136567,498.702672813139,2.55633335314431,22.4842892626003,22.3603754491154,22.3606797749979,0.0398523298872196,0.0569550834092119,0.487523072023079
"quadpos",1000,333,5,0,200,221.979742849204,-0.535091352013583,222.514834201218,197.733955532259,198.186844892371,2.26444680056044,17.9134845343573,17.8884102347664,17.8885438199983,1.35349363606186,1.35998610215038,0.116486411449906
"quadpos",1000,333,5,1,200,234.781933071783,-0.643347228287904,235.425280300071,197.718943424039,198.172443144609,2.26749860285076,17.9122155723657,17.8875232540041,17.8885438199983,2.06914602484593,2.08261572194589,0.037708217525929
"quadpos",1000,333,10,0,100,126.592999449283,-0.375269500131041,126.968268949414,97.8128403448359,98.0312711082758,2.18430763439908,13.424349213971,13.4160372749325,13.4164078649987,2.14387741600872,2.15689605269701,0.0275245033247268
"quadpos",1000,333,10,1,100,151.596161025904,-0.348647991383189,151.944809017287,97.8069495045967,98.0252886922835,2.18339187686807,13.4233747596697,13.4151949636841,13.4164078649987,4.00713028462228,4.01928711964061,0.000420849077493753
"quadpos",1000,333,25,0,40,66.3602691775286,-0.189359931067564,66.5496291085962,37.8645094725147,37.9496721706938,2.12906745447538,8.76412735644585,8.76217100216156,8.76356092008266,3.25140867379749,3.26402633900286,0.00296846274749302
"quadpos",1000,333,25,1,40,67.9277992475283,-0.148483195013314,68.0762824425416,37.8837243462585,37.9680005176422,2.10690428459205,8.76346406016541,8.7615430288497,8.76356092008266,3.42833321332783,3.43641317810801,0.00201893552371174
"quadpos",1000,333,50,0,20,49.409612335879,-0.0854306126037684,49.4950429484828,17.9088679747621,17.9504550552691,2.07935402534585,6.25793235129336,6.25732805930054,6.26099033699941,5.03373040691411,5.04122328160941,9.26608042004653e-05
"quadpos",1000,333,50,1,20,47.2975648107175,-0.0737364615762698,47.3713012722938,17.9100909479662,17.9516255404097,2.07672962217085,6.25748623731633,6.25689530155736,6.26099033699941,4.69637051496814,4.70196068720561,0.00019133651735732
"quadpos",1000,334,2,0,500,534.719561560303,-5.87349060547155,540.593052165775,497.491877837927,498.745626942312,2.50749820876948,22.4982176440447,22.3606627819881,22.3606797749979,1.65469479900024,1.87147517188855,0.123620492651864
"quadpos",1000,334,2,1,500,510.13428920357,-5.9703364463726,516.104625649943,497.452667528209,498.718095632654,2.53085620888976,22.4971129724561,22.3604139517568,22.3606797749979,0.563699959674279,0.777558503827382,0.34366021039875
"quadpos",1000,334,5,0,200,191.109402392514,-2.36246758016059,193.471869972675,197.754004227496,198.202924796619,2.24460284561646,17.9159553993356,17.8884286751064,17.8885438199983,-0.370876221048646,-0.264475707166396,0.62428655008926
"quadpos",1000,334,5,1,200,197.684948440427,-2.37072415025035,200.055672590677,197.700582348395,198.158221019321,2.2881933546294,17.9150182923517,17.8876969200458,17.8885438199983,-0.000872670499850056,0.10607578940082,0.492949674169494
"quadpos",1000,334,10,0,100,101.074312693892,-1.10147953257878,102.175792226471,97.8223286997466,98.0398546374649,2.17525937718258,13.4252384534626,13.4160969484929,13.4164078649987,0.242229142180112,0.308281730885287,0.395559490744134
"quadpos",1000,334,10,1,100,93.6686537782724,-1.1482391730246,94.816892951297,97.8238260814238,98.0406401295443,2.16814048120448,13.4244710448473,13.4154000030574,13.4164078649987,-0.309522236613286,-0.240301979628829,0.604973361248463
"quadpos",1000,334,25,0,40,53.7807713771075,-0.516374861415904,54.2971462385234,37.9196915754922,38.0026802347494,2.07471648142844,8.76452995411838,8.76235607695311,8.76356092008266,1.80968972490787,1.85959870389563,0.0463664021464316
"quadpos",1000,334,25,1,40,56.8955961004276,-0.533963170610081,57.4295592710377,37.9009306157229,37.9845783051303,2.09119223518511,8.76403185134034,8.76187030142584,8.76356092008266,2.16734327383802,2.21927286035529,0.0249996117522774
"quadpos",1000,334,50,0,20,35.9307580394266,-0.270624141925717,36.2013821813523,17.9488945539523,17.9896990641355,2.04022550915977,6.25829228512525,6.25761235961519,6.26099033699941,2.87328598062025,2.91032458877601,0.00720151461983292
"quadpos",1000,334,50,1,20,31.9464517423842,-0.31529128547518,32.2617430278594,17.939272643579,17.9802451611389,2.0486258779977,6.25791163626525,6.25723557390628,6.26099033699941,2.23831525802189,2.28239734592649,0.0223103644085606
"quadpos",1000,335,2,0,500,483.402402848265,-6.86848623335935,490.270889081624,497.449847394147,498.724525622116,2.54935645593917,22.5886620968359,22.3606463521728,22.3606797749979,-0.621880325875955,-0.378058684322018,0.672187882657732
"quadpos",1000,335,2,1,500,501.274195637157,-6.76577729729224,508.039972934449,497.397135310599,498.673026868435,2.55178311567329,22.5847805646474,22.3597381260566,22.3606797749979,0.171666946927401,0.418920204396234,0.450406261523347
"quadpos",1000,335,5,0,200,212.084019044447,-2.81599332188019,214.900012366327,197.79289360896,198.233947258986,2.2052682501304,17.9340897277799,17.8883825705172,17.8885438199983,0.796869294868653,0.931669760619356,0.234242451791906
"quadpos",1000,335,5,1,200,230.899644708797,-2.85850915998649,233.758153868784,197.716008542403,198.165752769038,2.24872113317436,17.9307211008751,17.8858301273716,17.8885438199983,1.85065820720253,1.98997758819574,0.054496798756042
"quadpos",1000,335,10,0,100,103.55603530633,-1.47432587932539,105.030361185655,97.8617368562841,98.0752445426742,2.13507686390051,13.431167094665,13.4159860982942,13.4164078649987,0.423961552254639,0.518420084220668,0.331048408650433
"quadpos",1000,335,10,1,100,131.791959129914,-1.48706415861268,133.279023288527,97.8338237079798,98.0482798605366,2.14456152556828,13.4285628898544,13.4136723032172,13.4164078649987,2.52879892662161,2.62648010415018,0.0129448606769917
"quadpos",1000,335,25,0,40,56.6775481501054,-0.573551846668152,57.2510999967736,37.9153800550203,37.9984930425193,2.07782468747628,8.76569934643254,8.76208191410934,8.76356092008266,2.14040743967804,2.19726397709799,0.0261425937573574
"quadpos",1000,335,25,1,40,56.6970743932222,-0.448652944525012,57.1457273377472,37.9184435584745,38.0011156431838,2.06680211773195,8.76392077375676,8.76037812491334,8.76356092008266,2.14272028690397,2.18536362490094,0.0260383715758758
"quadpos",1000,335,50,0,20,42.7008843746472,-0.230473971063645,42.9313583457108,17.9331024037964,17.9741667018793,2.05321490414374,6.25783861372757,6.25671887315014,6.26099033699941,3.95788122699725,3.98886255716746,0.000881887704764933
"quadpos",1000,335,50,1,20,38.526103871265,-0.215518739087843,38.7416226103529,17.9346990934908,17.9756557048788,2.04783056940083,6.25664192430215,6.25554632931415,6.26099033699941,3.29112725754574,3.31960884186287,0.00329764619749934
"quadpos",1000,336,2,0,500,520.923348128744,-0.659132941693194,521.582481070438,497.464075925276,498.731705019827,2.53525818910189,22.5097183733049,22.3606595027314,22.3606797749979,1.04218417193923,1.02191869823066,0.230699390453919
"quadpos",1000,336,2,1,500,509.352369421228,0.281554513039471,509.070814908188,497.354084935177,498.622096153785,2.53602243721608,22.5037801546413,22.358891272186,22.3606797749979,0.53316751246241,0.46731828636787,0.352677267576372
"quadpos",1000,336,5,0,200,233.455005212544,-0.18299553617806,233.638000748722,197.753589463987,198.202552776831,2.24481656422002,17.918242983854,17.8884114320028,17.8885438199983,1.99246186027991,1.98091642215341,0.0428745222153898
"quadpos",1000,336,5,1,200,215.1668391034,-0.0463208759197206,215.21315997932,197.65726771021,198.111611038646,2.27171664217986,17.9120282752712,17.8831791461459,17.8885438199983,0.977531473493903,0.956292435529268,0.191550136377705
"quadpos",1000,336,10,0,100,133.802443202669,-0.112090878130323,133.914534080799,97.8469033788913,98.0619259736617,2.15022594770351,13.4259259443882,13.4160337017521,13.4164078649987,2.67806779008833,2.67237015828718,0.00950415189670148
"quadpos",1000,336,10,1,100,109.018830122463,-0.00425289709341476,109.023083019556,97.7805581018916,97.9983046517959,2.1774654990438,13.4206994846257,13.4111486171579,13.4164078649987,0.837383478666344,0.822060711015881,0.209957632406616
"quadpos",1000,336,25,0,40,60.3326758713381,-0.0821802998148262,60.4148561711529,37.9096617845079,37.9930184086645,2.08391560391536,8.76450061563947,8.76216898987561,8.76356092008266,2.55839038299779,2.55893692399634,0.0120215487626016
"quadpos",1000,336,25,1,40,42.8239748284717,-0.0818188103138371,42.9057936387855,37.8794704855888,37.9633283647651,2.09644697940581,8.76063605133167,8.75839649285477,8.76356092008266,0.564400154727494,0.564311661164529,0.271819642565011
"quadpos",1000,336,50,0,20,28.7434354405095,-0.0709800265312057,28.8144154670407,17.9281891128344,17.9693761082534,2.05934977095266,6.25782644014811,6.25711384504522,6.26099033699941,1.728275213625,1.73323350467326,0.0516062279097398
"quadpos",1000,336,50,1,20,24.9558284071791,-0.0911530573125805,25.0469814644916,17.9313780246214,17.9723357819862,2.04788786824175,6.25524673364243,6.25455661652264,6.26099033699941,1.12296935383512,1.13111865736675,0.126137764432652
"quadpos",1000,337,2,0,500,485.048981857477,-0.838736538771185,485.887718396249,497.474344437683,498.736795831867,2.52490278836844,22.5460622088459,22.3606489668068,22.3606797749979,-0.551110099187543,-0.574629003598794,0.652769617615181
"quadpos",1000,337,2,1,500,531.124266543861,-0.40602857577763,531.530295119639,497.252236747342,498.515311603833,2.52614971298223,22.5421744606868,22.3574592705351,22.3606797749979,1.50260702913074,1.47668762878242,0.147276378231557
"quadpos",1000,337,5,0,200,201.23786633319,-0.401614842489365,201.639481175679,197.725775296914,198.180314428948,2.27269566016977,17.9255627971289,17.8884120469065,17.8885438199983,0.19592640275923,0.193374724243883,0.422581260880911
"quadpos",1000,337,5,1,200,205.408632597514,-0.454429179158041,205.863061776672,197.608460668634,198.058674473147,2.25106902256686,17.9157147697826,17.8780624179569,17.8885438199983,0.435381564682894,0.43653429108102,0.344151408346387
"quadpos",1000,337,10,0,100,101.899732673162,-0.117115619680956,102.016848292843,97.8021386716261,98.0216195505712,2.19480878945159,13.4283184358709,13.4160032787493,13.4164078649987,0.30514572774724,0.297795748797979,0.373564410311743
"quadpos",1000,337,10,1,100,107.285149784949,-0.221521229852619,107.506671014801,97.7674322180966,97.9825275980432,2.15095379946571,13.4188695546561,13.4062538769051,13.4164078649987,0.709278641400146,0.710425410723089,0.244894931095762
"quadpos",1000,337,25,0,40,37.8567348397637,-0.201834040929425,38.0585688806931,37.906405347292,37.9898857746601,2.08701068420252,8.76505624847331,8.76212867377238,8.76356092008266,-0.00566687835425866,0.0078386324362687,0.476023682408026
"quadpos",1000,337,25,1,40,29.2300953654709,-0.238317516960352,29.4684128824313,37.8797140678517,37.9628307501783,2.07791705816503,8.75753709223133,8.75451071897758,8.76356092008266,-0.987677084468619,-0.970290418324956,0.845583011024948
"quadpos",1000,337,50,0,20,14.1624900873654,-0.095358019354249,14.2578481067196,17.9182073416362,17.9595730225509,2.0682840457339,6.25766821744021,6.25677526378368,6.26099033699941,-0.600178392936148,-0.591634629624325,0.718438946168327
"quadpos",1000,337,50,1,20,12.6889903574581,-0.16713558589496,12.856125943353,17.9152596669143,17.9563282911672,2.05343121264935,6.25221736636468,6.25128129761001,6.26099033699941,-0.835906527750005,-0.815865117086334,0.809707907186472
"quadpos",1000,338,2,0,500,498.129775006886,-8.17338006037274,506.303155067258,497.500492806341,498.749944586564,2.49890356044722,22.5016034416128,22.3606634741492,22.3606797749979,0.0279661048235034,0.337790087911583,0.489932785643638
"quadpos",1000,338,2,1,500,460.26454306333,-8.68394239766968,468.948485460999,497.224997628049,498.488965691113,2.52793612612849,22.4958550835957,22.357068927492,22.3606797749979,-1.64298953862266,-1.32130380444407,0.886099224448513
"quadpos",1000,338,5,0,200,217.165833272898,-3.20309510788785,220.368928380786,197.733202044973,198.186265484879,2.26531719952826,17.9166321481386,17.8884216065853,17.8885438199983,1.08461406514635,1.24005702592231,0.166788138098961
"quadpos",1000,338,5,1,200,199.885454237295,-3.40056141202746,203.286015649323,197.586717218302,198.037809879383,2.25546330540591,17.9052120463595,17.8768186373558,17.8885438199983,0.12838368029606,0.293576048199787,0.449101612321262
"quadpos",1000,338,10,0,100,117.126324551638,-1.59490023186086,118.721224783499,97.8286134214024,98.0454957342342,2.16882312831878,13.4254414552394,13.416076684139,13.4164078649987,1.43739862816239,1.54111589669939,0.0912456427872988
"quadpos",1000,338,10,1,100,116.269486304771,-1.64924834532759,117.918734650098,97.7423728607733,97.9591862397639,2.16813378990558,13.4148330643013,13.4052969689618,13.4164078649987,1.38109161367804,1.48892996973869,0.100513442791138
"quadpos",1000,338,25,0,40,64.0802122811835,-0.668711578732896,64.7489238599164,37.8744200183204,37.9591945501055,2.11936329462854,8.76442822420529,8.76221453344721,8.76356092008266,2.99001732828263,3.05741536087126,0.00512040662627839
"quadpos",1000,338,25,1,40,56.6961597068095,-0.661747822392588,57.3579075292021,37.850023866156,37.9343727507508,2.10872211486851,8.75704148036397,8.75476255407187,8.76356092008266,2.15211220398035,2.21862496652378,0.0260432454685471
"quadpos",1000,338,50,0,20,39.7517387772178,-0.299982212172172,40.05172098939,17.8999774747684,17.9417395448333,2.08810350324357,6.2579592179365,6.25728099159596,6.26099033699941,3.49183504421347,3.53348067223643,0.00225589844955832
"quadpos",1000,338,50,1,20,41.4704334866517,-0.252457737690751,41.7228912243424,17.8919102042513,17.9334596718115,2.07747337800855,6.25221583592455,6.2515120593948,6.26099033699941,3.77122669804851,3.80538841267691,0.00131050117459436
"quadpos",1000,339,2,0,500,493.361575660296,-9.44510317561134,502.806678835908,497.498644655828,498.748902251253,2.50051519085004,22.663573966642,22.3606489582951,22.3606797749979,-0.182542656406322,0.181469535710815,0.550248928508295
"quadpos",1000,339,2,1,500,495.463552649235,-9.62597586433804,505.089528513573,497.440869679097,498.717992770794,2.55424618339334,22.6641343528169,22.360569010494,22.3606797749979,-0.0872443217588293,0.284945152325448,0.523672136448382
"quadpos",1000,339,5,0,200,209.832741398478,-3.73946150045171,213.572202898929,197.745878528875,198.19631671238,2.25219091752616,17.949185929184,17.8883789867593,17.8885438199983,0.673393373788085,0.859546088437096,0.268777395453284
"quadpos",1000,339,5,1,200,203.731368614229,-3.78424725844987,207.515615872679,197.743981986854,198.194231451691,2.25124732418308,17.9492179790561,17.8881627518674,17.8885438199983,0.333573676266101,0.52109233073785,0.37497378032167
"quadpos",1000,339,10,0,100,102.503997499099,-1.77393884287211,104.277936341971,97.8370099941688,98.0529735403586,2.15963546189789,13.4361730472589,13.4159642060688,13.4164078649987,0.347344998349989,0.463996676347474,0.357788484374374
"quadpos",1000,339,10,1,100,109.417183734001,-1.93364468898519,111.350828422986,97.8255541644078,98.0425204704606,2.16966306052848,13.4360827949984,13.415784389937,13.4164078649987,0.862723886600953,0.991988807043439,0.20241324236532
"quadpos",1000,339,25,0,40,56.9846341092732,-0.775610968485119,57.7602450777583,37.89626794062,37.980114646864,2.09616765610038,8.76674920636836,8.76191354460235,8.76356092008266,2.17735967110671,2.25751262326477,0.024545868902535
"quadpos",1000,339,25,1,40,61.6413273908682,-0.715835838829446,62.3571632296976,37.899278381825,37.9829761233967,2.092443539292,8.76662612875323,8.76176093398811,8.76356092008266,2.70823104126373,2.78188223690857,0.00897944272193139
"quadpos",1000,339,50,0,20,37.00560798469,-0.375994460460616,37.3816024451506,17.9307099042817,17.9718168937183,2.05534947183405,6.25819547829621,6.25664101656108,6.26099033699941,3.04798693913623,3.10226933270669,0.00523170633045742
"quadpos",1000,339,50,1,20,39.4408171214448,-0.369740687346941,39.8105578087917,17.929161248642,17.9702932536841,2.05660025210352,6.25811063156608,6.25654904487375,6.26099033699941,3.43740421658534,3.49078452010255,0.00248552349727255
"quadpos",1000,340,2,0,500,483.564322407399,-1.17500946954534,484.739331876945,497.415864392597,498.707490998243,2.58325321129208,22.8109853809782,22.3606296343341,22.3606797749979,-0.607231198208031,-0.6246764670638,0.670295865320716
"quadpos",1000,340,2,1,500,515.726904433209,-0.61553066802627,516.342435101235,496.935954536871,498.183809811123,2.49571054850447,22.8032633953217,22.3490946930997,22.3606797749979,0.824046522226862,0.812499366952812,0.282228861555773
"quadpos",1000,340,5,0,200,202.333555365195,-0.304752159948471,202.638307525143,197.711118814573,198.168475218506,2.28678201966862,17.9789860676445,17.8883503196483,17.8885438199983,0.257102182138095,0.24987392502745,0.401429273503473
"quadpos",1000,340,5,1,200,217.248492302398,0.31416063847965,216.934331663919,197.428350725744,197.871830897457,2.21740085856147,17.9546657469104,17.8611006940709,17.8885438199983,1.10389922352438,1.06726349584884,0.165813861690016
"quadpos",1000,340,10,0,100,107.327431170541,-0.155121011175588,107.482552181717,97.8208274039342,98.038368017069,2.17540613134847,13.4460527054558,13.4158998085284,13.4164078649987,0.707018184061551,0.703954583698095,0.244002623885112
"quadpos",1000,340,10,1,100,134.180184374967,0.0639295227452731,134.116254852222,97.6652982099449,97.8790731245278,2.13774914582852,13.4229512862201,13.3915530921907,13.4164078649987,2.72033216737575,2.70597304720585,0.00895877640697552
"quadpos",1000,340,25,0,40,57.3605383090916,-0.213525418698322,57.5740637277899,37.8847221803615,37.9689862149463,2.10660086461879,8.76884555968571,8.76164999833106,8.76356092008266,2.22102396446222,2.23760108159743,0.0227103808930571
"quadpos",1000,340,25,1,40,54.9578251231325,-0.294288583328598,55.2521137064611,37.8169283461896,37.9005566391821,2.09070732481299,8.75128852649388,8.74374361663721,8.76356092008266,1.95867119739569,1.9844540082652,0.0369111818237255
"quadpos",1000,340,50,0,20,29.3829067794311,0.0160416571347809,29.3668651222964,17.8957464276849,17.9374952467778,2.08744095464623,6.25802678654359,6.2557191491063,6.26099033699941,1.83558823628667,1.82702733340441,0.0438955832191424
"quadpos",1000,340,50,1,20,18.9282204596287,-0.00863104114193726,18.9368515007706,17.8892598002813,17.9302855311688,2.05128654437459,6.24496726387575,6.24252232310663,6.26099033699941,0.166367671029635,0.161243471389117,0.396256140687266
"quadpos",1000,341,2,0,500,526.139413224612,-4.38938222248232,530.528795447094,497.47470501876,498.737053274939,2.52469651235849,22.4330188819982,22.360665346352,22.3606797749979,1.27779093650452,1.42177084982589,0.185019918198585
"quadpos",1000,341,2,1,500,494.494862364491,-3.27779143393874,497.772653798429,497.287241495312,498.550001279361,2.52551956809724,22.4247899614039,22.3582428931872,22.3606797749979,-0.124521974815703,-0.0347678252108145,0.535930928067404
"quadpos",1000,341,5,0,200,241.061867694494,-1.71815029392273,242.780017988417,197.765459956013,198.212122507036,2.2333127551173,17.9029085318702,17.8884470269328,17.8885438199983,2.41840076775271,2.49143457865736,0.0198275971578944
"quadpos",1000,341,5,1,200,197.700479189283,-1.65192022639578,199.352399415679,197.640492476993,198.087942912419,2.23725217712735,17.8927594317626,17.8795086365142,17.8885438199983,0.00335256909469196,0.070720987302621,0.492638135480623
"quadpos",1000,341,10,0,100,92.0010664377643,-0.871554696257691,92.8726211340219,97.8529408229887,98.0674320279977,2.1449120500894,13.420928988251,13.4161354256884,13.4164078649987,-0.436026029967625,-0.387206205747523,0.651611681354187
"quadpos",1000,341,10,1,100,104.502612419792,-0.781624259206939,105.284236678999,97.7920553965032,98.0056087688676,2.13553372364485,13.411870733086,13.4074441080536,13.4164078649987,0.500344594489301,0.542879601173137,0.307846364991508
"quadpos",1000,341,25,0,40,54.5207906029641,-0.318507473230736,54.8392980761949,37.9196039184046,38.002605689658,2.07504428133692,8.76353130717142,8.76241056659499,8.76356092008266,1.89434899045484,1.92146810042472,0.0402041160325034
"quadpos",1000,341,25,1,40,51.4519358836788,-0.321155373307189,51.773091256986,37.8729877079789,37.9567048059932,2.09292745035702,8.75732586219091,8.75629545539204,8.76356092008266,1.55058158042582,1.57788034007976,0.0713530373615895
"quadpos",1000,341,50,0,20,32.1256996077105,-0.144922846255962,32.2706224539665,17.9337541265717,17.9748739308213,2.05599021248061,6.25814316490733,6.25781230314198,6.26099033699941,2.2677566024249,2.28446425533847,0.0212455732459113
"quadpos",1000,341,50,1,20,29.9601429570239,-0.167806653586058,30.1279496106099,17.9195276932518,17.9606345221617,2.05534144549595,6.25352030684258,6.25322020739334,6.26099033699941,1.9254139545365,1.94576788996852,0.0378357961690618
"quadpos",1000,342,2,0,500,472.199184893761,-5.05837019811226,477.257555091873,497.472041540579,498.73557896156,2.52707484196199,22.5892918828518,22.3606344429454,22.3606797749979,-1.11879809149766,-0.960528375189418,0.791280520451933
"quadpos",1000,342,2,1,500,493.951944075921,-5.60496055004558,499.556904625967,497.328475135272,498.588536583051,2.52012289555707,22.5877820355341,22.3577830594028,22.3606797749979,-0.149484843356416,0.043312346324477,0.542794414951101
"quadpos",1000,342,5,0,200,220.620888426558,-1.95710706856154,222.577995495119,197.743907750115,198.194761456154,2.25426853019574,17.9342358047805,17.8883867654437,17.8885438199983,1.27560387437,1.36307618784654,0.129379694242405
"quadpos",1000,342,5,1,200,203.987343402605,-2.30590363158675,206.293247034192,197.652471922506,198.102719149137,2.25123613315246,17.9279047943648,17.8812074764208,17.8885438199983,0.353352583738074,0.458052281751992,0.37020108615987
"quadpos",1000,342,10,0,100,110.572085826787,-1.01827589605324,111.59036172284,97.8453558946792,98.060494320324,2.15138425644804,13.4311947943098,13.4159759104717,13.4164078649987,0.947550097143945,1.0084892439286,0.181569815269838
"quadpos",1000,342,10,1,100,108.942270716338,-1.32315117318491,110.265421889523,97.7770819351675,97.9937534805198,2.16671545352356,13.4249353762307,13.4093489534354,13.4164078649987,0.83167542101831,0.915157659899579,0.211428406407971
"quadpos",1000,342,25,0,40,47.9705158878947,-0.419789116783566,48.3903050046783,37.8829562461758,37.9673381424775,2.10954740754231,8.7655338473034,8.76192412186741,8.76356092008266,1.1508209103342,1.18957511126898,0.128886490854607
"quadpos",1000,342,25,1,40,49.1990191124804,-0.59529826646325,49.7943173789437,37.8639403232304,37.9481296359602,2.10473281824487,8.76054208229187,8.75683037263151,8.76356092008266,1.29387869868945,1.35279401779979,0.10540806481563
"quadpos",1000,342,50,0,20,28.5025255722826,-0.245084519851954,28.7476100921345,17.9096342947455,17.9511495823275,2.07576437910404,6.25755329097479,6.25643145896777,6.26099033699941,1.69281679036041,1.72565792187041,0.0548082365956334
"quadpos",1000,342,50,1,20,31.5634670644844,-0.288814919139152,31.8522819836235,17.9048777226481,17.9462607977907,2.06915375713024,6.25408109395596,6.25291676048908,6.26099033699941,2.18394823102569,2.22392552443721,0.0247511175042669
"quadpos",1000,343,2,0,500,495.884066275401,-6.77718227593214,502.661248551333,497.472182520301,498.73572999319,2.52709494577723,22.5519681774934,22.3606564643891,22.3606797749979,-0.0704202946900875,0.175554709871539,0.51834784476078
"quadpos",1000,343,2,1,500,475.274930976165,-6.56911216390778,481.844043140073,496.945925389377,498.220585790634,2.54932080251366,22.5395869511099,22.3538768627907,22.3606797749979,-0.961463688763175,-0.732604136234693,0.761184453952867
"quadpos",1000,343,5,0,200,196.252274806754,-2.5766787902401,198.828953596994,197.764757119045,198.211464403539,2.23353642246978,17.9267312690104,17.8883980420372,17.8885438199983,-0.0843702228585169,0.0345189766017004,0.521752387580767
"quadpos",1000,343,5,1,200,193.438952193454,-3.17782891503268,196.616781108487,197.411900456005,197.86075173397,2.24425638982366,17.9016580233395,17.8631207393578,17.8885438199983,-0.221931860019404,-0.069639042563387,0.578247105039875
"quadpos",1000,343,10,0,100,114.571570093148,-1.32390960058093,115.895479693729,97.8657848095246,98.0789054244779,2.13120614953301,13.4287387413188,13.4160124790133,13.4164078649987,1.24403234029873,1.32800817658161,0.121027721688829
"quadpos",1000,343,10,1,100,112.395396804914,-1.4569781846659,113.85237498958,97.6577556496307,97.8721051276794,2.1434947804865,13.4048349124046,13.3917846340773,13.4164078649987,1.09942727766425,1.19328904239072,0.151763614709198
"quadpos",1000,343,25,0,40,49.9526661924089,-0.646560596249671,50.5992267886585,37.9251175990493,38.0078404778281,2.06807196947164,8.76511644419594,8.76208180395212,8.76356092008266,1.37220636712978,1.4370313576793,0.0927904032039208
"quadpos",1000,343,25,1,40,37.8403319624374,-0.655450920119409,38.4957828825568,37.8202482843009,37.9037966598287,2.08870938819586,8.74732986449138,8.7441705712745,8.76356092008266,0.00229597813820383,0.0677006718822296,0.476773900338488
"quadpos",1000,343,50,0,20,35.2226265084213,-0.318874875247683,35.541501383669,17.9387156802751,17.9796733134607,2.04788165928118,6.25777675451015,6.25681602877784,6.26099033699941,2.76198904278413,2.80683146019217,0.00886070662014214
"quadpos",1000,343,50,1,20,23.6398212973965,-0.356852237105486,23.996673534502,17.8982176275532,17.9390817159949,2.04320442208501,6.24388688191811,6.24287297866136,6.26099033699941,0.919556003884484,0.970321170911612,0.167185465360869
"quadpos",1000,344,2,0,500,500.440922804221,-5.86086100429379,506.301783808515,497.474683338116,498.736904989073,2.52444330191509,22.5974439050733,22.3606433558388,22.3606797749979,0.131264380102725,0.338312216650352,0.460833078975886
"quadpos",1000,344,2,1,500,502.281303392605,-6.30018777838601,508.581491170991,497.396070748507,498.67451327692,2.55688505682618,22.5976196094016,22.3597924908966,22.3606797749979,0.216183506428495,0.443071101760187,0.437865737861411
"quadpos",1000,344,5,0,200,190.691036485416,-2.29300314076005,192.984039626176,197.730358110941,198.18392306898,2.26782479019751,17.9358602130651,17.8883866834883,17.8885438199983,-0.392471927295519,-0.290684874763124,0.632429546836798
"quadpos",1000,344,5,1,200,199.057758928984,-2.28302417320518,201.34078310219,197.708231131858,198.160036601714,2.25902734927958,17.9340031919145,17.8860624286812,17.8885438199983,0.0752496686146924,0.177833802893094,0.465512808509983
"quadpos",1000,344,10,0,100,100.839550787474,-1.19395121182731,102.033501999301,97.8350860978799,98.0512469039846,2.16160806104704,13.4317458846064,13.4159713632066,13.4164078649987,0.223683854310955,0.296829427218223,0.401901993197052
"quadpos",1000,344,10,1,100,104.660622818002,-1.22734450441966,105.887967322422,97.8103681111518,98.0271879467296,2.16819835577795,13.4296871935888,13.4137155166304,13.4164078649987,0.510082968285396,0.586025502475145,0.304057115597867
"quadpos",1000,344,25,0,40,52.0021386094833,-0.40576232582001,52.4079009353033,37.8943349241327,37.9782696032873,2.09836697886482,8.76570197759473,8.76196551311779,8.76356092008266,1.6094322760927,1.64684867914773,0.0646041064944054
"quadpos",1000,344,25,1,40,45.3933155875322,-0.408228763687729,45.80154435122,37.8846234067845,37.9686299937164,2.10016467329866,8.76407532790511,8.7602781575306,8.76356092008266,0.856758060583967,0.894139913898757,0.1910649126119
"quadpos",1000,344,50,0,20,34.7406990769552,-0.320917940335364,35.0616170172905,17.9236493952611,17.9648906440568,2.06206243978604,6.25770145792689,6.25652660793935,6.26099033699941,2.6874164251462,2.73262265863913,0.0101881775400001
"quadpos",1000,344,50,1,20,31.0613600277948,-0.232565193821508,31.2939252216163,17.9205496955859,17.9617729825468,2.0611643480419,6.25649651500391,6.25529243409648,6.26099033699941,2.10034646398275,2.13133956238375,0.0283203055564322
"quadpos",1000,345,2,0,500,534.13735861336,-4.1369603624248,538.274318975785,497.449467218753,498.724446381823,2.54995832613862,22.5004855508641,22.3606634871354,22.3606797749979,1.63053776380384,1.76872536079781,0.127252198944248
"quadpos",1000,345,2,1,500,508.360403799306,-4.32963294167237,512.690036740978,497.273268152166,498.545520844098,2.54450538386356,22.4915709582277,22.3581530750139,22.3606797749979,0.492946253853559,0.632633467058938,0.364249656369133
"quadpos",1000,345,5,0,200,248.421911138797,-1.54982458159278,249.971735720389,197.774138542559,198.219016920068,2.22439188754729,17.9164213839191,17.8884253968861,17.8885438199983,2.82689112468055,2.89308408381934,0.00868531969265498
"quadpos",1000,345,5,1,200,225.207368553007,-1.51199510741851,226.719363660426,197.630343208889,198.079988533068,2.24822662089299,17.9059441343027,17.8794964630295,17.8885438199983,1.54010451151179,1.60179987096264,0.0897453520324812
"quadpos",1000,345,10,0,100,145.681318197518,-0.825098416561747,146.50641661408,97.8451496813701,98.0603846143418,2.15234932971692,13.4253857456761,13.4160879216153,13.4164078649987,3.56311315163174,3.61104013947942,0.00127523020717881
"quadpos",1000,345,10,1,100,134.342988186452,-0.877764763559702,135.220752950012,97.7791197811319,97.9942051863264,2.15085405194504,13.416498941793,13.4076984950798,13.4164078649987,2.7252913419478,2.77650543658529,0.00873260037594163
"quadpos",1000,345,25,0,40,64.9324459485806,-0.324132620044864,65.2565785686255,37.9151730166398,37.9983379956702,2.07912447575995,8.76455241694656,8.76233259256589,8.76356092008266,3.08256162399144,3.11084295020731,0.0041856408458654
"quadpos",1000,345,25,1,40,61.8967069559152,-0.333790916907653,62.2304978728229,37.8669213653729,37.9508902597022,2.09922235823178,8.75842546849442,8.75633276668989,8.76356092008266,2.74361934995983,2.77280549518209,0.00847568493610276
"quadpos",1000,345,50,0,20,39.1933029977081,-0.14775279515118,39.3410557928593,17.930516312496,17.9716963887867,2.05900381453534,6.25845111026392,6.25773833331857,6.26099033699941,3.39745191111919,3.41486944097584,0.00268411396920609
"quadpos",1000,345,50,1,20,40.1235256159859,-0.152124206844672,40.2756498228306,17.9107830489009,17.9520698676993,2.06434093992045,6.25395511234621,6.25329168031229,6.26099033699941,3.55179117343421,3.56989264156896,0.00200791227966036
"quadpos",1000,346,2,0,500,492.685509406902,-7.62113328487865,500.30664269178,497.471259404544,498.735233218139,2.52794762719005,22.5624346072854,22.3606484732431,22.3606797749979,-0.212111417980417,0.0702756664468946,0.558770939941737
"quadpos",1000,346,2,1,500,485.745290396075,-7.62182275906628,493.367113155141,497.520878857225,498.75969510804,2.47763250162935,22.5621982393471,22.3606378251298,22.3606797749979,-0.521916718230681,-0.241164048855443,0.644445529146913
"quadpos",1000,346,5,0,200,216.104340496413,-3.05763287699789,219.161973373411,197.758549698857,198.206522089517,2.23986195330199,17.9288469038775,17.8884086430637,17.8885438199983,1.02325547738312,1.17145419148388,0.179649691937735
"quadpos",1000,346,5,1,200,195.952900041914,-2.99370369161928,198.946603733533,197.750900694359,198.200321385882,2.24710345761794,17.928759661192,17.8883781129091,17.8885438199983,-0.100285836076948,0.0417188379483004,0.527779412186785
"quadpos",1000,346,10,0,100,132.128799883862,-1.4923187378944,133.621118621756,97.8540860798149,98.0683669569792,2.14280877164369,13.4294239027251,13.4159994540001,13.4164078649987,2.55221028484265,2.65002632019163,0.0122998946059122
"quadpos",1000,346,10,1,100,114.461521821967,-1.43161774151593,115.893139563483,97.852968465401,98.0673373269753,2.14368861574219,13.4293759930195,13.4159701005081,13.4164078649987,1.23673306676339,1.3287002060203,0.122459674871675
"quadpos",1000,346,25,0,40,49.661618898703,-0.627175041579647,50.2887939402827,37.9052882179446,37.9888009694822,2.08781878843893,8.76525151115728,8.7620602129881,8.76356092008266,1.34124282295765,1.40377864016137,0.0975092584128009
"quadpos",1000,346,25,1,40,48.2395886905261,-0.615454946506047,48.8550436370321,37.9026854167966,37.9862986874463,2.09033176624386,8.76522889130861,8.76204109039605,8.76356092008266,1.17930785401159,1.24043528641961,0.123422342635793
"quadpos",1000,346,50,0,20,33.3356746928675,-0.311543222881448,33.6472179157489,17.934674523625,17.9757207401073,2.05231082411403,6.25793923057347,6.25693294725012,6.26099033699941,2.46103383267132,2.50466119866749,0.0151952439508769
"quadpos",1000,346,50,1,20,33.4509061485418,-0.291680372466541,33.7425865210084,17.9371647040546,17.9781600745382,2.04976852417942,6.25792212673272,6.25691687976159,6.26099033699941,2.47905632737347,2.51951987686799,0.0147112856184053
"quadpos",1000,347,2,0,500,487.563324615485,-2.0331233284663,489.596447943951,497.515566615091,498.757450719641,2.48376820909997,22.5461733115126,22.3606589765494,22.3606797749979,-0.441416016017411,-0.409692880039771,0.622431952480887
"quadpos",1000,347,2,1,500,482.164618477302,-2.35016459481259,484.514783072115,497.342872335201,498.591821037666,2.49789740492912,22.5430529703181,22.3579818808009,22.3606797749979,-0.673300722749666,-0.629620242139979,0.686516347878329
"quadpos",1000,347,5,0,200,233.178877982023,-0.835144263971958,234.014022245995,197.793126145245,198.234178543252,2.20526199003677,17.9255537886888,17.8884057955509,17.8885438199983,1.97403953338987,2.00016950150146,0.0440210441074508
"quadpos",1000,347,5,1,200,192.335528690607,-0.771053561737084,193.106582252344,197.671796678674,198.117683244555,2.22943282940258,17.9186221873674,17.8811245305632,17.8885438199983,-0.297805709181683,-0.280245293501861,0.600183159389452
"quadpos",1000,347,10,0,100,121.576386733602,-0.368251898834556,121.944638632437,97.8788021274072,98.0906524569321,2.11850329524889,13.428386316815,13.4160539500721,13.4164078649987,1.76473807403956,1.77801805689494,0.0534804973057086
"quadpos",1000,347,10,1,100,103.988067253018,-0.378778271822095,104.36684552484,97.823703521813,98.0355466830554,2.11843161242331,13.421715709206,13.4091792057126,13.4164078649987,0.459282841684459,0.472161550282481,0.320353634424976
"quadpos",1000,347,25,0,40,46.9567063052531,-0.209622888005288,47.1663291932584,37.9076502636452,37.9910902739314,2.08600025715367,8.76511056404935,8.76218175276054,8.76356092008266,1.03239496815056,1.04714090374083,0.151174421123623
"quadpos",1000,347,25,1,40,52.6039934532727,-0.1647045642837,52.7686980175564,37.8891523950164,37.9723871039056,2.08086772222975,8.76013741494445,8.75714620391711,8.76356092008266,1.67975002688352,1.68962702792747,0.0578476487668768
"quadpos",1000,347,50,0,20,17.8304779915137,-0.0423161102778112,17.8727941017915,17.9205529373228,17.9618795857608,2.06633242190026,6.25781506384677,6.25690550717218,6.26099033699941,-0.0143939929336428,-0.0142379461967473,0.466871762191335
"quadpos",1000,347,50,1,20,29.3821761689979,0.0148944355346133,29.3672817334633,17.9144196234402,17.9556463378967,2.06133572282715,6.25440550696498,6.25346695578656,6.26099033699941,1.83354861349926,1.82484939574311,0.043903773002906
"quadpos",1000,348,2,0,500,543.593520827071,-4.9535265157162,548.547047342788,497.471738718445,498.735391588093,2.52730573929639,22.6048236979026,22.3606417341929,22.3606797749979,2.04035133053951,2.22764875654373,0.07725488804834
"quadpos",1000,348,2,1,500,491.700494052435,-4.09132443316786,495.791818485603,497.143493849269,498.418307607181,2.54962751582454,22.5977512279044,22.3557793424891,22.3606797749979,-0.240864665777573,-0.117485911868275,0.571151626043888
"quadpos",1000,348,5,0,200,207.162626450285,-2.00603834123129,209.168664791516,197.765247307659,198.211810667811,2.23281680075663,17.9373422905067,17.8883756996808,17.8885438199983,0.523900307549958,0.612512522526053,0.313162900967266
"quadpos",1000,348,5,1,200,215.22692853507,-1.90023718442083,217.127165719491,197.539291426518,197.991104632955,2.25906603218757,17.9228830834923,17.8733492302949,17.8885438199983,0.986874546140625,1.07064774709941,0.190772142216667
"quadpos",1000,348,10,0,100,125.915925051236,-0.915508158753478,126.83143320999,97.848987429714,98.0637529718176,2.14765542103595,13.4322320632096,13.4159640576209,13.4164078649987,2.08952149497154,2.14428721742371,0.0302184384179499
"quadpos",1000,348,10,1,100,117.653883227687,-1.0461587171524,118.700041944839,97.7022292676655,97.9205221755572,2.18292907891693,13.4186515879933,13.4020568277017,13.4164078649987,1.48685982560821,1.55047244138908,0.0858840891751089
"quadpos",1000,348,25,0,40,49.3563052825319,-0.324273995968678,49.6805792785006,37.8796799812343,37.9642039599127,2.11309946695982,8.76585740253742,8.76198600773732,8.76356092008266,1.30924161485624,1.33718260999751,0.102666631102215
"quadpos",1000,348,25,1,40,61.9469379838597,-0.387327155899924,62.3342651397596,37.8441105786989,37.9281528596901,2.10105702477904,8.75580986859673,8.75182404000537,8.76356092008266,2.75278104103278,2.78868864004887,0.00837972340945271
"quadpos",1000,348,50,0,20,36.7390994039379,-0.214610511694461,36.9537099156323,17.9162570305206,17.9576600211073,2.07014952933662,6.25798204392725,6.2567489492439,6.26099033699941,3.0078134199319,3.0360895168761,0.00566610963557867
"quadpos",1000,348,50,1,20,35.2451190543541,-0.226462027016555,35.4715810813706,17.8909589876087,17.9323651709824,2.07030916868872,6.25024696907661,6.24897613095511,6.26099033699941,2.77655589492798,2.80673434220775,0.00880289787431609
"quadpos",1000,349,2,0,500,497.9198361583,-5.24885580073703,503.168691959037,497.498979526074,498.74906519748,2.50017134281149,22.6276660355819,22.3606479387783,22.3606797749979,0.01859920645656,0.1976519988892,0.492585590484009
"quadpos",1000,349,2,1,500,523.166116667104,-6.34180594897121,529.507922616076,497.380992860619,498.629302800952,2.49661988066546,22.6194826864354,22.3585059650734,22.3606797749979,1.13995196813003,1.38106812071253,0.210292207585952
"quadpos",1000,349,5,0,200,216.939865062567,-2.03710289510449,218.976967957672,197.749001671526,198.198835944046,2.24917136259898,17.9419629725105,17.8883869142339,17.8885438199983,1.06960779154676,1.16154307893979,0.169471630373587
"quadpos",1000,349,5,1,200,217.570067550064,-2.10939128914464,219.679458839208,197.698515600522,198.143137501714,2.22310950596256,17.9345490851208,17.8825415857577,17.8885438199983,1.10800399024406,1.20432105437665,0.16206092227935
"quadpos",1000,349,10,0,100,104.077634878533,-0.944607888539322,105.022242767072,97.84742002386,98.0623574136707,2.14937389810675,13.4337834409541,13.4159829014428,13.4164078649987,0.463772166795479,0.518775657700988,0.318158255386103
"quadpos",1000,349,10,1,100,115.676802316495,-0.960907987214225,116.637710303709,97.8218849468201,98.0352503345862,2.13365387766117,13.4280733798411,13.4108017641971,13.4164078649987,1.32967082206147,1.38712511721606,0.107342763274363
"quadpos",1000,349,25,0,40,51.9646083085684,-0.374248892087318,52.3388572006557,37.8967726172744,37.9806146107025,2.09604983570208,8.7662453372397,8.76199516720269,8.76356092008266,1.6047732124873,1.63869556145135,0.0650466802859496
"quadpos",1000,349,25,1,40,39.2526139073617,-0.303232715298313,39.55584662266,37.897506926138,37.9805815654819,2.07686598359916,8.76214730982002,8.7580449341473,8.76356092008266,0.154654667778183,0.17986492065554,0.413521646134701
"quadpos",1000,349,50,0,20,27.8363182229868,-0.184937712992839,28.0212559359796,17.9187293768667,17.960089023971,2.06798235521409,6.2582008521725,6.25684193571708,6.26099033699941,1.58473482721113,1.60802638381747,0.0645901491791598
"quadpos",1000,349,50,1,20,17.9036452897946,-0.186198716490408,18.089844006285,17.9292444256388,17.9702300099584,2.04927921597962,6.25561978204494,6.25430721346421,6.26099033699941,-0.00409218218755818,0.0191250592981892,0.462017018369166
"quadpos",1000,350,2,0,500,518.217002450188,-2.40613153150508,520.623133981693,497.463207784011,498.731272196997,2.53612882597119,22.5018557428399,22.3606626924259,22.3606797749979,0.922314803870355,0.979034570031376,0.256817913956566
"quadpos",1000,350,2,1,500,516.664514299443,-2.20438639817167,518.868900697615,497.451317127095,498.7148401513,2.52704604841157,22.5001336564506,22.3603397742923,22.3606797749979,0.853914801827883,0.901330693082127,0.272510518665976
"quadpos",1000,350,5,0,200,194.94400793989,-0.940653261972405,195.884661201862,197.779470983224,198.223268756939,2.21898886857879,17.9166720068099,17.888416705904,17.8885438199983,-0.158258355249022,-0.130733065621476,0.548080832131148
"quadpos",1000,350,5,1,200,201.048870153508,-0.887005714013899,201.935875867522,197.767068913907,198.210518973908,2.21725030000746,17.915197121169,17.8873517572431,17.8885438199983,0.183185326815286,0.208267659974065,0.426262096990815
"quadpos",1000,350,10,0,100,115.874346121194,-0.412369014506727,116.2867151357,97.8661465260191,98.0792623093399,2.13115783320796,13.4254274836927,13.416058089493,13.4164078649987,1.34135018173897,1.35713878882351,0.105027745951741
"quadpos",1000,350,10,1,100,122.131031229658,-0.46013039385671,122.591161623515,97.8461086773235,98.0604408376682,2.14332160344661,13.4243059580095,13.4150764631874,13.4164078649987,1.809026301121,1.82859343762682,0.0498518545890403
"quadpos",1000,350,25,0,40,56.6866067301619,-0.184030908247484,56.8706376384093,37.914146185683,37.9973228534473,2.07941669410702,8.76438016806879,8.7621690867944,8.76356092008266,2.14190395492797,2.15395464273867,0.0260941970109618
"quadpos",1000,350,25,1,40,59.1108318180168,-0.149488272352144,59.2603200903689,37.9087042180299,37.9919757473909,2.08178823402496,8.76369494330547,8.76151479298939,8.76356092008266,2.41931374119577,2.42747342731146,0.0156859674843081
"quadpos",1000,350,50,0,20,42.7720151008115,-0.160818630341852,42.9328337311533,17.93052075436,17.9716663812101,2.05728134250516,6.25787212068925,6.25719554497992,6.26099033699941,3.96963917883886,3.98919406793501,0.000861770821541867
"quadpos",1000,350,50,1,20,41.8498105080611,-0.115144827838615,41.9649553358997,17.9260556853641,17.9672549384132,2.05996265245365,6.25730880954763,6.25664487841901,6.26099033699941,3.82332973341402,3.83555417700971,0.00116056747143383
