"scen","n","rep","m","oracle","G","HL","C","EF","mu","muEF","d","sdHL","sdEF","sdEF_simple","zHL","zEF","pHL_chisq"
"quadneg",4000,201,2,0,2000,2004.9662934213,23.4673868824064,1981.4989065389,1997.47546279105,1998.73764061769,2.52435565328809,45.0586442846299,44.7213565606603,44.7213595499958,0.166246249730336,-0.385469838228511,0.451997019193573
"quadneg",4000,201,2,1,2000,2061.55063036686,23.4274517211205,2038.12317864574,1997.46375655298,1998.72945034299,2.53138758002225,45.0590491946488,44.721319453935,44.7213595499958,1.42228642102557,0.880871333488218,0.15735697573098
"quadneg",4000,201,5,0,800,875.280993898333,9.39361859608896,865.887375302244,797.746024089187,798.196738643051,2.2535727693175,35.8447127544236,35.7770705683505,35.7770876399966,2.16307968040775,1.89201171543303,0.0292546460395284
"quadneg",4000,201,5,1,800,921.398043071186,9.37197924964005,912.026063821546,797.741282098569,798.192347578264,2.2553273984739,35.8447511732087,35.7769583962851,35.7770876399966,3.44978712155327,3.18176058966214,0.00154287195749231
"quadneg",4000,201,10,0,400,484.60059980329,4.698607244593,479.901992558697,397.834682549157,398.051142514308,2.16459965150876,26.855320343939,26.8327689106433,26.8328157299975,3.23086510020782,3.0504064011047,0.00189782424912286
"quadneg",4000,201,10,1,400,502.377995016799,4.7216157393113,497.656379277488,397.843603675413,398.059004752586,2.15401077173164,26.8552751228339,26.8326650246944,26.8328157299975,3.89250867337066,3.71179584410424,0.000289502349011281
"quadneg",4000,201,25,0,160,225.543127985098,1.86574309637795,223.67738488872,157.897050142537,157.981103322667,2.10132950325811,17.5324608810831,17.5269461129895,17.5271218401653,3.85833331107264,3.74830168031178,0.000338018676531923
"quadneg",4000,201,25,1,160,230.464392396543,1.93587031319398,228.528522083349,157.894017740454,157.978164769918,2.10367573661423,17.5324029338711,17.5268729652874,17.5271218401653,4.13921439803839,4.02526779609566,0.000149225329884049
"quadneg",4000,201,50,0,80,153.988559367573,0.925986978097323,153.062572389476,77.9213552634673,77.9628663939043,2.07555652184833,12.523416297805,12.5214997221461,12.5219806739988,6.07399788486133,5.99766063666848,6.52156246371449e-07
"quadneg",4000,201,50,1,80,145.914122756675,0.971911109951941,144.942211646723,77.9173540509321,77.9589385670494,2.07922580586435,12.5233700879663,12.5214484698566,12.5219806739988,5.42959029623188,5.34948278874643,5.02000469873805e-06
"quadneg",4000,202,2,0,2000,2033.19057012749,34.862574374636,1998.32799575285,1997.45080850303,1998.72530284953,2.54898869301402,45.4580101844918,44.7213551129618,44.7213595499958,0.786214827252873,-0.00888405764270789,0.286381793061425
"quadneg",4000,202,2,1,2000,2092.12857716703,35.2010910587231,2056.92748610831,1997.17417045986,1998.43697781975,2.52561471977212,45.4567960944084,44.7186183011964,44.7213595499958,2.08889351792331,1.30796769914953,0.0698656433773685
"quadneg",4000,202,5,0,800,844.199527665472,13.9795771768644,830.219950488608,797.737372802749,798.189806203652,2.26216700451326,35.9252910856687,35.7770675752509,35.7770876399966,1.29329932920871,0.895270251470051,0.124773207805893
"quadneg",4000,202,5,1,800,886.605656316451,14.3080655929488,872.297590723502,797.566007907586,798.014131982664,2.24062037539132,35.918943454266,35.7697166908163,35.7770876399966,2.4789049968086,2.07671364531412,0.0154909714926723
"quadneg",4000,202,10,0,400,422.162044088316,6.94241575986208,415.219628328454,397.836912034795,398.053141303789,2.1622926899416,26.8822201736182,26.8327631706252,26.8328157299975,0.904878090292307,0.639758451841349,0.194020756163206
"quadneg",4000,202,10,1,400,433.169287769561,7.19072497940139,425.978562790159,397.737181809568,397.952665008739,2.15483199170331,26.8759330822658,26.8260393554333,26.8328157299975,1.31835817017168,1.04472737887579,0.108401857380055
"quadneg",4000,202,25,0,160,196.682953046763,2.75075189697605,193.932201149787,157.890128203495,157.974450140666,2.10804842927964,17.5390299438167,17.5269232976653,17.5271218401653,2.21179990954656,2.05157233807891,0.0198423066901625
"quadneg",4000,202,25,1,160,192.731664783802,2.89770797634924,189.833956807453,157.851410241935,157.935477792698,2.10168876909455,17.534334961812,17.5221049421762,17.5271218401653,1.9892544894251,1.82047072084213,0.0311982355963025
"quadneg",4000,202,50,0,80,133.790050483985,1.31205579420773,132.477994689777,77.9101529450931,77.9518801008582,2.08635778825554,12.525655958828,12.5214360066971,12.5219806739988,4.46123522173766,4.35462151144288,8.74756484079219e-05
"quadneg",4000,202,50,1,80,123.78609865722,1.39226395255952,122.393834704661,77.8947679683579,77.936334538465,2.07832850535831,12.5220789567702,12.5178144733351,12.5219806739988,3.66483319960625,3.5515385102485,0.000747590591768457
"quadneg",4000,203,2,0,2000,2144.52155410304,43.2712268555162,2101.25032724752,1997.47157919764,1998.73567135238,2.52818430947853,45.5560059655853,44.7213540878432,44.7213595499958,3.22789436406004,2.29229767269078,0.0114830244435208
"quadneg",4000,203,2,1,2000,2137.83068143963,43.1905513413476,2094.64013009828,1997.46472382246,1998.73014734105,2.53084703719292,45.5551224714717,44.7213086672443,44.7213595499958,3.0812332401274,2.14461485174466,0.0148933192624873
"quadneg",4000,203,5,0,800,871.89095967802,17.3626551048804,854.528304573139,797.739283522036,798.191327041276,2.26021759620182,35.945146127731,35.7770650609504,35.7770876399966,2.06291207976971,1.57466738637969,0.0349960970546607
"quadneg",4000,203,5,1,800,884.204198730553,17.2612355992473,866.942963131305,797.748999732857,798.198561393704,2.24780830423821,35.9447796605395,35.7769605529891,35.7770876399966,2.40522267250416,1.92147126740361,0.0178115227991982
"quadneg",4000,203,10,0,400,459.526946122136,8.66706402884081,450.859882093295,397.836904423548,398.053127713197,2.1622328964878,26.8888442601163,26.8327575950087,26.8328157299975,2.29426155701646,1.967995804871,0.0178253184811732
"quadneg",4000,203,10,1,400,483.210183661517,8.58878210124448,474.621401560273,397.833565789826,398.049976409376,2.16410619550234,26.888657098997,26.8326650641452,26.8328157299975,3.1751908456178,2.8536645528071,0.00217661584174518
"quadneg",4000,203,25,0,160,213.132291834197,3.43884036054487,209.693451473652,157.90019230921,157.984104274867,2.09779914142105,17.5406273302132,17.5269014683153,17.5271218401653,3.14880981650246,2.95028458351659,0.00228029684128879
"quadneg",4000,203,25,1,160,235.394269533384,3.41130832586427,231.982961207519,157.903812776958,157.987554441375,2.0935416104287,17.5405345146926,17.526833232159,17.5271218401653,4.41779335125261,4.22183550137138,6.36673050893809e-05
"quadneg",4000,203,50,0,80,143.362153598023,1.76499370500307,141.59715989302,77.9220125556088,77.96349429475,2.07408695705961,12.5261488534026,12.5213699227735,12.5219806739988,5.22428256348228,5.08200508336834,9.36068265346562e-06
"quadneg",4000,203,50,1,80,148.471093495521,1.75188792043206,146.719205575089,77.9208967227286,77.9623940258957,2.07486515835553,12.5260877302924,12.5213176344614,12.5219806739988,5.63226110912328,5.49118020614373,2.65995138945237e-06
"quadneg",4000,204,2,0,2000,2058.32604720054,34.3558161228614,2023.97023107767,1997.47870598193,1998.73925499778,2.52109803170277,45.387238878858,44.7213560522142,44.7213595499958,1.3406266325435,0.564181820659457,0.169688467085726
"quadneg",4000,204,2,1,2000,1979.29051878456,34.2054761053457,1945.08504267921,1997.39253524732,1998.65690984031,2.52874918598695,45.38269860025,44.7205743745286,44.7213595499958,-0.398874836029711,-1.19792439856525,0.612693091274735
"quadneg",4000,204,5,0,800,834.249802334284,13.768737412462,820.481064921822,797.761376220945,798.209009269109,2.23816524081863,35.9109779563301,35.7770677851202,35.7770876399966,1.01607998973769,0.622523225952458,0.181247886690875
"quadneg",4000,204,5,1,800,868.138824315489,13.5256009885222,854.613223326966,797.721255549631,798.166574473943,2.22659462155744,35.9079085765726,35.7750831381906,35.7770876399966,1.96106015519378,1.5778202005844,0.0424184835063371
"quadneg",4000,204,10,0,400,457.621509823618,6.92156748980888,450.699942333809,397.862372402873,398.076052995229,2.13680592356194,26.8774351002902,26.8327614824598,26.8328157299975,2.22339435283761,1.9611805282501,0.0207043384070213
"quadneg",4000,204,10,1,400,460.321883281084,6.79472416551841,453.527159115566,397.829955206177,398.044028808987,2.1407360281013,26.8752543884335,26.8309698542467,26.8328157299975,2.32525903463831,2.06787643562567,0.016731349888058
"quadneg",4000,204,25,0,160,219.555169459026,2.73747009498402,216.817699364042,157.912922117693,157.996330198024,2.0852020082676,17.5378517436879,17.5269175567011,17.5271218401653,3.51481174788234,3.35605898616947,0.000873256409598713
"quadneg",4000,204,25,1,160,236.570947195991,2.69917155670325,233.871775639288,157.891519759049,157.97530197123,2.09455530451804,17.5364641411467,17.5256286247722,17.5271218401653,4.48661867088317,4.33059922089069,5.17101232384951e-05
"quadneg",4000,204,50,0,80,127.484207275117,1.39387839167322,126.090328883444,77.9333597271308,77.9746208302303,2.06305515497365,12.5252285500091,12.5214207963193,12.5219806739988,3.95608330420047,3.84267159740827,0.000346544785571649
"quadneg",4000,204,50,1,80,125.164572193034,1.37763732117185,123.786934871862,77.9233353807699,77.9646753113164,2.06699652732377,12.5242526392486,12.5204795059356,12.5219806739988,3.77198050638322,3.65978471821489,0.00056325191520177
"quadneg",4000,205,2,0,2000,2006.08569461182,26.7838628153077,1979.30183179651,1997.44498308224,1998.72239057847,2.55481499247016,45.4089470208915,44.7213558367106,44.7213595499958,0.190286542553182,-0.434256932031898,0.445009253309884
"quadneg",4000,205,2,1,2000,1990.36941100338,26.1033373921473,1964.26607361123,1997.41420315516,1998.68795916011,2.54751200988791,45.4065739313817,44.720979600866,44.7213595499958,-0.155149167660772,-0.769703299348249,0.543920129725843
"quadneg",4000,205,5,0,800,854.348730688096,10.7259385229073,843.622792165188,797.744443733022,798.195466905531,2.25511586254422,35.9153683109796,35.7770684671364,35.7770876399966,1.5760464006649,1.26973302190439,0.0814808580177437
"quadneg",4000,205,5,1,800,797.575347653101,10.5972096495298,786.978138003571,797.716288930379,798.16794655452,2.25828812070147,35.9138169088526,35.776108822936,35.7770876399966,-0.00392443046742313,-0.312773214279103,0.497583304361607
"quadneg",4000,205,10,0,400,444.612743706271,5.35073447782356,439.262009228448,397.840407689333,398.056289146958,2.15881457624496,26.8789023737431,26.8327640447279,26.8328157299975,1.74011331886185,1.53564947736295,0.0531409367511647
"quadneg",4000,205,10,1,400,387.079552049672,5.297871241372,381.7816808083,397.819126832854,398.03571560239,2.16588769536313,26.8777929714126,26.8318703128002,26.8328157299975,-0.399570559777897,-0.605773455394796,0.643181624706242
"quadneg",4000,205,25,0,160,200.055095274609,2.21039239522851,197.84470287938,157.9016734775,157.98553626052,2.09656957549545,17.5382226378352,17.5269302509151,17.5271218401653,2.40351731572678,2.27416701317556,0.0132028177780451
"quadneg",4000,205,25,1,160,153.143005487925,2.10234600189306,151.040659486032,157.892577977683,157.976557896914,2.09949798078751,17.5375081690193,17.5262707415048,17.5271218401653,-0.270823679395266,-0.395742968551643,0.594240603671639
"quadneg",4000,205,50,0,80,108.215607387084,1.14506625251256,107.070541134571,77.9177401211515,77.9593177465667,2.07888127076011,12.5253873572438,12.5214531791213,12.5219806739988,2.41891658930691,2.32490773806873,0.0133962794167929
"quadneg",4000,205,50,1,80,79.6651275002422,1.06076167683055,78.6043658234117,77.9148621158496,77.956434341499,2.07861128247068,12.5248806896266,12.5209660568355,12.5219806739988,0.139743078418484,0.051747722897065,0.426342210685771
"quadneg",4000,206,2,0,2000,2163.56102713166,71.7754213282646,2091.7856058034,1997.46653345037,1998.73315288079,2.53323886084303,46.148552356398,44.7213538275712,44.7213595499958,3.5991268458125,2.08071636832339,0.00522607073056826
"quadneg",4000,206,2,1,2000,2099.42518315596,71.7458583473042,2027.67932480865,1997.47194956315,1998.73001363975,2.51612815320208,46.1498142226391,44.7212157132385,44.7213595499958,2.20917971849162,0.64732835874888,0.0560747951193797
"quadneg",4000,206,5,0,800,951.241603757174,28.7187583259709,922.522845431203,797.747508419222,798.197903894891,2.25197737834453,36.0658791484209,35.7770638937112,35.7770876399966,4.2559366071816,3.4749900636247,0.000141142649299657
"quadneg",4000,206,5,1,800,892.828276165923,28.8765540320598,863.951722133864,797.754933166364,798.202369470678,2.23718152156722,36.0660554704714,35.7767726694692,35.7770876399966,2.63608930223597,1.83776645452691,0.0106617988721919
"quadneg",4000,206,10,0,400,534.973870787088,14.4068154075171,520.567055379571,397.84739486727,398.062562379399,2.15167512128927,26.9292276638366,26.8327526115298,26.8328157299975,5.09210578303979,4.56548363761727,5.13212771451788e-06
"quadneg",4000,206,10,1,400,490.784328096122,14.4783182495554,476.306009846567,397.849368142851,398.06392984655,2.14561703698988,26.9291408860909,26.8324930199309,26.8328157299975,3.45109264147645,2.91594522886483,0.00101345273166473
"quadneg",4000,206,25,0,160,255.778463726073,5.83051271177862,249.947951014295,157.905624804779,157.989313849076,2.09222610743778,17.5505158375452,17.5268853573872,17.5271218401653,5.57663602752452,5.24671870044838,1.36147347099585e-06
"quadneg",4000,206,25,1,160,229.183468157744,5.8649629088982,223.318505248846,157.902114504768,157.985875193143,2.09401720936721,17.5503787921439,17.5267006896036,17.5271218401653,4.06152793037624,3.7276057378247,0.000185205381040711
"quadneg",4000,206,50,0,80,170.685185457008,2.91812856376015,167.767056893248,77.9203515088115,77.9618637477867,2.07561194876002,12.529586745839,12.5213471574457,12.5219806739988,7.40366269294586,7.17216702134641,7.09676418752304e-09
"quadneg",4000,206,50,1,80,152.322896250759,2.89052257803678,149.432373672722,77.9209193803434,77.9624031378946,2.07418787755712,12.5294711611442,12.5212143297172,12.5219806739988,5.93815779720591,5.70791048318723,1.00187203645298e-06
"quadneg",4000,207,2,0,2000,2029.7868946142,28.7433857620671,2001.04350885213,1997.43564771686,1998.71773013174,2.56416482975925,45.1564307786811,44.7213563084807,44.7213595499958,0.716426128891675,0.0520059969636425,0.30476768961796
"quadneg",4000,207,2,1,2000,2092.30381097486,28.5827798133545,2063.72103116151,1997.42380096798,1998.69015650317,2.53271107038666,45.1540019634973,44.7209848754181,44.7213595499958,2.10125361830796,1.45414674653287,0.0695059389315085
"quadneg",4000,207,5,0,800,909.329247497262,11.5345732176956,897.794674279567,797.744213392079,798.195286790663,2.25536699291601,35.8643951486866,35.7770698241989,35.7770876399966,3.11130394483369,2.78388889806557,0.00364554178623271
"quadneg",4000,207,5,1,800,931.273455580705,11.371834551792,919.901621028913,797.718569500272,798.169231295179,2.25330897453557,35.8627694103028,35.776024156909,35.7770876399966,3.72405389423339,3.40262487524692,0.000728816111404742
"quadneg",4000,207,10,0,400,483.955925322436,5.68302508867385,478.272900233762,397.850933695127,398.065767223632,2.14833528504418,26.8618896230154,26.832767847861,26.8328157299975,3.20547038334689,2.98914869553886,0.00202271736614773
"quadneg",4000,207,10,1,400,493.96724226861,5.6305897201797,488.33665254843,397.833308865114,398.048326644039,2.15017778925135,26.8606945784283,26.8317827659723,26.8328157299975,3.57898166493062,3.36497677742434,0.000725610078504347
"quadneg",4000,207,25,0,160,224.688755544538,2.32692949082729,222.36182605371,157.909713450896,157.993258332928,2.08862205081334,17.5340654959827,17.5269413061754,17.5271218401653,3.80853157580265,3.67254996729536,0.000388245967096918
"quadneg",4000,207,25,1,160,205.982289389975,2.25555331138132,203.726736078594,157.899370969665,157.983061325663,2.092258899944,17.5332959259527,17.5262255502686,17.5271218401653,2.74237762388632,2.6100128987687,0.00616239711670775
"quadneg",4000,207,50,0,80,147.61653657964,1.14603706173638,146.470499517904,77.9287510399026,77.9701140111679,2.0681485632626,12.5239770762446,12.5214976067939,12.5219806739988,5.56434949660844,5.47062241736718,3.29284985365449e-06
"quadneg",4000,207,50,1,80,147.421068243071,1.0990401918241,146.322028051246,77.9200849472768,77.9615518934602,2.07334730917334,12.5234224950915,12.5209618226008,12.5219806739988,5.54967967606575,5.45968250093958,3.45703163675615e-06
"quadneg",4000,208,2,0,2000,2113.00293934342,32.9721724680592,2080.03076687536,1997.47655559917,1998.73818087717,2.5232505560048,45.2337308743095,44.7213559591511,44.7213595499958,2.55398751133889,1.81775762954153,0.0362484733829881
"quadneg",4000,208,2,1,2000,2011.87401293683,32.8565774123133,1979.01743552451,1997.46476833422,1998.72259302802,2.51564938759421,45.2344688969599,44.7211913579273,44.7213595499958,0.318545678858859,-0.440622373983682,0.409235663751815
"quadneg",4000,208,5,0,800,856.926957699739,13.1223662590523,843.804591440687,797.760891758984,798.208628401147,2.23868321081662,35.8799750368429,35.7770693611078,35.7770876399966,1.64899964060736,1.27444656182782,0.072587431754352
"quadneg",4000,208,5,1,800,831.297190875082,13.2703241106689,818.026866764413,797.732042028005,798.183160257316,2.2555911465526,35.8798375749815,35.7766168282762,35.7770876399966,0.935487759021548,0.554655757483856,0.200794891680228
"quadneg",4000,208,10,0,400,485.492879426123,6.5519064698698,478.940972956253,397.845228569371,398.060634848752,2.15406279381035,26.8670921641098,26.8327690806823,26.8328157299975,3.26226784504189,3.01423747449643,0.00173667620266321
"quadneg",4000,208,10,1,400,446.168720346841,6.60272468561737,439.565995661223,397.841621400063,398.056704242306,2.15082842243824,26.866788115575,26.8323411559036,26.8328157299975,1.79876726383837,1.54698731570742,0.0478259339818784
"quadneg",4000,208,25,0,160,202.979177446715,2.58293434899661,200.396243097719,157.903889255559,157.987666259954,2.09442510987385,17.5353341956435,17.5269383228323,17.5271218401653,2.57054058327302,2.41962264353492,0.00913157425101705
"quadneg",4000,208,25,1,160,203.267472297228,2.58027591792818,200.6871963793,157.898272318711,157.982156926446,2.09711519336774,17.5350561337053,17.526625654878,17.5271218401653,2.58734272833664,2.43658079391733,0.00879886218114477
"quadneg",4000,208,50,0,80,134.959145119959,1.28014542577499,133.678999694184,77.9198516614695,77.9613908657546,2.07696021425565,12.5244052972057,12.5214831175478,12.5219806739988,4.55425164747865,4.44976112696634,6.71870043879966e-05
"quadneg",4000,208,50,1,80,129.949748245553,1.25627634467796,128.693471900875,77.91401207612,77.9556388656877,2.08133947838479,12.5241910252313,12.5212573853055,12.5219806739988,4.15481814870127,4.05213561816332,0.000204247871734186
"quadneg",4000,209,2,0,2000,2135.27889920776,32.2003712003442,2103.07852800742,1997.47810717233,1998.73895485473,2.52169536481335,45.2650016113796,44.7213559093182,44.7213595499958,3.04431209830757,2.33310397306052,0.0164087267797211
"quadneg",4000,209,2,1,2000,1975.8879801322,32.5566110977818,1943.33136903442,1997.0469313345,1998.31034509419,2.52682751938376,45.2494108262512,44.717352968912,44.7213595499958,-0.467607219982282,-1.22947742676082,0.633274770968079
"quadneg",4000,209,5,0,800,852.459875591813,12.8895006557133,839.5703749361,797.752890970431,798.202226070388,2.24667549978576,35.8862828972659,35.7770691779667,35.7770876399966,1.52445391956576,1.15627550876048,0.0885135026847673
"quadneg",4000,209,5,1,800,798.951757104001,13.0630735961448,785.888683507856,797.477559022325,797.928274484646,2.2535773116062,35.8730550642894,35.7668314050098,35.7770876399966,0.0410948573806708,-0.336613295163291,0.483846795734077
"quadneg",4000,209,10,0,400,432.320305436755,6.41736780826587,425.902937628489,397.844693179261,398.060146775089,2.15453595828218,26.8691929068602,26.8327650284518,26.8328157299975,1.2830907268782,1.03764151118519,0.113790783726222
"quadneg",4000,209,10,1,400,398.849230875547,6.44643312768744,392.40279774786,397.683749610953,397.900240529916,2.1649091896366,26.8587326533815,26.8233303651037,26.8328157299975,0.0433930103715284,-0.204950045621806,0.478584367760413
"quadneg",4000,209,25,0,160,186.961239083453,2.4940129088657,184.467226174588,157.910650333022,157.994153952482,2.08759048648561,17.5358452565212,17.5269308346419,17.5271218401653,1.65664034584405,1.51042258749501,0.0575039200611891
"quadneg",4000,209,25,1,160,187.033615745143,2.56605009171648,184.467565653426,157.836820760756,157.92065482992,2.09585172911313,17.5285820332854,17.5199248187987,17.5271218401653,1.66566781779292,1.51524113819377,0.0570856829736735
"quadneg",4000,209,50,0,80,128.808397130973,1.18530442372122,127.623092707252,77.9301151089016,77.9714463931237,2.06656421110367,12.5245666319729,12.5214626529293,12.5219806739988,4.06227884102502,3.96532319668843,0.000261290910671762
"quadneg",4000,209,50,1,80,121.032354089944,1.24504589968554,119.787308190258,77.888834241523,77.9303238811374,2.07448198072209,12.5193159694598,12.5163029735375,12.5219806739988,3.44615631985543,3.34419711616257,0.00129955855310157
"quadneg",4000,210,2,0,2000,2054.02608740465,29.0465576547738,2024.97952974987,1997.46988074926,1998.73484979413,2.52993808974534,45.2272656690642,44.7213566948965,44.7213595499958,1.25048918652792,0.586848921753278,0.18709178402667
"quadneg",4000,210,2,1,2000,2033.28322128109,29.181342342794,2004.1018789383,1997.43353464997,1998.69668892205,2.52630854416477,45.2245320775175,44.7210158606409,44.7213595499958,0.792704423556499,0.120864651936536,0.285889038931794
"quadneg",4000,210,5,0,800,839.162984173153,11.6095795617637,827.55340461139,797.73688764035,798.189424222494,2.26268291071968,35.8786709649043,35.7770696444173,35.7770876399966,1.15461625023194,0.820748615824041,0.151556715822814
"quadneg",4000,210,5,1,800,849.359824041589,11.4338814193349,837.925942622254,797.720716561858,798.171439460235,2.25361449188537,35.8769659930976,35.77610897469,35.7770876399966,1.43933875260427,1.11120253994484,0.101045833280897
"quadneg",4000,210,10,0,400,459.021414641664,5.86601862223004,453.155396019434,397.840169287455,398.056078811921,2.15909524466382,26.866655175326,26.8327676225807,26.8328157299975,2.27721854302124,2.05343399467841,0.0185529844951595
"quadneg",4000,210,10,1,400,449.703346204262,5.78570562219104,443.917640582071,397.821259975303,398.037643850657,2.16383875353953,26.8654963512297,26.8318801292505,26.8328157299975,1.9311791433395,1.7099061456151,0.037364310289695
"quadneg",4000,210,25,0,160,204.65801572214,2.38570247425471,202.272313247885,157.893017819166,157.977229066953,2.10528119467529,17.5352289052064,17.5269372623293,17.5271218401653,2.66691687663619,2.52725753039212,0.00734259496882542
"quadneg",4000,210,25,1,160,208.968033947362,2.33075487960461,206.637279067757,157.886412131649,157.970646960966,2.10587073293537,17.5345159502141,17.5262943326753,17.5271218401653,2.91320398924893,2.77677820439536,0.00410860709966798
"quadneg",4000,210,50,0,80,112.360689715378,1.17221616103444,111.188473554343,77.9148223278989,77.9564612132228,2.08194426619697,12.5243655805159,12.5214769779308,12.5219806739988,2.75030836221086,2.65400099362815,0.00659371350187545
"quadneg",4000,210,50,1,80,111.146748910797,1.15630348476741,109.990445426029,77.904357265351,77.9461416591122,2.08921968806003,12.5238464529786,12.5209836526521,12.5219806739988,2.65432762771851,2.5592481114796,0.00815345193597113
"quadneg",4000,211,2,0,2000,2109.87593240883,37.7307989377408,2072.14513347109,1997.48066031023,1998.74021879046,2.51911696046412,45.6585459829274,44.7213548405944,44.7213595499958,2.46164808096677,1.6413839639313,0.0402057879027323
"quadneg",4000,211,2,1,2000,2087.13823582078,37.9369078042636,2049.20132801651,1997.44732968741,1998.72031803123,2.54597668764984,45.6592529991178,44.721283651177,44.7213595499958,1.9643533400579,1.12879161472701,0.0807309650300311
"quadneg",4000,211,5,0,800,838.254358792103,15.1221638156212,823.132194976482,797.759156117124,798.20722776425,2.24035823563199,35.9659580736101,35.7770662720702,35.7770876399966,1.12593143194184,0.696674428883795,0.156780600655943
"quadneg",4000,211,5,1,800,867.214496460097,15.190566759308,852.023929700789,797.731821946729,798.184522424451,2.26350238860779,35.9660569234471,35.776902848444,35.7770876399966,1.93189580557189,1.50486495447661,0.0444338415962201
"quadneg",4000,211,10,0,400,434.372262889655,7.59677458873197,426.775488300923,397.851300661929,398.066080935366,2.14780273436739,26.8957989787702,26.8327557155735,26.8328157299975,1.35786864917281,1.0699388340831,0.101095277871752
"quadneg",4000,211,10,1,400,469.911543478768,7.62727066007617,462.284272818691,397.842176444706,398.057628654744,2.15452210037577,26.8957473786594,26.8326037445811,26.8328157299975,2.67958224099195,2.393604615315,0.0074868747001214
"quadneg",4000,211,25,0,160,176.421677272745,3.00547418366207,173.416203089083,157.90080495661,157.984696304079,2.0972836867436,17.5423500772127,17.5269132840732,17.5271218401653,1.05578056729094,0.880446347562343,0.150165618922085
"quadneg",4000,211,25,1,160,196.519405133348,3.01066484566533,193.508740287683,157.903290485329,157.987041608862,2.09377808833551,17.5422678330211,17.5268038844255,17.5271218401653,2.20131826828738,2.02670714598374,0.0202283024168724
"quadneg",4000,211,50,0,80,115.527532986169,1.48582127519925,114.04171171097,77.9209575210376,77.9624625515127,2.07525152375099,12.5267668013225,12.5213878442442,12.5219806739988,3.00209751339518,2.88140976130231,0.00372252624538614
"quadneg",4000,211,50,1,80,121.646817599663,1.48928819163927,120.157529408023,77.9228966306176,77.9643520079295,2.07276886559711,12.5266928108242,12.5213036848557,12.5219806739988,3.49046006231298,3.36971121075242,0.00115042833941782
"quadneg",4000,212,2,0,2000,2125.05130091759,38.2573472572969,2086.7939536603,1997.46424557734,1998.73202069456,2.53555023443675,45.4986122102856,44.7213549509555,44.7213595499958,2.80419663682424,1.96912488591442,0.0238930317923321
"quadneg",4000,212,2,1,2000,2014.58731950816,38.3723238356648,1976.21499567249,1997.40796459113,1998.67184723354,2.52776528482402,45.4940866350542,44.7206991747892,44.7213595499958,0.377617316616119,-0.502157881594706,0.392727850137953
"quadneg",4000,212,5,0,800,915.03023248579,15.2079239452915,899.822308540499,797.763600842263,798.210787267639,2.23593212687637,35.9335117606686,35.7770670223131,35.7770876399966,3.26343365559617,2.84012999750616,0.002447713624194
"quadneg",4000,212,5,1,800,832.842164365391,15.0165148522804,817.825649513111,797.701945300307,798.153380610312,2.25717655002338,35.9308059441325,35.7755031896987,35.7770876399966,0.977996962264684,0.549880984160775,0.190407869918753
"quadneg",4000,212,10,0,400,490.964652967655,7.59550566549527,483.36914730216,397.855800157166,398.07013802806,2.14337870893966,26.8849616165425,26.8327610504785,26.8328157299975,3.46323175530214,3.17891286377996,0.000994651060827814
"quadneg",4000,212,10,1,400,458.140826080118,7.53272728511577,450.608098795002,397.820836563853,398.036379090094,2.15542526240274,26.8830994286452,26.8313155877641,26.8328157299975,2.24378850646927,1.95934185682953,0.0198822975448725
"quadneg",4000,212,25,0,160,207.362931193642,3.02168784056057,204.341243353081,157.908921670553,157.992491396971,2.08924316043872,17.5396985711453,17.5269214462773,17.5271218401653,2.81954728711506,2.64443200126026,0.00511806904995086
"quadneg",4000,212,25,1,160,228.703897919086,2.94952009493415,225.754377824152,157.890468423325,157.974376788765,2.09770913599552,17.5385200225407,17.5258517766298,17.5271218401653,4.03759435828971,3.86742977740861,0.000200690627097735
"quadneg",4000,212,50,0,80,121.049272689394,1.49064714823109,119.558625541163,77.9222915240196,77.9637719614718,2.07402187261274,12.5258551964044,12.5214045306447,12.5219806739988,3.44303686168702,3.32189998956525,0.00129521939698812
"quadneg",4000,212,50,1,80,127.152674853177,1.48204968215792,125.67062517102,77.9181071085392,77.9595660411952,2.07294663280097,12.5250012149113,12.5205903220893,12.5219806739988,3.93090323105305,3.8106077990309,0.000371717699598184
"quadneg",4000,213,2,0,2000,2043.41717984673,20.3356495899231,2023.0815302568,1997.46098967924,1998.7304015151,2.53882367173478,45.2529670266798,44.7213562698815,44.7213595499958,1.01553982394998,0.544507831890106,0.234648988054345
"quadneg",4000,213,2,1,2000,2076.11369783018,20.4160111914916,2055.69768663869,1997.36205346628,1998.62660952931,2.52911212604849,45.2539579927691,44.7203898773248,44.7213595499958,1.74021561553763,1.27617575038902,0.109260499323989
"quadneg",4000,213,5,0,800,836.808025813065,8.13518252557166,828.672843287493,797.728884291869,798.183015095217,2.27065401674176,35.8838517592336,35.7770676697148,35.7770876399966,1.0890453394859,0.852217081448679,0.165345595811024
"quadneg",4000,213,5,1,800,783.453432333597,8.20981536502659,775.24361696857,797.677430347994,798.127960800933,2.25265226469063,35.8820346270155,35.7744261341034,35.7770876399966,-0.396410018613834,-0.639684442360535,0.636696272313625
"quadneg",4000,213,10,0,400,442.521385657512,4.03536599916816,438.486019658343,397.828668951681,398.045721516799,2.17052565118565,26.8683785244395,26.8327626142034,26.8328157299975,1.66339463563752,1.50712391127919,0.0610327543849105
"quadneg",4000,213,10,1,400,432.084297773622,4.13331167484569,427.950986098777,397.800384553086,398.016355700099,2.15971147012853,26.8662666148324,26.8303131877887,26.8328157299975,1.27609517585927,1.11570186263432,0.115323478519419
"quadneg",4000,213,25,0,160,229.819952303827,1.60840569195364,228.211546611873,157.898384850103,157.982377596222,2.09981865296982,17.5356399936684,17.5269264146941,17.5271218401653,4.10145095814537,4.00693010023553,0.000166402540323628
"quadneg",4000,213,25,1,160,195.885072715827,1.68460926729598,194.200463448531,157.889007376456,157.972704062852,2.09241715988679,17.5339413831383,17.525134140252,17.5271218401653,2.16700081910336,2.0671887071307,0.0217883297895125
"quadneg",4000,213,50,0,80,156.203966075168,0.803060075254995,155.400905999913,77.9126651092949,77.9543417075304,2.08382991177446,12.5244652787703,12.521433716585,12.5219806739988,6.25106934493894,6.18511953545726,3.66064172710192e-07
"quadneg",4000,213,50,1,80,117.797743682171,0.825659874180104,116.97208380799,77.9156994483615,77.9571467145735,2.07236331059846,12.5231954371302,12.5201295058181,12.5219806739988,3.18465398340445,3.11617679955202,0.0024331462198475
"quadneg",4000,214,2,0,2000,2080.58741643389,45.3570095099887,2035.2304069239,1997.4562234644,1998.72802149223,2.54359605564768,45.3496394961278,44.7213560234182,44.7213595499958,1.83311695292714,0.816218216025457,0.0969022171685057
"quadneg",4000,214,2,1,2000,2057.48539671789,45.8778381121314,2011.60755860575,1997.04842066505,1998.30914633579,2.5214513414788,45.3466905096852,44.7177349834125,44.7213595499958,1.33277589551821,0.297385640728335,0.173004700180301
"quadneg",4000,214,5,0,800,863.483922097939,18.1102317403042,845.373690357635,797.743023447648,798.194335671384,2.25656111867984,35.9033792467049,35.7770699362272,35.7770876399966,1.83105044788576,1.31870370520416,0.053380912737738
"quadneg",4000,214,5,1,800,883.28637352417,19.1361374556201,864.15023606855,797.480238031373,797.930119242985,2.24940605805879,35.8941855674271,35.7668396869215,35.7770876399966,2.39053022478,1.85143885803752,0.0187748626599735
"quadneg",4000,214,10,0,400,458.639912356817,9.00656564047233,449.633346716345,397.835527938777,398.051902311025,2.16374372248132,26.8749037348075,26.8327677438191,26.8328157299975,2.26249682670634,1.92233037224427,0.0191190954872332
"quadneg",4000,214,10,1,400,483.151635076304,9.43884868942509,473.712786386879,397.6938467292,397.909223623659,2.15376894458854,26.865887371329,26.8232790082217,26.8328157299975,3.18090324603624,2.82603639696645,0.00218914363669669
"quadneg",4000,214,25,0,160,214.55851724537,3.58976891787427,210.968748327495,157.889410083311,157.973766552565,2.10891173135099,17.537253136837,17.5269393026509,17.5271218401653,3.23135594382365,3.02363013072765,0.00185246565169373
"quadneg",4000,214,25,1,160,218.901539416272,3.833430439796,215.068108976476,157.82704858164,157.911342710723,2.107353227085,17.5305629726172,17.5201145203272,17.5271218401653,3.48388645190862,3.26235117923675,0.000965558615128279
"quadneg",4000,214,50,0,80,135.162371451776,1.78562620193789,133.376745249838,77.9086672647024,77.9504284309192,2.08805831083782,12.5250635964088,12.5214700374735,12.5219806739988,4.57113081673213,4.42650237176965,6.4157568219083e-05
"quadneg",4000,214,50,1,80,135.647066800164,1.89735806954699,133.749708730617,77.8830039444053,77.9246190458921,2.08075507433672,12.5200151073038,12.5163724120153,12.5219806739988,4.61373747241409,4.46016528168609,5.74541311935001e-05
"quadneg",4000,215,2,0,2000,2094.67799195288,26.5931207183565,2068.08487123453,1997.4761348511,1998.73797040611,2.52367111001762,45.3079832261264,44.7213556665825,44.7213595499958,2.14535828303502,1.55064397746411,0.0647737305099648
"quadneg",4000,215,2,1,2000,2049.54555007086,26.7315071144945,2022.81404295637,1997.48191882942,1998.73853541839,2.51323317794668,45.3085823807282,44.7213129975513,44.7213595499958,1.1490898303538,0.538345274864639,0.20638465629992
"quadneg",4000,215,5,0,800,876.917329200071,10.6052266353132,866.312102564758,797.760863749161,798.208600156298,2.23868203568152,35.8949599073069,35.77706807427,35.7770876399966,2.2052250693501,1.90355180215113,0.0267813136790611
"quadneg",4000,215,5,1,800,863.175143337407,10.652753525376,852.522389812031,797.760541038318,798.207763067126,2.23611014403708,35.8950644658156,35.7769576129692,35.7770876399966,1.82238431028271,1.5181454871729,0.0541825156694476
"quadneg",4000,215,10,0,400,487.096741541884,5.23956484704031,481.857176694843,397.853480276453,398.068050647783,2.14570371329891,26.8720844040847,26.8327617320368,26.8328157299975,3.32103977955149,3.1226426442352,0.00147838726690285
"quadneg",4000,215,10,1,400,460.687690147849,5.29629449444252,455.391395653407,397.847840144291,398.062814000496,2.14973856205111,26.872066477241,26.8326608824328,26.8328157299975,2.3384822323501,2.1365224233294,0.0162479524402945
"quadneg",4000,215,25,0,160,210.401753693586,2.13471175225239,208.267041941334,157.891964154746,157.976211643984,2.10618723096199,17.5365437018994,17.5269205757723,17.5271218401653,2.99430665651368,2.86934776020308,0.00336495749303994
"quadneg",4000,215,25,1,160,219.514551951421,2.16723865362366,217.347313297797,157.898749206848,157.982695990483,2.09866959088019,17.5364874063605,17.5268423086054,17.5271218401653,3.51357722426354,3.38706860380472,0.000878741915914081
"quadneg",4000,215,50,0,80,130.572081877122,1.02823833123588,129.543843545886,77.9134283614154,77.9550867621089,2.08292003467527,12.5247590611979,12.52141047351,12.5219806739988,4.20436459163873,4.12004357599467,0.000178380061012833
"quadneg",4000,215,50,1,80,135.707402088421,1.06041937770941,134.646982710712,77.9162006855712,77.9577961385187,2.07977264737571,12.5247089118378,12.5213524699748,12.5219806739988,4.6141752123459,4.52740122986946,5.66685114996868e-05
"quadneg",4000,216,2,0,2000,2102.99843816402,31.1020291361407,2071.89640902788,1997.4744792036,1998.7371418204,2.52532523358901,45.3141439023996,44.721355801294,44.7213595499958,2.32872012737792,1.63589108372617,0.0501638295468609
"quadneg",4000,216,2,1,2000,2053.66957276001,30.0525047151325,2023.61706804487,1997.39638886698,1998.65577607909,2.51877442423332,45.3096189111037,44.7205634739145,44.7213595499958,1.24196992262141,0.558161392137649,0.188583788842438
"quadneg",4000,216,5,0,800,821.672163555239,12.4622947853107,809.209868769928,797.754403015825,798.203439291253,2.24518137713828,35.8962059042202,35.7770696285389,35.7770876399966,0.666303302450185,0.307639211174962,0.273110304971489
"quadneg",4000,216,5,1,800,815.291785144498,12.1576660992907,803.134119045207,797.710060745459,798.157232336865,2.23585795702622,35.8930986914536,35.7750161034384,35.7770876399966,0.48983579128053,0.139116267451908,0.327651564816509
"quadneg",4000,216,10,0,400,406.268223449375,6.24718506204885,400.021038387326,397.84975988213,398.064705961438,2.14946079308016,26.8725023345967,26.832764276452,26.8328157299975,0.313274270569398,0.0729083446540475,0.376515271940875
"quadneg",4000,216,10,1,400,414.252639489509,6.0016912918079,408.250948197701,397.830279638511,398.044146517798,2.13866879286837,26.8702227198247,26.8308633389966,26.8328157299975,0.611173194291451,0.380412719149011,0.276941112081569
"quadneg",4000,216,25,0,160,165.176334902341,2.50344710218584,162.672887800155,157.910541647996,157.994047552128,2.08764760330922,17.536648753066,17.5269247605173,17.5271218401653,0.414320509959147,0.266951579467409,0.331737710925772
"quadneg",4000,216,25,1,160,177.282685679097,2.42719411232566,174.855491566771,157.897014757682,157.980555645994,2.08852220781246,17.535198234509,17.5255716343317,17.5271218401653,1.10552904290891,0.962875064669467,0.139925857303479
"quadneg",4000,216,50,0,80,108.54318955536,1.24626517984515,107.296924375514,77.9291940689335,77.9705419697159,2.06739503912022,12.5248356837485,12.5214486462666,12.5219806739988,2.44426324300197,2.34209181655211,0.0126877536910634
"quadneg",4000,216,50,1,80,105.253412497073,1.22035644213154,104.033056054941,77.916824948942,77.9582887061817,2.07318786198675,12.5237832561077,12.5204312630954,12.5219806739988,2.18277392614561,2.08257741293754,0.0216027590238019
"quadneg",4000,217,2,0,2000,2072.79161615859,34.6496185449663,2038.14199761363,1997.48366869734,1998.74174051658,2.51614363846759,45.1619438856284,44.7213562162082,44.7213595499958,1.66750899057761,0.881016597675694,0.119156069506614
"quadneg",4000,217,2,1,2000,2102.45679708424,34.2651417992793,2068.19165528496,1997.43435023334,1998.70582926534,2.54295806399484,45.1604149120655,44.7211686676719,44.7213595499958,2.32554211593028,1.55375693636217,0.051026056477174
"quadneg",4000,217,5,0,800,912.622711451617,13.7998741975417,898.822837254075,797.751316638997,798.200969893635,2.24826627318876,35.8655052507283,35.7770699639868,35.7770876399966,3.20283776875798,2.81246808253797,0.00290110748658454
"quadneg",4000,217,5,1,800,896.820187880695,13.7890743504196,883.031113530276,797.735235772085,798.185154388968,2.24959308441545,35.864545637981,35.7765135126495,35.7770876399966,2.76275498116665,2.37155471036351,0.00831447678992412
"quadneg",4000,217,10,0,400,487.036645325217,6.86693344526236,480.169711879955,397.838363114445,398.054453811955,2.16090697510323,26.8622592703528,26.8327677832589,26.8328157299975,3.3205800492447,3.06026045211898,0.00148738626120903
"quadneg",4000,217,10,1,400,472.917613011179,6.92016088435396,465.997452126825,397.835857259915,398.051364881179,2.15507621263771,26.8615922139485,26.8322476088219,26.8328157299975,2.79513422559798,2.53225477925698,0.00573160135243599
"quadneg",4000,217,25,0,160,237.25636874135,2.75696689100672,234.499401850344,157.898899197174,157.982878429918,2.09948081859983,17.534160032131,17.526945892852,17.5271218401653,4.52587802317051,4.36565068941255,4.57713873830604e-05
"quadneg",4000,217,25,1,160,224.888166778533,2.75700665270448,222.131160125828,157.896986764004,157.98089662439,2.09774650964706,17.5337327587096,17.5265567676979,17.5271218401653,3.82070269556562,3.66017491922144,0.000375927291219349
"quadneg",4000,217,50,0,80,150.404513376106,1.40595875426961,148.998554621836,77.9249572542886,77.9663949907693,2.07188682403105,12.5239987594529,12.5214888750644,12.5219806739988,5.7872535373026,5.67282056788966,1.63409271500504e-06
"quadneg",4000,217,50,1,80,127.749175021348,1.40940313680061,126.339771884548,77.9183074414796,77.9598411539607,2.07668562405637,12.5236988079306,12.5212027539706,12.5219806739988,3.97892574263392,3.86384053362966,0.000327602884535287
"quadneg",4000,218,2,0,2000,2056.1734988335,32.5353261285036,2023.638172705,1997.45734524749,1998.72857160916,2.54245272332873,45.3860698427181,44.7213555524202,44.7213595499958,1.29370429714409,0.556995663215988,0.178263665920902
"quadneg",4000,218,2,1,2000,2041.06469295156,32.6166796862204,2008.44801326534,1997.45627847237,1998.72773173192,2.54290651909779,45.3857841751037,44.7213497379803,44.7213595499958,0.960838625392961,0.217352150379395,0.246058060520206
"quadneg",4000,218,5,0,800,832.597640555851,13.0529139497871,819.544726606064,797.751305976159,798.200954452594,2.24824238217432,35.9107391158738,35.7770682365642,35.7770876399966,0.970359715160784,0.596576891441798,0.192028642818752
"quadneg",4000,218,5,1,800,876.505156077984,13.0111582582504,863.493997819734,797.747119621533,798.19752612822,2.25203253343687,35.9106368836578,35.7770530772028,35.7770876399966,2.19316735349499,1.8250936305629,0.0273869679156043
"quadneg",4000,218,10,0,400,457.706018198506,6.56457201050046,451.141446188005,397.839496915733,398.055467568105,2.15970652372074,26.8773559584045,26.8327631587959,26.8328157299975,2.22739622808962,1.9784014902132,0.0205685963481884
"quadneg",4000,218,10,1,400,459.741032351147,6.54594619849884,453.195086152648,397.834649386802,398.051083571586,2.16434184784357,26.8773114660996,26.832749843579,26.8328157299975,2.30329521769422,2.05510068489152,0.0175247332315219
"quadneg",4000,218,25,0,160,214.55154120517,2.56989870811532,211.981642497055,157.883491045123,157.968080143678,2.11472746386035,17.5378424180473,17.5269280559833,17.5271218401653,3.23118709868967,3.08174725090733,0.00185436329498011
"quadneg",4000,218,25,1,160,214.169290713018,2.59175462409125,211.577536088927,157.884676536336,157.969214592502,2.11345140412736,17.5378243487954,17.5269183639061,17.5271218401653,3.20932705547066,3.0586278992902,0.00196115006949665
"quadneg",4000,218,50,0,80,145.61081630758,1.28898092625112,144.321835381329,77.9081571875525,77.9499265731294,2.08846927884505,12.5252565224135,12.5214539190457,12.5219806739988,5.40529122089242,5.3006551185917,5.40896284037999e-06
"quadneg",4000,218,50,1,80,140.083477018413,1.30780572702927,138.775671291384,77.9088076799492,77.9505631691242,2.08777445875114,12.5252464402422,12.5214470523532,12.5219806739988,4.96394778618521,4.85767402664765,2.05045038738173e-05
"quadneg",4000,219,2,0,2000,2116.95626280713,51.5714491601762,2065.38481364696,1997.48486023057,1998.74233082286,2.5149411845873,45.3515197864429,44.7213556051538,44.7213595499958,2.63434176272694,1.4901713492874,0.0317125666038472
"quadneg",4000,219,2,1,2000,2188.22910435257,49.65186918294,2138.57723516963,1997.13261505476,1998.38838652552,2.5115429415152,45.337722662094,44.7178875669238,44.7213595499958,4.21495562805526,3.1349613381066,0.00169902253143416
"quadneg",4000,219,5,0,800,931.734825444782,20.6174206350588,911.117404809723,797.753990860709,798.203105525207,2.24557332248727,35.9037606499778,35.7770690715182,35.7770876399966,3.73166576867082,3.1560522484053,0.000703010716321841
"quadneg",4000,219,5,1,800,908.714860266094,19.9502360561247,888.764624209969,797.534972032789,797.983665903218,2.24346935214488,35.8924990843735,35.7685723430891,35.7770876399966,3.09758002561904,2.53800899392875,0.00380225436243102
"quadneg",4000,219,10,0,400,471.114096739465,10.3165594724489,460.797537267017,397.856919743306,398.071149411286,2.14229667980284,26.8750271413691,26.8327641306729,26.8328157299975,2.72584569350607,2.33767894914811,0.00673376392451384
"quadneg",4000,219,10,1,400,480.67222233744,9.9428486035754,470.729373733864,397.727329437751,397.942067890649,2.14738452898393,26.866240742731,26.8249371429508,26.8328157299975,3.08732783622251,2.71341943712038,0.00278469176427341
"quadneg",4000,219,25,0,160,224.363882358379,4.06382026995533,220.300062088423,157.905162715992,157.988885994367,2.09308195936832,17.5372749932682,17.5269308483823,17.5271218401653,3.78956934118311,3.55516756659124,0.000409136542089106
"quadneg",4000,219,25,1,160,249.242351077567,3.9766908028845,245.265660274683,157.845427510428,157.929409680979,2.09955426378172,17.5313351086989,17.5212334429307,17.5271218401653,5.21334644511983,4.98459488472493,4.93143450769348e-06
"quadneg",4000,219,50,0,80,140.87162438511,2.04245955467947,138.82916483043,77.9206355279111,77.9621533374464,2.07589047676562,12.525043030407,12.5214389093362,12.5219806739988,5.02600978730153,4.86102371570092,1.7011187133655e-05
"quadneg",4000,219,50,1,80,169.726133814589,1.99163934172979,167.734494472859,77.8947119353824,77.936208067364,2.07480659907742,12.5207789098241,12.5172599901312,12.5219806739988,7.33432181340996,7.17395711811477,9.29323910423523e-09
"quadneg",4000,220,2,0,2000,2101.28758219629,32.3148978472872,2068.972684349,1997.46907165578,1998.73443361357,2.53072391556377,45.3299239550775,44.721355768961,44.7213595499958,2.29028644838206,1.57057516543769,0.0529280305425097
"quadneg",4000,220,2,1,2000,2059.80620597582,32.3152761821632,2027.49092979366,1997.42012990147,1998.68452368977,2.52878757660361,45.3316091409382,44.7208946239328,44.7213595499958,1.37621578533404,0.644137518851668,0.163951411001702
"quadneg",4000,220,5,0,800,889.136441119221,13.0096786649738,876.126762454247,797.742303991356,798.193752163285,2.25724085964894,35.8993963900383,35.7770681617416,35.7770876399966,2.54584049644985,2.17829504470966,0.0133348812546696
"quadneg",4000,220,5,1,800,935.353870553963,13.4150743183672,921.938796235596,797.706230791839,798.158503739019,2.2613647359011,35.8989632184814,35.7758447947244,35.7770876399966,3.83430682731419,3.45988454519542,0.000528205820050338
"quadneg",4000,220,10,0,400,487.949577537144,6.4970134150161,481.452564122128,397.834858529365,398.051292927951,2.16434398585584,26.8735683469191,26.8327632974367,26.8328157299975,3.35328445573212,3.1081879368773,0.0013559970789229
"quadneg",4000,220,10,1,400,530.825619980566,6.70394451395889,524.121675466607,397.821569094879,398.037501633704,2.1593253882508,26.8727317368231,26.8316140215513,26.8328157299975,4.94940567219797,4.69909017518034,8.92439270999371e-06
"quadneg",4000,220,25,0,160,239.196526561416,2.56140222173494,236.635124339681,157.887177869593,157.971616395951,2.11096315892969,17.5369044835946,17.5269193216182,17.5271218401653,4.63647097855186,4.48815370803383,3.23006354508484e-05
"quadneg",4000,220,25,1,160,225.150051083574,2.59017230177833,222.559878781796,157.887700281591,157.971797845392,2.10243909502259,17.5361332743807,17.5260638448484,17.5271218401653,3.83564322587863,3.68525879559597,0.000360310528010235
"quadneg",4000,220,50,0,80,169.811582120672,1.28760841868489,168.523973701987,77.9045498817755,77.9463908763669,2.0920497295735,12.5249280067486,12.5214500709346,12.5219806739988,7.33792898365368,7.23379339553274,9.0730534677462e-09
"quadneg",4000,220,50,1,80,160.829675657637,1.28217726192871,159.547498395708,77.9056080791017,77.9473440008265,2.08679608624395,12.5243094929388,12.5208009976963,12.5219806739988,6.62104905865576,6.51716726508914,1.07143233677085e-07
"quadneg",4000,221,2,0,2000,2061.48741875025,42.1845614999043,2019.30285725035,1997.47281289581,1998.73630408158,2.52698237153715,45.3170110013653,44.7213559510551,44.7213595499958,1.41259550089289,0.45988214649123,0.157592782602739
"quadneg",4000,221,2,1,2000,2062.82004079868,41.184168170209,2021.63587262847,1997.33983471195,1998.61026964636,2.54086986881133,45.3113858578116,44.7202519207775,44.7213595499958,1.44511594265071,0.514880887140283,0.152671634740791
"quadneg",4000,221,5,0,800,898.877192516138,16.8896551585366,881.987537357601,797.758196516253,798.206469030587,2.24136257166715,35.8967871067815,35.777068867319,35.7770876399966,2.81693722892491,2.34175327883122,0.00729451624625446
"quadneg",4000,221,5,1,800,845.720392223751,16.6163054778532,829.104086745898,797.679391765617,798.127728753112,2.24168493747864,35.8925370262243,35.7740810695218,35.7770876399966,1.3384676715116,0.865888293051811,0.11739742154001
"quadneg",4000,221,10,0,400,484.401468327091,8.46313561926519,475.938332707825,397.860143492628,398.07405512286,2.13911630232093,26.8727043989925,26.8327671704065,26.8328157299975,3.22041740010755,2.9018355464598,0.00193562148543119
"quadneg",4000,221,10,1,400,473.552042578415,8.18731933152905,465.364723246886,397.804130667697,398.019239099607,2.15108431910313,26.8694933660882,26.830007527525,26.8328157299975,2.8191045837254,2.51008070266805,0.00541244755597981
"quadneg",4000,221,25,0,160,237.977754537817,3.32246282301888,234.655291714798,157.91453563588,157.997885886302,2.08375626056433,17.5367112743222,17.5269361361607,17.5271218401653,4.56546370921713,4.37369117071979,4.02300180960969e-05
"quadneg",4000,221,25,1,160,217.993219985838,3.23595354377886,214.757266442059,157.887834839087,157.971507600883,2.0918190449193,17.5346089051332,17.5249455427155,17.5271218401653,3.42781441387924,3.24028161472828,0.00110908989544436
"quadneg",4000,221,50,0,80,141.809494588581,1.64738549623663,140.162109092344,77.9321085332131,77.9734012586767,2.06463627317912,12.5248791708704,12.5214731930518,12.5219806739988,5.10004010289614,4.96656478633647,1.36016274539457e-05
"quadneg",4000,221,50,1,80,115.953070909644,1.60986608016171,114.343204829483,77.9200677923164,77.9614147656793,2.06734866814699,12.5233979638903,12.5200308661141,12.5219806739988,3.03695556325778,2.90588661105236,0.00344064691493326
"quadneg",4000,222,2,0,2000,2087.50369446347,35.8623103743275,2051.64138408914,1997.46224558115,1998.73102222197,2.53755328163103,45.3469768140702,44.721355738514,44.7213595499958,1.98561084350787,1.1831117593246,0.079893700658863
"quadneg",4000,222,2,1,2000,2066.08221276513,35.7681047092227,2030.3141080559,1997.47986564766,1998.73782856824,2.5159258411583,45.3462358040744,44.7213168926628,44.7213595499958,1.51285648965155,0.706067747590007,0.141067820236525
"quadneg",4000,222,5,0,800,826.309814766923,14.293641919163,812.01617284776,797.744620466133,798.195608180945,2.2549385740594,35.9028416615006,35.7770687426563,35.7770876399966,0.795624885910397,0.386296730071058,0.236668252146704
"quadneg",4000,222,5,1,800,793.918068392221,14.2762661644849,779.641802227736,797.744722655837,798.195197896563,2.25237620362889,35.902532760785,35.7769742684754,35.7770876399966,-0.106584521184432,-0.51858481741916,0.534129726508898
"quadneg",4000,222,10,0,400,437.356222883658,7.14754297609044,430.208679907567,397.832360217076,398.049046193075,2.1668597599931,26.8747211760516,26.8327643536719,26.8328157299975,1.47067061301467,1.19852108007246,0.084582682543791
"quadneg",4000,222,10,1,400,446.93115213135,7.16097135579426,439.770180775555,397.841159504474,398.05682352658,2.15664022106782,26.8745515357996,26.8326750813825,26.8328157299975,1.82663485794296,1.55457318819164,0.0453857126778034
"quadneg",4000,222,25,0,160,195.754208479116,2.90302976083333,192.851178718282,157.886195763837,157.970677232253,2.1120367103941,17.5371979482174,17.5269294929142,17.5271218401653,2.15929664631102,1.99010907758435,0.0221229375435734
"quadneg",4000,222,25,1,160,188.133345632426,2.89958844738312,185.233757185043,157.89040497827,157.974695083571,2.10725263251551,17.5371159986884,17.5268680129685,17.5271218401653,1.72451049855735,1.55527285772352,0.0510329008800619
"quadneg",4000,222,50,0,80,123.258305112986,1.44115303020081,121.817152082785,77.9098658273148,77.9515991483463,2.08666605157479,12.5250177152464,12.5214396562839,12.5219806739988,3.62062875411901,3.50323558141533,0.000832265226088054
"quadneg",4000,222,50,1,80,128.072830385237,1.45297124200874,126.619859143229,77.9127787619722,77.9544477463599,2.08344921938861,12.5249625165191,12.5213926047509,12.5219806739988,4.00480652593648,3.88658138379942,0.000305803453479894
"quadneg",4000,223,2,0,2000,2019.15200125431,42.2686123571829,1976.88338889713,1997.46564545962,1998.73272480274,2.53415868623869,45.4357998754811,44.7213554523422,44.7213595499958,0.477296665935739,-0.488566048247256,0.365433115191175
"quadneg",4000,223,2,1,2000,2087.72459555845,42.5064146595395,2045.21818089891,1997.45428307818,1998.72266389073,2.53676162509032,45.4362900680949,44.7212688624492,44.7213595499958,1.98674478803137,1.03967347507944,0.079390857782556
"quadneg",4000,223,5,0,800,855.125199751235,16.9383752990022,838.186824452233,797.748687679914,798.198863354346,2.25087837216258,35.9208022075272,35.7770688215746,35.7770876399966,1.59730597718383,1.11769807910515,0.0787181344936662
"quadneg",4000,223,5,1,800,860.710747075684,17.0750759690736,843.63567110661,797.745524692466,798.195204690624,2.24839999078825,35.920779445787,35.776853573582,35.7770876399966,1.75289131680026,1.27010795744039,0.0609337193237964
"quadneg",4000,223,10,0,400,449.219977966902,8.44938962944789,440.770588337454,397.837595212943,398.053757576928,2.16162363985439,26.8807174268049,26.8327638480912,26.8328157299975,1.91149595965476,1.59196536750218,0.0386707812566654
"quadneg",4000,223,10,1,400,431.988440240404,8.52984745595524,423.458592784449,397.839158907387,398.054856002976,2.1569709558899,26.8805991517152,26.832569864086,26.8328157299975,1.27040625621019,0.9467500470566,0.115950333399021
"quadneg",4000,223,25,0,160,221.110422323268,3.39894448914642,217.711477834121,157.898919466148,157.982890929038,2.09928657224929,17.5386617490765,17.5269259043414,17.5271218401653,3.60412349365527,3.40781876017908,0.000685844429142321
"quadneg",4000,223,25,1,160,203.302031892786,3.41844572351868,199.883586169267,157.903994562561,157.987707169264,2.09281516756254,17.5385331960058,17.5267767048942,17.5271218401653,2.58847400879358,2.39039269487038,0.00875972042521245
"quadneg",4000,223,50,0,80,152.338869535558,1.66993594264225,150.668933592916,77.9212946620613,77.9628002897097,2.07528138241788,12.5255358185012,12.5214459665433,12.5219806739988,5.94126877698727,5.80652853492109,9.97775510271375e-07
"quadneg",4000,223,50,1,80,153.08451371225,1.707479575925,151.377034136326,77.9246424883659,77.9660675282714,2.07125199527223,12.5254378366714,12.5213405530974,12.5219806739988,6.0005783593317,5.86286798100817,8.23721571438731e-07
"quadneg",4000,224,2,0,2000,2146.5147921448,47.4203031035183,2099.09448904128,1997.46993923499,1998.73487373236,2.52986899473205,45.2502551232459,44.7213564459405,44.7213595499958,3.29379033342153,2.24410937602568,0.0106093133761806
"quadneg",4000,224,2,1,2000,2060.18475974661,44.1443924259113,2016.0403673207,1995.66080324791,1996.92443700584,2.52726751585359,45.199107125002,44.7040162633062,44.7213595499958,1.42754936110251,0.427611027212182,0.162505028259671
"quadneg",4000,224,5,0,800,912.944137165458,18.9156421531739,894.028495012284,797.778670383931,798.222852407149,2.22091011608938,35.883314023336,35.7770700228102,35.7770876399966,3.20944343955052,2.67785043727877,0.00283643819351001
"quadneg",4000,224,5,1,800,781.883470674224,17.2682150758355,764.615255598389,796.596350013484,797.044973234154,2.24311610335082,35.8310798618968,35.7327377203945,35.7770876399966,-0.410617804318699,-0.90756319567578,0.651528096210601
"quadneg",4000,224,10,0,400,469.985825099764,9.45659808628199,460.529227013482,397.861058838704,398.0748771289,2.13818290196021,26.8682024206427,26.8327660812906,26.8328157299975,2.68439120458787,2.32754050385169,0.0074382525961815
"quadneg",4000,224,10,1,400,413.528153197311,8.49605673270275,405.032096464608,397.196150305284,397.411720862881,2.15570557596672,26.8248792235871,26.7921275651172,26.8328157299975,0.608837890970476,0.284425922622459,0.285378159467407
"quadneg",4000,224,25,0,160,213.202856118399,3.77740653668866,209.42544958171,157.91738924407,158.000626590851,2.08093366952584,17.5356106263158,17.5269397258901,17.5271218401653,3.15275401880572,2.93404460762177,0.00225713864784367
"quadneg",4000,224,25,1,160,203.657636673691,3.45527672401326,200.202359949678,157.629468502029,157.713007557953,2.08847639808376,17.5050038640284,17.4969708644133,17.5271218401653,2.62942919231491,2.42838333109093,0.00836599197966601
"quadneg",4000,224,50,0,80,135.336781911083,1.89145220875762,133.445329702326,77.9342402352281,77.9754910310167,2.06253978943105,12.5244988418775,12.5214789141919,12.5219806739988,4.58322064623625,4.42997500945667,6.16629745001954e-05
"quadneg",4000,224,50,1,80,129.883835347116,1.72446740871642,128.1593679384,77.7820996310597,77.8235384026689,2.07193858046094,12.5022004902158,12.4994034411907,12.5219806739988,4.16740523052972,4.02705855303891,0.000207188846834701
"quadneg",4000,225,2,0,2000,2039.98227125631,27.4547149714307,2012.52755628488,1997.46164449531,1998.73072525976,2.53816152890001,45.3419443004742,44.7213558016451,44.7213595499958,0.937776873422509,0.308506546320053,0.251408864555142
"quadneg",4000,225,2,1,2000,2051.87203640922,27.3370176899858,2024.53501871923,1997.38899212179,1998.6608689037,2.54375356381625,45.3427974104643,44.7207918326393,44.7213595499958,1.20158100953096,0.578570923170582,0.196220309158796
"quadneg",4000,225,5,0,800,880.288805766188,10.9214198140681,869.36738595212,797.747859414878,798.198199766955,2.25170176038585,35.9018201506504,35.7770685272613,35.7770876399966,2.29907414178318,1.98924029035347,0.0222409824889036
"quadneg",4000,225,5,1,800,832.266918795288,10.886647838911,821.380270956377,797.694758081078,798.146981164812,2.2611154186703,35.9007702170023,35.7754125793872,35.7770876399966,0.962992172737196,0.649420596897633,0.194234652837457
"quadneg",4000,225,10,0,400,475.564239055812,5.5083801742622,470.05585888155,397.846622718816,398.061880793222,2.1525807440535,26.8743805830291,26.8327630429469,26.8328157299975,2.89188493468287,2.68306241787694,0.00450368837990454
"quadneg",4000,225,10,1,400,426.152101669011,5.49376443566395,420.658337233347,397.807770089887,398.024449423904,2.16679334016284,26.873079764761,26.8312217255816,26.8328157299975,1.05474816534767,0.843565307645437,0.158965290745921
"quadneg",4000,225,25,0,160,213.127770739289,2.28996735086762,210.837803388421,157.900235630896,157.9841540438,2.09796032259032,17.5371101442793,17.5269251109664,17.5271218401653,3.14918105970887,3.01556884678828,0.00228178808171603
"quadneg",4000,225,25,1,160,195.397137356524,2.25596308964508,193.141174266879,157.891415335118,157.975258758897,2.09608559447096,17.5360352679117,17.5257836629409,17.5271218401653,2.13878002914582,2.00652456884666,0.0230588442480632
"quadneg",4000,225,50,0,80,128.005078915812,1.16653836917836,126.838540546633,77.9161693935379,77.9577767630633,2.08036847626921,12.5249873333439,12.5214400834927,12.5219806739988,3.99911857706455,3.9037653383025,0.000310249013422222
"quadneg",4000,225,50,1,80,126.409976580099,1.09991216598474,125.310064414114,77.911615998062,77.9532027698905,2.07933859142647,12.5241483859777,12.5205771442233,12.5219806739988,3.87238789316299,3.78232257976007,0.00043457918772299
"quadneg",4000,226,2,0,2000,2103.07484326005,29.1152116762501,2073.9596315838,1997.48354077949,1998.74167256269,2.51626356641169,45.3775420837367,44.7213557227447,44.7213595499958,2.32695068158851,1.68192483893891,0.0500431539372413
"quadneg",4000,226,2,1,2000,2066.50117740719,28.8906322848873,2037.6105451223,1997.45476239906,1998.7138693916,2.51821398509253,45.3788606688009,44.7211070766366,44.7213595499958,1.52155461795451,0.869761020540911,0.139622914668101
"quadneg",4000,226,5,0,800,832.871373824505,11.6526322758007,821.218741548705,797.743926317452,798.195047550939,2.25560616743324,35.9090178777565,35.777067370811,35.7770876399966,0.978234704904379,0.643532175489316,0.190214845730434
"quadneg",4000,226,5,1,800,852.778550806085,11.7251421552519,841.053408650833,797.734704079713,798.184303632375,2.24799776330941,35.9089295422884,35.7764212597601,35.7770876399966,1.53287350606065,1.19825023042973,0.0872955630348054
"quadneg",4000,226,10,0,400,420.181228729834,5.83939216781669,414.341836562017,397.846974348456,398.06219616473,2.15221816273273,26.876780268057,26.8327622876154,26.8328157299975,0.830986976811433,0.606707584660479,0.213141272604989
"quadneg",4000,226,10,1,400,435.162836166369,5.94768663620898,429.21514953016,397.827594824759,398.043810864176,2.16216039416521,26.8763994368866,26.8321696893737,26.8328157299975,1.38914594677323,1.16171517349671,0.0964999736042747
"quadneg",4000,226,25,0,160,184.966029258109,2.35693178735666,182.609097470753,157.900100638116,157.984021892704,2.09803136469882,17.5376929072195,17.5269182715326,17.5271218401653,1.54330040805146,1.40498604469701,0.0700586954848817
"quadneg",4000,226,25,1,160,168.58001796254,2.35076861076563,166.229249351774,157.891128516141,157.975250763652,2.10305618776749,17.5373254170154,17.5264964837555,17.5271218401653,0.609493705124931,0.470944013013227,0.267729867976732
"quadneg",4000,226,50,0,80,114.448034137632,1.19090386402738,113.257130273605,77.9182914255708,77.9598522716313,2.07804230302871,12.5251606046957,12.5214084376457,12.5219806739988,2.9165089267092,2.81895428759053,0.00453640901329506
"quadneg",4000,226,50,1,80,101.368013883552,1.16598305392265,100.202030829629,77.9125201774823,77.9541533636,2.08165930588646,12.5248489755027,12.5210752935414,12.5219806739988,1.87271668919488,1.77683441273648,0.0389173653263794
"quadneg",4000,227,2,0,2000,2092.41589402785,19.1228378391636,2073.29305618869,1997.47150301577,1998.73565394959,2.52830186763309,45.2201560596867,44.7213560421265,44.7213595499958,2.09960334694016,1.66715432709293,0.0692766240962651
"quadneg",4000,227,2,1,2000,2070.36734227227,18.2474653103387,2052.11987696193,1997.22576594882,1998.48196316356,2.51239442948008,45.2098772407111,44.7190520912728,44.7213595499958,1.61782293577169,1.19944210107338,0.126772942569825
"quadneg",4000,227,5,0,800,908.624824565954,7.66483187140418,900.95999269455,797.759182684323,798.207262621325,2.24039968500661,35.8772375873805,35.7770700458699,35.7770876399966,3.09013874358672,2.87202752884698,0.00382572636149674
"quadneg",4000,227,5,1,800,884.920381341422,7.3378933927497,877.582487948672,797.601741391374,798.048358647304,2.23308627964599,35.8689293432705,35.7708273535709,35.7770876399966,2.43438099627665,2.22343555308985,0.0170898446645772
"quadneg",4000,227,10,0,400,483.062157082336,3.88082386459282,479.181333217744,397.847755356685,398.062905335537,2.15149978852581,26.8661733633668,26.8327668760648,26.8328157299975,3.17181016340219,3.0231108203219,0.00220841772811408
"quadneg",4000,227,10,1,400,474.065068791504,3.64039565351313,470.424673137991,397.760752918892,397.97542277793,2.14669859038323,26.8597020592864,26.8270233967769,26.8328157299975,2.84084744142688,2.70060711874449,0.00516621465519537
"quadneg",4000,227,25,0,160,190.173645318794,1.52077212169706,188.652873197097,157.903076969535,157.986885139708,2.09520425432358,17.5351098544982,17.5269351739719,17.5271218401653,1.84034024406074,1.74964919724979,0.0412134106755097
"quadneg",4000,227,25,1,160,191.99298677183,1.47387386407494,190.519112907755,157.860914099449,157.944861824607,2.09869312894982,17.5307951137028,17.522805015826,17.5271218401653,1.94697801503039,1.85896327977905,0.0338501252843657
"quadneg",4000,227,50,0,80,104.921032552415,0.759757173161935,104.161275379253,77.9190095098296,77.9605635487818,2.07770194761013,12.5243151390757,12.5214681913343,12.5219806739988,2.1559680304067,2.09246323435173,0.0227574671193714
"quadneg",4000,227,50,1,80,104.867285707313,0.737316803616453,104.129968903696,77.8951708142143,77.9368129555771,2.08210706814213,12.5212453998806,12.5184637405878,12.5219806739988,2.15410800057921,2.09236184973679,0.022949217335489
"quadneg",4000,228,2,0,2000,2106.13321910115,41.3599922058122,2064.77322689534,1997.47466070921,1998.73722966117,2.52513790392481,45.4386376684996,44.7213556613584,44.7213595499958,2.39132517978794,1.47660991617093,0.0454020698690767
"quadneg",4000,228,2,1,2000,2034.91750910744,41.2149789385673,1993.70253016887,1997.3902255996,1998.65352206617,2.52659293315554,45.4335601850065,44.7205554226861,44.7213595499958,0.82598157298329,-0.110709535033884,0.277266649647218
"quadneg",4000,228,5,0,800,826.909019202597,16.5533266622524,810.355692540345,797.737884250954,798.190212940935,2.26164344990605,35.9213768112316,35.7770670076429,35.7770876399966,0.812082874911472,0.340035688135385,0.232172437509283
"quadneg",4000,228,5,1,800,854.966891699421,16.2513110352082,838.715580664212,797.69257505035,798.143538566017,2.25481757833889,35.9181053188209,35.7750601294639,35.7770876399966,1.59458067569783,1.13408732092613,0.079275430801893
"quadneg",4000,228,10,0,400,430.722936722956,8.31554929363209,422.407387429323,397.838828179026,398.054863003698,2.16034824671468,26.8809057647704,26.8327611035787,26.8328157299975,1.22332591139941,0.907566848287481,0.124462570857048
"quadneg",4000,228,10,1,400,423.878175608127,8.13575308694565,415.742422521182,397.809414914516,398.025446255948,2.16031341432458,26.878606094531,26.830909664725,26.8328157299975,0.969870260456554,0.660319627124925,0.178374795413209
"quadneg",4000,228,25,0,160,187.901065525766,3.30835841871312,184.592707107053,157.895581044925,157.979684361345,2.10258291051476,17.5387088903136,17.5269218126132,17.5271218401653,1.71081489911798,1.51840825389862,0.0522649598677262
"quadneg",4000,228,25,1,160,219.59531521165,3.27868872646782,216.316626485183,157.884821906656,157.968857217387,2.10088276827635,17.5372582149981,17.5255887189765,17.5271218401653,3.51882218693788,3.3292901142098,0.000867866211462672
"quadneg",4000,228,50,0,80,122.789158917463,1.64614931738668,121.143009600077,77.9169684135852,77.9585572391714,2.07944127931111,12.525526399491,12.5214197235576,12.5219806739988,3.58245945700947,3.44884632208748,0.000915072309259851
"quadneg",4000,228,50,1,80,140.920776707601,1.63707958109851,139.283697126503,77.9150490410784,77.9565511507787,2.07510548501277,12.5245146791297,12.520451334692,12.5219806739988,5.03059234474872,4.89815776894539,1.68135777870334e-05
"quadneg",4000,229,2,0,2000,2091.79092396588,42.6081414222403,2049.18278254364,1997.472452974,1998.73612727023,2.52734859245968,45.3265454344853,44.7213561784376,44.7213595499958,2.08086608162563,1.12802158933042,0.070562842514592
"quadneg",4000,229,2,1,2000,2060.87085760428,42.5931210313926,2018.27773657289,1997.42372011299,1998.69647932734,2.54551842870083,45.324429684707,44.7210691171443,44.7213595499958,1.39984414437532,0.437853066398139,0.159905249904091
"quadneg",4000,229,5,0,800,871.497997772484,17.0598745646734,854.438123207811,797.758461080642,798.206678731416,2.24108825387036,35.898713597758,35.7770683834717,35.7770876399966,2.05409969610853,1.5717174999831,0.0357187722906123
"quadneg",4000,229,5,1,800,894.476987953689,16.9557408845104,877.521247069178,797.720963862487,798.172697764261,2.25866950887063,35.8974133360786,35.7763092541758,35.7770876399966,2.69534807941044,2.21790763102977,0.00962934152533084
"quadneg",4000,229,10,0,400,455.329085997381,8.5778962594389,446.751189737942,397.843904326667,398.059436335716,2.15532009048455,26.8733425398803,26.832764679962,26.8328157299975,2.13911542955271,1.81463796157344,0.0246938253964468
"quadneg",4000,229,10,1,400,454.297038355087,8.51092187308478,445.786116482002,397.824563190554,398.040909989259,2.16346798704533,26.8724407803966,26.8320623742869,26.8328157299975,2.10150152068544,1.77940874714489,0.0266950946246613
"quadneg",4000,229,25,0,160,196.128515353795,3.46872539633159,192.659789957463,157.905629609599,157.989333682291,2.09260181728189,17.5368597432417,17.5269293640301,17.5271218401653,2.17957412580241,1.97812495018811,0.0211776148107488
"quadneg",4000,229,25,1,160,181.15741107199,3.39677427235164,177.760636799638,157.896611243948,157.980476680999,2.09663592626315,17.5362750272288,17.526396618678,17.5271218401653,1.32643904089804,1.12859251955759,0.100082672720944
"quadneg",4000,229,50,0,80,131.061494918601,1.72713225747809,129.334362661123,77.9228222986679,77.9643001784128,2.07389398724543,12.5249283588649,12.5214684259899,12.5219806739988,4.24263285963807,4.10255895994473,0.000160271933812143
"quadneg",4000,229,50,1,80,136.116719693509,1.69590978056832,134.420809912941,77.9160735567409,77.9576351216439,2.07807824514737,12.5245127546619,12.5210717246816,12.5219806739988,4.6469389489906,4.50945222843795,5.16057666322363e-05
"quadneg",4000,230,2,0,2000,2061.58448724441,49.0908110366316,2012.49367620778,1997.44899774699,1998.724401703,2.55080791202813,45.3278541493427,44.7213559019727,44.7213595499958,1.41492445872494,0.307890363050655,0.157230772233881
"quadneg",4000,230,2,1,2000,2090.45755772851,49.3370931240209,2041.12046460449,1997.47010509929,1998.73092294484,2.52163569110182,45.328459207889,44.721282155898,44.7213595499958,2.05141437088673,0.947860607213248,0.0733691276616006
"quadneg",4000,230,5,0,800,891.345057743809,19.583954484734,871.761103259075,797.749074306233,798.199172980752,2.25049337259192,35.898978426528,35.7770691451478,35.7770876399966,2.60720464870976,2.05611952113466,0.0116729078649175
"quadneg",4000,230,5,1,800,931.743633552405,19.7273930885601,912.016240463845,797.745539272232,798.195336863051,2.24898795409627,35.8990122671133,35.7768770485439,35.7770876399966,3.73264014294142,3.18140969784356,0.000702526439365887
"quadneg",4000,230,10,0,400,497.290766548955,9.74042279207518,487.55034375688,397.840326585752,398.056217440406,2.15890854654601,26.8734300311053,26.8327652043851,26.8328157299975,3.70069767231396,3.33525544739043,0.000507819973101064
"quadneg",4000,230,10,1,400,491.028406157466,9.78073389500363,481.247672262462,397.852610838681,398.06698401461,2.14373175929562,26.8733369604444,26.8325842718134,26.8328157299975,3.46722089094977,3.09998796259182,0.000988081841219356
"quadneg",4000,230,25,0,160,238.828656283221,3.91072435423853,234.917931928983,157.899020017415,157.982989481573,2.09923660396381,17.5368846020994,17.5269322094966,17.5271218401653,4.61482401817927,4.38952701635508,3.45202676197837e-05
"quadneg",4000,230,25,1,160,233.305256484042,3.92300857281892,229.382247911223,157.897074363803,157.981075257066,2.10002233157826,17.5367834061191,17.5268083007164,17.5271218401653,4.30000076832374,4.07382630248992,9.17010212593231e-05
"quadneg",4000,230,50,0,80,168.115004330827,1.93561848245153,166.179385848376,77.9188801131524,77.9604355584149,2.07777226312602,12.5249251291797,12.5214585200537,12.5219806739988,7.20133041015487,7.04542127809426,1.45804364125551e-08
"quadneg",4000,230,50,1,80,154.391207608443,1.92650838742353,152.464699221019,77.9237807001573,77.9652259527657,2.07226263041903,12.5248397070695,12.5213643689213,12.5219806739988,6.10526191925032,5.94978878285544,5.87496339978775e-07
"quadneg",4000,231,2,0,2000,2017.53509768084,15.1320376086103,2002.40306007223,1997.48643553084,1998.74313953317,2.51340800465665,45.0563358622439,44.7213570419202,44.7213595499958,0.444968765575941,0.0818383157655185,0.37502706286192
"quadneg",4000,231,2,1,2000,2002.47799739243,14.8852275398581,1987.59276985257,1996.8493331913,1998.11576682535,2.53286726811351,45.0393855991386,44.716380218271,44.7213595499958,0.124972046715456,-0.235327567245351,0.467589592607098
"quadneg",4000,231,5,0,800,774.861119528378,6.05690236309604,768.804217165282,797.755793258198,798.20455869908,2.24382720441087,35.8442486775021,35.7770718257866,35.7770876399966,-0.638726562127399,-0.821764891128071,0.715037521367072
"quadneg",4000,231,5,1,800,790.618045974425,5.45705329908773,785.160992675337,797.349310833622,797.80098680363,2.25837985003689,35.8266724244126,35.7623290813663,35.7770876399966,-0.187884176890821,-0.353444377169466,0.566964574079889
"quadneg",4000,231,10,0,400,408.940254336388,3.06758207466542,405.872672261723,397.853958483727,398.068494760884,2.14536277156924,26.8551693012747,26.8327715907157,26.8328157299975,0.412817946827646,0.290845001771602,0.341692439846278
"quadneg",4000,231,10,1,400,425.291673728186,2.75923724575548,422.53243648243,397.624702163745,397.839715832265,2.15013668519873,26.840212168406,26.8187632536228,26.8328157299975,1.03080301269034,0.920725553846333,0.166132532308474
"quadneg",4000,231,25,0,160,192.730046453272,1.20267839992724,191.527368053345,157.914896251773,157.998239862495,2.0835902680484,17.5324369396574,17.5269582820131,17.5271218401653,1.98575647648552,1.91300325198231,0.0312038449243344
"quadneg",4000,231,25,1,160,208.863443028046,1.16153817075501,207.701904857291,157.802810943868,157.886811918889,2.10002437553857,17.5220067374631,17.516755433295,17.5271218401653,2.91408586066843,2.84385388196466,0.00416836435639068
"quadneg",4000,231,50,0,80,130.424634728498,0.597516943981408,129.827117784517,77.9317069619907,77.9730146766342,2.06538573217856,12.5234345176643,12.5215286846824,12.5219806739988,4.1915760163449,4.14119588859113,0.000184209083489327
"quadneg",4000,231,50,1,80,120.359024165884,0.561375350320862,119.797648815563,77.8648163051703,77.9064930466876,2.08383707586777,12.5158707335165,12.5140439143173,12.5219806739988,3.39522585088048,3.3475314659035,0.00148378347216442
"quadneg",4000,232,2,0,2000,2016.97427058108,29.888558345409,1987.08571223567,1997.46727110042,1998.7335402159,2.53253823097377,45.3824411600434,44.7213560817361,44.7213595499958,0.429835834786311,-0.260453371738985,0.378374446705373
"quadneg",4000,232,2,1,2000,2048.16259317142,29.3894212634963,2018.77317190793,1997.39638210133,1998.6600642615,2.52736432035609,45.3775604089491,44.7206405150787,44.7213595499958,1.11875144041645,0.449749990491309,0.212575617714277
"quadneg",4000,232,5,0,800,851.167769849755,11.9647144401811,839.203055409574,797.746396409783,798.197026234181,2.25314912198901,35.9100059969951,35.7770678874786,35.7770876399966,1.4876459069498,1.14615399183523,0.0935848911720268
"quadneg",4000,232,5,1,800,846.14516196471,11.597822327187,834.547339637523,797.696069420562,798.147142695583,2.25536637510579,35.9069156702918,35.7752216980986,35.7770876399966,1.34929697078476,1.01746950023443,0.115395228900434
"quadneg",4000,232,10,0,400,432.329780629813,6.03534122939222,426.294439400421,397.834902330284,398.051332578705,2.16430248421113,26.8771100271619,26.8327630058455,26.8328157299975,1.2834295898878,1.05256051400907,0.113729565468769
"quadneg",4000,232,10,1,400,447.597931421447,5.83940939322974,441.758522028217,397.813493966084,398.029329586049,2.15835619965694,26.8749386129278,26.8310441396051,26.8328157299975,1.85244841569293,1.62979838632591,0.0433367709553985
"quadneg",4000,232,25,0,160,186.500932254407,2.39134341176918,184.109588842638,157.900342074708,157.984254626416,2.09781379270815,17.5377742635,17.5269208065119,17.5271218401653,1.63079931067557,1.49058322934371,0.0602231189992225
"quadneg",4000,232,25,1,160,179.00728166073,2.32104980150926,176.686231859221,157.876151124788,157.960564003322,2.11032196336286,17.5364083965269,17.5256713063176,17.5271218401653,1.20498622398229,1.06847078942695,0.120957419571307
"quadneg",4000,232,50,0,80,101.703730174993,1.2005952089049,100.503134966088,77.920237949389,77.9617639171661,2.07629838885678,12.5252202224283,12.5214398601946,12.5219806739988,1.89884822807476,1.8002219633367,0.0370526459025518
"quadneg",4000,232,50,1,80,104.035309255875,1.16993181041894,102.865377445456,77.9020873521009,77.9438550423095,2.0883845104306,12.5242400529597,12.5205015119974,12.5219806739988,2.08661138666043,1.9904572016757,0.0261043979013771
"quadneg",4000,233,2,0,2000,2061.21945668041,50.4868807540093,2010.7325759264,1997.46578449295,1998.73280916382,2.53404934172935,45.2753049610757,44.7213565880658,44.7213595499958,1.40813346795278,0.268322959724068,0.158595028480881
"quadneg",4000,233,2,1,2000,2138.56184679905,50.0297704963334,2088.53207630271,1995.83667003022,1997.09066974472,2.5079994289923,45.22552803413,44.7054015577442,44.7213595499958,3.15585429231721,2.04542188128834,0.0144821395324171
"quadneg",4000,233,5,0,800,873.232683164015,20.2444106108958,852.988272553119,797.760699729633,798.208481621645,2.23890946005848,35.8883663311983,35.7770710499146,35.7770876399966,2.1029651430183,1.53114241395132,0.0326200375571774
"quadneg",4000,233,5,1,800,892.789248361114,18.9969387054733,873.792309655641,796.736066197576,797.183934900951,2.23934351687309,35.8410792107369,35.7378983488083,35.7770876399966,2.67997460675691,2.14361723252382,0.0106873803646793
"quadneg",4000,233,10,0,400,484.65358666645,10.1603354873636,474.493251179086,397.849248940502,398.064253982969,2.15005042467013,26.8698918135082,26.8327699209951,26.8328157299975,3.23054288154256,2.84834541574166,0.00188788209957328
"quadneg",4000,233,10,1,400,467.381941827432,9.18556778758504,458.196374039847,397.277524220063,397.492483894329,2.14959674266497,26.8312493487532,26.7968506349076,26.8328157299975,2.61278991135116,2.26533673574463,0.00932235821494497
"quadneg",4000,233,25,0,160,228.292382170848,4.11790212023602,224.174480050612,157.904007788956,157.987781155705,2.09433416871616,17.536026332859,17.5269420569118,17.5271218401653,4.01392955540893,3.77628331742024,0.000214952817503899
"quadneg",4000,233,25,1,160,222.147702313974,3.83105577626024,218.316646537714,157.653087901861,157.737240073984,2.10380430306648,17.5095581075587,17.5011333512956,17.5271218401653,3.68339475022337,3.46145619530664,0.000582650203308814
"quadneg",4000,233,50,0,80,156.174364794789,2.0555188751358,154.118845919653,77.9293505304503,77.9707003974168,2.06749334832686,12.5246543629081,12.5214892226712,12.5219806739988,6.24727932581214,6.0813968824382,3.68917221775654e-07
"quadneg",4000,233,50,1,80,158.106056086139,1.90339470603498,156.202661380104,77.7904532575979,77.8321156757214,2.08312090617372,12.5053617993418,12.5024253029823,12.5219806739988,6.42249333663969,6.26842742949146,2.21689535603209e-07
"quadneg",4000,234,2,0,2000,2039.6174575059,30.4236858524136,2009.19377165349,1997.49758803841,1998.74870279381,2.50222951080047,45.3034785155063,44.7213559927863,44.7213595499958,0.929727050717943,0.233558858576571,0.253226460350969
"quadneg",4000,234,2,1,2000,2093.8009225937,28.933042276438,2064.86788031726,1997.18941654968,1998.45164888786,2.52446467636028,45.2924319725046,44.7186605584509,44.7213595499958,2.13306068666538,1.48520171668796,0.066491477224028
"quadneg",4000,234,5,0,800,804.277404615453,12.0758404712357,792.201564144217,797.774610259106,798.219606128777,2.22497934835265,35.8940516254787,35.7770701812532,35.7770876399966,0.181166351020976,-0.168209469195528,0.43116884769998
"quadneg",4000,234,5,1,800,812.872672126388,11.9139097529957,800.958762373392,797.576738883804,798.024851984127,2.24056550161139,35.8847993543152,35.7700813379035,35.7770876399966,0.426251045506926,0.0820213507917378,0.349504981676768
"quadneg",4000,234,10,0,400,410.390640347732,6.0795604800034,404.311079867729,397.861031886004,398.074853989683,2.13822103679797,26.8717878564958,26.8327665794342,26.8328157299975,0.46627371906332,0.232410842153913,0.323379359118217
"quadneg",4000,234,10,1,400,435.782279579075,5.99317985486656,429.789099724208,397.748019648723,397.962907987898,2.14888339175171,26.8645890920843,26.8263410962425,26.8328157299975,1.41577672377497,1.18637840405182,0.0930117334856164
"quadneg",4000,234,25,0,160,193.309227123897,2.44297715806525,190.866249965832,157.915592902209,157.998900019891,2.08267794206785,17.5364837922202,17.5269337953426,17.5271218401653,2.01828568606154,1.87524813693734,0.0292508018277887
"quadneg",4000,234,25,1,160,164.299735868839,2.36047651739571,161.939259351444,157.862397321297,157.946073190901,2.09189674008264,17.5315910740876,17.5222334969338,17.5271218401653,0.367185072954193,0.227892532150177,0.34931304002446
"quadneg",4000,234,50,0,80,123.117429988949,1.25021939035869,121.86721059859,77.9328030041238,77.9740790978089,2.06380468425399,12.5247788115243,12.521451890247,12.5219806739988,3.6076187583648,3.50543466408796,0.00085635497921427
"quadneg",4000,234,50,1,80,96.5181092588518,1.19268482251151,95.3254244363403,77.9058576397593,77.9472333765781,2.06878684093787,12.5213140425405,12.5180543872248,12.5219806739988,1.48644555642151,1.38825016429849,0.0761143680976482
"quadneg",4000,235,2,0,2000,2087.02908596849,45.1776572956585,2041.85142867283,1997.45822246823,1998.7290060562,2.54156717593458,45.3990410231535,44.7213558751969,44.7213595499958,1.97296818350368,0.964246762485809,0.0809823264538009
"quadneg",4000,235,2,1,2000,2025.60983585306,44.1617861538822,1981.44804969918,1997.29853221278,1998.56853078731,2.53999714904713,45.3997506048481,44.7198356801461,44.7213595499958,0.623600422096943,-0.382838640342486,0.328049013350299
"quadneg",4000,235,5,0,800,846.122529894702,18.0508300501975,828.071699844505,797.721727121818,798.177288877259,2.2778087772058,35.9133649637395,35.7770675845233,35.7770876399966,1.34771004671249,0.835574656771958,0.115501274696087
"quadneg",4000,235,5,1,800,849.508415035832,17.9921064993872,831.516308536445,797.629273613613,798.082841969019,2.2678417770316,35.9104236213541,35.7731372422968,35.7770876399966,1.44468196669697,0.934596994973509,0.100416343242813
"quadneg",4000,235,10,0,400,464.458090937677,9.00330432551669,455.45478661216,397.823442379793,398.041019184333,2.17576804540011,26.8782350154316,26.83276329676,26.8328157299975,2.47913036401483,2.13968896132137,0.011935209701698
"quadneg",4000,235,10,1,400,468.94602822258,9.02557824799757,459.920449974582,397.7674319164,397.984823638315,2.17391721914693,26.8750035990541,26.8291275190466,26.8328157299975,2.64850555438381,2.30852182175131,0.00814530656950154
"quadneg",4000,235,25,0,160,217.848802920441,3.56464793268781,214.284154987753,157.882950324376,157.967558485634,2.11520403143843,17.5380480769654,17.5269204162725,17.5271218401653,3.41918623628498,3.21314841196135,0.00113367256789293
"quadneg",4000,235,25,1,160,203.113375635923,3.54701643512309,199.5663592008,157.864598200572,157.94893866303,2.10851156145544,17.5354827318637,17.5242418265336,17.5271218401653,2.58041242019131,2.37484856404781,0.00897531573318989
"quadneg",4000,235,50,0,80,140.885629482797,1.81865279276154,139.066976690035,77.9080379060643,77.9498062427155,2.08841683256028,12.525302113981,12.5214270084194,12.5219806739988,5.02802974360482,4.88100680587165,1.69546537394088e-05
"quadneg",4000,235,50,1,80,126.774102662931,1.85794937490548,124.916153288026,77.8992457175935,77.9409370942822,2.08456883443506,12.5233877089931,12.5194716867267,12.5219806739988,3.90268656381535,3.75217240544958,0.000402591521412069
"quadneg",4000,236,2,0,2000,2067.76135179658,39.7078048060702,2028.05354699051,1997.4802867548,1998.74004091545,2.51950832130468,45.4265548675484,44.7213554696716,44.7213595499958,1.54713614639496,0.655469982231083,0.135338843160323
"quadneg",4000,236,2,1,2000,2056.4755019341,35.4344767299285,2021.04102520417,1996.03458774406,1997.29994598802,2.53071648791341,45.3800623061674,44.7063433199996,44.7213595499958,1.33188257394316,0.531044980490125,0.177043997104383
"quadneg",4000,236,5,0,800,870.88919685936,15.852103582952,855.037093276408,797.772131613126,798.217614583919,2.22741485396649,35.9189297009602,35.7770681403547,35.7770876399966,2.03561369603614,1.58815357562514,0.0368629391434629
"quadneg",4000,236,5,1,800,897.012505577418,14.4182386171097,882.594266960308,796.83295053666,797.282825290652,2.24937376995791,35.8758188625793,35.7415861934913,35.7770876399966,2.79239772685024,2.3868957915805,0.00821400751572823
"quadneg",4000,236,10,0,400,462.683637173282,7.98066696528091,454.702970208001,397.854201146319,398.068704320341,2.1450317402195,26.8800961909977,26.8327652788125,26.8328157299975,2.41180074529177,2.1106384414423,0.0138197269980971
"quadneg",4000,236,10,1,400,450.795293045731,7.06638146435188,443.728911581379,397.331815820319,397.546230112681,2.14414292361626,26.8444629047245,26.7997679633534,26.8328157299975,1.99160167276071,1.72324930319733,0.0345485645437091
"quadneg",4000,236,25,0,160,210.440681997591,3.08013732288582,207.360544674705,157.919961533659,158.003090140752,2.07821517732519,17.5385070866336,17.526923168079,17.5271218401653,2.9945947054957,2.8160935071505,0.00334661400061084
"quadneg",4000,236,25,1,160,214.79112802786,2.69888734697215,212.092240680887,157.682125225256,157.765838643322,2.09283545163602,17.5139664875296,17.5030256947133,17.5271218401653,3.26076921771355,3.1038291884571,0.00179021448047198
"quadneg",4000,236,50,0,80,128.985310705681,1.52146307631209,127.463847629369,77.9388903261748,77.9800437956343,2.05767347297408,12.5254821170767,12.5214447234585,12.5219806739988,4.07540563328193,3.95192447250346,0.000251547628723765
"quadneg",4000,236,50,1,80,127.007521550252,1.25192134004126,125.755600210211,77.811914235376,77.8533135843706,2.06996744972769,12.507506588375,12.5036947165114,12.5219806739988,3.93328654014868,3.83105055840691,0.000383278955305025
"quadneg",4000,237,2,0,2000,2005.15860309757,51.1681614553507,1953.99044164222,1997.46905945682,1998.73443066131,2.53074240899,45.4311648259169,44.7213556615955,44.7213595499958,0.169257021478866,-1.00050609730329,0.450795237495221
"quadneg",4000,237,2,1,2000,1975.91857830346,51.0835206550556,1924.8350576484,1997.49392703527,1998.74593784176,2.50402161297237,45.4307427202373,44.7213386716003,44.7213595499958,-0.474906361638686,-1.65269829546246,0.633091177925604
"quadneg",4000,237,5,0,800,838.566029344671,20.4939864523722,818.072042892299,797.753109729163,798.202401348124,2.24645809480297,35.9198633251692,35.7770689773874,35.7770876399966,1.1362214618147,0.555373654469388,0.154975119826632
"quadneg",4000,237,5,1,800,863.399471918305,20.4561508051901,842.943321113115,797.768687163314,798.214626957851,2.22969897268451,35.9196883012476,35.7770238012078,35.7770876399966,1.82715351549171,1.25020723925488,0.0535991907187836
"quadneg",4000,237,10,0,400,461.261131891756,10.2127863656301,451.048345526126,397.844887688352,398.06032351762,2.15435829267452,26.8804069225245,26.8327657561093,26.8328157299975,2.3591995607129,1.97475066454683,0.015514744617843
"quadneg",4000,237,10,1,400,437.466763311199,10.1696496889131,427.297113622286,397.853549150775,398.068053767933,2.14504617158172,26.8803195971038,26.8327249775903,26.8328157299975,1.47368836212395,1.08930643006865,0.0840136914815188
"quadneg",4000,237,25,0,160,204.476138345311,4.12963681877617,200.346501526534,157.904219640054,157.987980099129,2.09401147685914,17.5385911797625,17.5269291674755,17.5271218401653,2.65539678916714,2.41676799299275,0.0075197759221768
"quadneg",4000,237,25,1,160,215.78386450245,4.08497272475711,211.698891777693,157.910985554649,157.994463713331,2.08695396703411,17.5385469525098,17.5268979578151,17.5271218401653,3.29975334356415,3.06411483615765,0.00154579104897322
"quadneg",4000,237,50,0,80,146.806984641083,2.05926746025876,144.747717180825,77.9277152422308,77.9690921934785,2.06884756238491,12.5255065572623,12.5214439345811,12.5219806739988,5.49912046143285,5.33314091699281,4.02637457494175e-06
"quadneg",4000,237,50,1,80,134.899955819385,2.04165200387084,132.858303815514,77.9285652944056,77.9699222571957,2.06784813950214,12.5254791179286,12.5214208310332,12.5219806739988,4.54844002281972,4.38355856727396,6.80949189518764e-05
"quadneg",4000,238,2,0,2000,2052.30821886196,42.0696702030143,2010.23854865894,1997.47550935096,1998.73764885868,2.52427901543016,45.3709616899759,44.7213549296743,44.7213595499958,1.20854192788929,0.257167964126992,0.194349832079271
"quadneg",4000,238,2,1,2000,2046.58048040341,42.1846254553408,2004.39585494807,1997.44442925231,1998.71940034273,2.54994218083499,45.370004373335,44.7213001451855,44.7213595499958,1.08300741491613,0.126929552291914,0.21979295383655
"quadneg",4000,238,5,0,800,806.593735998578,16.8718934246312,789.721842573947,797.751360249391,798.200994240242,2.24816995425605,35.9076826404045,35.7770669754982,35.7770876399966,0.246253032748966,-0.236999630855774,0.408650134105991
"quadneg",4000,238,5,1,800,809.727899814487,16.7225966402161,793.005303174271,797.737853556535,798.189482869334,2.25814656399607,35.9072665215616,35.7769312704692,35.7770876399966,0.333916987269205,-0.144902860892997,0.378734189000606
"quadneg",4000,238,10,0,400,455.247998030647,8.44858025913408,446.799417771513,397.851985703371,398.066703002342,2.14717298971411,26.8763305763448,26.8327597854567,26.8328157299975,2.13555984379035,1.81616483577601,0.0248462664987744
"quadneg",4000,238,10,1,400,433.837448395123,8.39518443558705,425.442263959536,397.837098171768,398.053112660143,2.16014488374859,26.8761110362404,26.832639432535,26.8328157299975,1.33949253948279,1.02074010901005,0.104296388973779
"quadneg",4000,238,25,0,160,210.581274878715,3.38059254610185,207.200682332613,157.901388040728,157.985258466948,2.09676065551825,17.5375820167265,17.5269196342688,17.5271218401653,3.00382839480061,2.80799050218947,0.00328112916772071
"quadneg",4000,238,25,1,160,199.941911500358,3.33181415246759,196.610097347891,157.89788335355,157.981859480046,2.09940316240083,17.5374627657732,17.526827438446,17.5271218401653,2.39738374406492,2.20394923174241,0.0133887562211803
"quadneg",4000,238,50,0,80,138.28633327251,1.66114204057947,136.62519123193,77.9225554626205,77.9640317831838,2.07381602816459,12.5251221575381,12.521413076086,12.5219806739988,4.81941629396088,4.68486736219737,3.12609102503166e-05
"quadneg",4000,238,50,1,80,129.63491294764,1.64956128847284,127.985351659167,77.9174673667094,77.9590369469035,2.07847900970416,12.5250471303191,12.5213473083476,12.5219806739988,4.12912183425953,3.99528209547486,0.000218665133286365
"quadneg",4000,239,2,0,2000,2076.82340262086,33.5204352667348,2043.30296735413,1997.45625858663,1998.72803442492,2.54355167658682,45.1432497772364,44.7213561644861,44.7213595499958,1.75811764606844,0.996725876676437,0.107226620446666
"quadneg",4000,239,2,1,2000,2112.95766565117,33.4003879278043,2079.55727772337,1997.47707924838,1998.73299443573,2.51183037469431,45.1421917807328,44.7212665149535,44.7213595499958,2.55815196044773,1.80728967639171,0.0363033789371322
"quadneg",4000,239,5,0,800,849.555591404211,13.4094052356107,836.1461861686,797.736794355185,798.189351743548,2.26278694181839,35.8617367828606,35.7770697583678,35.7770876399966,1.44496060976589,1.06092630507209,0.100217100502549
"quadneg",4000,239,5,1,800,833.174859642384,13.3074374001694,819.867422242215,797.733173382305,798.185125058618,2.25975838156442,35.8612101968218,35.7768192276879,35.7770876399966,0.98830145624086,0.606043176885222,0.188216712131086
"quadneg",4000,239,10,0,400,412.369530996265,6.70520761940101,405.664323376864,397.835264677608,398.051665212032,2.16400534423485,26.8610022168002,26.8327678404185,26.8328157299975,0.541091735942993,0.283707525444523,0.299140917798695
"quadneg",4000,239,10,1,400,468.464161545772,6.65016324411954,461.813998301653,397.836415848653,398.052326895584,2.15911046930796,26.8606659898942,26.8325343146875,26.8328157299975,2.62941156126552,2.37628211552003,0.00849291558398218
"quadneg",4000,239,25,0,160,200.496377530942,2.72185965592374,197.774517875018,157.895781017925,157.979886093616,2.10262689227309,17.5338560048974,17.5269490266816,17.5271218401653,2.42961938897628,2.27048254210256,0.0124996498025236
"quadneg",4000,239,25,1,160,189.304632064054,2.64215659811519,186.662475465939,157.895827704852,157.979863979313,2.100906861527,17.5336511838099,17.5267706648642,17.5271218401653,1.79134420035707,1.63650292658449,0.0451819818202952
"quadneg",4000,239,50,0,80,123.744824350758,1.37068579039859,122.374138560359,77.9145513300655,77.956197604623,2.08231372787277,12.5238932155127,12.5214916372505,12.5219806739988,3.65942700341173,3.54733623137966,0.000753906586472732
"quadneg",4000,239,50,1,80,127.502409382726,1.33948263976059,126.162926742965,77.9175766198101,77.9591454072808,2.07843937353432,12.523752595106,12.5213604865407,12.5219806739988,3.95926319897859,3.8497239487274,0.00034521085780117
"quadneg",4000,240,2,0,2000,2116.01852462481,54.7194957167686,2061.29902890804,1997.47661850471,1998.73821723732,2.52319746523239,45.3071521319857,44.7213560023489,44.7213595499958,2.61640603176239,1.39890238720474,0.0327431975491081
"quadneg",4000,240,2,1,2000,2138.44152013349,54.6477988271927,2083.7937213063,1997.47551256496,1998.73493116291,2.51883719588948,45.3062204054846,44.7213056810373,44.7213595499958,3.11140515158625,1.90197465946205,0.0145491210005684
"quadneg",4000,240,5,0,800,881.926714583676,21.9029351532259,860.02377943045,797.739045437653,798.191152645129,2.26053603738019,35.8947952948098,35.7770699169787,35.7770876399966,2.34540045303436,1.72827531513353,0.0202845636915658
"quadneg",4000,240,5,1,800,858.951761302885,21.8335047463905,837.118256556495,797.758423445904,798.205978958805,2.23777756450768,35.8943982339401,35.7769409683748,35.7770876399966,1.70481581716893,1.08763568221459,0.0661509459834407
"quadneg",4000,240,10,0,400,513.475994882675,10.9622231713468,502.513771711328,397.834712945884,398.051165563307,2.16452617422898,26.8720364732639,26.8327660958513,26.8328157299975,4.3034059607595,3.89309867550972,7.96502525238145e-05
"quadneg",4000,240,10,1,400,492.278851843185,10.9787874376361,481.300064405549,397.843741137471,398.059103272589,2.15362135118746,26.8718230322179,26.8326485829241,26.8328157299975,3.51428001712023,3.10222678449764,0.00086712318840283
"quadneg",4000,240,25,0,160,258.721384717979,4.41698980468011,254.304394913299,157.892164945114,157.976412181166,2.10618090130563,17.5365535884922,17.5269422930824,17.5271218401653,5.74965994681137,5.49599474462534,7.5072461434781e-07
"quadneg",4000,240,25,1,160,268.381847843004,4.41866776686369,263.96318007614,157.897493937322,157.981496271488,2.1000583541541,17.5364442047427,17.5268574639044,17.5271218401653,6.30027117332042,6.04681609483707,9.95954948675593e-08
"quadneg",4000,240,50,0,80,178.533990469491,2.21519957443572,176.318790895055,77.9121068933948,77.9538009640624,2.08470353337994,12.5248337963645,12.5214837900673,12.5219806739988,8.03378992584341,7.85569758186498,7.49141734622657e-10
"quadneg",4000,240,50,1,80,191.33099968823,2.23257634132279,189.098423346907,77.9123063789124,77.9539883086674,2.08409648775124,12.5247622809976,12.5214207696822,12.5219806739988,9.05555656584354,8.8763437538455,1.65327137405593e-11
"quadneg",4000,241,2,0,2000,2021.52728293619,38.9806338443922,1982.5466490918,1997.4780676944,1998.73891525073,2.52169511266866,45.6177831858469,44.7213546618966,44.7213595499958,0.527189476608634,-0.362070117986159,0.351501320886428
"quadneg",4000,241,2,1,2000,2087.05046168399,39.2435275616739,2047.80693412231,1997.41567082941,1998.69044772215,2.54955378546944,45.614491340122,44.7209835209016,44.7213595499958,1.96505075955391,1.09828725875868,0.0809330531263651
"quadneg",4000,241,5,0,800,872.286529870556,15.511972720966,856.77455714959,797.752373465585,798.201796042966,2.2471128869051,35.9576750551481,35.7770648593887,35.7770876399966,2.07283024529975,1.63715948574394,0.0342810010555085
"quadneg",4000,241,5,1,800,853.66965641154,15.4791431866199,838.19051322492,797.730729145436,798.179853123094,2.24561988828963,35.9558695007582,35.7761659448638,35.7770876399966,1.55576622239449,1.11836075904523,0.0839578577421777
"quadneg",4000,241,10,0,400,496.321547364155,7.81223572166525,488.509311642489,397.857118743889,398.071319736295,2.14200992406015,26.8930361111117,26.8327574587413,26.8328157299975,3.66133552989138,3.3704322802177,0.000563994870595852
"quadneg",4000,241,10,1,400,445.017937297859,7.71048077530721,437.307456522552,397.837197139901,398.05208560853,2.14888468628615,26.8918706539031,26.8319328238972,26.8328157299975,1.75446106985904,1.46300943624382,0.05171249775239
"quadneg",4000,241,25,0,160,230.113507775669,3.08504696733809,227.028460808331,157.905787929853,157.989476063833,2.09220334951063,17.5416576721353,17.5269021998334,17.5271218401653,4.11635668620515,3.93902949633356,0.000158356582676226
"quadneg",4000,241,25,1,160,223.499884909573,3.03921302451536,220.460671885058,157.898723923039,157.982468942963,2.0936254981034,17.5409667396478,17.5262975654584,17.5271218401653,3.73988286735966,3.56482609682661,0.000469988417932215
"quadneg",4000,241,50,0,80,134.057615571562,1.52612089962493,132.531494671937,77.9260768541104,77.9674790438157,2.07010948526184,12.5265266938133,12.5213843464433,12.5219806739988,4.48101377895712,4.3576663824412,8.23681853703081e-05
"quadneg",4000,241,50,1,80,145.199478214264,1.48707815738385,143.712400056881,77.9223824899346,77.9638015676849,2.07095388751422,12.5260564031822,12.5209431926269,12.5219806739988,5.37097180140736,5.25108991213317,5.98358533131908e-06
"quadneg",4000,242,2,0,2000,2073.53107307017,43.7224930363443,2029.80858003383,1997.47154416598,1998.73567657262,2.52826481328474,45.2927464415492,44.7213560398116,44.7213595499958,1.6792871901099,0.694811298511189,0.116899545722423
"quadneg",4000,242,2,1,2000,2044.53454036905,41.9813545501357,2002.55318581891,1997.31234216831,1998.57174191706,2.51879949749113,45.2852337503186,44.7198298805669,44.7213595499958,1.04277253952347,0.0890308373821143,0.229337222749937
"quadneg",4000,242,5,0,800,827.633937268572,17.5432432401273,810.090694028445,797.755966574628,798.20468443768,2.24358931526054,35.8918888935739,35.7770687246298,35.7770876399966,0.832443530139568,0.332224243474194,0.226800354793983
"quadneg",4000,242,5,1,800,849.419189322504,16.9088487826351,832.510340539869,797.655252267378,798.102820690321,2.23784211471344,35.88617107142,35.7730067967045,35.7770876399966,1.44244803805082,0.961829125661238,0.100793985623275
"quadneg",4000,242,10,0,400,425.803817581559,8.71337791798781,417.090439663571,397.856670742283,398.070927760097,2.14257017813928,26.8710657498926,26.8327658960437,26.8328157299975,1.04004608895677,0.708816674999523,0.161840517856473
"quadneg",4000,242,10,1,400,436.890594026608,8.44254697543265,428.448047051175,397.799048854718,398.013062138864,2.14013284145794,26.8667089549011,26.8289996074608,26.8328157299975,1.45501800155387,1.13440625284618,0.0870122691419912
"quadneg",4000,242,25,0,160,205.971790373108,3.48165890930587,202.490131463802,157.912001620715,157.995452103661,2.08626207366625,17.5363051054006,17.5269330497568,17.5271218401653,2.74058808075782,2.53864605027166,0.00617103266321745
"quadneg",4000,242,25,1,160,211.431931047635,3.35945462992176,208.072476417713,157.879144447876,157.962901391963,2.09392360219263,17.5334645263561,17.5242401545315,17.5271218401653,3.05431858713713,2.85944352416285,0.00290945433216504
"quadneg",4000,242,50,0,80,127.828770915148,1.74730887580966,126.081462039339,77.9277378349906,77.9691153785137,2.06887717615608,12.5247165390614,12.5214527435954,12.5219806739988,3.98420458654925,3.84239334253239,0.000322108357299756
"quadneg",4000,242,50,1,80,123.851316888046,1.64963079424141,122.201686093805,77.9072211434399,77.9487533177087,2.07660871343663,12.522686667725,12.5194752051397,12.5219806739988,3.66886890678331,3.53472745869799,0.000737712597384078
"quadneg",4000,243,2,0,2000,2015.76401461728,28.3788276173102,1987.38518699997,1997.48686824926,1998.74333943995,2.51294238138377,45.1951179540681,44.7213561309956,44.7213595499958,0.404405325075034,-0.253976028962827,0.385631051518987
"quadneg",4000,243,2,1,2000,2050.99258926571,28.2571676458623,2022.73542161984,1997.46047296098,1998.7256481589,2.53035039584974,45.1957361151389,44.7212828828171,44.7213595499958,1.18445058994839,0.536875776212719,0.200025491047121
"quadneg",4000,243,5,0,800,904.208766023782,11.2973005493003,892.911465474481,797.754362626654,798.203406041805,2.2452170757542,35.8721877336264,35.7770699119161,35.7770876399966,2.96760276199541,2.64717204807016,0.00515140358888424
"quadneg",4000,243,5,1,800,875.698052594547,11.3453076790271,864.35274491552,797.747812236506,798.197014917933,2.24601340713581,35.8722221111297,35.7768523333676,35.7770876399966,2.17299726001241,1.84912102890299,0.0286066125412104
"quadneg",4000,243,10,0,400,480.518810083957,5.62030762401189,474.898502459945,397.850639695226,398.065498361224,2.14858665997625,26.8644861429239,26.832764800662,26.8328157299975,3.0772287974883,2.86340243614499,0.00282602328872262
"quadneg",4000,243,10,1,400,467.117679679664,5.65221772505763,461.465461954606,397.844592074983,398.059733594567,2.15141519584129,26.864381314057,26.832563540975,26.8328157299975,2.57862210913577,2.36301418845854,0.00953555849801999
"quadneg",4000,243,25,0,160,205.894402211914,2.2969366874135,203.5974655245,157.898664209233,157.982649689868,2.09963701587761,17.5346986046429,17.5269372272678,17.5271218401653,2.73718636885909,2.60255486986433,0.00623502553320696
"quadneg",4000,243,25,1,160,221.061945142597,2.26779309401786,218.794152048579,157.899914136994,157.983795877686,2.09704351730308,17.5345795734035,17.5267939277316,17.5271218401653,3.6021411714603,3.46956530792986,0.000691064881609215
"quadneg",4000,243,50,0,80,144.049800062676,1.16892696099008,142.880873101686,77.917749903355,77.9593269528333,2.07885247391315,12.5241515049589,12.5214508569662,12.5219806739988,5.28036171816802,5.18482617473472,7.92247665260892e-06
"quadneg",4000,243,50,1,80,159.305806465705,1.15525019923586,158.150556266469,77.9204439525914,77.9619535824021,2.07548149053933,12.5240556515398,12.5213462739644,12.5219806739988,6.49832328899844,6.4041518323635,1.61139691498965e-07
"quadneg",4000,244,2,0,2000,2063.95376785992,28.8770361119761,2035.07673174794,1997.4826136122,1998.74120967115,2.51719211789598,45.2447696413688,44.7213559198171,44.7213595499958,1.46914560013463,0.812487039568857,0.14856770314592
"quadneg",4000,244,2,1,2000,2093.37802880971,28.4049298426086,2064.9730989671,1997.33908770347,1998.60959061059,2.54100581423495,45.2390006782673,44.7202150758436,44.7213595499958,2.12292357625768,1.48397113573705,0.0673323939852606
"quadneg",4000,244,5,0,800,814.470115180773,11.505021642222,802.965093538551,797.773215297328,798.218489637738,2.22637170205321,35.8822026321468,35.7770702288572,35.7770876399966,0.465325388594919,0.13267167687152,0.335008042064578
"quadneg",4000,244,5,1,800,887.583806892294,11.2819632498205,876.301843642473,797.674800849377,798.124034155884,2.24616653253703,35.8779726253396,35.7740830184481,35.7770876399966,2.5059667384722,2.18531973122202,0.0146240503168276
"quadneg",4000,244,10,0,400,427.739492458388,5.78636133525418,421.953131123134,397.860368797304,398.074258700709,2.13889903404518,26.8678335600865,26.8327677816741,26.8328157299975,1.11207789024982,0.889914622923616,0.1463056705282
"quadneg",4000,244,10,1,400,473.074025434371,5.65355586011256,467.420469574258,397.802138638305,398.017442059855,2.15303421550234,26.8646266311324,26.8300059966661,26.8328157299975,2.80189588448759,2.58676899002658,0.00565137671531017
"quadneg",4000,244,25,0,160,213.692868148449,2.3440229343405,211.348845214108,157.90831873145,157.991919157424,2.09001064934445,17.5355206169862,17.52694034573,17.5271218401653,3.18123143506566,3.044280690422,0.00210224112921698
"quadneg",4000,244,25,1,160,212.783323403159,2.2904804108277,210.492842992331,157.882545544556,157.966423173866,2.0969407327312,17.5333980277531,17.5249283106376,17.5271218401653,3.13121151825228,2.99724021048246,0.00239809522473791
"quadneg",4000,244,50,0,80,140.924486946043,1.1651904485499,139.759296497493,77.924604660245,77.9660501807802,2.0722760267625,12.5244822627361,12.5214943190573,12.5219806739988,5.03013864878395,4.9349737932369,1.67987519518908e-05
"quadneg",4000,244,50,1,80,143.499124771921,1.21025908449619,142.288865687425,77.914749909408,77.9561900727777,2.07200816848734,12.5228779077989,12.5199296214487,12.5219806739988,5.23716475920194,5.13842150553584,9.05534319820713e-06
"quadneg",4000,245,2,0,2000,2095.00683625344,39.6444526504892,2055.36238360295,1997.4897376212,1998.74477075203,2.51006626165208,45.3617467512351,44.7213559316482,44.7213595499958,2.14976506894723,1.26600841301534,0.0641387625135618
"quadneg",4000,245,2,1,2000,2038.36189812629,38.7704008880885,1999.5914972382,1997.24715416818,1998.51591383073,2.53751932510904,45.3516169828881,44.7192004787831,44.7213595499958,0.906577244503193,0.0240519373323341,0.259536084161769
"quadneg",4000,245,5,0,800,907.489148635062,15.8377134058009,891.651435229262,797.749444724917,798.199467607552,2.25011441317668,35.9058250732011,35.777068750372,35.7770876399966,3.05632035154238,2.61206328203557,0.00413328551899588
"quadneg",4000,245,5,1,800,930.811650828663,15.410891392641,915.400759436022,797.614362811065,798.063355200615,2.24496194774997,35.8984208979228,35.7717127496776,35.7770876399966,3.71039406987689,3.28017294157837,0.00075552642525908
"quadneg",4000,245,10,0,400,457.043171774172,7.87194173163505,449.171230042537,397.850090821934,398.065003374659,2.14912552725305,26.8757164417694,26.8327640209529,26.8328157299975,2.20247453051122,1.90462028540821,0.0216542682614735
"quadneg",4000,245,10,1,400,477.142231319325,7.63738217788144,469.504849141443,397.767008659142,397.982354731725,2.15346072583256,26.8700571026497,26.8278261254762,26.8328157299975,2.95403996935888,2.665981733861,0.0038905109631865
"quadneg",4000,245,25,0,160,203.32836562013,3.19314542118134,200.135220198949,157.90766722388,157.991291103164,2.09059698207597,17.5374459595882,17.5269325905028,17.5271218401653,2.58992663475134,2.40452394497263,0.00873000064005611
"quadneg",4000,245,25,1,160,200.824292087171,3.02117526519684,197.803116821974,157.869173017989,157.953004738634,2.09579301611545,17.5337051445693,17.5233740925689,17.5271218401653,2.44985978234531,2.27411181618493,0.0119989675618505
"quadneg",4000,245,50,0,80,113.644929251428,1.57229098112511,112.072638270303,77.9224507375528,77.9639336295543,2.07414460007521,12.5251117627701,12.5214492894482,12.5219806739988,2.85206864341581,2.72402210417382,0.00524534264808615
"quadneg",4000,245,50,1,80,123.983390715875,1.478683654345,122.50470706153,77.9043354464223,77.9458423426115,2.07534480945721,12.5224331848587,12.5188337835767,12.5219806739988,3.67972059337223,3.55934630088104,0.00071808591181772
"quadneg",4000,246,2,0,2000,2133.68137922914,47.6728737894011,2086.00850543974,1997.45819163214,1998.72899547033,2.54160767639764,45.5591940301195,44.7213557057136,44.7213595499958,2.99002628332165,1.95162934110823,0.0174238089547617
"quadneg",4000,246,2,1,2000,2072.65598802679,47.289366140874,2025.36662188592,1997.43427577303,1998.70967706329,2.55080258051969,45.5573174353423,44.721206556459,44.7213595499958,1.65114445907681,0.596069446135836,0.119573325239111
"quadneg",4000,246,5,0,800,827.098460306482,19.0755589820162,808.022901324465,797.746753105624,798.197305385326,2.25276139850585,35.9457970888421,35.7770662693433,35.7770876399966,0.816554634421181,0.274633919538543,0.230761464851809
"quadneg",4000,246,5,1,800,828.233881518793,19.0249445715618,809.208936947231,797.737722142102,798.188128299559,2.25203078728535,35.9448514342414,35.7766889285087,35.7770876399966,0.848415229437818,0.308044399236997,0.222410273114954
"quadneg",4000,246,10,0,400,448.08009914639,9.53534349232023,438.544755654069,397.829298595986,398.046285244758,2.1698664877237,26.8890680025553,26.8327600861131,26.8328157299975,1.868818976754,1.50929201018984,0.0419033683281829
"quadneg",4000,246,10,1,400,452.313266356835,9.47167244737194,442.841593909463,397.823784511833,398.04077928679,2.16994774956982,26.8885141622698,26.832417429585,26.8328157299975,2.02649657456572,1.66965256634969,0.0309326900548856
"quadneg",4000,246,25,0,160,198.476360652149,3.79486015749221,194.681500494657,157.895458150981,157.979563464814,2.10263284583502,17.5406997142367,17.5269134670996,17.5271218401653,2.31352814666971,2.0940331050722,0.016015444637005
"quadneg",4000,246,25,1,160,215.410901008819,3.79982233183798,211.611078676981,157.894484886289,157.978538039846,2.10132883892872,17.5404011940495,17.5266695367321,17.5271218401653,3.27908213080339,3.06005316781565,0.00163372262280036
"quadneg",4000,246,50,0,80,134.013534790224,1.87487010056072,132.138664689664,77.9154610256613,77.9570803090061,2.08096416724344,12.5262284468524,12.5214222304751,12.5219806739988,4.47844888048959,4.32711104085192,8.31894220647326e-05
"quadneg",4000,246,50,1,80,138.461832057472,1.85874890651428,136.603083150958,77.9138460591955,77.9554756723036,2.08148065540504,12.5260399749412,12.5212521928937,12.5219806739988,4.83376918159332,4.68384523969091,3.00073609168973e-05
"quadneg",4000,247,2,0,2000,2082.39991267328,16.6989947306221,2065.70091794266,1997.50181793355,1998.75081749916,2.49799913122011,45.245152142298,44.7213565993822,44.7213595499958,1.87640201700997,1.49704985569297,0.0922034822082521
"quadneg",4000,247,2,1,2000,2098.28346129676,16.7191078675516,2081.56435342921,1997.49345765139,1998.7462711353,2.5056269678277,45.2453827328388,44.7213500067659,44.7213595499958,2.22763070080559,1.85186901292952,0.0580766423131033
"quadneg",4000,247,5,0,800,898.904605253799,6.64632966275992,892.258275591039,797.759372690978,798.207415288286,2.24021298654464,35.8822792620672,35.7770701732633,35.7770876399966,2.81880735123053,2.62880274564904,0.00728171348554299
"quadneg",4000,247,5,1,800,884.794141688165,6.71255118879982,878.081590499365,797.741505209877,798.193034114264,2.25764452193369,35.8823349220935,35.7770536694095,35.7770876399966,2.42605830047832,2.23295515397369,0.0172151804532515
"quadneg",4000,247,10,0,400,478.155762443708,3.3275210338685,474.82824140984,397.850518476498,398.065391646796,2.14873170297871,26.8678581027401,26.8327666237729,26.8328157299975,2.98889638541824,2.86078773908594,0.00353783449931763
"quadneg",4000,247,10,1,400,482.254696438496,3.32996521773272,478.924731220763,397.845163600987,398.060546219356,2.15382618368965,26.8678696145904,26.8327503862476,26.8328157299975,3.14165335950828,3.01363758233488,0.00238954540651816
"quadneg",4000,247,25,0,160,234.720278528254,1.32266237434744,233.397616153907,157.905868300522,157.989567318331,2.09247544522633,17.5355287260864,17.5269419703036,17.5271218401653,4.3805015193788,4.30240762840099,7.16657276124968e-05
"quadneg",4000,247,25,1,160,246.664659757367,1.32797402529599,245.336685732071,157.904059745512,157.987827222934,2.09418693554582,17.5355248824697,17.526931614729,17.5271218401653,5.06175894971866,4.98369369089868,8.08123556555998e-06
"quadneg",4000,247,50,0,80,139.783472193432,0.617467748728476,139.166004444704,77.9243230130303,77.9657714084867,2.07241977281727,12.5244632239366,12.5214729403382,12.5219806739988,4.93906589642721,4.88762251276839,2.20089385083477e-05
"quadneg",4000,247,50,1,80,150.932263403828,0.615918839676781,150.316344564152,77.922916327834,77.9643917690321,2.07377205990686,12.5244572169338,12.5214645394586,12.5219806739988,5.82934220712425,5.77823405298307,1.42913912630625e-06
"quadneg",4000,248,2,0,2000,2129.9833108266,32.6997405136981,2097.2835703129,1997.44855291089,1998.72416803521,2.55123024865778,45.341542186196,44.7213549484413,44.7213595499958,2.92303154073279,2.20385545990988,0.0199833172180117
"quadneg",4000,248,2,1,2000,2010.96602204498,33.7972275641585,1977.16879448082,1997.03696186309,1998.30918338406,2.54444304195669,45.3403704145384,44.7174326177066,44.7213595499958,0.307210992202798,-0.472754978667383,0.414800966286068
"quadneg",4000,248,5,0,800,879.361893701695,13.0705501556241,866.291343546071,797.720813331666,798.176558199023,2.27872433678621,35.9017404183064,35.7770676355514,35.7770876399966,2.2740145580352,1.90386719339075,0.0234182209211604
"quadneg",4000,248,5,1,800,851.278591065764,12.7716488593494,838.506942206415,797.462990532897,797.916495605469,2.26752536285537,35.8930562078895,35.7667532834838,35.7770876399966,1.49933179891875,1.13486528338847,0.0931414885821613
"quadneg",4000,248,10,0,400,466.93282659011,6.50787475597357,460.424951834136,397.826089032291,398.043396768316,2.17307736025565,26.8743477163381,26.8327605516979,26.8328157299975,2.57147590286652,2.32482807520424,0.00968726424106018
"quadneg",4000,248,10,1,400,489.289206037351,6.5218583259997,482.767347711351,397.673789384045,397.891195549625,2.17406165579797,26.8655434827405,26.8232648515538,26.8328157299975,3.4101456652892,3.16427372400232,0.00118256878604184
"quadneg",4000,248,25,0,160,235.650086556096,2.56868350551105,233.081403050585,157.878925169225,157.963694397639,2.1192307103645,17.5370986234399,17.5269209231147,17.5271218401653,4.43466522352356,4.2858474105329,6.08614116515056e-05
"quadneg",4000,248,25,1,160,216.484739732432,2.77887762026757,213.705862112165,157.82518571911,157.909475702762,2.10724959131061,17.5302713094835,17.5198943864723,17.5271218401653,3.34618631838223,3.18474444985722,0.00139236516053078
"quadneg",4000,248,50,0,80,159.24383359386,1.29094836962366,157.952885224237,77.9010779115232,77.9429859120769,2.09540002768347,12.5249755677246,12.5214309020781,12.5219806739988,6.49444425999106,6.38983674772195,1.63825152929498e-07
"quadneg",4000,248,50,1,80,154.244898720344,1.36592597465182,152.878972745693,77.8781157000619,77.9198041612455,2.08442305917886,12.5197993309654,12.5161812103047,12.5219806739988,6.09968107327436,5.98898077016754,6.10231667628231e-07
"quadneg",4000,249,2,0,2000,2077.44333094012,30.1335415389022,2047.30978940121,1997.47268783773,1998.73625092878,2.52712618208218,45.2153445803631,44.7213563737863,44.7213595499958,1.76866158700276,1.08613741646061,0.105472853411115
"quadneg",4000,249,2,1,2000,2050.36214345832,30.1674014730003,2020.19474198532,1997.45917615546,1998.72934759705,2.54034288317946,45.2154487623901,44.7213540544745,44.7213595499958,1.17001973331889,0.479980869142036,0.202781078116639
"quadneg",4000,249,5,0,800,812.134007787334,12.0936825210748,800.040325266259,797.753602913891,798.202801505245,2.24599295676797,35.8762672155088,35.7770705270391,35.7770876399966,0.400833363935529,0.0513603750655099,0.356291480155171
"quadneg",4000,249,5,1,800,896.733136270624,12.080059834308,884.653076436316,797.742225600925,798.193661883104,2.25718141089626,35.876298168967,35.7770633811239,35.7770876399966,2.75922867525184,2.41661574154876,0.00836031209424935
"quadneg",4000,249,10,0,400,411.650734930293,6.06442920161303,405.58630572868,397.836844684839,398.053088238928,2.16243554089451,26.865853231727,26.8327686588973,26.8328157299975,0.514180217032553,0.280746932436049,0.307841005624966
"quadneg",4000,249,10,1,400,440.15646781574,6.09636893704167,434.060098878698,397.834989736721,398.051408088896,2.16418352175503,26.8658604604864,26.8327620014606,26.8328157299975,1.57528839030726,1.34196736019356,0.0710645248594756
"quadneg",4000,249,25,0,160,211.090656113055,2.40740605841096,208.683250054644,157.896274844843,157.980358498933,2.10209135225457,17.5350394152029,17.5269444466218,17.5271218401653,3.0336048872575,2.89285401172615,0.0030536341072959
"quadneg",4000,249,25,1,160,205.68611417329,2.40381017682661,203.282303996463,157.894364798937,157.978522776202,2.10394943163354,17.5350376920582,17.5269388959895,17.5271218401653,2.7255002363638,2.5848085332589,0.00641026932055186
"quadneg",4000,249,50,0,80,141.997378347326,1.22100431667191,140.776374030654,77.9135168538813,77.9551827713081,2.08329587133588,12.5243012062797,12.5214836945754,12.5219806739988,5.11676144145375,5.01707248052096,1.30031839510134e-05
"quadneg",4000,249,50,1,80,140.681027414349,1.2153238609419,139.465703553407,77.9133728084801,77.9550410812547,2.08341363872944,12.5242982702584,12.5214796366154,12.5219806739988,5.01167037477254,4.91241165239629,1.7798947761603e-05
"quadneg",4000,250,2,0,2000,2062.27137101302,32.1449836219411,2030.12638739108,1997.48913667665,1998.74446766529,2.5106619772799,45.4662291490837,44.7213557497133,44.7213595499958,1.4248429119546,0.701721117343274,0.154685041478396
"quadneg",4000,250,2,1,2000,2062.61751177584,31.8839729226175,2030.73353885322,1997.23986456989,1998.50008140591,2.52043367204061,45.455566624704,44.7188873540228,44.7213595499958,1.4382759265929,0.720801865934936,0.1534127633215
"quadneg",4000,250,5,0,800,865.718048492804,12.8706621969316,852.847386295872,797.763792413227,798.210945197219,2.23576391995995,35.9269608308387,35.7770685314082,35.7770876399966,1.89145573430321,1.52713576996082,0.0478627724521417
"quadneg",4000,250,5,1,800,887.383797867067,12.3822889426143,875.001508924453,797.614866522114,798.061041864591,2.23087671238838,35.9189100274292,35.771150371344,35.7770876399966,2.49921089688975,2.15090837899074,0.0147977887134782
"quadneg",4000,250,10,0,400,435.507348532566,6.47779297368624,429.029555558879,397.860214060188,398.074113793359,2.13899733171703,26.8827774899343,26.8327637890361,26.8328157299975,1.40041833424669,1.15364343415749,0.0945478554075145
"quadneg",4000,250,10,1,400,456.95488718775,6.20997312062612,450.744914067124,397.768994040084,397.983470035676,2.14475995591926,26.876645371456,26.827385820615,26.8328157299975,2.20213097020373,1.96670090720894,0.0218025396330993
"quadneg",4000,250,25,0,160,190.76572586494,2.62027324504785,188.145452619892,157.91522841645,157.998546761758,2.08295863269837,17.5391673409533,17.5269243364748,17.5271218401653,1.87297930454117,1.72003400479092,0.0386812600305175
"quadneg",4000,250,25,1,160,193.254590829242,2.52241920241659,190.732171626825,157.869779068838,157.953460845406,2.09204441419531,17.5350788012254,17.5230312083446,17.5271218401653,2.01794426825904,1.87060733908923,0.0294304331888117
"quadneg",4000,250,50,0,80,120.810893148751,1.33643980361616,119.474453345135,77.9310421242634,77.9723513087395,2.06545922380481,12.5257030928557,12.5214346692897,12.5219806739988,3.42334882973116,3.31448457245752,0.00135763353288673
"quadneg",4000,250,50,1,80,107.9019457347,1.31185215305922,106.590093581641,77.9056837222445,77.9471254459829,2.07208618691795,12.5227336849812,12.5185352033635,12.5219806739988,2.39534456030398,2.28804470094566,0.0141078550512078
