"scen","n","rep","m","oracle","G","HL","C","EF","mu","muEF","d","sdHL","sdEF","sdEF_simple","zHL","zEF","pHL_chisq"
"quadneg",1000,301,2,0,500,501.261406431978,3.30634152574024,497.955064906237,497.453254831156,498.726167490269,2.54582531822569,23.0199092238323,22.3606405225076,22.3606797749979,0.165428610677522,-0.0344848164459208,0.45056596712416
"quadneg",1000,301,2,1,500,509.522976649401,1.94871256793687,507.574264081465,497.052017163814,498.308309032155,2.51258373668178,23.0115419293672,22.3515795594694,22.3606797749979,0.541943670001177,0.414554820372141,0.350701761811138
"quadneg",1000,301,5,0,200,240.333789220332,1.52590225090174,238.807886969431,197.764581035178,198.211245524258,2.23332244540087,18.021558789677,17.888355979745,17.8885438199983,2.3621268660477,2.26944507875066,0.0214246163861689
"quadneg",1000,301,5,1,200,199.720441685638,1.44802299404278,198.272418691595,197.492590580958,197.938332394241,2.22870906641301,18.0016656807681,17.8668945249165,17.8885438199983,0.123758053515004,0.018698621458161,0.452363765002402
"quadneg",1000,301,10,0,100,127.279549553807,0.618164227079794,126.661385326728,97.8552462428343,98.0693472521453,2.14101009311009,13.4602795520202,13.4159015269422,13.4164078649987,2.18600982225194,2.13120512379752,0.0250088603308534
"quadneg",1000,301,10,1,100,106.662277311646,0.821859257188697,105.840418054457,97.6926204376606,97.9079440989522,2.1532366129162,13.4419653165965,13.3969101224475,13.4164078649987,0.667287607334532,0.592112202216966,0.258268961565925
"quadneg",1000,301,25,0,40,66.6520480941546,0.229444637236356,66.4226034569183,37.8912038192979,37.9752522044941,2.10120962990607,8.77264159052323,8.76190031727007,8.76356092008266,3.27847022793294,3.24671021380524,0.00276471049090903
"quadneg",1000,301,25,1,40,48.3478802710412,0.335083259121246,48.01279701192,37.828972240252,37.9129789669003,2.10016816620711,8.75928005752745,8.74834079739436,8.76356092008266,1.20088728316771,1.15448383629817,0.121275162022797
"quadneg",1000,301,50,0,20,26.0128780052984,0.0471235889134612,25.9657544163849,17.9154980749924,17.9568817900436,2.0691857525603,6.25972004518356,6.25618684787982,6.26099033699941,1.29356902095588,1.28015240290585,0.0994638254504962
"quadneg",1000,301,50,1,20,26.3178710348606,0.104284428490663,26.21358660637,17.8932228293282,17.9344103610054,2.05937658386155,6.24983929722018,6.24624072007912,6.26099033699941,1.34797837270466,1.32546544656058,0.0927089082627336
"quadneg",1000,302,2,0,500,523.558122102452,14.400317200631,509.157804901821,497.47586979404,498.737440367967,2.52314114785278,23.1468429377915,22.3606322634677,22.3606797749979,1.12681683538914,0.466013859137557,0.206843137110879
"quadneg",1000,302,2,1,500,525.382365792278,16.3066874649364,509.075678327342,496.574650522708,497.831511353725,2.51372166203472,23.1175206560758,22.3394847720414,22.3606797749979,1.24614207977357,0.503331526593195,0.191259739506265
"quadneg",1000,302,5,0,200,212.879157860543,5.87392341015075,207.005234450392,197.737608490913,198.189689051161,2.26040280123922,18.047533258419,17.8883534957203,17.8885438199983,0.838981657649346,0.492809212504692,0.222713377423345
"quadneg",1000,302,5,1,200,224.683189769561,6.83223681760544,217.850952951955,197.198661041954,197.639759696058,2.20549327051754,18.0015382005488,17.8418189808425,17.8885438199983,1.52678779009941,1.13279891907875,0.0937304608101099
"quadneg",1000,302,10,0,100,108.725647150005,3.06183113073412,105.663816019271,97.839342147763,98.0550125257816,2.15670378018654,13.4689065095706,13.415864541495,13.4164078649987,0.808254552402326,0.567149695791507,0.215626240241231
"quadneg",1000,302,10,1,100,117.458170830307,3.59270716221568,113.865463668092,97.5386414760555,97.7522153886301,2.13573912574565,13.4284399725072,13.3750852802235,13.4164078649987,1.48338372849222,1.20472116191189,0.0878430757340444
"quadneg",1000,302,25,0,40,42.9129105851376,1.00861934295364,41.904291242184,37.8945350374959,37.9784016283297,2.09666477084504,8.77438603991234,8.76161586037425,8.76356092008266,0.571934665834678,0.448078262779097,0.2687087883959
"quadneg",1000,302,25,1,40,47.5769717264896,1.1427839204605,46.4341878060291,37.7746622875456,37.8578534663992,2.07977947134109,8.74513993844624,8.73227179805332,8.76356092008266,1.12088651616083,0.982142395240348,0.137215115689367
"quadneg",1000,302,50,0,20,30.2300881816293,0.515469839122915,29.7146183425064,17.9137733508438,17.9551874015145,2.07070253353177,6.26034074254759,6.25611628349412,6.26099033699941,1.96735534650363,1.87966949591674,0.0352686970593628
"quadneg",1000,302,50,1,20,35.8172107458319,0.615086509669777,35.2021242361621,17.8515050228837,17.8928122939302,2.06536355232201,6.23946923190688,6.23517632513618,6.26099033699941,2.87936442271029,2.77607417010038,0.0074462534835811
"quadneg",1000,303,2,0,500,565.942577180217,12.497542157491,553.445035022726,497.452891577568,498.726021688456,2.54626022177672,23.1170428571795,22.3606356211506,22.3606797749979,2.96273558974599,2.44711350166235,0.0186276336258719
"quadneg",1000,303,2,1,500,496.455291030038,12.4693771398288,483.985913890209,497.420640768385,498.672986846875,2.50469215697856,23.118052393528,22.3587966929069,22.3606797749979,-0.0417573990193894,-0.656881189018775,0.511115101178709
"quadneg",1000,303,5,0,200,222.92052643056,4.91599617847987,218.00453025208,197.747241049728,198.197367245004,2.25063097638039,18.0413865469296,17.8883424446954,17.8885438199983,1.39530768964736,1.10726653787584,0.108139120597639
"quadneg",1000,303,5,1,200,216.563259323748,5.02832421530113,211.534935108447,197.731002585223,198.175116895066,2.2205715492167,18.0387322980337,17.8846648633953,17.8885438199983,1.04399003363325,0.746998521662244,0.174009425459712
"quadneg",1000,303,10,0,100,119.739113924632,2.33252553310166,117.406588391531,97.8293577777978,98.0460402090703,2.16682431272534,13.4668335652067,13.4158826405384,13.4164078649987,1.62694192667839,1.44310655520787,0.0671069915728605
"quadneg",1000,303,10,1,100,107.66369640057,2.51391670870073,105.14977969187,97.8297513240166,98.0438434651619,2.14092141145307,13.463968263172,13.4126251034061,13.4164078649987,0.730389799228258,0.529794590687787,0.236977052448629
"quadneg",1000,303,25,0,40,43.2563010730293,0.986428442706432,42.2698726303229,37.9047196912957,37.98819920876,2.08698793660765,8.77397649031667,8.7617245456087,8.76356092008266,0.609937966854581,0.488679300436219,0.256906505930353
"quadneg",1000,303,25,1,40,50.4179694043322,0.999144357515068,49.4188250468171,37.8985577098366,37.9818207329666,2.08157557824978,8.7715995350575,8.75924167533848,8.76356092008266,1.42726667404949,1.30570713056716,0.0856347006694639
"quadneg",1000,303,50,0,20,25.8749090514857,0.520683380944151,25.3542256705416,17.9370454391116,17.9779654984276,2.04600296579585,6.25966563397944,6.25566530872628,6.26099033699941,1.26809706404841,1.17913280332063,0.10265268778545
"quadneg",1000,303,50,1,20,30.2796792766153,0.480370561920127,29.7993087146952,17.9232847466081,17.9643721648208,2.05437091063371,6.25802776183277,6.25399420787248,6.26099033699941,1.97448701096661,1.89238047821929,0.0348145310024655
"quadneg",1000,304,2,0,500,547.107356276395,10.9203537870382,536.187002489357,497.520056516668,498.759611458135,2.47910988293334,22.5794587233969,22.360649757693,22.3606797749979,2.19612437867451,1.67380605826739,0.0631827987525439
"quadneg",1000,304,2,1,500,489.199877109051,10.7621901510275,478.437686958023,497.148683418022,498.430307189023,2.5632475420029,22.5636881343305,22.3555209028242,22.3606797749979,-0.352283113542803,-0.894303484043353,0.602315364664748
"quadneg",1000,304,5,0,200,221.620440781672,4.34836222879581,217.272078552876,197.790240007335,198.231886888514,2.20823440589739,17.9322956540008,17.888417436544,17.8885438199983,1.32889849878313,1.06438659159779,0.119798452183636
"quadneg",1000,304,5,1,200,201.577617754205,4.25337243781749,197.324245316387,197.559001030665,198.00648735388,2.23743161607679,17.9142408187396,17.8730576097582,17.8885438199983,0.224325259674753,-0.0381715346298959,0.415987292875787
"quadneg",1000,304,10,0,100,107.09606984903,2.20808161342991,104.8879882356,97.8700059023046,98.082704498524,2.12698596219429,13.4305796911149,13.4160130332485,13.4164078649987,0.686944581612452,0.507250829304572,0.248909550259413
"quadneg",1000,304,10,1,100,94.0828521602265,2.11177073775341,91.9710814224731,97.7478729749394,97.9613220092816,2.13449034342132,13.4154295353335,13.4016860561697,13.4164078649987,-0.273194444133152,-0.446976638737984,0.593210381006278
"quadneg",1000,304,25,0,40,56.6910169727478,0.902513701217102,55.7885032715307,37.9218409285374,38.0047204436442,2.07198787767003,8.76571156737351,8.76222275437854,8.76356092008266,2.14120392850597,2.02959720682744,0.02607066360169
"quadneg",1000,304,25,1,40,43.6137511052593,0.776478451289422,42.8372726539699,37.8706789951368,37.9535439112041,2.07162290168314,8.75449406838286,8.75121841154978,8.76356092008266,0.656014164298059,0.558062719166082,0.244976936650998
"quadneg",1000,304,50,0,20,34.491988408999,0.312125554547871,34.1798628544512,17.9388976340559,17.9798655990257,2.04839824848969,6.25813457931772,6.25703094029493,6.26099033699941,2.64505190247087,2.58908696632749,0.0109439366802355
"quadneg",1000,304,50,1,20,24.0108836655594,0.306777508268964,23.7041061572904,17.9141434147793,17.955068967145,2.0462776182845,6.24973957059708,6.24871813484288,6.26099033699941,0.975519088741429,0.920034648080669,0.154671538305989
"quadneg",1000,305,2,0,500,511.283574693544,11.9322597724751,499.351314921068,497.509118400741,498.754230450187,2.4902240988931,22.6078880663151,22.3606626597196,22.3606797749979,0.609276561012619,0.0267024497425395,0.330584203424178
"quadneg",1000,305,2,1,500,505.833513190391,11.9545063046735,493.879006885717,497.102697283491,498.34437271569,2.48335086439721,22.5852373940802,22.3532803899887,22.3606797749979,0.386571801507298,-0.19976333460088,0.394340673760039
"quadneg",1000,305,5,0,200,204.306050931416,4.6474921387849,199.658558792631,197.788473403746,198.230459261416,2.2099292883521,17.9380147088791,17.8884118183714,17.8885438199983,0.363338843982787,0.0798337798634752,0.364292143915771
"quadneg",1000,305,5,1,200,224.900932860959,4.51756197645563,220.383370884504,197.52757028884,197.97256771734,2.22498714250027,17.9156683759275,17.8696332968359,17.8885438199983,1.52790071783759,1.25412775936103,0.0920587261655531
"quadneg",1000,305,10,0,100,122.993014691427,2.34858412015381,120.644430571273,97.856748464931,98.0708123887292,2.14063923798187,13.4325736627015,13.4160698453095,13.4164078649987,1.87129189518555,1.6825805502523,0.0446241106600459
"quadneg",1000,305,10,1,100,113.026851154823,2.24012744334001,110.786723711483,97.7205898274788,97.9345727184249,2.13982890946026,13.4142283558772,13.3988998378346,13.4164078649987,1.14104672451306,0.959194497205433,0.142312747798891
"quadneg",1000,305,25,0,40,56.3557678151297,0.813822847610371,55.5419449675193,37.9131488295725,37.9963735163138,2.08061716853183,8.76617522497478,8.76221141083168,8.76356092008266,2.10383873379741,2.00241361781297,0.0279144965322253
"quadneg",1000,305,25,1,40,55.8486761827508,0.910147824270274,54.9385283584806,37.8458266282688,37.9294714788606,2.09112126479672,8.75373172052902,8.75006403822146,8.76356092008266,2.05659142057807,1.94387798824352,0.0309240123734686
"quadneg",1000,305,50,0,20,35.2871259218855,0.394698779032604,34.8924271428529,17.937239526217,17.9782586452984,2.05095595407173,6.25861492700437,6.25731733891211,6.26099033699941,2.77216070936208,2.70310223717935,0.00869588094503353
"quadneg",1000,305,50,1,20,31.2062929356997,0.492174508263609,30.7141184274361,17.894296087381,17.9355519676353,2.06279401271568,6.24887695341368,6.24769440648107,6.26099033699941,2.13030228432433,2.04532514371141,0.0272447537810675
"quadneg",1000,306,2,0,500,508.208256425001,18.795281838453,489.412974586548,497.447733058772,498.723375511095,2.55128490464617,23.0319770820912,22.3606325408338,22.3606797749979,0.46719929113666,-0.416374666841159,0.366037275851747
"quadneg",1000,306,2,1,500,545.911827532654,18.6602248529415,527.251602679713,497.376963164962,498.63643597464,2.51894561935603,23.0353450257525,22.3580958417234,22.3606797749979,2.10697362307499,1.2798570552539,0.067720954406308
"quadneg",1000,306,5,0,200,206.632455291669,7.61074338228647,199.021711909383,197.728027049947,198.18197436855,2.26973659301429,18.023977274011,17.8883340609595,17.8885438199983,0.494032371787421,0.0469433060659126,0.322385684428949
"quadneg",1000,306,5,1,200,208.384909242464,7.98420462198543,200.400704620478,197.679334853533,198.130410788017,2.25537967241931,18.0210510391894,17.8833206092864,17.8885438199983,0.594059378981257,0.126950351227398,0.292404987957293
"quadneg",1000,306,10,0,100,86.6561790564448,3.86499041652374,82.791188639921,97.8386360111297,98.0543762297318,2.15740218602123,13.4610616257338,13.415869002588,13.4164078649987,-0.830726228405878,-1.13769652840725,0.786901540881668
"quadneg",1000,306,10,1,100,111.439203778238,4.13783486004822,107.30136891819,97.819769398228,98.0336347432074,2.1386534497948,13.4571152762989,13.4110827576147,13.4164078649987,1.01206195387187,0.691050405286644,0.166924378883781
"quadneg",1000,306,25,0,40,33.987861372037,1.41548083377828,32.5723805382588,37.8862486315155,37.9704265601062,2.10444821476815,8.77242521947593,8.76151498450056,8.76356092008266,-0.444391050586957,-0.616108747333854,0.655510210751657
"quadneg",1000,306,25,1,40,44.8336237804479,1.44937773024253,43.3842460502054,37.8889826981498,37.9724358555056,2.08632893389461,8.76933877152123,8.75821280678923,8.76356092008266,0.791923001635094,0.61791261688739,0.207034451269323
"quadneg",1000,306,50,0,20,23.7704510901373,0.640027166859842,23.1304239232774,17.920849464009,17.9620868706196,2.06187033052837,6.25914727807118,6.25556531347741,6.26099033699941,0.934568458969197,0.826198240073172,0.162692943171299
"quadneg",1000,306,50,1,20,25.7721263183218,0.769823980951696,25.0023023373701,17.9190243525096,17.960156013237,2.05658303637016,6.2570114703547,6.25336268537098,6.26099033699941,1.25508831221097,1.12613751647691,0.105083502723296
"quadneg",1000,307,2,0,500,487.141404885044,2.64432077545649,484.497084109587,497.46776582906,498.73350057972,2.53146950131921,22.5615868015052,22.3606481047903,22.3606797749979,-0.457696572269809,-0.636672801406099,0.627574433050382
"quadneg",1000,307,2,1,500,491.235016199071,4.26032794382461,486.974688255246,497.200887685511,498.465177175294,2.52857897956505,22.5449201388723,22.3557180179152,22.3606797749979,-0.264621540005093,-0.513984337735841,0.576984456487271
"quadneg",1000,307,5,0,200,228.489751149774,1.09736314689264,227.392388002882,197.755832033542,198.204317264321,2.24242615389096,17.9286611365681,17.8883945683269,17.8885438199983,1.71423392310906,1.63167637135203,0.0677175101283821
"quadneg",1000,307,5,1,200,216.174774650293,1.35193089467392,214.822843755619,197.575177207267,198.025636313536,2.2522955313449,17.9128404872224,17.8754017744258,17.8885438199983,1.03833880820262,0.939682791696186,0.178776129424578
"quadneg",1000,307,10,0,100,117.808219130681,0.556601804656875,117.251617326024,97.8254658893627,98.0425946838902,2.17128794527503,13.429342592254,13.4159796193784,13.4164078649987,1.48799191799935,1.43180171609592,0.0843639383697198
"quadneg",1000,307,10,1,100,101.169477597247,0.578270984940413,100.591206612306,97.7556483750762,97.9699633618425,2.14314986766312,13.4161218027166,13.4037171384797,13.4164078649987,0.254457232303853,0.195560919660023,0.392998979715939
"quadneg",1000,307,25,0,40,46.9370081840188,0.212917791614138,46.7240903924047,37.906391036284,37.98983618157,2.08612863215034,8.76509249684175,8.76193140597975,8.76356092008266,1.03029342257241,0.996841199290126,0.15163473156725
"quadneg",1000,307,25,1,40,38.8507630315629,0.307939302119945,38.5428237294429,37.8620492790748,37.9455853377299,2.0884014663782,8.75587689904174,8.75294901211002,8.76356092008266,0.112920015195316,0.0682328196915958,0.431209463146576
"quadneg",1000,307,50,0,20,33.4536084254176,0.0631999789648639,33.3904084464527,17.9264343255489,17.967615040335,2.05903573930583,6.2574329887862,6.25645811388637,6.26099033699941,2.48139678486283,2.46509976177838,0.0147001098492658
"quadneg",1000,307,50,1,20,26.9751821187504,0.151796210430263,26.8233859083202,17.918680409102,17.959577051129,2.0448321013475,6.25057424520728,6.24967221838729,6.26099033699941,1.44890714906596,1.41828379912675,0.0794621562276323
"quadneg",1000,308,2,0,500,538.1093042501,4.18495404043159,533.924350209669,497.501309152706,498.750194816288,2.49777132716408,22.5540228309981,22.360643082147,22.3606797749979,1.80047681079681,1.5730386314991,0.103961324810529
"quadneg",1000,308,2,1,500,498.030678362651,3.67718269214978,494.353495670501,497.369653726919,498.630777483796,2.52224751375421,22.5469954285426,22.3588187562559,22.3606797749979,0.0293176373688869,-0.191301779397366,0.491184837914547
"quadneg",1000,308,5,0,200,239.680400014578,1.58985162429784,238.09054839028,197.748637832841,198.198538368753,2.24950267955977,17.9271508728028,17.8883850943612,17.8885438199983,2.33900871807532,2.23005094149625,0.0229520667668807
"quadneg",1000,308,5,1,200,244.233732576289,1.57681408149125,242.656918494798,197.679051094243,198.129471186033,2.25210045895285,17.9208260167577,17.883339289799,17.8885438199983,2.59779774874851,2.48988438832362,0.0140234790561214
"quadneg",1000,308,10,0,100,117.55477501992,0.778493068161972,116.776281951758,97.848712953386,98.0635427847083,2.14829831322231,13.4288870576785,13.416016521051,13.4164078649987,1.46743821598131,1.39480591259619,0.0868717211901705
"quadneg",1000,308,10,1,100,124.059090565883,0.819333706445663,123.239756859438,97.8190396322767,98.0330460925478,2.14006460271196,13.4237017054399,13.4112795966874,13.4164078649987,1.95475521651178,1.87951571549637,0.0388075050687919
"quadneg",1000,308,25,0,40,45.8170469761067,0.299863188631738,45.517183787475,37.9182681097349,38.0012860009049,2.07544727925161,8.76528163207782,8.76219929463302,8.76356092008266,0.901143762165624,0.857763848303889,0.179572699415169
"quadneg",1000,308,25,1,40,54.5584245131104,0.213365730675744,54.3450587824346,37.9066527135441,37.9894808508212,2.07070343192729,8.76166862129479,8.758705114121,8.76356092008266,1.90052517611714,1.86735113450099,0.0399107837628105
"quadneg",1000,308,50,0,20,28.0748100901475,0.158699299481742,27.9161107906658,17.9334785047718,17.9745687899221,2.05451425751755,6.25823822257771,6.25725415209027,6.26099033699941,1.62047707752465,1.58880265354455,0.0609258403075113
"quadneg",1000,308,50,1,20,24.8589758649166,0.116739475994138,24.7422363889225,17.9323160396291,17.9732811062356,2.04825333032443,6.25590428475545,6.25495810379684,6.26099033699941,1.10721959767937,1.08217435998142,0.128850313397619
"quadneg",1000,309,2,0,500,535.613436942988,2.84336677050936,532.770070172478,497.468884097838,498.734009347858,2.53025050003945,22.6657509901896,22.3606482613681,22.3606797749979,1.68291590522016,1.52214105900604,0.118191852093269
"quadneg",1000,309,2,1,500,517.830209547446,2.60880962952896,515.221399917917,497.218672140873,498.489783783846,2.54222328594599,22.6501286395075,22.3559713058619,22.3606797749979,0.909996483226212,0.748418214765017,0.260680276568238
"quadneg",1000,309,5,0,200,206.609179163397,1.21485965411961,205.394319509278,197.755047814722,198.203683651263,2.24317918270681,17.9496519880818,17.8883894413807,17.8885438199983,0.493275933959843,0.401972233530446,0.322793526153537
"quadneg",1000,309,5,1,200,172.37970051252,1.38559271449845,170.994107798022,197.593880590847,198.043555650947,2.24837530050379,17.9351352402534,17.8764645340977,17.8885438199983,-1.40585391415038,-1.51313185005522,0.905530396246422
"quadneg",1000,309,10,0,100,111.400437521105,0.554393500387536,110.846044020717,97.8484924775215,98.0633176935415,2.14825216020027,13.4363587615154,13.4159801849603,13.4164078649987,1.00860250043328,0.952798539573376,0.167560832154162
"quadneg",1000,309,10,1,100,99.6078090200596,0.679808376012598,98.928000644047,97.7462546755621,97.9625719136404,2.16317238078279,13.4244609002538,13.4050108668399,13.4164078649987,0.138668834326324,0.0720199886443076,0.435732076711857
"quadneg",1000,309,25,0,40,57.483352659439,0.386903183397095,57.0964494760419,37.9128957521493,37.9960841685514,2.07971041005302,8.76682857303924,8.76195026949824,8.76356092008266,2.23233028275185,2.17992167497024,0.0221379390155083
"quadneg",1000,309,25,1,40,55.1054373394266,0.30442757483953,54.801009764587,37.8700646239868,37.953432727593,2.08420259015446,8.75839673854386,8.75375287394005,8.76356092008266,1.96786846154051,1.92461190984147,0.0358536903515463
"quadneg",1000,309,50,0,20,40.3977477832521,0.145717662890139,40.252030120362,17.9393478830454,17.9802693467272,2.04607318409173,6.25802554466959,6.25644433999457,6.26099033699941,3.58873573460182,3.55981122236822,0.00184195824781474
"quadneg",1000,309,50,1,20,33.2053947249957,0.0865270216462796,33.1188677033495,17.9037396015323,17.9449755779262,2.06179881969601,6.25178388562125,6.25029131816449,6.26099033699941,2.44756623124104,2.42770958232381,0.0157601536833423
"quadneg",1000,310,2,0,500,520.406668990644,16.3550766162919,504.051592374352,497.44315589411,498.721259919382,2.55620805054544,22.5650746787962,22.3606598775657,22.3606797749979,1.01765730552235,0.238379926359756,0.235561383663813
"quadneg",1000,310,2,1,500,554.579331432432,16.5557605787088,538.023570853723,497.446709355976,498.706046527828,2.51867434370431,22.5649392382872,22.3601088144918,22.3606797749979,2.53192004964571,1.75837804064771,0.0400595482878903
"quadneg",1000,310,5,0,200,210.961518456196,6.54799044713764,204.413528009059,197.708677168661,198.166648255298,2.28985543318153,17.929406263036,17.888424454878,17.8885438199983,0.739167883928078,0.349213524618583,0.251117370221172
"quadneg",1000,310,5,1,200,232.00393113291,6.84032620301395,225.163604929896,197.731676268285,198.180810572151,2.24567151933133,17.9280647722273,17.886833285133,17.8885438199983,1.91165389572425,1.5085283083715,0.0491898059072444
"quadneg",1000,310,10,0,100,108.551093119442,3.29815790850332,105.252935210939,97.8037409182078,98.0231001974662,2.19359279258461,13.4296893682125,13.4160640636741,13.4164078649987,0.80026811540947,0.538893894599692,0.219047800400046
"quadneg",1000,310,10,1,100,121.529634259273,3.33198342604296,118.19765083323,97.8144833409347,98.0316065150583,2.17123174123598,13.4283502126686,13.4146182691876,13.4164078649987,1.76605096998175,1.50328871932877,0.0537962012505912
"quadneg",1000,310,25,0,40,60.3491670131862,1.25200892401049,59.0971580891757,37.8775532104367,37.9622088189282,2.11639021228792,8.7655029982752,8.76225071264286,8.76356092008266,2.56364224701895,2.41204571329514,0.0119779483862034
"quadneg",1000,310,25,1,40,73.6888687727375,1.3353430332745,72.353525739463,37.8679214681175,37.9527513252567,2.12074642848104,8.76440311472157,8.76112402628328,8.76356092008266,4.08709490375352,3.92652521651381,0.000457016703043138
"quadneg",1000,310,50,0,20,45.3558021495606,0.652712947981184,44.7030892015794,17.9065191877676,17.948141397692,2.08111049622125,6.25818446575918,6.25714340364553,6.26099033699941,4.3861415578237,4.27590452670454,0.000368091071830649
"quadneg",1000,310,50,1,20,49.2534418771891,0.658364285852523,48.5950775913366,17.8990726818246,17.9407893074391,2.08583128072568,6.25735478147741,6.25630208503139,6.26099033699941,5.01080253403204,4.89974554733216,9.78089257676122e-05
"quadneg",1000,311,2,0,500,577.27621058409,12.3761163420656,564.900094242025,497.462559352015,498.730905165916,2.53669162780282,22.7070074695037,22.3606451541153,22.3606797749979,3.51493482085952,2.95918067748286,0.00796131583510336
"quadneg",1000,311,2,1,500,598.794565798642,12.4539535513063,586.340612247335,497.435716821402,498.704431126851,2.53742861089766,22.7045593595888,22.3601738463602,22.3606797749979,4.4642508745466,3.91929784279159,0.00125783881174303
"quadneg",1000,311,5,0,200,239.079243166936,4.68325526481782,234.395987902119,197.73147717508,198.184840452053,2.26681638486237,17.9580131220198,17.8883970103819,17.8885438199983,2.30246885949516,2.02428129412881,0.0244400679999664
"quadneg",1000,311,5,1,200,248.169703766659,4.76336470585479,243.406339060805,197.693161558603,198.150963132567,2.28900786981872,17.9562223403851,17.8871638369015,17.8885438199983,2.81108917294538,2.53004759954596,0.00894574370340964
"quadneg",1000,311,10,0,100,122.976707350801,2.36910892153821,120.607598429262,97.828892907309,98.0457144289338,2.16821521624827,13.4392007103549,13.4160281498658,13.4164078649987,1.87122842983624,1.68171114045807,0.044718529962052
"quadneg",1000,311,10,1,100,142.900796424534,2.44069614531563,140.460100279219,97.8112566907659,98.0289241901236,2.17667499357728,13.4378381080427,13.4148761946776,13.4164078649987,3.35541620394891,3.16299423664677,0.00209637584577714
"quadneg",1000,311,25,0,40,55.3489944186108,0.936554297846727,54.412440120764,37.9055762610041,37.9890754233428,2.08747905846895,8.76759784729357,8.76204715355637,8.76356092008266,1.98953219130497,1.87437529262271,0.0341670007871509
"quadneg",1000,311,25,1,40,47.7476472039031,0.941359727015081,46.806287476888,37.8854456416802,37.969582399793,2.10341895282031,8.76664959226532,8.76115172390597,8.76356092008266,1.12496814871261,1.00862367820693,0.133553469460362
"quadneg",1000,311,50,0,20,31.4778406915849,0.462658604861313,31.0151820867236,17.9192678220905,17.9606259271515,2.06790525305102,6.25880682907808,6.25698827920081,6.26099033699941,2.16631911477153,2.08639613453767,0.0253291639820142
"quadneg",1000,311,50,1,20,26.6199922002283,0.465312120544632,26.1546800796836,17.9099872058004,17.9514868218881,2.07498080438427,6.25810615181767,6.25630616492534,6.26099033699941,1.3917956619988,1.3111879504531,0.0864040951000874
"quadneg",1000,312,2,0,500,547.78422509598,3.34888436492006,544.43534073106,497.455568784611,498.72723509931,2.54333262939705,23.0579110655687,22.3606165062439,22.3606797749979,2.18270667140019,2.04413441011285,0.0607232528183717
"quadneg",1000,312,2,1,500,508.822461109789,1.76256738570019,507.059893724089,497.032341134394,498.301559885936,2.53843750308478,23.0523809744278,22.3511219026927,22.3606797749979,0.511449120525711,0.391852090301429,0.358841212229055
"quadneg",1000,312,5,0,200,211.871939617138,1.44885570037085,210.423083916767,197.733632382144,198.186476687906,2.26422152881066,18.0293074000348,17.8883446769322,17.8885438199983,0.784184712218437,0.684054754638128,0.237377323965168
"quadneg",1000,312,5,1,200,228.595639586281,0.77994705446907,227.815692531812,197.469492543298,197.919901442851,2.25204449776176,18.0105393242001,17.8667785193995,17.8885438199983,1.72821848822481,1.6732614139981,0.0670867049847028
"quadneg",1000,312,10,0,100,100.620334490952,0.705295195503043,99.915039295449,97.8468604418279,98.0618225283668,2.14962086538908,13.4629168326131,13.4159287772523,13.4164078649987,0.206008406915624,0.138135554969885,0.407856882049411
"quadneg",1000,312,10,1,100,107.342054737857,0.537012146434378,106.805042591423,97.683212167521,97.8990286713696,2.15816503848617,13.4444239012874,13.3962846163715,13.4164078649987,0.718427404644036,0.664812235264781,0.243694470569738
"quadneg",1000,312,25,0,40,44.9221504309204,0.355572801709566,44.5665776292108,37.8846232924217,37.9688653993564,2.10605267336585,8.77277232560265,8.7614994107855,8.76356092008266,0.802201046294132,0.753034602927964,0.204448400296682
"quadneg",1000,312,25,1,40,43.1870505494869,0.237804786705336,42.9492457627815,37.8238994101812,37.9079128102898,2.10033500271629,8.75881824872471,8.74724037860196,8.76356092008266,0.612314468345837,0.576334104733663,0.259259783031003
"quadneg",1000,312,50,0,20,15.8860803637844,0.225052217695851,15.6610281460886,17.9075617639913,17.949070505099,2.07543705538167,6.25929138054943,6.25564052584781,6.26099033699941,-0.322956909545478,-0.365756687833383,0.600497625606481
"quadneg",1000,312,50,1,20,13.5370454496526,0.187031290958916,13.3500141586937,17.8870080661538,17.9282405277776,2.06162308119159,6.2487693301914,6.24499276907451,6.26099033699941,-0.696131091843003,-0.733103550056221,0.758733556932101
"quadneg",1000,313,2,0,500,506.589098911408,3.36393055091682,503.225168360491,497.48080218288,498.740079340106,2.51855431445312,22.5455141505125,22.360662978154,22.3606797749979,0.403995964240236,0.20057942936516,0.385256887811956
"quadneg",1000,313,2,1,500,504.31979572011,3.47670885113864,500.843086868972,497.462186561771,498.727905266242,2.53143740894232,22.5456731228654,22.3605750631392,22.3606797749979,0.304165199280928,0.0945942399404574,0.412735644712948
"quadneg",1000,313,5,0,200,198.783793251151,1.32546427545085,197.458328975701,197.741066258774,198.192540280625,2.25737010925464,17.9254351131474,17.8884115649317,17.8885438199983,0.0581702472378453,-0.0410439631411098,0.470969273178369
"quadneg",1000,313,5,1,200,217.147636828222,1.42611005424521,215.721526773977,197.747413896546,198.196839390848,2.24712747150817,17.9252459400279,17.8881185438911,17.8885438199983,1.08228489564843,0.979683097477769,0.167003142018434
"quadneg",1000,313,10,0,100,113.2141520472,0.629585202738992,112.584566844461,97.8512614935852,98.0658473877462,2.14585894160923,13.428332525531,13.4160322047314,13.4164078649987,1.14406539489587,1.08219175648628,0.139594173708872
"quadneg",1000,313,10,1,100,117.782769149499,0.618530672779334,117.164238476719,97.8499973212315,98.0645067196634,2.14509398431865,13.4281172522999,13.4157803810068,13.4164078649987,1.48440555393966,1.42367653722895,0.084613121685558
"quadneg",1000,313,25,0,40,52.2866273369185,0.265201011562581,52.0214263253559,37.9122525995179,37.9955047793368,2.08130449547367,8.76510202814185,8.76216619171868,8.76356092008266,1.63995521001915,1.60073676293373,0.0613314063036355
"quadneg",1000,313,25,1,40,65.0622054951957,0.277778583707267,64.7844269114885,37.9234834642286,38.0062500239163,2.06916399219259,8.7649185058964,8.76197258804945,8.76356092008266,3.09628914549636,3.05618131288099,0.00405818167709707
"quadneg",1000,313,50,0,20,31.1711340050079,0.0743655998409617,31.0967684051669,17.9378779508404,17.9788731683721,2.04976087658083,6.25804985120495,6.25713878395008,6.26099033699941,2.11459741753566,2.0964686400185,0.0275021978681489
"quadneg",1000,313,50,1,20,37.0888830207701,0.108424025252044,36.980458995518,17.9407941293463,17.9817210156958,2.04634431747392,6.25789803297022,6.25698460984157,6.26099033699941,3.05982756359093,3.03640478033768,0.00510256240592452
"quadneg",1000,314,2,0,500,525.196814129616,1.65888368281458,523.537930446802,497.46707070963,498.733052340268,2.5319632612743,22.9349112012764,22.3606334209893,22.3606797749979,1.20906260227608,1.10931017201197,0.192809500074723
"quadneg",1000,314,2,1,500,552.103139530001,1.21945351703594,550.883686012965,497.419114929011,498.667946618597,2.49766337917195,22.9369937751208,22.3586594784569,22.3606797749979,2.38409728568282,2.33536985724384,0.0467866261131145
"quadneg",1000,314,5,0,200,226.623763671497,0.590092008951801,226.033671662545,197.770983199474,198.216345952958,2.22681376742239,18.0041940039556,17.8883412135069,17.8885438199983,1.60255885188105,1.55505339358032,0.0796361424974448
"quadneg",1000,314,5,1,200,242.261531070308,0.176189785769864,242.085341284538,197.679915791367,198.133689343143,2.26886775887908,18.0017300572102,17.8844513382804,17.8885438199983,2.4765183755816,2.4575342631462,0.0174226492798298
"quadneg",1000,314,10,0,100,117.70476353917,0.403565712552552,117.301197826617,97.8584411558471,98.0722122073395,2.1377105149236,13.4544816947653,13.4158910634703,13.4164078649987,1.47507149168325,1.43329917694662,0.0853805435354545
"quadneg",1000,314,10,1,100,114.165002024209,0.273333286945546,113.891668737263,97.7984888373076,98.0155754191508,2.17086581843286,13.4516191013748,13.4124766615746,13.4164078649987,1.21669466430463,1.18368096502233,0.126381675805717
"quadneg",1000,314,25,0,40,55.0540035423019,0.318089637539916,54.735913904762,37.9065448121589,37.9899438281519,2.08497539982632,8.77097066901511,8.76169505068212,8.76356092008266,1.95502406486425,1.911270590878,0.0362191004683781
"quadneg",1000,314,25,1,40,51.2792970444793,0.0628817477182196,51.2164152967611,37.8900189408132,37.9736013856489,2.08956112089222,8.76855162137008,8.75912702876758,8.76356092008266,1.5269657614873,1.51188741385059,0.0735888692411548
"quadneg",1000,314,50,0,20,27.021278091533,0.183743953581799,26.8375341379512,17.924577096054,17.9657723720842,2.05976380151057,6.25913403468266,6.2560817332222,6.26099033699941,1.45334817006202,1.4181019596906,0.0785972583102035
"quadneg",1000,314,50,1,20,31.6668314022961,0.00360359201710948,31.6632278102789,17.932517235462,17.9734519314459,2.0467347991933,6.25760245061988,6.25450347713916,6.26099033699941,2.19482050437281,2.18878699626126,0.0240693913641666
"quadneg",1000,315,2,0,500,530.008134253976,8.06750331214881,521.940630941828,497.516345319525,498.757774830135,2.4828590212208,22.6794704215143,22.3606506159311,22.3606797749979,1.43265201217525,1.03677019554947,0.155223923808606
"quadneg",1000,315,2,1,500,518.117203149142,7.41836572991103,510.698837419231,497.343077895018,498.582352317345,2.47854884465412,22.6676887500955,22.3570675037015,22.3606797749979,0.916464200790467,0.541953236929628,0.257811428790884
"quadneg",1000,315,5,0,200,243.67996078488,3.13407343219329,240.545887352687,197.802071123255,198.24133884908,2.19633862912675,17.9524399835614,17.8884089671126,17.8885438199983,2.55552391227236,2.36491398320458,0.0149130000325837
"quadneg",1000,315,5,1,200,246.242425331108,2.85864260475078,243.383782726357,197.66673308444,198.112193627688,2.22730271624093,17.942369915838,17.8803312295897,17.8885438199983,2.70731751014615,2.53192116618903,0.0111787925182124
"quadneg",1000,315,10,0,100,138.736031399441,1.46668839772096,137.26934300172,97.8875494664592,98.0984852112072,2.10935744748006,13.4372873997811,13.4160008889157,13.4164078649987,3.03993512363569,2.91971192569581,0.00428254264037761
"quadneg",1000,315,10,1,100,134.740673586056,1.66147726924185,133.079196316814,97.819350689984,98.0310475520514,2.1169686206741,13.4289788680727,13.4083680252298,13.4164078649987,2.74937679616519,2.6139011622305,0.00820174425715961
"quadneg",1000,315,25,0,40,51.2039594362621,0.687967595511654,50.5159918407504,37.9257079513826,38.0083984017756,2.06726125982477,8.76710839786852,8.76202813699112,8.76356092008266,1.51455313226283,1.4274769771819,0.0745827558691184
"quadneg",1000,315,25,1,40,59.8933955747312,0.736532106625665,59.1568634681055,37.8926882844047,37.9757315983939,2.07608284973079,8.7617617381894,8.75684525449818,8.76356092008266,2.51099127638147,2.41880851541043,0.0132377624249029
"quadneg",1000,315,50,0,20,25.6098190341117,0.341212960457232,25.2686060736545,17.9367923422057,17.9777873105844,2.04974841893482,6.25843954867619,6.25679568165257,6.26099033699941,1.22602873004167,1.16526399998161,0.109019721689603
"quadneg",1000,315,50,1,20,34.3892266148902,0.338173913285589,34.0510527016046,17.9258961504297,17.9668701796503,2.04870146102931,6.25469393752786,6.25309842055602,6.26099033699941,2.6321560461466,2.57219404528804,0.0112712299921697
"quadneg",1000,316,2,0,500,520.425341712844,5.9073507040771,514.517991008767,497.458674247544,498.728855473045,2.54036245100277,22.6198624687912,22.3606444033042,22.3606797749979,1.01533187909466,0.706112724255342,0.235384636736855
"quadneg",1000,316,2,1,500,518.167068996978,5.74872681656471,512.418342180413,497.364109407763,498.613750044542,2.49928127355878,22.6185535457507,22.3583261089705,22.3606797749979,0.919729882246287,0.617425117989127,0.257314742777215
"quadneg",1000,316,5,0,200,208.784667423004,2.4868621410615,206.297805281942,197.75897991683,198.206788349404,2.2390421628731,17.9403617811806,17.8883686119776,17.8885438199983,0.614574423897069,0.452306026784378,0.285774550352425
"quadneg",1000,316,5,1,200,177.146414609911,2.34261720039432,174.803797409516,197.677942427844,198.125516409969,2.23786991062043,17.9348510137157,17.882131404473,17.8885438199983,-1.14478385140932,-1.30419123274189,0.853909459173732
"quadneg",1000,316,10,0,100,115.559185512396,1.23185445451399,114.327331057882,97.8520642707666,98.0665377384172,2.14473467650614,13.4332545676667,13.415982994246,13.4164078649987,1.31815571218682,1.21204635742599,0.108739723184851
"quadneg",1000,316,10,1,100,93.1905790535879,1.15299686766684,92.037582185921,97.8044620710394,98.0189631830269,2.14501111987501,13.4276662931342,13.4100685144204,13.4164078649987,-0.34361019381385,-0.446036572495797,0.618474518007836
"quadneg",1000,316,25,0,40,41.3846258144062,0.585858442399307,40.7987673720069,37.9082231098358,37.9916084530632,2.08463358068579,8.76612355752833,8.7620023453232,8.76356092008266,0.396572405323323,0.320378699789103,0.325167241044312
"quadneg",1000,316,25,1,40,42.9114022709337,0.476635144518698,42.434767126415,37.8986091568784,37.9815561749693,2.07367545227255,8.76180548532607,8.75760321452537,8.76356092008266,0.572118739961822,0.508496542074391,0.268761362347235
"quadneg",1000,316,50,0,20,29.151556689793,0.266815924912993,28.88474076488,17.9219143291236,17.9632023074926,2.06439891845224,6.25802850481162,6.25671678004719,6.26099033699941,1.79443771341649,1.74557021539099,0.046557990209931
"quadneg",1000,316,50,1,20,33.4515619391902,0.182324694416424,33.2692372447738,17.9239320405429,17.9649708189409,2.05193891990271,6.25483197955475,6.2534858893821,6.26099033699941,2.48250152032903,2.44731765555244,0.0147085727501269
"quadneg",1000,317,2,0,500,475.850058061694,0.0727598816526187,475.777298180042,497.477285236821,498.738350657686,2.52213084172991,22.6365657694079,22.3606592004468,22.3606797749979,-0.955411142990394,-1.02685042832664,0.755319772967167
"quadneg",1000,317,2,1,500,492.604296347782,0.14657797203823,492.457718375744,497.437951100756,498.71809351867,2.56028483582762,22.6367339653055,22.3606359506109,22.3606797749979,-0.213531455570503,-0.279973036399932,0.55979342932979
"quadneg",1000,317,5,0,200,163.259957177979,0.000935852604887751,163.259021325374,197.717595358839,198.173746458895,2.28075550028103,17.9437854106749,17.8884054277868,17.8885438199983,-1.9203104245975,-1.95180757024246,0.966055872996574
"quadneg",1000,317,5,1,200,195.883774015137,0.0586700583198398,195.825103956817,197.753584193234,198.202377023268,2.24396415016907,17.9437866104159,17.8883449381456,17.8885438199983,-0.104203768061507,-0.132895081946973,0.529171079461417
"quadneg",1000,317,10,0,100,89.5649418467047,0.0491914476053331,89.5157503990994,97.8120061525516,98.0305231703361,2.18517017784515,13.4344523269072,13.4160387099212,13.4164078649987,-0.613874246985809,-0.634671154082174,0.716583344502112
"quadneg",1000,317,10,1,100,95.2792440053041,0.0150643766431528,95.2641796286609,97.8225606970884,98.0399726043709,2.17411907282418,13.4344183353928,13.4159763588771,13.4164078649987,-0.189313495254501,-0.206902047339494,0.55899228675675
"quadneg",1000,317,25,0,40,39.687706852808,0.0832924542790686,39.6044143985289,37.8778346370736,37.9624764590807,2.11604555017729,8.76665670226168,8.76223323797227,8.76356092008266,0.206449536830552,0.187388065902271,0.394700686787616
"quadneg",1000,317,25,1,40,46.2785613582169,0.0926717230679891,46.1858896351489,37.8801415423947,37.9646831098689,2.11353918685558,8.76662063197735,8.76219080859911,8.76356092008266,0.957999686354393,0.938259244162071,0.167635718904796
"quadneg",1000,317,50,0,20,18.7614690265915,0.053013064323592,18.7084559622679,17.9038647733533,17.9455582426838,2.08467346652548,6.25884825738329,6.25741844938602,6.26099033699941,0.137022694587066,0.121918923235663,0.406648283115333
"quadneg",1000,317,50,1,20,20.4223845255659,0.0545345710917313,20.3678499544741,17.9079862640686,17.9495957866427,2.08047612870494,6.2588272141047,6.25739499012091,6.26099033699941,0.401736327826855,0.386463403964315,0.309548405259614
"quadneg",1000,318,2,0,500,499.852429008738,8.58418886922608,491.268240139512,497.487908594469,498.74352663305,2.51123607716194,22.9435442218087,22.3606386222756,22.3606797749979,0.103058201967838,-0.334305590274644,0.468220638393931
"quadneg",1000,318,2,1,500,480.241012328603,10.2705797957145,469.970432532889,495.996620350758,497.267104131173,2.54096756083,22.9026576759442,22.3351717611314,22.3606797749979,-0.687937978425238,-1.22213842321045,0.708276613891476
"quadneg",1000,318,5,0,200,218.809731388287,3.48886034194568,215.320871046342,197.727843324659,198.181883854072,2.27020264706313,18.0059939988207,17.8883689713468,17.8885438199983,1.17082611851413,0.958107875554363,0.148147280600569
"quadneg",1000,318,5,1,200,201.309895955692,4.49220889373578,196.817687061956,196.786505871225,197.23440378722,2.2394895799752,17.9331379920541,17.814545999748,17.8885438199983,0.252236395352078,-0.0233919363013561,0.421180796066957
"quadneg",1000,318,10,0,100,106.985274164854,1.75292796674525,105.232346198108,97.8227715850314,98.04016218771,2.17390602678549,13.4551587538749,13.4159622976772,13.4164078649987,0.680965772862654,0.536091549067901,0.251280383600967
"quadneg",1000,318,10,1,100,91.2708001174339,2.10393420042583,89.166865917008,97.2983151240755,97.5152614310824,2.16946307006836,13.3899393206017,13.3497931210525,13.4164078649987,-0.450152525886936,-0.625357669468974,0.671551521698465
"quadneg",1000,318,25,0,40,35.1829929569991,0.907632037933564,34.2753609190655,37.8776731256393,37.9622547784185,2.11454131947901,8.77131201369174,8.76185306151304,8.76356092008266,-0.307215176524781,-0.420789282069551,0.600420145789537
"quadneg",1000,318,25,1,40,42.2974576518283,0.931290179645142,41.3661674721832,37.6677345691416,37.7515374166736,2.09507118830011,8.72266934890421,8.71285525087277,8.76356092008266,0.530769068217441,0.414861713116088,0.290686525398598
"quadneg",1000,318,50,0,20,20.9127950211729,0.518683025919296,20.3941119952536,17.9196626780022,17.9609932625675,2.06652922826512,6.25983525104872,6.25667057625655,6.26099033699941,0.478148740842527,0.38888394442876,0.283835461254323
"quadneg",1000,318,50,1,20,25.6611292086609,0.385698126790815,25.2754310818701,17.8046444800434,17.8458929838724,2.06242519144967,6.22303517805628,6.2198188106935,6.26099033699941,1.26248438323491,1.19449429704036,0.1077623245546
"quadneg",1000,319,2,0,500,470.341832564774,9.76942977287969,460.572402791894,497.464768839565,498.732016875777,2.53449607242446,22.6801275969954,22.3606538465878,22.3606797749979,-1.19588993310534,-1.70655180057297,0.808376192169448
"quadneg",1000,319,2,1,500,510.379876642431,9.92885170176187,500.451024940669,497.450334075117,498.72369705388,2.54672595752589,22.6804516271305,22.3606094951661,22.3606797749979,0.570074299219304,0.0772486942792101,0.340847959759037
"quadneg",1000,319,5,0,200,205.878391144382,3.83407839512702,202.044312749255,197.733612123115,198.186557371984,2.26472624434502,17.9525769577555,17.8884012865037,17.8885438199983,0.453683002748438,0.215656799927755,0.335720399481333
"quadneg",1000,319,5,1,200,171.062544913822,3.7244065429594,167.338138370862,197.726779398247,198.180829535831,2.27025068791978,17.9525805333483,17.8883027803305,17.8885438199983,-1.48525914895046,-1.72418208388571,0.917206771889072
"quadneg",1000,319,10,0,100,102.345836710877,1.87882395692355,100.467012753954,97.838138127147,98.0540303120675,2.15892184920472,13.4373713613943,13.4160213947002,13.4164078649987,0.335459850181773,0.179858273246297,0.361889583626357
"quadneg",1000,319,10,1,100,95.1278422910106,1.84252994843222,93.2853123425784,97.8266299499882,98.0435911678293,2.16961217841095,13.4373101981021,13.4159193204139,13.4164078649987,-0.20084284869443,-0.354674078727544,0.563336515276395
"quadneg",1000,319,25,0,40,45.4130435483264,0.816648933407187,44.5963946149192,37.8723110018345,37.9571506411779,2.12099098358501,8.76721606768985,8.762100273605,8.76356092008266,0.860105703825647,0.757722893647019,0.190518464522301
"quadneg",1000,319,25,1,40,51.9490674304446,0.864478001327415,51.0845894291171,37.8726690899961,37.9574835818124,2.12036229540548,8.76716874180126,8.76204241435841,8.76356092008266,1.60558086139407,1.49817876090092,0.0652306937113835
"quadneg",1000,319,50,0,20,34.9992347734685,0.4459568699082,34.5532779035603,17.9261984826809,17.967409477118,2.06054972185675,6.2585119021851,6.25685314352339,6.26099033699941,2.72797057153903,2.65083230275442,0.00945449904024633
"quadneg",1000,319,50,1,20,38.2563899157975,0.454494935025264,37.8018949807722,17.9295471631444,17.9706880691275,2.05704529915599,6.2584683033474,6.25680489317278,6.26099033699941,3.24789417592498,3.16954216253153,0.00358177949353591
"quadneg",1000,320,2,0,500,544.116333240608,17.7855994793382,526.33073376127,497.483233989167,498.741052306041,2.51563663374788,23.5723475780119,22.3606259330264,22.3606797749979,1.9782967774894,1.23385103520199,0.075018026109776
"quadneg",1000,320,2,1,500,504.448462490871,17.8146569493273,486.633805541544,497.438623832837,498.692141643945,2.5070356222163,23.5768614268159,22.359173315372,22.3606797749979,0.297318567180484,-0.539301517650992,0.41116253688118
"quadneg",1000,320,5,0,200,205.69689365655,7.24514432091891,198.451749335632,197.755711093027,198.204078239575,2.24183573274016,18.1353618227722,17.8883138987796,17.8885438199983,0.437883877979849,0.0138454131260029,0.338966809455986
"quadneg",1000,320,5,1,200,210.13073718715,7.28504315558244,202.845694031568,197.71663646566,198.166374841166,2.24869187752715,18.134747585749,17.8857325226552,17.8885438199983,0.684547753575883,0.261623010658085,0.264049098114905
"quadneg",1000,320,10,0,100,104.771213702042,3.65998928025974,101.111224421782,97.8406749206123,98.0561961417385,2.15521221126197,13.4983723492734,13.4158417653491,13.4164078649987,0.513435146260624,0.227717972042144,0.301419707741756
"quadneg",1000,320,10,1,100,97.4759342146245,3.64621091414974,93.8297233004747,97.8286935942485,98.0434893854615,2.14795791212983,13.4966813049082,13.4133897183058,13.4164078649987,-0.0261367495945661,-0.314146250387109,0.495945532098047
"quadneg",1000,320,25,0,40,42.8329756084959,1.3967884405966,41.4361871678993,37.8919833998413,37.9759469238358,2.09908809986223,8.78159228866554,8.7615861987356,8.76356092008266,0.562653337371628,0.394933082386713,0.271503799744583
"quadneg",1000,320,25,1,40,46.2596456121315,1.31703615992005,44.9426094522114,37.8934264609735,37.977017851334,2.08978475901254,8.78009793548045,8.75989461340195,8.76356092008266,0.952861712094357,0.795168424768567,0.168113186523547
"quadneg",1000,320,50,0,20,24.8345509835359,0.738805782147298,24.0957452013886,17.910030271979,17.9514733079712,2.07215179960931,6.26209646716277,6.25538783604468,6.26099033699941,1.10578314273306,0.982236762045825,0.129541817333391
"quadneg",1000,320,50,1,20,24.4814787528743,0.767304374567557,23.7141743783067,17.9116413310981,17.952964232033,2.06614504674344,6.26080586325801,6.25402653072696,6.26099033699941,1.04935970947954,0.921200144893548,0.139877945861623
"quadneg",1000,321,2,0,500,506.996659671281,2.45267969302017,504.54397997826,497.471841046954,498.735529206133,2.52737631835916,22.6410677377998,22.3606492834783,22.3606797749979,0.420687696120663,0.259762169626211,0.380386501525104
"quadneg",1000,321,2,1,500,517.694266859691,2.31121562820909,515.383051231482,497.276317788977,498.54299651046,2.53335744296499,22.637490083056,22.3574063600174,22.3606797749979,0.901952866497182,0.753220407137116,0.262045270548777
"quadneg",1000,321,5,0,200,212.00449166944,1.09569069753745,210.908800971902,197.726003389105,198.180419337917,2.27207974405522,17.9446428762645,17.8883752779868,17.8885438199983,0.795696430338026,0.711544868451484,0.235415056451693
"quadneg",1000,321,5,1,200,210.992790579936,1.25598307426912,209.736807505667,197.615722794113,198.06842915535,2.26353180618518,17.9361677385154,17.8793925442086,17.8885438199983,0.745815270064522,0.652616039469239,0.250637874735083
"quadneg",1000,321,10,0,100,111.803039012081,0.601258702669125,111.201780309412,97.8334905366313,98.0498374263772,2.16346889745904,13.4347106516516,13.416004745987,13.4164078649987,1.0398101483289,0.980317399408239,0.161034092119244
"quadneg",1000,321,10,1,100,136.60668028902,0.487400565139744,136.11927972388,97.7859200242129,98.000001383849,2.14081359636116,13.4262418444003,13.4072209758432,13.4164078649987,2.89140928002857,2.84319012931266,0.00608172432985363
"quadneg",1000,321,25,0,40,50.7627809758391,0.337800404256717,50.4249805715823,37.8794820939548,37.9640280478455,2.113648847266,8.76652752714911,8.76206103579351,8.76356092008266,1.46960114389487,1.42214856445683,0.0806301820286953
"quadneg",1000,321,25,1,40,59.3764779359137,0.247251543349401,59.1292263925643,37.8780799961986,37.9614931283946,2.08532830489927,8.76025369430537,8.75570858721238,8.76356092008266,2.45408394435999,2.41759225462174,0.0148122075932071
"quadneg",1000,321,50,0,20,23.0697839730206,0.187311148473786,22.8824728245468,17.9179739891024,17.9593412130816,2.06836119895765,6.25815188091103,6.25672266932992,6.26099033699941,0.823215876181033,0.786854695605753,0.187922705598565
"quadneg",1000,321,50,1,20,40.6823669084616,-0.00781063586408026,40.6901775443256,17.9094362507874,17.9506879956423,2.06258724274379,6.25375554533402,6.25229745384085,6.26099033699941,3.64148078583999,3.63698140028738,0.0016836461872014
"quadneg",1000,322,2,0,500,507.188978329282,6.06260428023724,501.126374049045,497.429242254087,498.71430921386,2.57013391954637,22.5279464413423,22.3606598251141,22.3606797749979,0.433227950918973,0.107870914993109,0.378095694293505
"quadneg",1000,322,2,1,500,501.239258055664,7.0214449509575,494.217813104706,497.337153306325,498.591614134117,2.50892165558489,22.5247131106717,22.3583437302467,22.3606797749979,0.173236601512589,-0.19562276536138,0.45084257101093
"quadneg",1000,322,5,0,200,196.710278273861,2.35420552238325,194.356072751478,197.730322356218,198.183937907989,2.26807775885603,17.9219043434883,17.8884087053506,17.8885438199983,-0.0569160543883526,-0.213985783730798,0.512534555943007
"quadneg",1000,322,5,1,200,213.524455677764,2.61923778773955,210.905217890024,197.672139322676,198.1178857932,2.22873235262149,17.9148999553481,17.881123439766,17.8885438199983,0.884867702002162,0.715130239992964,0.213619682238207
"quadneg",1000,322,10,0,100,76.0276827448236,1.14668889752299,74.8809938473006,97.8204541822877,98.0381356147778,2.17681432490161,13.4271691841529,13.4160513268525,13.4164078649987,-1.62303543945693,-1.72607730868827,0.951177149053914
"quadneg",1000,322,10,1,100,98.4983328374768,1.29761081316296,97.2007220243138,97.7858092112983,98.0016231992587,2.15813987960335,13.4206960776782,13.409417551578,13.4164078649987,0.053091406142751,-0.0597267682853697,0.466863287143138
"quadneg",1000,322,25,0,40,31.0283604231366,0.514688589492239,30.5136718336443,37.8813266794206,37.9658113360819,2.11211641653326,8.76477288391411,8.76213879093624,8.76356092008266,-0.781876079055192,-0.850493204940586,0.781366895196214
"quadneg",1000,322,25,1,40,35.2366155108366,0.62675664057057,34.609858870266,37.8782610702202,37.9619614089386,2.09250846796046,8.75999067612046,8.7573071104387,8.76356092008266,-0.301558033227665,-0.382777775907488,0.597921705638479
"quadneg",1000,322,50,0,20,11.8729936847504,0.205758639310516,11.6672350454399,17.9184147685361,17.9597901763203,2.06877038921317,6.25781821817613,6.25699973807499,6.26099033699941,-0.966058915905617,-1.00568249868848,0.853724803868784
"quadneg",1000,322,50,1,20,17.5926695619557,0.302183234172661,17.290486327783,17.9099827058048,17.9512767715844,2.06470328897872,6.25397741161749,6.25313960636326,6.26099033699941,-0.0507378141884118,-0.105673387353927,0.482773730850098
"quadneg",1000,323,2,0,500,502.970994555981,8.57375393221584,494.397240623766,497.465845704748,498.732579258135,2.53346710677232,22.5959210568863,22.3606586160035,22.3606797749979,0.243634629337455,-0.193882421301595,0.429322377817431
"quadneg",1000,323,2,1,500,536.435019378888,8.62572422462427,527.809295154264,497.439666223814,498.71578427834,2.55223610905191,22.5949770211365,22.3605408246412,22.3606797749979,1.72584168236135,1.30110944561158,0.113357974663549
"quadneg",1000,323,5,0,200,190.881794558266,3.4282494417878,187.453545116479,197.752387912491,198.201607414905,2.24609751206582,17.9356008784704,17.8884183695268,17.8885438199983,-0.383070151972007,-0.600839161763758,0.628722317387328
"quadneg",1000,323,5,1,200,205.397194804248,3.38509335352855,202.012101450719,197.740560533375,198.191200619302,2.25320042963605,17.9349969035734,17.8880627296745,17.8885438199983,0.426910264442094,0.213600594382889,0.344357839388081
"quadneg",1000,323,10,0,100,115.436147148478,1.75519875503361,113.680948393444,97.859871343249,98.0735995013095,2.13728158060567,13.431719140248,13.4160376911639,13.4164078649987,1.30856486959748,1.16333520011007,0.11021603264206
"quadneg",1000,323,10,1,100,112.144539772158,1.78750897896349,110.357030793195,97.8471186491624,98.0618669346432,2.14748285480836,13.4313189605742,13.4157203364789,13.4164078649987,1.06448377593921,0.916474371124116,0.155641440464627
"quadneg",1000,323,25,0,40,39.8980942613958,0.77160950211849,39.1264847592773,37.889449043393,37.9736210987967,2.10430138509438,8.7659828944318,8.76221206075518,8.76356092008266,0.229140900934079,0.131572216295026,0.385732932627869
"quadneg",1000,323,25,1,40,34.5180808569362,0.763521439675556,33.7545594172606,37.883337378311,37.9677144082384,2.10942574818456,8.76575476724884,8.76200154463666,8.76356092008266,-0.383909499036905,-0.480843899594691,0.631238504387969
"quadneg",1000,323,50,0,20,18.5157792329369,0.333451772185482,18.1823274607514,17.9212556515101,17.9625946385302,2.06694935100525,6.25852424188324,6.25731604773361,6.26099033699941,0.094994212445174,0.03511614573164,0.422192253036005
"quadneg",1000,323,50,1,20,18.6453570665924,0.33729152277997,18.3080655438124,17.9096718742716,17.9512321457293,2.07801357288747,6.25835594450538,6.25715538922758,6.26099033699941,0.117552468866321,0.0570280544250876,0.413960592307047
"quadneg",1000,324,2,0,500,576.741175011175,14.2439973414075,562.497177669768,497.479915794557,498.739515593356,2.51919959759879,22.7464348624784,22.3606458677064,22.3606797749979,3.48455745684194,2.85133365349215,0.00830319056434485
"quadneg",1000,324,2,1,500,541.464525168078,13.9170883721347,527.547436795943,497.464872061105,498.726182482692,2.5226208431734,22.7445647981069,22.3604069774788,22.3606797749979,1.93451286043665,1.28894140174996,0.0869055717656086
"quadneg",1000,324,5,0,200,236.173535675959,5.76473146552091,230.408804210438,197.743951868536,198.19476690624,2.25407518851858,17.965955158899,17.8883718122263,17.8885438199983,2.13902258285375,1.80083674704148,0.0328653087688087
"quadneg",1000,324,5,1,200,258.835420246945,5.65135603693563,253.184064210009,197.750022590498,198.198152205438,2.24064807470299,17.9649176672141,17.8878063372979,17.8885438199983,3.4002603734682,3.07393265377205,0.00237808848755635
"quadneg",1000,324,10,0,100,122.242397742492,2.98153114214612,119.260866600346,97.834978350554,98.0511544570341,2.16176106480082,13.4417957767315,13.4159775862518,13.4164078649987,1.81578561357023,1.58092930663859,0.0491487477054793
"quadneg",1000,324,10,1,100,138.551462126174,2.92900628668246,135.622455839491,97.8461242405825,98.0608002203545,2.14675979772004,13.4411506207369,13.4154925155059,13.4164078649987,3.02841170627098,2.79987153477385,0.00441647962875209
"quadneg",1000,324,25,0,40,67.485280122477,1.00214121707675,66.4831389054003,37.8962599982646,37.9801100526784,2.09625136034548,8.76813000123173,8.76192931370549,8.76356092008266,3.37461010729264,3.25305396017486,0.00225296162205573
"quadneg",1000,324,25,1,40,68.6669426396961,0.934823569995458,67.7321190697006,37.9014072733007,37.9849921737996,2.08962251247221,8.76777709235143,8.76161235610195,8.76356092008266,3.50893220052705,3.39516583099958,0.00167851305189478
"quadneg",1000,324,50,0,20,52.3426018504317,0.566069544995439,51.7765323054363,17.9276304772392,17.9688034862223,2.05865044915241,6.25875196112258,6.25671025327972,6.26099033699941,5.4986955206034,5.40343526400191,3.31410188019854e-05
"quadneg",1000,324,50,1,20,54.9342347425758,0.536102985699508,54.3981317568763,17.924547595968,17.9657690853238,2.06107446778872,6.25853718395108,6.25650623565855,6.26099033699941,5.91347243913685,5.82311617687019,1.31116507116693e-05
"quadneg",1000,325,2,0,500,488.186709359725,10.7328385995277,477.453870760197,497.490901014366,498.745107507736,2.50841298674128,22.5575792392599,22.3606596828811,22.3606797749979,-0.412464101575552,-0.952173909423575,0.614799797223498
"quadneg",1000,325,2,1,500,478.4528717193,10.7073103941944,467.745561325105,497.500214622498,498.749725728026,2.4990222110555,22.5575216340332,22.3606585675697,22.3606797749979,-0.84438987634446,-1.38654969884864,0.727899603036697
"quadneg",1000,325,5,0,200,211.598380089689,4.38878200765652,207.209598082032,197.778496427183,198.222513744727,2.22008658771926,17.9278981289313,17.8884277504022,17.8885438199983,0.770859113718606,0.502396547237251,0.2414578776847
"quadneg",1000,325,5,1,200,185.929675202178,4.42801566230188,181.501659539876,197.757054921817,198.205350887947,2.24147983065059,17.9278746580063,17.8884240979256,17.8885438199983,-0.659720125517318,-0.933770982655076,0.720947059634504
"quadneg",1000,325,10,0,100,106.840976721621,2.25008871957224,104.590888002048,97.8518334885837,98.0663841472507,2.14550658666982,13.4291867573901,13.4160653643847,13.4164078649987,0.669373611033461,0.48632021964638,0.254388365497097
"quadneg",1000,325,10,1,100,99.2215368881622,2.25752883422233,96.9640080539399,97.8421346872602,98.0576521975316,2.15517510271325,13.4291760367812,13.4160616053976,13.4164078649987,0.102716815769185,-0.0815175254675072,0.446509227848138
"quadneg",1000,325,25,0,40,54.1787599675477,0.941677274878577,53.2370826926691,37.9198456942159,38.0028151373195,2.0742360775899,8.76543293498282,8.76228443174815,8.76356092008266,1.85489004295984,1.73861824208214,0.0429574398618412
"quadneg",1000,325,25,1,40,51.0838430781828,0.982972965430369,50.1008701127524,37.9247716157343,38.0075434942955,2.06929696403015,8.76542798360163,8.76228161418972,8.76356092008266,1.50124688572726,1.38015726393373,0.0761905389255896
"quadneg",1000,325,50,0,20,38.7621845233179,0.430787897351055,38.3313966259669,17.9443409112533,17.9852191508205,2.04391197835847,6.25836987330629,6.25734323331431,6.26099033699941,3.32640033003779,3.25156807234461,0.00306667845109606
"quadneg",1000,325,50,1,20,38.3652339463913,0.467952389499968,37.8972815568913,17.9434537750186,17.9843495441632,2.04478845722918,6.25836546616258,6.25733994214121,6.26099033699941,3.26311722793885,3.18233182100605,0.00346442090456633
"quadneg",1000,326,2,0,500,491.060828352949,3.73914123450604,487.321687118443,497.48809545035,498.743637521897,2.51108414309363,22.7730071728077,22.3606504954169,22.3606797749979,-0.282231812804954,-0.510805819615833,0.579163863215389
"quadneg",1000,326,2,1,500,472.356698412258,4.45386170068183,467.902836711577,496.969443307937,498.224058186338,2.50922975680302,22.7436521740646,22.3500949531715,22.3606797749979,-1.08218085236746,-1.3566484410152,0.789792634020401
"quadneg",1000,326,5,0,200,195.983636172834,1.49564622890468,194.487989943929,197.761029287691,198.208425831593,2.2369827195138,17.9713266677384,17.8883706776695,17.8885438199983,-0.0989016085299679,-0.20798070180358,0.527160617848404
"quadneg",1000,326,5,1,200,193.208541873758,1.64475971825166,191.563782155506,197.442277309499,197.887188007495,2.22455348997997,17.9402840339976,17.8626348311875,17.8885438199983,-0.235990435141241,-0.354001854247604,0.582843243965089
"quadneg",1000,326,10,0,100,92.1594360582996,0.694540633993176,91.4648954243065,97.8694766502121,98.0821980968463,2.12721446634205,13.4436032732155,13.4159737217595,13.4164078649987,-0.424740337532046,-0.493240580950693,0.647243403827569
"quadneg",1000,326,10,1,100,94.205617982628,0.900099415991928,93.3055185666361,97.6672236809213,97.8818467270475,2.14623046126235,13.4187647291366,13.3928615344843,13.4164078649987,-0.257967537859648,-0.341699057264811,0.589713863978246
"quadneg",1000,326,25,0,40,50.4503556956447,0.274854299431797,50.1755013962129,37.9124606060802,37.9956622639781,2.08004144744722,8.76855968222981,8.76192567125539,8.76356092008266,1.42986939063362,1.39008701844987,0.0851540185845301
"quadneg",1000,326,25,1,40,35.5985290098146,0.444002051743894,35.1545269580707,37.8312455966252,37.9145900288945,2.08361080673414,8.75151222083505,8.74529535077839,8.76356092008266,-0.255123518138389,-0.315605472441607,0.581026242835311
"quadneg",1000,326,50,0,20,30.7198822672676,0.195291360438042,30.5245909068296,17.9366014960533,17.9775777981627,2.04881510547051,6.25863276486176,6.25644193005028,6.26099033699941,2.0425037306845,2.00545505719512,0.0310085997296497
"quadneg",1000,326,50,1,20,24.6066992660611,0.175503488339815,24.4311957777213,17.9007439089878,17.941631309791,2.04437004015852,6.24603262062467,6.24397348061698,6.26099033699941,1.07363437951476,1.03933248404654,0.136138700611245
"quadneg",1000,327,2,0,500,514.077549966231,14.4327635018445,499.644786464386,497.520370592695,498.759709861783,2.47867853817765,22.8296970165728,22.3606405056845,22.3606797749979,0.725247442465701,0.0395818984871164,0.299748035825964
"quadneg",1000,327,2,1,500,541.570285406368,15.6662694867471,525.904015919621,497.344897406363,498.613420320199,2.53704582767291,22.8293217250489,22.3585540421762,22.3606797749979,1.9372186582083,1.22058857419589,0.0864052189386374
"quadneg",1000,327,5,0,200,191.652678371083,5.86336209632287,185.78931627476,197.769585714198,198.21529453983,2.22854412815724,17.9828399946984,17.8883815581586,17.8885438199983,-0.340152464511668,-0.69463960306698,0.613647634494344
"quadneg",1000,327,5,1,200,200.957646904215,6.22881291926892,194.728833984946,197.681801362118,198.129425950033,2.23812293957825,17.9780491371349,17.8824316286274,17.8885438199983,0.182213627135482,-0.19016384548304,0.428041882856319
"quadneg",1000,327,10,0,100,110.734991234141,2.89422338724917,107.840767846892,97.8608260480081,98.0744107952736,2.13584747265469,13.4474344131309,13.4159665152995,13.4164078649987,0.957369620896743,0.72796522266814,0.178752851452737
"quadneg",1000,327,10,1,100,103.384106649924,2.98550276999263,100.398603879932,97.8076100760068,98.0219992838799,2.14389207873074,13.4422578445913,13.4103046342346,13.4164078649987,0.414848207673782,0.177222267567637,0.335352043489788
"quadneg",1000,327,25,0,40,58.0530120870508,1.10087706702262,56.9521350200282,37.9036148321541,37.987166938141,2.08880264967389,8.76949792175662,8.76190508265874,8.76356092008266,2.29766828553631,2.16447997358725,0.0196486441995437
"quadneg",1000,327,25,1,40,55.0001045617129,1.29019848250881,53.7099060792041,37.8964882217521,37.9795701002395,2.07704696218534,8.76559359470826,8.75786014630224,8.76356092008266,1.95122168911483,1.79613920708773,0.0366055302941582
"quadneg",1000,327,50,0,20,29.1189084778714,0.458954923934173,28.6599535539372,17.9262993807125,17.9674867101966,2.05936647420861,6.25903325890197,6.25651249049885,6.26099033699941,1.78823288424616,1.70901390510738,0.0469450537458028
"quadneg",1000,327,50,1,20,30.9308337855451,0.613692332631287,30.3171414529138,17.9196639117438,17.9607866966919,2.05613924740829,6.25602032061238,6.25345808440621,6.26099033699941,2.07978382533894,1.97592349535916,0.0293218309851865
"quadneg",1000,328,2,0,500,515.27352065626,4.63545149776958,510.638069158491,497.457125366527,498.728158619458,2.54206650586354,22.7188894893887,22.3606423470791,22.3606797749979,0.784210658626387,0.532628282952166,0.286991564386973
"quadneg",1000,328,2,1,500,510.781592124475,3.41492257701073,507.366669547464,497.278318786693,498.535310324023,2.51398307466021,22.7032948799471,22.3561441960221,22.3606797749979,0.594771525859377,0.39503051805383,0.336268863869291
"quadneg",1000,328,5,0,200,200.424592469827,1.83765693893637,198.586935530891,197.786580388246,198.228895014145,2.21157312949747,17.9603746624581,17.8883791730067,17.8885438199983,0.146879568559096,0.0200152575749271,0.438480863258219
"quadneg",1000,328,5,1,200,174.618835205758,1.38733038463283,173.231504821125,197.63195060075,198.078924108588,2.23486753918706,17.9475061885786,17.8781775401702,17.8885438199983,-1.28224585372411,-1.38981835433918,0.88313750409246
"quadneg",1000,328,10,0,100,80.7317916475502,0.829980249287893,79.9018113982623,97.8726554135677,98.0850699716996,2.12414558131925,13.4399083367412,13.4159782287334,13.4164078649987,-1.27537058561321,-1.35534347651919,0.897245270612728
"quadneg",1000,328,10,1,100,95.9133161766682,0.693754344840241,95.2195618318279,97.7821982385491,97.9961818448234,2.13983606274234,13.4295288164605,13.406537012234,13.4164078649987,-0.139162146894555,-0.207109413151334,0.540777623910701
"quadneg",1000,328,25,0,40,49.4740484032105,0.410333302931353,49.0637151002791,37.9212027050008,38.004039866775,2.07092904435362,8.76754306050485,8.76183855534721,8.76356092008266,1.31768337132574,1.26225508078491,0.100652237027296
"quadneg",1000,328,25,1,40,44.7828834045309,0.391229416281778,44.3916539882491,37.8875211165478,37.9704336451885,2.07281321601721,8.76050195357819,8.75502420195828,8.76356092008266,0.787096712553862,0.733432620508844,0.208526896668603
"quadneg",1000,328,50,0,20,22.1167642871172,0.118325753652074,21.9984385334651,17.9351578936463,17.976156195574,2.04991509638522,6.25810280509261,6.25631352646567,6.26099033699941,0.668190747852221,0.642915723592807,0.226842416812019
"quadneg",1000,328,50,1,20,23.2203968056281,0.0644954646677727,23.1559013409603,17.9139819581279,17.9550860713488,2.05520566104138,6.25309047680328,6.25139222860396,6.26099033699941,0.84860675967908,0.831945121890548,0.182262220238659
"quadneg",1000,329,2,0,500,450.595925315705,3.68005759033254,446.915867725373,497.478405498961,498.738918193885,2.52102538984931,22.554394906697,22.3606631871671,22.3606797749979,-2.07864056549506,-2.31759899224519,0.937146395010152
"quadneg",1000,329,2,1,500,449.499124321232,3.54664793269039,445.952476388541,497.454752047104,498.724782461362,2.54006082851581,22.5536904221963,22.3605820495842,22.3606797749979,-2.12628739812251,-2.36005958860101,0.94161057055961
"quadneg",1000,329,5,0,200,172.18356742147,1.48592821684044,170.69763920463,197.731834185731,198.185182110821,2.26673962545127,17.9272611907831,17.8884273841639,17.8885438199983,-1.42510707532926,-1.5366103635541,0.907338205492563
"quadneg",1000,329,5,1,200,173.459420943503,1.35491420295989,172.104506740543,197.768527342109,198.213916366582,2.22694512236696,17.9268108543839,17.8881895239656,17.8885438199983,-1.35601957292145,-1.45958927766607,0.89513797617476
"quadneg",1000,329,10,0,100,94.5784905297796,0.734564428643262,93.8439261011363,97.8442284647477,98.0595719113921,2.15343446644411,13.4290169220367,13.4161054866192,13.4164078649987,-0.243185182796897,-0.314222768631355,0.579070097804414
"quadneg",1000,329,10,1,100,93.5854373313841,0.677112356047617,92.9083249753365,97.8338123726156,98.0500175973171,2.16205224701567,13.4287168858707,13.4158799986797,13.4164078649987,-0.316364927292609,-0.383254219811647,0.607329704905191
"quadneg",1000,329,25,0,40,29.9253883810952,0.27111557713826,29.6542728039569,37.9113905461853,37.994694615633,2.08260173619229,8.76535519855317,8.76226363299529,8.76356092008266,-0.91108711332181,-0.951856981370578,0.82209613360219
"quadneg",1000,329,25,1,40,41.3278396852451,0.269998099980011,41.0578415852651,37.8962896256411,37.9801627743984,2.09682871893373,8.76514741631157,8.76207690639747,8.76356092008266,0.391499412002824,0.351249919824326,0.327383786264917
"quadneg",1000,329,50,0,20,14.4465611269081,0.212669459737257,14.2338916671709,17.9208755527372,17.9622397247843,2.06820860235454,6.25860156486521,6.25759981891832,6.26099033699941,-0.555126315331104,-0.595811200061357,0.699551035349209
"quadneg",1000,329,50,1,20,14.4941397981269,0.219332682599418,14.2748071155275,17.9200850280219,17.9614572100308,2.06860910044271,6.25847464482242,6.25747928687241,6.26099033699941,-0.547408981312932,-0.589158976880286,0.696357614974114
"quadneg",1000,330,2,0,500,499.141942095074,11.6774712734029,487.464470821671,497.473633742997,498.736500396175,2.525733306356,22.5103131116741,22.3606622369218,22.3606797749979,0.0741130673660608,-0.504100882839328,0.477161733945201
"quadneg",1000,330,2,1,500,485.853798992693,10.7213387072466,475.132460285446,497.35243250171,498.621921008089,2.53897701275733,22.5039731063161,22.3588737170561,22.3606797749979,-0.510960151556083,-1.05056547212054,0.643142725839851
"quadneg",1000,330,5,0,200,214.527878475826,4.6753138537142,209.852564622112,197.762383456044,198.209614696725,2.23615620340319,17.9183887919997,17.8884255356147,17.8885438199983,0.935658625024759,0.650864991008086,0.199951799785123
"quadneg",1000,330,5,1,200,193.758541700348,4.55146844388002,189.207073256468,197.686840950466,198.134975261177,2.24067155355737,17.9119803036061,17.8830815287088,17.8885438199983,-0.21931127566767,-0.499237337277529,0.571860573101362
"quadneg",1000,330,10,0,100,114.473671526502,2.34070492978335,112.132966596719,97.8746252495066,98.0868940990663,2.12268849559756,13.4260090325867,13.4160610986979,13.4164078649987,1.2363351042523,1.04695949089077,0.12230095640715
"quadneg",1000,330,10,1,100,97.6307668711032,2.33681007015884,95.2939568009443,97.7972942625692,98.0134170081107,2.16122745541546,13.4208168296675,13.4112242384607,13.4164078649987,-0.0124081412912131,-0.202774941259092,0.491523050439614
"quadneg",1000,330,25,0,40,64.8467536307541,0.983721409940293,63.8630322208138,37.9054602785127,37.9890153733796,2.08887737167246,8.76472438905003,8.76234344142624,8.76356092008266,3.0738323484421,2.95286495221223,0.00427185749289835
"quadneg",1000,330,25,1,40,55.5895501348098,0.936269189126172,54.6532809456836,37.8942780673084,37.9776518310613,2.08434409382335,8.76129170886008,8.75899097762749,8.76356092008266,2.01971040977971,1.90382992255795,0.0325701076186878
"quadneg",1000,330,50,0,20,47.202590428565,0.442607578737916,46.7599828498271,17.9320567346951,17.973207208996,2.05752371504219,6.25852533844495,6.25775762901521,6.26099033699941,4.67690583819585,4.60017427126869,0.000197614635401646
"quadneg",1000,330,50,1,20,40.8040524554135,0.490072248946965,40.3139802064666,17.9250420223365,17.9661802803575,2.05691290105135,6.25614298382799,6.25540316876912,6.26099033699941,3.6570472401636,3.57255948548341,0.00162001965262923
"quadneg",1000,331,2,0,500,491.446245304596,15.3338762893301,476.112369015265,497.443141932226,498.721221094965,2.55615832547752,22.6459646365184,22.3606548967916,22.3606797749979,-0.264810827177589,-1.01109972780554,0.574339131405349
"quadneg",1000,331,2,1,500,510.596270194236,14.9568997562557,495.63937043798,497.314569968063,498.591369946421,2.55359995671565,22.6376863940377,22.3581698320177,22.3606797749979,0.58670749276177,-0.132032251772821,0.338378056988045
"quadneg",1000,331,5,0,200,217.477219579198,6.21696660280159,211.260252976397,197.750172792275,198.199804225804,2.24815716764356,17.9456620887585,17.8884008494608,17.8885438199983,1.09926547648976,0.730107115806652,0.163138402683994
"quadneg",1000,331,5,1,200,218.838847293238,5.82606611703216,213.012781176205,197.64640847402,198.099507937754,2.26549731867213,17.9373450324267,17.8817354633332,17.8885438199983,1.18147021094297,0.833994735523932,0.147831006807534
"quadneg",1000,331,10,0,100,131.742800476382,3.06922181395956,128.673578662422,97.8436274918821,98.0589594827608,2.15331990878649,13.4350370432794,13.4160059931801,13.4164078649987,2.52319162762985,2.28194733926208,0.0130414832947677
"quadneg",1000,331,10,1,100,113.557927053048,2.87627627537465,110.681650777674,97.775666510401,97.9929656042185,2.17299093817477,13.4283818111888,13.4099171509809,13.4164078649987,1.17529131689546,0.946216522488126,0.134704332102089
"quadneg",1000,331,25,0,40,72.3849680387188,1.35808700766461,71.0268810310542,37.904822247863,37.9883444464711,2.08805496520169,8.76656928978093,8.76201269045749,8.76356092008266,3.93314016590833,3.77065609829174,0.000645470108682793
"quadneg",1000,331,25,1,40,56.2113818796505,1.17482560987234,55.0365562697781,37.8717483498964,37.9557346506798,2.09965751958648,8.76183113597486,8.7574150619265,8.76356092008266,2.0931279369736,1.95044102606926,0.0287437192618519
"quadneg",1000,331,50,0,20,51.0044125693597,0.594344341351805,50.4100682280079,17.9190785215524,17.9604317738605,2.06766261540508,6.25832481898385,6.25685600391954,6.26099033699941,5.28661183380048,5.18625271763001,5.31335307047059e-05
"quadneg",1000,331,50,1,20,34.9465788244106,0.574212842178509,34.372365982232,17.9099534150311,17.9512833209585,2.06649529637137,6.25509134473729,6.25366964174183,6.26099033699941,2.72364134597542,2.62583148807006,0.00959979179178243
"quadneg",1000,332,2,0,500,521.4455506284,10.1833616736357,511.262188954764,497.443685445534,498.721478801123,2.55558671117788,22.5491043976489,22.3606590809009,22.3606797749979,1.06442654038928,0.560838126831106,0.225846108276217
"quadneg",1000,332,2,1,500,512.245967558636,8.4045070854938,503.841460473142,497.022304102345,498.299073897867,2.55353959104278,22.5253413695079,22.3535627085088,22.3606797749979,0.675846070723648,0.247941978983328,0.31980535530027
"quadneg",1000,332,5,0,200,226.554431961982,4.09063463600935,222.463797325972,197.733319718241,198.186384609317,2.26532445538152,17.9262193352761,17.8884365946354,17.8885438199983,1.6077630037152,1.35715676371271,0.0801090973559112
"quadneg",1000,332,5,1,200,214.270116242612,3.83378456548901,210.436331677123,197.445833883461,197.901578752325,2.27872434432019,17.9023505058911,17.8680499388361,17.8885438199983,0.939780636828371,0.70151767919306,0.203407687868761
"quadneg",1000,332,10,0,100,109.94119567304,1.9017699286431,108.039425744397,97.8105152666372,98.029227111178,2.18711844540877,13.4286757862827,13.4161060842957,13.4164078649987,0.903341520747301,0.746132936809179,0.192766251549556
"quadneg",1000,332,10,1,100,109.422691721672,1.77098467943067,107.651707042241,97.6659184989947,97.8834329258497,2.1751442685496,13.4080460656478,13.3966514228699,13.4164078649987,0.876844632328537,0.729157892375672,0.20231020208337
"quadneg",1000,332,25,0,40,64.2524633830084,0.791974465110256,63.4604889178982,37.8811800591119,37.9657058313278,2.11314430539799,8.76535554765301,8.76233815936368,8.76356092008266,3.00858113290768,2.90958675902344,0.00491704831490004
"quadneg",1000,332,25,1,40,49.4120113450588,0.639263081569848,48.772748263489,37.809777043857,37.8944159803413,2.11597341210883,8.75046296555194,8.74773040571238,8.76356092008266,1.32589948061908,1.24356053268902,0.101709577574838
"quadneg",1000,332,50,0,20,48.3619863184066,0.394716358617083,47.9672699597895,17.9045783408669,17.9462822784499,2.08519687914878,6.2588148888377,6.25781786024644,6.26099033699941,4.86632190254725,4.79735721808902,0.000132991791169561
"quadneg",1000,332,50,1,20,36.1157694499976,0.367771366192268,35.7479980838053,17.866399626667,17.9081613842133,2.08808787731338,6.24781553623968,6.24692187144254,6.26099033699941,2.92092007478092,2.85578034538033,0.00681889769004353
"quadneg",1000,333,2,0,500,487.264827144493,9.14727883132638,478.117548313167,497.499992374727,498.749635217436,2.49928568541849,22.5750911902256,22.3606552504915,22.3606797749979,-0.453383117879296,-0.922695988697202,0.626072124836268
"quadneg",1000,333,2,1,500,510.790846757046,9.10508501098922,501.685761746056,497.446742599158,498.717439118673,2.54139303903047,22.5737698384,22.3604780301843,22.3606797749979,0.591133171526725,0.132748621177791,0.336163682317038
"quadneg",1000,333,5,0,200,207.01088338824,3.74640540196269,203.264477986277,197.783165584587,198.226208669377,2.21521542395274,17.9314089634958,17.8884088828056,17.8885438199983,0.514611976250087,0.281649941585507,0.315789418567947
"quadneg",1000,333,5,1,200,203.141462061326,3.58846285787813,199.552999203448,197.761958513731,198.207769130877,2.22905308573094,17.9305179344949,17.887857553878,17.8885438199983,0.300019417578864,0.0752035322574752,0.386060119609817
"quadneg",1000,333,10,0,100,101.677270085347,1.8663215049827,99.8109485803638,97.8666539052343,98.0797008801876,2.13046974953328,13.4303260650599,13.4160332962328,13.4164078649987,0.283732216303063,0.129043187501803,0.379443652160911
"quadneg",1000,333,10,1,100,107.507574075066,1.81729696987492,105.690277105191,97.8670657379624,98.0796430527287,2.12577314766274,13.429669983521,13.415500507149,13.4164078649987,0.717851469837538,0.567301536637175,0.2402231971509
"quadneg",1000,333,25,0,40,51.1361004901897,0.698287583790271,50.4378129063994,37.9154308744315,37.998569065034,2.07845476506073,8.76566649526007,8.76223786216631,8.76356092008266,1.5082332442042,1.41964233761283,0.0754875477348964
"quadneg",1000,333,25,1,40,50.5362874988862,0.678115952350434,49.8581715465357,37.9096310999563,37.9929402114346,2.08272778695763,8.76531579688969,8.76191263627325,8.76356092008266,1.44052498409816,1.35418279406034,0.0838893688441637
"quadneg",1000,333,50,0,20,35.9594667522889,0.286133051615489,35.6733337006735,17.9294389381707,17.9706235220987,2.05922919640228,6.25857726141393,6.25746465769069,6.26099033699941,2.88085088048348,2.82905476051188,0.00714084642429752
"quadneg",1000,333,50,1,20,29.7786914532073,0.281978370479111,29.4967130827282,17.9255007835898,17.9667448218571,2.06220191336134,6.25826828642944,6.25716646518579,6.26099033699941,1.89400487916444,1.84268203907034,0.0396544469579995
"quadneg",1000,334,2,0,500,550.260402912608,5.16134264787704,545.099060264731,497.477894615547,498.738656915604,2.52152460011366,22.5298940712376,22.3606665871022,22.3606797749979,2.34277658519685,2.07330148985218,0.0523735407508249
"quadneg",1000,334,2,1,500,544.99329175954,4.79242908616616,540.200862673373,497.142718799411,498.421261407712,2.55708521660154,22.5115408583008,22.3551781174921,22.3606797749979,2.12560185290401,1.86890039730754,0.0713803758040828
"quadneg",1000,334,5,0,200,216.801447912648,2.14128064477388,214.660167267875,197.72980901036,198.183504576602,2.26847783121034,17.9222792229532,17.8884001645499,17.8885438199983,1.06413021831862,0.921080842317299,0.171129937916123
"quadneg",1000,334,5,1,200,216.018978726423,1.9390146639432,214.07996406248,197.544138099849,197.994336841319,2.25099370735388,17.9037234966164,17.8730233248693,17.8885438199983,1.0318993493206,0.89999475347734,0.180712237298898
"quadneg",1000,334,10,0,100,117.881184346278,1.1323766440853,116.748807702193,97.8430295642,98.0584359532622,2.15406389062275,13.4272820755946,13.416030771435,13.4164078649987,1.49234630428294,1.39313721527276,0.0836527757840503
"quadneg",1000,334,10,1,100,109.242922729463,1.02555197785346,108.21737075161,97.7044877401982,97.9225567775345,2.18069037336356,13.4122472169557,13.4020518541845,13.4164078649987,0.860290956662227,0.76815207746424,0.205691181758845
"quadneg",1000,334,25,0,40,72.4371297180626,0.481970332287194,71.9551593857754,37.9075836521473,37.9910205917466,2.08592348998212,8.76484303700143,8.76215827563422,8.76356092008266,3.9395509902626,3.87622977417289,0.000636678442664301
"quadneg",1000,334,25,1,40,66.4584054462584,0.390619175399092,66.0677862708593,37.8394400069102,37.923679359528,2.10598381544637,8.75433103269863,8.75189715048382,8.76356092008266,3.26912077375786,3.21577212659262,0.00289840643174522
"quadneg",1000,334,50,0,20,57.700611091295,0.261118971602674,57.4394921196923,17.9208581316763,17.9622087767498,2.06753225367297,6.25823464625042,6.25738053924742,6.26099033699941,6.35638565956495,6.30891522344437,4.78772002886625e-06
"quadneg",1000,334,50,1,20,45.1585310318148,0.232176526250948,44.9263545055639,17.8857058218659,17.9272922646667,2.07932214003691,6.25092999668636,6.25016096774051,6.26099033699941,4.36300282108523,4.31973870437094,0.000393116059326555
"quadneg",1000,335,2,0,500,504.701928683041,4.34436843022141,500.35756025282,497.437928692633,498.718568073114,2.56127876096249,22.6085345787239,22.3606527681852,22.3606797749979,0.321294596300108,0.0732980470962575,0.40806858205145
"quadneg",1000,335,2,1,500,506.89682247741,4.38852313394152,502.508299343468,497.466485513635,498.732807356363,2.53264368545656,22.6086113402452,22.3606518157938,22.3606797749979,0.41711261350176,0.168845345753234,0.381577604552268
"quadneg",1000,335,5,0,200,212.786571378028,1.7624685513886,211.02410282664,197.756330811071,198.204734942355,2.24202065641834,17.9381595659323,17.8884056712124,17.8885438199983,0.837892009585076,0.716629984801527,0.224037510972514
"quadneg",1000,335,5,1,200,218.194429374654,1.77652994222088,216.417899432433,197.76678846252,198.213091178152,2.23151357816106,17.9381759016613,17.8884021119893,17.8885438199983,1.13878027644062,1.01768778118419,0.154943650163642
"quadneg",1000,335,10,0,100,127.807537563655,0.86910095671443,126.938436606941,97.8375524278896,98.0535142089148,2.15961781025227,13.4325773695775,13.4160381512953,13.4164078649987,2.23114182119972,2.15301433048153,0.0232133573386021
"quadneg",1000,335,10,1,100,125.689778127134,0.875846355160697,124.813931771973,97.8446199986201,98.059872508788,2.15252510167902,13.4325785266323,13.4160351167223,13.4164078649987,2.07295703303027,1.99418524403218,0.031167782093033
"quadneg",1000,335,25,0,40,46.2606211794738,0.498253433334339,45.7623677461395,37.888874429705,37.973055570187,2.1045285120509,8.76609798784519,8.7621300285171,8.76356092008266,0.95501405087838,0.888974729957384,0.168088536925787
"quadneg",1000,335,25,1,40,41.8016932846247,0.507386850355773,41.2943064342689,37.8859557169846,37.9702529028228,2.10742964595546,8.76609747305443,8.76212629977802,8.76356092008266,0.446691082283355,0.379366082811462,0.309141008657999
"quadneg",1000,335,50,0,20,33.0215437049899,0.22825589668179,32.7932878083081,17.9144970903629,17.9559463665197,2.07246380783596,6.2582089388754,6.25692951799792,6.26099033699941,2.41395689440527,2.37134546571272,0.0165904840558315
"quadneg",1000,335,50,1,20,29.9415856409988,0.235483716900185,29.7061019240986,17.9135809040011,17.9550483053445,2.07337006717203,6.25820683880301,6.25692647829136,6.26099033699941,1.92195704725193,1.87808721414975,0.0380182917239363
"quadneg",1000,336,2,0,500,528.540467073364,6.67476060470141,521.865706468663,497.436988792121,498.718125862515,2.56227414078792,22.5253340466046,22.3606538419461,22.3606797749979,1.38082206536387,1.03519247557627,0.166115774122001
"quadneg",1000,336,2,1,500,540.975135245455,6.58665084816618,534.388484397288,497.483207789103,498.740942249964,2.5154689217228,22.5251659814118,22.3606448418922,22.3606797749979,1.93081496013135,1.59420904000671,0.089249950922255
"quadneg",1000,336,5,0,200,216.422761344795,2.53306313885739,213.889698205938,197.738120760007,198.190157877938,2.2601855896512,17.9213513775824,17.8883979700763,17.8885438199983,1.04259105193149,0.877638140333316,0.175723273827855
"quadneg",1000,336,5,1,200,222.869552743152,2.47695240781193,220.39260033534,197.761739246973,198.208978103803,2.23619428415343,17.9212732872321,17.8883697292128,17.8885438199983,1.40100611679567,1.24011425117792,0.108579477474197
"quadneg",1000,336,10,0,100,102.185605436723,1.35205155713408,100.833553879589,97.8441516086985,98.0594406277323,2.15289019033775,13.426942387847,13.4160181165487,13.4164078649987,0.323338977901199,0.206776200490888,0.366064924283802
"quadneg",1000,336,10,1,100,107.294455051758,1.32424538608155,105.970209665677,97.8536741365075,98.0679923941486,2.14318257641135,13.4269032017243,13.415995081415,13.4164078649987,0.703124225550251,0.589014621992129,0.244698381995858
"quadneg",1000,336,25,0,40,62.035944617278,0.428264954140232,61.6076796631378,37.9068345587496,37.9902977739689,2.08658038048257,8.76471671177669,8.76213125000089,8.76356092008266,2.75298230986832,2.69539238974154,0.00821214508913859
"quadneg",1000,336,25,1,40,60.4202549952187,0.378503898443944,60.0417510967748,37.9047672571725,37.9883096826384,2.0885606366478,8.76469220848434,8.76211257643775,8.76356092008266,2.56888515905338,2.5169091610898,0.0117916534744064
"quadneg",1000,336,50,0,20,34.7388438357491,0.300971482138151,34.4378723536109,17.922248789604,17.96354137681,2.06462936030257,6.25769112086923,6.25690344736828,6.26099033699941,2.68734821219638,2.63298468889274,0.0101936298436486
"quadneg",1000,336,50,1,20,34.1279501533817,0.285396484501374,33.8425536688804,17.9234976820452,17.9647645393592,2.06334286569894,6.25767809451561,6.25689183255946,6.26099033699941,2.58953116900317,2.53764801349077,0.012144979337719
"quadneg",1000,337,2,0,500,532.451890547393,17.4598556049604,514.992034942432,497.477380512629,498.738250524416,2.52174002357245,22.7778035932358,22.3606444957037,22.3606797749979,1.53546455397261,0.72689248385214,0.138197642755627
"quadneg",1000,337,2,1,500,524.155302914957,16.3300397620593,507.825263152898,497.351849154141,498.616417791988,2.52913727569433,22.7686178600946,22.3582492325753,22.3606797749979,1.17721040097886,0.411876854270545,0.201656903120868
"quadneg",1000,337,5,0,200,221.958026723335,6.93039064207201,215.027636081263,197.744515397612,198.195223512816,2.25354057601864,17.9723180243265,17.8883809880548,17.8885438199983,1.34726701880906,0.940969033457356,0.116684627688197
"quadneg",1000,337,5,1,200,219.785399678106,6.55275054254727,213.232649135559,197.65949548539,198.112491266549,2.26497890579725,17.9649058825418,17.8827122200511,17.8885438199983,1.23161815249021,0.845518156471617,0.137809441123193
"quadneg",1000,337,10,0,100,131.753701916402,3.45767689523494,128.296025021167,97.8383311105871,98.0541537619246,2.15822651337459,13.4438995752843,13.4159561959435,13.4164078649987,2.52273312634422,2.25417188440034,0.0130200005721746
"quadneg",1000,337,10,1,100,126.896202213289,3.28214512447024,123.614057088819,97.7866424047175,98.0035858716413,2.16943466923792,13.4382191621269,13.4108644049755,13.4164078649987,2.16617689125147,1.90968087095686,0.0263875355197322
"quadneg",1000,337,25,0,40,61.611150580347,1.52497728232255,60.0861732980244,37.9177964789123,38.000816295857,2.07549542361886,8.76886081472754,8.76210423214631,8.76356092008266,2.70198770422277,2.520554014998,0.0090407592018405
"quadneg",1000,337,25,1,40,51.2933198645905,1.41172408012058,49.8815957844699,37.8677500161786,37.9520527432982,2.10756817798929,8.76484333122093,8.75825532620665,8.76356092008266,1.53175240458539,1.3620912609702,0.073405101185299
"quadneg",1000,337,50,0,20,40.888905860051,0.741357663211081,40.1475481968399,17.9429181903627,17.9837883275218,2.04350685795197,6.25898636307843,6.25675936880434,6.26099033699941,3.66608686113234,3.54237050889711,0.00157702375849134
"quadneg",1000,337,50,1,20,33.027788799419,0.698453408523125,32.3293353908959,17.9290221606478,17.9699902443524,2.04840418523003,6.25614536769974,6.25397397697309,6.26099033699941,2.4134296361983,2.29603532080787,0.0165616277384912
"quadneg",1000,338,2,0,500,513.032678460854,3.85792607888382,509.174752381971,497.450410298926,498.724809669941,2.548798742029,22.6210054834565,22.3606479977081,22.3606797749979,0.688840651814699,0.467336309444201,0.311115104774999
"quadneg",1000,338,2,1,500,509.673038116183,3.84167635858983,505.831361757593,497.484612200008,498.741591543744,2.5139586874737,22.6208193615661,22.3606388539276,22.3606797749979,0.538814519552021,0.317064743103408,0.348967852170058
"quadneg",1000,338,5,0,200,197.832580337845,1.56773021626164,196.264850121584,197.738826468279,198.190710983399,2.25942257559691,17.9406261153722,17.8883935131058,17.8885438199983,0.00522578582057946,-0.107659799657472,0.489989115713275
"quadneg",1000,338,5,1,200,213.841562573775,1.56613253873712,212.275430035038,197.756820341297,198.205033398774,2.24106528738333,17.9405343322981,17.8883655708426,17.8885438199983,0.89655870525109,0.786566921418376,0.209237906952809
"quadneg",1000,338,10,0,100,96.6911900027116,0.815666039257743,95.8755239634538,97.8334822472342,98.0498326141465,2.16350366912261,13.4333793029577,13.4160121837085,13.4164078649987,-0.0850338711325711,-0.162068178003966,0.518428788860287
"quadneg",1000,338,10,1,100,108.102881766134,0.807724181603958,107.29515758453,97.8475215919507,98.0624468510383,2.14925259087589,13.4333290988015,13.4159857944161,13.4164078649987,0.763426556347683,0.688187277101497,0.227992271869909
"quadneg",1000,338,25,0,40,55.497887647326,0.282165513731072,55.2157221335949,37.910836382787,37.9941204351421,2.0821013088763,8.76617313099511,8.76202307216402,8.76356092008266,2.0062404656777,1.96548234997965,0.0331706565343225
"quadneg",1000,338,25,1,40,53.6776702664122,0.283777955967025,53.3938923104452,37.9121371166,37.9953665860216,2.08073673554042,8.7661552220597,8.7620094241547,8.76356092008266,1.79845471024046,1.75741944330415,0.0472868393147898
"quadneg",1000,338,50,0,20,34.6336376151097,0.17750080710516,34.4561368080045,17.9384552906174,17.9794173105119,2.0481009947219,6.25814534052177,6.25680056497175,6.26099033699941,2.66775241162749,2.63340973176234,0.0105073197417895
"quadneg",1000,338,50,1,20,33.1409708100235,0.173607003940644,32.9673638060828,17.937422410111,17.97840433848,2.04909641844992,6.25813157063699,6.25678894950624,6.26099033699941,2.42940696089663,2.39563130362352,0.016046632909293
"quadneg",1000,339,2,0,500,517.466939682345,17.37447372095,500.092465961395,497.471355895158,498.735324981127,2.52793817193695,22.6303240049742,22.3606520999451,22.3606797749979,0.883574790303103,0.0606932648565789,0.264336544917016
"quadneg",1000,339,2,1,500,525.789456177486,16.5906446263127,509.198811551174,497.315191693992,498.561187434962,2.49199148193954,22.6198371298239,22.3572840832316,22.3606797749979,1.25881828061225,0.475801268016717,0.18788775628516
"quadneg",1000,339,5,0,200,209.17907824426,7.04811278198224,202.130965462278,197.751135218527,198.200573072084,2.24718926778047,17.9425223289574,17.8884009704333,17.8885438199983,0.636919537633189,0.219717368628461,0.279311842121533
"quadneg",1000,339,5,1,200,237.651886160124,6.64644421690385,231.00544194322,197.667500849781,198.109640559056,2.21069854637866,17.9315075034261,17.8791980732388,17.8885438199983,2.2298395883728,1.83989244089206,0.0283114130697185
"quadneg",1000,339,10,0,100,124.866210695183,3.57139006787649,121.294820627307,97.8583567562819,98.0722254040918,2.13868647809915,13.4340060520399,13.4160187600857,13.4164078649987,2.01040954085324,1.73096025270215,0.0348462739297654
"quadneg",1000,339,10,1,100,126.523907953348,3.40278929056972,123.121118662778,97.8071555418945,98.0194657642267,2.12310222332156,13.4250160690365,13.4076313355384,13.4164078649987,2.13904789862304,1.87219146099405,0.0277894775662751
"quadneg",1000,339,25,0,40,52.5386591682882,1.3697354720954,51.1689236961928,37.9148747130568,37.9980167591005,2.07855115109407,8.76644336416249,8.76213216091927,8.76356092008266,1.66815478612614,1.50316232341677,0.0585507113227092
"quadneg",1000,339,25,1,40,56.7686876383603,1.31896675757247,55.4497208807878,37.8955071818941,37.9782448298384,2.06844119860752,8.75998626627653,8.75582672665059,8.76356092008266,2.15447603258496,1.99541135250776,0.0256592980059595
"quadneg",1000,339,50,0,20,40.7486518814804,0.607838440609403,40.140813440871,17.9363505823665,17.9773713575234,2.05103875784253,6.25843747221205,6.25705733848599,6.26099033699941,3.64504741006079,3.54215102793201,0.00164869596089934
"quadneg",1000,339,50,1,20,44.0145638038056,0.661906686131515,43.3526571176741,17.9379954930812,17.9786725301321,2.03385185254448,6.25358811874814,6.25225312643049,6.26099033699941,4.16985701897241,4.05837448907453,0.000574142995394678
"quadneg",1000,340,2,0,500,496.201280586452,7.81646952075265,488.384811065699,497.471476020321,498.735373063503,2.52779408636388,22.8215515453534,22.36065239977,22.3606797749979,-0.0556577159683786,-0.462891771346978,0.514331242430414
"quadneg",1000,340,2,1,500,525.046575476276,7.69577679431146,517.350798681964,497.432395708498,498.713096202572,2.56140098814815,22.8205025826511,22.3605470676678,22.3606797749979,1.21006010572135,0.833508340515556,0.194070191549452
"quadneg",1000,340,5,0,200,213.533880260315,3.20876813991428,210.325112120401,197.782526274038,198.225664897295,2.21569311628194,17.981188793612,17.8883853563386,17.8885438199983,0.875990690441584,0.676385653712376,0.213488625073269
"quadneg",1000,340,5,1,200,200.369945746691,3.10562509833976,197.264320648352,197.735536519678,198.187310298734,2.25886889528402,17.9805891068486,17.888093436581,17.8885438199983,0.146514066439038,-0.0515979891124241,0.439554625635894
"quadneg",1000,340,10,0,100,106.980146830086,1.39765057762165,105.582496252464,97.8568877301222,98.0708736746287,2.13985944506481,13.4468851676753,13.4159762842254,13.4164078649987,0.678466350102763,0.559901301157468,0.251390427339251
"quadneg",1000,340,10,1,100,101.94199274499,1.55284686084927,100.389145884141,97.8259768906076,98.0428314437994,2.16854553191833,13.4464954258868,13.4156975155602,13.4164078649987,0.306103242816607,0.174893212791966,0.372451793102837
"quadneg",1000,340,25,0,40,45.7320756161945,0.763638143069201,44.9684374731253,37.8980023554638,37.9818060344961,2.09509197580671,8.76952163698659,8.76205544320257,8.76356092008266,0.893329600521139,0.797373571066518,0.181836185034325
"quadneg",1000,340,25,1,40,49.3497754038326,0.798887982691861,48.5508874211408,37.8942311430362,37.9781509054418,2.09799406014103,8.76930778828001,8.76186946551294,8.76356092008266,1.30632252138607,1.20667587634279,0.102779290664337
"quadneg",1000,340,50,0,20,13.1615646327214,0.332826767672031,12.8287378650494,17.9324765715534,17.9735709968414,2.05472126439777,6.25947378715201,6.25699045914781,6.26099033699941,-0.762190577205491,-0.822253632218696,0.781886830153109
"quadneg",1000,340,50,1,20,13.9274209156355,0.37550737879363,13.5519135368418,17.9306354119877,17.9717581142557,2.05613511340063,6.25932994793621,6.2568579724605,6.26099033699941,-0.639559590187783,-0.706400016888308,0.733810192759966
"quadneg",1000,341,2,0,500,525.639176965553,4.18174289476338,521.45743407079,497.44867613725,498.723796017744,2.55023976098734,22.6185249384952,22.360619992634,22.3606797749979,1.24634567925889,1.01668191939825,0.189128039783802
"quadneg",1000,341,2,1,500,490.40084300504,3.12948769148225,487.271355313557,497.126872059812,498.388055840766,2.52236756190652,22.6108339854799,22.3545123803681,22.3606797749979,-0.29746930427653,-0.497291121275859,0.587403608702806
"quadneg",1000,341,5,0,200,189.738535122844,1.690581770373,188.047953352471,197.752013829914,198.201232081792,2.2460912593914,17.9400814526982,17.8883719113298,17.8885438199983,-0.446680174122904,-0.567590990373524,0.650786884261229
"quadneg",1000,341,5,1,200,209.827005086507,1.64249382330759,208.184511263199,197.526977502087,197.977165863442,2.25094180677405,17.9240735198942,17.8716265266191,17.8885438199983,0.686229476283293,0.571148092455624,0.268868872867113
"quadneg",1000,341,10,0,100,104.744387650369,0.765342286156559,103.979045364213,97.8295629537471,98.0462767335216,2.16713779774507,13.433132312498,13.4159667707512,13.4164078649987,0.514758921133287,0.442217003967646,0.302058348487318
"quadneg",1000,341,10,1,100,117.505474241372,0.64929176595176,116.85618247542,97.7135689820622,97.9296587873959,2.16089805333694,13.4182140122161,13.400663399791,13.4164078649987,1.47500295056339,1.41235721869705,0.0873663672645383
"quadneg",1000,341,25,0,40,39.461650006985,0.360730576736664,39.1009194302483,37.8785763129986,37.9631247491917,2.11371090482739,8.76589484262637,8.76186743879566,8.76356092008266,0.180594648054445,0.129857554796905,0.404434406909595
"quadneg",1000,341,25,1,40,61.4259775325223,0.333452949943444,61.0925245825789,37.8367816980656,37.9208729303283,2.10228080656842,8.75466251370148,8.75050153841526,8.76356092008266,2.69447232232408,2.64803697828354,0.00942554190408048
"quadneg",1000,341,50,0,20,15.3005532322134,0.127576795612121,15.1729764366013,17.9036634105137,17.9452873393989,2.08119644426243,6.25748489329456,6.25625350682958,6.26099033699941,-0.415999434707344,-0.443126369443194,0.641237135213949
"quadneg",1000,341,50,1,20,25.1769398800209,0.23588203421638,24.9410578458045,17.8892772680227,17.9306859860682,2.0704359022783,6.24977272061659,6.24848216412177,6.26099033699941,1.16606842164963,1.12193196293161,0.120119436717785
"quadneg",1000,342,2,0,500,517.472710256229,15.4767158713748,501.995994384854,497.456548768337,498.727900181813,2.54270282695202,22.7900278951633,22.3606480704596,22.3606797749979,0.878285958225596,0.146153823124573,0.264278247982243
"quadneg",1000,342,2,1,500,558.912115823015,15.5152208826882,543.396894940327,497.464714565472,498.722486776107,2.51554442127063,22.7910440768708,22.3602346863591,22.3606797749979,2.6961205046285,1.99794003912997,0.0302262256078701
"quadneg",1000,342,5,0,200,201.965520000885,6.22762565048552,195.737894350399,197.74093161358,198.192366791238,2.25717588829099,17.9748087332469,17.8883782609267,17.8885438199983,0.235028280411752,-0.137210450552682,0.408496704571582
"quadneg",1000,342,5,1,200,249.897348297448,6.40645291759939,243.490895379848,197.75529011507,198.201522063277,2.23115974103931,17.9743915985877,17.8874772993489,17.8885438199983,2.90090810008139,2.53190388776729,0.0072939106407374
"quadneg",1000,342,10,0,100,118.052428417161,3.02206656160943,115.030361855552,97.8308978759407,98.0474819136361,2.16584037695458,13.4447586744838,13.4159767720998,13.4164078649987,1.50404563077791,1.26586980809581,0.0820025450270105
"quadneg",1000,342,10,1,100,140.032008264482,3.2199437395547,136.812064524927,97.8336802741956,98.0493583984748,2.15678124279166,13.4441467275363,13.4151847850677,13.4164078649987,3.13878811690261,2.88946494196625,0.00344260452332186
"quadneg",1000,342,25,0,40,51.1335998170779,1.28827440098359,49.8453254160943,37.897923164275,37.9817080744381,2.09462275407724,8.76885128325868,8.76193308244077,8.76356092008266,1.50939686684757,1.35399542886619,0.0755210643489234
"quadneg",1000,342,25,1,40,61.7302017617258,1.19763512496206,60.5325666367638,37.8850460877345,37.9692340073433,2.10469799022017,8.76830075010909,8.76133271257176,8.76356092008266,2.7194728321442,2.5753311019731,0.00880107893926845
"quadneg",1000,342,50,0,20,35.4908887923848,0.586922197215205,34.9039665951696,17.9287602167191,17.9698933478961,2.05665655885351,6.25872035495357,6.25643784624444,6.26099033699941,2.80602544604279,2.70666370599981,0.00819387612516534
"quadneg",1000,342,50,1,20,41.28956461914,0.578552768412028,40.711011850728,17.9193255079187,17.9606193095887,2.06469008350256,6.25830392894321,6.25600331261308,6.26099033699941,3.73427679073549,3.63656977215324,0.00138837606103744
"quadneg",1000,343,2,0,500,484.064685013578,12.5215232748969,471.543161738681,497.495387651973,498.747268892054,2.50376248016156,22.7822852445154,22.3606475688325,22.3606797749979,-0.589523943460782,-1.21660640952507,0.664424443512626
"quadneg",1000,343,2,1,500,510.953120594492,11.4077587975484,499.545361796944,496.968237525498,498.237311468284,2.53814788557212,22.7675908855753,22.3519692358451,22.3606797749979,0.6142451847136,0.0585205855849937,0.334321689547576
"quadneg",1000,343,5,0,200,192.541684945131,4.86398087313907,187.677704071992,197.766327869209,198.212685046912,2.23178588851084,17.9732100923356,17.8883764726377,17.8885438199983,-0.290690583220102,-0.588928849470166,0.59610015360371
"quadneg",1000,343,5,1,200,169.514946340297,5.68341365602095,163.831532684276,197.419557532563,197.871658170168,2.26050318802892,17.9484114024337,17.8639826275591,17.8885438199983,-1.55471203365009,-1.90551716241474,0.929563748823924
"quadneg",1000,343,10,0,100,102.513895879705,2.37787648964793,100.136019390057,97.8490557096227,98.0638274304992,2.14771720876468,13.4441981657825,13.4159778643653,13.4164078649987,0.346977938926472,0.154457019868965,0.357532498718596
"quadneg",1000,343,10,1,100,94.0983215781741,2.68240390380531,91.4159176743687,97.6465657090424,97.8640378652612,2.17472156218781,13.4222094729597,13.393940561344,13.4164078649987,-0.264356188004414,-0.481420696273826,0.592770028421895
"quadneg",1000,343,25,0,40,43.0648074202036,0.923213022045515,42.1415943981581,37.9042273464768,37.9877904200805,2.08907684009247,8.7689078820976,8.76210128668621,8.76356092008266,0.58850887055873,0.474064821002377,0.263447030208093
"quadneg",1000,343,25,1,40,47.6909211638507,0.990779134400438,46.7001420294503,37.8071276454301,37.8915297953002,2.11005374675226,8.75268990138385,8.74583712811287,8.76356092008266,1.12922925749465,1.00717771267835,0.13476198325857
"quadneg",1000,343,50,0,20,22.1061445714059,0.357967145290405,21.7481774261155,17.9168909368357,17.9582805834581,2.06948233112054,6.25894397027322,6.25673235787252,6.26099033699941,0.669322757076437,0.605731015150228,0.227306739142797
"quadneg",1000,343,50,1,20,30.8190218209844,0.444905577087019,30.3741162438973,17.8961837221879,17.9371738986771,2.04950882445808,6.24634359466464,6.24413500597769,6.26099033699941,2.06886443291954,1.99177985955044,0.0302052184686097
"quadneg",1000,344,2,0,500,502.558650282812,5.4761734939365,497.082476788875,497.48087356265,498.740064292174,2.51838145904863,22.5497362429396,22.3606609927461,22.3606797749979,0.225181202363349,-0.0741296289871312,0.434425525504729
"quadneg",1000,344,2,1,500,539.448839418563,5.45140899945663,533.997430419107,497.013413308565,498.268754422929,2.5106822287267,22.5252623442616,22.3522352219694,22.3606797749979,1.88390374600048,1.5984386188394,0.0968732112003687
"quadneg",1000,344,5,0,200,187.710938456824,2.2199931291619,185.490945327663,197.751449552943,198.200843841426,2.24697144241362,17.9262996654424,17.8884149508169,17.8885438199983,-0.560099478615462,-0.71051004511627,0.688861523885995
"quadneg",1000,344,5,1,200,232.2910197662,1.89564599791177,230.395373768288,197.447418139308,197.899856594461,2.26219227576608,17.9006706336874,17.8663856028195,17.8885438199983,1.94649699667225,1.81880755829531,0.0478825244704979
"quadneg",1000,344,10,0,100,109.234708937056,1.05823601195461,108.176472925101,97.858660064611,98.0725065776628,2.13846513051803,13.428619769091,13.4160352958798,13.4164078649987,0.847149526016766,0.753126100565752,0.205846546655146
"quadneg",1000,344,10,1,100,127.657986460467,0.904413925430498,126.753572535036,97.6838994133834,97.8987901883184,2.14890774934961,13.4068135975883,13.3954248065564,13.4164078649987,2.23573534672515,2.15407743788724,0.0237100752287055
"quadneg",1000,344,25,0,40,56.957875233232,0.388678608238203,56.5691966249938,37.927859805792,38.0104968330606,2.06592568171513,8.76522183218105,8.76221739415781,8.76356092008266,2.17108200930777,2.1180369028857,0.0246814535896053
"quadneg",1000,344,25,1,40,51.3422014893772,0.343917528923081,50.9982839604541,37.8445069534168,37.9275063991624,2.07498614363961,8.74906119563452,8.74634337848448,8.76356092008266,1.54275918685942,1.49442767059033,0.0727675078525235
"quadneg",1000,344,50,0,20,30.0918241532896,0.154999250295308,29.9368249029943,17.9445361087067,17.9853993175508,2.04316044220916,6.25813029923678,6.25716700284756,6.26099033699941,1.94104108795312,1.91003781423838,0.0365632719260736
"quadneg",1000,344,50,1,20,39.0312339029984,0.123908449447273,38.9073254535511,17.9025985887343,17.9435805250303,2.04909681479939,6.24690799174079,6.24603477383354,6.26099033699941,3.38225492390776,3.3563285648591,0.00282225782933502
"quadneg",1000,345,2,0,500,513.005382258112,2.23773232884051,510.767649929271,497.46683457617,498.733037508318,2.53240586429547,22.6573783686912,22.3606494526712,22.3606797749979,0.685805190216242,0.538204958958188,0.311414759541904
"quadneg",1000,345,2,1,500,515.37131064804,2.070418458276,513.300892189764,497.364523779127,498.639068735162,2.54908991207027,22.6566018941192,22.3591976163193,22.3606797749979,0.794769972702173,0.655740143550622,0.285960850783165
"quadneg",1000,345,5,0,200,223.073744671559,1.00563141293134,222.068113258627,197.755215149447,198.203798088668,2.24291469610443,17.9479420506055,17.8883818874115,17.8885438199983,1.41066476873636,1.33406785030415,0.106823622228564
"quadneg",1000,345,5,1,200,211.645359803671,1.19616797070513,210.449191832966,197.656670250145,198.113953436225,2.28641593039771,17.944249705992,17.8842023200249,17.8885438199983,0.779563915054887,0.68972818446195,0.240754156238901
"quadneg",1000,345,10,0,100,94.8697665663914,0.594158662184899,94.2756079042065,97.8555082380653,98.0696407445317,2.14132506466348,13.4357848745743,13.4159894032876,13.4164078649987,-0.222223092997279,-0.28279933192221,0.570734350130329
"quadneg",1000,345,10,1,100,102.393329218742,0.641586217175929,101.751743001566,97.8152705214471,98.0302943064145,2.15023784967368,13.4321180740287,13.4120660366462,13.4164078649987,0.340829247633418,0.277470203694414,0.36065597125352
"quadneg",1000,345,25,0,40,36.6553389772341,0.165494478497733,36.4898444987364,37.9057990334397,37.9892690556512,2.08675055528634,8.76666683848997,8.76193856721629,8.76356092008266,-0.142638026429322,-0.171129316350725,0.531606189293054
"quadneg",1000,345,25,1,40,44.4198238268738,0.0962420091094621,44.3235818177644,37.8969231315164,37.9801343339609,2.0802800611125,8.76346214467534,8.75865913819628,8.76356092008266,0.744329191781892,0.724248698769408,0.219423004243191
"quadneg",1000,345,50,0,20,18.128214154156,0.142254580017914,17.9859595741381,17.9312965596547,17.9723896380231,2.0546539184205,6.25814437089613,6.25660862404336,6.26099033699941,0.0314658120411903,0.00216889643101198,0.447236712497922
"quadneg",1000,345,50,1,20,16.3234638404592,0.216046480296725,16.1074173601625,17.9239145788851,17.9649960291352,2.05407251250781,6.25571336434235,6.25414819598273,6.26099033699941,-0.255838246609646,-0.29701545450521,0.569983917211967
"quadneg",1000,346,2,0,500,515.116801311355,14.7265327912135,500.390268520142,497.510296860343,498.754758866713,2.4889240127395,22.8383638145789,22.3606498398165,22.3606797749979,0.770917942894536,0.0731423131771687,0.288647330088928
"quadneg",1000,346,2,1,500,486.320195267609,14.3238791866363,471.996316080973,497.335632341352,498.592194627072,2.51312457144013,22.8270606487091,22.3573950478789,22.3606797749979,-0.482560468176835,-1.18957859308487,0.637526325621775
"quadneg",1000,346,5,0,200,209.467572235064,5.95243782698981,203.515134408075,197.765208573064,198.211800431797,2.23295929366412,17.9846169796518,17.8883874066351,17.8885438199983,0.650687399973045,0.296467974207165,0.274635119394559
"quadneg",1000,346,5,1,200,227.964386412759,5.80852163632854,222.155864776431,197.651998443317,198.102688919448,2.25345238065571,17.9750273364631,17.8811151255489,17.8885438199983,1.68636116107328,1.34517202579914,0.0709181811096831
"quadneg",1000,346,10,0,100,103.302071775713,3.04837432305218,100.253697452661,97.8569323411606,98.0709085822799,2.13976241119293,13.4479962531546,13.4159691377482,13.4164078649987,0.404903402116524,0.162700796936052,0.337414866454837
"quadneg",1000,346,10,1,100,109.178393380432,2.94166969899083,106.236723681441,97.8062002021047,98.0199001189881,2.13699916883369,13.4404216716515,13.4091887340874,13.4164078649987,0.846118779317282,0.612775591827206,0.206913844710129
"quadneg",1000,346,25,0,40,55.1983185982084,1.27337082216735,53.924947776041,37.9068007156287,37.9902288234925,2.08570269659451,8.76967393008551,8.76193072278353,8.76356092008266,1.97174011490426,1.81863101372323,0.0352020195011846
"quadneg",1000,346,25,1,40,50.0397534360127,1.21085613808412,48.8288972979286,37.8761553404832,37.959918972474,2.0940907997695,8.7647079723437,8.75715968606123,8.76356092008266,1.38779274037546,1.24115337793312,0.0914151781885493
"quadneg",1000,346,50,0,20,38.2882597021276,0.58402810551633,37.7042315966113,17.9279758721867,17.9691330936022,2.05786107077687,6.2591375972052,6.25657216808007,6.26099033699941,3.25288963754881,3.15429886730853,0.00354703074757986
"quadneg",1000,346,50,1,20,38.5129522731258,0.538937769413202,37.9740145037126,17.9232674596243,17.9642818790246,2.05072097001345,6.25540854419093,6.25290409962276,6.26099033699941,3.2915012133975,3.20007028828337,0.00331098837499358
"quadneg",1000,347,2,0,500,499.622152938083,7.92931484342313,491.69283809466,497.444224414525,498.721770483113,2.55509213717666,22.7028417862458,22.3606578568633,22.3606797749979,0.0959319782106499,-0.314343720719113,0.471116074665708
"quadneg",1000,347,2,1,500,493.615189493952,7.76877394605975,485.846415547892,497.507127433154,498.749072152479,2.4838894386501,22.7034170203559,22.3605095092127,22.3606797749979,-0.171425205981645,-0.577028738959214,0.547047863312067
"quadneg",1000,347,5,0,200,214.332681073763,3.23044396169194,211.102237112071,197.79112087864,198.232571166318,2.20725143839148,17.9571760733463,17.8884041966118,17.8885438199983,0.921167121576265,0.719441812936562,0.202565351962575
"quadneg",1000,347,5,1,200,206.575022742301,3.32080649505178,203.254216247249,197.755766915264,198.203304008116,2.23768546425793,17.9570216843493,17.8880323177458,17.8885438199983,0.491131323560369,0.282362651711145,0.323392452434457
"quadneg",1000,347,10,0,100,116.938071441824,1.65108074278934,115.286990699035,97.852920474589,98.0673273988301,2.14406924241096,13.4388845224818,13.4160098886786,13.4164078649987,1.42014398109515,1.28351599641679,0.093221724848291
"quadneg",1000,347,10,1,100,102.64323159971,1.67599125748872,100.967240342221,97.859787186788,98.0732105783851,2.13423391597128,13.4386105954792,13.4156389039294,13.4164078649987,0.355947839915159,0.215720606715816,0.354195129825836
"quadneg",1000,347,25,0,40,45.9431952104401,0.584244763772556,45.3589504466675,37.8973709701048,37.9811897496687,2.09546948909742,8.76748773765764,8.76200109692206,8.76356092008266,0.917688679024587,0.842017778289314,0.176250150349349
"quadneg",1000,347,25,1,40,51.4943631545283,0.631653018771444,50.8627101357569,37.8989955190288,37.9826932123741,2.09244233363176,8.767211519803,8.76170224116595,8.76356092008266,1.55070601465368,1.47003590955961,0.0708123631730245
"quadneg",1000,347,50,0,20,28.9664608717371,0.312783907267566,28.6536769644696,17.9309197577059,17.9720300870387,2.05551646664251,6.25855446713791,6.25676059619204,6.26099033699941,1.76327316027624,1.7072168118326,0.048790504961932
"quadneg",1000,347,50,1,20,31.4704618782213,0.331772968200703,31.1386889100205,17.9344341507141,17.9754592569169,2.05125531014122,6.25833279164621,6.25652991366587,6.26099033699941,2.16288078281414,2.10391859940632,0.0253795492071989
"quadneg",1000,348,2,0,500,537.66397507007,5.3386032242949,532.325371845775,497.456655080695,498.727990676955,2.54267119252018,22.7806935167409,22.36065361662,22.3606797749979,1.7649734833502,1.50252232089712,0.106401806680342
"quadneg",1000,348,2,1,500,491.0110311124,5.45271608547916,485.558315026921,497.392500649982,498.661748223413,2.53849514686132,22.774806571804,22.3592703391189,22.3606797749979,-0.280198627262235,-0.586040286545801,0.579786569392626
"quadneg",1000,348,5,0,200,181.856372642252,2.24893780305871,179.607434839194,197.77364910961,198.21859559986,2.22473245124772,17.9729500335952,17.8884060621266,17.8885438199983,-0.885624031536555,-1.04040352706826,0.788337207124874
"quadneg",1000,348,5,1,200,205.639115043679,2.22515353904396,203.413961504635,197.738284312788,198.181265297867,2.21490492539523,17.9682079565615,17.884911694873,17.8885438199983,0.439711670189434,0.292576015808217,0.340003213766251
"quadneg",1000,348,10,0,100,99.10754478998,1.14177114833222,97.9657736416477,97.8443285400799,98.0596180209612,2.1528948088132,13.4442039863919,13.4160433851434,13.4164078649987,0.0939599139658005,-0.006994937077903,0.449702942387674
"quadneg",1000,348,10,1,100,93.5298531476889,1.18865694039476,92.3411962072941,97.844553992865,98.0572687987597,2.127148058947,13.4405436602941,13.4128257659282,13.4164078649987,-0.32102130347023,-0.426164679331465,0.608902214791914
"quadneg",1000,348,25,0,40,40.7431082916899,0.492570356164362,40.2505379355255,37.9037195990838,37.9872773702478,2.08894427910056,8.76875892392169,8.76196533597716,8.76356092008266,0.323807361707725,0.258305126588972,0.350671821117924
"quadneg",1000,348,25,1,40,48.8901888374639,0.461857292483126,48.4283315449808,37.9102047288935,37.993097975909,2.07233117538681,8.76648794998536,8.75979692634425,8.76356092008266,1.25249520346272,1.19126432459739,0.110961584008549
"quadneg",1000,348,50,0,20,26.1776023912028,0.301099860345004,25.8765025308578,17.9316111912204,17.9726925329088,2.05406708441958,6.25876609894556,6.256523247492,6.26099033699941,1.31751068335523,1.26329107801482,0.0957658757962829
"quadneg",1000,348,50,1,20,24.4209222576035,0.298755759810629,24.1221664977929,17.9339980419896,17.9749285572692,2.04652576398304,6.25713124099737,6.25492623679929,6.26099033699941,1.03672497279759,0.982783442650033,0.141715592946172
"quadneg",1000,349,2,0,500,534.75099191535,7.32853106051292,527.422460854837,497.478944646301,498.739077584417,2.52026587623201,22.6585534037673,22.3606502788099,22.3606797749979,1.64494381458843,1.28276158844994,0.123426594087014
"quadneg",1000,349,2,1,500,529.280676376675,7.94929145314546,521.33138492353,497.320674682166,498.588905791517,2.53646221870069,22.6571599956082,22.357969971857,22.3606797749979,1.41059169378262,1.01719785654243,0.160559733043448
"quadneg",1000,349,5,0,200,229.904004977048,2.94784649158284,226.956158485465,197.750447091438,198.199978686566,2.24765797563751,17.9481831194095,17.8883762900054,17.8885438199983,1.79146589221268,1.60753437498774,0.0596768026495032
"quadneg",1000,349,5,1,200,226.356760589078,2.96622384717179,223.390536741906,197.666187891776,198.113583648264,2.23697878244182,17.9419021746989,17.8812037320471,17.8885438199983,1.59908199353357,1.41360466959726,0.0814697250708848
"quadneg",1000,349,10,0,100,121.712181562979,1.43923226986148,120.272949293118,97.8298334121056,98.0465180397715,2.16684627665898,13.4358485662966,13.4159656620463,13.4164078649987,1.77750947646001,1.65671497775408,0.0525722825799374
"quadneg",1000,349,10,1,100,123.142639953364,1.49444556999261,121.648194383372,97.7989501874958,98.013415525534,2.14465338038192,13.4296211443288,13.4093478684286,13.4164078649987,1.88714852738573,1.7625599014762,0.0437656341460832
"quadneg",1000,349,25,0,40,49.3351067073473,0.529111141967206,48.8059955653801,37.8949995334018,37.9789088482057,2.09773287009715,8.76673467094415,8.76197266480793,8.76356092008266,1.30494506830027,1.23569053812059,0.103032731765982
"quadneg",1000,349,25,1,40,63.2867247501495,0.633497137424308,62.6532276127252,37.8822206321533,37.9657099697473,2.08723343984923,8.7618789217385,8.7570106470789,8.76356092008266,2.89943565129242,2.81917181991928,0.00616250312729933
"quadneg",1000,349,50,0,20,34.4241046107921,0.247415970915752,34.1766886398763,17.9213978497605,17.96267851578,2.06403330097759,6.25794639291172,6.25643494911696,6.26099033699941,2.63708023765176,2.59157335702575,0.0111591338543312
"quadneg",1000,349,50,1,20,36.04459641213,0.302675009918864,35.7419214022111,17.9131992892225,17.9544185839079,2.06096473426913,6.25450242426614,6.25295390088864,6.26099033699941,2.89893518188777,2.84465599782774,0.00696376460892946
"quadneg",1000,350,2,0,500,511.62825933674,8.2689070041845,503.359352332555,497.498518700429,498.748856377343,2.50067535382879,22.6920869679597,22.3606465096514,22.3606797749979,0.622672593149398,0.206187954056795,0.326705392660591
"quadneg",1000,350,2,1,500,508.371087278355,7.43965355441807,500.931433723937,496.833508152356,498.088111357974,2.50920641123551,22.6540737368472,22.3471127613829,22.3606797749979,0.509293792366931,0.127234439469811,0.364124257100244
"quadneg",1000,350,5,0,200,243.077517953924,3.32353278884262,239.753985165082,197.773302328509,198.218288053395,2.22492862442686,17.9549710125752,17.8883936765454,17.8885438199983,2.52321296390203,2.321935544506,0.0159370139374546
"quadneg",1000,350,5,1,200,228.143140224608,2.77986357769346,225.363276646914,197.368121658409,197.809122864753,2.20500603171869,17.9158820014326,17.8554468301254,17.8885438199983,1.71775068421066,1.54317917912153,0.0698158212298998
"quadneg",1000,350,10,0,100,127.795660697692,1.70431909884747,126.091341598844,97.8704360293606,98.0830779855112,2.12641956150521,13.4381493640343,13.4159957304287,13.4164078649987,2.2268858499536,2.08767684308424,0.0232524684804833
"quadneg",1000,350,10,1,100,117.766950293359,1.40353446077271,116.363415832587,97.6460098409248,97.8574939255142,2.11484084589365,13.4062647666227,13.3862126527645,13.4164078649987,1.50086103793274,1.38246137179441,0.0847683015157541
"quadneg",1000,350,25,0,40,55.2462286202,0.687522475246775,54.5587061449533,37.9302242982357,38.0127357099031,2.06278529168429,8.76738582773287,8.76204586424672,8.76356092008266,1.97504759824651,1.88836838923265,0.0348699651361063
"quadneg",1000,350,25,1,40,44.42823138119,0.602882097177981,43.8253492840121,37.8195548042133,37.9025557644843,2.07502400677637,8.74575587718799,8.74095589719937,8.76356092008266,0.755643842542476,0.677591054020238,0.219166362992332
"quadneg",1000,350,50,0,20,23.5823160189799,0.272791577509027,23.3095244414708,17.9529269748558,17.9935998418876,2.03364335159227,6.25856531682346,6.25680684470466,6.26099033699941,0.899469568367674,0.8496226160605,0.169193469757748
"quadneg",1000,350,50,1,20,19.6825222183874,0.242735559309263,19.4397866590782,17.8916883992779,17.9325464769015,2.04290388118197,6.2422954473423,6.240721117141,6.26099033699941,0.286887064897258,0.241516990406253,0.350974080789481
