"scen","n","rep","m","oracle","G","HL","C","EF","mu","muEF","d","sdHL","sdEF","sdEF_simple","zHL","zEF","pHL_chisq"
"quadneg",1000,901,2,0,500,515.282056457218,-1.41879571906556,516.700852176284,497.461874491259,498.730509364125,2.53726974573166,22.8731314577759,22.3606426934339,22.3606797749979,0.779087987967675,0.803659494878266,0.286901521184538
"quadneg",1000,901,2,1,500,554.376376182432,-1.66915446002294,556.045530642455,497.419574157821,498.689916216151,2.54068411666141,22.8681420625904,22.3596542884803,22.3606797749979,2.49066154428811,2.56513869518336,0.0405788652144793
"quadneg",1000,901,5,0,200,192.260767719972,-0.417456546719521,192.678224266692,197.789465388478,198.231172482271,2.2085354689666,17.9916482740344,17.8883676014432,17.8885438199983,-0.307292449490827,-0.310422300083505,0.601661873861151
"quadneg",1000,901,5,1,200,202.425994298651,-0.867375490218355,203.293369788869,197.719704737245,198.170259962941,2.25277612848379,17.9884869925341,17.8863587191718,17.8885438199983,0.261627871391272,0.286425532796489,0.399660454256242
"quadneg",1000,901,10,0,100,86.833997930314,-0.326809182626037,87.16080711294,97.8750017073426,98.0871476223633,2.12145915020736,13.4503202769961,13.4159344383429,13.4164078649987,-0.820872927160847,-0.814430076387057,0.782875338908558
"quadneg",1000,901,10,1,100,90.8352189801102,-0.440371988095647,91.2755909682058,97.8152771908742,98.0319213898632,2.16644198989014,13.4480130192924,13.4140609353277,13.4164078649987,-0.519040114011677,-0.503675244523731,0.683270506212605
"quadneg",1000,901,25,0,40,42.7432379238404,-0.0500019369478644,42.7932398607882,37.9040277042404,37.9875510353122,2.08808327679458,8.77007277433973,8.76183139686042,8.76356092008266,0.551786780351352,0.548479947605252,0.274662870483493
"quadneg",1000,901,25,1,40,43.5030084406477,-0.0848274662794026,43.5878359069271,37.8899452031881,37.9737866422299,2.09603597604475,8.76865977188985,8.76051606730815,8.76356092008266,0.640127839770185,0.640835450967013,0.248633831860325
"quadneg",1000,901,50,0,20,24.397921270731,-0.019640194444274,24.4175614651753,17.9290273239216,17.9701526224318,2.05626492550806,6.25907892947452,6.25639047192516,6.26099033699941,1.03352170817767,1.03053172139359,0.142418628816305
"quadneg",1000,901,50,1,20,26.0988584588116,-0.124884885016276,26.2237433438278,17.9136229911161,17.955001117447,2.06890631654558,6.25819466847242,6.25553446015681,6.26099033699941,1.30792279583936,1.3218282592873,0.0975189260205081
"quadneg",1000,902,2,0,500,533.75367652126,11.1294653682335,522.624211153026,497.425752780526,498.712514146509,2.57352273196755,22.6179120781367,22.3606554343103,22.3606797749979,1.60615726222802,1.06936476333456,0.129687221652492
"quadneg",1000,902,2,1,500,504.966289228504,10.611399375982,494.354889852522,497.397870285037,498.654026525073,2.51231248007106,22.6126241909237,22.3590401791131,22.3606797749979,0.334698833694175,-0.192277335615093,0.404848841955292
"quadneg",1000,902,5,0,200,221.874101467038,4.38822579925079,217.485875667787,197.779873448137,198.223576992132,2.21851771997248,17.940037227381,17.888409287357,17.8885438199983,1.34304225311902,1.0768033292524,0.117453033104854
"quadneg",1000,902,5,1,200,228.823643832524,4.18926246720535,224.634381365318,197.722200447562,198.1661927092,2.21996130819179,17.9349126488198,17.8841274420034,17.8885438199983,1.73412851202311,1.47998210938457,0.0657445005083411
"quadneg",1000,902,10,0,100,117.800612885952,2.19191827779738,115.608694608155,97.867539872944,98.080498984477,2.12959111532957,13.4331971198431,13.4160325418635,13.4164078649987,1.48386663540906,1.30651111414516,0.0844383504094516
"quadneg",1000,902,10,1,100,118.894227121323,1.95830874629948,116.935918375023,97.8322704369184,98.0456607546417,2.13390317723269,13.4290489500585,13.4121571939055,13.4164078649987,1.56838781083695,1.40844290349994,0.0742662485430723
"quadneg",1000,902,25,0,40,64.0515989055324,0.850267048953846,63.2013318565786,37.9176751695335,38.0007095305559,2.07585902556224,8.76626812510402,8.76215653328358,8.76356092008266,2.98119146745684,2.87607533947796,0.0051549376628557
"quadneg",1000,902,25,1,40,51.9196349465505,0.84984120133948,51.069793745211,37.9071526686112,37.9900768782459,2.07310524086822,8.76336399103651,8.7593205889471,8.76356092008266,1.59898439597759,1.49323417657183,0.0655803971938775
"quadneg",1000,902,50,0,20,29.3530997203122,0.414535741606539,28.9385639787057,17.9422184821443,17.9831216369822,2.04515774189373,6.25840037340476,6.25706268712442,6.26099033699941,1.82329038689482,1.75089221405232,0.0442308139367128
"quadneg",1000,902,50,1,20,24.915706677306,0.32928103887626,24.5864256384297,17.9498873714426,17.9905049033228,2.03087659401082,6.25633656883038,6.25501879768062,6.26099033699941,1.11340226492412,1.05450054563428,0.127255756001079
"quadneg",1000,903,2,0,500,541.953772174625,18.7638322562826,523.189939918343,497.497200135145,498.74824786047,2.50209545065046,22.663129554016,22.3606583263919,22.3606797749979,1.96162546454677,1.09306674701185,0.0846095317396327
"quadneg",1000,903,2,1,500,515.471363950806,19.9233675314234,495.547996419382,496.606387387747,497.855986269715,2.49919776393707,22.6185167334536,22.343266859684,22.3606797749979,0.834050118554286,-0.103296884239312,0.284908240498237
"quadneg",1000,903,5,0,200,228.880825108197,7.58737433752993,221.293450770667,197.799635129646,198.239391575031,2.19878222692158,17.9491607229758,17.8884103148908,17.8885438199983,1.73162358163994,1.28877070627373,0.065411311931548
"quadneg",1000,903,5,1,200,232.770794034866,7.09527809314345,225.675515941723,197.231844144957,197.671318479082,2.19737167062498,17.8998944410296,17.8448480109082,17.8885438199983,1.98542790333152,1.56931554953688,0.0457623120547642
"quadneg",1000,903,10,0,100,119.69844786314,3.72147440668644,115.976973456454,97.899147914054,98.1089639897284,2.09816075674421,13.4362657172716,13.4160552684936,13.4164078649987,1.6224225099288,1.33183779502508,0.0674381535637826
"quadneg",1000,903,10,1,100,143.43469077162,3.52590073786436,139.908790033756,97.5693840717579,97.7805886386288,2.11204566870967,13.3947371782504,13.3763765935466,13.4164078649987,3.42412890148647,3.14944791666914,0.00190788391621286
"quadneg",1000,903,25,0,40,73.6066657948629,1.45878075646338,72.1478850383995,37.9406561807824,38.0227718998764,2.05289297735133,8.76702613576587,8.76216198586957,8.76356092008266,4.0681993029059,3.89459966541995,0.000467142920779953
"quadneg",1000,903,25,1,40,72.3172468644629,1.29138543523847,71.0258614292245,37.804346100921,37.8867196959154,2.05933987485989,8.73874252985775,8.73436508408672,8.76356092008266,3.94941270390121,3.794109979864,0.000657057573452629
"quadneg",1000,903,50,0,20,50.9083061503475,0.772436240855998,50.1358699094915,17.9709141549531,18.0112464861468,2.01661655968557,6.25871417942843,6.25711030519682,6.26099033699941,5.26264517776755,5.1340989460684,5.49554760709379e-05
"quadneg",1000,903,50,1,20,45.1119017965642,0.546744462397971,44.5651573341663,17.8897935755726,17.9304016384362,2.03040314318031,6.23769711585028,6.23627253704294,6.26099033699941,4.36412793301858,4.27094158209441,0.000399267945221902
"quadneg",1000,904,2,0,500,504.239676887707,3.37815787023294,500.861519017474,497.468164821509,498.733647327025,2.53096501103196,22.9540985763173,22.3606381025361,22.3606797749979,0.295002308353969,0.0951614922924718,0.413716040353158
"quadneg",1000,904,2,1,500,470.881808149329,3.26032656213926,467.621481587189,497.48038292337,498.739044141453,2.51732243616649,22.9547943356133,22.360605932261,22.3606797749979,-1.15873722870932,-1.39162429893585,0.803492144773483
"quadneg",1000,904,5,0,200,175.439068137208,1.47938832068461,173.959679816524,197.759246507577,198.206984040467,2.23868766444878,18.00810425801,17.8883564711825,17.8885438199983,-1.23945186292671,-1.35547970899422,0.874115160709801
"quadneg",1000,904,5,1,200,187.492680832327,1.33700875372661,186.155672078601,197.752032554203,198.201027627971,2.24497536883556,18.0083064934319,17.8882817631603,17.8885438199983,-0.56970108353153,-0.673365709957474,0.692866891220983
"quadneg",1000,904,10,0,100,107.38924500972,0.616456745044122,106.772788264676,97.852308490457,98.0666969455407,2.14388455083727,13.4557645568475,13.4158938824154,13.4164078649987,0.708762142721212,0.648938594434384,0.242701682954674
"quadneg",1000,904,10,1,100,100.574120772734,0.578287507970099,99.9958332647636,97.8528416711041,98.0671234471901,2.14281776085994,13.4558006821445,13.4158256575221,13.4164078649987,0.20223836291219,0.143763780687781,0.409116127317276
"quadneg",1000,904,25,0,40,38.6503126793331,0.205017415841247,38.4452952634918,37.8972225469484,37.9810001627121,2.09444039409288,8.77132843436173,8.7617293996246,8.76356092008266,0.0858581613971347,0.0529912622957331,0.440132546150424
"quadneg",1000,904,25,1,40,46.4599845033666,0.199967092639532,46.260017410727,37.9048919637802,37.9883532810874,2.08653293268059,8.77131050223832,8.76167795584298,8.76356092008266,0.975349411858489,0.944073061270574,0.163107059243605
"quadneg",1000,904,50,0,20,16.9901719679494,0.0718402037354991,16.9183317642139,17.9251888404225,17.9663672469552,2.05892032663505,6.25916157949602,6.25601280069982,6.26099033699941,-0.149383725056094,-0.167524510599476,0.523780858638731
"quadneg",1000,904,50,1,20,18.8192127051296,0.0732286929762882,18.7459840121533,17.9308617424054,17.9719238576214,2.05310576079588,6.25913204216825,6.25596880622055,6.26099033699941,0.141928778102023,0.123731460067748,0.403034854159557
"quadneg",1000,905,2,0,500,506.185046594458,7.38601459732474,498.799031997133,497.448975277009,498.724076414417,2.55020227481574,22.6637918557766,22.3606488612851,22.3606797749979,0.385463799396021,0.00335212019922486,0.390105871804706
"quadneg",1000,905,2,1,500,539.644854433015,5.65138624438229,533.993468188633,495.759315765128,497.01806537196,2.51749921366402,22.6119578143412,22.3325042570078,22.3606797749979,1.94081109774821,1.65567651487498,0.0958674470518224
"quadneg",1000,905,5,0,200,193.096882312037,2.95167522524117,190.145207086796,197.696675995462,198.156983722632,2.30153863585171,17.9492265752748,17.8883862789362,17.8885438199983,-0.256266957472196,-0.447875873815977,0.585067876203427
"quadneg",1000,905,5,1,200,210.228444477265,2.34483645337034,207.883608023895,196.677662707329,197.126276382938,2.24306837804459,17.8660154341758,17.8075509570285,17.8885438199983,0.758466923968641,0.604088213304282,0.262509016853713
"quadneg",1000,905,10,0,100,100.127682036447,1.47014090745754,98.6575411289893,97.8032532484876,98.0226170052048,2.1936375671722,13.4362201923301,13.4159944523059,13.4164078649987,0.172997223526157,0.0473259083433293,0.42134729080113
"quadneg",1000,905,10,1,100,98.7844853936935,1.09602806039337,97.6884573333001,97.2437686030957,97.4594073376535,2.15638734557774,13.3617339087792,13.3416847036173,13.4164078649987,0.115308147963152,0.0171679964513437,0.458784484042039
"quadneg",1000,905,25,0,40,39.6033120689524,0.511068948588764,39.0922431203637,37.8445480233776,37.9304684313082,2.14801019826401,8.76676374428184,8.76193600715276,8.76356092008266,0.200617251345687,0.132593377548879,0.39832297100613
"quadneg",1000,905,25,1,40,50.3048371323767,0.52400095513887,49.7808361772379,37.6281974877271,37.7127790434015,2.11453889185953,8.71350674906947,8.70868396953736,8.76356092008266,1.45482639879787,1.38574980743933,0.0873313796338591
"quadneg",1000,905,50,0,20,24.5570631507104,0.260864358422311,24.2961987922881,17.8740634449156,17.9163041946872,2.11203748857883,6.25818319341445,6.2566467123938,6.26099033699941,1.06788176364465,1.01969871256482,0.137611153173543
"quadneg",1000,905,50,1,20,39.6978480391257,0.23311211618993,39.4647359229358,17.7758067435045,17.817362893485,2.07780749902843,6.21729568865837,6.21574090153141,6.26099033699941,3.52597695097751,3.48266978504805,0.00229418903086485
"quadneg",1000,906,2,0,500,575.387713545489,13.4106640722633,561.977049473226,497.472313450325,498.735750856811,2.52687481297307,22.7820457241276,22.3606440339118,22.3606797749979,3.42003527859868,2.82824137446596,0.00922722053019867
"quadneg",1000,906,2,1,500,550.651137119243,13.9444557496999,536.706681369543,497.346719104218,498.616350316072,2.53926242370749,22.7811131805861,22.3584808568263,22.3606797749979,2.33985133177997,1.70361892193769,0.0511455912517836
"quadneg",1000,906,5,0,200,248.777869780295,5.40780847225777,243.370061308037,197.738235942188,198.190221238816,2.25992648313749,17.9731642792623,17.8883815974966,17.8885438199983,2.83976894914362,2.52565274409978,0.00832936506033874
"quadneg",1000,906,5,1,200,241.265175017064,5.88983119483216,235.375343822232,197.686767051635,198.134108535735,2.23670742050034,17.9683564864866,17.8826660114976,17.8885438199983,2.42528625242952,2.08253261916049,0.0194006585454902
"quadneg",1000,906,10,0,100,127.728776066422,2.77914525214565,124.949630814277,97.8469861729777,98.0619629072719,2.1497673429419,13.4441847669617,13.4159744964792,13.4164078649987,2.222655401678,2.00415317680135,0.0234738048933606
"quadneg",1000,906,10,1,100,122.566088015362,3.05905922882747,119.507028786535,97.8067794321698,98.0216450519527,2.14865619782935,13.4393817273653,13.4107934209131,13.4164078649987,1.84229521011204,1.60209639058918,0.0471523177103311
"quadneg",1000,906,25,0,40,61.7103153816801,1.19738413737635,60.5129312443038,37.8991445347787,37.9828708023667,2.09315668969779,8.7686658482827,8.76187958314706,8.76356092008266,2.71548388989697,2.57137298317502,0.00884070313654885
"quadneg",1000,906,25,1,40,62.5719554682781,1.16674943850989,61.4052060297683,37.8892585244592,37.9726319812066,2.08433641868491,8.76478052118209,8.75788173806642,8.76356092008266,2.81612264952528,2.67559836378141,0.00726673597179217
"quadneg",1000,906,50,0,20,44.5589955437236,0.676289103833728,43.8827064398898,17.9151697096326,17.9565676015852,2.06989459762683,6.25853362504583,6.25632336395066,6.26099033699941,4.25719943845406,4.14398958143576,0.000479711091601406
"quadneg",1000,906,50,1,20,41.2775188772031,0.664612928422208,40.6129059487809,17.9199435526052,17.9610579885831,2.0557217988955,6.25567271899309,6.25341670606279,6.26099033699941,3.73382310325811,3.62231545168522,0.00139371741927457
"quadneg",1000,907,2,0,500,496.358877185759,3.99094814124904,492.36792904451,497.456354895218,498.727792391568,2.54287499269851,22.5359565015096,22.3606539200272,22.3606797749979,-0.0486989628944983,-0.28442206430113,0.512335807722013
"quadneg",1000,907,2,1,500,482.46134210629,3.93658104986737,478.524761056423,497.279944423774,498.581434280911,2.60297971427432,22.5274258333143,22.3585232689571,22.3606797749979,-0.657802734636886,-0.897048207666526,0.68310377868732
"quadneg",1000,907,5,0,200,216.683148728426,1.67396541335707,215.009183315069,197.747312589554,198.197546081366,2.25116745906229,17.9235379986897,17.8884183748888,17.8885438199983,1.05647870081546,0.939805682167094,0.172555978129852
"quadneg",1000,907,5,1,200,220.346024340196,1.54683411994652,218.799190220249,197.602017399147,198.065030112547,2.31506356700396,17.9156270707115,17.8822544932941,17.8885438199983,1.26950660734789,1.15948244196374,0.132110281285589
"quadneg",1000,907,10,0,100,122.893991742013,0.806980928388279,122.087010813625,97.8257486021708,98.0428950542517,2.17146452080831,13.4277075152556,13.4160468288735,13.4164078649987,1.86690416896272,1.79219080449441,0.0452000601042415
"quadneg",1000,907,10,1,100,116.517679445001,0.675489765734202,115.842189679267,97.718013623103,97.9412993904547,2.2328576735171,13.4213171371731,13.4102578895683,13.4164078649987,1.40073180819405,1.33486547657949,0.0977562686594354
"quadneg",1000,907,25,0,40,63.1516259489713,0.373981899086092,62.7776440498852,37.8842032250838,37.9685834281574,2.10950507684065,8.76497135644474,8.76220034846234,8.76356092008266,2.88277299449574,2.83137335772989,0.00635846146649484
"quadneg",1000,907,25,1,40,67.1662456793951,0.289048386718984,66.8771972926761,37.8294719201485,37.9152666048691,2.14486711801526,8.76069035892271,8.75806334971408,8.76356092008266,3.34868287284771,3.30688755394221,0.00243732660589609
"quadneg",1000,907,50,0,20,44.3500272489032,0.290305889493894,44.0597213594093,17.900316799545,17.9420701103837,2.08766554193806,6.25813429442812,6.25725734617157,6.26099033699941,4.226452997806,4.17397747992662,0.000514028926527593
"quadneg",1000,907,50,1,20,43.8941169644266,0.161241893955391,43.7328750704712,17.879688324755,17.9216601932172,2.0985934231109,6.25509662563831,6.25426028856642,6.26099033699941,4.15891715134248,4.12698123940255,0.000597342610327168
"quadneg",1000,908,2,0,500,527.376270062553,5.24508109339948,522.131188969153,497.456407094083,498.727829042206,2.54284389624613,22.5046504293648,22.3606571794822,22.3606797749979,1.32949689942439,1.04663113159404,0.175113407295109
"quadneg",1000,908,2,1,500,494.033868175268,5.64445652065703,488.389411654611,497.41840781391,498.678444134935,2.52007264204967,22.5041461735138,22.3597343363383,22.3606797749979,-0.150396269760508,-0.460158977094918,0.541759187813913
"quadneg",1000,908,5,0,200,235.463823907878,2.15592867149198,233.307895236386,197.720940602289,198.176454432393,2.27756915052122,17.9172571745892,17.8884218561524,17.8885438199983,2.10651010574976,1.96392063461487,0.0352645899957153
"quadneg",1000,908,5,1,200,227.576614636682,2.41649163558699,225.160123001095,197.682042828564,198.138180704834,2.28068938135151,17.9148711389244,17.8857668242167,17.8885438199983,1.66870147020843,1.51080703230871,0.0733574695851312
"quadneg",1000,908,10,0,100,145.503685725712,1.09120370305095,144.412482022661,97.8172758858158,98.0352784394088,2.18002553592948,13.4256281284179,13.4160589090159,13.4164078649987,3.55189413737441,3.45684257185887,0.00131699606399106
"quadneg",1000,908,10,1,100,120.080329462392,1.11393379542627,118.966395666965,97.8133643323036,98.0295563174875,2.16191985183915,13.4230339166386,13.4133299993213,13.4164078649987,1.65886231595428,1.56089795379202,0.0643804641994671
"quadneg",1000,908,25,0,40,79.171447386414,0.345757196849461,78.8256901895645,37.871446895346,37.9563462470643,2.12248379295934,8.76452093251199,8.76224895898619,8.76356092008266,4.71218002776006,4.66425276590507,0.000101512941416555
"quadneg",1000,908,25,1,40,58.3220016870936,0.311446445224482,58.0105552418691,37.8875617731496,37.9714940331085,2.09830649897243,8.76284610702944,8.7605328366375,8.76356092008266,2.33194097720736,2.28742492978909,0.0185633584554514
"quadneg",1000,908,50,0,20,39.8850530785302,0.0598383825521495,39.8252146959781,17.903136450038,17.9448477525517,2.08556512568211,6.25817161645987,6.25747275341581,6.26099033699941,3.51251419355082,3.49667794102378,0.00216378380675851
"quadneg",1000,908,50,1,20,37.5866676617466,0.0273706266723388,37.5592970350742,17.9132824828367,17.9547122191881,2.07148681757077,6.25697105418499,6.25625905792867,6.26099033699941,3.14423464780955,3.13359543368666,0.00439137525872876
"quadneg",1000,909,2,0,500,549.230627759322,14.152097218521,535.078530540801,497.462795453093,498.731006529702,2.53642215321894,22.72176570734,22.3606579300822,22.3606797749979,2.27833668267717,1.62551227807119,0.0557250087791163
"quadneg",1000,909,2,1,500,520.489787580385,14.6075802623437,505.882207318042,496.532477379406,497.795405263226,2.52585576764085,22.661556522773,22.3398780333584,22.3606797749979,1.05717849420028,0.361989534711884,0.234775218360634
"quadneg",1000,909,5,0,200,246.592532568772,5.65175775007967,240.940774818692,197.758559564865,198.206545323883,2.23992879508986,17.9610348912068,17.8884179144052,17.8885438199983,2.71888414557976,2.38893286702544,0.010739438095781
"quadneg",1000,909,5,1,200,205.519146615995,5.21888070203916,200.300265913956,197.150856290487,197.596623266373,2.2288348794292,17.9026234232282,17.8401680262387,17.8885438199983,0.467433745752098,0.151548048404441,0.342159626672423
"quadneg",1000,909,10,0,100,121.806039894323,2.83955154989081,118.966488344433,97.8675699072306,98.0805288208144,2.12958913583744,13.4402129874192,13.4160377979314,13.4164078649987,1.78110793404096,1.5567904502206,0.0519521122171588
"quadneg",1000,909,10,1,100,117.428447929893,2.44247178275516,114.985976147138,97.5100338734558,97.7244867708806,2.14452897424791,13.3934781350759,13.3727053291154,13.4164078649987,1.48717262652436,1.29080010001233,0.0881436692120642
"quadneg",1000,909,25,0,40,49.3972498985333,1.0767464031269,48.3205034954064,37.9300191423357,38.0125636791912,2.06361342138839,8.76802606875355,8.76218203856386,8.76356092008266,1.30784633465715,1.17641242453629,0.10196248210706
"quadneg",1000,909,25,1,40,49.0568351168142,0.873828924852337,48.1830061919619,37.7736535791412,37.8564560819814,2.07006257100601,8.73507729378127,8.7300594504564,8.76356092008266,1.29170941002501,1.18287282790962,0.107936557337236
"quadneg",1000,909,50,0,20,32.9212807499324,0.509186379327115,32.4120943706053,17.9574831663649,17.9980854052995,2.03011194673091,6.25908119333446,6.25713085921475,6.26099033699941,2.39073389869156,2.30361315587297,0.0170601725531524
"quadneg",1000,909,50,1,20,31.2066927807255,0.359089385065692,30.8476033956598,17.8695132965399,17.9103840305471,2.04353670036202,6.23568879208763,6.23404518252619,6.26099033699941,2.13884623317138,2.07525274301432,0.0272418386566505
"quadneg",1000,910,2,0,500,524.106313532692,16.1988720919242,507.907441440768,497.475266421488,498.737213141353,2.52389343973109,22.6778342937016,22.3606467923292,22.3606797749979,1.17432056193306,0.410105681851768,0.202079250445771
"quadneg",1000,910,2,1,500,569.557513916415,15.7128326707629,553.844681245653,497.411111564752,498.649339217974,2.47645530644306,22.6696456937133,22.3585111479357,22.3606797749979,3.18251124549647,2.46865015574951,0.0143365163893834
"quadneg",1000,910,5,0,200,226.587199644966,6.51947314816296,220.067726496803,197.746133693403,198.196568381219,2.25217343907635,17.9521150062032,17.8883994821229,17.8885438199983,1.60655532462872,1.22264477252098,0.0798852926955737
"quadneg",1000,910,5,1,200,216.070160088948,6.24072781411574,209.829432274832,197.704991616842,198.150421257223,2.22714820190436,17.945422219038,17.8832918752487,17.8885438199983,1.0233901575535,0.653068299677704,0.180074648977369
"quadneg",1000,910,10,0,100,122.210646834296,3.40770163160292,118.802945202693,97.8563567563247,98.0703939322208,2.14037175896027,13.4371535507925,13.4159762872431,13.4164078649987,1.8124590141738,1.54536284401354,0.049348350896404
"quadneg",1000,910,10,1,100,105.504479540537,3.09953721408439,102.404942326452,97.8206017475677,98.0345192145476,2.13917466979871,13.4319515390614,13.4113219972304,13.4164078649987,0.57205967209034,0.325875637972684,0.284244522862197
"quadneg",1000,910,25,0,40,65.4489049272092,1.22451253014279,64.2243923970664,37.9046856912688,37.9882184707307,2.08831948654673,8.76713077242044,8.76204288202168,8.76356092008266,3.14175982438733,2.99429873599092,0.00369955866906619
"quadneg",1000,910,25,1,40,64.2833701261565,1.25541772751277,63.0279523986437,37.9063490279829,37.9891496698198,2.0700160459237,8.76343232785329,8.75848284383233,8.76356092008266,3.00989613559725,2.85880593423278,0.00488136721237363
"quadneg",1000,910,50,0,20,45.9795008852565,0.720877816927622,45.2586230683289,17.9376334241265,17.9786146840621,2.04906299677963,6.25849499876326,6.25684387112269,6.26099033699941,4.48060875125272,4.36002702739199,0.000298722192931367
"quadneg",1000,910,50,1,20,42.887257512467,0.681664344235416,42.2055931682316,17.9363619220351,17.9771914544267,2.04147661957973,6.25571101341405,6.25410495417264,6.26099033699941,3.98849875528617,3.87399985950669,0.000830114378225653
"quadneg",1000,911,2,0,500,510.725234977675,7.51820565176313,503.207029325912,497.465768391498,498.732417878338,2.53329897368003,22.8429422216062,22.3606405517484,22.3606797749979,0.580462291483411,0.200111058411683,0.336909682819062
"quadneg",1000,911,2,1,500,503.993379255538,7.85222834372707,496.141150911811,497.053659377089,498.303785255682,2.50025175718662,22.817069502602,22.3520361134676,22.3606797749979,0.304145976224412,-0.0967533486834446,0.416733923017222
"quadneg",1000,911,5,0,200,243.134606631099,3.14232581558742,239.992280815511,197.747433648932,198.1975643018,2.25065326434328,17.9855211429775,17.8883744140618,17.8885438199983,2.52353949720764,2.3364178066877,0.0158373841894542
"quadneg",1000,911,5,1,200,217.711369242274,2.89944667432386,214.81192256795,197.492005565759,197.938035019634,2.23014726937789,17.9595431529749,17.8670165191593,17.8885438199983,1.1258283968747,0.944415511690041,0.160430640274919
"quadneg",1000,911,10,0,100,144.61036472753,1.52222058844861,143.088144139081,97.8642510265331,98.077502129756,2.13251103222919,13.4483150590689,13.4159754618741,13.4164078649987,3.47598293880491,3.35500330462273,0.00154721276602549
"quadneg",1000,911,10,1,100,104.686577611462,1.31942235294085,103.367155258521,97.7198683123784,97.931795229963,2.11926917584594,13.4267981136374,13.3960621107384,13.4164078649987,0.518866020038511,0.405743119405304,0.303437047695916
"quadneg",1000,911,25,0,40,55.94008950813,0.701079938151782,55.2390095699782,37.9293294402776,38.0118432280051,2.0628446931862,8.76963945140592,8.7618470267682,8.76356092008266,2.05376289044185,1.96615694035089,0.0303611289707393
"quadneg",1000,911,25,1,40,29.7746495137163,0.665551991128469,29.1090975225879,37.8602520389149,37.9427814292122,2.06323475743288,8.75446630317686,8.74711905907555,8.76356092008266,-0.923597423896013,-1.0098963838224,0.827337736437282
"quadneg",1000,911,50,0,20,26.0998914454848,0.277491865442421,25.8223995800424,17.9480636540837,17.9887853043877,2.03608251520082,6.2585635026998,6.25602858380527,6.26099033699941,1.30250780197158,1.25217047376241,0.0974957553913504
"quadneg",1000,911,50,1,20,19.060264548846,0.405619722992355,18.6546448258536,17.9046037967878,17.9455157952313,2.0455999221752,6.24790384319052,6.24551734394812,6.26099033699941,0.184967755756628,0.113542080114379,0.388121246305561
"quadneg",1000,912,2,0,500,509.00116283711,8.34419496515481,500.656967871955,497.450815356735,498.724896042703,2.54816137193541,23.2420184937247,22.3606226899975,22.3606797749979,0.496959740544622,0.0864050995376114,0.356757852911802
"quadneg",1000,912,2,1,500,516.563590977976,9.06144122810504,507.502149749871,497.421150513242,498.698603338832,2.55490565117972,23.244742165487,22.3599718925596,22.3606797749979,0.823517005628733,0.39371902850953,0.273548001060442
"quadneg",1000,912,5,0,200,172.158789718396,3.2424476639655,168.916342054431,197.722862855541,198.177797477122,2.27467310790576,18.0669619959027,17.888307385968,17.8885438199983,-1.41496246811955,-1.63578670644069,0.907564853008842
"quadneg",1000,912,5,1,200,191.78352417118,3.56659158177139,188.216932589408,197.720733905882,198.173316392646,2.26291243381709,18.0669945375085,17.8871845249955,17.8885438199983,-0.328621881319352,-0.556621070762943,0.61107516686472
"quadneg",1000,912,10,0,100,89.0901783630719,1.65943940891904,87.4307389541528,97.8299578135632,98.0465183267192,2.16560513155992,13.4752891067374,13.4157842560681,13.4164078649987,-0.648578251736474,-0.791290257054092,0.728665636188334
"quadneg",1000,912,10,1,100,117.981151524994,1.75445524022244,116.226696284772,97.804303694553,98.0226352297704,2.18331535217352,13.4747207948584,13.4147628304377,13.4164078649987,1.49738522509055,1.35701698830612,0.0826862246354474
"quadneg",1000,912,25,0,40,29.4831087703488,0.65629106757515,28.8268177027737,37.9026486471248,37.9861695912201,2.0880236023835,8.77582702097455,8.76149084577968,8.76356092008266,-0.959401302766446,-1.04541019897982,0.837241932028862
"quadneg",1000,912,25,1,40,39.5518755980011,0.777329419646813,38.7745461783543,37.8961136230237,37.9797835669494,2.0917485981441,8.77533593036963,8.76088234078913,8.76356092008266,0.188683600048533,0.0907171881198014,0.400537510549047
"quadneg",1000,912,50,0,20,20.5439146593477,0.419533382982702,20.124381276365,17.9174918041321,17.9587840381779,2.0646117022897,6.26002415546045,6.25535453460402,6.26099033699941,0.419554747712062,0.346198960619618,0.303044022797151
"quadneg",1000,912,50,1,20,23.1780886306454,0.45056820657672,22.7275204240687,17.9182968062369,17.9595461247647,2.06246592638695,6.25964790733754,6.25493736639222,6.26099033699941,0.840269596991712,0.762273707954679,0.183839007223914
"quadneg",1000,913,2,0,500,507.489719581591,5.16419150105714,502.325528080534,497.500495957085,498.749854501661,2.4987170891506,22.5546631435221,22.3606489706598,22.3606797749979,0.442889506304789,0.159909204047012,0.374523167127312
"quadneg",1000,913,2,1,500,470.221821696845,6.05302440897725,464.168797287868,497.319739469328,498.58279767279,2.52611640692377,22.5518255595409,22.3581986854172,22.3606797749979,-1.20158422212601,-1.53921167215353,0.809452003477617
"quadneg",1000,913,5,0,200,223.192518672795,2.24545059883804,220.947068073957,197.726875729656,198.181187130685,2.27155700514346,17.9272847973314,17.8884101661448,17.8885438199983,1.42049636802389,1.27266094257826,0.105812234107706
"quadneg",1000,913,5,1,200,202.587400186991,2.52561129225162,200.061788894739,197.661147545552,198.108776285112,2.23814369779818,17.9202438028762,17.8809434783492,17.8885438199983,0.274898751134617,0.109223129752187,0.39657818878047
"quadneg",1000,913,10,0,100,101.763790618016,1.12209394863668,100.641696669379,97.832069755677,98.0485674544862,2.16497698809177,13.4289082558603,13.4160184592896,13.4164078649987,0.292780380015122,0.193286050012668,0.377152673025959
"quadneg",1000,913,10,1,100,108.187523238021,1.3109809281926,106.876542309828,97.7757703833492,97.9924365630915,2.16666179742329,13.4223274301925,13.40921905554,13.4164078649987,0.77570398344262,0.662537147759252,0.226285715824326
"quadneg",1000,913,25,0,40,33.5123533719455,0.459391439956692,33.0529619319888,37.8739525585255,37.9587174610711,2.11912256363948,8.76511310452749,8.76205526625646,8.76356092008266,-0.497609002253158,-0.559886394231593,0.676958711707208
"quadneg",1000,913,25,1,40,35.892949107063,0.439078959805134,35.4538701472578,37.878401696326,37.9619796193099,2.08944807459721,8.75980387644527,8.75667574505822,8.76356092008266,-0.22665491342812,-0.286422558636761,0.567254691103944
"quadneg",1000,913,50,0,20,21.1639969243964,0.239431004806865,20.9245659195895,17.8956358696903,17.9374605457355,2.09123380225803,6.25782529790543,6.2568915326176,6.26099033699941,0.522283844485078,0.477410445471528,0.271220104597104
"quadneg",1000,913,50,1,20,21.7646651200997,0.206689873497219,21.5579752466025,17.9092816650867,17.9505913945802,2.06548647467663,6.25411933121669,6.25315524095934,6.26099033699941,0.616455051596052,0.576890179919612,0.24260106074904
"quadneg",1000,914,2,0,500,515.018490796031,8.86967331000547,506.148817486025,497.499970931993,498.749658348249,2.49937483251285,22.5350307789648,22.3606599283434,22.3606797749979,0.777390545230142,0.33090074986547,0.28968845961269
"quadneg",1000,914,2,1,500,510.446681712912,9.1409899071793,501.305691805732,497.078519475136,498.317407823758,2.47777669724351,22.5150330184081,22.3531860094372,22.3606797749979,0.593743843362149,0.133684924409106,0.340084642063122
"quadneg",1000,914,5,0,200,215.312369224071,3.62132443351692,211.691044790555,197.738237205157,198.190280201126,2.26021497984538,17.9233508566208,17.8884175104871,17.8885438199983,0.980515984957304,0.754721013276554,0.189669509126267
"quadneg",1000,914,5,1,200,200.868063400937,3.60528996253823,197.262773438399,197.505245948257,197.951902482803,2.2332826727319,17.9012106011892,17.8687844503208,17.8885438199983,0.187854191964918,-0.0385660841295788,0.429791627219006
"quadneg",1000,914,10,0,100,117.781630220941,1.76961859808349,116.012011622858,97.8296529074339,98.0464029866418,2.16750079207906,13.4276372345155,13.416039590499,13.4164078649987,1.48588891441162,1.33911416368649,0.0846242867680138
"quadneg",1000,914,10,1,100,114.528922626995,1.878990778875,112.64993184812,97.7142497336593,97.9279182162058,2.13668482546503,13.4085737336463,13.3977734520185,13.4164078649987,1.25402397207561,1.09884031735857,0.121581140768749
"quadneg",1000,914,25,0,40,58.1747251512763,0.800982393183193,57.3737427580932,37.9008445054206,37.9845633178724,2.09297031129466,8.76499028875996,8.76222419019069,8.76356092008266,2.31305226565448,2.21281480813136,0.0191506727175692
"quadneg",1000,914,25,1,40,58.1555592349635,0.752233375190347,57.4033258597732,37.8521313143665,37.9353557151078,2.08061001853152,8.75177885684691,8.74919131143488,8.76356092008266,2.31992012740504,2.22511652239464,0.0192283240662331
"quadneg",1000,914,50,0,20,39.4045523367387,0.42489659825089,38.9796557384878,17.9256918078204,17.9669374311948,2.06228116871974,6.25812254912329,6.257250369136,6.26099033699941,3.43215722612006,3.35813928925374,0.00251371634541887
"quadneg",1000,914,50,1,20,34.3261993917505,0.402218223300845,33.9239811684497,17.8985277610259,17.9396959853068,2.05841121404425,6.24847031747069,6.24765856047933,6.26099033699941,2.62907092393365,2.55844410004323,0.0114764660807026
"quadneg",1000,915,2,0,500,474.204660103916,7.14058106784729,467.064079036068,497.473391798393,498.736287427916,2.52579125904611,22.6149926902919,22.3606397629172,22.3606797749979,-1.02890732768027,-1.41642675378066,0.771902778066524
"quadneg",1000,915,2,1,500,506.478451697503,6.43425349226561,500.044198205238,496.549062341186,497.786842547756,2.47556041313999,22.5868189109347,22.3450724528164,22.3606797749979,0.439609906798789,0.10102252576035,0.386582748927498
"quadneg",1000,915,5,0,200,186.552531706667,2.77047699898309,183.782054707684,197.737740219237,198.189809461949,2.26034621356054,17.9393767333271,17.8883718213808,17.8885438199983,-0.623500396855521,-0.805425720022476,0.709888572164588
"quadneg",1000,915,5,1,200,178.942255420134,2.01925751183942,176.922997908294,197.200932504797,197.64175108221,2.20409288706444,17.8942309841384,17.8436419419082,17.8885438199983,-1.02036668135377,-1.16112805005656,0.830584477163602
"quadneg",1000,915,10,0,100,95.9659929851814,1.45457159866582,94.5114213865156,97.8289868884524,98.0457530329749,2.16766144522484,13.4328805317962,13.4159590430896,13.4164078649987,-0.13868908450881,-0.263442340208978,0.539263642468989
"quadneg",1000,915,10,1,100,86.984373694704,1.08051046371865,85.9038632309854,97.5448359630177,97.7573420353009,2.12506072283242,13.392223128615,13.3751693239252,13.4164078649987,-0.788551845865622,-0.886230186492842,0.779440862132733
"quadneg",1000,915,25,0,40,42.8210486249539,0.56313605879108,42.2579125661628,37.9042689877715,37.9877864312917,2.08793608800421,8.76583746116654,8.76185096893795,8.76356092008266,0.560902441890371,0.487354344419846,0.271922373628256
"quadneg",1000,915,25,1,40,38.975339315604,0.550627930612862,38.4247113849912,37.7730566180329,37.8563005350511,2.08109792545442,8.73639800456538,8.73238018836439,8.76356092008266,0.137617665420332,0.0650923159183437,0.425696629044088
"quadneg",1000,915,50,0,20,25.9742920111442,0.31562045368063,25.6586715574636,17.9263982609332,17.9675696557273,2.05856973970523,6.25751059933934,6.25628700533841,6.26099033699941,1.28611747794095,1.22933968585099,0.100347178002344
"quadneg",1000,915,50,1,20,23.9864761934843,0.259625935221737,23.7268502582626,17.8621546858038,17.9032731272029,2.05592206995609,6.23686232583172,6.23561415508998,6.26099033699941,0.981955539136235,0.933921982056258,0.155471343392553
"quadneg",1000,916,2,0,500,541.615952972732,5.66783579923674,535.948117173495,497.455730041611,498.72748921356,2.54351834389754,22.5992064312161,22.3606512490496,22.3606797749979,1.95406077932553,1.66455920918301,0.0861898521941954
"quadneg",1000,916,2,1,500,527.61931686228,5.72868018512968,521.89063667715,497.394473714339,498.659504770475,2.53006211227164,22.5988084036836,22.3593233882424,22.3606797749979,1.33745295805128,1.03899082737411,0.173208806238314
"quadneg",1000,916,5,0,200,211.637542087565,2.29938913441472,209.338152953151,197.740758229361,198.192245426325,2.25743598482103,17.9362054868547,17.8883855374851,17.8885438199983,0.774789509876506,0.623080685703544,0.240871175212512
"quadneg",1000,916,5,1,200,222.468453180679,2.2998032537399,220.16864992694,197.691020187519,198.143035976482,2.2600789448176,17.9331627237889,17.8848142746156,17.8885438199983,1.38165438940075,1.23152600928705,0.1120919757974
"quadneg",1000,916,10,0,100,93.9123479967583,1.2221527128372,92.6901952839211,97.8307454612816,98.0473509976699,2.16605536388296,13.4318552631192,13.4159829966798,13.4164078649987,-0.291724217374669,-0.399311456721031,0.598059232051471
"quadneg",1000,916,10,1,100,104.335920433982,1.25321462870544,103.082705805277,97.8071524096064,98.0234653407507,2.16312931144343,13.4287802993317,13.4126630829901,13.4164078649987,0.486177290777552,0.377198803341476,0.311870288888751
"quadneg",1000,916,25,0,40,51.6237328055729,0.445644320825247,51.1780884847477,37.8941291738239,37.9780737181771,2.09861360882887,8.76574828874591,8.76197872702687,8.76356092008266,1.56627856282116,1.50651070697699,0.0691849069624905
"quadneg",1000,916,25,1,40,44.6168418099378,0.327127842666299,44.2897139672715,37.891754445585,37.9752989587451,2.08861282900222,8.76317823521139,8.75933804163295,8.76356092008266,0.767425605624524,0.720878105002237,0.21346278971116
"quadneg",1000,916,50,0,20,33.0391831488417,0.181042956609548,32.8581401922322,17.9327207891549,17.9737930154999,2.05361131724866,6.25788176877143,6.2567174404069,6.26099033699941,2.41398973612321,2.3789386876586,0.0165090981374716
"quadneg",1000,916,50,1,20,25.8441545059741,0.162767227072752,25.6813872789013,17.9233759289719,17.9645167647422,2.05704178851402,6.2560759371997,6.25489151918036,6.26099033699941,1.26609373935247,1.23373370912919,0.103375055829172
"quadneg",1000,917,2,0,500,533.383996872465,5.38224562921903,528.001751243246,497.468972534727,498.734077889895,2.53021071033612,22.6823804116333,22.3606537356151,22.3606797749979,1.58338867817056,1.30889166745311,0.132064844472546
"quadneg",1000,917,2,1,500,479.691170942614,5.17601444218762,474.515156500426,497.454233315461,498.722417271226,2.53636791152973,22.6809926338555,22.3604938842069,22.3606797749979,-0.783169531404584,-1.08259061253997,0.714375108007418
"quadneg",1000,917,5,0,200,238.677285762851,2.23779644367751,236.439489319174,197.792503272796,198.233682064189,2.20589395696633,17.9530615703644,17.8884089364114,17.8885438199983,2.27731533865758,2.13578565823242,0.0254809816827579
"quadneg",1000,917,5,1,200,194.424443258283,2.04408489794929,192.380358360334,197.760947812212,198.207331683576,2.2319193568208,17.9522667277521,17.8879900682194,17.8885438199983,-0.185854221337491,-0.325747795086002,0.558517489863364
"quadneg",1000,917,10,0,100,138.143787711175,1.11549794553455,137.02828976564,97.8596198804731,98.0733573568177,2.13737476344519,13.4375259941474,13.4160142653867,13.4164078649987,2.99788576023941,2.90361441470185,0.0047261036965796
"quadneg",1000,917,10,1,100,124.109999152726,1.01639299416238,123.093606158564,97.8545344944586,98.0684919727801,2.13957478321499,13.4370126386744,13.4156500211685,13.4164078649987,1.95396591223701,1.86536724991311,0.0385467423034042
"quadneg",1000,917,25,0,40,43.2687319353906,0.566670307785254,42.7020616276053,37.8921075976601,37.9761316104473,2.10060031967947,8.76713823409169,8.76197753891661,8.76356092008266,0.613270168003407,0.539367967581256,0.256485521319047
"quadneg",1000,917,25,1,40,57.899809147123,0.47821907298281,57.4215900741402,37.8945440351085,37.9784141327092,2.09675244001777,8.76680014303361,8.76167645939732,8.76356092008266,2.28193466095054,2.21911594562217,0.0202920357800864
"quadneg",1000,917,50,0,20,24.3349997706652,0.291298510775337,24.0437012598899,17.9138784100389,17.9553362041017,2.07288970314209,6.25856056356398,6.256866995775,6.26099033699941,1.02597415099069,0.973069278905782,0.144356119576047
"quadneg",1000,917,50,1,20,31.9863926790179,0.28507788653339,31.7013147924845,17.9148513676527,17.9562760779354,2.07123551413863,6.25833390560104,6.25665588630565,6.26099033699941,2.24844847264726,2.19686665917391,0.0220689511048848
"quadneg",1000,918,2,0,500,507.391220044513,10.1606262768413,497.230593767671,497.462051102204,498.730605378319,2.53710855222967,22.69562898742,22.3606468716017,22.3606797749979,0.43749256510194,-0.067082657280046,0.375691926306355
"quadneg",1000,918,2,1,500,533.952681766962,10.1939643633899,523.758717403572,497.451162914728,498.721937308336,2.54154878721577,22.6962605790617,22.3605225929734,22.3606797749979,1.60826135764003,1.11968671533211,0.128420099209772
"quadneg",1000,918,5,0,200,224.815334397004,4.04644812417162,220.768886272833,197.76920909317,198.21501075853,2.22900832679966,17.9557047162067,17.8883921441291,17.8885438199983,1.50626921812894,1.26081066048775,0.0927131330564249
"quadneg",1000,918,5,1,200,213.355539821611,4.02198491749319,209.333554904118,197.738213875483,198.189353300037,2.25569712276669,17.9556385924837,17.8880660844197,17.8885438199983,0.869772793971526,0.622996446429025,0.215977198349491
"quadneg",1000,918,10,0,100,119.779637626267,1.85667412320142,117.922963503066,97.8637483233409,98.0770497734108,2.13301450069881,13.4383792160482,13.4159830428759,13.4164078649987,1.63084319549147,1.47927391278222,0.0667783141793537
"quadneg",1000,918,10,1,100,119.373410470023,1.85666408952941,117.516746380493,97.8456551491326,98.0605092673278,2.14854118195217,13.4381499924587,13.415662902828,13.4164078649987,1.60198802163774,1.45026281996576,0.0701333834014534
"quadneg",1000,918,25,0,40,74.132292399535,0.772587242534251,73.3597051570007,37.8947192420514,37.9786257355669,2.09766233788883,8.76727869391881,8.76190556744614,8.76356092008266,4.13327492174041,4.0380576062002,0.000405922626215609
"quadneg",1000,918,25,1,40,69.8148786411921,0.806449391131332,69.0084292500608,37.9017185098231,37.9853017782178,2.08958170986662,8.76707204145487,8.76167566852159,8.76356092008266,3.6401161049514,3.54077560566422,0.00125550640118965
"quadneg",1000,918,50,0,20,40.5307152036795,0.337471323385747,40.1932438802937,17.9395434927975,17.9804702678209,2.0463387511702,6.25835247554293,6.25658784023131,6.26099033699941,3.60976340005877,3.55030156687637,0.00176629994786252
"quadneg",1000,918,50,1,20,47.0904084333094,0.349437643392119,46.7409707899173,17.9369935887667,17.9779619669513,2.0484189092284,6.25821502525589,6.25644314836766,6.26099033699941,4.65842332468444,4.59734199462365,0.000205288604580158
"quadneg",1000,919,2,0,500,519.143232678329,5.49492347686589,513.648309201463,497.508011667733,498.753518694832,2.4910140541964,22.7592442054368,22.3606304128404,22.3606797749979,0.950612455110769,0.666116752150178,0.247699053161509
"quadneg",1000,919,2,1,500,527.602681464821,5.35400290157404,522.248678563247,497.473601491802,498.730807136688,2.51441128977183,22.760139343651,22.3604103828753,22.3606797749979,1.32376518078846,1.05176385512897,0.173338726523207
"quadneg",1000,919,5,0,200,188.921629159225,2.16283009476357,186.758799064461,197.767865979452,198.21391222204,2.23023121294024,17.9685499882161,17.888375054397,17.8885438199983,-0.492317790029155,-0.640366334155255,0.666304424763269
"quadneg",1000,919,5,1,200,195.81751018109,2.20509862320346,193.612411557886,197.74262015483,198.192246099909,2.24812972539343,17.9683843557614,17.8878094371686,17.8885438199983,-0.107138735215426,-0.256031044947669,0.5305050975845
"quadneg",1000,919,10,0,100,68.9399797945353,1.1305756753932,67.8094041191421,97.8519626490866,98.0663994028316,2.14436753744986,13.4425581224397,13.4159147623964,13.4164078649987,-2.15077982860185,-2.25530616581563,0.98860454614479
"quadneg",1000,919,10,1,100,92.1049408685159,1.28767027309663,90.8172705954192,97.8626481362404,98.0755666439781,2.129185077377,13.442157355749,13.4153483075639,13.4164078649987,-0.42833208355964,-0.541044174340701,0.648748192026149
"quadneg",1000,919,25,0,40,18.983793849322,0.304686864353782,18.6791069849682,37.9006321120419,37.9842985462046,2.09166085406723,8.76824127279244,8.76187015492208,8.76356092008266,-2.15742674889869,-2.20331860891496,0.99575311183361
"quadneg",1000,919,25,1,40,20.9301022265338,0.411757457657467,20.5183447688763,37.8994548264675,37.9831068095095,2.09129957605051,8.76795578389219,8.76153993227181,8.76356092008266,-1.93538300353983,-1.99334388425308,0.988846150529459
"quadneg",1000,919,50,0,20,5.53788725668968,0.0824096766342233,5.45547758005546,17.9122407211033,17.9536875520569,2.07234154768148,6.25820503587735,6.25616571898297,6.26099033699941,-1.97730074254092,-1.9977427922151,0.997739138663
"quadneg",1000,919,50,1,20,7.87156813116167,0.163135267543457,7.70843286361821,17.9163171872271,17.957665647699,2.06742302359281,6.2579597149422,6.25590497675595,6.26099033699941,-1.60511564689071,-1.63832935796854,0.980487566177443
"quadneg",1000,920,2,0,500,494.44611671148,7.2298015106404,487.21631520084,497.426589043112,498.712945140343,2.57271219446284,22.58505681847,22.3606589960057,22.3606797749979,-0.131966563360346,-0.514145398914993,0.53654742511351
"quadneg",1000,920,2,1,500,517.454025748416,7.96949440986499,509.484531338551,496.872647646804,498.128456292233,2.51161729085837,22.567530117351,22.3518921828044,22.3606797749979,0.911990722714879,0.508058778802399,0.264467032571346
"quadneg",1000,920,5,0,200,212.019967228591,2.93388243000768,209.086084798583,197.743871460571,198.19478331771,2.25455928569413,17.9334061121894,17.8884124065278,17.8885438199983,0.796061589120902,0.608846734598935,0.23518659806167
"quadneg",1000,920,5,1,200,202.895468144299,3.93896112326756,198.956507021031,197.366287137928,197.818777947224,2.26245404648025,17.9051158521221,17.8610007052492,17.8885438199983,0.308804536761227,0.063699066619078,0.390717775754574
"quadneg",1000,920,10,0,100,103.118564055936,1.40776329724776,101.710800758688,97.8373485356759,98.0533479973839,2.15999461708066,13.4310182943424,13.4160614417919,13.4164078649987,0.393210358628172,0.27261747251029,0.342050910421101
"quadneg",1000,920,10,1,100,112.141704992014,1.63128166796075,110.510423324053,97.6262105534014,97.8423468420044,2.16136288603076,13.4049655243862,13.390061728467,13.4164078649987,1.08284459308801,0.946080513961847,0.155685664472415
"quadneg",1000,920,25,0,40,40.7430016393022,0.546606923301226,40.1963947160009,37.8933917191875,37.9774061647218,2.10036113835836,8.76578416907473,8.76220731461088,8.76356092008266,0.325083285779264,0.25324538345252,0.350676144088588
"quadneg",1000,920,25,1,40,42.0714956976735,0.666077379167787,41.4054183185057,37.8156155395241,37.8991287470771,2.08783018882581,8.74660801484672,8.74299504213501,8.76356092008266,0.486574927208972,0.401039867291564,0.299016146870373
"quadneg",1000,920,50,0,20,18.1346616433706,0.257805685112249,17.8768559582584,17.9122206609204,17.9537509721904,2.07651556350226,6.25863321112821,6.25748273875569,6.26099033699941,0.0355414632790322,-0.0122884899794929,0.44681514571401
"quadneg",1000,920,50,1,20,19.6982599078732,0.271659292526414,19.4266006153468,17.8920276876404,17.9330342577316,2.05032850456011,6.24432917442742,6.24316299949351,6.26099033699941,0.289259609763989,0.239232318255397,0.350061080164925
"quadneg",1000,921,2,0,500,484.843153112331,6.01847001427213,478.824683098059,497.46895702484,498.734088068645,2.53026208760918,22.5058755902082,22.360653673271,22.3606797749979,-0.561000342417358,-0.890376697456962,0.655217904951781
"quadneg",1000,921,2,1,500,483.059998920862,6.45409807123953,476.605900849622,497.434021846896,498.707527853007,2.54701201222389,22.5059633694434,22.360405802896,22.3606797749979,-0.638676189509383,-0.988426918465087,0.676175659705453
"quadneg",1000,921,5,0,200,202.139642337907,2.3679384160291,199.771703921878,197.74723651982,198.197501282892,2.2513238153592,17.9175016293432,17.8884246538369,17.8885438199983,0.245146109594531,0.0880011890062411,0.405148081922115
"quadneg",1000,921,5,1,200,196.370662462943,2.43904302967691,193.931619433266,197.727948496906,198.179659923743,2.25855713418541,17.9167911668472,17.8875325499251,17.8885438199983,-0.075754973160329,-0.23748610819414,0.519369246076365
"quadneg",1000,921,10,0,100,88.2780966212291,1.19314655476204,87.0849500664671,97.8458422089803,98.0609721545161,2.15129945535803,13.4256712108756,13.4160352873717,13.4164078649987,-0.712645605383272,-0.818127103346293,0.748814859458605
"quadneg",1000,921,10,1,100,101.529390489046,1.13319723082953,100.396193258216,97.8405643793567,98.0555307923285,2.14966412971781,13.4248973250919,13.4151758616454,13.4164078649987,0.274774996066029,0.174478701585995,0.383372150481559
"quadneg",1000,921,25,0,40,45.1992290614242,0.51002450190979,44.6892045595144,37.9123615749226,37.9956247231826,2.08157870650009,8.76453412966147,8.76224829274617,8.76356092008266,0.831403857717997,0.763911226057483,0.196500536775474
"quadneg",1000,921,25,1,40,61.6355068522322,0.522036219750616,61.1134706324816,37.8945118777535,37.978374376862,2.0965624777127,8.76394559289065,8.76163790158924,8.76356092008266,2.7089391099983,2.64049901576317,0.0089912395878187
"quadneg",1000,921,50,0,20,30.8167753119731,0.192497763243267,30.6242775487299,17.9215489737149,17.9628918455988,2.06714359419628,6.25818219988192,6.25747151967008,6.26099033699941,2.06053865585786,2.02340284943057,0.0302232121576392
"quadneg",1000,921,50,1,20,34.9968410078937,0.120042924504993,34.8767980833887,17.9270967871991,17.968300624505,2.06019186529475,6.2577558770242,6.25703802286318,6.26099033699941,2.72777407047268,2.70231655890538,0.00946105918388915
"quadneg",1000,922,2,0,500,512.486507162594,9.80911130347046,502.677395859123,497.43353784784,498.716392191426,2.56570868717329,22.6419091563574,22.3606551922935,22.3606797749979,0.664827740929583,0.177141663946502,0.317136530339877
"quadneg",1000,922,2,1,500,517.150994312221,10.0205715263669,507.130422785854,497.376684055804,498.666119269866,2.57887042812243,22.6424563759364,22.359870476477,22.3606797749979,0.87332884418988,0.378548861671303,0.267538991083237
"quadneg",1000,922,5,0,200,233.22451761664,3.96140676447667,229.263110852164,197.725482305781,198.18005134135,2.27284517784736,17.9448686625233,17.8884035984156,17.8885438199983,1.97822764704862,1.73760947083991,0.0438297919183498
"quadneg",1000,922,5,1,200,246.186435999986,4.01794211846605,242.16849388152,197.714207344382,198.164865811423,2.25329233520613,17.943170845234,17.8860650092214,17.8885438199983,2.70143048147365,2.46021850235983,0.0112505235006372
"quadneg",1000,922,10,0,100,158.744642115122,1.97575431543895,156.768887799683,97.8131290530019,98.0315220544771,2.18393001475188,13.4347996423763,13.4160226315071,13.4164078649987,4.53534959091829,4.37815046668626,0.000100970369621277
"quadneg",1000,922,10,1,100,148.212538351563,2.04624213783499,146.166296213728,97.8020776630296,98.0198980321906,2.17820369161076,13.4329531406529,13.4139218251552,13.4164078649987,3.75274596439807,3.58928572934193,0.000800163184710969
"quadneg",1000,922,25,0,40,60.1281734706122,0.890647031196799,59.2375264394154,37.8688256646287,37.9538209189986,2.12488135924606,8.76672508876065,8.76219721727043,8.76356092008266,2.53907218266956,2.42903748827593,0.0125744282195712
"quadneg",1000,922,25,1,40,70.1879708192266,0.970555880767423,69.2174149384592,37.8630887135317,37.9480472285748,2.12396287607762,8.76536694415593,8.7607781221055,8.76356092008266,3.68779565209722,3.56924547957498,0.00114138894235198
"quadneg",1000,922,50,0,20,43.6485517304242,0.441754245094649,43.2067974853296,17.8989876429752,17.9407483003254,2.08803286751296,6.2584187418773,6.25694646155632,6.26099033699941,4.11438817846265,4.03807981101369,0.000647481585282368
"quadneg",1000,922,50,1,20,53.2208365183703,0.49990947677326,52.7209270415971,17.9039485376685,17.9455442341218,2.07978482266344,6.25742859756582,6.25593082880451,6.26099033699941,5.6439937635789,5.55878633557729,2.42503062608945e-05
"quadneg",1000,923,2,0,500,526.730463022582,14.9871996115897,511.743263410992,497.454949249496,498.727097681297,2.54429686360027,22.5714924070021,22.3606526403319,22.3606797749979,1.29701276482737,0.582101333939543,0.180241324392593
"quadneg",1000,923,2,1,500,526.502359022096,15.2211549294272,511.281204092669,497.460323396235,498.725654604693,2.53066241691603,22.571804661228,22.360523600367,22.3606797749979,1.28665102599207,0.561505164743562,0.182075853744736
"quadneg",1000,923,5,0,200,235.372916793396,6.05145970907088,229.321457084325,197.757643777956,198.205789485338,2.24072853691405,17.9306712065834,17.888405333992,17.8885438199983,2.09781734225485,1.73943216390898,0.0355823982994978
"quadneg",1000,923,5,1,200,210.364723041038,6.08072367875582,204.283999362283,197.736974710287,198.188222969929,2.25624129821019,17.9304577861323,17.8880168165539,17.8885438199983,0.704262461191501,0.34077429906667,0.260369461390778
"quadneg",1000,923,10,0,100,122.154660204575,3.05395741710916,119.100702787466,97.8486688318754,98.0634822173939,2.14813385518496,13.4300234116102,13.4159888279881,13.4164078649987,1.8098249442877,1.5680708175744,0.0497019723833452
"quadneg",1000,923,10,1,100,118.57785547034,3.08290952212961,115.49494594821,97.8499120099561,98.064294020919,2.14382010962924,13.4297150139519,13.4156061122429,13.4164078649987,1.54343881749167,1.29928173065431,0.077101481743665
"quadneg",1000,923,25,0,40,70.4778885609279,1.13718775142236,69.3407008095056,37.9002394653546,37.9839647013752,2.09313090051548,8.76546531505221,8.76211999949619,8.76356092008266,3.71659095377748,3.57867001478333,0.00105959822061835
"quadneg",1000,923,25,1,40,74.5609843225557,1.20422430616677,73.3567600163889,37.8991258274588,37.9828447709996,2.09297358852165,8.76521353214813,8.76184884547264,8.76356092008266,4.18265434842316,4.03726609180976,0.000361767478601828
"quadneg",1000,923,50,0,20,47.9204456301254,0.602177154671056,47.3182684754543,17.918777111211,17.9601407872546,2.06818380218088,6.2580040297872,6.25693275600869,6.26099033699941,4.79412738887843,4.69209576529432,0.000154717069307792
"quadneg",1000,923,50,1,20,49.066284086583,0.653036571730429,48.4132475148526,17.930606862481,17.9717207661867,2.05569518528649,6.25780959915583,6.25672902375872,6.26099033699941,4.97549130103002,4.86540597060701,0.000104346913809337
"quadneg",1000,924,2,0,500,564.868283087143,31.3968967356884,533.471386351454,497.46172107969,498.730431357575,2.53742055576895,23.1289208996653,22.3606376752969,22.3606797749979,2.91438421618831,1.55366566456465,0.0201010122070392
"quadneg",1000,924,2,1,500,546.700175629054,30.3673325100924,516.332843118961,496.885831925672,498.15016830771,2.5286727640759,23.0807127684941,22.3458544104197,22.3606797749979,2.15826712992071,0.813693425066491,0.0647003312041455
"quadneg",1000,924,5,0,200,269.890963986983,12.6335205537074,257.257443433276,197.752711925779,198.201736819982,2.24512447101637,18.0438916699245,17.8883483053277,17.8885438199983,3.99793200828425,3.30135044361281,0.000514908931798152
"quadneg",1000,924,5,1,200,250.855084833969,11.3316372798419,239.523447554127,197.382669698934,197.830348548987,2.23839425026081,18.003625684771,17.8582048650397,17.8885438199983,2.97009147331173,2.33467469548193,0.00650196704694924
"quadneg",1000,924,10,0,100,140.655098108029,6.33212658072093,134.322971527308,97.8603442565815,98.0739119343795,2.13567677798017,13.467706966235,13.415872146936,13.4164078649987,3.17758278812707,2.70195326818221,0.00309558541533988
"quadneg",1000,924,10,1,100,144.949557180051,5.5503613063356,139.399195873716,97.6399827626875,97.8543581589511,2.14375396263641,13.437069144572,13.388789294051,13.4164078649987,3.52082540532843,3.10295701891612,0.00145568376955746
"quadneg",1000,924,25,0,40,78.1838185157439,2.45821272337288,75.725605792371,37.9145272799429,37.9976225001859,2.07738050607516,8.77434917458468,8.7617902803845,8.76356092008266,4.58943340805753,4.30596739762749,0.000133918625248636
"quadneg",1000,924,25,1,40,74.767039418,2.12743059860662,72.6396088193934,37.808742818686,37.8925965239564,2.09634263176055,8.75473450729907,8.74310331769962,8.76356092008266,4.22152111734524,3.97421956859355,0.000342222236088202
"quadneg",1000,924,50,0,20,62.6328000463637,1.27578324835407,61.3570167980096,17.9401372197667,17.9810241787824,2.04434795078441,6.26032092929908,6.25613060266437,6.26099033699941,7.13903701285181,6.93335791307717,7.62941448780662e-07
"quadneg",1000,924,50,1,20,50.3423904731873,1.10976513951768,49.2326253336696,17.8793538956025,17.9204943978245,2.05702511110141,6.24507224698749,6.24121069780006,6.26099033699941,5.19818431135756,5.0169962931843,6.69894799742596e-05
"quadneg",1000,925,2,0,500,511.561923571858,6.35652523929412,505.205398332564,497.515534827554,498.757395988985,2.48372232286113,22.5226860750242,22.3606557930172,22.3606797749979,0.623655131431264,0.288363740458507,0.327450310936961
"quadneg",1000,925,2,1,500,524.440621305367,7.48792831238796,516.952692992979,497.270666932753,498.553163033895,2.56499220228402,22.5143070667637,22.3579741376042,22.3606797749979,1.20678616899223,0.822951571812489,0.199208157252355
"quadneg",1000,925,5,0,200,221.109540046407,2.57205834081656,218.53748170559,197.805437765496,198.244061311164,2.19311772833918,17.9208829219932,17.8884261616532,17.8885438199983,1.30038806583077,1.13444414902907,0.124627744110137
"quadneg",1000,925,5,1,200,222.653360705742,2.8203827135492,219.832977992193,197.626977199614,198.079010444332,2.26016622358991,17.9113149836422,17.8800987437757,17.8885438199983,1.39723875823654,1.2166581325751,0.110462225292935
"quadneg",1000,925,10,0,100,100.779651020693,1.34726853248616,99.4323824882064,97.8769756068693,98.0890210925798,2.12045485710463,13.4268578673264,13.4160762770209,13.4164078649987,0.216184266081101,0.100130721373992,0.403526084976944
"quadneg",1000,925,10,1,100,110.320651643488,1.37660954534882,108.944042098139,97.7708207727427,97.9872468146702,2.1642604192743,13.4186418071546,13.4083022222514,13.4164078649987,0.935253437054557,0.817164999852553,0.185977302809754
"quadneg",1000,925,25,0,40,62.0212455074531,0.524913095997494,61.4963324114556,37.9132963119451,37.996512598506,2.08040716402091,8.76476508734464,8.76220047930526,8.76356092008266,2.75055280492539,2.68195413565941,0.00823960486418888
"quadneg",1000,925,25,1,40,60.7597436468474,0.537209046117561,60.2225346007298,37.8575095981286,37.9418340951049,2.10811242440623,8.75866074417767,8.75620961253466,8.76356092008266,2.61481003975899,2.54455997418446,0.0109380506463361
"quadneg",1000,925,50,0,20,32.7605516486033,0.164085756924804,32.5964658916784,17.9247332323823,17.9660042381329,2.0635502875332,6.2581638280901,6.25734963213595,6.26099033699941,2.37063439432979,2.3381243679285,0.0178388167847298
"quadneg",1000,925,50,1,20,32.8179866887703,0.222263161769507,32.5957235270008,17.8980245900505,17.9395336402489,2.07545250991701,6.25355025822999,6.25277571688732,6.26099033699941,2.38583868084923,2.34394939949132,0.017556884717628
"quadneg",1000,926,2,0,500,510.483720314079,7.78342236426851,502.700297949811,497.481032121052,498.740094899037,2.51812555596995,22.6448528723803,22.3606461630813,22.3606797749979,0.574200603832854,0.177105930745058,0.339661748002308
"quadneg",1000,926,2,1,500,531.20968536267,8.06931922898902,523.140366133681,497.327814820157,498.579265210278,2.50290078024116,22.632677125662,22.3572589458356,22.3606797749979,1.49703326541499,1.09857388971102,0.14668003172712
"quadneg",1000,926,5,0,200,215.099879843686,3.15930405297954,211.940575790706,197.751298916926,198.200656943483,2.24679013278688,17.9454211063902,17.8883823664901,17.8885438199983,0.966741366720105,0.768091746124638,0.192419532199272
"quadneg",1000,926,5,1,200,193.242586505126,3.15247998327871,190.090106521847,197.657273214516,198.104753534519,2.23740160001291,17.9349569800127,17.880344457421,17.8885438199983,-0.246149835447623,-0.448237841936274,0.582164600545001
"quadneg",1000,926,10,0,100,107.921254565666,1.44374856893798,106.477505996728,97.8533280452758,98.0676681069764,2.14340061700573,13.4349361785677,13.4159786207058,13.4164078649987,0.749384022862055,0.626852362210232,0.231681611518295
"quadneg",1000,926,10,1,100,99.7833130770332,1.3829040769736,98.4004090000596,97.7917784563573,98.0065620016788,2.14783545321459,13.4268974209955,13.4087645028789,13.4164078649987,0.148324259747582,0.0293723555437389,0.430859827304556
"quadneg",1000,926,25,0,40,40.6444592147741,0.548403526569654,40.0960556882045,37.9105992076729,37.9938927423134,2.08233836601158,8.76657283558437,8.76202843607862,8.76356092008266,0.311850486886301,0.239917384567619,0.354681810346632
"quadneg",1000,926,25,1,40,44.4692166579946,0.657758625002333,43.8114580329922,37.8767245163161,37.9604215423008,2.09242564961798,8.76128629047855,8.75693582431073,8.76356092008266,0.752457107678688,0.668160256975724,0.217918213752101
"quadneg",1000,926,50,0,20,31.1753681276383,0.239603296703824,30.9357648309344,17.9334962730284,17.9745633647006,2.05335458361344,6.25836195213076,6.25689278505086,6.26099033699941,2.11586864995903,2.0715076814487,0.0274710775317975
"quadneg",1000,926,50,1,20,24.93275081903,0.313843276919599,24.6189075421104,17.9157795397373,17.9569648257301,2.05926429964149,6.25465116419235,6.25324059955065,6.26099033699941,1.12188051660893,1.06535845060224,0.126779839157924
"quadneg",1000,927,2,0,500,500.350551702685,1.88816618539814,498.462385517287,497.468961873539,498.734131894308,2.53034004153806,22.5839031820292,22.3606531869957,22.3606797749979,0.127594853994918,-0.0121528818835598,0.461966347662038
"quadneg",1000,927,2,1,500,489.063329619094,1.40708251401879,487.656247105076,497.350389072194,498.619933851541,2.53908955869298,22.577109287018,22.3586248205283,22.3606797749979,-0.367055824009547,-0.490356040877748,0.604003350693623
"quadneg",1000,927,5,0,200,207.720722463045,0.72417446811034,206.996547994935,197.739001678565,198.190839683838,2.25919002636771,17.9331160246753,17.8883862260679,17.8885438199983,0.556608275480165,0.492258396023684,0.303595719937981
"quadneg",1000,927,5,1,200,239.045175829698,0.701825810986266,238.343350018712,197.68271295131,198.131419096261,2.243530724758,17.9262414030013,17.8828325968142,17.8885438199983,2.30736951201956,2.24863319078511,0.0245268385071182
"quadneg",1000,927,10,0,100,108.812996281917,0.369724437894757,108.443271844022,97.8629682602428,98.0763584467755,2.1339018653267,13.4308360265078,13.4159922487567,13.4164078649987,0.815290127886512,0.772728040164722,0.213927096985104
"quadneg",1000,927,10,1,100,106.795850216555,0.406031446116176,106.389818770439,97.8269371717414,98.0396856344942,2.12748462752802,13.425073281336,13.4106579066782,13.4164078649987,0.668071812858034,0.622649029902325,0.255365025074919
"quadneg",1000,927,25,0,40,61.729425300878,0.175911862906484,61.5535134379716,37.9185938584029,38.0015661037914,2.07430613471257,8.76554831871449,8.76201769159929,8.76356092008266,2.71641095077177,2.68795934488479,0.00880262298195652
"quadneg",1000,927,25,1,40,43.9485381523482,0.100272701244065,43.8482654511041,37.9013130374027,37.9842767482425,2.07409277099453,8.76169518305783,8.7582720944519,8.76356092008266,0.690188940450566,0.669537168932708,0.234135972026084
"quadneg",1000,927,50,0,20,38.8610894361957,0.118957099112846,38.7421323370829,17.9292823547095,17.9704127983806,2.05652218355219,6.25765358548109,6.25656029055125,6.26099033699941,3.34499294273046,3.31999031002259,0.00297457041436577
"quadneg",1000,927,50,1,20,25.170200579617,0.0537804089535656,25.1164201706634,17.9285869998811,17.969547114703,2.04800574109318,6.25475753071141,6.25370774060411,6.26099033699941,1.15777686731722,1.1428217231127,0.120299328587581
"quadneg",1000,928,2,0,500,503.528917542131,8.41692198999016,495.111995552141,497.460047620484,498.729695598153,2.53929595533868,22.5556888023829,22.360659257657,22.3606797749979,0.269061609016611,-0.161788612953062,0.422440887191317
"quadneg",1000,928,2,1,500,513.837945151498,9.04886243817155,504.789082713326,497.377206347501,498.639526519409,2.52464034381647,22.5541282473016,22.3592666131826,22.3606797749979,0.729832633011044,0.275033895355558,0.302336675027621
"quadneg",1000,928,5,0,200,214.142894988821,3.36293610168125,210.77995888714,197.730931167293,198.184450498741,2.26759665724083,17.9275042373911,17.8884203744768,17.8885438199983,0.91546283320901,0.704115183158955,0.205127457191276
"quadneg",1000,928,5,1,200,222.186168318372,3.48736053207402,218.698807786298,197.689254304667,198.13875945236,2.24752573846544,17.9231636125533,17.8838253521857,17.8885438199983,1.36677399945995,1.14964488464011,0.114614791298663
"quadneg",1000,928,10,0,100,96.7391521360054,1.67730187090238,95.061850265103,97.824468352075,98.0417554135274,2.17287061452455,13.4290355153515,13.416058556368,13.4164078649987,-0.0808186272818263,-0.222114798910893,0.517052124228455
"quadneg",1000,928,10,1,100,104.330235588741,1.73110383097168,102.599131757769,97.7950157393694,98.011822570622,2.16806831252553,13.4249131045993,13.411805779247,13.4164078649987,0.48679792550258,0.342035163843884,0.31200799620054
"quadneg",1000,928,25,0,40,50.9968448537339,0.628852766292199,50.3679920874417,37.8660082560855,37.951126141494,2.12794713521069,8.76534279130042,8.76224930696882,8.76356092008266,1.49804028322551,1.41708658484213,0.0773729711946845
"quadneg",1000,928,25,1,40,48.3264767992671,0.58879540828054,47.7376813909866,37.8646123852555,37.9491770946358,2.1141177345082,8.76214208708359,8.75900601070234,8.76356092008266,1.19398479390487,1.11753597204872,0.121697200207333
"quadneg",1000,928,50,0,20,23.5165148259711,0.353434175286688,23.1630806506844,17.8944543289342,17.9363249055235,2.09352882946472,6.25823333647033,6.25724741223851,6.26099033699941,0.898346257604994,0.835312302808736,0.171514039516647
"quadneg",1000,928,50,1,20,25.4001609441546,0.323787891748551,25.0763730524061,17.902176879593,17.9437334996839,2.07783100454371,6.25578810722933,6.25478673472655,6.26099033699941,1.19856746041266,1.1403489607602,0.114284765964584
"quadneg",1000,929,2,0,500,513.171522731948,5.33813017993038,507.833392552018,497.444874528367,498.722049578066,2.55435009939773,22.5627039462526,22.3606504388794,22.3606797749979,0.697019658682957,0.407472179705029,0.30959299185337
"quadneg",1000,929,2,1,500,503.00391744984,5.41609303110098,497.587824418739,497.436753453347,498.709117890688,2.54472887468243,22.5636472120143,22.3603368742073,22.3606797749979,0.246731565344162,-0.0501465375167001,0.428915543113309
"quadneg",1000,929,5,0,200,207.932378551083,2.26283670248102,205.669541848602,197.710793817217,198.168254252714,2.28730217748395,17.9288642037435,17.8883787362248,17.8885438199983,0.570118922074905,0.419338594430434,0.300006249499698
"quadneg",1000,929,5,1,200,191.703077960156,2.32264255698315,189.380435403173,197.726392818294,198.178398947448,2.26003064577249,17.9284435364705,17.8874899675945,17.8885438199983,-0.335964181490987,-0.491850089655618,0.612657209059135
"quadneg",1000,929,10,0,100,102.273413138827,0.991389488814071,101.282023650013,97.8244541948413,98.0416873096526,2.1723311481137,13.4294240196293,13.4159834558596,13.4164078649987,0.331284419754942,0.241528051299533,0.363774273450828
"quadneg",1000,929,10,1,100,88.6898213155002,1.12753568318342,87.5622856323168,97.819434803805,98.0365050518509,2.17070248045894,13.4287702150104,13.4151485766512,13.4164078649987,-0.679854770178421,-0.780775506114348,0.738683547172177
"quadneg",1000,929,25,0,40,43.1897991466282,0.427566659279164,42.7622324873491,37.8742023725161,37.9589391575272,2.11841962527775,8.76515086874942,8.76195792575481,8.76356092008266,0.606446694838296,0.548198629863661,0.259166120600397
"quadneg",1000,929,25,1,40,40.5449843935191,0.43169067814498,40.1132937153741,37.8901722327763,37.9741554051674,2.09957930977842,8.76459157891702,8.76134476229119,8.76356092008266,0.302901982007798,0.244156390171239,0.358748314889081
"quadneg",1000,929,50,0,20,29.8725393214106,0.219272980612976,29.6532663407977,17.9101732863563,17.9516986608927,2.07626872682331,6.257777909834,6.25676496289873,6.26099033699941,1.91159964565948,1.87022650671596,0.0387042661155178
"quadneg",1000,929,50,1,20,26.601429191575,0.247789653809049,26.3536395377659,17.920469361638,17.9617616803454,2.06461593536836,6.25737612313913,6.25634503266984,6.26099033699941,1.38731629026352,1.34133872310418,0.08678068393548
"quadneg",1000,930,2,0,500,489.359945312054,4.90289883298849,484.457046479066,497.51691272649,498.758095898721,2.48236634446184,22.6005632524938,22.3606579033093,22.3606797749979,-0.360918766638969,-0.63956299861548,0.60033457966318
"quadneg",1000,930,2,1,500,546.684744736571,2.70135529441578,543.983389442155,496.626313877233,497.896400853961,2.54017395345607,22.5572881264077,22.3451154610661,22.3606797749979,2.21916883708796,2.06250841122285,0.0647584077279068
"quadneg",1000,930,5,0,200,160.272595739622,1.94045759183301,158.332138147789,197.7898669242,198.231612680352,2.20872878076204,17.936549473044,17.8884260910492,17.8885438199983,-2.09166602756905,-2.23046311226494,0.977123958961079
"quadneg",1000,930,5,1,200,199.677710754411,0.970199203377418,198.707511551034,197.206981010826,197.656829318258,2.24924153715917,17.8894826135052,17.8473789121291,17.8885438199983,0.138110743444298,0.0588703942438163,0.453209344226175
"quadneg",1000,930,10,0,100,84.8972891555096,0.964204607926819,83.9330845475828,97.8857452714839,98.0969018428777,2.11156571393815,13.4320665209996,13.4160596413979,13.4164078649987,-0.966973778432991,-1.05573601145821,0.824593514634773
"quadneg",1000,930,10,1,100,91.5202695173521,0.715148302659391,90.8051212146928,97.5453438836004,97.7593907874725,2.14046903872122,13.3913341217313,13.3771713464217,13.4164078649987,-0.449923384143689,-0.519860992484032,0.664779104577384
"quadneg",1000,930,25,0,40,34.5795613776354,0.36519279540598,34.2143685822294,37.9389151397395,38.021122686739,2.05518867498898,8.76613596764821,8.76228700310649,8.76356092008266,-0.383219445203899,-0.434447548129846,0.62840422534388
"quadneg",1000,930,25,1,40,38.2412525442575,0.304669473129487,37.936583071128,37.7873630691021,37.8702722742547,2.07273012881436,8.73705253808011,8.7336720617561,8.76356092008266,0.051949953737506,0.00759254485449807,0.458528550161022
"quadneg",1000,930,50,0,20,21.0809824560514,0.270113721650969,20.8108687344004,17.9613780095323,18.0019155391318,2.02687647997427,6.25859116760687,6.25733797909395,6.26099033699941,0.498451546518242,0.448905461819936,0.275347094441123
"quadneg",1000,930,50,1,20,20.4120438020077,0.152987752957242,20.2590560490504,17.8778199871857,17.9187095275536,2.04447701839513,6.23802609767431,6.2369444382781,6.26099033699941,0.40625412191956,0.375239276966039,0.310105835570063
"quadneg",1000,931,2,0,500,471.535135942342,8.47970959088875,463.055426351453,497.484083888016,498.741708106293,2.51524843655345,22.6827254952472,22.3606512741073,22.3606797749979,-1.14399603130195,-1.59594107154487,0.797488172962516
"quadneg",1000,931,2,1,500,501.847329736804,9.185768763173,492.661560973631,497.353269633428,498.624286875364,2.54203448387298,22.6753116711174,22.3586956280053,22.3606797749979,0.198191767705696,-0.266684872898602,0.443260636159586
"quadneg",1000,931,5,0,200,198.834470600452,3.38001609848425,195.454454501967,197.762124322817,198.209356373781,2.23616025482161,17.9530834566409,17.8883959484344,17.8885438199983,0.0597304791806193,-0.154004969464848,0.46995913329704
"quadneg",1000,931,5,1,200,199.282719698297,3.42613602804978,195.856583670247,197.722351223061,198.163186280055,2.20417528496874,17.9463129377842,17.8829436270076,17.8885438199983,0.086946465307139,-0.128983385393211,0.461040886346638
"quadneg",1000,931,10,0,100,99.8090297188927,1.61813998041444,98.1908897384782,97.8547056893611,98.0689483944954,2.14242705134335,13.4375416933606,13.4160276944293,13.4164078649987,0.145437616055712,0.00908922870168529,0.430147239143641
"quadneg",1000,931,10,1,100,109.234040612671,1.64503476248818,107.589005850183,97.8218947773269,98.0355155848059,2.13620807478972,13.4321822523393,13.411134702972,13.4164078649987,0.849612194128499,0.712355104692192,0.205859191495203
"quadneg",1000,931,25,0,40,37.7736975759661,0.697545759737316,37.0761518162288,37.915752974874,37.9988476245502,2.07736624190371,8.76724218490346,8.7620657110116,8.76356092008266,-0.0162029741978068,-0.105305739394512,0.479824607481578
"quadneg",1000,931,25,1,40,44.7858836365881,0.674164926698015,44.11171870989,37.8827627532603,37.9664892275157,2.09316185638631,8.7634505309764,8.75839163040206,8.76356092008266,0.787717219253667,0.701639038501437,0.208438442685157
"quadneg",1000,931,50,0,20,21.6926794543273,0.313432734725918,21.3792467196013,17.9257712096416,17.9669992687857,2.0614029572031,6.25867404549091,6.2569893789556,6.26099033699941,0.601870015486669,0.545349727185443,0.245915422165013
"quadneg",1000,931,50,1,20,23.5699722414219,0.365178973587461,23.2047932678344,17.9162743925433,17.9575288533927,2.06272304246872,6.25610473642661,6.25446000569191,6.26099033699941,0.903708951028185,0.838963621106603,0.169626925945168
"quadneg",1000,932,2,0,500,541.444576060781,7.99847832392549,533.446097736855,497.407418007524,498.70338411526,2.59193221547094,22.5004491062194,22.3606608454913,22.3606797749979,1.95716795897572,1.55374270293987,0.0870002006554644
"quadneg",1000,932,2,1,500,519.310068474492,7.78127369390331,511.528794780589,497.361622127701,498.614917328266,2.50659040112822,22.492888210714,22.3585504028,22.3606797749979,0.975794933099618,0.577581158870932,0.246076240408996
"quadneg",1000,932,5,0,200,211.086999675971,3.13949151733854,207.947508158633,197.745022365516,198.195718325886,2.25347980185118,17.9163891663782,17.8884189744131,17.8885438199983,0.744680034942117,0.545145428821568,0.249196586596197
"quadneg",1000,932,5,1,200,202.409473563464,3.15908828602519,199.250385277439,197.670463315568,198.120136211958,2.24836448195017,17.9092331308868,17.8824627017216,17.8885438199983,0.2646126840419,0.0632043295340993,0.399976389175833
"quadneg",1000,932,10,0,100,101.491416447933,1.46311631549892,100.028300132434,97.8440066083586,98.0593333912471,2.15326782888549,13.4253288157585,13.4160539245203,13.4164078649987,0.271681229534814,0.146761987709987,0.384383521924427
"quadneg",1000,932,10,1,100,121.764474336069,1.42602703198174,120.338447304088,97.8085269097861,98.0229005300704,2.14373620284231,13.4193192005763,13.4104477073001,13.4164078649987,1.78518351551355,1.66404189189519,0.052225997788136
"quadneg",1000,932,25,0,40,43.4895587554566,0.569095243644429,42.9204635118122,37.9091187727925,37.9925396450079,2.08552180538516,8.76459690968844,8.76239951886982,8.76356092008266,0.63670241086563,0.562394336869937,0.249080352901528
"quadneg",1000,932,25,1,40,49.0400234702583,0.571617533115382,48.468405937143,37.8845524284467,37.9681395460335,2.08967793966966,8.76015232010407,8.75805332248996,8.76356092008266,1.27343345574146,1.1989269766314,0.108238705632364
"quadneg",1000,932,50,0,20,28.4695376617213,0.242919178770267,28.226618482951,17.9288988954666,17.9701055598166,2.06033321749692,6.25832443142467,6.25764255012478,6.26099033699941,1.68425892293589,1.63903783908685,0.0552600483446604
"quadneg",1000,932,50,1,20,27.8078600729398,0.302432811741045,27.5054272611988,17.9180700210798,17.9592777867773,2.06038828487771,6.25495712333948,6.25431502897589,6.26099033699941,1.5811123652563,1.52633013050904,0.0650399753275439
"quadneg",1000,933,2,0,500,529.338622565408,13.1412045588039,516.197418006604,497.44232659419,498.720836179803,2.55701917122519,22.7179138548935,22.3606574997409,22.3606797749979,1.40401518268577,0.781577278172781,0.160130184596205
"quadneg",1000,933,2,1,500,527.802110305923,12.8497904880648,514.952319817858,497.461022011581,498.718760685087,2.51547734701263,22.7184662590088,22.3601842797409,22.3606797749979,1.33552538047371,0.726002922412355,0.171785477584572
"quadneg",1000,933,5,0,200,229.63927960827,5.22053123983434,224.418748368436,197.748543062647,198.198498143297,2.24977540324975,17.9602130369181,17.8884004086653,17.8885438199983,1.77563242039889,1.46576829823403,0.0611196946771665
"quadneg",1000,933,5,1,200,236.591342928157,5.14463472130082,231.446708206856,197.752468934284,198.198651978119,2.23091521917362,17.959449300258,17.8872613558075,17.8885438199983,2.16258713418983,1.85875610398806,0.0315189787744493
"quadneg",1000,933,10,0,100,117.502020298472,2.6135999437163,114.888420354756,97.8635505965187,98.0768821543501,2.1333155783144,13.4398963235636,13.4159986005446,13.4164078649987,1.46120693412805,1.25309629949745,0.0874011052366589
"quadneg",1000,933,10,1,100,116.787581417004,2.66509079921165,114.122490617792,97.8451573928399,98.0595151898756,2.14357797035712,13.4390294004497,13.4149779178603,13.4164078649987,1.40950834020274,1.19739111955827,0.0948255505059664
"quadneg",1000,933,25,0,40,67.0852487284087,1.06069781739323,66.0245509110155,37.9008700439007,37.9845766565796,2.09266531697313,8.76791236497076,8.76215540437885,8.76356092008266,3.32854361103156,3.20012291044541,0.00248634930652806
"quadneg",1000,933,25,1,40,58.5273411649917,1.03393669007208,57.4934044749196,37.9048038182817,37.9882118609603,2.08520106696553,8.76719534970959,8.76140010839756,8.76356092008266,2.35223883170267,2.22626433819226,0.0177716552483928
"quadneg",1000,933,50,0,20,50.3571348481491,0.530508983822828,49.8266258643263,17.9156161965262,17.9570477974042,2.07158004389944,6.25890248691371,6.25700126250099,6.26099033699941,5.18325995962591,5.09342682379186,6.66455233284932e-05
"quadneg",1000,933,50,1,20,38.0144613976403,0.566117211587397,37.4483441860529,17.9320862185715,17.9731503181611,2.05320497947949,6.25832911454179,6.25641114635525,6.26099033699941,3.20890365647367,3.11283792134366,0.00385631990500059
"quadneg",1000,934,2,0,500,499.646159952287,3.30209518659335,496.344064765694,497.470257838028,498.734773307044,2.52903093803083,22.5376100648156,22.3606558979385,22.3606797749979,0.0965453793903365,-0.106915850423247,0.470814100723132
"quadneg",1000,934,2,1,500,506.064764712452,3.5938200295764,502.470944682875,497.108067236886,498.363796510999,2.51145854822616,22.5272955187309,22.3551121276243,22.3606797749979,0.397593109573146,0.183722995815384,0.391553206507072
"quadneg",1000,934,5,0,200,174.151924210721,1.31431390556598,172.837610305155,197.741750837668,198.193115185545,2.25682173938463,17.9238728766597,17.8884244953861,17.8885438199983,-1.31611213654977,-1.4174252677719,0.888075849144785
"quadneg",1000,934,5,1,200,169.987952121432,1.76705759431256,168.22089452712,197.504241273358,197.957777094053,2.26767910347655,17.9066868218715,17.8715431425398,17.8885438199983,-1.53664881871486,-1.66392360915666,0.925939632826612
"quadneg",1000,934,10,0,100,74.0727419101175,0.646479598084114,73.4262623120334,97.8362399358787,98.052355254904,2.16115319025257,13.427837893439,13.4160672663231,13.4164078649987,-1.76971886422402,-1.835567193725,0.965881883437109
"quadneg",1000,934,10,1,100,79.0592063801919,0.936328305885889,78.122878074306,97.7062713342988,97.9222166799964,2.15945345697579,13.4115441115804,13.3997243918629,13.4164078649987,-1.39037420292312,-1.47759297330874,0.91969064657415
"quadneg",1000,934,25,0,40,39.0345313560657,0.197460816076272,38.8370705399894,37.87241960547,37.9572778669551,2.12145653712815,8.76504175405951,8.76223605208407,8.76356092008266,0.132584850500851,0.100407323861703,0.423086333115479
"quadneg",1000,934,25,1,40,31.5773390733948,0.252756315955306,31.3245827574395,37.847511183146,37.9311339719471,2.09056972002586,8.75320182424746,8.75035591806687,8.76356092008266,-0.716328977172905,-0.755003713719458,0.759652018616031
"quadneg",1000,934,50,0,20,19.2111939319599,0.182725995783887,19.028467936176,17.9061016768219,17.9477316388555,2.08149810168297,6.25801006187252,6.25713332755813,6.26099033699941,0.20854748430167,0.172720675866159,0.378928052739084
"quadneg",1000,934,50,1,20,21.8083834783765,0.142886847565808,21.6654966308107,17.896581833339,17.9378682206957,2.06431936783333,6.24980308313226,6.24889193907978,6.26099033699941,0.625907983500332,0.596526303615987,0.240603530554755
"quadneg",1000,935,2,0,500,530.897557589235,7.41955511372628,523.478002475509,497.440627188933,498.719887430348,2.55852048283064,22.7731255214665,22.360646776684,22.3606797749979,1.46914091211438,1.10721819866932,0.148867315237569
"quadneg",1000,935,2,1,500,541.757764099699,7.96906457934481,533.788699520354,497.092725429075,498.343252481737,2.50105410532351,22.7454364694202,22.3521853496453,22.3606797749979,1.96369230947373,1.5857709876757,0.0855237111364122
"quadneg",1000,935,5,0,200,205.157766153296,2.87654035098067,202.281225802315,197.738913840739,198.190767965857,2.2592706255885,17.9713456281025,17.8883838021147,17.8885438199983,0.412815626947583,0.228665590011262,0.348691410594204
"quadneg",1000,935,5,1,200,212.410184591257,2.99014738021289,209.420037211044,197.503346461357,197.952766212092,2.24709875367478,17.9476840250476,17.8692820525093,17.8885438199983,0.830571683181884,0.641730930501615,0.229470242682402
"quadneg",1000,935,10,0,100,106.955022851325,1.50315265722482,105.4518701941,97.8426965458667,98.0580974829699,2.15400937103108,13.4435864009401,13.4159685341983,13.4164078649987,0.67781959617716,0.551117326511522,0.251930061004803
"quadneg",1000,935,10,1,100,99.2352886592757,1.58301719821483,97.6522714610608,97.715310856287,97.9294376227006,2.14126766413589,13.4243279383269,13.3983009832975,13.4164078649987,0.113225616207502,-0.0206866648230475,0.446124340065561
"quadneg",1000,935,25,0,40,43.3160622145135,0.501245568010142,42.8148166465034,37.9087665561502,37.9921193676872,2.0838202884248,8.76859135126912,8.76194360656743,8.76356092008266,0.616666399624239,0.550414097073328,0.254886652463186
"quadneg",1000,935,25,1,40,31.4210467807139,0.473082130420967,30.947964650293,37.8504997803745,37.9338263932036,2.08316532072881,8.75557637026605,8.74932473140074,8.76356092008266,-0.734326642560617,-0.798445818091409,0.765924620161338
"quadneg",1000,935,50,0,20,32.8187886262869,0.191073573989085,32.6277150522978,17.9315193436476,17.9726022058331,2.05414310927566,6.25867279429683,6.25651087910793,6.26099033699941,2.37866234135219,2.34237790513589,0.017552977517642
"quadneg",1000,935,50,1,20,20.2616351078521,0.271954365224173,19.9896807426279,17.9075471963611,17.9485443545748,2.04985791068337,6.24980307138508,6.247765024715,6.26099033699941,0.376665934046665,0.326698648233213,0.318284046283492
"quadneg",1000,936,2,0,500,553.022298222205,25.2527874240492,527.769510798156,497.495775057922,498.747457941165,2.5033657664857,22.860322771013,22.3606462543564,22.3606797749979,2.42894747027329,1.29790760637504,0.0441884766129374
"quadneg",1000,936,2,1,500,549.558629201334,24.7434824240593,524.815146777275,497.393331671215,498.655744801288,2.52482626014697,22.8536716117864,22.3589848672936,22.3606797749979,2.2825784152432,1.16997270364687,0.0546391622708932
"quadneg",1000,936,5,0,200,223.82371481538,10.2016716634295,213.62204315195,197.772540066657,198.217694740509,2.22577336926042,17.989094806165,17.8883973348852,17.8885438199983,1.44816484817207,0.861136306571212,0.100559179599119
"quadneg",1000,936,5,1,200,211.543430403164,9.4698852094021,202.073545193762,197.724415064004,198.168535056453,2.22059996224801,17.9836266952391,17.884285656008,17.8885438199983,0.768422052645194,0.218348678410703,0.242282530871244
"quadneg",1000,936,10,0,100,136.839277635444,5.10369605755768,131.735581577886,97.860986858355,98.0745960722446,2.13609213889662,13.4495679218845,13.4160218973099,13.4164078649987,2.89810728519131,2.50901390615582,0.00585597819889548
"quadneg",1000,936,10,1,100,136.436363662579,4.74225076995712,131.694112892622,97.835740186131,98.0488936765718,2.13153490440775,13.4453591148182,13.4122754021535,13.4164078649987,2.87092543581868,2.50853924537279,0.00625204630013953
"quadneg",1000,936,25,0,40,63.1060531899949,1.97217703592392,61.133876154071,37.9126941772314,37.995910947194,2.08041924906519,8.77015124928701,8.76205691968941,8.76356092008266,2.87262537402781,2.64070017108463,0.0064258588635681
"quadneg",1000,936,25,1,40,74.4933072839329,1.85538579126198,72.637921492671,37.9134137678266,37.9960902037815,2.06691089887267,8.76728844774724,8.75931880522807,8.76356092008266,4.17231550371832,3.95485448802402,0.000368417643220215
"quadneg",1000,936,50,0,20,40.61541213711,0.897455768432378,39.7179563686776,17.9336772595577,17.9747457125959,2.05342265191134,6.25964894943372,6.25696211780932,6.26099033699941,3.62348353091018,3.47504271988375,0.00171967030791659
"quadneg",1000,936,50,1,20,41.3725998306642,0.827288292290775,40.5453115383735,17.9331465907989,17.9741014524447,2.04774308228927,6.25769393998221,6.25504195379959,6.26099033699941,3.74570144603972,3.60848260533537,0.00135208775544754
"quadneg",1000,937,2,0,500,519.878721370456,25.1403787187377,494.738342651718,497.495534430122,498.747382482655,2.50369610506532,22.9515599582409,22.3606487536062,22.3606797749979,0.975235974419993,-0.179289960461901,0.24059062787772
"quadneg",1000,937,2,1,500,526.774611028605,25.218544335863,501.556066692742,497.462932336236,498.726877573146,2.52789047382004,22.9524215041627,22.3604838334541,22.3606797749979,1.2770625830069,0.126526292573473,0.179887668596374
"quadneg",1000,937,5,0,200,226.664439618519,9.94063511406659,216.723804504452,197.802840222153,198.241905398989,2.19532588418196,18.0076617323944,17.8883864133327,17.8885438199983,1.60273997953028,1.0331786600768,0.0793596956489756
"quadneg",1000,937,5,1,200,196.538880308394,10.1873179685004,186.351562339894,197.72486476106,198.178451084058,2.26793161499078,18.0076225622841,17.8879664311976,17.8885438199983,-0.065860134982476,-0.661164520274214,0.515983502107959
"quadneg",1000,937,10,0,100,116.122783405517,4.96102815768492,111.161755247832,97.8689400148154,98.0817157334881,2.12775718672678,13.4557019279871,13.4159671210956,13.4164078649987,1.35658797202801,0.974960611954423,0.102171472537153
"quadneg",1000,937,10,1,100,102.424399321274,4.96839671635899,97.456002604915,97.8317115879826,98.0478908578143,2.16179269831671,13.4554546049132,13.4155642679235,13.4164078649987,0.341325348577551,-0.0441195197666391,0.359849917301036
"quadneg",1000,937,25,0,40,67.2782435602381,1.85312356200717,65.4251199982309,37.9234603808717,38.0062187624526,2.06895953952189,8.77154781629987,8.76190952714642,8.76356092008266,3.3465910229455,3.1293294173865,0.00237104096901874
"quadneg",1000,937,25,1,40,60.1651345324001,1.94060593091404,58.224528601486,37.9068426579727,37.9902067441451,2.08410215430886,8.77127637243128,8.76159388976797,8.76356092008266,2.53763431105496,2.30943388975962,0.0124728124979351
"quadneg",1000,937,50,0,20,41.7983732756714,0.931526971516356,40.8668463041551,17.9349876331596,17.9760053760469,2.05088714436205,6.25979902351374,6.25657897006697,6.26099033699941,3.81216482396217,3.65868328964178,0.00117988348287435
"quadneg",1000,937,50,1,20,40.6746472706964,0.930554870635599,39.7440924000609,17.9325592725277,17.9736112215547,2.05259745135001,6.25959006512771,6.25635687720782,6.26099033699941,3.63315932218395,3.47973774607024,0.00168776243013175
"quadneg",1000,938,2,0,500,480.392272857219,7.59963308419973,472.792639773019,497.475929548885,498.737513041719,2.52316698566798,22.6704876880009,22.3606469077969,22.3606797749979,-0.753563704794417,-1.16029171140184,0.706589171160937
"quadneg",1000,938,2,1,500,535.860189173367,7.16626314754407,528.693926025823,497.40789261999,498.676099828294,2.53641441660775,22.66596196599,22.3594395296312,22.3606797749979,1.69647759098308,1.34251246135882,0.116724466182111
"quadneg",1000,938,5,0,200,177.524966634942,3.09169696589024,174.433269669052,197.791449688897,198.232765285785,2.20657798444013,17.9505608827532,17.8883696429203,17.8885438199983,-1.12901670239322,-1.33044520500235,0.849168639223951
"quadneg",1000,938,5,1,200,186.363775493358,3.0387365477352,183.325038945623,197.716524536744,198.165543506637,2.2450948494635,17.9468258338705,17.8855421090771,17.8885438199983,-0.632576988737505,-0.829748657910816,0.713258832081711
"quadneg",1000,938,10,0,100,97.7324806612461,1.62302683628373,96.1094538249624,97.8713503713298,98.0838958570118,2.12545485681915,13.436655319106,13.4159831046045,13.4164078649987,-0.0103351397193523,-0.147170879439445,0.488620879321816
"quadneg",1000,938,10,1,100,115.107551786319,1.46725811251673,113.640293673802,97.8291727068805,98.0438799849521,2.14707278071557,13.4337184669335,13.4133772025289,13.4164078649987,1.28619481805936,1.16275069681254,0.114234328553138
"quadneg",1000,938,25,0,40,38.3237708249162,0.51701481605346,37.8067560088627,37.9296498614715,38.0121852017334,2.06338350654883,8.76698198370795,8.76203965314288,8.76356092008266,0.0449551469567403,-0.0234453621534386,0.45479859451758
"quadneg",1000,938,25,1,40,38.4001637085978,0.534938065777488,37.8652256428203,37.8945280168027,37.9781258234921,2.08994516723697,8.76506065414638,8.76020506693906,8.76356092008266,0.0576876432173873,-0.0128878467808818,0.451353817675546
"quadneg",1000,938,50,0,20,24.7948486768854,0.211296794915208,24.5835518819702,17.9471585103196,17.9879353226511,2.03884061657631,6.25816514803494,6.25661256018677,6.26099033699941,1.09420093663012,1.05418331339382,0.130672275225607
"quadneg",1000,938,50,1,20,22.5304373613115,0.278578778604215,22.2518585827073,17.9298399505596,17.9708753682722,2.05177088563055,6.25676735256036,6.25525144358973,6.26099033699941,0.735299420853365,0.684382275123749,0.209284021421747
"quadneg",1000,939,2,0,500,505.853611239747,10.1419622533461,495.711648986401,497.447981023087,498.723533561641,2.55110507710806,22.716588388535,22.3606470209243,22.3606797749979,0.370021680760045,-0.134695770315672,0.394098164462955
"quadneg",1000,939,2,1,500,484.426913953285,8.27624925340329,476.150664699881,497.128947244193,498.392660716835,2.52742694528503,22.6934269202752,22.352715052802,22.3606797749979,-0.559723012991013,-0.995046729867631,0.660151181273572
"quadneg",1000,939,5,0,200,221.873164457727,4.16682656230557,217.706337895422,197.73476430725,198.187450049867,2.26342871308536,17.9599324904171,17.8883893363592,17.8885438199983,1.34401396905901,1.09114842474282,0.117461633466349
"quadneg",1000,939,5,1,200,207.252545927371,2.96397982667296,204.288566100698,197.535611349956,197.984681602271,2.24535126157533,17.9390866311788,17.8713319054771,17.8885438199983,0.541662726603218,0.352737251580876,0.31161153692172
"quadneg",1000,939,10,0,100,123.85983155895,2.11017359357117,121.749657965379,97.8412600623947,98.0568265643508,2.15566501956091,13.4398087104871,13.4160035329223,13.4164078649987,1.93593317115097,1.76601260896265,0.0398426852070026
"quadneg",1000,939,10,1,100,103.520787665863,1.34274984742349,102.17803781844,97.7385108721828,97.9517487261108,2.13237853928064,13.4226080867331,13.400040276331,13.4164078649987,0.430786383414978,0.315393760404877,0.331928530703547
"quadneg",1000,939,25,0,40,39.3646549659359,0.803974657106585,38.5606803088293,37.9126994337298,37.9959183005668,2.08047167092483,8.76781719496746,8.76207970581796,8.76356092008266,0.16560057080564,0.0644552466108637,0.408640905469452
"quadneg",1000,939,25,1,40,31.7357531126061,0.423073154993675,31.3126799576124,37.8620795179918,37.9451604050552,2.07702217658609,8.75590851759033,8.75047882818003,8.76356092008266,-0.699679124453854,-0.757956287612917,0.753223830272637
"quadneg",1000,939,50,0,20,23.9526747708682,0.417603931650298,23.5350708392179,17.9350341468845,17.9760624892077,2.05141711615659,6.25862483056287,6.2567638425594,6.26099033699941,0.961495661890063,0.888479809993312,0.156584356643728
"quadneg",1000,939,50,1,20,18.2011195713534,0.156314478940189,18.0448050924132,17.9061790980772,17.9472099766786,2.05154393006733,6.24962990973532,6.2478717732121,6.26099033699941,0.0471932702473722,0.015620537564984,0.442479204450736
"quadneg",1000,940,2,0,500,494.265295174987,4.9761039391208,489.289191235867,497.44536117257,498.722229736752,2.55373712836287,22.7071718964188,22.360647784732,22.3606797749979,-0.140046766373606,-0.421858909978728,0.538833890895917
"quadneg",1000,940,2,1,500,517.98606095863,4.78902380091599,513.197037157714,497.303862176784,498.57282225905,2.53792016453049,22.6947276764951,22.3572256820769,22.3606797749979,0.911321742946759,0.654115815022084,0.25912018640319
"quadneg",1000,940,5,0,200,210.329635521616,1.94924126649654,208.380394255119,197.742314792029,198.193491299067,2.25588253519115,17.9580198562611,17.8883892557894,17.8885438199983,0.700930326970236,0.569470107698793,0.260919383096222
"quadneg",1000,940,5,1,200,213.13701417865,2.26285722545507,210.874156953195,197.643385991819,198.093978512841,2.25296260510721,17.9477716209806,17.8804721654067,17.8885438199983,0.863261942152157,0.714756205659955,0.219051214089446
"quadneg",1000,940,10,0,100,106.57885990231,1.04640499124466,105.532454911066,97.8334177243356,98.0497532985662,2.16335574230588,13.4391473197574,13.4159826865573,13.4164078649987,0.650743828450902,0.55774532416451,0.260092367345495
"quadneg",1000,940,10,1,100,100.858369505233,0.974421092871084,99.8839484123619,97.7879815024676,98.0030038825442,2.1502238007658,13.4309547678923,13.40859475482,13.4164078649987,0.228605341602771,0.140279019853409,0.401392232489474
"quadneg",1000,940,25,0,40,49.9170573038633,0.451427551944115,49.4656297519192,37.8933042004621,37.9772856691048,2.09953671606623,8.76759094996665,8.76200705411497,8.76356092008266,1.37138618487293,1.31115439782933,0.0933575554262247
"quadneg",1000,940,25,1,40,45.6343400937314,0.441726618539228,45.1926134751922,37.8826358830177,37.9660373062812,2.0850355815859,8.76197472044781,8.75660909062981,8.76356092008266,0.884698308090699,0.825271071726147,0.184465109264156
"quadneg",1000,940,50,0,20,25.1942611924852,0.195123416478404,24.9991377760068,17.9355839189921,17.9766029207738,2.05095008908663,6.25864171463601,6.25679698477562,6.26099033699941,1.15978475913048,1.12238496347581,0.119658092329598
"quadneg",1000,940,50,1,20,27.6489031451906,0.209363953193489,27.4395391919971,17.9208622811799,17.9619200531534,2.0528885986773,6.25460518915155,6.2528368760754,6.26099033699941,1.5553405162781,1.51573107162077,0.0676030383472407
"quadneg",1000,941,2,0,500,503.36494138577,12.3302257755696,491.034715610201,497.480106936591,498.739687476967,2.51916108075271,22.6213843764347,22.3606532361742,22.3606797749979,0.260144752913965,-0.344577226138532,0.424460505541747
"quadneg",1000,941,2,1,500,507.980274503891,12.4219780308919,495.558296472999,497.498272161832,498.748321441297,2.5000985589293,22.6215854471814,22.3606351835314,22.3606797749979,0.463362851668075,-0.14266253807705,0.368722005361013
"quadneg",1000,941,5,0,200,202.46824876455,5.01692036189123,197.451328402659,197.764142515915,198.210973399695,2.23415441890445,17.9407135362247,17.8883990003355,17.8885438199983,0.262202851583198,-0.0424657900923657,0.398852776646057
"quadneg",1000,941,5,1,200,208.861164334765,4.997991768734,203.863172566031,197.753802128882,198.20260974647,2.24403808794412,17.9407330983051,17.8883638890009,17.8885438199983,0.619114176941443,0.316438264264122,0.284514914649951
"quadneg",1000,941,10,0,100,121.911070627045,2.46724453054744,119.443826096498,97.8376130819542,98.0535472062905,2.1593412433629,13.4333876507466,13.4160067582534,13.4164078649987,1.79206155371787,1.59438492210423,0.0512653924407359
"quadneg",1000,941,10,1,100,124.849928758884,2.4604742624894,122.389454496394,97.8396583567346,98.0553618814088,2.15703524674214,13.4333790236722,13.4159736227803,13.4164078649987,2.01068326550989,1.81381488210938,0.0349226117523916
"quadneg",1000,941,25,0,40,61.1893167357707,1.00718442198285,60.1821323137878,37.888652829721,37.9728312427107,2.1044603247419,8.76619843144799,8.76205990542609,8.76356092008266,2.65801237426482,2.53471230632919,0.009939267215803
"quadneg",1000,941,25,1,40,61.5098912802356,1.01627082379778,60.4936204564378,37.9052024583102,37.988713771522,2.08778283029385,8.76617820179972,8.76203253911975,8.76356092008266,2.69270008874326,2.56845732818709,0.00924934031417631
"quadneg",1000,941,50,0,20,29.2155595862296,0.439345336032931,28.7762142501967,17.9258814486698,17.9671035799961,2.06110656631603,6.2582578639119,6.25693205627481,6.26099033699941,1.80396499841617,1.72754164069284,0.0458074239673286
"quadneg",1000,941,50,1,20,30.0808596415625,0.443812774278696,29.6370468672838,17.9260563850019,17.967274286049,2.06089505235313,6.25824849386377,6.25692072763949,6.26099033699941,1.94220527811869,1.86509835895546,0.0366677410301793
"quadneg",1000,942,2,0,500,469.007575539596,5.04570889607413,463.961866643522,497.44460840419,498.721897578767,2.55457834915414,22.7208943634284,22.3606513068466,22.3606797749979,-1.2515806996738,-1.55451782053425,0.820137205686163
"quadneg",1000,942,2,1,500,524.092312620046,5.33537707297034,518.756935547076,497.246585610159,498.524384307519,2.55559739471983,22.7193265078492,22.3567267413891,22.3606797749979,1.1816251243457,0.90498718679157,0.202200057141613
"quadneg",1000,942,5,0,200,235.002877412102,1.99290257325707,233.009974838845,197.719893780359,198.175538694684,2.27822457162962,17.9607786953687,17.8883789774546,17.8885438199983,2.07579995634362,1.94732212393666,0.0369012219267217
"quadneg",1000,942,5,1,200,243.126988083325,2.09057176031309,241.036416323012,197.620345977125,198.068999589525,2.24326806199963,17.9520637674884,17.8780732522282,17.8885438199983,2.53489753020008,2.40335835564004,0.0158506480462553
"quadneg",1000,942,10,0,100,107.76658124779,0.945220470387932,106.821360777402,97.8183369850355,98.0361694028219,2.17832417786439,13.4400374771859,13.4159637697804,13.4164078649987,0.740194681721769,0.654831179133669,0.23485277521232
"quadneg",1000,942,10,1,100,131.337548822377,0.949726315126047,130.387822507251,97.7681314703349,97.9835792531811,2.15447782846284,13.4314081719887,13.4066668043619,13.4164078649987,2.49932225438964,2.41702458388294,0.0138629880645249
"quadneg",1000,942,25,0,40,36.4737098651198,0.306575213940986,36.1671346511788,37.8851516566437,37.9694448676696,2.10733027564749,8.76770183571724,8.7619193372005,8.76356092008266,-0.160981956043954,-0.205698106445552,0.540087435093582
"quadneg",1000,942,25,1,40,54.9659261155339,0.269581623677393,54.6963444918565,37.8593245799502,37.9433538955218,2.10073288928877,8.7609522682383,8.75498383928127,8.76356092008266,1.9525961347377,1.91353758086549,0.0368524443212625
"quadneg",1000,942,50,0,20,24.5033980396927,0.0948674764974033,24.4085305631953,17.9110949138066,17.9525844876591,2.07447869262516,6.25835982868772,6.25648360860548,6.26099033699941,1.0533595552732,1.03188092216152,0.139217515769255
"quadneg",1000,942,50,1,20,28.0192309094438,0.0954283078517827,27.923802601592,17.9006457896068,17.9420478901692,2.07010502812329,6.25383086760347,6.2518948552486,6.26099033699941,1.61798189526584,1.59659670268494,0.0617631466922516
"quadneg",1000,943,2,0,500,481.701982060272,14.0553336428727,467.646648417399,497.499671210145,498.749481306466,2.4996201926414,22.8221202497059,22.3606578666399,22.3606797749979,-0.692209530798404,-1.39096233548074,0.691808035159763
"quadneg",1000,943,2,1,500,489.649014546562,14.2581376229203,475.390876923642,497.128981765907,498.383586451878,2.50920937194224,22.800251992034,22.3532875622051,22.3606797749979,-0.328065111822357,-1.02860527625976,0.596752035738875
"quadneg",1000,943,5,0,200,187.239423485037,5.68747865384142,181.551944831196,197.761371274937,198.208732374163,2.23680549613342,17.9813284364953,17.8883883537168,17.8885438199983,-0.585159646411004,-0.931150823294094,0.697489731976533
"quadneg",1000,943,5,1,200,209.070013590972,5.31053094270929,203.759482648263,197.550494861518,197.993306704678,2.21405921579893,17.9598890873498,17.8703742680969,17.8885438199983,0.641402553959423,0.322666769989207,0.28109101698974
"quadneg",1000,943,10,0,100,108.643086085103,2.829644141446,105.813441943657,97.8710819918471,98.083665197898,2.12583206050836,13.4469622495071,13.4160016355766,13.4164078649987,0.801073424122279,0.576160987135023,0.217240249658892
"quadneg",1000,943,10,1,100,114.547826720301,2.58346343295318,111.964363287348,97.7411467817487,97.9537575449398,2.12610763191117,13.4294249233853,13.3996711187669,13.4164078649987,1.25148173018831,1.045593255105,0.121335594112962
"quadneg",1000,943,25,0,40,47.9538219087762,1.2065903592246,46.7472315495516,37.9315270285823,38.0139770632353,2.06125086632509,8.76947484474624,8.76199100249513,8.76356092008266,1.14286146635088,0.996720321195184,0.129231614706338
"quadneg",1000,943,25,1,40,49.1848835836657,1.07457924078109,48.1103043428846,37.8739650600271,37.9565179381729,2.0638219536432,8.75736459183214,8.75020472066709,8.76356092008266,1.29158931377461,1.16040558236649,0.105657293231687
"quadneg",1000,943,50,0,20,31.92920080419,0.549632461848023,31.3795683423419,17.9557968149796,17.9963905431035,2.0296864061943,6.25893882634952,6.25646289122895,6.26099033699941,2.23255161568024,2.13909648820911,0.0224153801744894
"quadneg",1000,943,50,1,20,28.917102420044,0.479254537057776,28.4378478829862,17.9133049494871,17.9542038856575,2.04494680852262,6.25039851425251,6.24802996054089,6.26099033699941,1.76049534209147,1.67791192800573,0.0494016536653158
"quadneg",1000,944,2,0,500,557.203780313467,10.4019806822242,546.801799631243,497.496377287033,498.747917047188,2.50307952031136,22.4969933633032,22.3606638644908,22.3606797749979,2.65401700850517,2.14903648993915,0.0338278677522646
"quadneg",1000,944,2,1,500,602.644943640758,9.90039657488245,592.744547065875,497.300511962161,498.57148836631,2.54195280829867,22.4888354966622,22.3583880594747,22.3606797749979,4.68429909117491,4.21197889798937,0.000876390325616041
"quadneg",1000,944,5,0,200,225.331297360637,4.14830092159226,221.182996439045,197.775013177082,198.219688353929,2.22337588423281,17.9156974914293,17.8884118657189,17.8885438199983,1.53810836540066,1.28369741581827,0.0888227298029632
"quadneg",1000,944,5,1,200,241.17831352549,3.86353903017709,237.314774495313,197.650834766739,198.099568814235,2.24367023747732,17.9064720355426,17.8806514541013,17.8885438199983,2.43082382014466,2.19316425812236,0.0195820707245598
"quadneg",1000,944,10,0,100,140.380200975918,2.06219760621614,138.318003369702,97.855161771806,98.0693628576747,2.14201085868703,13.4250998072074,13.4160435581292,13.4164078649987,3.16757713646806,3.00003800208588,0.00324448202142533
"quadneg",1000,944,10,1,100,126.448026641794,1.85534701921876,124.592679622575,97.8034932332038,98.0169122322558,2.1341899905199,13.4172106653474,13.4086383991569,13.4164078649987,2.13490971581525,1.98198852107089,0.0280830472878851
"quadneg",1000,944,25,0,40,65.7335625177669,0.874669496533169,64.8588930212338,37.9073855225594,37.9908371034473,2.08628952219699,8.76434028789462,8.76219474637986,8.76356092008266,3.17493115068128,3.06636141919662,0.00345479369856837
"quadneg",1000,944,25,1,40,72.6833739065949,0.791707013184282,71.8916668934106,37.8833573807815,37.9668104133844,2.08632581507236,8.7591108377234,8.75708045276906,8.76356092008266,3.97300789663923,3.87399164173476,0.000596698651871018
"quadneg",1000,944,50,0,20,40.1282170991992,0.528524569652986,39.5996925295462,17.9344309422002,17.9755025289344,2.05357933670922,6.25792386415896,6.25726269498633,6.26099033699941,3.54650945565342,3.45585458925007,0.00200495635560319
"quadneg",1000,944,50,1,20,49.1055046235424,0.477967455673084,48.6275371678693,17.9188558576499,17.9599983210327,2.0571231691415,6.25416368814232,6.2535448712659,6.26099033699941,4.98654181773677,4.90402475366402,0.000102942441251614
"quadneg",1000,945,2,0,500,502.574460529026,9.88159128958881,492.692869239437,497.485547668651,498.74234173014,2.51358812297843,22.7207852461373,22.3606433556296,22.3606797749979,0.223976099648217,-0.270541074981209,0.434229600172591
"quadneg",1000,945,2,1,500,505.904944814344,9.92008319670498,495.984861617639,497.469836546346,498.733969993966,2.52826689523943,22.7211009724451,22.3606206825089,22.3606797749979,0.37124557820628,-0.122944189043753,0.393478973275746
"quadneg",1000,945,5,0,200,231.012889881793,3.94270818933127,227.070181692462,197.745217170768,198.195794427481,2.25288628356436,17.9607434220084,17.8883770049592,17.8885438199983,1.85224363654457,1.61414237060052,0.0539317550624836
"quadneg",1000,945,5,1,200,228.99933053232,4.05746921113622,224.941861321184,197.757577866489,198.205550895152,2.23986514331824,17.9608068182495,17.8883246601072,17.8885438199983,1.73944038160288,1.49462350074941,0.0647251387268981
"quadneg",1000,945,10,0,100,121.056476507999,2.14044487907168,118.916031628928,97.8583449168522,98.0721724620327,2.13827545180455,13.4400271150511,13.4159594047618,13.4164078649987,1.72604797539197,1.55366146676746,0.0570796543311095
"quadneg",1000,945,10,1,100,119.278399160062,2.14538646651109,117.133012693551,97.8619072106016,98.0753406558758,2.13433445274235,13.4400264719254,13.4159110650574,13.4164078649987,1.59348584574571,1.42052760675436,0.0709376019257038
"quadneg",1000,945,25,0,40,68.6471546670209,0.675833157238501,67.9713215097824,37.920174734169,38.0030692721826,2.07236345034151,8.76769393507759,8.76193092136744,8.76356092008266,3.50456803811549,3.42027944599714,0.0016868716684154
"quadneg",1000,945,25,1,40,62.795337349929,0.715319549233058,62.080017800696,37.917632404564,38.0006238413737,2.07478592024436,8.76767952902184,8.7619050321818,8.76356092008266,2.83743319575237,2.74819161710615,0.00690334892391086
"quadneg",1000,945,50,0,20,37.2105029420621,0.367177839359303,36.8433251027028,17.9440471558632,17.9848770961406,2.04149701386837,6.25835396610496,6.25647814670329,6.26099033699941,3.07851807209139,3.01422742385815,0.00491936350314827
"quadneg",1000,945,50,1,20,36.6643955958855,0.346679852672256,36.3177157432132,17.9420255823873,17.9828949975586,2.04347075856781,6.25834288990082,6.25646330542023,6.26099033699941,2.99158584674399,2.93054076250561,0.00579386243495693
"quadneg",1000,946,2,0,500,533.722808130075,16.4176148817926,517.305193248282,497.462783402326,498.73095259017,2.53633837568696,23.1724847501091,22.3606409624669,22.3606797749979,1.56478794219845,0.830666736668674,0.129884570667796
"quadneg",1000,946,2,1,500,513.955930391557,16.6810589527787,497.274871438779,497.329218046741,498.588923054375,2.51941001526768,23.1722511072891,22.3569884107482,22.3606797749979,0.717526850017012,-0.0587758776564209,0.301060633581012
"quadneg",1000,946,5,0,200,201.029282865086,6.67928367305357,194.349999192032,197.766617154314,198.212836302178,2.23109573932134,18.0527317818583,17.8883259220589,17.8885438199983,0.18072975049962,-0.215941789465194,0.426644078715242
"quadneg",1000,946,5,1,200,216.000117360698,7.02720781133079,208.972909549367,197.646886813267,198.098370332428,2.25741759580206,18.0467588217701,17.8808815938956,17.8885438199983,1.01698209239049,0.608165719337443,0.180947583209402
"quadneg",1000,946,10,0,100,112.622229803558,3.41395744890793,109.20827235465,97.8536600962418,98.0679087505664,2.1424865432466,13.470680709143,13.4158798946301,13.4164078649987,1.0963491768677,0.830386354945156,0.14831769735375
"quadneg",1000,946,10,1,100,107.842172719367,3.75605260011278,104.086120119254,97.7854307392892,98.0010848662603,2.15654126971164,13.464415760149,13.4089861484493,13.4164078649987,0.746912614644804,0.453802784612272,0.233299608771364
"quadneg",1000,946,25,0,40,48.4809243173817,1.37279660383777,47.108127713544,37.8939031819189,37.9778012029466,2.09745052569274,8.77490885715261,8.76165825096408,8.76356092008266,1.20651066669862,1.04207745258641,0.118677541096016
"quadneg",1000,946,25,1,40,52.5107025642502,1.39672794523643,51.1139746190138,37.8812476492486,37.9647454682764,2.08744547569513,8.77018631961436,8.75678108202266,8.76356092008266,1.66808940903377,1.50160533049436,0.0588537693596617
"quadneg",1000,946,50,0,20,27.9705919075342,0.6018657551878,27.3687261523464,17.9198837720577,17.9611478442397,2.06320360910036,6.26005630303851,6.25567882404187,6.26099033699941,1.60552999029707,1.50384611689965,0.062504133890132
"quadneg",1000,946,50,1,20,35.1308090571297,0.652331999857584,34.4784770572721,17.9232979996429,17.9642411888265,2.04715945917904,6.25619626915234,6.25175814043543,6.26099033699941,2.75047493991398,2.64153466872528,0.00910040240712827
"quadneg",1000,947,2,0,500,561.953645986839,10.3825988902669,551.571047096572,497.480473832308,498.739879237799,2.51881081098234,22.6660251548549,22.360653610841,22.3606797749979,2.84448515847173,2.36268441782756,0.0246157746929292
"quadneg",1000,947,2,1,500,475.679378204073,12.1432826453773,463.536095558696,497.035853234907,498.318308945898,2.56491142198192,22.6396377608418,22.3523312735604,22.3606797749979,-0.94332229413019,-1.5560888464616,0.757067782191506
"quadneg",1000,947,5,0,200,237.234819880706,4.11662318373432,233.118196696972,197.748235830865,198.198212534776,2.2498835195551,17.9496680415809,17.888378452011,17.8885438199983,2.1998503793145,1.95210450493739,0.0295377171423184
"quadneg",1000,947,5,1,200,199.035376620769,4.24282012062209,194.792556500147,197.47668719408,197.925816369266,2.24564587593134,17.924408289016,17.8672329917544,17.8885438199983,0.086959044982496,-0.175363463977055,0.465958171116047
"quadneg",1000,947,10,0,100,134.808286648868,1.98442172374599,132.823864925122,97.8427615924605,98.0581709872411,2.15409394780641,13.4363715123047,13.4159917321862,13.4164078649987,2.75115383811434,2.59136220652808,0.00811446421433825
"quadneg",1000,947,10,1,100,105.777091875312,2.00540744773366,103.771684427579,97.6792520667611,97.8958263584088,2.16574291647623,13.41586408543,13.396893115266,13.4164078649987,0.603601807307031,0.43859856301116,0.278000324653897
"quadneg",1000,947,25,0,40,61.1575678929979,0.752867824769283,60.4047000682286,37.9118313941751,37.9950849097464,2.08133788928372,8.76695230815091,8.76207298237893,8.76356092008266,2.65151853024347,2.55757001836772,0.0100101116898327
"quadneg",1000,947,25,1,40,43.9118600140218,0.715939558918973,43.1959204551029,37.8434759560182,37.9267658271934,2.08224677938122,8.75218482557182,8.74764837030744,8.76356092008266,0.6933564794328,0.602350986785748,0.235307929565931
"quadneg",1000,947,50,0,20,40.8289290354223,0.39254787970391,40.4363811557184,17.9301522680046,17.9712850295789,2.05663807871689,6.25843555742505,6.2568676161661,6.26099033699941,3.65886595097244,3.59047010489651,0.00160729933009443
"quadneg",1000,947,50,1,20,28.1653090935846,0.384446745279824,27.7808623483048,17.9024203297322,17.9433999101238,2.04897901957785,6.24735929442267,6.24592161374211,6.26099033699941,1.64275628792706,1.57502175764372,0.0595837082994567
"quadneg",1000,948,2,0,500,524.935071778122,8.13560308587921,516.799468692243,497.464186407795,498.731798335509,2.53522385542839,22.5560771611403,22.3606583642942,22.3606797749979,1.21789286204669,0.808011555938111,0.19500924232986
"quadneg",1000,948,2,1,500,539.143646244225,9.25427974114167,529.889366503083,497.211469303211,498.478040846431,2.53314308643899,22.5485665666437,22.3567825679821,22.3606797749979,1.85963825314929,1.40500206418958,0.0984550521837402
"quadneg",1000,948,5,0,200,201.056045035953,3.27293555059897,197.783109485354,197.764048391635,198.210942349545,2.23446978955291,17.9275744582961,17.8884185988969,17.8885438199983,0.183627553854304,-0.023916751602523,0.426122199429218
"quadneg",1000,948,5,1,200,211.530727229488,3.58974465179339,207.940982577695,197.568566014148,198.022391520178,2.26912753015038,17.9154029427272,17.8764898680658,17.8885438199983,0.779338386079012,0.554839967505876,0.24247341000158
"quadneg",1000,948,10,0,100,112.872349110249,1.64885801576929,111.22349109448,97.843528975647,98.0589047451165,2.15375769469473,13.4290557258328,13.4160513179288,13.4164078649987,1.11912709586063,0.981256409758235,0.144584327184619
"quadneg",1000,948,10,1,100,126.63649159064,1.70170895588451,124.934782634755,97.7472294137815,97.9629665915966,2.1573717781507,13.4176167404695,13.404566750207,13.4164078649987,2.15308446616483,2.01213635216834,0.027358836438684
"quadneg",1000,948,25,0,40,45.3902430891881,0.60946390132255,44.7807791878655,37.8957859964511,37.9797081019599,2.09805263771981,8.76533266227211,8.76222571303649,8.76356092008266,0.855011142360257,0.776180768293486,0.191150118734949
"quadneg",1000,948,25,1,40,67.8925968814857,0.63566364366107,67.2569332378246,37.8449385135821,37.9293033258636,2.10912030703774,8.75687625648368,8.75375704483228,8.76356092008266,3.43132156808269,3.35029059657012,0.00203667659629975
"quadneg",1000,948,50,0,20,28.1172237901078,0.198845772217638,27.9183780178901,17.9103209694616,17.9518798529851,2.07794417617807,6.25832157513315,6.25733520909585,6.26099033699941,1.6309329423407,1.59277037778276,0.0602935706476207
"quadneg",1000,948,50,1,20,38.435766956356,0.198482618640537,38.2372843377155,17.891610778286,17.9331444615418,2.07668416279022,6.25216805477125,6.25117090341299,6.26099033699941,3.28592513798347,3.24805387500895,0.00339033399938477
"quadneg",1000,949,2,0,500,536.291317565017,2.04473285886044,534.246584706157,497.467813022514,498.733468043999,2.53131004297175,22.7014122097308,22.3606449988609,22.3606797749979,1.71018015019621,1.58819732901115,0.114192776369094
"quadneg",1000,949,2,1,500,522.886530299909,1.00686682555991,521.879663474349,497.258803174633,498.520549319142,2.52349228901673,22.6974415892829,22.3564088004613,22.3606797749979,1.12910201903005,1.04485091338667,0.212773719041193
"quadneg",1000,949,5,0,200,215.207378579507,0.755611631237562,214.45176694827,197.74174572324,198.192996249664,2.25625263212168,17.9568048190275,17.8883659882447,17.8885438199983,0.972647028928016,0.908901948299242,0.19102503194619
"quadneg",1000,949,5,1,200,248.716346063234,0.448885983593904,248.26746007964,197.611245229593,198.061502352506,2.25128561456328,17.9471202245475,17.8779009165786,17.8885438199983,2.84753766588917,2.80826915650799,0.00838993329914997
"quadneg",1000,949,10,0,100,104.690607908647,0.336005979067708,104.354601929579,97.8191313901261,98.0368819741191,2.17750583992933,13.4386749294253,13.4159524504879,13.4164078649987,0.511320986228698,0.470911027657244,0.30334082250235
"quadneg",1000,949,10,1,100,123.286598163441,0.312302001610568,122.97429616183,97.7483662597333,97.9656903941539,2.17324134420602,13.4295641434317,13.4064977390937,13.4164078649987,1.90164264684631,1.86540931527187,0.0429529268975295
"quadneg",1000,949,25,0,40,52.2753563808708,0.334105568731201,51.9412508121396,37.8942384201176,37.9781413269524,2.09757267087233,8.76715554638962,8.7617633884694,8.76356092008266,1.64034023175003,1.59364146988525,0.0614583366460808
"quadneg",1000,949,25,1,40,58.4457544925154,0.331627847383774,58.1141266451316,37.8609025412152,37.9448886737386,2.09965331308509,8.76056705752631,8.75507008250151,8.76356092008266,2.3497168409453,2.30372090472521,0.0180824884402617
"quadneg",1000,949,50,0,20,31.8862573017866,0.282426944432673,31.6038303573539,17.9168189288049,17.9581715670152,2.06763191051497,6.25785417044548,6.25612962718406,6.26099033699941,2.2323048752009,2.18116624870524,0.0226787709884557
"quadneg",1000,949,50,1,20,25.2158733539767,0.215667750216393,25.0002056037603,17.9068235595076,17.9480481350003,2.0612287746323,6.25283175260459,6.25105586531126,6.26099033699941,1.1689183531005,1.12815460631128,0.119084504449631
"quadneg",1000,950,2,0,500,524.114177651457,11.0756420234921,513.038535627965,497.472497477691,498.735896569151,2.52679818291877,22.7288166505181,22.3606527865191,22.3606797749979,1.17215430012975,0.639634235876907,0.202011414884618
"quadneg",1000,950,2,1,500,509.875172547474,11.1671775001605,498.707995047314,497.453852567729,498.723025594398,2.53834605333851,22.7278070745536,22.3605198836438,22.3606797749979,0.546525229600905,-0.000672191306930086,0.346637773836982
"quadneg",1000,950,5,0,200,231.780433267333,4.29320083181928,227.487232435514,197.747768325817,198.197867516568,2.25049595375561,17.9624055893018,17.8883943660668,17.8885438199983,1.89466075533811,1.63733895393685,0.0502278841420886
"quadneg",1000,950,5,1,200,203.205998119502,4.4139739028946,198.792024216608,197.747434616941,198.196705474116,2.24635428587455,17.9618121913637,17.888053819867,17.8885438199983,0.303898261734739,0.03328024101932,0.384841495933092
"quadneg",1000,950,10,0,100,129.149966989317,2.13473218662197,127.015234802695,97.8456882259642,98.0608168258317,2.15128599867537,13.4406462125412,13.4160091203345,13.4164078649987,2.32907542303611,2.15819903796709,0.0191485951264525
"quadneg",1000,950,10,1,100,109.124639183995,2.12372442246609,107.000914761529,97.8408694822876,98.0562302461311,2.15360763843529,13.440231556571,13.4156952442195,13.4164078649987,0.839551733481156,0.666732834383049,0.207935989172593
"quadneg",1000,950,25,0,40,54.4730786644987,0.823178943477602,53.6498997210211,37.9095647970161,37.9929135528325,2.08371889540975,8.76803544144416,8.7620993009394,8.76356092008266,1.88907925590621,1.78689896455636,0.0405787053663661
"quadneg",1000,950,25,1,40,50.8107774490317,0.871513784901337,49.9392636641304,37.9049992760938,37.9884894824295,2.08725515839115,8.76779195009263,8.76187912452244,8.76356092008266,1.47195305801041,1.36395104427469,0.0799531611088088
"quadneg",1000,950,50,0,20,31.5025973503066,0.285018829486357,31.2175785208202,17.9223661235852,17.9636537395218,2.064380796833,6.25881797755621,6.25685886930827,6.26099033699941,2.1697757109121,2.11830329853096,0.0251607828598519
"quadneg",1000,950,50,1,20,32.2864956286255,0.336585966356361,31.9499096622691,17.9256013908246,17.9668141121031,2.060636063923,6.25865160276129,6.25670114069736,6.26099033699941,2.29456680916139,2.23489906833036,0.0203303007307331
