"scen","n","rep","m","oracle","G","HL","C","EF","mu","muEF","d","sdHL","sdEF","sdEF_simple","zHL","zEF","pHL_chisq"
"quadpos",4000,951,2,0,2000,2077.47150374008,-8.72777247839511,2086.19927621848,1997.45418793024,1998.72699842797,2.54562099546002,45.1673178141302,44.7213558739992,44.7213595499958,1.77157554803501,1.95593975363705,0.105393656985361
"quadpos",4000,951,2,1,2000,1995.886648679,-9.22978154665764,2005.11643022565,1997.04912661248,1998.31151080799,2.52476839101985,45.1660624006237,44.7178119054116,44.7213595499958,-0.0257378631585835,0.152174695668524,0.509133443957737
"quadpos",4000,951,5,0,800,838.804297684468,-3.4986593791174,842.302957063585,797.735752321229,798.188516603433,2.26382141102113,35.8665891101359,35.7770692303261,35.7770876399966,1.14503626863232,1.23303673020703,0.153604447029887
"quadpos",4000,951,5,1,800,811.848392122936,-4.11232373349354,815.96071585643,797.474854708101,797.926736374966,2.25940833432395,35.8579685780561,35.7670672387505,35.7770876399966,0.400846394394771,0.504206267768167,0.358929082633357
"quadpos",4000,951,10,0,400,467.486010280758,-1.74734363751918,469.233353918277,397.834229207212,398.050730353824,2.1650114661255,26.8626184191376,26.8327656471275,26.8328157299975,2.59288874921903,2.65282470322147,0.0092395712663428
"quadpos",4000,951,10,1,400,425.669772051252,-1.99372028460581,427.663492335858,397.692592964208,397.908131854608,2.15538890399755,26.853803782711,26.8233308454745,26.8328157299975,1.04183300486676,1.10930893156658,0.162956512679249
"quadpos",4000,951,25,0,160,182.625107072478,-0.709651983510157,183.334759055988,157.885787425298,157.970285232353,2.11244517637893,17.5342305733525,17.5269293699532,17.5271218401653,1.41091561124885,1.44717156600846,0.0875079351859737
"quadpos",4000,951,25,1,160,203.400103013206,-0.694077469095653,204.094180482301,157.833164222163,157.917187041681,2.10057048797169,17.5275271417949,17.5200496857681,17.5271218401653,2.59973574266432,2.63566566698326,0.00864949970850868
"quadpos",4000,951,50,0,80,100.0999684952,-0.368936158359817,100.46890465356,77.9055736363972,77.9473946123001,2.09104879514716,12.5239924815114,12.521453480331,12.5219806739988,1.77215012637283,1.79863384683231,0.0467040971648885
"quadpos",4000,951,50,1,80,126.660852613716,-0.364271763935625,127.025124377652,77.8809604463604,77.9226117806914,2.0825667165478,12.5189424111629,12.5163392445843,12.5219806739988,3.89648666518825,3.92307300381034,0.000412292017315385
"quadpos",4000,952,2,0,2000,2022.1510195121,-14.7622457312079,2036.91326524331,1997.46514941073,1998.73246777709,2.53463673271926,45.2218505327387,44.7213553544497,44.7213595499958,0.545883678145728,0.853748665790764,0.347876630824392
"quadpos",4000,952,2,1,2000,2050.63760849819,-15.0300871986593,2065.66769569684,1997.45828808446,1998.72167168459,2.52676720026124,45.2228353364651,44.7212153952073,44.7213595499958,1.17593954510075,1.49696343045793,0.201574211639664
"quadpos",4000,952,5,0,800,884.174814372688,-5.90965217424643,890.084466546934,797.738471112645,798.190681786151,2.26105336753057,35.877572948084,35.777066781961,35.7770876399966,2.40920263433423,2.56851086537693,0.0178416880343641
"quadpos",4000,952,5,1,800,851.766048480125,-6.00662520999382,857.772673690119,797.734847045919,798.185904563514,2.25528758797227,35.8775962996483,35.7767073406182,35.7770876399966,1.50598721784311,1.66551853303042,0.0912100125959792
"quadpos",4000,952,10,0,400,470.921314669709,-3.03463958738566,473.955954257095,397.838943686266,398.054965282015,2.16021595748975,26.8662776037988,26.83275967765,26.8328157299975,2.72022689786805,2.82866875740332,0.00684971437497061
"quadpos",4000,952,10,1,400,490.152051365,-3.05828703770882,493.210338402708,397.837023506037,398.052708433458,2.15684927421397,26.8660908060207,26.8324279391647,26.8328157299975,3.4361168703515,3.54636673896953,0.00108202158506617
"quadpos",4000,952,25,0,160,193.515528983759,-1.25286757162188,194.768396555381,157.891946748601,157.97619582557,2.10622692420808,17.5351204766274,17.5269223779642,17.5271218401653,2.03155617223389,2.09918204328148,0.0285810146520143
"quadpos",4000,952,25,1,160,241.681010167258,-1.23352202296673,242.914532190225,157.893202445136,157.977313251998,2.10277017154436,17.5349222425213,17.5266871187275,17.5271218401653,4.77833927993937,4.84616507174767,2.05278813526108e-05
"quadpos",4000,952,50,0,80,136.074918847594,-0.616094615373982,136.691013462968,77.9167882014703,77.9583791982072,2.07954983684485,12.5242562392202,12.5214081064301,12.5219806739988,4.64363947329656,4.69057743071241,5.2102091905568e-05
"quadpos",4000,952,50,1,80,137.756965799683,-0.618608207716441,138.3755740074,77.9116342229702,77.9533056326072,2.08357048185359,12.5240940069332,12.5212328436601,12.5219806739988,4.77841603101854,4.82558459931412,3.53562177156996e-05
"quadpos",4000,953,2,0,2000,2028.6449979461,-19.9486353980177,2048.59363334411,1997.46078969948,1998.73031029654,2.53904119411613,45.0556151546739,44.7213569318838,44.7213595499958,0.692127011018704,1.11497786445794,0.311056148092837
"quadpos",4000,953,2,1,2000,2024.35196480997,-20.2255049433949,2044.57746975336,1996.28928708016,1997.55427908493,2.52998400954365,45.0222253635852,44.710921759339,44.7213595499958,0.623307211120407,1.05171597493652,0.335204845742476
"quadpos",4000,953,5,0,800,888.691050998647,-7.97682504847359,896.66787604712,797.756188893647,798.204869856721,2.24340481536855,35.8441012126276,35.7770708709582,35.7770876399966,2.53695472974961,2.75212597882981,0.0136941018455579
"quadpos",4000,953,5,1,800,839.797153551783,-7.94689553975795,847.744049091541,796.996856431658,797.445751617769,2.24447593055429,35.8098529499081,35.7482949250794,35.7770876399966,1.1952100775168,1.40701249050301,0.147982253689626
"quadpos",4000,953,10,0,400,486.35389834864,-4.02244834225587,490.376346690896,397.853904393797,398.06844181499,2.1453742119337,26.8551159887734,26.8327687844817,26.8328157299975,3.29546124439902,3.44011852139875,0.00159324506233806
"quadpos",4000,953,10,1,400,459.600874970851,-4.15246371281525,463.753338683666,397.420804786978,397.636010522675,2.15205735696413,26.8266543351843,26.806098499992,26.8328157299975,2.31784662399444,2.46650321608762,0.0177210157140211
"quadpos",4000,953,25,0,160,257.747383842563,-1.58928433183175,259.336668174395,157.913167866275,157.996577011824,2.0852286387301,17.5324115726402,17.5269480520834,17.5271218401653,5.69426604906322,5.78195877921396,9.15178708263434e-07
"quadpos",4000,953,25,1,160,236.565547092561,-1.65780577914626,238.223352871707,157.724458422412,157.808107910285,2.0912371968185,17.5124882744709,17.507446868992,17.5271218401653,4.50199237449772,4.59320228490016,5.17597233760628e-05
"quadpos",4000,953,50,0,80,185.601046668019,-0.798515150677553,186.399561818696,77.9330595667071,77.9743360419953,2.06382376441175,12.5233943050882,12.5214955367914,12.5219806739988,8.59734864832664,8.65912745471335,9.31637202524489e-11
"quadpos",4000,953,50,1,80,176.331048779299,-0.832007409005334,177.163056188305,77.833719057654,77.875096251011,2.06885966785038,12.5086745110388,12.5069209917982,12.5219806739988,7.87432190634765,7.93864133325898,1.41846619933371e-09
"quadpos",4000,954,2,0,2000,2007.41352052101,-21.8308904621445,2029.24441098315,1997.47294195037,1998.73637009325,2.52685628575511,45.15316547436,44.7213555190219,44.7213595499958,0.220152418245835,0.682180594390196,0.43674604234306
"quadpos",4000,954,2,1,2000,2022.59039774386,-22.050527155398,2044.64092489926,1997.0209315183,1998.2942455748,2.54662811301279,45.1512610544449,44.7179091466275,44.7213595499958,0.566306801370042,1.03642321854741,0.345332035042921
"quadpos",4000,954,5,0,800,835.109922126774,-8.76205492741129,843.871977054185,797.745689476865,798.196462495058,2.25386509096411,35.8637364211721,35.7770684120741,35.7770876399966,1.0418388148718,1.27667012939809,0.175793898864421
"quadpos",4000,954,5,1,800,915.44355328865,-9.47207655373738,924.915629842388,797.454356898499,797.907257423387,2.26450262443838,35.8544685928577,35.7665654576865,35.7770876399966,3.29078078746522,3.5510363042618,0.00237673567710567
"quadpos",4000,954,10,0,400,409.013484259345,-4.4128763151388,413.426360574484,397.838835690489,398.054871321772,2.16035631283259,26.8616620382111,26.8327624083731,26.8328157299975,0.416007339864514,0.572862719788952,0.34075732117553
"quadpos",4000,954,10,1,400,476.601819506896,-4.80363336094442,481.40545286784,397.676086840423,397.892407785915,2.16320945491827,26.8522900997389,26.8228151963805,26.8328157299975,2.9392551761252,3.11350782796264,0.00409137606384168
"quadpos",4000,954,25,0,160,184.962326378958,-1.81385714479276,186.776183523751,157.890745113303,157.975043994578,2.10747203186179,17.5339949841732,17.5269275538189,17.5271218401653,1.54394827248957,1.64325090297403,0.0700839031838508
"quadpos",4000,954,25,1,160,189.21762308621,-1.95292005509885,191.170543141309,157.826070396367,157.910198770865,2.10320936244763,17.5268156512796,17.519581481215,17.5271218401653,1.791058530792,1.89846683301805,0.0455964048306524
"quadpos",4000,954,50,0,80,103.146202848247,-0.889922877458296,104.036125725705,77.9056998257626,77.9475177959433,2.09089850903228,12.5239086104217,12.5214496626184,12.5219806739988,2.0153854365785,2.08351338165315,0.0298907209006876
"quadpos",4000,954,50,1,80,117.723673357778,-0.952643479044845,118.676316836823,77.8758591805421,77.9175658628684,2.08533411631514,12.5184991303139,12.5159805470966,12.5219806739988,3.18311434641105,3.2565367787672,0.0024676255981816
"quadpos",4000,955,2,0,2000,2063.22315325114,-11.4507070688276,2074.67386031997,1997.47701108729,1998.73840394796,2.52278572134365,45.177711597876,44.721355880464,44.7213595499958,1.45527827414216,1.69796856282653,0.151203719430939
"quadpos",4000,955,2,1,2000,2063.23803052395,-11.3270684608056,2074.56509898476,1997.45583975076,1998.72653588294,2.54139226436196,45.177154839731,44.7213320428614,44.7213595499958,1.45609414772939,1.69580286716721,0.151149728420944
"quadpos",4000,955,5,0,800,809.96034804083,-4.56748565641911,814.52783369725,797.748510966878,798.198720848582,2.25104940852174,35.8686799334525,35.7770689688723,35.7770876399966,0.34045961815739,0.456412817463465,0.376544762732776
"quadpos",4000,955,5,1,800,806.555611355625,-4.56560883553422,811.121220191159,797.754213936521,798.202936798717,2.24361431098269,35.868448072088,35.7770032196908,35.7770876399966,0.245379933957971,0.361077849732581,0.409018207544785
"quadpos",4000,955,10,0,400,432.356110131567,-2.30489608775746,434.661006219324,397.842659410103,398.05831470335,2.15655293246708,26.8633161658021,26.8327639440883,26.8328157299975,1.28477997684442,1.36410440580194,0.113559581158348
"quadpos",4000,955,10,1,400,432.215562623242,-2.30859306880978,434.524155692052,397.8464797609,398.061658201886,2.1517844098567,26.8631917368552,26.8327044351251,26.8328157299975,1.27941173926806,1.35888268654853,0.114469141002095
"quadpos",4000,955,25,0,160,207.951609582072,-0.92404913668957,208.875658718761,157.895909073379,157.980004190512,2.10237792832952,17.534407502724,17.5269355411554,17.5271218401653,2.85471296939557,2.90385358060686,0.00472410451693244
"quadpos",4000,955,25,1,160,220.649514746084,-0.905922545152926,221.555437291237,157.900989544316,157.984865216614,2.09689180744901,17.534349592143,17.5268922537718,17.5271218401653,3.57860580297118,3.62703046006019,0.000737015963943984
"quadpos",4000,955,50,0,80,142.833420006902,-0.4821744799505,143.315594486853,77.9170553634347,77.9586465144959,2.07955755305889,12.5240515958438,12.5214523800869,12.5219806739988,5.18333577170911,5.21959801374922,1.06358773070599e-05
"quadpos",4000,955,50,1,80,135.944811432421,-0.477587294120125,136.422398726541,77.9156210972996,77.957236566148,2.08077344241884,12.5240120984325,12.5214186152716,12.5219806739988,4.63343454789413,4.66921232783377,5.36765628453493e-05
"quadpos",4000,956,2,0,2000,2007.83022689807,-14.0744232012977,2021.90465009936,1997.47578265939,1998.7377980497,2.52403078062541,45.0768304767971,44.7213559442684,44.7213595499958,0.229706572737098,0.518026601843907,0.434159085260052
"quadpos",4000,956,2,1,2000,1997.32994992542,-14.1584833835991,2011.48843330902,1997.47734641281,1998.73468951319,2.51468620076372,45.0759886857688,44.7212909058245,44.7213595499958,-0.00326995572790392,0.28518281868653,0.500021606527163
"quadpos",4000,956,5,0,800,848.060685901042,-5.5565846347784,853.617270535821,797.750350388584,798.200197898057,2.24923754736258,35.8483702860457,35.7770701617646,35.7770876399966,1.4034204375545,1.54895502586426,0.106675583537638
"quadpos",4000,956,5,1,800,878.263072009657,-5.59189668445376,883.854968694111,797.753628695282,798.201835966628,2.24103635673248,35.8479524044904,35.7768844955776,35.7770876399966,2.2458589100417,2.39409143459852,0.0248824308563401
"quadpos",4000,956,10,0,400,463.234074184768,-2.79210144531956,466.026175630088,397.843871755393,398.059410129584,2.15538374190778,26.8565376796766,26.8327668832292,26.8328157299975,2.434796443581,2.53297640889149,0.0132089077267785
"quadpos",4000,956,10,1,400,433.845743922764,-2.81761877689669,436.66336269966,397.845092615738,398.060242720244,2.15150104505956,26.8562893685728,26.8326007603312,26.8328157299975,1.34049238198758,1.43866486607913,0.104246161750768
"quadpos",4000,956,25,0,160,220.186389877861,-1.0999068524724,221.286296730333,157.905416911962,157.989134012341,2.09292750947204,17.5327551203965,17.5269422143492,17.5271218401653,3.55226389339373,3.61142074549496,0.00079203429224648
"quadpos",4000,956,25,1,160,229.755312243304,-1.11749375316603,230.87280599647,157.908062539173,157.991628929692,2.0891597629926,17.5326144330649,17.5268225368343,17.5271218401653,4.0979199068357,4.15826524822802,0.000168225813122331
"quadpos",4000,956,50,0,80,152.560068842918,-0.583393838341977,153.143462681259,77.9256321481532,77.9670550621041,2.07114569754743,12.5234980830751,12.5214784939998,12.5219806739988,5.95955189194535,6.00379640912048,9.4270096921098e-07
"quadpos",4000,956,50,1,80,146.34738632523,-0.58728643456559,146.934672759796,77.9245228271289,77.9659568940825,2.07170334767931,12.523405480036,12.5213932562981,12.5219806739988,5.4635988275854,5.50807042427353,4.5112094474476e-06
"quadpos",4000,957,2,0,2000,2004.78169917501,1.49500748092358,2003.28669169408,1997.47569518956,1998.7377571758,2.52412397246472,45.1654642812886,44.7213560883969,44.7213595499958,0.161760852051531,0.101717275954176,0.453151071957009
"quadpos",4000,957,2,1,2000,2079.31492838719,0.990706814132586,2078.32422157306,1997.34409990948,1998.60541236622,2.52262491347597,45.1665365269718,44.7202068856985,44.7213595499958,1.81485752020775,1.78261271041518,0.100306218068484
"quadpos",4000,957,5,0,800,778.587309441585,0.55363836744108,778.033671074144,797.758067058646,798.20636629434,2.24149617846577,35.8662113182067,35.7770687579523,35.7770876399966,-0.534507462942698,-0.563844270101411,0.68196461558344
"quadpos",4000,957,5,1,800,880.373224018108,0.51744683782375,879.855777180284,797.684669350945,798.130479355834,2.22905002444705,35.8639113770568,35.7738340686808,35.7770876399966,2.30562009251622,2.28449927026409,0.0221363310744912
"quadpos",4000,957,10,0,400,414.682120150353,0.21370418325678,414.468415967096,397.845360958178,398.060748714219,2.15387756040857,26.8624903025819,26.8327655291364,26.8328157299975,0.626775812760613,0.611478799494633,0.272002452064143
"quadpos",4000,957,10,1,400,493.519075365276,0.177667683531588,493.341407681744,397.811851706485,398.025784820251,2.13933113765744,26.8598717974219,26.8297668651036,26.8328157299975,3.56320478297954,3.55260719710042,0.00076090799848258
"quadpos",4000,957,25,0,160,198.313483688073,0.0776320331264545,198.235851654947,157.898602624035,157.982588552314,2.09964820695961,17.534203256823,17.5269313723966,17.5271218401653,2.30491688000203,2.29665206346552,0.0163338328717214
"quadpos",4000,957,25,1,160,198.961500960397,0.0841437177831228,198.877357242613,157.882409554765,157.966236226792,2.09566680068118,17.5321507603286,17.5247786939347,17.5271218401653,2.34307199197628,2.33447290435573,0.015099390457282
"quadpos",4000,957,50,0,80,114.756180440687,0.0270196595466028,114.729160781141,77.9179246520137,77.959497998863,2.07866734246339,12.5239764323401,12.5214487574591,12.5219806739988,2.94141848538998,2.93653422175878,0.00428872501383534
"quadpos",4000,957,50,1,80,128.897386081441,0.0309349166313327,128.86645116481,77.911804758345,77.9532897287907,2.07424852228554,12.5223851391492,12.5198199682908,12.5219806739988,4.07155511961519,4.06660491644193,0.000256345754552249
"quadpos",4000,958,2,0,2000,1982.75286844432,-10.9254432650295,1993.67831170935,1997.47042000425,1998.73511318824,2.52938636799491,45.0894224443173,44.7213562446264,44.7213595499958,-0.326408074490202,-0.113073526912557,0.591444391248845
"quadpos",4000,958,2,1,2000,2001.08809395471,-10.9105428078072,2011.99863676252,1997.46818842763,1998.73399237411,2.53160789294379,45.0893937210788,44.721356166614,44.7213595499958,0.0802828609642965,0.296606487938114,0.476328132073654
"quadpos",4000,958,5,0,800,847.705081883973,-4.39877515264819,852.103857036621,797.752167945353,798.201647402506,2.24739728576447,35.8509012326053,35.7770691744813,35.7770876399966,1.39335169329549,1.50661333859516,0.108256338924669
"quadpos",4000,958,5,1,800,835.038292804637,-4.40992560209098,839.448218406728,797.756030501962,798.204736419623,2.24352958830541,35.8508939955168,35.7770689791318,35.7770876399966,1.03992559592342,1.15279096818025,0.176243948104131
"quadpos",4000,958,10,0,400,476.035816442151,-2.20077578753058,478.236592229682,397.845890081932,398.061224917869,2.15334835937268,26.8573844003533,26.8327658538441,26.8328157299975,2.91130086216402,2.98796507779038,0.00431182881527799
"quadpos",4000,958,10,1,400,465.568928517896,-2.19204969714274,467.760978215039,397.844015322001,398.059537382708,2.15522060706542,26.8573820515138,26.8327656978563,26.8328157299975,2.52164984159645,2.59762417401125,0.0108745876742711
"quadpos",4000,958,25,0,160,241.196176792923,-0.928186041441651,242.124362834364,157.895132240124,157.97925782653,2.10313966016245,17.5329545515765,17.5269340456397,17.5271218401653,4.7511127863677,4.80090270144923,2.24400986655582e-05
"quadpos",4000,958,25,1,160,236.978381216389,-0.928711409009942,237.907092625399,157.895044744516,157.979173778848,2.10322585828037,17.5329534375858,17.5269339058262,17.5271218401653,4.51055418320679,4.56029099419276,4.80964986354674e-05
"quadpos",4000,958,50,0,80,156.294341991652,-0.476495170639474,156.770837162291,77.9149149529647,77.9565487378248,2.08168924300604,12.5235441465129,12.5214513251251,12.5219806739988,6.25856595558943,6.29434131699418,3.5748647241128e-07
"quadpos",4000,958,50,1,80,154.931689698859,-0.474216350788925,155.405906049648,77.9145690445637,77.9562097330109,2.08203442235838,12.5235436393336,12.5214512118351,12.5219806739988,6.14978658375913,6.1853610261591,5.10470517441444e-07
"quadpos",4000,959,2,0,2000,2004.39136551041,-16.4566664430781,2020.84803195349,1997.46603487638,1998.73292653272,2.53378331267892,45.0601590172861,44.7213563655116,44.7213595499958,0.153690772182388,0.494508825716688,0.455592898606843
"quadpos",4000,959,2,1,2000,2062.49165108994,-16.6282751866995,2079.11992627664,1997.45758047067,1998.71653695698,2.51791297263172,45.0585489494345,44.7211669491306,44.7213595499958,1.44332367853776,1.79788218431582,0.153874557281674
"quadpos",4000,959,5,0,800,875.068462713406,-6.58920229162074,881.657665005027,797.744345234018,798.195395844354,2.2552530516781,35.8450171483801,35.777070695988,35.7770876399966,2.15717897858175,2.33284244732849,0.0295896227205552
"quadpos",4000,959,5,1,800,869.558842979926,-6.56093973650334,876.119782716429,797.738951486716,798.18803952764,2.24544020461777,35.8440277248203,35.7764997688236,35.7770876399966,2.00367804769546,2.178294234829,0.039469564226577
"quadpos",4000,959,10,0,400,480.156396371114,-3.30765939993749,483.464055771051,397.835821263716,398.052170067894,2.16348804177506,26.8554233626759,26.8327706626536,26.8328157299975,3.06532405003185,3.18311838821905,0.00292590479828885
"quadpos",4000,959,10,1,400,448.81433217215,-3.27558976007192,452.089921932222,397.835754098345,398.051249837049,2.15495738704362,26.8547348645079,26.8322347025427,26.8328157299975,1.89830874633509,2.0139460128549,0.0397964335881488
"quadpos",4000,959,25,0,160,216.895718722392,-1.36187287705401,218.257591599446,157.898846021726,157.98282742727,2.09953513861541,17.5324869826988,17.5269465757799,17.5271218401653,3.36500308021813,3.43897688690781,0.00130913582588769
"quadpos",4000,959,25,1,160,204.375312944547,-1.31740564344578,205.692718587993,157.897837584242,157.981711345915,2.0968440418186,17.5320516593801,17.5265518679357,17.5271218401653,2.65100036568953,2.72221299440898,0.0076196567965751
"quadpos",4000,959,50,0,80,134.600697105579,-0.702788338257481,135.303485443837,77.9219063382995,77.9634067607199,2.07502112102289,12.5234280602742,12.5215022272568,12.5219806739988,4.52582076524812,4.57932903276566,7.28691331926301e-05
"quadpos",4000,959,50,1,80,123.481705287859,-0.698345114551512,124.180050402411,77.9171109517883,77.9586681832965,2.07786157540912,12.5231115850009,12.5212002072191,12.5219806739988,3.63844033703608,3.69144981744365,0.000795373230403099
"quadpos",4000,960,2,0,2000,2009.96477272432,-25.461695172959,2035.42646789728,1997.47241679872,1998.73611499775,2.52739639805379,45.2053796802177,44.7213562027832,44.7213595499958,0.276346665241419,0.820421293423326,0.420959666513473
"quadpos",4000,960,2,1,2000,2035.07274246566,-25.6482834280976,2060.72102589376,1997.43838964139,1998.71369390604,2.55060852930862,45.2059712324644,44.7212648593899,44.7213595499958,0.832508445194968,1.38652903004132,0.276454548234232
"quadpos",4000,960,5,0,800,830.935510399106,-10.2214617830375,841.156972182143,797.757742388425,798.206108539641,2.24183075608074,35.8742581339159,35.7770695575448,35.7770876399966,0.924834957891831,1.20051374172551,0.203276650762659
"quadpos",4000,960,5,1,800,855.817809278204,-10.3021550299766,866.11996430818,797.743430968144,798.193212695483,2.24890863669473,35.874241349978,35.7767957509566,35.7770876399966,1.61883223518246,1.89862591623737,0.0763155657872252
"quadpos",4000,960,10,0,400,483.277309097499,-5.10716389606481,488.384472993564,397.848995581771,398.064022382997,2.15026801225692,26.8651814747169,26.8327674720323,26.8328157299975,3.17988968718213,3.36605050912874,0.00216233404644427
"quadpos",4000,960,10,1,400,478.829410527847,-5.12249965701464,483.951910184861,397.842311318872,398.057596459807,2.15285140935475,26.8650230165604,26.8325114056893,26.8328157299975,3.01459258601981,3.20112837842087,0.00331983295183456
"quadpos",4000,960,25,0,160,240.985669145432,-2.06454478538465,243.050213930817,157.902159476405,157.986007341183,2.09619661945585,17.5348755865386,17.5269434467158,17.5271218401653,4.73818643645296,4.85333947976953,2.33227512097107e-05
"quadpos",4000,960,25,1,160,217.409491482745,-2.07543030464989,219.484921787395,157.907559456089,157.991123080485,2.08909060989101,17.5347187042795,17.5267612971199,17.5271218401653,3.39337819044305,3.50856599599009,0.00121162295987812
"quadpos",4000,960,50,0,80,170.714433387244,-1.01853491034471,171.732968297589,77.922347082225,77.9638359775252,2.07444476501106,12.5242422985218,12.5214808052515,12.5219806739988,7.40899801307511,7.48866158711329,7.03851783441499e-09
"quadpos",4000,960,50,1,80,162.937612744681,-1.02570855364624,163.963321298327,77.9244967277812,77.9659254088019,2.07143405103618,12.5241181383671,12.5213477598428,12.5219806739988,6.78795225960588,6.86806225167933,6.060404531758e-08
"quadpos",4000,961,2,0,2000,2022.83787447269,-5.15935154634515,2027.99722601903,1997.47381387902,1998.73681182617,2.52599589428712,45.1153315320359,44.7213557781652,44.7213595499958,0.562204903130405,0.654282807033141,0.3439020336712
"quadpos",4000,961,2,1,2000,2019.53113809685,-5.26480345626844,2024.79594155312,1997.45988361131,1998.71934737123,2.51892751985294,45.1162405663396,44.7211849673497,44.7213595499958,0.489208635482075,0.583092648392935,0.363196111395599
"quadpos",4000,961,5,0,800,823.934563887581,-2.08453275805723,826.019096645638,797.745334157471,798.196178833345,2.25422337937144,35.8561175865264,35.7770686023043,35.7770876399966,0.730397809157979,0.777674608324416,0.254974325672484
"quadpos",4000,961,5,1,800,815.712024654814,-1.95946650740977,817.671491162224,797.734243581129,798.18471978119,2.25238100030017,35.8560020594561,35.7765813936371,35.7770876399966,0.50138833224837,0.544679525598838,0.323916490926211
"quadpos",4000,961,10,0,400,420.905097942837,-1.04354555199066,421.948643494827,397.839019847653,398.055040385744,2.16020538091109,26.8591222204307,26.8327647314388,26.8328157299975,0.858780041502569,0.890463705407461,0.206022755779377
"quadpos",4000,961,10,1,400,401.633396361735,-0.982831068005899,402.616227429741,397.833414255155,398.04926950011,2.15855244955322,26.8588144255286,26.8323116280632,26.8328157299975,0.141479889855771,0.170203670594468,0.43959078120883
"quadpos",4000,961,25,0,160,189.330588505781,-0.441891696202415,189.772480201984,157.894324357903,157.978478675113,2.10385793024392,17.5333666517834,17.5269236668832,17.5271218401653,1.79293941501421,1.81400924264565,0.0450589642162981
"quadpos",4000,961,25,1,160,174.074264475002,-0.390813218841865,174.465077693844,157.899988085585,157.983794381802,2.09515740541926,17.5330827309139,17.5265995790385,17.5271218401653,0.92250043176374,0.940358295841588,0.180755441980362
"quadpos",4000,961,50,0,80,110.720307285757,-0.15133374125158,110.871641027008,77.9178743325233,77.9594469451036,2.07863062901421,12.5236725461174,12.5214351050911,12.5219806739988,2.61923432063888,2.62846820717245,0.00877678263072286
"quadpos",4000,961,50,1,80,109.141072392355,-0.13423614800219,109.275308540357,77.9196790242545,77.9611834550529,2.0752215399219,12.5234399675856,12.5211871138938,12.5219806739988,2.49303653380467,2.50089107370319,0.0114811318377495
"quadpos",4000,962,2,0,2000,2022.74015540948,-18.5355231059265,2041.2756785154,1997.45628993714,1998.72805432396,2.54352877363284,45.0804182867418,44.721356448975,44.7213595499958,0.560861376917884,0.951393865702421,0.344466407061721
"quadpos",4000,962,2,1,2000,2160.59879451019,-16.8335106184674,2177.43230512866,1995.47680373223,1996.74056018079,2.52751289712034,45.0550678020248,44.7068445951813,44.7213595499958,3.6648927375612,4.04170203878247,0.00593415626404814
"quadpos",4000,962,5,0,800,846.157652095385,-7.45476703803897,853.612419133424,797.731350495387,798.184997866182,2.26823685397406,35.8490911638438,35.7770701475637,35.7770876399966,1.35083763710135,1.54924427960785,0.115336735054444
"quadpos",4000,962,5,1,800,896.82207785966,-7.09383700366813,903.915914863328,796.487094357965,796.938370252639,2.25637947336958,35.8023906260112,35.7304170772245,35.7770876399966,2.80246602942762,2.99401891613739,0.00831348414365088
"quadpos",4000,962,10,0,400,462.829081323178,-3.71956200051994,466.548643323698,397.840287535621,398.056186300719,2.15898765097918,26.8567801469026,26.8327682080496,26.8328157299975,2.41982819355403,2.55256768485154,0.0136559583089092
"quadpos",4000,962,10,1,400,468.711396184996,-3.60221360710273,472.313609792098,397.129258006413,397.34545816916,2.16200162746807,26.8133259096829,26.7888733149288,26.8328157299975,2.66964786165271,2.79848094922156,0.00831294291982386
"quadpos",4000,962,25,0,160,209.656199350761,-1.48801076929755,211.144210120059,157.89052613557,157.974838854268,2.10781796745343,17.5328139474205,17.5269420024994,17.5271218401653,2.95250228345731,3.03357946059321,0.00373462704707282
"quadpos",4000,962,25,1,160,230.994908903283,-1.50746310414646,232.50237200743,157.592176876475,157.676338802069,2.1040481398446,17.5008529188475,17.4947867066884,17.5271218401653,4.1942374104383,4.27704746904713,0.000136366439012461
"quadpos",4000,962,50,0,80,139.974387937518,-0.71844002481235,140.69282796233,77.9071025138362,77.9488949415588,2.089621386129,12.5235096343437,12.5214699192714,12.5219806739988,4.95606161818029,5.01090793854836,2.10396606659023e-05
"quadpos",4000,962,50,1,80,142.58966554011,-0.79883376996325,143.388499310074,77.7618641588849,77.8034323961465,2.07841186307861,12.4994368070774,12.4973210795497,12.5219806739988,5.18645778860365,5.2479300560861,1.1279078862009e-05
"quadpos",4000,963,2,0,2000,1979.36714220894,-8.82874163392247,1988.19588384286,1997.46620010682,1998.73301711039,2.53363400713177,45.020202265884,44.721356856774,44.7213595499958,-0.402020803704769,-0.235617476931032,0.612225961766991
"quadpos",4000,963,2,1,2000,1992.60284410962,-8.23470344586393,2000.83754755548,1997.2560405098,1998.51920887879,2.52633673797823,45.0195156688101,44.719778585995,44.7213595499958,-0.103359539325526,0.0518414614292046,0.52985580448675
"quadpos",4000,963,5,0,800,836.609768736808,-3.54822519048444,840.157993927292,797.742153400572,798.193638571112,2.25742585269776,35.836982844851,35.7770698398775,35.7770876399966,1.08456717755803,1.17293997367572,0.166543595527786
"quadpos",4000,963,5,1,800,866.909729463368,-3.62900758347642,870.538737046844,797.610425762844,798.060803305143,2.25188771149376,35.8325620876801,35.7719543803032,35.7770876399966,1.93397568197755,2.02611053819329,0.0451153296208646
"quadpos",4000,963,10,0,400,431.32478136694,-1.75943529000317,433.084216656943,397.835960229291,398.052291710428,2.163314811368,26.8527419212777,26.8327683148441,26.8328157299975,1.24712855155818,1.3055650663944,0.120359289342954
"quadpos",4000,963,10,1,400,442.076296101862,-1.74399354296666,443.820289644829,397.760417555615,397.976607167811,2.16189612196218,26.848269109874,26.8279883764289,26.8328157299975,1.65060467640909,1.70880059413238,0.0628284575987465
"quadpos",4000,963,25,0,160,211.084573417118,-0.699174059254861,211.783747476373,157.894603221535,157.978753593035,2.10375928749931,17.5318261850252,17.526944203307,17.5271218401653,3.03390928213828,3.06984453531757,0.0030562626640971
"quadpos",4000,963,25,1,160,232.154771785924,-0.721898378666591,232.87667016459,157.864513754026,157.948558683059,2.10112322582347,17.5284301447765,17.5234589384954,17.5271218401653,4.23827219085194,4.27587451453032,0.000111834699176938
"quadpos",4000,963,50,0,80,151.077856305578,-0.364777687672654,151.44263399325,77.911423357924,77.9531321490155,2.08543955457923,12.5231865964202,12.5214919189051,12.5219806739988,5.84247726282133,5.86906914289337,1.37716133799877e-06
"quadpos",4000,963,50,1,80,157.564403009905,-0.429258064056642,157.993661073962,77.8988400163633,77.9404629065095,2.08114450731202,12.5206131518373,12.5188858407871,12.5219806739988,6.36275252876506,6.39459446995156,2.5585952849447e-07
"quadpos",4000,964,2,0,2000,2052.57244334213,-4.8228460033295,2057.39528934546,1997.49033199871,1998.74508341359,2.50950282977078,44.9442404127161,44.721357130065,44.7213595499958,1.22556551935503,1.31145854454499,0.193222186857872
"quadpos",4000,964,2,1,2000,1977.03626775891,-4.01291408704946,1981.04918184595,1996.32247273187,1997.58728228803,2.52961911232657,44.9159256985154,44.7124416715865,44.7213595499958,-0.429384559552749,-0.369876925164308,0.62636564919533
"quadpos",4000,964,5,0,800,876.783976956863,-1.94380642923121,878.727783386094,797.769848828815,798.215804023719,2.22977597451783,35.8217274993649,35.777072284623,35.7770876399966,2.20575984587702,2.25037920156981,0.0269760073757357
"quadpos",4000,964,5,1,800,823.370670295899,-1.44183561449566,824.812505910395,797.016905810248,797.464242741911,2.23668465831852,35.7897939519365,35.7492275648867,35.7770876399966,0.736348594826862,0.765002911429199,0.259431888327838
"quadpos",4000,964,10,0,400,437.772118331919,-0.997249120688738,438.769367452608,397.861301035337,398.075105768292,2.13804732955337,26.8476585587594,26.8327737155621,26.8328157299975,1.48656603365366,1.5165879649898,0.082457344493952
"quadpos",4000,964,10,1,400,415.495056150973,-1.12924635611483,416.624302507088,397.437543142849,397.651810550763,2.14267407913677,26.8203056117648,26.8067134542803,26.8328157299975,0.673277675113536,0.707751511153461,0.262785024966237
"quadpos",4000,964,25,0,160,229.740615118546,-0.363963690508807,230.104578809055,157.926560494267,158.0094379866,2.07193730833061,17.5305972544257,17.5269596824093,17.5271218401653,4.09649788778012,4.11338544327295,0.000168643014822099
"quadpos",4000,964,25,1,160,214.135730697451,-0.452297274399538,214.588027971851,157.734871522675,157.818239362696,2.08419600052927,17.511188209154,17.5078449669088,17.5271218401653,3.22084706652245,3.24253434482964,0.00197079330206992
"quadpos",4000,964,50,0,80,136.524328223678,-0.235310949599905,136.759639173278,77.9438984362629,77.9849633543661,2.05324590515976,12.5227991966845,12.5215369732046,12.5219806739988,4.67790219002511,4.69388669655221,4.6999005642859e-05
"quadpos",4000,964,50,1,80,154.473314821385,-0.255496083646236,154.728810905031,77.8442737569372,77.8855127972547,2.06195201587319,12.5086585875876,12.5074972551547,12.5219806739988,6.12607982925415,6.14377893036171,5.75102542258283e-07
"quadpos",4000,965,2,0,2000,1974.61862737421,-16.9371518866642,1991.55577926087,1997.47916056558,1998.73948221087,2.52064329058737,45.128175052043,44.7213558431268,44.7213595499958,-0.506568970826047,-0.160632494578192,0.640865394429057
"quadpos",4000,965,2,1,2000,2033.15131461456,-17.4674544611281,2050.61876907569,1997.08738734074,1998.35391931303,2.53306394457414,45.1258762532601,44.7182394706968,44.7213595499958,0.799185085546448,1.16875910995802,0.286590694858867
"quadpos",4000,965,5,0,800,843.034770673498,-6.74681497172285,849.781585645221,797.763082694525,798.210376314791,2.23646810133172,35.8587018558602,35.7770683532836,35.7770876399966,1.26250214413644,1.44145989887112,0.130643020613227
"quadpos",4000,965,5,1,800,790.212219313485,-7.42392376210544,797.63614307559,797.499740786046,797.95152899408,2.25894104016968,35.8505249911609,35.7680081595945,35.7770876399966,-0.203275167500573,-0.00881754211984446,0.570981667420518
"quadpos",4000,965,10,0,400,436.158513398241,-3.38390435892772,439.542417757169,397.846447675412,398.061722625729,2.15274950316961,26.8599831444745,26.8327628356991,26.8328157299975,1.4263622399447,1.54589728182046,0.0909406232427749
"quadpos",4000,965,10,1,400,415.368270717035,-3.57698144715295,418.945252164188,397.701948941428,397.917990106038,2.16041164609802,26.8518706645805,26.8242314916823,26.8328157299975,0.657917729318931,0.783890567924371,0.264211206111671
"quadpos",4000,965,25,0,160,193.610234874572,-1.35337267759864,194.963607552171,157.89792867008,157.981941490085,2.10032050012532,17.5335875044554,17.5269313804631,17.5271218401653,2.03679402149828,2.10999091964883,0.0282779925324779
"quadpos",4000,965,25,1,160,188.078801880084,-1.34392304651757,189.422724926602,157.841856183941,157.92574477613,2.097214804725,17.527401520743,17.5206184596427,17.5271218401653,1.72512426672935,1.79770938012388,0.0513200251610316
"quadpos",4000,965,50,0,80,124.685975860297,-0.671158452086789,125.357134312384,77.9190448019011,77.960595600252,2.07753991754534,12.523761859979,12.5214479396452,12.5219806739988,3.73425585549054,3.7852282691737,0.000621725688733156
"quadpos",4000,965,50,1,80,120.782615135845,-0.677887225007723,121.460502360853,77.8948125306761,77.9362399755778,2.07137224508513,12.5191127238137,12.5167509278545,12.5219806739988,3.42578612009688,3.47728117593339,0.00136522240494289
"quadpos",4000,966,2,0,2000,1985.2294576144,-19.9048927163499,2005.13435033075,1997.47963384812,1998.73972274953,2.52017780283103,45.0469255242078,44.7213562036848,44.7213595499958,-0.271942559701135,0.14298823032312,0.57609011790664
"quadpos",4000,966,2,1,2000,1932.06854652259,-21.9283879520369,1953.99693447463,1996.73297967409,1997.99419063935,2.52242193052166,45.0402699984924,44.7158282762463,44.7213595499958,-1.43570260910207,-0.983930251563582,0.851783249031363
"quadpos",4000,966,5,0,800,812.31472705495,-7.98312694940713,820.297854004357,797.741728917361,798.193299884768,2.25785483703506,35.8423552637131,35.7770699041117,35.7770876399966,0.406585952021497,0.61784137658096,0.354626427498167
"quadpos",4000,966,5,1,800,816.295772592532,-8.22915183253134,824.524924425063,797.282026121161,797.732071499347,2.25022689093252,35.8258849666819,35.7596385370095,35.7770876399966,0.530726498146627,0.749248427049577,0.318759612945382
"quadpos",4000,966,10,0,400,404.521612749025,-3.96515525847945,408.486768007504,397.829076876448,398.046098314663,2.1702143821419,26.8545354048993,26.8327693754646,26.8328157299975,0.249214360690656,0.389101458248607,0.399940174837216
"quadpos",4000,966,10,1,400,455.758293865229,-4.14448083058953,459.902774695819,397.583584495128,397.798656099076,2.15071603947855,26.8386171575218,26.8163108770798,26.8328157299975,2.16757476842645,2.31590836194491,0.0239002364467357
"quadpos",4000,966,25,0,160,197.151228518311,-1.59053470766371,198.741763225974,157.880375594109,157.965093625655,2.11795078865946,17.5322606931811,17.526940049756,17.5271218401653,2.23991951816433,2.32651389715266,0.0187726139431732
"quadpos",4000,966,25,1,160,218.836586809993,-1.77140050901328,220.607987319006,157.783338516545,157.867470712604,2.10330490148473,17.5205261873777,17.5150433792008,17.5271218401653,3.48466978905191,3.58209313263286,0.000975214367056253
"quadpos",4000,966,50,0,80,121.654319457011,-0.780079181401456,122.434398638412,77.9002090501912,77.9421405582343,2.09657540215629,12.5233278535936,12.5214794931813,12.5219806739988,3.49380858812731,3.55327484299332,0.0011487114961526
"quadpos",4000,966,50,1,80,134.572955810932,-0.881044073379782,135.453999884312,77.8521776784071,77.8939295586399,2.0875940116388,12.5145847533,12.5126765925785,12.5219806739988,4.53237396610928,4.60014049750251,7.33276719198416e-05
"quadpos",4000,967,2,0,2000,2055.82783875677,-13.8338666975826,2069.66170545435,1997.46963557159,1998.73472857494,2.53018600670226,45.0920803225671,44.7213566644655,44.7213595499958,1.29420072810379,1.58597551974021,0.179666276911296
"quadpos",4000,967,2,1,2000,2004.67477701806,-13.7891566539318,2018.46393367199,1997.4761691654,1998.73726124915,2.52218416749899,45.0923191033119,44.7213450773374,44.7213595499958,0.159641553058421,0.441101947822165,0.45381974569154
"quadpos",4000,967,5,0,800,832.707693737267,-5.51361556665961,838.221309303926,797.747599170578,798.197998972183,2.25199900802627,35.8514389181897,35.7770707117991,35.7770876399966,0.97513783607027,1.11868606164405,0.191298097887499
"quadpos",4000,967,5,1,800,854.045210157155,-5.56226571096667,859.607475868122,797.749411768689,798.199264464223,2.24926347767053,35.8514853340227,35.7770360856578,35.7770876399966,1.57025009881644,1.71641416177891,0.0825809242680482
"quadpos",4000,967,10,0,400,418.835628552211,-2.73874349435955,421.57437204657,397.832153598562,398.04886457223,2.16710973667683,26.8575647932664,26.8327676928349,26.8328157299975,0.782031994163306,0.876745468214303,0.226771062642739
"quadpos",4000,967,10,1,400,444.886560825109,-2.78703724035987,447.673598065469,397.84603455085,398.061305257941,2.15270707091755,26.8575627771657,26.8327351719899,26.8328157299975,1.75148157204546,1.8489465382313,0.0521721662424449
"quadpos",4000,967,25,0,160,214.707116061876,-1.05531097441364,215.762427036289,157.90357840314,157.987370032656,2.09479073788452,17.5330107427552,17.5269450301689,17.5271218401653,3.23980510205341,3.29635637609327,0.00181246973861313
"quadpos",4000,967,25,1,160,219.233143320097,-1.04977019639134,220.282913516488,157.900667379191,157.984566852641,2.09748683625296,17.5329953804125,17.526922124691,17.5271218401653,3.49811738440457,3.55443735190017,0.000917644408555894
"quadpos",4000,967,50,0,80,145.782057479118,-0.557713102793438,146.339770581911,77.9205621391187,77.9620889045121,2.07633826967135,12.5236078294253,12.5214979222458,12.5219806739988,5.4186857544798,5.4608228266299,5.18589992022802e-06
"quadpos",4000,967,50,1,80,142.290677149471,-0.568909926547072,142.859587076018,77.9185243136773,77.9600896155153,2.07826509189982,12.5235936912371,12.5214807680906,12.5219806739988,5.14007036820713,5.18305292021776,1.2119686422878e-05
"quadpos",4000,968,2,0,2000,2034.29071187439,-8.69195713759185,2042.98266901198,1997.4694350091,1998.73462452372,2.53037902922943,45.122197018599,44.7213562779405,44.7213595499958,0.816034663607139,0.989416425862977,0.280557971102055
"quadpos",4000,968,2,1,2000,2047.96205851701,-9.71713427629651,2057.67919279331,1997.31720618045,1998.57831528066,2.52221820041173,45.1226413210749,44.7200620953301,44.7213595499958,1.12238226428708,1.32157413794879,0.213482485702414
"quadpos",4000,968,5,0,800,797.482200414896,-3.42558682294682,800.907787237842,797.764072092975,798.211170329535,2.2354911827981,35.8574980211734,35.7770690728254,35.7770876399966,-0.00786088527183785,0.0753727730692104,0.498513767362944
"quadpos",4000,968,5,1,800,882.241872106571,-3.37881370740011,885.620685813971,797.664312359645,798.110822396073,2.23255018214028,35.854493952287,35.7732102616731,35.7770876399966,2.35891098782419,2.44624015507087,0.0199256200196092
"quadpos",4000,968,10,0,400,402.132236602569,-1.704728689013,403.836965291582,397.845022319628,398.060445190961,2.1542287133261,26.8595874186057,26.8327667714998,26.8328157299975,0.159615790671864,0.215278586431744,0.432673661649863
"quadpos",4000,968,10,1,400,469.458913014857,-1.63290729657011,471.091820311428,397.788068801535,398.003516361416,2.15447559880484,26.8563981615701,26.8292315491532,26.8328157299975,2.66866926019436,2.72420415083856,0.00778935957588175
"quadpos",4000,968,25,0,160,184.086504489617,-0.643307328814896,184.729811818432,157.890527454216,157.974836867938,2.10773534304333,17.5334916053441,17.5269331038922,17.5271218401653,1.49405364459273,1.52650636548342,0.0762543737926514
"quadpos",4000,968,25,1,160,215.208081552232,-0.637776165641039,215.845857717873,157.876483267965,157.960393637303,2.09775923345359,17.5310258870509,17.5243717212309,17.5271218401653,3.27029340174637,3.30314062046753,0.00168347431255938
"quadpos",4000,968,50,0,80,108.451504100863,-0.32091741213571,108.772421512998,77.9107806626835,77.9524992245894,2.08592809529337,12.5237491590892,12.5214677246428,12.5219806739988,2.43862465226828,2.46136658786046,0.0128825766065354
"quadpos",4000,968,50,1,80,154.727856482174,-0.305955271933627,155.033811754107,77.9049980295194,77.9465859593315,2.07939649060602,12.5218813269508,12.5195653890709,12.5219806739988,6.13508916486124,6.15734040273233,5.38283289827379e-07
"quadpos",4000,969,2,0,2000,2021.6569350278,-18.7805980972571,2040.43753312506,1997.45730676536,1998.72856532732,2.54251712393135,45.0603837217537,44.721356391477,44.7213595499958,0.537048872283801,0.932640938540127,0.350746692905106
"quadpos",4000,969,2,1,2000,2123.80942174034,-18.7674571735368,2142.57687891388,1997.49392961541,1998.74672296835,2.505586705888,45.0605087932509,44.7213539898224,44.7213595499958,2.80324158576411,3.21614045894621,0.0249741600837696
"quadpos",4000,969,5,0,800,864.456693286567,-7.50730378249027,871.963997069057,797.750685866405,798.200467473719,2.24890803656986,35.8450618741143,35.7770704604459,35.7770876399966,1.86095389246166,2.06175432046314,0.0509180558531863
"quadpos",4000,969,5,1,800,939.552419025158,-7.520878321234,947.073297346392,797.74049228206,798.192274567782,2.2589114286144,35.845094171621,35.7770633393658,35.7770876399966,3.95624366514771,4.16135392014679,0.000376506411139908
"quadpos",4000,969,10,0,400,486.698396982672,-3.79703565374214,490.495432636414,397.840594316985,398.056462765644,2.15868448659763,26.8554367508651,26.8327684303141,26.8328157299975,3.30874539446189,3.44500307938176,0.00153898956384499
"quadpos",4000,969,10,1,400,484.362486391771,-3.79058846300451,488.153074854776,397.842811900328,398.058448322559,2.15636422231417,26.8554445299729,26.8327620501795,26.8328157299975,3.22168096658689,3.35763520593715,0.0019431014260058
"quadpos",4000,969,25,0,160,214.501280555686,-1.50247622138874,216.003756777075,157.897034322906,157.981087032175,2.10131773171471,17.5324847439504,17.5269428968888,17.5271218401653,3.22853531940536,3.31048432611709,0.0018680888574593
"quadpos",4000,969,25,1,160,227.687800940215,-1.48793834269568,229.175739282911,157.901388009394,157.985264617994,2.09691521499741,17.5324841317488,17.5269376962449,17.5271218401653,3.98040645047257,4.06177484616546,0.000237664841187242
"quadpos",4000,969,50,0,80,142.497928632289,-0.744578592001029,143.24250722429,77.9138914930784,77.9555512967617,2.08299018416188,12.5234196008206,12.5214947030512,12.5219806739988,5.15706086658459,5.21399061979552,1.1530791977228e-05
"quadpos",4000,969,50,1,80,142.891133941424,-0.721326896516239,143.612460837941,77.9173213238708,77.9589120376196,2.07953568743734,12.5234173902306,12.5214908950123,12.5219806739988,5.1881855082335,5.24326930002184,1.0488879159089e-05
"quadpos",4000,970,2,0,2000,2003.5515846036,-14.5651677199333,2018.11675232354,1997.46637387777,1998.73309392415,2.53344009277953,45.1543404544486,44.721356204893,44.7213595499958,0.134764690716223,0.433431810756703,0.460852999205274
"quadpos",4000,970,2,1,2000,1992.51074171681,-14.5119667504691,2007.02270846728,1997.46712685261,1998.72782483053,2.5213959558372,45.1551317422661,44.7212599426614,44.7213595499958,-0.109763496297256,0.185479649888918,0.530436440235863
"quadpos",4000,970,5,0,800,776.512641434639,-5.76201235144693,782.274653786086,797.757263398981,798.205722802921,2.24229701970271,35.8639721206263,35.7770689814555,35.7770876399966,-0.592366676309221,-0.445287148175641,0.700568132050074
"quadpos",4000,970,5,1,800,847.399636238197,-5.79644344209643,853.196079680294,797.747435215601,798.196439196308,2.24501990353326,35.8640017053901,35.7768004088516,35.7770876399966,1.38445791494409,1.53729902773469,0.109627885014434
"quadpos",4000,970,10,0,400,415.988148971875,-2.85886144778458,418.84701041966,397.844145953323,398.059652257238,2.15506303915061,26.8617418637716,26.8327637331801,26.8328157299975,0.675458915157808,0.774700599950395,0.257278727654806
"quadpos",4000,970,10,1,400,436.999664431581,-2.95280780697099,439.952472238552,397.835633268209,398.051600054277,2.15966786068615,26.8616112397056,26.8325195125502,26.8328157299975,1.45799262798808,1.56157054743506,0.0864383774958583
"quadpos",4000,970,25,0,160,172.617130043614,-1.10022893610434,173.717358979718,157.897490571152,157.981520645691,2.10075186347094,17.5340178602381,17.526930625281,17.5271218401653,0.839490388899513,0.897809129872987,0.201734936221682
"quadpos",4000,970,25,1,160,188.532281429731,-1.16785458339114,189.700136013122,157.899803918818,157.983672788515,2.0967217424073,17.5338655363691,17.5267473890583,17.5271218401653,1.74704644833587,1.80960348891703,0.0489731517852175
"quadpos",4000,970,50,0,80,105.385708651424,-0.550900842052257,105.936609493476,77.9118134181804,77.9535086820712,2.08476319454413,12.5239111687793,12.5214467678471,12.5219806739988,2.19371527496401,2.23481370245974,0.0211577657629475
"quadpos",4000,970,50,1,80,111.404239091974,-0.592584219665006,111.996823311639,77.9156508623968,77.9572518691419,2.08005033725714,12.5237868679207,12.5213114328808,12.5219806739988,2.6739985742936,2.71853085237615,0.00779690845380412
"quadpos",4000,971,2,0,2000,2012.27019271668,-11.9046195105143,2024.17481222719,1997.45904206302,1998.72943823054,2.54079233503008,45.045082966789,44.7213570903389,44.7213595499958,0.328807267700576,0.568975890987702,0.406813552434013
"quadpos",4000,971,2,1,2000,1960.10253684298,-11.3244749006857,1971.42701174366,1997.40604542121,1998.67708110037,2.5420713583172,45.042498737613,44.720946805681,44.7213595499958,-0.828184706082607,-0.609335698439358,0.723336159646331
"quadpos",4000,971,5,0,800,896.354109899916,-4.72735851846213,901.081468418378,797.734187884028,798.187270441782,2.2654127887695,35.8419826810715,35.7770709680591,35.7770876399966,2.75151971623406,2.87598160476741,0.00856251160460056
"quadpos",4000,971,5,1,800,819.450228023198,-4.67726607117014,824.127494094368,797.722844044244,798.171396865773,2.24276410764652,35.8400825787631,35.7757952929007,35.7770876399966,0.606231415098032,0.725521180342435,0.291556959182229
"quadpos",4000,971,10,0,400,478.382615411963,-2.37586552804496,480.758480940008,397.832967472618,398.049601576448,2.16634103829624,26.8544132486947,26.8327707333528,26.8328157299975,2.99949387064938,3.08238311225737,0.00346300429059522
"quadpos",4000,971,10,1,400,469.337330170343,-2.39123595641606,471.728566126759,397.825305102953,398.040821300249,2.15516197296317,26.8530173099,26.8315970956586,26.8328157299975,2.66309086394644,2.74630483469927,0.0078724553139907
"quadpos",4000,971,25,0,160,183.956905598253,-0.932336604038524,184.889242202292,157.89297955947,157.97719595728,2.10540994525748,17.5322378630494,17.5269473467669,17.5271218401653,1.48662858913838,1.53546682788295,0.0772032344632375
"quadpos",4000,971,25,1,160,185.896966134768,-0.931382834591777,186.82834896936,157.888419469364,157.972491339752,2.10179675969712,17.5313109284422,17.526076127006,17.5271218401653,1.59762990798158,1.64645282951518,0.0639495780378957
"quadpos",4000,971,50,0,80,115.853760872962,-0.471059287115527,116.324820160078,77.913277052245,77.954949843583,2.08363956690133,12.5233383934074,12.5215004734855,12.5219806739988,3.02958225904763,3.06431888077181,0.00350459942596852
"quadpos",4000,971,50,1,80,108.012107426554,-0.413338905183583,108.425446331737,77.9094556036553,77.9511191991804,2.0831797762583,12.5226573244229,12.5208393071934,12.5219806739988,2.40385495211062,2.4338885265502,0.0138541619388235
"quadpos",4000,972,2,0,2000,2006.87543135937,-18.2715396357042,2025.14697099507,1997.47396188918,1998.73688432549,2.52584487262085,45.0887494638215,44.7213562125166,44.7213595499958,0.208510317584464,0.590547534920012,0.44009107734936
"quadpos",4000,972,2,1,2000,2117.02886971522,-18.3883896168878,2135.41725933211,1997.38930521651,1998.64830806698,2.51800570093061,45.0896782949136,44.7206137459488,44.7213595499958,2.65336921936313,3.05829772467114,0.0316339103848112
"quadpos",4000,972,5,0,800,824.56160305707,-7.30386609074134,831.865469147812,797.733757708619,798.186921137301,2.26581714340746,35.8507666044912,35.7770694537764,35.7770876399966,0.748319991157179,0.941344512691936,0.250067412710912
"quadpos",4000,972,5,1,800,839.520419631195,-7.32149701789334,846.841916649088,797.696134588247,798.145159383381,2.24512397567163,35.8492681414949,35.774876821615,35.7770876399966,1.16667054060547,1.36119985845164,0.149534831122861
"quadpos",4000,972,10,0,400,459.965006154571,-3.67109781012222,463.636103964693,397.841695998922,398.057450939405,2.15754940482375,26.857337990862,26.8327662033898,26.8328157299975,2.31308516788914,2.4439766115878,0.017215004109336
"quadpos",4000,972,10,1,400,411.685655069613,-3.73573132891278,415.421386398526,397.806913255407,398.022893316639,2.15980061231882,26.855586860465,26.8307375878201,26.8328157299975,0.516791604157321,0.648453775262033,0.307415547398605
"quadpos",4000,972,25,0,160,237.964895052562,-1.49565030667057,239.460545359233,157.899221113787,157.983182611951,2.09903745410342,17.5329409215815,17.5269327159265,17.5271218401653,4.56658550877919,4.64869490103335,4.03229035641245e-05
"quadpos",4000,972,25,1,160,202.463226286166,-1.55165143376607,204.014877719932,157.889211329217,157.973011770193,2.09501102441553,17.531520888665,17.5254363007377,17.5271218401653,2.54250702149682,2.62714520538357,0.0097554080314251
"quadpos",4000,972,50,0,80,136.278466298414,-0.72808471974229,137.006551018156,77.9147040305989,77.9563438403261,2.08199048635922,12.5235518270181,12.5214651828254,12.5219806739988,4.66032025690204,4.71591833029443,4.97278603633155e-05
"quadpos",4000,972,50,1,80,129.411822616772,-0.76255472839211,130.174377345164,77.9117832581887,77.9533331714428,2.07749566270519,12.5224343244692,12.5203192901199,12.5219806739988,4.11262203691103,4.17090354995419,0.000229464884965304
"quadpos",4000,973,2,0,2000,1987.80253947699,-12.6075550562863,2000.41009453327,1997.46658910434,1998.73319790681,2.53321760493892,45.0403368556604,44.7213559801459,44.7213595499958,-0.214564328377921,0.0374965514733314,0.560028315167354
"quadpos",4000,973,2,1,2000,2000.23812912395,-11.6805167032678,2011.91864582722,1997.14141564044,1998.41323286001,2.54363443913469,45.0385860094902,44.7189239450633,44.7213595499958,0.068756898426148,0.302006662409937,0.481679875423118
"quadpos",4000,973,5,0,800,830.920100383414,-5.09911215343203,836.019212536846,797.74227326231,798.19373484629,2.25730791990408,35.8410284618168,35.7770697872534,35.7770876399966,0.925694059154877,1.05725477003799,0.203382811366362
"quadpos",4000,973,5,1,800,810.890608975019,-5.1324667904157,816.023075765434,797.53710423637,797.988584348421,2.25740056025492,35.8341662849533,35.7694325868337,35.7770876399966,0.37264728394855,0.504187237894613,0.367827129594915
"quadpos",4000,973,10,0,400,452.664926200734,-2.57129247120081,455.236218671935,397.830621886532,398.047487547608,2.16865661076299,26.8540917787369,26.8327684337658,26.8328157299975,2.04193479213546,2.13130192903842,0.0301423695469562
"quadpos",4000,973,10,1,400,472.27867583465,-2.59961568858865,474.878291523238,397.725085693905,397.940933787092,2.1584809318748,26.8472761200807,26.8255795276638,26.8328157299975,2.77695174017976,2.86805948243558,0.00607010291422621
"quadpos",4000,973,25,0,160,193.366795135638,-1.00508791898628,194.371883054624,157.887518786077,157.971951917644,2.11082828919508,17.5321556367821,17.5269423166267,17.5271218401653,2.02366879946733,2.07679870678011,0.0290625535913327
"quadpos",4000,973,25,1,160,221.251970413559,-0.99165285080209,222.243623264361,157.848350388821,157.93235805857,2.10019174373704,17.526959922445,17.5216373899169,17.5271218401653,3.61749101414578,3.67039128676408,0.00067081286116372
"quadpos",4000,973,50,0,80,122.689802618643,-0.535212723218317,123.225015341862,77.9053184394849,77.947147093043,2.09143267790354,12.5232837684341,12.5214742088828,12.5219806739988,3.57609753218571,3.61601737091773,0.000933580937430912
"quadpos",4000,973,50,1,80,144.404356973194,-0.524067559122306,144.928424532316,77.8908271975031,77.9324416564514,2.08072294741441,12.5194335954095,12.517583273864,12.5219806739988,5.31282260246019,5.35214996458211,7.26725954398049e-06
"quadpos",4000,974,2,0,2000,2075.18151176691,-14.2701260262058,2089.45163779312,1997.48575239054,1998.74278664813,2.51406851517339,44.9818103616876,44.7213568843329,44.7213595499958,1.72727061787056,2.02831169411063,0.111974595153376
"quadpos",4000,974,2,1,2000,1979.0106041584,-14.4822316902011,1993.49283584861,1997.32160194343,1998.58452996291,2.52585603896466,44.9765554189846,44.7202189198119,44.7213595499958,-0.407123169269998,-0.113856645546294,0.614398283023682
"quadpos",4000,974,5,0,800,901.891752101874,-5.70553662599626,907.59728872787,797.755757253675,798.204529897786,2.24386322055155,35.8292692018597,35.7770717431239,35.7770876399966,2.90645042915899,3.05762192097537,0.00600125980793004
"quadpos",4000,974,5,1,800,828.587939070286,-5.8283951118758,834.416334182161,797.650227182996,798.100767327553,2.25270072278503,35.8246046194351,35.7734635214287,35.7770876399966,0.863588369388613,1.01515378383352,0.219843351059199
"quadpos",4000,974,10,0,400,488.922015803338,-2.85976694239636,491.781782745734,397.853590842195,398.068164635964,2.14573793768812,26.8501732251876,26.8327722442873,26.8328157299975,3.39172578878239,3.49250600186205,0.00122793434455545
"quadpos",4000,974,10,1,400,461.482513449891,-3.02197737503337,464.504490824924,397.805616547641,398.019393954527,2.13777406885668,26.8463359775605,26.829296506588,26.8328157299975,2.37190270417064,2.47807827738127,0.0152395351617101
"quadpos",4000,974,25,0,160,250.921738526047,-1.12288357749823,252.044622103545,157.914403057185,157.997765455907,2.08405996805441,17.5312088271757,17.526955415663,17.5271218401653,5.30524371626267,5.36584103840382,3.55953949642249e-06
"quadpos",4000,974,25,1,160,255.874301051768,-1.19683548823134,257.071136539999,157.884408214783,157.968027827304,2.09049031304361,17.5286081004036,17.5244450161042,17.5271218401653,5.59028373934205,5.65513536215406,1.33553746360076e-06
"quadpos",4000,974,50,0,80,154.06391171796,-0.535590421948233,154.599502139908,77.9311078739534,77.9724280872424,2.06601066444972,12.5230106671944,12.5215326561834,12.5219806739988,6.07943296282946,6.11962418313271,6.39548441045913e-07
"quadpos",4000,974,50,1,80,163.360426520265,-0.57213015615163,163.932556676417,77.9154758206012,77.956867916681,2.06960480399092,12.5211198913868,12.5196737718694,12.5219806739988,6.82406617306181,6.86724672913729,5.4019356280088e-08
"quadpos",4000,975,2,0,2000,1917.41055731716,-21.7334674700348,1939.1440247872,1997.46395577709,1998.73188859376,2.53586563334955,45.0239669275916,44.7213568630602,44.7213595499958,-1.77801744099239,-1.33242522110911,0.900050928130024
"quadpos",4000,975,2,1,2000,2007.66228374735,-21.4817482487763,2029.14403199613,1997.26761570319,1998.53755362436,2.53987584233905,45.0169151058112,44.7197604760694,44.7213595499958,0.230905827725626,0.684406133797304,0.435201318258141
"quadpos",4000,975,5,0,800,769.757761130786,-8.66905872925533,778.426819860041,797.752405302646,798.201844650698,2.2471967402603,35.8377403272809,35.7770713099903,35.7770876399966,-0.781149813470535,-0.552728998394447,0.75763594304874
"quadpos",4000,975,5,1,800,805.405666361246,-8.19803082621827,813.603697187464,797.617642881736,798.069168915592,2.25763016927899,35.8316959617581,35.7724028093452,35.7770876399966,0.217350121741978,0.434260129370286,0.420162084447452
"quadpos",4000,975,10,0,400,412.768810349753,-4.35115001988624,417.119960369639,397.849224281821,398.064232920595,2.15008638774311,26.8529973947349,26.8327710848757,26.8328157299975,0.555602261029427,0.710166213872139,0.294361183918624
"quadpos",4000,975,10,1,400,408.284480345275,-4.24870331309107,412.533183658366,397.772133952783,397.987810666602,2.15676713818628,26.8481368992744,26.8283837316047,26.8328157299975,0.391548450156178,0.542163595737945,0.350114189680933
"quadpos",4000,975,25,0,160,197.757856661864,-1.74452007730246,199.502376739167,157.906738254241,157.990405223668,2.09167423566557,17.531896125071,17.5269501670617,17.5271218401653,2.27306379887996,2.36846519901173,0.0174624390710032
"quadpos",4000,975,25,1,160,180.278793130321,-1.69533816964495,181.974131299966,157.862731643179,157.946957386721,2.10564358854046,17.528578108572,17.5237482097221,17.5271218401653,1.27882942634008,1.37112070007463,0.108251199070243
"quadpos",4000,975,50,0,80,124.948493018714,-0.873446901135054,125.821939919849,77.9257760783514,77.9672011753427,2.07125484956142,12.5232381735828,12.5215189196918,12.5219806739988,3.75483691107581,3.82179981928934,0.000588974499293544
"quadpos",4000,975,50,1,80,127.131950815456,-0.861786243741323,127.993737059197,77.9038922788612,77.9454398524386,2.07737867886932,12.5207625583348,12.5190844550774,12.5219806739988,3.93171408747983,3.99776017058982,0.000373347768678633
"quadpos",4000,976,2,0,2000,1991.77696638365,-16.6724926654135,2008.44945904907,1997.46584074918,1998.73282940594,2.53397731352121,44.9752471451524,44.7213564836414,44.7213595499958,-0.126489007323669,0.217270458839503,0.535060562459358
"quadpos",4000,976,2,1,2000,2012.73064994449,-16.5486985460831,2029.27934849057,1997.4390356991,1998.71081424959,2.5435571009777,44.974072711833,44.7212281214839,44.7213595499958,0.340009550466146,0.683535214147911,0.404003346749675
"quadpos",4000,976,5,0,800,833.49996123051,-6.71521098946233,840.215172219972,797.743658534962,798.19484981803,2.25595641534132,35.8279536769689,35.7770718405546,35.7770876399966,0.99800013748853,1.17450423526025,0.186091219146411
"quadpos",4000,976,5,1,800,824.21264875129,-6.61152529784961,830.82417404914,797.728940755843,798.180843121754,2.25951182955192,35.8272278343959,35.7766558166733,35.7770876399966,0.73920617352428,0.912419849822087,0.252791659729281
"quadpos",4000,976,10,0,400,461.699843421727,-3.34102232311921,465.040865744846,397.84099535915,398.056827307353,2.15831948203355,26.8497323182376,26.8327713347618,26.8328157299975,2.37837931885828,2.49635185280752,0.0149735345347081
"quadpos",4000,976,10,1,400,428.950669714297,-3.32281780667793,432.273487520975,397.830358803318,398.046621022325,2.16262219007518,26.8492254638519,26.8323778746499,26.8328157299975,1.15907667254229,1.27558081727023,0.137133779229111
"quadpos",4000,976,25,0,160,225.026515371248,-1.36497857951127,226.391493950759,157.896895185852,157.980958416973,2.10158077803464,17.5311036902179,17.5269570642916,17.5271218401653,3.82917250229109,3.90316101550577,0.000367599125247043
"quadpos",4000,976,25,1,160,220.376405583805,-1.35812767232335,221.734533256128,157.892311130059,157.97645103521,2.10349762877333,17.5307905279452,17.5266730268392,17.5271218401653,3.56424853483605,3.63777438668958,0.000769009562568546
"quadpos",4000,976,50,0,80,144.646966094788,-0.664168921851958,145.31113501664,77.9195370646023,77.9610872048998,2.07750701487235,12.5229603034865,12.5215209554257,12.5219806739988,5.32840697511501,5.37874336923558,6.84958808152743e-06
"quadpos",4000,976,50,1,80,151.941319912424,-0.646371026079976,152.587690938504,77.9206019759748,77.9621043378234,2.07511809242901,12.5227465210356,12.5213166155293,12.5219806739988,5.91090123976477,5.95988336467173,1.10476313100104e-06
"quadpos",4000,977,2,0,2000,2026.74578024196,-13.4758857365385,2040.2216659785,1997.46795522987,1998.73386955263,2.53182864551886,45.2370275019642,44.7213551879608,44.7213595499958,0.647209302397747,0.927695420934869,0.321643014347102
"quadpos",4000,977,2,1,2000,2003.03195100336,-12.5571116390935,2015.58906264245,1996.43408674074,1997.70118694722,2.53420041297193,45.2275689926584,44.7124437625124,44.7213595499958,0.145881470297307,0.400064818425937,0.464112036868305
"quadpos",4000,977,5,0,800,807.195913606541,-5.3594762753605,812.555389881901,797.749141779819,798.199213882675,2.25036051428245,35.8806363571906,35.7770657885864,35.7770876399966,0.263283285521474,0.401267562970645,0.402848844608488
"quadpos",4000,977,5,1,800,829.680966154139,-5.43897846206407,835.119944616203,797.085673164371,797.53523499825,2.24780916939531,35.8571624644342,35.7518757890593,35.7770876399966,0.909031578338054,1.05126538925421,0.212031509804143
"quadpos",4000,977,10,0,400,450.244346592583,-2.68280360890527,452.927150201488,397.860954440662,398.0747741132,2.13819672538156,26.8672999038338,26.8327590326129,26.8328157299975,1.94970809643756,2.04423168044775,0.0359461105594946
"quadpos",4000,977,10,1,400,443.814721687416,-2.66849427025302,446.483215957669,397.472512087786,397.687529936024,2.15017848237969,26.8446608410423,26.809230533493,26.8328157299975,1.72631011708588,1.82010766630114,0.0560482259073144
"quadpos",4000,977,25,0,160,236.041003440321,-1.03733463117017,237.078338071491,157.904629065199,157.988367253919,2.0934547179906,17.5353607246249,17.5269125809969,17.5271218401653,4.45593196525433,4.51248732211532,5.68013847973696e-05
"quadpos",4000,977,25,1,160,242.023451340061,-1.02897475471017,243.052426094771,157.746675320515,157.830330107154,2.09136966597557,17.5185450439454,17.5098311238528,17.5271218401653,4.81071777411523,4.867099824368,1.92729133017317e-05
"quadpos",4000,977,50,0,80,152.833228077365,-0.497194147561216,153.330422224926,77.9189401039832,77.9604899427412,2.0774919379001,12.5243613394523,12.5214232141287,12.5219806739988,5.98148567762877,6.01927839937077,8.78775516793267e-07
"quadpos",4000,977,50,1,80,159.942097782722,-0.537476722898809,160.479574505621,77.8391891541124,77.8807022370519,2.07565414697502,12.5118469445241,12.5088118713462,12.5219806739988,6.56201350549152,6.60325481893109,1.35946523620044e-07
"quadpos",4000,978,2,0,2000,2012.31854100009,-18.9746025871116,2031.2931435872,1997.43626607126,1998.71804422775,2.56355631298185,45.0382934032882,44.7213565290226,44.7213595499958,0.330436031302662,0.728401414619612,0.406518230755848
"quadpos",4000,978,2,1,2000,2076.05027019421,-18.6660312344833,2094.71630142869,1997.44517783398,1998.71789214081,2.54542861367183,45.0388205523822,44.7212854990438,44.7213595499958,1.74527421891091,2.14659324338803,0.109443633763148
"quadpos",4000,978,5,0,800,814.764308031618,-7.58895389400285,822.353261925621,797.733864066477,798.187011353496,2.26573643509633,35.8406204518744,35.7770709247748,35.7770876399966,0.475171572099565,0.675467553588634,0.332366074681321
"quadpos",4000,978,5,1,800,840.243542356913,-7.62563776178305,847.869180118696,797.728997389666,798.181935901161,2.26469255747248,35.8406144995246,35.7768492855202,35.7770876399966,1.18621138507016,1.38880994860676,0.14550137154849
"quadpos",4000,978,10,0,400,432.600349714462,-3.73724596235273,436.337595676815,397.836755025026,398.05300920249,2.16254177463816,26.853957489281,26.8327698767631,26.8328157299975,1.29454270206959,1.42678473561087,0.111991713541712
"quadpos",4000,978,10,1,400,435.548853157866,-3.74739275947807,439.296245917344,397.82888710896,398.045591604486,2.16704495526074,26.8538304843046,26.8325603964825,26.8328157299975,1.40464005948621,1.53733574818547,0.0943147242579382
"quadpos",4000,978,25,0,160,232.693745413791,-1.54030135761298,234.234046771404,157.894785623151,157.97893049053,2.10362168447411,17.5321301798879,17.52694923969,17.5271218401653,4.26639313210473,4.35073527275319,0.000101926638734995
"quadpos",4000,978,25,1,160,225.840380732274,-1.49373768423554,227.33411841651,157.895681424692,157.979732582111,2.10127893548408,17.5319975328324,17.5267950351475,17.5271218401653,3.87546822205178,3.95704894678792,0.000322035485644828
"quadpos",4000,978,50,0,80,137.747839565816,-0.737205542859746,138.485045108676,77.9130383084303,77.9547161123606,2.08389019651934,12.5233023079216,12.5215023600994,12.5219806739988,4.77787725522982,4.83411073651985,3.54311753939902e-05
"quadpos",4000,978,50,1,80,137.288015413886,-0.716615472229096,138.004630886116,77.9097548522968,77.9514837632865,2.0864455494868,12.5231975669793,12.521389913231,12.5219806739988,4.74146161505556,4.79604481123718,3.94131708149178e-05
"quadpos",4000,979,2,0,2000,1970.56612075126,-15.2853491797937,1985.85146993105,1997.49407958829,1998.74693527055,2.50571136450731,45.2473563603126,44.7213558037655,44.7213595499958,-0.595127782109533,-0.288351395160667,0.664737853501663
"quadpos",4000,979,2,1,2000,2002.85799414022,-15.3007404945038,2018.15873463473,1997.4508119799,1998.72482959375,2.54803522769418,45.2470046837702,44.7213467866613,44.7213595499958,0.119503648873744,0.434555451419702,0.465203734568115
"quadpos",4000,979,5,0,800,773.863681201045,-6.08930405681067,779.952985257855,797.761071679177,798.208766208717,2.23847264769661,35.8827211740581,35.7770681361762,35.7770876399966,-0.66598601489036,-0.510264868025958,0.723621403749975
"quadpos",4000,979,5,1,800,809.436390417418,-6.1199120578203,815.556302475239,797.757002779284,798.205396400713,2.24196810714456,35.8825896218879,35.7770460132697,35.7770876399966,0.325488983967038,0.484973132440574,0.381486007498099
"quadpos",4000,979,10,0,400,429.176350574387,-3.02570755084839,432.202058125235,397.853553991325,398.068118081688,2.14564090362541,26.8679997543735,26.8327625838744,26.8328157299975,1.16580306942883,1.27209935752425,0.135470994252107
"quadpos",4000,979,10,1,400,435.713271884646,-3.05268281813549,438.765954702781,397.846660724906,398.061883777288,2.15223052381562,26.8679424760665,26.8327434550814,26.8328157299975,1.40936028851002,1.51695524513299,0.093395494700864
"quadpos",4000,979,25,0,160,219.478090174542,-1.24652495790297,220.724615132445,157.911594375386,157.995055605504,2.08653075294602,17.535538269647,17.5269175871835,17.5271218401653,3.51095557218931,3.57904116424965,0.000883693710535458
"quadpos",4000,979,25,1,160,210.200799187993,-1.21891588588668,211.41971507388,157.907937537995,157.991538917172,2.09003447942351,17.5355110848888,17.5269012255922,17.5271218401653,2.98211220630239,3.04835267050479,0.0034611309587653
"quadpos",4000,979,50,0,80,136.023830013562,-0.622067001630387,136.645897015193,77.9318606465556,77.9731518780486,2.06456157465199,12.5244230373975,12.5214224219826,12.5219806739988,4.63829504908499,4.68578913479815,5.27149507700611e-05
"quadpos",4000,979,50,1,80,138.93666637267,-0.621666561402989,139.558332934073,77.9298604092257,77.9711900066577,2.06647987160198,12.5244064731217,12.5214097412096,12.5219806739988,4.87103369683577,4.91854704863809,2.68544692435846e-05
"quadpos",4000,980,2,0,2000,2027.74621036874,-10.7186741041311,2038.46488447287,1997.44544568161,1998.72263521499,2.55437906674708,45.0028545022774,44.721356652957,44.7213595499958,0.673307616199993,0.888663766761052,0.316046692357907
"quadpos",4000,980,2,1,2000,2078.26662370121,-11.7480652989458,2090.01468900016,1996.59600496394,1997.87257930938,2.55314869088093,44.9932816463204,44.7152173831123,44.7213595499958,1.81517363812801,2.06064322356563,0.103176499205329
"quadpos",4000,980,5,0,800,798.678802256763,-4.2744599681037,802.953262224866,797.716132039497,798.172823859212,2.28345909857592,35.83349539993,35.7770705010227,35.7770876399966,0.0268650938604062,0.133617378357387,0.486568613514351
"quadpos",4000,980,5,1,800,826.266560871511,-4.40483947715055,830.671400348662,797.175667513898,797.627881000465,2.26106743283504,35.8131726734966,35.7561850020349,35.7770876399966,0.812295900808089,0.924134365741665,0.236994712235529
"quadpos",4000,980,10,0,400,442.353183948299,-2.15555279359239,444.508736741892,397.815970858605,398.034301034236,2.1833017563098,26.8515784550285,26.8327681685217,26.8328157299975,1.65864413387415,1.73200302763308,0.0617064460169585
"quadpos",4000,980,10,1,400,447.919231868268,-2.17873794479433,450.097969813063,397.517797526843,397.734111145759,2.16313618915665,26.8322621758845,26.8130296559655,26.8328157299975,1.87838930653874,1.95292584758894,0.0423771577714697
"quadpos",4000,980,25,0,160,191.055178469969,-0.913142628395137,191.968321098365,157.883065601754,157.967677049345,2.11528618977665,17.5315400738275,17.5269429343312,17.5271218401653,1.89213912346115,1.93990727170228,0.0374920851648584
"quadpos",4000,980,25,1,160,241.883731814162,-0.904815303221437,242.788547117383,157.760568583209,157.844579957025,2.10028434537628,17.5170513384476,17.5123079372183,17.5271218401653,4.8023586621747,4.85052955126664,1.97757585330052e-05
"quadpos",4000,980,50,0,80,115.852416436707,-0.488537374567286,116.340953811274,77.9068609597083,77.9486616493421,2.09003448168921,12.523093110816,12.5214970158528,12.5219806739988,3.03004658204013,3.06611039505304,0.00350547272059915
"quadpos",4000,980,50,1,80,141.663240886565,-0.417242396169856,142.080483282735,77.8444231979213,77.8860801378536,2.08284699661687,12.5124016871191,12.510750393412,12.5219806739988,5.10044508516238,5.13113931029153,1.4085872083753e-05
"quadpos",4000,981,2,0,2000,1983.91672965699,-15.6223369778883,1999.53906663488,1997.47227629516,1998.73604736126,2.52754213221641,45.1193566856168,44.7213562604417,44.7213595499958,-0.300437498092377,0.0179560581512558,0.584243085962225
"quadpos",4000,981,2,1,2000,2032.8638232737,-15.6936676029308,2048.55749087663,1997.04234645624,1998.31221975806,2.5397466036386,45.1158286904855,44.7182461289456,44.7213595499958,0.79398911329343,1.12359664047837,0.288122887031886
"quadpos",4000,981,5,0,800,805.645284510337,-6.27437571206764,811.919660222405,797.743800369308,798.19495726514,2.25578447915974,35.85692703551,35.7770700969047,35.7770876399966,0.220361441826963,0.383617297897527,0.417833519025241
"quadpos",4000,981,5,1,800,861.117218356329,-6.61529791012014,867.732516266449,797.472631199037,797.923961367509,2.2566508423625,35.8475048107939,35.7669861634313,35.7770876399966,1.77542586278218,1.95175949631207,0.0597760833696132
"quadpos",4000,981,10,0,400,424.092928328888,-3.09654378558038,427.189472114468,397.837883911035,398.054022521426,2.16138610390791,26.8593966058954,26.8327679353735,26.8328157299975,0.977499413076563,1.08581603147374,0.176477300873377
"quadpos",4000,981,10,1,400,444.102453388691,-3.3215607444595,447.424014133151,397.68149084195,397.898074868683,2.16584026733274,26.8502949776734,26.8233228446961,26.8328157299975,1.72888091491513,1.84637598970183,0.0549854522691081
"quadpos",4000,981,25,0,160,198.072192229144,-1.31811475361343,199.390306982757,157.885958807009,157.970457411861,2.11246512130138,17.5334648119634,17.526950837264,17.5271218401653,2.29197331235493,2.36320909184233,0.0168157852819995
"quadpos",4000,981,25,1,160,224.440038321208,-1.37728427796094,225.817322599169,157.828172227002,157.912385751913,2.10533812277533,17.5266571183522,17.5200355047124,17.5271218401653,3.80060302682916,3.87584470527992,0.000404146114434354
"quadpos",4000,981,50,0,80,115.154064660088,-0.642840883167917,115.796905543256,77.9038103194506,77.9456733375879,2.0931509068654,12.5237740125189,12.5215073783254,12.5219806739988,2.97436334314253,3.022897408597,0.00398740414375523
"quadpos",4000,981,50,1,80,132.216559504149,-0.667980612455897,132.884540116605,77.8801610382613,77.9218328436072,2.08359026729634,12.5186846794211,12.5163784034242,12.5219806739988,4.34042392290694,4.3912628319036,0.000124255036412873
"quadpos",4000,982,2,0,2000,2020.47451233094,-13.5524372231498,2034.02694955409,1997.45109175854,1998.72545458099,2.54872564491616,45.0295316112703,44.7213563141075,44.7213595499958,0.511296026153632,0.789365481787891,0.357651527823382
"quadpos",4000,982,2,1,2000,1958.81569157139,-13.3657325490147,1972.1814241204,1996.909736303,1998.17864603696,2.53781946791361,45.0244384744672,44.7172231130071,44.7213595499958,-0.846074843403457,-0.581369327224469,0.730195303446911
"quadpos",4000,982,5,0,800,823.617532407789,-5.43856330063122,829.056095708421,797.737549523706,798.189956799338,2.26203637816094,35.8388574742542,35.7770701547384,35.7770876399966,0.722120756853791,0.862735231688465,0.257475258903372
"quadpos",4000,982,5,1,800,823.47374609951,-5.05158050535563,828.525326604866,797.389121217496,797.840043676021,2.25461229262441,35.8263005237784,35.7638107408096,35.7770876399966,0.728085917347263,0.857998135356146,0.258613928996862
"quadpos",4000,982,10,0,400,428.561316082164,-2.72257424742685,431.283890329591,397.83453829051,398.051010565693,2.16472275183414,26.8533652135862,26.8327673282642,26.8328157299975,1.1442430975507,1.2385185380746,0.140036531331893
"quadpos",4000,982,10,1,400,471.475901948271,-2.64089191269012,474.116793860961,397.639392026521,397.855292105052,2.15900078531809,26.8412802605036,26.8202923121423,26.8328157299975,2.7508564869165,2.84342545071303,0.00652090835806417
"quadpos",4000,982,25,0,160,205.488527553824,-1.08664160241546,206.57516915624,157.887713159903,157.972139171688,2.1106502946146,17.5319803949821,17.5269444307791,17.5271218401653,2.71508485188273,2.77304639017396,0.00658063425366029
"quadpos",4000,982,25,1,160,225.589356872728,-1.14305571080946,226.732412583537,157.810823463047,157.894896996791,2.10183834360537,17.5229731456409,17.5178170151176,17.5271218401653,3.86798135489592,3.9295715629031,0.00033548455759965
"quadpos",4000,982,50,0,80,130.076028913855,-0.535338460981965,130.611367374837,77.9118461401043,77.9535448287969,2.08493443462973,12.5232274678477,12.5214790755545,12.5219806739988,4.16539449656069,4.20539955609898,0.000198724531312648
"quadpos",4000,982,50,1,80,148.691064898063,-0.612935731889398,149.304000629953,77.8706122685786,77.9122544559539,2.08210936876659,12.5164711436798,12.5146768503438,12.5219806739988,5.65818047407443,5.70464160023737,2.51726959380923e-06
"quadpos",4000,983,2,0,2000,1992.32156089939,-15.2541322610367,2007.57569316043,1997.46787361304,1998.73385391538,2.53196060468139,45.0580041694799,44.7213570194336,44.7213595499958,-0.114215283355482,0.197709547167901,0.531628933619692
"quadpos",4000,983,2,1,2000,2000.26966320285,-16.1729898925897,2016.44265309544,1997.29382336433,1998.55950390671,2.53136108474727,45.051835556919,44.7200000952503,44.7213595499958,0.0660536868637031,0.399891528413196,0.481481231284608
"quadpos",4000,983,5,0,800,842.948687694927,-6.10125963617134,849.049947331098,797.759693625066,798.207672039205,2.23989207069479,35.8445808913194,35.777070361547,35.7770876399966,1.26069249370981,1.42108548235234,0.131084508158442
"quadpos",4000,983,5,1,800,852.769055825326,-6.36361383036004,859.132669655686,797.643578355291,798.092320419931,2.24371032320339,35.8391004179529,35.7728589085531,35.7770876399966,1.53813786694325,1.70633131089111,0.087331665639322
"quadpos",4000,983,10,0,400,515.954500015503,-3.04976639259019,519.004266408093,397.850084657195,398.06500489756,2.14920240365465,26.8552779542272,26.8327692590812,26.8328157299975,4.39781020176401,4.50714797055853,5.90018753738132e-05
"quadpos",4000,983,10,1,400,488.318609455132,-3.1870825131085,491.505691968241,397.790266786761,398.0048247865,2.14557999738482,26.8508922049907,26.8288193087747,26.8328157299975,3.37152084099257,3.48509064471429,0.00130600656668874
"quadpos",4000,983,25,0,160,247.257045534058,-1.29273426997478,248.549779804033,157.905274692739,157.989000548039,2.09314638250448,17.5324557946105,17.5269509100727,17.5271218401653,5.09636367477887,5.16694430883292,7.21913723293409e-06
"quadpos",4000,983,25,1,160,218.341319671141,-1.30098732751124,219.642306998652,157.869534687904,157.95363762681,2.10257347263176,17.5295424168953,17.5241455196559,17.5271218401653,3.44970698864066,3.52020983292166,0.00105187197224526
"quadpos",4000,983,50,0,80,142.424572628442,-0.681580970639407,143.106153599082,77.9160563552497,77.9576753666144,2.08095056823692,12.5234284257276,12.5215147546603,12.5219806739988,5.15102686582763,5.20292308949441,1.17359835692526e-05
"quadpos",4000,983,50,1,80,146.656731867049,-0.623086309371363,147.27981817642,77.8993060583879,77.940984021135,2.08389813735323,12.5212582254102,12.5193826626749,12.5219806739988,5.4912553172274,5.53851863335174,4.17901335929167e-06
"quadpos",4000,984,2,0,2000,1998.71960518585,-16.9447461258742,2015.66435131173,1997.45600156378,1998.72791607166,2.54382901577113,44.9914008817637,44.7213568365371,44.7213595499958,0.0280854473812968,0.378710227911229,0.491252526606015
"quadpos",4000,984,2,1,2000,2060.09036908925,-17.1714916942487,2077.2618607835,1997.37011885249,1998.63836728815,2.53649687131921,44.9915999940123,44.7206678576653,44.7213595499958,1.39404356024464,1.75810195289533,0.162864881284343
"quadpos",4000,984,5,0,800,822.070525792955,-6.80065847165872,828.871184264613,797.752599242042,798.202004242521,2.24702500239665,35.8311968727129,35.7770719698062,35.7770876399966,0.678680275104959,0.857230017257283,0.269868697086225
"quadpos",4000,984,5,1,800,815.531917628924,-6.94492324715577,822.47684087608,797.680709896755,798.132565148545,2.25927625895383,35.829425843778,35.7748541815024,35.7770876399966,0.498227568870448,0.680485673093865,0.325514976790758
"quadpos",4000,984,10,0,400,434.113443287578,-3.39728821969884,437.510731507276,397.839259763053,398.055265726318,2.16005963265041,26.8508150617224,26.8327716595475,26.8328157299975,1.35095279011609,1.4704208078676,0.102635050556347
"quadpos",4000,984,10,1,400,449.022117520493,-3.48484817756005,452.506965698053,397.803286916178,398.019566831387,2.16279915208673,26.8489402375801,26.8307093241782,26.8328157299975,1.90766675150272,2.03078488191759,0.0392164694574917
"quadpos",4000,984,25,0,160,221.321553593412,-1.37009949585116,222.691653089264,157.889237319577,157.973608458875,2.10927848244509,17.5313717631573,17.5269613607507,17.5271218401653,3.61821750920487,3.69248515463248,0.000663537747890029
"quadpos",4000,984,25,1,160,241.462899946545,-1.3904009943598,242.853300940904,157.872014926443,157.956506481531,2.11228887719326,17.5299114987541,17.525448511315,17.5271218401653,4.76847159359829,4.84420095751394,2.13678559190819e-05
"quadpos",4000,984,50,0,80,130.925579753394,-0.676106750105965,131.6016865035,77.906747184342,77.9485534830189,2.09031493384697,12.5230551239625,12.5215235386487,12.5219806739988,4.23369793107447,4.28487259197142,0.000165115903848202
"quadpos",4000,984,50,1,80,145.450712478686,-0.643805831067265,146.094518309753,77.8995313971848,77.9413382146561,2.09034087356274,12.521964420463,12.5204136006828,12.5219806739988,5.39461531859259,5.44336491339078,5.62594093509985e-06
"quadpos",4000,985,2,0,2000,1933.53760979645,-14.7858662878068,1948.32347608426,1997.46941927921,1998.73461929197,2.53040002550846,45.0325536148494,44.7213565175141,44.7213595499958,-1.41967986158522,-1.12722750679451,0.846219420263807
"quadpos",4000,985,2,1,2000,1965.86163653366,-14.9125472383487,1980.77418377201,1997.44160719853,1998.70268572148,2.52215704589523,45.0332209457352,44.7210890872989,44.7213595499958,-0.701259425856561,-0.400895915447835,0.691672813175047
"quadpos",4000,985,5,0,800,782.217780891823,-5.9500377037854,788.167818595609,797.73960475214,798.191599128545,2.25997188202747,35.8394623451132,35.777069611984,35.7770876399966,-0.433093100305206,-0.28017332446868,0.648386570083907
"quadpos",4000,985,5,1,800,774.212309369894,-5.91720964268775,780.129519012582,797.72167920246,798.172734198409,2.25527497974558,35.8389794322897,35.7762252827272,35.7770876399966,-0.655972078585043,-0.504335352408971,0.720634755649993
"quadpos",4000,985,10,0,400,410.70080732385,-2.9771661407758,413.677973464626,397.83443267485,398.05091834484,2.16485669990511,26.8535700589849,26.832769192686,26.8328157299975,0.479130879832329,0.582386968991833,0.319521630583781
"quadpos",4000,985,10,1,400,399.496570953513,-2.94597199566897,402.442542949182,397.819679646527,398.03635916627,2.16679519742695,26.8529163336165,26.8319730259059,26.8328157299975,0.062447269642957,0.164213931590394,0.469469668791335
"quadpos",4000,985,25,0,160,168.177831061836,-1.17187006896608,169.349701130802,157.8964013451,157.980480717301,2.10198430502613,17.532032691066,17.5269467544895,17.5271218401653,0.586436832391627,0.648670905021608,0.27491554453744
"quadpos",4000,985,25,1,160,177.997994653482,-1.18778850931904,179.185783162801,157.892169465253,157.97620189191,2.10081066642784,17.5314946898149,17.5263710576854,17.5271218401653,1.14684033186915,1.21015247258451,0.131811398015234
"quadpos",4000,985,50,0,80,102.428555213771,-0.5833954064711,103.011950620242,77.9149488637383,77.9565884807367,2.08198084992106,12.5232697916057,12.5215025155374,12.5219806739988,1.95744456183993,2.00098687105763,0.0332874584748995
"quadpos",4000,985,50,1,80,108.574661302462,-0.58916571701453,109.163827019477,77.9127078913206,77.9543387367837,2.08154227315496,12.5228694136564,12.5210887748923,12.5219806739988,2.44847665485549,2.49255387001769,0.012621493891105
"quadpos",4000,986,2,0,2000,1990.11151824938,-22.6591277819426,2012.77064603133,1997.46807943651,1998.73394563079,2.5317323885543,45.1638087267565,44.7213563831407,44.7213595499958,-0.162886200135037,0.313870184980123,0.545541601794566
"quadpos",4000,986,2,1,2000,2044.92458411359,-22.9910292098368,2067.91561332342,1997.36632294998,1998.62750951917,2.522373138384,45.1643512033199,44.7204549412299,44.7213595499958,1.05300441380218,1.54936044133067,0.227499457948758
"quadpos",4000,986,5,0,800,823.789851282142,-9.07555820935395,832.865409491496,797.751622328018,798.201209712102,2.24793692041589,35.8658776853248,35.7770689299441,35.7770876399966,0.725988896258839,0.968894345349281,0.256114246591988
"quadpos",4000,986,5,1,800,843.24557042394,-9.24789233244626,852.493462756386,797.683701157382,798.132821564438,2.24560203528393,35.8638995894859,35.774417573783,35.7770876399966,1.27041035102373,1.51953951674634,0.129566377167095
"quadpos",4000,986,10,0,400,459.71218104185,-4.50470292712854,464.216883968978,397.85214109954,398.066851830604,2.14710731064016,26.862380924315,26.8327663052493,26.8328157299975,2.30285022450545,2.46527068382933,0.0175649822433935
"quadpos",4000,986,10,1,400,426.455286906841,-4.72239241520158,431.177679322042,397.809238468173,398.024291509801,2.15053041627552,26.860193522133,26.8303034497078,26.8328157299975,1.06648704578629,1.23566950610105,0.156491040280328
"quadpos",4000,986,25,0,160,212.277019849142,-1.7821421152705,214.059161964413,157.901126833851,157.985012864892,2.09715077603018,17.5341783494012,17.5269344824006,17.5271218401653,3.10113721508646,3.19931298629697,0.0025790502157085
"quadpos",4000,986,25,1,160,219.162553944851,-1.83803141705564,221.000585361906,157.885226297043,157.969070940193,2.09611607875756,17.5324474731658,17.5251283206745,17.5271218401653,3.49508120538195,3.59663639936687,0.000927653234208728
"quadpos",4000,986,50,0,80,139.877304304279,-0.849879099940375,140.72718340422,77.9216413012497,77.9631428095378,2.07507541440382,12.5239878801277,12.5214685145927,12.5219806739988,4.94695967418951,5.01251434857949,2.15272729651075e-05
"quadpos",4000,986,50,1,80,132.900403610289,-0.921539160875706,133.821942771165,77.9145408071555,77.9560112555195,2.07352241819874,12.5226790372611,12.5201316318928,12.5219806739988,4.39090250892192,4.46208819189543,0.000106740009664549
"quadpos",4000,987,2,0,2000,2051.1395845796,-16.637050810947,2067.77663539055,1997.445436995,1998.7226161424,2.55435829478397,45.1265130065983,44.721355850252,44.7213595499958,1.18985811238615,1.54409493932564,0.199386327691529
"quadpos",4000,987,2,1,2000,2066.98520980438,-16.5670831546384,2083.55229295902,1997.43912062794,1998.71805727039,2.5578732848989,45.1269279776097,44.7213310056055,44.7213595499958,1.54112172694193,1.89695238896163,0.137966416182613
"quadpos",4000,987,5,0,800,889.716808040332,-6.66034797372841,896.37715601406,797.733069712519,798.186369649882,2.26649968681924,35.858367643433,35.777069448606,35.7770876399966,2.56519591863404,2.74451730892128,0.0128792019398798
"quadpos",4000,987,5,1,800,879.700041825453,-6.61666354871071,886.316705374163,797.732389731675,798.185462718811,2.26536493567877,35.8584460351456,35.7770009609767,35.7770876399966,2.28586738012684,2.46334908707078,0.0229827191796168
"quadpos",4000,987,10,0,400,481.311329071176,-3.37324486409803,484.684573935274,397.841539775899,398.057310104316,2.15770328416954,26.859874926154,26.8327660830661,26.8328157299975,3.10760156273105,3.22841348382744,0.00261840110323069
"quadpos",4000,987,10,1,400,489.502531283548,-3.31026552292141,492.81279680647,397.837532768043,398.053598534977,2.16065766934506,26.8598657152353,26.8327004062712,26.8328157299975,3.41271246428875,3.53148199162787,0.00115693274694027
"quadpos",4000,987,25,0,160,232.879331740553,-1.33904518598825,234.218376926541,157.887192410568,157.971638053249,2.11114106701884,17.5335703980336,17.5269408130364,17.5271218401653,4.27706038345703,4.35025939133543,9.8713418953695e-05
"quadpos",4000,987,25,1,160,253.561583920094,-1.33133500784791,254.892918927942,157.888235859217,157.972622356211,2.10966242484686,17.5335398535786,17.52689430198,17.5271218401653,5.45659056071042,5.52980436247519,2.11824389901105e-06
"quadpos",4000,987,50,0,80,134.778235274826,-0.716977979502034,135.495213254328,77.9112356091023,77.9529460006739,2.08551957858032,12.5237809874205,12.5214750421131,12.5219806739988,4.54072134628061,4.59548631931332,6.99992821792412e-05
"quadpos",4000,987,50,1,80,154.561550232185,-0.723729487732255,155.285279719917,77.9109914675441,77.9527022788604,2.08554056581346,12.523752120638,12.5214405349611,12.5219806739988,6.12041487457482,6.17601283375792,5.62068723028078e-07
"quadpos",4000,988,2,0,2000,1990.65940860593,-8.44477210954331,1999.10418071547,1997.4692936006,1998.73456404074,2.53054088029112,44.9283837908145,44.7213571417972,44.7213595499958,-0.151572000149674,0.00826488054823225,0.542096096682475
"quadpos",4000,988,2,1,2000,2099.26108725056,-8.62839259139249,2107.88947984195,1997.10509518019,1998.35599347703,2.50179659366915,44.9176425325044,44.7186881771791,44.7213595499958,2.27429549528198,2.44938952437376,0.0563590751558534
"quadpos",4000,988,5,0,800,847.932822444952,-3.39857774250629,851.331400187459,797.742349521519,798.193808194444,2.2572933646242,35.8185480294366,35.7770733342097,35.7770876399966,1.40124253172366,1.48524144209988,0.107241991151802
"quadpos",4000,988,5,1,800,848.399634179456,-3.92427841824768,852.323912597704,797.527031162406,797.972917769596,2.22943303594819,35.8076636767186,35.7680746931897,35.7770876399966,1.42071829863969,1.51953929011606,0.105184841592066
"quadpos",4000,988,10,0,400,462.021266861766,-1.69429733374968,463.715564195515,397.853796484724,398.068352686641,2.14556201917297,26.8465974859721,26.8327744667148,26.8328157299975,2.39015280839856,2.4465308867075,0.0145875959012942
"quadpos",4000,988,10,1,400,448.032142486106,-1.88875377465928,449.920896260765,397.721995595514,397.936175979284,2.1418038377049,26.8375852042229,26.8243796502027,26.8328157299975,1.87461526466531,1.93796542396789,0.0420441486565479
"quadpos",4000,988,25,0,160,223.570120843146,-0.690023072501542,224.260143915648,157.905605241615,157.98932583908,2.09301493662504,17.530352048633,17.5269731031647,17.5271218401653,3.74576137543406,3.78107604128186,0.00046473884718635
"quadpos",4000,988,25,1,160,202.54130833277,-0.728363782437394,203.269672115207,157.852239660483,157.935803944205,2.08910709303552,17.5241089689448,17.5208794471742,17.5271218401653,2.5501478421232,2.58741967306406,0.00965860366892237
"quadpos",4000,988,50,0,80,151.679063078192,-0.362268246229478,152.041331324421,77.9237705141735,77.9652411353036,2.07353105650556,12.5227348583936,12.521561735314,12.5219806739988,5.88971126499434,5.91588267941083,1.1813903540276e-06
"quadpos",4000,988,50,1,80,147.529125254281,-0.391564550093334,147.920689804375,77.8935341476369,77.9350248333793,2.07453428712284,12.518170960168,12.5170501704583,12.5219806739988,5.56276083209123,5.59122668823121,3.36530942230196e-06
"quadpos",4000,989,2,0,2000,1931.96173199872,-16.5849143527079,1948.54664635143,1997.4479934554,1998.72390539268,2.55182387454611,45.0962525497611,44.7213560077254,44.7213595499958,-1.45214419722397,-1.12199771027917,0.852182580111256
"quadpos",4000,989,2,1,2000,1988.85566965648,-16.8779626183216,2005.7336322748,1997.4309498907,1998.68990692391,2.51791406640963,45.0972739064372,44.7209577106294,44.7213595499958,-0.19015074507637,0.157503902230167,0.55342827471079
"quadpos",4000,989,5,0,800,815.567091416161,-6.68482589597966,822.25191731214,797.752802030947,798.202160236177,2.24679102614749,35.8522751815735,35.7770702109959,35.7770876399966,0.496880303829901,0.672211473274075,0.325202530465456
"quadpos",4000,989,5,1,800,827.933403698652,-6.83674897334231,834.770152671995,797.716146277573,798.166496913203,2.25175317814607,35.8516304840621,35.7758798074217,35.7770876399966,0.842841929727914,1.0231378223492,0.224602665234033
"quadpos",4000,989,10,0,400,440.67587796996,-3.31863989007304,443.994517860033,397.840826180897,398.056671080597,2.15844899699936,26.8578429077149,26.8327679630949,26.8328157299975,1.59488056938329,1.71200551663616,0.06875612220076
"quadpos",4000,989,10,1,400,460.076834732448,-3.40648814777175,463.48332288022,397.832979577429,398.047811518328,2.14831940898584,26.856941611215,26.8316473108195,26.8328157299975,2.31760771781353,2.43874371945499,0.0170621536728856
"quadpos",4000,989,25,0,160,201.888724241993,-1.31798273445335,203.206706976447,157.895432614825,157.979546517587,2.10284756903777,17.5330657246191,17.5269347476999,17.5271218401653,2.50916139357164,2.58043754426572,0.0104948893285678
"quadpos",4000,989,25,1,160,208.48056166554,-1.38288336558986,209.86344503113,157.882711798889,157.967038643484,2.10817111487381,17.5323341931384,17.5261460005083,17.5271218401653,2.88597338547502,2.96108490629605,0.00439398464949086
"quadpos",4000,989,50,0,80,129.431502429238,-0.651848924177723,130.083351353415,77.9143130760096,77.955960787925,2.08238559577219,12.5235950586397,12.521465598398,12.5219806739988,4.11361027819944,4.16304226976109,0.000228492050322331
"quadpos",4000,989,50,1,80,125.338636791556,-0.689999870029799,126.028636661586,77.9042562848985,77.9460320004469,2.08878577742332,12.5230502596239,12.520900778294,12.5219806739988,3.78776572186993,3.84018734055414,0.00054331008566899
"quadpos",4000,990,2,0,2000,1886.4610886178,-13.0380260364415,1899.49911465424,1997.43385081946,1998.71683990169,2.56597816446297,44.9534908491184,44.721356732775,44.7213595499958,-2.46861278413562,-2.21857592202101,0.963097283350313
"quadpos",4000,990,2,1,2000,1917.37319633004,-12.0571203454874,1929.43031667553,1996.58704037243,1997.86005614033,2.54603153580078,44.9437153055017,44.7158002572455,44.7213595499958,-1.76251214444416,-1.53032572538412,0.90015745996799
"quadpos",4000,990,5,0,800,772.798433861129,-5.24409180052593,778.042525661655,797.741326143406,798.192983320012,2.25828588303043,35.8235838146526,35.7770714227023,35.7770876399966,-0.696270155753502,-0.563222669074321,0.73265448874833
"quadpos",4000,990,5,1,800,822.10257195966,-4.25815531368372,826.360727273344,797.175654094188,797.62707021811,2.25708061961302,35.8030596423638,35.7562502390892,35.7770876399966,0.696223119321844,0.803598164323774,0.269608811359173
"quadpos",4000,990,10,0,400,394.972833187059,-2.58798463873821,397.560817825797,397.824873139828,398.042318474131,2.17445334302892,26.8482750134475,26.8327718864611,26.8328157299975,-0.106228051945262,-0.0179444990018663,0.533440415813185
"quadpos",4000,990,10,1,400,401.183471108005,-2.30345036169918,403.486921469704,397.517478951571,397.733667177079,2.16188225508673,26.8288383093691,26.8130079065852,26.8328157299975,0.136643715771835,0.214569522101677,0.445850474434768
"quadpos",4000,990,25,0,160,197.389153005229,-1.05854059816951,198.447693603399,157.885134332594,157.969668615212,2.11335706545552,17.5307469044261,17.5269584138986,17.5271218401653,2.25341332505702,2.30947230159961,0.0182487909192301
"quadpos",4000,990,25,1,160,208.668406502121,-1.02518045816904,209.69358696029,157.750924048926,157.835419495544,2.11238616544828,17.5164919969047,17.5125906474533,17.5271218401653,2.90683102884945,2.96119337845016,0.00428193097797929
"quadpos",4000,990,50,0,80,137.416675731342,-0.532139633421401,137.948815364763,77.902382851207,77.944276188985,2.09466688889941,12.5228357733415,12.5215215007327,12.5219806739988,4.75246134001282,4.79211245792032,3.82574396417743e-05
"quadpos",4000,990,50,1,80,132.101865760247,-0.491209828015124,132.593075588262,77.8364099688301,77.8782492302897,2.09196307297959,12.5122893833704,12.5109297627315,12.5219806739988,4.33697256583106,4.37336212380958,0.000127450648720941
"quadpos",4000,991,2,0,2000,1997.63891381528,-20.2361807210391,2017.87509453632,1997.48137365876,1998.74059194691,2.51843657631496,45.1398233870094,44.7213559413439,44.7213595499958,0.00349004813718903,0.427860519580465,0.498071465474349
"quadpos",4000,991,2,1,2000,1992.02014547126,-19.8313106827878,2011.85145615405,1997.34756677552,1998.61441341037,2.53369326969417,45.1402175687321,44.7204254938806,44.7213595499958,-0.11801939802689,0.295995456158783,0.53352845861362
"quadpos",4000,991,5,0,800,835.548174456157,-8.17091626527331,843.719090721431,797.741899419274,798.193437063448,2.25768822086812,35.8610508070134,35.777070024293,35.7770876399966,1.054243369508,1.2724813302786,0.173056771724752
"quadpos",4000,991,5,1,800,750.738297179423,-8.42441424265191,759.162711422075,797.665420350153,798.11714286932,2.25861259583764,35.8588566413384,35.7742320428926,35.7770876399966,-1.30866200336773,-1.08889637101197,0.883064507169732
"quadpos",4000,991,10,0,400,442.479502839926,-4.05687757676836,446.536380416694,397.825741000629,398.043091399632,2.17350399002893,26.8607685143828,26.8327659911378,26.8328157299975,1.6624156459033,1.80724152825238,0.0611999502139432
"quadpos",4000,991,10,1,400,392.389388707086,-4.15944342079258,396.548832127879,397.789311530359,398.006086816432,2.167752860722,26.8584055042237,26.8301370040139,26.8328157299975,-0.201051504059831,-0.0543140979240844,0.569909974522398
"quadpos",4000,991,25,0,160,207.521114631661,-1.63731056588404,209.158425197545,157.896823116704,157.980881846875,2.10146825428049,17.5337840266247,17.5269356486921,17.5271218401653,2.83021003564339,2.91993674059554,0.00500935903642693
"quadpos",4000,991,25,1,160,191.43741191773,-1.70337934424123,193.140791261971,157.880549219578,157.96452208324,2.09932159156669,17.5318944329045,17.5249709948548,17.5271218401653,1.91404658672659,2.00720841073334,0.0359693784758792
"quadpos",4000,991,50,0,80,111.941525411863,-0.771629665978423,112.713155077841,77.9133950791079,77.9550629661085,2.08339435002908,12.5238612407122,12.5214798190363,12.5219806739988,2.71706382550273,2.77587734150163,0.00709837355830548
"quadpos",4000,991,50,1,80,113.70060057371,-0.798150432083138,114.498751005794,77.9051125603503,77.9467556608866,2.08215502681325,12.5224185876323,12.5200092404347,12.5219806739988,2.85851233632402,2.91948629134061,0.00519308384749276
"quadpos",4000,992,2,0,2000,2002.49055738057,-5.37612138405857,2007.86667876463,1997.45249340195,1998.72615318786,2.5473195718184,45.0932460028788,44.7213560191396,44.7213595499958,0.111725467230666,0.204388381534232,0.467510709211625
"quadpos",4000,992,2,1,2000,2073.64783199413,-5.31440134224928,2078.96223333638,1997.46781825997,1998.72912350737,2.52261049481275,45.0921859197099,44.7212779628687,44.7213595499958,1.68942827189185,1.79407014923904,0.116546080409092
"quadpos",4000,992,5,0,800,789.587596660151,-2.15512420405495,791.742720864205,797.759295981192,798.207350352802,2.24027185805244,35.8516695909559,35.7770692590336,35.7770876399966,-0.227930788559495,-0.180691980156098,0.577152720652101
"quadpos",4000,992,5,1,800,812.5512649623,-2.14541843675659,814.696683399056,797.748474045597,798.197509282445,2.24517618423669,35.8511479354574,35.7768457139112,35.7770876399966,0.412895869983076,0.461169054660302,0.352451657093529
"quadpos",4000,992,10,0,400,413.82471981805,-1.04269724524439,414.867417063294,397.84107392236,398.056889957717,2.15816035356271,26.8576397207219,26.832765572294,26.8328157299975,0.595124741484907,0.626492526843192,0.281908516536894
"quadpos",4000,992,10,1,400,436.791048854889,-1.05360726918395,437.844656124073,397.839382278626,398.055032651481,2.15650372854635,26.85731949842,26.8325564385674,26.8328157299975,1.45031847197387,1.48288604418626,0.0875386052647545
"quadpos",4000,992,25,0,160,191.624681157262,-0.40909567582307,192.033776833085,157.904335508032,157.988093303426,2.09394488484818,17.5330172857252,17.5269348881528,17.5271218401653,1.92324829775218,1.94247789170897,0.035242757192031
"quadpos",4000,992,25,1,160,202.595627236253,-0.424148175238186,203.019775411491,157.897382851753,157.98136129941,2.09946119143107,17.5328336536529,17.5267814502711,17.5271218401653,2.54940218264077,2.56969108902675,0.00959177063482108
"quadpos",4000,992,50,0,80,119.853566329285,-0.177047922987183,120.030614252272,77.9241247240457,77.9655747322911,2.07250041226715,12.5235668837071,12.5214543089523,12.5219806739988,3.34804309304156,3.35943720929498,0.00163791339966103
"quadpos",4000,992,50,1,80,121.126168036605,-0.212765029775823,121.33893306638,77.9198838930594,77.9614045453456,2.07603261431007,12.5234468451967,12.5213447430652,12.5219806739988,3.450031343417,3.46428673685858,0.00127566912872865
"quadpos",4000,993,2,0,2000,2069.04988072345,-25.5149839185481,2094.564864642,1997.45298358739,1998.7263904387,2.54681370261577,45.1853199341723,44.7213557221025,44.7213595499958,1.5845167687286,2.14301361521421,0.131054185442449
"quadpos",4000,993,2,1,2000,1982.17331606498,-25.4537318560675,2007.62704792105,1997.46701976025,1998.72586938308,2.51769924565676,45.1862220768604,44.7212269638243,44.7213595499958,-0.338459446095247,0.199036992995928,0.595020054240202
"quadpos",4000,993,5,0,800,862.063171335595,-10.150448409338,872.213619744933,797.7369183517,798.189447210779,2.26264429539844,35.8702134373043,35.7770687585195,35.7770876399966,1.79330555410071,2.06903961399932,0.0571500587351147
"quadpos",4000,993,5,1,800,855.501214930349,-10.1219005706403,865.623115500989,797.746498823977,798.19521087117,2.24356023596518,35.8702163312614,35.7767080227878,35.7770876399966,1.61010225232563,1.88468722686478,0.0774066132775313
"quadpos",4000,993,10,0,400,456.894938451989,-5.12316279253511,462.018101244524,397.838001667815,398.054122741807,2.16121073992645,26.8638276967645,26.8327639285918,26.8328157299975,2.19838131225385,2.3838013360435,0.0219037207022857
"quadpos",4000,993,10,1,400,490.190525012569,-5.11315001628053,495.303675028849,397.84484456811,398.059735317009,2.14890748898342,26.8636246063232,26.8324222560091,26.8328157299975,3.43757336538724,3.62412080370652,0.0010777289488214
"quadpos",4000,993,25,0,160,221.326158306697,-2.02935480654586,223.355513113243,157.893052607758,157.977261735735,2.10522819941729,17.5345327918426,17.5269346873642,17.5271218401653,3.61761025811014,3.73015889792988,0.000663058942086669
"quadpos",4000,993,25,1,160,219.036942333476,-2.01955455800501,221.056496891481,157.894739432075,157.978790314603,2.10127206320796,17.5343249591213,17.5266924855634,17.5271218401653,3.48700067119466,3.59895095031962,0.00094571730595731
"quadpos",4000,993,50,0,80,134.842526868666,-0.997827365990173,135.840354234656,77.9146821827427,77.9563208183169,2.08193177870826,12.5240944649535,12.5214521857535,12.5219806739988,4.54546592931139,4.62278915876848,6.89871161131567e-05
"quadpos",4000,993,50,1,80,130.162287975872,-1.03110086642907,131.193388842301,77.9159729975478,77.9575639487271,2.07954755896892,12.523937580092,12.5212831227394,12.5219806739988,4.17171633475524,4.25162695961206,0.000195034151719892
"quadpos",4000,994,2,0,2000,2020.18069418235,-19.8124797998403,2039.99317398219,1997.48829204797,1998.74405146357,2.51151883118767,45.2543137968613,44.7213563081474,44.7213595499958,0.501441746222018,0.922358486500303,0.359375074187555
"quadpos",4000,994,2,1,2000,2040.2272885862,-20.3332015396391,2060.56049012583,1997.41244303636,1998.66677277469,2.50865947664558,45.249596169789,44.7206361092469,44.7213595499958,0.946192876267426,1.38400798235406,0.250192128153746
"quadpos",4000,994,5,0,800,816.546625607741,-7.93900517650517,824.485630784246,797.748910109519,798.199043145078,2.25066517779355,35.8841299336732,35.7770694716138,35.7770876399966,0.523844817554925,0.734732833834392,0.316554965798545
"quadpos",4000,994,5,1,800,850.468650044731,-8.13285953724728,858.601509581979,797.705536423731,798.154668769592,2.24566172930759,35.8811804187715,35.775227884198,35.7770876399966,1.47049547994796,1.68962839336898,0.0964190002210904
"quadpos",4000,994,10,0,400,433.627805241309,-3.98746894729991,437.615274188609,397.846358089151,398.061645557493,2.15287468341762,26.868474491966,26.8327651575685,26.8328157299975,1.33172604060039,1.47407948449771,0.105571763475417
"quadpos",4000,994,10,1,400,481.128323686844,-4.04214816704634,485.17047185389,397.80872807858,398.025083766679,2.16355688099248,26.8663828568925,26.8310759408655,26.8328157299975,3.10125840356244,3.24792745096304,0.00266506179768562
"quadpos",4000,994,25,0,160,213.346134878574,-1.58816029713937,214.934295175713,157.897155300645,157.981194737514,2.10098592172927,17.5356556576205,17.5269194798943,17.5271218401653,3.16207050711744,3.24946437413214,0.00221078591666103
"quadpos",4000,994,25,1,160,209.111834294005,-1.57440064240201,210.686234936407,157.886970816885,157.970951762273,2.09952363468482,17.534309000881,17.5256753082765,17.5271218401653,2.92140759436518,3.00788884005167,0.00402773060661687
"quadpos",4000,994,50,0,80,121.533634634093,-0.826300854421654,122.359935488514,77.9221857412592,77.9636716481038,2.07429534222891,12.5244717758953,12.5214315701755,12.5219806739988,3.4820988599909,3.54562204741483,0.00117662618052642
"quadpos",4000,994,50,1,80,138.696567147419,-0.818164971062058,139.514732118481,77.9119661783836,77.9535407520129,2.07872868146615,12.5235425719841,12.5205370711904,12.5219806739988,4.85362672899078,4.91681714741453,2.84064337532116e-05
"quadpos",4000,995,2,0,2000,1988.28664167754,-15.589647185643,2003.87628886318,1997.46313525035,1998.73147497869,2.5366794566874,45.0459179665471,44.7213565621911,44.7213595499958,-0.203714209567865,0.115041543458789,0.556996080939973
"quadpos",4000,995,2,1,2000,1938.37857145736,-15.3394503587875,1953.71802181615,1997.36777264374,1998.63470700348,2.53386871948202,45.0416058199685,44.7205560703946,44.7213595499958,-1.30966025994188,-1.0043856591727,0.826940712296984
"quadpos",4000,995,5,0,800,801.31546482622,-6.2753378994283,807.590802725648,797.741726928936,798.193302260906,2.25787665984914,35.8421529296256,35.7770710231408,35.7770876399966,0.0997076795107944,0.262668245219519,0.460347403823531
"quadpos",4000,995,5,1,800,810.53486273993,-6.06238159416063,816.597244334091,797.674513588465,798.12705746468,2.26271938107562,35.8388473863265,35.7747234269826,35.7770876399966,0.358838246465806,0.516291534918748,0.371152346711827
"quadpos",4000,995,10,0,400,450.584743259952,-3.16019004407947,453.744933304031,397.827942237428,398.045079146398,2.17136908969938,26.8544693989257,26.8327710387339,26.8328157299975,1.96454453219003,2.07581446125073,0.0350771562153048
"quadpos",4000,995,10,1,400,409.151530803458,-3.157771173352,412.30930197681,397.795714879466,398.012555017643,2.16840138176487,26.8519338760311,26.8305761627661,26.8328157299975,0.422904956358788,0.532852774850498,0.338997482999665
"quadpos",4000,995,25,0,160,176.439393988406,-1.19936628516236,177.638760273569,157.897516798412,157.98155183705,2.10087596595747,17.5322537606905,17.526947806005,17.5271218401653,1.05758663107921,1.12154201941445,0.149949669726744
"quadpos",4000,995,25,1,160,167.533204658315,-1.22854253400257,168.761747192317,157.875355424004,157.959672012345,2.10791470852485,17.530554806831,17.5253349888493,17.5271218401653,0.55091520723274,0.616369112878286,0.286651874257887
"quadpos",4000,995,50,0,80,102.198006600684,-0.614832076073551,102.812838676757,77.9182337990634,77.9598065014426,2.07863511895938,12.5233376160409,12.521493416466,12.5219806739988,1.93876213722139,1.98482971229555,0.0344474488945974
"quadpos",4000,995,50,1,80,93.367173725316,-0.611253331685129,93.9784270570011,77.9055684657386,77.9472394211364,2.08354776988761,12.522109199879,12.5202955675386,12.5219806739988,1.23474448375891,1.28041606920437,0.113077829970554
"quadpos",4000,996,2,0,2000,1969.9461277964,-17.9268006883582,1987.87292848476,1997.4800074377,1998.73991382094,2.51981276647235,45.0934746232276,44.7213563621701,44.7213595499958,-0.610595654279375,-0.242993196542898,0.668337834926503
"quadpos",4000,996,2,1,2000,1967.75777516391,-17.8424757745208,1985.60025093843,1997.40077335494,1998.67277496618,2.54400322246531,45.0942630029788,44.7208947594872,44.7213595499958,-0.657356306922651,-0.292313561659577,0.6809247680224
"quadpos",4000,996,5,0,800,851.391392260596,-7.1844266216098,858.575818882206,797.759045148252,798.207151569358,2.24053210553136,35.8517180608894,35.7770698665308,35.7770876399966,1.49594914869231,1.68735638603322,0.0926917994481937
"quadpos",4000,996,5,1,800,797.806871881069,-7.25174614490587,805.058618025975,797.69409892216,798.148129022054,2.27015049946747,35.8508751101935,35.7757400920345,35.7770876399966,0.00314561244495328,0.193161315073955,0.495270952545697
"quadpos",4000,996,10,0,400,436.905371663114,-3.57343776044506,440.478809423559,397.843264773489,398.058864167585,2.1559939409598,26.857656676876,26.8327672059713,26.8328157299975,1.45441232493141,1.58090087877831,0.0869343423920156
"quadpos",4000,996,10,1,400,397.445174844674,-3.66553453695676,401.110709381631,397.814599101773,398.031040970904,2.16441869131407,26.8565935454351,26.8315050393364,26.8328157299975,-0.0137554398503053,0.114778071756023,0.498419965991325
"quadpos",4000,996,25,0,160,203.037078339607,-1.44194203841161,204.479020378019,157.894492352692,157.978646808272,2.10386138951808,17.5330289061006,17.5269428625128,17.5271218401653,2.57471690879427,2.65307954356393,0.00906385719936176
"quadpos",4000,996,25,1,160,205.039207191918,-1.46848621306594,206.507693404984,157.883734268414,157.967968688881,2.10586051166844,17.5321488203013,17.526009203471,17.5271218401653,2.68965734929766,2.76958229067287,0.00698345769448972
"quadpos",4000,996,50,0,80,135.39623501188,-0.728792787124933,136.125027799005,77.9114191158252,77.9531276041142,2.08542441445248,12.5236041536205,12.5214887373156,12.5219806739988,4.59011760439878,4.64576548486054,6.08341740914559e-05
"quadpos",4000,996,50,1,80,136.504409217195,-0.743006249801135,137.247415466996,77.9114503203055,77.9530675432274,2.08086114609152,12.5229239685098,12.5207886005917,12.5219806739988,4.67885607580366,4.73567199441145,4.72145998400473e-05
"quadpos",4000,997,2,0,2000,1996.75204681347,-14.4932296166819,2011.24527643015,1997.44710229521,1998.72345970578,2.55271482114923,45.0847863020789,44.721356402713,44.7213595499958,-0.0154166302814925,0.279996353679654,0.503669760251722
"quadpos",4000,997,2,1,2000,2027.08570949728,-14.7806782135563,2041.86638771083,1997.38782542207,1998.65517450526,2.53469816639367,45.0854299713576,44.7207738954278,44.7213595499958,0.658702469823973,0.966244754766786,0.319736645319205
"quadpos",4000,997,5,0,800,848.218921398708,-5.8160990696976,854.035020468405,797.756093987617,798.204792809785,2.24349411084189,35.8499730234626,35.7770704493421,35.7770876399966,1.40761130777042,1.56050305286096,0.105977705578365
"quadpos",4000,997,5,1,800,811.842657978577,-5.86163642086854,817.704294399446,797.679923759022,798.13417610687,2.27126173923728,35.8486866635468,35.7752632693668,35.7770876399966,0.395069820896853,0.547029329881498,0.358982112053726
"quadpos",4000,997,10,0,400,464.296809038509,-2.89130749035419,467.188116528863,397.844219818213,398.059726725481,2.15506907268413,26.8570773424333,26.8327693344371,26.8328157299975,2.47430457056111,2.57626743411321,0.0120965761536721
"quadpos",4000,997,10,1,400,454.051346796211,-2.87609439976157,456.927441195972,397.806168960928,398.022702060667,2.16533099739184,26.8555703955075,26.831040909036,26.8328157299975,2.09435796771205,2.19539522655894,0.0271914489191763
"quadpos",4000,997,25,0,160,221.410183351204,-1.14350960189329,222.553692953097,157.89624552901,157.980330689241,2.10212900577149,17.5328888463389,17.5269455862113,17.5271218401653,3.62255977202847,3.68423362452025,0.000654378791338896
"quadpos",4000,997,25,1,160,207.794025077154,-1.11413612628524,208.908161203439,157.881339135502,157.965540650186,2.10503786708806,17.5316741776713,17.5256673762802,17.5271218401653,2.8470005451745,2.90674354702183,0.00482675273389035
"quadpos",4000,997,50,0,80,134.442902003198,-0.573649346071197,135.016551349269,77.9158642123494,77.9574841258366,2.08099567435854,12.5235589086665,12.521491700507,12.5219806739988,4.51365607836368,4.55689055171613,7.55146307781735e-05
"quadpos",4000,997,50,1,80,129.290294607324,-0.560182586633965,129.850477193958,77.9083171676562,77.9499652223446,2.08240273442304,12.5226342419486,12.5205436905669,12.5219806739988,4.10312849891821,4.1452282947358,0.000235560687218536
"quadpos",4000,998,2,0,2000,2043.98523670251,-8.20592607868931,2052.1911627812,1997.49312924945,1998.74645994372,2.50666138852986,45.2555024514476,44.7213556764198,44.7213595499958,1.02732496458164,1.19505998932992,0.231939825964261
"quadpos",4000,998,2,1,2000,1992.82819764159,-9.44193078637451,2002.27012842796,1997.24755905126,1998.50828666458,2.52145522662386,45.2452801353866,44.719055502318,44.7213595499958,-0.09767563371147,0.0841216729899573,0.528434931619795
"quadpos",4000,998,5,0,800,810.83825576347,-3.2925725491405,814.130828312611,797.750520114976,798.200327217073,2.24903551048486,35.8843634410608,35.77706829392,35.7770876399966,0.364719738445139,0.445271282841381,0.368315808249119
"quadpos",4000,998,5,1,800,829.62451008764,-3.52771825971046,833.152228347351,797.616378125003,798.063364979428,2.23493427212326,35.8765568268262,35.7713750400247,35.7770876399966,0.892174020966895,0.980920172307094,0.212430815631855
"quadpos",4000,998,10,0,400,421.748361141621,-1.66129553530276,423.409656676924,397.848468963446,398.06354007814,2.15071114694429,26.8685484253027,26.8327615389997,26.8328157299975,0.889511848569697,0.944595902361553,0.197920363290735
"quadpos",4000,998,10,1,400,410.040432277162,-1.81011126011571,411.850543537278,397.770677493584,397.98527766001,2.14600166426052,26.8626296543332,26.8275780022285,26.8328157299975,0.456759257804044,0.516828834720604,0.327760369751848
"quadpos",4000,998,25,0,160,212.244126527267,-0.624951270043007,212.86907779731,157.90653695449,157.990201535248,2.09161451895327,17.535673812392,17.5269201977057,17.5271218401653,3.09868843103014,3.13111919510228,0.00259123275610768
"quadpos",4000,998,25,1,160,201.09666960417,-0.713750407096205,201.810420011266,157.874241954694,157.957765162152,2.08808018646091,17.5316584412251,17.523088893294,17.5271218401653,2.46539298004117,2.50256419494031,0.0115967854227144
"quadpos",4000,998,50,0,80,132.746722052028,-0.318642149502965,133.065364201531,77.925533046929,77.9669528900217,2.07099215463438,12.5244842004843,12.5214381462437,12.5219806739988,4.37712149479008,4.40032611813347,0.000110456514099485
"quadpos",4000,998,50,1,80,110.02907215506,-0.394155982622595,110.423228137683,77.9089132153707,77.9502937523417,2.06902684854936,12.5215439478383,12.5185632237643,12.5219806739988,2.56519156691012,2.59398253656591,0.00987984393112224
"quadpos",4000,999,2,0,2000,2026.46454500319,-11.024676806811,2037.48922181,1997.48624114964,1998.74303433863,2.51358637798525,44.965202432499,44.7213567901975,44.7213595499958,0.644460655927307,0.866391144015188,0.323223941527934
"quadpos",4000,999,2,1,2000,2019.81083283736,-10.4772789810462,2030.2881118184,1996.91575004847,1998.18440695299,2.53731380903978,44.950128161064,44.7169861379556,44.7213595499958,0.509344104801094,0.717930872317186,0.361549001098987
"quadpos",4000,999,5,0,800,860.487261048917,-4.43249842431687,864.919759473234,797.765056474662,798.211966772589,2.23455148963564,35.825934838575,35.7770712685819,35.7770876399966,1.75074858079404,1.86454034204933,0.061577794093678
"quadpos",4000,999,5,1,800,836.228131394751,-4.47236766357708,840.700499058328,797.400535505472,797.848308411903,2.23886453215695,35.8100220108126,35.7635937456254,35.7770876399966,1.08426618329237,1.19820706361946,0.168865967669577
"quadpos",4000,999,10,0,400,438.60137704789,-2.22711268917333,440.828489737063,397.851572622236,398.066347355541,2.14774733305099,26.8490581898625,26.8327713540288,26.8328157299975,1.51773682851341,1.59365358938601,0.0783437891207285
"quadpos",4000,999,10,1,400,445.366861543401,-2.3212789950457,447.688140538447,397.645888573543,397.861280306815,2.1539173327254,26.8358444606146,26.8203563396599,26.8328157299975,1.77825493957887,1.85780008291505,0.0505077045792075
"quadpos",4000,999,25,0,160,234.192122777227,-0.933201669994604,235.125324447222,157.903973883633,157.98775169642,2.09444531968039,17.5309306266112,17.5269507151028,17.5271218401653,4.35163144036359,4.40108345168866,7.8597002836808e-05
"quadpos",4000,999,25,1,160,226.812776176319,-0.979307472201145,227.79208364852,157.8128988415,157.896938827252,2.1009996437978,17.5217319356784,17.5179433684583,17.5271218401653,3.93795987680413,3.98991727231616,0.000274607909672472
"quadpos",4000,999,50,0,80,139.477881871459,-0.473785241129119,139.951667112588,77.9232078731693,77.9646844883196,2.07383075751445,12.5229005956372,12.5215197140592,12.5219806739988,4.91536873012745,4.95043605247608,2.36510004123073e-05
"quadpos",4000,999,50,1,80,145.865281928338,-0.493908284091585,146.359190212429,77.8737613104318,77.9153675647713,2.08031271697764,12.5161980962309,12.5148840778165,12.5219806739988,5.43228223899561,5.4689937375432,5.08074613048027e-06
"quadpos",4000,1000,2,0,2000,2041.45042615622,-10.8234336062267,2052.27385976245,1997.48421932541,1998.74201752551,2.51559640021402,44.9844887180658,44.7213564352416,44.7213595499958,0.977363710997505,1.19700846539506,0.244166563446758
"quadpos",4000,1000,2,1,2000,2042.4764121077,-11.0836122109461,2053.56002431865,1997.29533042092,1998.56419738037,2.53773391889682,44.9787713586181,44.7201023222071,44.7213595499958,1.00449790694698,1.22977864724085,0.239175029955913
"quadpos",4000,1000,5,0,800,813.900991791886,-4.37795839018019,818.278950182066,797.763123376666,798.210422135776,2.23649379554725,35.8298084915394,35.7770715964804,35.7770876399966,0.450403423703204,0.560932663037309,0.340143954599419
"quadpos",4000,1000,5,1,800,834.709412186587,-4.51459764123451,839.224009827822,797.639687549987,798.090113265523,2.25212857768052,35.8246277780309,35.7730501437793,35.7770876399966,1.03475533273602,1.14985712420309,0.178319994962459
"quadpos",4000,1000,10,0,400,446.136714472431,-2.22747586638317,448.364190338814,397.856570932164,398.070844362205,2.14273430040971,26.8503502400064,26.8327705774368,26.8328157299975,1.79811969336366,1.87432549432297,0.0479306865842528
"quadpos",4000,1000,10,1,400,426.126730036948,-2.26753920715468,428.394269244103,397.787851790755,398.00284269482,2.14990904065109,26.8461288895645,26.8289469371323,26.8328157299975,1.05560389591995,1.13278492146928,0.159173554224936
"quadpos",4000,1000,25,0,160,212.043554172022,-0.929619480322883,212.973173652345,157.914452373801,157.99781178122,2.08398518547486,17.5312506596156,17.5269527634321,17.5271218401653,3.08757788301502,3.13661836219614,0.00266667696392087
"quadpos",4000,1000,25,1,160,205.013455010028,-0.882213342417164,205.895668352446,157.875301474819,157.959175068454,2.09683984086363,17.5283502821285,17.5241519081816,17.5271218401653,2.68925214161599,2.73545296429504,0.00700720879243673
"quadpos",4000,1000,50,0,80,131.416353597149,-0.440193689192455,131.856547286341,77.9315470331598,77.9728550549588,2.0654010899463,12.5229972627682,12.5215058474221,12.5219806739988,4.27092695476373,4.30329170372718,0.000148258369882035
"quadpos",4000,1000,50,1,80,136.004270232141,-0.447720589242846,136.451990821383,77.9113999127937,77.9528471402649,2.07236137355708,12.5209267338837,12.519469685409,12.5219806739988,4.63966218747514,4.6726534870161,5.29514238318773e-05
