"scen","n","rep","m","oracle","G","HL","C","EF","mu","muEF","d","sdHL","sdEF","sdEF_simple","zHL","zEF","pHL_chisq"
"quadneg",1000,251,2,0,500,480.534082521984,7.62657090617219,472.907511615812,497.474744673324,498.73705016877,2.52461099089369,22.6039707449756,22.360660293597,22.3606797749979,-0.749455144074851,-1.1551330870294,0.7050033899528
"quadneg",1000,251,2,1,500,476.738130970048,8.78162737918586,467.956503590862,496.699227454988,497.961304526425,2.52415414287571,22.564519827058,22.346582664577,22.3606797749979,-0.884623144561825,-1.34270198651563,0.746123254025844
"quadneg",1000,251,5,0,200,170.185068822204,2.94632194051762,167.238746881687,197.776119163762,198.22059617497,2.22238505603957,17.9372304242014,17.8884201343855,17.8885438199983,-1.53820013954499,-1.73195000232183,0.924390038593935
"quadneg",1000,251,5,1,200,173.463102104524,3.00136555986566,170.461736544659,197.267090609183,197.712706335785,2.22807863300969,17.8934509359907,17.8501736985692,17.8885438199983,-1.33031848299199,-1.52665011844174,0.8951012599952
"quadneg",1000,251,10,0,100,81.3444474775741,1.49009350631965,79.8543539712545,97.8732737737271,98.0856639181278,2.12390144400646,13.4322800503672,13.4160441578102,13.4164078649987,-1.23053020292717,-1.35891845110393,0.888067626938194
"quadneg",1000,251,10,1,100,66.6404579306665,1.3917320677811,65.2487258628854,97.5687941299519,97.784104207966,2.15310078014038,13.3960763961667,13.3816002136454,13.4164078649987,-2.3087608106009,-2.43135184324994,0.993569871124949
"quadneg",1000,251,25,0,40,32.432901938693,0.476655143840411,31.9562467948526,37.9164638872079,37.9995691724356,2.07763213069278,8.76620444182408,8.76228900667767,8.76356092008266,-0.625534344413925,-0.689696764507245,0.7241472526658
"quadneg",1000,251,25,1,40,21.7892991825256,0.51416358811825,21.2751355944073,37.7897369747681,37.873199687607,2.08656782097319,8.74068290130355,8.73715150663488,8.76356092008266,-1.83057067427263,-1.8997111450563,0.9837909926569
"quadneg",1000,251,50,0,20,15.464550517933,0.178539012759842,15.2860115051731,17.9469620362272,17.9877908932985,2.04144285356382,6.258673614408,6.25738837615213,6.26099033699941,-0.396635400922573,-0.431774284367942,0.629861430088685
"quadneg",1000,251,50,1,20,10.4513146178902,0.238230972069709,10.2130836458205,17.8712741809547,17.9124183939712,2.05721065082595,6.24001083513408,6.23886507028567,6.26099033699941,-1.18909401908194,-1.2340922044974,0.916175328322475
"quadneg",1000,252,2,0,500,505.977035658709,6.41813449463361,499.558901164075,497.442634820463,498.720857987574,2.55644633422263,22.807887110225,22.3606421991173,22.3606797749979,0.374186385481527,0.0374784931952434,0.3926099311482
"quadneg",1000,252,2,1,500,521.774579968537,7.69972005236123,514.074859916175,496.866870512457,498.121685309166,2.50962959341737,22.7952821491475,22.3481732658473,22.3606797749979,1.09266949595581,0.713846917921892,0.222819679865492
"quadneg",1000,252,5,0,200,200.638803785919,2.47735169417042,198.161452091748,197.755050627713,198.203616156122,2.24282764204797,17.9783780746972,17.8883578676503,17.8885438199983,0.160401185592205,-0.00235706735551896,0.434278103402875
"quadneg",1000,252,5,1,200,241.37207434072,2.97710537380773,238.394968966912,197.365412293498,197.816494686611,2.25541196556431,17.9509347341694,17.8591912993716,17.8885438199983,2.45149696653151,2.27213391693322,0.0191794166697282
"quadneg",1000,252,10,0,100,118.180992306788,1.26735600768214,116.913636299106,97.83753959771,98.0534191905606,2.15879592850602,13.4458694756226,13.4159197891587,13.4164078649987,1.51298900721597,1.40580872612147,0.0807808333617963
"quadneg",1000,252,10,1,100,118.741501678,1.48533518236773,117.256166495633,97.6243881898742,97.8402924137234,2.15904223849232,13.4199078503568,13.3890662786462,13.4164078649987,1.57356620653432,1.45012905887806,0.0756242100878198
"quadneg",1000,252,25,0,40,65.2632680780009,0.510529461699737,64.7527386163011,37.8811284274714,37.9655609940725,2.11081416502888,8.76900311332979,8.76179899710296,8.76356092008266,3.12260576221096,3.05726913286708,0.0038678403775398
"quadneg",1000,252,25,1,40,62.3133818688417,0.527267628292075,61.7861142405496,37.8067077897334,37.890423705118,2.09289788461528,8.74950858045297,8.7420198914575,8.76356092008266,2.80092005782565,2.73342898233187,0.00770946182042042
"quadneg",1000,252,50,0,20,39.5461983064088,0.304013523791221,39.2421847826175,17.8907951569886,17.9326607567541,2.09327998827442,6.25836820651584,6.25601201416052,6.26099033699941,3.46023155474839,3.4062472990188,0.00240530236786551
"quadneg",1000,252,50,1,20,41.438940811108,0.37597484280913,41.0629659682989,17.8718710395017,17.9132045060861,2.06667332922142,6.24433752170749,6.24190394134377,6.26099033699941,3.77415053072948,3.70876605595905,0.00132375187635645
"quadneg",1000,253,2,0,500,515.077166589122,3.9112919047731,511.165874684349,497.419655024953,498.709488195709,2.57966634151307,22.5138562669916,22.3606564418918,22.3606797749979,0.784295295962167,0.557067120145169,0.289066842372025
"quadneg",1000,253,2,1,500,523.783633091907,3.82490443356038,519.958728658346,497.463739126587,498.731240284351,2.53500231552631,22.5139600104178,22.3606478715944,22.3606797749979,1.16904773541129,0.949323494377003,0.204875005567595
"quadneg",1000,253,5,0,200,201.489926162489,1.60868304817927,199.88124311431,197.71317416044,198.170253465503,2.28539652531528,17.9191077549311,17.8884280180566,17.8885438199983,0.210766744287806,0.0956478482670359,0.417686337323849
"quadneg",1000,253,5,1,200,198.288826224988,1.6422378891246,196.646588335864,197.7166099291,198.172928777347,2.28159424123377,17.9191209469942,17.8884000779304,17.8885438199983,0.0319332794047719,-0.0853257102275007,0.480853214100659
"quadneg",1000,253,10,0,100,128.454949220992,0.794295171207226,127.660654049785,97.8109718526364,98.029603316284,2.18631463647607,13.4262355647042,13.4160575398308,13.4164078649987,2.28239533119134,2.20862579379447,0.0211669364635058
"quadneg",1000,253,10,1,100,120.667789464436,0.826913778845339,119.84087568559,97.8114403028517,98.0300010444814,2.18560741629738,13.4262216490026,13.4160276315355,13.4164078649987,1.70236644076869,1.62573268631622,0.0598999518490558
"quadneg",1000,253,25,0,40,52.1610588641763,0.324583925443373,51.8364749387329,37.886183827441,37.9704934768844,2.1077412360854,8.76466213013822,8.7622462535245,8.76356092008266,1.62868514778792,1.58246881685973,0.0627581637151323
"quadneg",1000,253,25,1,40,49.0364893692235,0.339924448394421,48.6965649208291,37.8875274532059,37.9717805407833,2.10632718943477,8.76465115912033,8.76223117374349,8.76356092008266,1.27203715397346,1.22397870672292,0.108302308442894
"quadneg",1000,253,50,0,20,28.179032877751,0.150966803605148,28.0280660741458,17.9214618365625,17.9628034609649,2.0670812201177,6.2581786625474,6.25742663631548,6.26099033699941,1.63906650709347,1.60853066255166,0.0593824578572998
"quadneg",1000,253,50,1,20,29.1759141421832,0.168278684798941,29.0076354573842,17.917971021534,17.9593815337098,2.07052560879182,6.25816605641412,6.25741225265097,6.26099033699941,1.79892048551679,1.76562666444005,0.0462710692082334
"quadneg",1000,254,2,0,500,514.88172945667,9.11436765173726,505.767361804933,497.486839951062,498.743117832795,2.51255576346642,22.5388600938098,22.3606611439385,22.3606797749979,0.771773258860846,0.314134001983294,0.291139936319629
"quadneg",1000,254,2,1,500,514.157421185637,9.68025117428123,504.477170011356,497.102791245157,498.362775128083,2.51996776585141,22.5289552960696,22.355250118127,22.3606797749979,0.75700935601996,0.273510466264713,0.298887538101305
"quadneg",1000,254,5,0,200,242.421345865161,3.51072931379615,238.910616551365,197.754581870588,198.203354713312,2.24386421361995,17.9241041904806,17.8884132473945,17.8885438199983,2.49199421738999,2.27562172648165,0.0171224425312409
"quadneg",1000,254,5,1,200,215.964181146095,3.21149692498844,212.752684221106,197.526094046713,197.971998645442,2.22952299364126,17.9059731093488,17.8703464041378,17.8885438199983,1.02971712214595,0.827106830578406,0.18139655249465
"quadneg",1000,254,10,0,100,117.897312659825,1.82096124963899,116.076351410186,97.860381680436,98.0740799141199,2.13698233683837,13.4279179648854,13.4160640554051,13.4164078649987,1.49218449440835,1.34184447999962,0.0834962280014746
"quadneg",1000,254,10,1,100,115.370002503023,1.73750744823486,113.632495054789,97.7201812349687,97.9343449598495,2.14163724880761,13.4112292860491,13.3992404188337,13.4164078649987,1.31604798423771,1.17157014907159,0.111016035163125
"quadneg",1000,254,25,0,40,48.2622450737639,0.777789928743429,47.4844551450204,37.8987242157197,37.9825212185712,2.09492507128673,8.76499963355251,8.76218360037892,8.76356092008266,1.18237550385883,1.08442533959666,0.122970667155676
"quadneg",1000,254,25,1,40,54.4727433221721,0.773447959157413,53.6992953630147,37.8481132654671,37.9316130134183,2.08749369877991,8.75269878557545,8.74982473416201,8.76356092008266,1.89937189248447,1.80205693584175,0.0405813489047675
"quadneg",1000,254,50,0,20,34.3884753614011,0.352538266985818,34.0359370944153,17.9160617649233,17.9575041014485,2.07211682626149,6.25819911550075,6.25731048279872,6.26099033699941,2.63213318919141,2.56954374202243,0.0112736560057568
"quadneg",1000,254,50,1,20,41.279152107499,0.335828722639998,40.943323384859,17.9101454573038,17.9510825361255,2.04685394108504,6.24859322526559,6.24768418629005,6.26099033699941,3.73988285166409,3.68012213216343,0.0013929920524382
"quadneg",1000,255,2,0,500,507.135923167567,3.40222666122065,503.733696506346,497.435164569065,498.717186977851,2.56404481757186,22.5037833353263,22.3606537138133,22.3606797749979,0.431072342545782,0.224345387782482,0.378727179982766
"quadneg",1000,255,2,1,500,542.738866289103,3.70936459370993,539.029501695393,497.359823367326,498.644870773771,2.57009481288936,22.4993024731374,22.3595949751665,22.3606797749979,2.01690887866216,1.80614322247227,0.0810233629387322
"quadneg",1000,255,5,0,200,214.289756329761,1.31843509205708,212.971321237704,197.745192986951,198.195854284729,2.25330648889193,17.9170861202491,17.8884228142871,17.8885438199983,0.923395870945347,0.825979299928776,0.203143023022043
"quadneg",1000,255,5,1,200,252.102842966538,1.34528094708741,250.75756201945,197.685798010639,198.138687196607,2.26444592984048,17.9125886624867,17.8848242190243,17.8885438199983,3.03792187613069,2.94209628109578,0.00558724073417944
"quadneg",1000,255,10,0,100,119.037816034773,0.56703703440641,118.470779000367,97.845479412522,98.0606563148823,2.15176902360292,13.4255711259204,13.4160537629136,13.4164078649987,1.57850540759014,1.52132087767156,0.0730076065139963
"quadneg",1000,255,10,1,100,140.948695286564,0.565506880136076,140.383188406428,97.807953073929,98.0241232195634,2.16170145634407,13.4218332713757,13.4126224186034,13.4164078649987,3.21422128709044,3.15814938084827,0.00294357481944983
"quadneg",1000,255,25,0,40,62.2064070341465,0.191427135399046,62.0149798987474,37.9027227793959,37.9863701720655,2.09118481673993,8.76451644723257,8.76224764623344,8.76356092008266,2.7729635058674,2.74228835988343,0.00789981733982641
"quadneg",1000,255,25,1,40,67.5774014868736,0.181697540660588,67.395703946213,37.8770319999715,37.9612069849545,2.10437462457441,8.76176862639318,8.75958388906109,8.76356092008266,3.38976875027666,3.36026200947925,0.00220222640073003
"quadneg",1000,255,50,0,20,29.3057299174419,-0.0189125685571802,29.3246424859991,17.926847458327,17.9680825802957,2.06175609843588,6.25817182024965,6.25745261109219,6.26099033699941,1.81824385554518,1.81488548320323,0.0447682644593127
"quadneg",1000,255,50,1,20,38.6749282522488,0.0505575292269976,38.6243707230218,17.92108979382,17.9623169092986,2.06135577392982,6.25624407779321,6.25555119584555,6.26099033699941,3.31729999666979,3.3029949187284,0.00315018928988835
"quadneg",1000,256,2,0,500,516.591992745533,9.17689087887967,507.415101866653,497.491073987201,498.745140628228,2.50813328205308,22.6683146002773,22.3606444480231,22.3606797749979,0.842626330856449,0.387733066396114,0.273255822340882
"quadneg",1000,256,2,1,500,509.781671685046,9.41704121585136,500.364630469194,497.306245488831,498.573302458747,2.53411393983209,22.6574571721542,22.3574145496035,22.3606797749979,0.550610163418834,0.0801223239151052,0.34771480181376
"quadneg",1000,256,5,0,200,224.652938011102,3.69856221160142,220.954375799501,197.749673526761,198.199387855397,2.24857164318074,17.9501636758626,17.8883909373256,17.8885438199983,1.49877544128009,1.27205336823354,0.093964567601159
"quadneg",1000,256,5,1,200,211.979622727626,3.71270470464066,208.266918022985,197.633443899432,198.086222548993,2.26389324780507,17.9403402844611,17.8805915595068,17.8885438199983,0.799660352073645,0.569371289540955,0.235782464526299
"quadneg",1000,256,10,0,100,113.153116755654,1.90850234273581,111.244614412918,97.8515585791174,98.0660854403484,2.1452686123099,13.4365336362503,13.4159891137797,13.4164078649987,1.13880250597185,0.982300213633473,0.140475837788234
"quadneg",1000,256,10,1,100,112.811511276381,1.96974209284922,110.841769183532,97.7916362246844,98.0064174973696,2.14781272685199,13.4286257904108,13.4087664484257,13.4164078649987,1.11849680571352,0.957235830419675,0.145486034895772
"quadneg",1000,256,25,0,40,55.1373361421922,0.705566601224436,54.4317695409678,37.9060359371179,37.9894892275165,2.08633225996458,8.76682970177116,8.76190066369928,8.76356092008266,1.96551099898668,1.87656547871765,0.0356286972140214
"quadneg",1000,256,25,1,40,49.1726835999789,0.717543757570079,48.4551398424088,37.8894256836483,37.9726088504697,2.07957917053728,8.76164018388814,8.75689383079043,8.76356092008266,1.28780201874525,1.19706041828223,0.105872775359492
"quadneg",1000,256,50,0,20,37.0452385179697,0.403682653878622,36.641555864091,17.9275041221556,17.968652014716,2.05739462801861,6.25785351035845,6.25627708374602,6.26099033699941,3.05499870908914,2.98466701513073,0.00516986578556273
"quadneg",1000,256,50,1,20,31.9023364781197,0.3771902916915,31.5251461864282,17.9124254167578,17.9536285836951,2.06015834686839,6.25397519912275,6.25246449640968,6.26099033699941,2.23696299008737,2.1705869118531,0.022579820200704
"quadneg",1000,257,2,0,500,547.406672560309,12.1839312379744,535.222741322334,497.448002125958,498.723596301626,2.55118835133472,22.7237969745028,22.360648517174,22.3606797749979,2.19851772529064,1.63229366950943,0.0620855190305986
"quadneg",1000,257,2,1,500,511.084307534183,12.2521680299878,498.832139504195,497.430609588189,498.70903873621,2.55685829604222,22.7221889616594,22.3604283848188,22.3606797749979,0.600897121709223,0.00550529559930065,0.332835760199153
"quadneg",1000,257,5,0,200,233.824662808212,4.7776314188375,229.047031389374,197.730152738074,198.183788139524,2.26817700725358,17.9613999234174,17.8883999148081,17.8885438199983,2.00955995768901,1.72532162724633,0.0413788962348692
"quadneg",1000,257,5,1,200,197.824127001119,4.76622627022136,193.057900730898,197.753743615633,198.201023641366,2.23640012866318,17.9603689429109,17.8877774222176,17.8885438199983,0.00391881623975738,-0.287521629382554,0.490158582876723
"quadneg",1000,257,10,0,100,112.806161846171,2.35930942717899,110.446852418992,97.8416715799354,98.0572091785138,2.15537598578375,13.4403269859671,13.4160212934876,13.4164078649987,1.1134022469736,0.923496092428867,0.145565517320439
"quadneg",1000,257,10,1,100,117.09764564257,2.42470129752393,114.672944345046,97.8502878445176,98.0644980365338,2.14210192016221,13.4396014607941,13.4154387429818,13.4164078649987,1.43213754174192,1.23800992473698,0.0915445277836221
"quadneg",1000,257,25,0,40,50.6886145316868,0.790860401033365,49.8977541306534,37.9078924917384,37.9913028050625,2.0852578331012,8.76790474298503,8.76206730079205,8.76356092008266,1.4576711785303,1.35886325873286,0.0816856793652483
"quadneg",1000,257,25,1,40,52.7000563728572,0.814137572841871,51.8859188000153,37.9163397007947,37.9993356688288,2.07489920085339,8.76745488520381,8.76165835036903,8.76356092008266,1.68620390588059,1.584926343379,0.0568269974481384
"quadneg",1000,257,50,0,20,31.1984021032091,0.332792020493636,30.8656100827155,17.9367696519892,17.9777608086611,2.04955783359343,6.25862785304683,6.25672347005909,6.26099033699941,2.11893609311886,2.05984000023781,0.0273023411025009
"quadneg",1000,257,50,1,20,35.0452119852963,0.34257108311165,34.7026409021847,17.9438925685851,17.9847212226952,2.04143270550431,6.25830286153413,6.25641329788917,6.26099033699941,2.73258098802189,2.67212520712624,0.00932932183551445
"quadneg",1000,258,2,0,500,463.787073230387,1.77422198179861,462.012851248588,497.409645227342,498.704459993886,2.58962953308934,22.5335747875364,22.3606528364567,22.3606797749979,-1.49210998760622,-1.64090060400546,0.861856679891475
"quadneg",1000,258,2,1,500,487.43705682024,0.882456166956565,486.554600653284,497.238879358778,498.499999921109,2.52224112466193,22.5288485708671,22.3568364598499,22.3606797749979,-0.435078717303511,-0.534306331277143,0.623972953354437
"quadneg",1000,258,5,0,200,178.036537171894,0.851596704628585,177.184940467266,197.688248319964,198.150267326777,2.31009503406653,17.9230052521439,17.8884009410145,17.8885438199983,-1.09645178761073,-1.17200676173588,0.842612172482223
"quadneg",1000,258,5,1,200,195.213398231781,0.52740125082226,194.685996980959,197.58569305444,198.038976721834,2.26641833696776,17.9124557503745,17.8773743445685,17.8885438199983,-0.132438279581476,-0.187554373268101,0.542663260780717
"quadneg",1000,258,10,0,100,99.5132360690443,0.368651961611039,99.1445841074333,97.7904405708879,98.0111160712794,2.20675500391517,13.4275307127168,13.4160403993144,13.4164078649987,0.128303225292555,0.0844860333166382,0.438364034303828
"quadneg",1000,258,10,1,100,107.948281119161,0.319902489645657,107.628378629515,97.7253167248625,97.9444340035141,2.19117278651649,13.4177221458867,13.4059734295981,13.4164078649987,0.76190014095888,0.722360422154822,0.23113027037743
"quadneg",1000,258,25,0,40,39.7618730122487,0.275599043490323,39.4862739687583,37.8545606387348,37.9400966646768,2.13840064854964,8.76472689075629,8.76202840592599,8.76356092008266,0.217612299537295,0.176463397794489,0.391529116268603
"quadneg",1000,258,25,1,40,52.6086512873332,0.296817327247511,52.3118339600857,37.8364726780007,37.9213369278082,2.12160624518742,8.75737947667171,8.75459093416763,8.76356092008266,1.68682636725784,1.64376578420289,0.0577978018527085
"quadneg",1000,258,50,0,20,16.9817704680782,0.177890464817801,16.8038800032604,17.8811495357018,17.9232539187863,2.10521915422234,6.25756728617415,6.25674041920491,6.26099033699941,-0.143726631531514,-0.178906881303556,0.524358731890108
"quadneg",1000,258,50,1,20,28.619033150821,0.245237152799185,28.3737959980219,17.8823623514583,17.9240844627794,2.08610556605501,6.25208047586118,6.25121235511848,6.26099033699941,1.71729568114427,1.6716295882488,0.0532384552794214
"quadneg",1000,259,2,0,500,526.189703358309,15.720073800973,510.469629557336,497.459822005728,498.729468627274,2.53929324309105,22.882138198675,22.3606356686345,22.3606797749979,1.25555929708718,0.525036993761749,0.184610148970849
"quadneg",1000,259,2,1,500,489.585757147976,15.7945364355243,473.791220712452,497.394886688615,498.644128245272,2.4984831133145,22.8714669489279,22.3582272142675,22.3606797749979,-0.341435446973137,-1.11157773354055,0.597536593412477
"quadneg",1000,259,5,0,200,225.792424437797,6.23419273728382,219.558231700514,197.753149446275,198.202088780488,2.24469667106489,17.9934614708189,17.8883488903543,17.8885438199983,1.55830355582198,1.19385769200541,0.0854545792370351
"quadneg",1000,259,5,1,200,184.201056782022,5.83976995408481,178.361286827937,197.697056828394,198.14434989156,2.23646531583163,17.9860581990519,17.88329518597,17.8885438199983,-0.750358966762562,-1.10623142200009,0.750642154232539
"quadneg",1000,259,10,0,100,119.560862319397,3.30114473887771,116.259717580519,97.824151113424,98.0413577525904,2.17206639166345,13.4508857878805,13.4158966574695,13.4164078649987,1.61600593066948,1.3579681100022,0.0685685003689413
"quadneg",1000,259,10,1,100,110.957375692772,3.0296686269517,107.92770706582,97.8119883712744,98.026687750861,2.14699379586591,13.4452998938484,13.4111726635736,13.4164078649987,0.977693872600903,0.738266485961459,0.174956388169553
"quadneg",1000,259,25,0,40,56.1934561058064,1.2834919036051,54.9099642022013,37.9217757193118,38.0045604225035,2.06961757979184,8.77004937746671,8.76166959410395,8.76356092008266,2.08341818843584,1.92947287022488,0.0288481809549306
"quadneg",1000,259,25,1,40,55.7804524604855,1.30533650695925,54.4751159535262,37.9068643636338,37.9896610428064,2.06991697931526,8.76672587113441,8.75853516989046,8.76356092008266,2.03879856169597,1.88221598600101,0.0313501046829664
"quadneg",1000,259,50,0,20,38.0326681210149,0.81927475435023,37.2133933666646,17.9349323165807,17.9759168808273,2.04922821232976,6.25874454635954,6.25602455068297,6.26099033699941,3.21114492779934,3.07503212782904,0.00383498197718713
"quadneg",1000,259,50,1,20,38.7356866649597,0.834434111778978,37.9012525531807,17.9280816712084,17.9690407775435,2.04795531675382,6.25616332279758,6.25350845499801,6.26099033699941,3.32593698727908,3.18736464803317,0.00309181323066597
"quadneg",1000,260,2,0,500,530.671521907,0.312074446567687,530.359447460432,497.433749431564,498.716484880135,2.56547089714353,22.5575585817766,22.3606468543662,22.3606797749979,1.47346497427642,1.41511839019623,0.15046537309207
"quadneg",1000,260,2,1,500,486.636787900378,-0.384058946703211,487.020846847082,497.364550441181,498.631626341408,2.53415180045457,22.5561248402998,22.3589141338957,22.3606797749979,-0.475603084162578,-0.519290848598283,0.633698919481024
"quadneg",1000,260,5,0,200,208.294934426402,0.12733051431923,208.167603912083,197.69985756107,198.159545117936,2.29843778432916,17.9278613947198,17.8884000370006,17.8885438199983,0.590983867626976,0.559471991538987,0.293908296836949
"quadneg",1000,260,5,1,200,254.588404494786,-0.467664505464282,255.05606900025,197.691317538929,198.139543056583,2.241127588269,17.9233654256113,17.883461507062,17.8885438199983,3.17446448280049,3.18263474446444,0.00410486938084382
"quadneg",1000,260,10,0,100,116.37595174625,0.129901817942865,116.246049928307,97.8162386857524,98.0343083333994,2.18069647647035,13.4290999155549,13.4160043151208,13.4164078649987,1.38205190051495,1.35746390409117,0.0993233752927758
"quadneg",1000,260,10,1,100,117.011223334209,0.0113286369474594,116.999894697262,97.8110562411384,98.0258885379593,2.14832296820866,13.4246223925431,13.4113213676179,13.4164078649987,1.43022027224661,1.41477529612525,0.0924498813801126
"quadneg",1000,260,25,0,40,47.4203186384549,-0.00418156008556391,47.4245001985405,37.9088140197874,37.9921964499996,2.08456075530522,8.76523585446106,8.76212095069801,8.76356092008266,1.08513961022813,1.07648636689835,0.1406435295056
"quadneg",1000,260,25,1,40,53.8746303330333,-0.0516252867390523,53.9262556197723,37.8878241130067,37.971396550637,2.08931094075777,8.7618229298857,8.7586525067331,8.76356092008266,1.82459818555534,1.82161115044469,0.0455420051934635
"quadneg",1000,260,50,0,20,34.6178432529409,0.0958360468719572,34.522007206069,17.9295431030389,17.9706836318281,2.0570264394607,6.2577745334082,6.2568030664696,6.26099033699941,2.66681071055033,2.64533235238615,0.0105551850054866
"quadneg",1000,260,50,1,20,35.0049923868696,0.095214811842015,34.9097775750276,17.9319473257935,17.9728705292707,2.04616017385517,6.25518278477924,6.25418755930574,6.26099033699941,2.72942384715279,2.70809068086808,0.00943873767537825
"quadneg",1000,261,2,0,500,516.031724320833,5.89520863219548,510.136515688637,497.44354665076,498.721388884153,2.55568446678635,22.7204096463739,22.3606501402835,22.3606797749979,0.818126871803105,0.51050066670108,0.279049873619175
"quadneg",1000,261,2,1,500,504.36192986007,6.78827592436477,497.573653935705,497.256022211778,498.51995325736,2.52786209116387,22.7053937546765,22.3563551234811,22.3606797749979,0.312961216399463,-0.0423279786185022,0.412220318490071
"quadneg",1000,261,5,0,200,243.319119432529,2.44821402619454,240.870905406334,197.755163762582,198.203739365831,2.24287801624611,17.960668754697,17.8883733811123,17.8885438199983,2.53687411600591,2.38518981751319,0.015519124371551
"quadneg",1000,261,5,1,200,189.25035104547,2.24320905910943,187.00714198636,197.610052898757,198.059862354135,2.24904727689098,17.9469899259652,17.8776049010994,17.8885438199983,-0.465799662660562,-0.618243910687112,0.660087131925485
"quadneg",1000,261,10,0,100,121.510603640674,1.31257643871036,120.198027201963,97.8466947156783,98.0616939823793,2.14999266701049,13.4400230142478,13.4159698334733,13.4164078649987,1.76070449432337,1.64999873243254,0.0539251534509153
"quadneg",1000,261,10,1,100,114.185303098926,1.15821731877589,113.027085780151,97.7842556077215,97.9976169864366,2.13361378715109,13.4290352956054,13.4060175079475,13.4164078649987,1.22131241226033,1.12109869950595,0.126110183242411
"quadneg",1000,261,25,0,40,65.0913675145579,0.474503233225581,64.6168642813323,37.9153720434205,37.9984511812623,2.0769784460443,8.76768646478818,8.76189855271126,8.76356092008266,3.09956287559765,3.03797321321796,0.00403004113192885
"quadneg",1000,261,25,1,40,52.018407065375,0.573568174707923,51.444838890667,37.8784937044169,37.9617410426626,2.08118345614166,8.76041708738218,8.75489546018558,8.76356092008266,1.61406851065619,1.5400638316381,0.0644130540465624
"quadneg",1000,261,50,0,20,25.8969741335885,0.201417791108702,25.6955563424798,17.9318771976223,17.9729473347578,2.05350685677401,6.25833037312343,6.25643606189466,6.26099033699941,1.27271915368555,1.23434634851577,0.102137024491412
"quadneg",1000,261,50,1,20,28.5012394132404,0.235702722620556,28.2655366906199,17.929241810393,17.9700543175416,2.04062535742999,6.25344805558709,6.2516316113661,6.26099033699941,1.69058693841743,1.64684725734,0.0548257910529773
"quadneg",1000,262,2,0,500,468.664553572606,6.92257267075107,461.741980901855,497.448805910846,498.723969168338,2.55032651498232,23.1213393259786,22.3606451260532,22.3606797749979,-1.24492149578458,-1.65388735691678,0.823089491529966
"quadneg",1000,262,2,1,500,482.463045350303,6.70509269221702,475.757952658086,497.421327099431,498.696851197319,2.55104819577658,23.1163385555702,22.3599817521816,22.3606797749979,-0.647086981927066,-1.02589075400276,0.683084148614568
"quadneg",1000,262,5,0,200,216.153348326169,2.85750805817459,213.295840267995,197.705572513725,198.164068774716,2.2924813049535,18.0423531553511,17.8883733045566,17.8885438199983,1.02247060866188,0.845899805178182,0.179041566925242
"quadneg",1000,262,5,1,200,189.584423166366,2.99654439566462,186.587878770701,197.714838192014,198.167941291608,2.26551549797068,18.0395854548892,17.886965942458,17.8885438199983,-0.450698551027092,-0.647402279299885,0.653731206903603
"quadneg",1000,262,10,0,100,107.356342771292,1.2733993468097,106.082943424482,97.8210792642459,98.0386355459781,2.17556281732137,13.4673271126259,13.4159605048265,13.4164078649987,0.708029397912676,0.599607301736595,0.243393617604002
"quadneg",1000,262,10,1,100,104.257858891712,1.33722988865227,102.92062900306,97.8000344567891,98.018702670166,2.18668213376872,13.4655897240918,13.4146984286591,13.4164078649987,0.479579770900701,0.365414575583839,0.31376394690555
"quadneg",1000,262,25,0,40,42.3788679751042,0.562186922058066,41.8166810530461,37.8912859641476,37.9753136038578,2.10069099275524,8.77425790189253,8.76180764083249,8.76356092008266,0.511448610370647,0.438421796808968,0.287719447671558
"quadneg",1000,262,25,1,40,44.2221989485952,0.551758690566248,43.6704402580289,37.888756633332,37.9726979988031,2.09853413677841,8.773107887516,8.76079932949293,8.76356092008266,0.721915471286474,0.650367853997586,0.2255144307777
"quadneg",1000,262,50,0,20,18.5578801330978,0.283282019760588,18.2745981133372,17.9165164912018,17.9578988265691,2.06911676836713,6.26071253273067,6.25650032702611,6.26099033699941,0.102442595558089,0.0506192392254838,0.4195096120467
"quadneg",1000,262,50,1,20,22.2395723382201,0.240475367983854,21.9990969702362,17.9116210942303,17.9530494798409,2.07141928052781,6.25985373681584,6.25569600308607,6.26099033699941,0.691382167371732,0.646778150408741,0.221522381036952
"quadneg",1000,263,2,0,500,525.692216680758,10.8195120188914,514.872704661866,497.49332300733,498.746258371166,2.50587072767034,22.8014670006787,22.3606524850084,22.3606797749979,1.23671400934808,0.721197483012304,0.188689691256612
"quadneg",1000,263,2,1,500,528.82325135885,10.3419111421518,518.481340216698,497.392086901035,498.647542286936,2.51091077180097,22.793265660558,22.3585527782545,22.3606797749979,1.3789671443265,0.887078789332583,0.163978079442675
"quadneg",1000,263,5,0,200,216.55101109242,4.29774108995928,212.25327000246,197.792798079223,198.233863780687,2.20532850732041,17.9771229759602,17.8883841608162,17.8885438199983,1.04344911242367,0.783715627735815,0.174158380669018
"quadneg",1000,263,5,1,200,235.332671404813,4.21040270216685,231.122268702647,197.691794455811,198.141260217201,2.24732880695144,17.9708858211097,17.8837805362005,17.8885438199983,2.09454766580218,1.8441854852046,0.0357238686733171
"quadneg",1000,263,10,0,100,141.703513780171,2.17405379567649,139.529459984494,97.8676014230372,98.0805139964361,2.12912573398893,13.4455373682841,13.4159795221292,13.4164078649987,3.26025737435644,3.08952066598561,0.00258398678960382
"quadneg",1000,263,10,1,100,154.285748910468,2.01601574604553,152.269733164422,97.823514331056,98.0375161825618,2.14001851505827,13.4407726271051,13.4117829415883,13.4164078649987,4.20081762751853,4.04362471552478,0.000248662725481032
"quadneg",1000,263,25,0,40,55.1806492501994,0.934021979913193,54.2466272702862,37.9263546194948,38.0090113416583,2.06641805408802,8.76912225537295,8.76198898762869,8.76356092008266,1.96761934983089,1.85318835158937,0.0353251823014033
"quadneg",1000,263,25,1,40,70.9863954655296,0.846646205626658,70.1397492599029,37.9110323825522,37.9937525209895,2.06800346093235,8.76603307793048,8.75904372464806,8.76356092008266,3.77312779782322,3.67003496608359,0.000929442221378874
"quadneg",1000,263,50,0,20,32.5276937297117,0.502197054415585,32.0254966752961,17.9427229315416,17.9835904795926,2.04337740255125,6.25903371765356,6.25665855061361,6.26099033699941,2.33022722932988,2.24431397080578,0.0190251747843967
"quadneg",1000,263,50,1,20,41.3384424053603,0.418414209166376,40.9200281961939,17.9391907380669,17.9799914951034,2.04003785182368,6.25685307029446,6.25452914238327,6.26099033699941,3.73977963113527,3.66774799171362,0.00136690362689058
"quadneg",1000,264,2,0,500,504.286823900252,1.09219606212367,503.194627838129,497.476177293665,498.737660999931,2.52296741253319,22.5971547290646,22.3606539351977,22.3606797749979,0.30139398912146,0.199321846807962,0.413139035152215
"quadneg",1000,264,2,1,500,534.030663278434,1.66711989106368,532.363543387371,496.888548971228,498.157904612281,2.53871128210777,22.5644803512717,22.349961667656,22.3606797749979,1.6460434155362,1.53045626134519,0.12792600533083
"quadneg",1000,264,5,0,200,214.13121087794,0.575858505794734,213.555352372145,197.741959012266,198.193205729277,2.25623358505619,17.9358205191285,17.8883943318568,17.8885438199983,0.913772071269073,0.858777280837919,0.205285868398772
"quadneg",1000,264,5,1,200,237.512898279348,1.31303370810854,236.199864571239,197.376954755527,197.826166212672,2.24605728572684,17.9024256676003,17.8598888590222,17.8885438199983,2.24192767332413,2.14859670524669,0.0287151296581684
"quadneg",1000,264,10,0,100,116.994679535654,0.271895667304381,116.722783868349,97.8341125496301,98.0504053670517,2.16292817421594,13.4317886881343,13.416023998149,13.4164078649987,1.42650896547757,1.39179674275136,0.0926239962302633
"quadneg",1000,264,10,1,100,120.420640062462,0.265476582935609,120.155163479526,97.6314019296256,97.8470748087368,2.1567287911121,13.4039408016727,13.3898375754362,13.4164078649987,1.70018940474523,1.66604624926249,0.0617525064349458
"quadneg",1000,264,25,0,40,52.1915867995623,0.0553980560951777,52.1361887434671,37.9141966127291,37.9973744667204,2.07944634978272,8.76596387321533,8.76218394794375,8.76356092008266,1.62873021077102,1.61361760501098,0.0624087301023541
"quadneg",1000,264,25,1,40,45.222019643298,0.0688175930442957,45.1532020502537,37.825126813159,37.9082641114806,2.07843245804074,8.74630487680195,8.74292909827943,8.76356092008266,0.845716326417804,0.828662552027205,0.195856647437614
"quadneg",1000,264,50,0,20,31.8917484908628,0.091265183104641,31.8004833077582,17.9304500320397,17.9715954777675,2.0572722863884,6.25839934962685,6.25717088188168,6.26099033699941,2.23080977720853,2.21008632991529,0.0226449337846596
"quadneg",1000,264,50,1,20,30.2329549512618,0.0608349117807436,30.1721200394811,17.8904811257758,17.931511159458,2.05150168411089,6.24410837716979,6.24302278034067,6.26099033699941,1.97665912888597,1.96068624297974,0.035242297853193
"quadneg",1000,265,2,0,500,524.070585474404,6.93311098887716,517.137474485527,497.501030829873,498.750198563055,2.49833546636383,22.4985808522687,22.3606624436932,22.3606797749979,1.18094358124155,0.8223046150253,0.202387619311998
"quadneg",1000,265,2,1,500,483.061499689313,7.00020064129971,476.061299048014,497.464743043856,498.731511716482,2.53353734525295,22.4987185619872,22.3606448638236,22.3606797749979,-0.640180609169342,-1.01384431471143,0.676158220649207
"quadneg",1000,265,5,0,200,215.79327599473,2.69438688690637,213.098889107824,197.761077500839,198.208573692497,2.23748095828889,17.9160320955504,17.8884265879469,17.8885438199983,1.00648393560143,0.832399391982297,0.183541972366507
"quadneg",1000,265,5,1,200,214.116803950045,2.64069147470723,211.476112475338,197.752607305605,198.201647537544,2.24520115969588,17.9160259032003,17.8883704122336,17.8885438199983,0.913383176205215,0.74207234263862,0.20548130300638
"quadneg",1000,265,10,0,100,99.8012797423942,1.26047846738276,98.5408012750115,97.8508298573841,98.0654956058492,2.14665748465044,13.4252489478642,13.4160843352738,13.4164078649987,0.145282213580137,0.0354280472069356,0.430361948263696
"quadneg",1000,265,10,1,100,104.873799469624,1.24348189722385,103.6303175724,97.8501523309261,98.0648427950843,2.14690464158189,13.4252157372249,13.4160307132529,13.4164078649987,0.523168288403984,0.414837659235406,0.298984096905703
"quadneg",1000,265,25,0,40,49.5442983297265,0.575840816618799,48.9684575131077,37.8891379513764,37.9733444850503,2.10516334184743,8.76451381683554,8.76233244586437,8.76356092008266,1.32981253973974,1.25481578061408,0.0994656551871898
"quadneg",1000,265,25,1,40,49.480296768999,0.519032064287208,48.9612647047118,37.8894342928203,37.9736223804848,2.1047021916102,8.76448346985278,8.76229738795573,8.76356092008266,1.32248095578567,1.25396820465488,0.100546235597661
"quadneg",1000,265,50,0,20,34.8430752935434,0.261191648061163,34.5818836454822,17.9203131916649,17.961688978855,2.06878935950774,6.25828582398532,6.25760343265137,6.26099033699941,2.70405708173648,2.65599999193064,0.00989150130986172
"quadneg",1000,265,50,1,20,33.7902815484548,0.254301953330067,33.5359795951248,17.9192537532695,17.9606488542133,2.06975504719032,6.25825927489948,6.2575744634198,6.26099033699941,2.53601314647359,2.48903642009551,0.0133677719824708
"quadneg",1000,266,2,0,500,537.324441245265,10.7163685990212,526.608072646243,497.454239693252,498.726675591376,2.54487179624686,22.8828343958532,22.3606411497097,22.3606797749979,1.74236289361241,1.24689613630465,0.108291031749777
"quadneg",1000,266,2,1,500,508.746646363475,10.657577756182,498.089068607293,497.464773798071,498.731751119886,2.53395464362952,22.8825634471142,22.3606311372679,22.3606797749979,0.493033597021519,-0.0287416982395347,0.359726505640377
"quadneg",1000,266,5,0,200,193.336315370622,4.24015423899002,189.096161131632,197.728270089768,198.182208034324,2.26968972277985,17.9936323953754,17.8883638249297,17.8885438199983,-0.244083830470773,-0.507930573842066,0.580295369955952
"quadneg",1000,266,5,1,200,204.492638010152,4.21835437654862,200.274283633604,197.706696164615,198.164888923314,2.29096379349799,17.993511851964,17.8883405298608,17.8885438199983,0.377132707687471,0.117920089164692,0.360850392615881
"quadneg",1000,266,10,0,100,98.401591759713,2.127403075072,96.274188684641,97.818327432377,98.0361779486346,2.17850516257676,13.4510609368061,13.4159867355482,13.4164078649987,0.043361957103328,-0.131335048157501,0.46960133130202
"quadneg",1000,266,10,1,100,102.288520852741,2.10750719894633,100.181013653794,97.8031895131155,98.0225372246607,2.1934771154524,13.4510077678667,13.4159656583735,13.4164078649987,0.333456899068942,0.160888637023777,0.363380775937465
"quadneg",1000,266,25,0,40,38.8390475401272,0.894617048845136,37.944430491282,37.8786839862127,37.9632278008781,2.11359536663554,8.77031939270649,8.76187168695277,8.76356092008266,0.109501548451375,-0.00214535321534841,0.431729218226107
"quadneg",1000,266,25,1,40,38.5881488038506,0.933956520051842,37.6541922837987,37.8722393996649,37.957037593984,2.11995485797752,8.77028871451044,8.76185336507007,8.76356092008266,0.0816289437542943,-0.034564069674182,0.442912464982289
"quadneg",1000,266,50,0,20,22.8498682922845,0.399018531722274,22.4508497605622,17.9127310421621,17.954191311627,2.0730134732429,6.25931737624461,6.25653275773151,6.26099033699941,0.788766083161046,0.718714122191474,0.196425435762926
"quadneg",1000,266,50,1,20,22.3273504163884,0.390191556597733,21.9371588597907,17.9108624579331,17.9523593637427,2.07484529047764,6.25930315355919,6.25652134414741,6.26099033699941,0.705587802684394,0.636903364802803,0.217775540836942
"quadneg",1000,267,2,0,500,548.837686104568,4.27083432364582,544.566851780922,497.473272561851,498.736159979654,2.52577483560759,22.6469046986182,22.3606433157914,22.3606797749979,2.26805447482857,2.04961418837629,0.0570487595382111
"quadneg",1000,267,2,1,500,508.822277915888,3.43811035829957,505.384167557588,497.073130107513,498.318996134278,2.49173205352871,22.6191329290409,22.3513592542396,22.3606797749979,0.519434049272938,0.316095828577875,0.358843350378242
"quadneg",1000,267,5,0,200,209.287059504857,1.63830367170861,207.648755833149,197.752613450942,198.201731294881,2.24558921969422,17.9458518795679,17.888391142269,17.8885438199983,0.642736055737079,0.528109233699907,0.277556352242984
"quadneg",1000,267,5,1,200,218.705497459804,1.41898546092049,217.286511998884,197.505727354289,197.951791526322,2.23032086016803,17.9208794881668,17.8679741155609,17.8885438199983,1.18296482711764,1.0820880054736,0.149283468887763
"quadneg",1000,267,10,0,100,129.991229568562,0.687228586975409,129.304000981587,97.8475418878022,98.0624468423827,2.14904954580433,13.4350618877454,13.4159630894904,13.4164078649987,2.39252248700687,2.32868515892665,0.0169347684499419
"quadneg",1000,267,10,1,100,97.9728353265093,0.604525560309435,97.3683097661999,97.7081097290795,97.9226922810379,2.14582551958417,13.4154898909004,13.3979146507912,13.4164078649987,0.0197328311960803,-0.0413782688789759,0.481773565600859
"quadneg",1000,267,25,0,40,54.1418025171334,0.253354084077162,53.8884484330563,37.9182012502699,38.001177573012,2.07440806855133,8.76651466601511,8.76195296891711,8.76356092008266,1.85063299212366,1.81321115468254,0.0432645487338761
"quadneg",1000,267,25,1,40,57.9348575406082,0.340162651386193,57.594694889222,37.8333952016173,37.9172947387385,2.09748842803025,8.75288153598667,8.7487117558627,8.76356092008266,2.29655368421765,2.24917687307474,0.0201431947202746
"quadneg",1000,267,50,0,20,31.9393220497827,0.225458263655541,31.7138637861272,17.9293615225574,17.9704931415197,2.05658094811887,6.25805557688757,6.25660279077941,6.26099033699941,2.23870823055125,2.19661869295291,0.0223537118954064
"quadneg",1000,267,50,1,20,24.389193833965,0.136675092853426,24.2525187411116,17.9056605878926,17.9466215265467,2.04804693270596,6.24791915425845,6.24661347516278,6.26099033699941,1.03771080995075,1.00949054069661,0.142686116424955
"quadneg",1000,268,2,0,500,494.414082758706,1.97702971229093,492.437053046415,497.49557563141,498.747465500787,2.50377973875433,22.4811187475606,22.3606601651327,22.3606797749979,-0.137070263597922,-0.282210471773649,0.536952539974118
"quadneg",1000,268,2,1,500,511.63460763163,1.88719544556025,509.747412186069,497.348050531214,498.639936894335,2.58377272624116,22.4769254345473,22.359639634535,22.3606797749979,0.635609934375495,0.496764503958236,0.326634143917924
"quadneg",1000,268,5,0,200,184.963223606889,0.794633789445647,184.168589817444,197.752044926732,198.20135242068,2.24653746973925,17.9125311784825,17.8884280935903,17.8885438199983,-0.713959472975263,-0.78446035223542,0.737736568266986
"quadneg",1000,268,5,1,200,207.756348333948,0.82757659676592,206.928771737182,197.684193666556,198.137562055704,2.26684194574113,17.9081947282178,17.8848903769786,17.8885438199983,0.5624327197828,0.491543951132817,0.302990030450824
"quadneg",1000,268,10,0,100,111.258360576761,0.440324093285564,110.818036483475,97.856566102094,98.0706674752839,2.14101373189904,13.4240891987798,13.4160949877059,13.4164078649987,0.998339200240477,0.950154945971424,0.169908015516375
"quadneg",1000,268,10,1,100,106.014104169154,0.426947389726735,105.587156779427,97.8247483459878,98.0393971356827,2.14648789694887,13.4205750181178,13.4128284533902,13.4164078649987,0.610209012066196,0.562726919976118,0.272635039906818
"quadneg",1000,268,25,0,40,46.2519369497025,0.146302719277721,46.1056342304248,37.9121219396022,37.9954099713356,2.08220079333351,8.7642281311513,8.76233621741067,8.76356092008266,0.95157438684846,0.925577843380893,0.168308054602383
"quadneg",1000,268,25,1,40,41.0006382952219,0.163825074695499,40.8368132205264,37.907666293375,37.9906826219027,2.07540821319176,8.76177373940476,8.75994047059135,8.76356092008266,0.353007518093821,0.324902961176355,0.340312399976399
"quadneg",1000,268,50,0,20,23.3680015732771,0.0755374484215073,23.2924641248556,17.9376395775184,17.9786715647949,2.05159936382352,6.25823152626423,6.25764812137385,6.26099033699941,0.867715100179475,0.849167683607961,0.17684189998625
"quadneg",1000,268,50,1,20,25.1280588016661,0.133913278070376,24.9941455235957,17.9384194098913,17.9793207566121,2.04506733604354,6.25643673391354,6.25587209550788,6.26099033699941,1.14915880996651,1.12131844447726,0.121429235293145
"quadneg",1000,269,2,0,500,512.057360235879,9.73787393244632,502.319486303432,497.461207716353,498.730236648523,2.53805786433868,22.8364755640033,22.3606486723474,22.3606797749979,0.639159597049775,0.160516347602583,0.321905122771634
"quadneg",1000,269,2,1,500,514.582428614361,9.76462186722985,504.817806747131,497.324379193152,498.591429354957,2.53410032361004,22.8268533849456,22.3576795428537,22.3606797749979,0.756041541520166,0.27848942821816,0.294329171267133
"quadneg",1000,269,5,0,200,197.433395611028,3.93237142223596,193.501024188792,197.750965661303,198.200403051176,2.24718694936514,17.9842049534127,17.8883799316132,17.8885438199983,-0.017658275753482,-0.262705671522469,0.497998431877592
"quadneg",1000,269,5,1,200,187.062766470264,3.84575697303442,183.21700949723,197.702893068052,198.142733096444,2.19920014196061,17.975063030654,17.8809156138756,17.8885438199983,-0.591938207929632,-0.834729267869911,0.700698218157281
"quadneg",1000,269,10,0,100,111.230444058891,1.90389430488606,109.326549754005,97.8449141363058,98.0600984232632,2.15184286957424,13.4478972932962,13.4159770528203,13.4164078649987,0.995362295729144,0.839778667359384,0.170371910488126
"quadneg",1000,269,10,1,100,98.2912876307823,1.78261352879194,96.5086741019903,97.8229884704385,98.0349869404089,2.11998469970364,13.4405081292975,13.4091782846233,13.4164078649987,0.0348423702317459,-0.113825978447076,0.472727187021095
"quadneg",1000,269,25,0,40,44.6639026027365,0.771243119827233,43.8926594829092,37.9142463676131,37.9973608448443,2.07786193078136,8.76952034425496,8.76183738623373,8.76356092008266,0.76967222495187,0.67283817060191,0.21205572140194
"quadneg",1000,269,25,1,40,42.5103848758169,0.804657167187536,41.7057277086294,37.9004483849962,37.983255841973,2.07018642442038,8.7647864520107,8.75723558200294,8.76356092008266,0.52596107344557,0.42507385256444,0.282964511819179
"quadneg",1000,269,50,0,20,25.1031649640084,0.249187299885391,24.853977664123,17.9218241650525,17.9630868591752,2.06313470613567,6.25882671907984,6.25629367539376,6.26099033699941,1.14739409178141,1.10143339850715,0.122100765999587
"quadneg",1000,269,50,1,20,24.9946766834871,0.442799506867738,24.5518771766194,17.9278290377016,17.9687564551897,2.04637087440451,6.25545418058784,6.25296340887492,6.26099033699941,1.12970976075816,1.05280013506654,0.125062899916118
"quadneg",1000,270,2,0,500,468.427948882088,8.4733159410767,459.954632941011,497.455143925879,498.727095213613,2.5439025754676,22.8324443281801,22.360631287416,22.3606797749979,-1.27131351451345,-1.7339609859057,0.825108756646593
"quadneg",1000,270,2,1,500,523.34208522118,10.8814673274612,512.460617893719,497.130984033675,498.375403585947,2.48883910454458,22.8240067016293,22.3521736339406,22.3606797749979,1.14840052100205,0.630149646224303,0.208739571952503
"quadneg",1000,270,5,0,200,169.616033839439,3.304233782402,166.311800057037,197.751445798626,198.200753472,2.2465383668697,17.9833705108997,17.8883604329408,17.8885438199983,-1.56452384396654,-1.78266496443357,0.928800346307236
"quadneg",1000,270,5,1,200,180.36415723984,3.75242429404369,176.611732945796,197.556165718667,197.997474956733,2.20654619032931,17.9659639169709,17.8699482411683,17.8885438199983,-0.956921017891383,-1.19674336614302,0.810635278813201
"quadneg",1000,270,10,0,100,86.4680790328053,1.5853358109464,84.8827432218589,97.8335143132198,98.0497912239266,2.16276910706873,13.4474987936903,13.41590472784,13.4164078649987,-0.845170946269003,-0.981450619185169,0.791118711812933
"quadneg",1000,270,10,1,100,100.589133849956,1.69453712968056,98.8945967202759,97.7399209126103,97.9526472144315,2.12726301821182,13.4316017999184,13.399549707103,13.4164078649987,0.212127561536513,0.070297101502231,0.408706900732907
"quadneg",1000,270,25,0,40,45.549812651155,0.614855842978391,44.9349568081766,37.8900362572824,37.974100804627,2.10161368361413,8.76925921593636,8.7617249383453,8.76356092008266,0.873480439482561,0.794461827155262,0.186760740870094
"quadneg",1000,270,25,1,40,37.9642172246329,0.72507659654093,37.239140628092,37.8606597654938,37.9437545204577,2.07736887409667,8.75790134184576,8.75022812768541,8.76356092008266,0.0118244605753069,-0.0805252025528738,0.471115339708766
"quadneg",1000,270,50,0,20,16.2395699072683,0.408970863066985,15.8305990442013,17.9114087798629,17.9528722733991,2.07317467680766,6.2585341084284,6.25615051193333,6.26099033699941,-0.267129465723165,-0.339229886677068,0.575831934919249
"quadneg",1000,270,50,1,20,22.6919558978872,0.357794888685806,22.3341610092014,17.909045863125,17.9500279901579,2.0491063516434,6.25039956635556,6.24796433007469,6.26099033699941,0.76521668478724,0.701689828467879,0.202706473820081
"quadneg",1000,271,2,0,500,537.858891052095,8.82610565494596,529.032785397149,497.449390295686,498.724319780132,2.54985896889349,22.6456952453186,22.3606558717497,22.3606797749979,1.78442305783318,1.35543723721041,0.105328424778164
"quadneg",1000,271,2,1,500,527.100043499528,8.67520764574058,518.424835853788,497.418384165823,498.691182498084,2.54559666452126,22.6460245716091,22.3600619208525,22.3606797749979,1.31067858024479,0.882540192668294,0.177294795659122
"quadneg",1000,271,5,0,200,213.727160373808,3.61401295135194,210.113147422456,197.740372392481,198.191987033511,2.2580732051485,17.9456182881262,17.8884079759424,17.8885438199983,0.890846318285099,0.666418185731104,0.210812083461559
"quadneg",1000,271,5,1,200,215.592173788644,3.82457804008288,211.767595748561,197.703500555494,198.157795944681,2.27147694593575,17.944279999163,17.886620366019,17.8885438199983,0.996901142535917,0.760892752536744,0.186088083707049
"quadneg",1000,271,10,0,100,98.8246662762351,1.84814278137665,96.9765234948584,97.8218931366869,98.0394368876926,2.17543751005637,13.435081360608,13.4160564720096,13.4164078649987,0.0746384121266516,-0.0792269617418296,0.457652608930837
"quadneg",1000,271,10,1,100,107.312418850247,1.96482812205769,105.34759072819,97.8155058461249,98.0323781316669,2.16872285541962,13.4336212177226,13.4144141861663,13.4164078649987,0.706951078209162,0.545324789812046,0.244319216610174
"quadneg",1000,271,25,0,40,46.2330877945545,0.619902481462832,45.6131853130917,37.8800086880098,37.9645431143483,2.1133606584613,8.76668791627272,8.76212197260006,8.76356092008266,0.952820402222794,0.872921219615681,0.168785245977381
"quadneg",1000,271,25,1,40,51.7149821172497,0.744209729870344,50.9707723873793,37.8789049371308,37.9632535566232,2.10871548731135,8.76550524552433,8.7608935294936,8.76356092008266,1.57846887230872,1.48472513528058,0.0680560009427978
"quadneg",1000,271,50,0,20,35.2169677631374,0.377313246637105,34.8396545165002,17.8965512220532,17.9383743427909,2.09115603688256,6.25865345820374,6.25716070669081,6.26099033699941,2.76743498529716,2.70111013061192,0.00887530627962704
"quadneg",1000,271,50,1,20,39.3110182676257,0.412411081310352,38.8986071863153,17.8977085111959,17.939450661159,2.08710749815164,6.25777742725124,6.2562675518848,6.26099033699941,3.42187142405857,3.35010553038801,0.00258784791509824
"quadneg",1000,272,2,0,500,486.300041544211,11.3897977889753,474.910243755235,497.501714060581,498.75041227413,2.49739642709853,23.026345599069,22.360642655349,22.3606797749979,-0.486472005215745,-1.06616651794628,0.637769567701386
"quadneg",1000,272,2,1,500,504.983711972063,11.360370113563,493.6233418585,497.413416147649,498.687395201171,2.54795810704293,23.0205374283747,22.3596964145373,22.3606797749979,0.328849656441253,-0.226481310335589,0.404636907149214
"quadneg",1000,272,5,0,200,181.700834302462,4.47810191030268,177.222732392159,197.772839688492,198.217846778619,2.22503545063182,18.0227930012415,17.8883455202613,17.8885438199983,-0.891759972215355,-1.17367558462458,0.79072483877073
"quadneg",1000,272,5,1,200,192.041022237467,4.69192891173044,187.349093325737,197.739375287315,198.185783559856,2.23204136270498,18.0192483880254,17.8862621917318,17.8885438199983,-0.316236999853731,-0.60586667677997,0.606001969904352
"quadneg",1000,272,10,0,100,89.2474584497944,2.31190714340892,86.9355513063854,97.8570286642149,98.0709349623369,2.13906298121954,13.4606548400617,13.4158759864003,13.4164078649987,-0.639610057364867,-0.830015398714135,0.724686811653254
"quadneg",1000,272,10,1,100,113.143781187035,2.48737400949345,110.656407177541,97.8436319001659,98.0574576600544,2.13825759888444,13.4583082677135,13.4140702942273,13.4164078649987,1.1368553151345,0.939233897030395,0.140611051811061
"quadneg",1000,272,25,0,40,28.7366680684894,1.05185390495571,27.6848141635337,37.9033745461289,37.9869145748649,2.08850071840014,8.77257888459336,8.76177466731963,8.76356092008266,-1.04492722131439,-1.17580065711537,0.861153563780467
"quadneg",1000,272,25,1,40,33.7321818208926,1.1458574088545,32.5863244120381,37.8933745196628,37.9770877030931,2.09282958575752,8.77121778451205,8.76055469563244,8.76356092008266,-0.474414477100079,-0.615344972818051,0.667085385398772
"quadneg",1000,272,50,0,20,13.634986766042,0.565330474705903,13.0696562913361,17.9264294796156,17.9675939082358,2.05822143101198,6.25977320297863,6.25618498822185,6.26099033699941,-0.685558817295743,-0.782895267023086,0.752557086208882
"quadneg",1000,272,50,1,20,19.1918873297253,0.563201856583145,18.6286854731421,17.9183447286754,17.9596202643205,2.06377678225479,6.25894618221667,6.25540027025425,6.26099033699941,0.203475563453217,0.106958017059788,0.380097666044384
"quadneg",1000,273,2,0,500,474.303053994975,4.5290502222839,469.774003772691,497.464669821429,498.731996567368,2.53465349187811,22.5433155868937,22.3606587781297,22.3606797749979,-1.02742720950593,-1.29504202367238,0.770928166251382
"quadneg",1000,273,2,1,500,482.391127173108,4.82695642032627,477.564170752782,497.446283226555,498.684271966106,2.47597747910249,22.5382265118901,22.3593664191974,22.3606797749979,-0.667983172744504,-0.944575119766842,0.68391260457979
"quadneg",1000,273,5,0,200,182.280911012775,1.90865173300275,180.372259279772,197.742669116292,198.193835208428,2.2558304606785,17.9250144179328,17.8884204817926,17.8885438199983,-0.86257995352286,-0.996263250117298,0.781746746635087
"quadneg",1000,273,5,1,200,188.976297856274,1.95690507232065,187.019392783953,197.736203106105,198.179541638036,2.2166926596523,17.920800411718,17.8850095940561,17.8885438199983,-0.488812165114221,-0.62399456904914,0.665273049242645
"quadneg",1000,273,10,0,100,95.6167104563926,0.950052260893564,94.666658195499,97.8429717019598,98.0584045817138,2.15432879754032,13.4282182692206,13.4160588282997,13.4164078649987,-0.165789772025833,-0.252812426482528,0.549301048410016
"quadneg",1000,273,10,1,100,106.457677590911,1.0194643590546,105.438213231857,97.8365615182409,98.0500602404506,2.13498722209753,13.4247408102605,13.4128560662768,13.4164078649987,0.642181193254881,0.550826233793846,0.26275473955593
"quadneg",1000,273,25,0,40,42.2197184555853,0.394166600233526,41.8255518553518,37.8988461341727,37.9826500433423,2.09509772923889,8.76515821747152,8.76225106858198,8.76356092008266,0.492959991617704,0.438574720346543,0.293536641058609
"quadneg",1000,273,25,1,40,43.9314368675961,0.43470279757151,43.4967340700246,37.8895392399083,37.9733125254947,2.09433213965907,8.76293962692894,8.76010341810598,8.76356092008266,0.689482968605729,0.630520129832449,0.234681917743562
"quadneg",1000,273,50,0,20,25.3736655779626,0.181044551923098,25.1926210260395,17.9167901702003,17.9582261322432,2.07179810214696,6.25836281117841,6.257440160636,6.26099033699941,1.19150577119677,1.15612689983135,0.114964847119714
"quadneg",1000,273,50,1,20,25.932114389343,0.173306765013634,25.7588076243294,17.923575455368,17.9647654318094,2.05949882207171,6.25663424220889,6.25573714300669,6.26099033699941,1.28000752864013,1.24590308293771,0.101320269488443
"quadneg",1000,274,2,0,500,511.883528121072,4.34014522331871,507.543382897754,497.474417309977,498.736819194562,2.52480376916999,22.7310993539244,22.3606523338731,22.3606797749979,0.633894145933917,0.39384198509498,0.323845905890923
"quadneg",1000,274,2,1,500,556.985905895471,4.31867617213695,552.667229723334,497.43965998688,498.716439252612,2.55355853146402,22.730207739606,22.3605332486355,22.3606797749979,2.61969651094899,2.41276850917743,0.034312163159246
"quadneg",1000,274,5,0,200,204.268402188737,1.7296739874232,202.538728201314,197.762809698025,198.209887681946,2.23538991960536,17.9628618324899,17.8883878387131,17.8885438199983,0.362169043628967,0.241991651701537,0.364988198989318
"quadneg",1000,274,5,1,200,219.262030258911,1.68641911928679,217.575611139624,197.742881393612,198.193107224045,2.25112915216701,17.9622905798529,17.8880660085421,17.8885438199983,1.19801807957809,1.08354385020287,0.143288259506114
"quadneg",1000,274,10,0,100,103.762854172568,0.836296963274492,102.926557209294,97.8461713898731,98.0612617897111,2.15090399837971,13.4408117349433,13.4160231600034,13.4164078649987,0.440202786808846,0.362648108277516,0.325907109138268
"quadneg",1000,274,10,1,100,129.652893994588,0.845870235706259,128.807023758881,97.8363443581726,98.0521951215667,2.15850763394144,13.4404403318361,13.4157419210438,13.4164078649987,2.36722524343579,2.29244337125126,0.0177962062179963
"quadneg",1000,274,25,0,40,60.7274642394863,0.409459052980366,60.3180051865059,37.9028814306135,37.9865060373872,2.09061516934399,8.76810876902174,8.7621450954972,8.76356092008266,2.60313636727608,2.54863379979803,0.0110167043716462
"quadneg",1000,274,25,1,40,66.0981588165783,0.354138231913634,65.7440205846647,37.8994001074691,37.9831236538473,2.09308865945294,8.76787225574345,8.76192993826699,8.76356092008266,3.21614616255813,3.16835413275494,0.00316346275234099
"quadneg",1000,274,50,0,20,22.785831673114,0.116045547323574,22.6697861257904,17.9161991081384,17.9576238840646,2.07123879631194,6.25901123150265,6.25707055808177,6.26099033699941,0.778019464235167,0.753093991506846,0.198954751363236
"quadneg",1000,274,50,1,20,23.7074409939048,0.124203073246536,23.5832379206583,17.9138570909069,17.9553180285657,2.07304688294156,6.25883991034483,6.25690557742728,6.26099033699941,0.925664178344313,0.899473361464193,0.164848033002907
"quadneg",1000,275,2,0,500,461.028120691621,5.12256474381271,455.905555947809,497.457269553751,498.7282378572,2.54193660689667,22.5048396807093,22.3606606134838,22.3606797749979,-1.61872509997735,-1.91509019566124,0.881110040778036
"quadneg",1000,275,2,1,500,501.955268798946,5.74735540770917,496.207913391237,497.215465148808,498.496555841583,2.56218138554874,22.4924730792735,22.357073007563,22.3606797749979,0.210728434949441,-0.102367713768776,0.441917489431212
"quadneg",1000,275,5,0,200,226.139668702851,1.93706367768589,224.202605025165,197.747033025095,198.197321949426,2.25144462165355,17.9172789657442,17.8884207649012,17.8885438199983,1.58465109194531,1.45374951861393,0.0829849528326623
"quadneg",1000,275,5,1,200,203.239664698325,1.82671330392813,201.412951394397,197.607848141233,198.05525280167,2.23702330218613,17.9037876894596,17.8769280647079,17.8885438199983,0.314560061523052,0.187823018617801,0.384206327995297
"quadneg",1000,275,10,0,100,105.920837031471,0.966798788732974,104.954038242738,97.8387324089023,98.054585317196,2.15852908293681,13.4256350315694,13.4160540010377,13.4164078649987,0.601990490845594,0.514268422369794,0.274739250207767
"quadneg",1000,275,10,1,100,108.969883667336,0.906685345589935,108.063198321746,97.7523669834944,97.9685634560357,2.16196472541282,13.414669406724,13.4057368618107,13.4164078649987,0.836212682082138,0.753008579070915,0.210897164032644
"quadneg",1000,275,25,0,40,42.3561450373778,0.411097223463235,41.9450478139146,37.9070103989026,37.9904931936132,2.08706986776496,8.76455070043389,8.76228051237197,8.76356092008266,0.507628376005056,0.451315683710164,0.28854578741771
"quadneg",1000,275,25,1,40,47.2517663700799,0.400778403919757,46.8509879661602,37.8449774207807,37.9294763987648,2.11247444960278,8.75659725980986,8.75447741162975,8.76356092008266,1.07425163795913,1.01907985456033,0.144405287993571
"quadneg",1000,275,50,0,20,31.6887851575073,0.200855270991739,31.4879298865155,17.9187783715798,17.9601817841458,2.07017062829818,6.25827257009205,6.25755581657875,6.26099033699941,2.20028875887152,2.1618261984223,0.023926826948441
"quadneg",1000,275,50,1,20,29.1641563650863,0.216789596753878,28.9473667683324,17.8984985834687,17.9399278586493,2.0714637590335,6.25235542927291,6.25169263181978,6.26099033699941,1.80182619319319,1.76071338722853,0.0464093741825353
"quadneg",1000,276,2,0,500,505.282396762684,5.58684785898438,499.6955489037,497.439886423332,498.719600747447,2.55942864822829,22.6248385893874,22.3606578364199,22.3606797749979,0.346632764179392,0.0436457712198363,0.401008782891823
"quadneg",1000,276,2,1,500,511.249240308903,5.90128946485893,505.347950844044,497.397116967173,498.680204700967,2.56617546758914,22.6248671016053,22.3600971371841,22.3606797749979,0.612252141836803,0.298198442617191,0.330971678379559
"quadneg",1000,276,5,0,200,208.932400941434,2.09289505989754,206.839505881537,197.768765583585,198.214688088329,2.22961252372092,17.9414168968831,17.8884073412787,17.8885438199983,0.622227075041582,0.482145650457385,0.283344562128882
"quadneg",1000,276,5,1,200,227.729739007792,2.2199010532789,225.509837954513,197.706306066838,198.159814836242,2.26754384702066,17.9399436956196,17.8865594726894,17.8885438199983,1.67355223909009,1.52908239060908,0.0723863507528261
"quadneg",1000,276,10,0,100,97.8706437181233,0.964586505475259,96.9060572126481,97.8460925429498,98.0611990990419,2.15106556092062,13.4336728225239,13.4160364767059,13.4164078649987,0.00182758471922506,-0.0861015761547358,0.484682928643795
"quadneg",1000,276,10,1,100,91.8204420781396,1.04809736659971,90.7723447115399,97.8040157975353,98.0219940815722,2.17978284036874,13.4321591226688,13.4143686112573,13.4164078649987,-0.4454662623299,-0.540439105270182,0.656575453380414
"quadneg",1000,276,25,0,40,45.4446587031123,0.321516112431747,45.1231425906806,37.8999709282633,37.9837085089422,2.09343951697237,8.76637053697309,8.76213222853403,8.76356092008266,0.860639844394952,0.814805562793117,0.189645078374979
"quadneg",1000,276,25,1,40,55.3163986489698,0.332281024190927,54.9841176247788,37.903597719785,37.9869505738614,2.08382135190954,8.76513902789526,8.76085352749178,8.76356092008266,1.98659723180295,1.94012683782235,0.0343886067405609
"quadneg",1000,276,50,0,20,23.8645623994722,0.218414087081242,23.6461483123909,17.921778736236,17.9630831464026,2.06522050832968,6.25831653477082,6.2569399974278,6.26099033699941,0.949581829269649,0.908281870742666,0.159515206640711
"quadneg",1000,276,50,1,20,25.8513538252082,0.238816923629358,25.6125369015788,17.9309557180576,17.9720178219663,2.05310519543637,6.25742706369158,6.25603048277243,6.26099033699941,1.26575955684859,1.22130464367983,0.103205577183729
"quadneg",1000,277,2,0,500,486.430968365564,3.7746042783307,482.656364087233,497.434511423263,498.716890140311,2.56475743409563,22.6355733748195,22.3606584069836,22.3606797749979,-0.486117266635732,-0.718249246545546,0.63618849917156
"quadneg",1000,277,2,1,500,482.944385382424,4.58970349117229,478.354681891251,497.162149821249,498.421000918327,2.51770219415638,22.6274165614967,22.3555245010266,22.3606797749979,-0.628342365120829,-0.897600010509885,0.67751804250174
"quadneg",1000,277,5,0,200,208.92217709557,1.53384048583087,207.388336609739,197.732389898284,198.185573497925,2.26591799820512,17.9435802805259,17.8884003245106,17.8885438199983,0.6236095039199,0.514454224238498,0.283512372367161
"quadneg",1000,277,5,1,200,191.366464220983,1.41787912495033,189.948585096032,197.520157382641,197.978537699593,2.29190158476026,17.9295518200388,17.8743950801937,17.8885438199983,-0.343215113429703,-0.449243320824805,0.619261237946751
"quadneg",1000,277,10,0,100,127.736263189194,0.807503152530921,126.928760036664,97.8302377620409,98.046910243905,2.16672481864159,13.4343629131167,13.4160106847366,13.4164078649987,2.22608437933106,2.15278971308642,0.0234489367610045
"quadneg",1000,277,10,1,100,106.188920731026,0.728088210483252,105.460832520542,97.7180132517868,97.9348978419188,2.16884590132013,13.4208060946351,13.4022755110483,13.4164078649987,0.63117724967542,0.561541558552469,0.268715926862078
"quadneg",1000,277,25,0,40,44.5904953930516,0.326908589951731,44.2635868030999,37.9009229173826,37.9846178808993,2.0923740879154,8.76653004930072,8.7621097973757,8.76356092008266,0.76308099533664,0.716604683963352,0.214253318151913
"quadneg",1000,277,25,1,40,40.5613072798885,0.244472211337692,40.3168350685508,37.8384691743678,37.9227729073239,2.10759332390227,8.75653790257144,8.75203955859567,8.76356092008266,0.310949160023748,0.273543343262843,0.358079471957404
"quadneg",1000,277,50,0,20,26.5038283311294,0.114203413562663,26.3896249175667,17.9239091468455,17.9651624466146,2.06266498845456,6.25824681188872,6.2568098655101,6.26099033699941,1.37097807775569,1.34644693574452,0.0887837631540574
"quadneg",1000,277,50,1,20,18.1815210194787,0.115008852360477,18.0665121671182,17.9123658468196,17.9534150366862,2.05245949332949,6.25155350232972,6.25008532308036,6.26099033699941,0.0430541260758204,0.0180952938377223,0.443756090401892
"quadneg",1000,278,2,0,500,510.828200060139,7.70128063306792,503.126919427071,497.427463307098,498.713362963646,2.57179931309577,22.5676668743815,22.360655923278,22.3606797749979,0.593802488650397,0.197380456037088,0.335739294616414
"quadneg",1000,278,2,1,500,494.737698073401,7.68323200724603,487.054466066155,497.458961026316,498.725547478115,2.53317290359912,22.5680007200357,22.3605257463833,22.3606797749979,-0.120580594917241,-0.521950223547311,0.532859079049556
"quadneg",1000,278,5,0,200,205.656364646508,3.07700067722082,202.579363969288,197.728518707402,198.182484380334,2.26982836465897,17.9298857320368,17.8884041985294,17.8885438199983,0.442158196521083,0.245794959693238,0.339693651553765
"quadneg",1000,278,5,1,200,190.977857031262,2.96896688094845,188.008890150313,197.744192370061,198.194072407666,2.24940018802534,17.9296962338692,17.8880457252161,17.8885438199983,-0.377381482125569,-0.569384851414744,0.626851805366085
"quadneg",1000,278,10,0,100,102.970290335155,1.59606977012317,101.374220565032,97.8100368994987,98.0287592644895,2.18722364990773,13.4298247149065,13.4160483897219,13.4164078649987,0.384238331117526,0.249362644152774,0.345818361901984
"quadneg",1000,278,10,1,100,110.474304039936,1.4851600453375,108.989143994599,97.8438756957952,98.0589355837621,2.1505988796692,13.4295446323318,13.4157008326609,13.4164078649987,0.940495652677102,0.814732569485069,0.183275258607301
"quadneg",1000,278,25,0,40,41.6131773312926,0.576946399646083,41.0362309316465,37.8869917148416,37.9712419459253,2.10625577709269,8.76537567552744,8.76209532525562,8.76356092008266,0.425102785594729,0.349800917696793,0.316329235100313
"quadneg",1000,278,25,1,40,45.0219455888537,0.479498574097461,44.5424470147562,37.9026847932697,37.9862673553633,2.08956405234052,8.76518101581776,8.76188246553879,8.76356092008266,0.812220624164687,0.748261539136011,0.201560311398278
"quadneg",1000,278,50,0,20,28.1773874419454,0.357764866784169,27.8196225751612,17.9254370124445,17.9666800470975,2.06215173264978,6.25816439994367,6.25712408644616,6.26099033699941,1.63817211794455,1.57467590412769,0.0594065556409402
"quadneg",1000,278,50,1,20,30.4223037847841,0.309397569113731,30.1129062156703,17.9274982736187,17.9686896198421,2.05956731117365,6.25800858687483,6.25696254908054,6.26099033699941,1.99661047723253,1.94091246360629,0.0335375923018042
"quadneg",1000,279,2,0,500,532.506521698021,9.29658918903333,523.209932508988,497.475261578287,498.737203122318,2.52388308806208,22.7262089120044,22.3606502094009,22.3606797749979,1.5414475971498,1.09445517717461,0.137832727667878
"quadneg",1000,279,2,1,500,497.696007740334,9.20943453240266,488.486573207932,497.476164248755,498.736918946554,2.52150939559876,22.7265089147353,22.3606226389833,22.3606797749979,0.00967343873203808,-0.458410568619492,0.495415085054128
"quadneg",1000,279,5,0,200,236.512370797582,3.71180643859892,232.800564358983,197.734493287584,198.187221222945,2.26363967680865,17.9618788217974,17.8883857921158,17.8885438199983,2.15889873741603,1.93496179802278,0.0317697841387639
"quadneg",1000,279,5,1,200,219.550980014635,3.70262311092057,215.848356903715,197.73874764905,198.190439039579,2.25845695264592,17.9619202054739,17.8883143409952,17.8885438199983,1.21435971856383,0.987120280174656,0.140244437445196
"quadneg",1000,279,10,0,100,124.626848299223,1.89305246052811,122.733795838695,97.831182100557,98.0477416391102,2.16559538553194,13.4404494598609,13.4159864050916,13.4164078649987,1.99365849175576,1.84004764571135,0.0359830891526913
"quadneg",1000,279,10,1,100,117.963384461717,1.93358326202792,116.029801199689,97.8417113409662,98.0571628148755,2.15451473909255,13.4404237254688,13.4159170756865,13.4164078649987,1.49710109828023,1.33965037823507,0.0828573526762905
"quadneg",1000,279,25,0,40,58.4613828924468,0.715664032880225,57.7457188595666,37.8902705431445,37.9743907325845,2.10300473600118,8.76798445951974,8.76209717425134,8.76356092008266,2.34616204491187,2.25646072324819,0.0180225685366287
"quadneg",1000,279,25,1,40,53.5414510012443,0.703907363467128,52.8375436377771,37.9026612737651,37.9862768035258,2.09038824401691,8.76794470051963,8.76204909763084,8.76356092008266,1.7836323404905,1.69495361972657,0.0485271395659387
"quadneg",1000,279,50,0,20,38.3988405710781,0.323904066098317,38.0749365049798,17.9321065103155,17.9731976427378,2.05455662111626,6.25877492755964,6.25683328345178,6.26099033699941,3.27008628647759,3.21276561985557,0.00342893084513961
"quadneg",1000,279,50,1,20,36.4724154630218,0.324876269388074,36.1475391936337,17.9372574909905,17.9782423391106,2.04924240600136,6.25872856216266,6.25678298720017,6.26099033699941,2.9614893485054,2.90393591909661,0.00613476823473501
"quadneg",1000,280,2,0,500,522.622830462645,10.5502450698341,512.072585392811,497.463071201325,498.731262297642,2.53638219263427,22.500775397535,22.3606643675545,22.3606797749979,1.11817298812187,0.59664251812338,0.215130632595963
"quadneg",1000,280,2,1,500,530.884209819235,10.4809465346914,520.403263284543,497.45496110879,498.72507533556,2.54022845353994,22.5009952983044,22.3606004541984,22.3606797749979,1.48567866742162,0.969481476733478,0.148961354352953
"quadneg",1000,280,5,0,200,216.862045285068,4.23348124744144,212.628564037627,197.739675357692,198.191420353497,2.25872497902476,17.916454866396,17.8884121452156,17.8885438199983,1.06730768279622,0.80706680765912,0.170402591461207
"quadneg",1000,280,5,1,200,226.127075692832,4.22549210800136,221.901583584831,197.757368594901,198.205008048503,2.23819726800847,17.9163514960818,17.8882015066058,17.8885438199983,1.58345336683838,1.32470419273714,0.0830735235707888
"quadneg",1000,280,10,0,100,131.721812747491,2.0500133505387,129.671799396953,97.8238633969507,98.041202764951,2.17339368000227,13.4253500095304,13.4160508184411,13.4164078649987,2.52492108782841,2.35766821846885,0.0130829319354939
"quadneg",1000,280,10,1,100,120.333242697541,1.98760563738069,118.34563706016,97.8443507070221,98.0594723589561,2.1512165193406,13.4251826873621,13.4158418398202,13.4164078649987,1.67512744624985,1.51210523673524,0.0624188199657586
"quadneg",1000,280,25,0,40,69.7728112763853,0.8929137775899,68.8798974987954,37.8958772795591,37.9798010778583,2.09809495748006,8.76446306608158,8.76225678462861,8.76356092008266,3.63706638461286,3.52649975690559,0.00126903346375712
"quadneg",1000,280,25,1,40,70.6031302176757,0.889335686980802,69.7137945306949,37.9039293866235,37.9875054565748,2.08940174878153,8.7643370157605,8.76212006458682,8.76356092008266,3.73093832109043,3.62084619250377,0.00102601893054776
"quadneg",1000,280,50,0,20,48.3613065603849,0.411578822560296,47.9497277378246,17.9271794813281,17.9684087047239,2.06146116979145,6.25813491176251,6.25745596436141,6.26099033699941,4.86313055058211,4.79129524903661,0.000133022834934567
"quadneg",1000,280,50,1,20,46.7848560493561,0.386141883627843,46.3987141657283,17.9260234777397,17.9672696537019,2.06230879811059,6.25804294509472,6.25736083345622,6.26099033699941,4.61147883209031,4.54367987858588,0.000227689460691291
"quadneg",1000,281,2,0,500,526.576875197364,6.59891365679595,519.977961540568,497.478077660448,498.738686828855,2.5212183368129,22.6275156673485,22.3606455707834,22.3606797749979,1.28599170870998,0.949850693911284,0.18147521865739
"quadneg",1000,281,2,1,500,523.780800022971,7.12040772716636,516.660392295804,497.31432718529,498.585825063444,2.54299575630838,22.6246857551629,22.3585308793191,22.3606797749979,1.16980510244838,0.80839690809375,0.204899658228069
"quadneg",1000,281,5,0,200,251.105437517563,2.68572862148626,248.419708896076,197.740255705432,198.191843876535,2.25794085551639,17.9419291966744,17.8883867528675,17.8885438199983,2.97432796814416,2.80784766750921,0.00630822121382792
"quadneg",1000,281,5,1,200,210.154792737924,2.81458368168535,207.340209056238,197.656896945655,198.106477001227,2.24790027786223,17.9351778824224,17.8813217695236,17.8885438199983,0.69683701350504,0.516389793440702,0.263669458974427
"quadneg",1000,281,10,0,100,134.774140183864,1.33942991525121,133.434710268613,97.8364348989405,98.0524899119205,2.16055012980054,13.4337973207648,13.4160086851472,13.4164078649987,2.74961013650464,2.63731346535754,0.00815843694529063
"quadneg",1000,281,10,1,100,90.5129945775433,1.5337751688576,88.9792194086857,97.7871557119363,98.0029138059616,2.15758094025232,13.4274440597964,13.4094791984219,13.4164078649987,-0.54173833098831,-0.672933994210439,0.691847520280691
"quadneg",1000,281,25,0,40,51.9834776092978,0.468646049596302,51.5148315597015,37.8895447273804,37.9736984265664,2.10384247964963,8.76637700945155,8.76212194008916,8.76356092008266,1.60772607278034,1.54541710623549,0.0648238460239701
"quadneg",1000,281,25,1,40,49.6168225373107,0.64557031312665,48.971252224184,37.8834739272577,37.9670041710604,2.0882560950662,8.76181421507466,8.75750056846053,8.76356092008266,1.33914601725585,1.25655122338839,0.0982525540584756
"quadneg",1000,281,50,0,20,21.3879847092503,0.285308856384634,21.1026758528657,17.9132528094408,17.9547324346107,2.07398125849601,6.2583632109828,6.25700655280874,6.26099033699941,0.555214164258111,0.503106939666201,0.260292438636671
"quadneg",1000,281,50,1,20,18.0372773318835,0.373242239340411,17.6640350925431,17.9052286489262,17.9466405214823,2.07059362780547,6.25486055541002,6.25348099314535,6.26099033699941,0.0211113711948437,-0.0451916987113327,0.453199410097608
"quadneg",1000,282,2,0,500,493.753255492087,13.3612683521948,480.391987139892,497.480293155034,498.739793012666,2.51899971526361,22.7325341878511,22.36065519838,22.3606797749979,-0.163951701651415,-0.820539725244857,0.545304382771203
"quadneg",1000,282,2,1,500,503.178026918374,13.2164059249435,489.96162099343,497.262775785274,498.525429759798,2.5253079490484,22.7202715322508,22.3566677154709,22.3606797749979,0.260351251731431,-0.383053900311,0.426765598152955
"quadneg",1000,282,5,0,200,216.612759243564,5.52821833849387,211.08454090507,197.780000596941,198.223673157372,2.21836280215398,17.9631862529524,17.8884064879309,17.8885438199983,1.04840858305569,0.718949882784451,0.173408320966995
"quadneg",1000,282,5,1,200,203.299310470558,5.19937727685465,198.099933193703,197.631118834538,198.077296742259,2.23088953860437,17.9504078536689,17.8778872282983,17.8885438199983,0.315769518009106,0.00126617039000861,0.383081961342648
"quadneg",1000,282,10,0,100,104.806688765863,2.69175153234857,102.114937233514,97.8674928124776,98.0804672259771,2.12974413499461,13.4409425965209,13.4160469937873,13.4164078649987,0.516273014601019,0.300719728352571,0.300576263048491
"quadneg",1000,282,10,1,100,103.627716785661,2.48105402213691,101.146662763524,97.7819614241622,97.9959038801799,2.13942456017653,13.430668860963,13.4065048746267,13.4164078649987,0.435254224641773,0.235017173589178,0.329262038150834
"quadneg",1000,282,25,0,40,47.1150782587327,1.03504666382216,46.0800315949105,37.90669862029,37.9901568655741,2.08645613210262,8.76806779927369,8.76207564920641,8.76356092008266,1.05021765903834,0.923282913001224,0.147511862181552
"quadneg",1000,282,25,1,40,46.0579201252624,0.903913981023336,45.154006144239,37.876648172171,37.9600294601434,2.08453219931031,8.76102597103907,8.75522561171473,8.76356092008266,0.93382578480372,0.821678047276114,0.173267590584156
"quadneg",1000,282,50,0,20,33.4225255813593,0.598029175133196,32.8244964062261,17.9293851760047,17.9705378049463,2.05763144708307,6.25892028057743,6.25694511802949,6.26099033699941,2.475369506372,2.37399534774212,0.0148291356745718
"quadneg",1000,282,50,1,20,25.3035378295337,0.504748259869948,24.7987895696638,17.9270360774944,17.9679029851149,2.04334538102491,6.25371221934938,6.25179640190199,6.26099033699941,1.17953968671855,1.09262780574088,0.116781010998401
"quadneg",1000,283,2,0,500,520.520685810839,13.912381826172,506.608303984667,497.478388341994,498.738774497196,2.52077231040376,22.9061206329555,22.3606422259414,22.3606797749979,1.00594499776155,0.351936648686264,0.234483363325734
"quadneg",1000,283,2,1,500,527.572690463,13.8544803563195,513.71821010668,497.353836008176,498.616986764303,2.52630151225256,22.8961177274517,22.3578133660303,22.3606797749979,1.31982438309146,0.675433822402413,0.173573115917321
"quadneg",1000,283,5,0,200,194.689812477921,5.65504128965957,189.034771188262,197.766227724836,198.212571077159,2.23171676161772,17.9983619519883,17.8883594188607,17.8885438199983,-0.170927513021523,-0.513059899680964,0.553189221888559
"quadneg",1000,283,5,1,200,208.594081475687,5.31184024774596,203.282241227941,197.652451226347,198.106983425171,2.2726609941208,17.9906733966111,17.8825999212838,17.8885438199983,0.608183474188416,0.289401866929336,0.288925657319312
"quadneg",1000,283,10,0,100,98.6328242751053,3.02115588467941,95.6116683904259,97.8587100955387,98.0724838986299,2.13773803091243,13.4525489417483,13.4159276095012,13.4164078649987,0.0575440522772793,-0.183424924450344,0.463062406041825
"quadneg",1000,283,10,1,100,100.986519374206,2.88518506804775,98.1013343061583,97.8029902578291,98.01803499333,2.1504473550091,13.4463691906178,13.4104590467348,13.4164078649987,0.236757526976004,0.00621151837815816,0.397927094488671
"quadneg",1000,283,25,0,40,38.0044340366502,1.06607052999971,36.9383635066505,37.9136257088172,37.9967573679961,2.07829147947183,8.77060859289717,8.76178763462821,8.76356092008266,0.0103537088528359,-0.120796566349381,0.46928224706283
"quadneg",1000,283,25,1,40,36.1185205749429,1.06297130075499,35.0555492741879,37.8934112789466,37.9765981448398,2.07967164733101,8.76637195151996,8.75773813354003,8.76356092008266,-0.202465822100546,-0.333539188556572,0.556698562216927
"quadneg",1000,283,50,0,20,22.5576187946177,0.581535542383197,21.9760832522345,17.9256143185355,17.9667993011194,2.05924912919716,6.25917311167846,6.25625572791291,6.26099033699941,0.74003456901356,0.640844000865769,0.208166230503258
"quadneg",1000,283,50,1,20,21.3153163097786,0.575230322190346,20.7400859875882,17.9195711102822,17.9606748083936,2.0551849055729,6.25599278267989,6.25312673566156,6.26099033699941,0.542798771906794,0.444483423523729,0.263804439013997
"quadneg",1000,284,2,0,500,544.912865817418,9.25547742108285,535.657388396335,497.506116061754,498.752715393081,2.49319866265368,22.5108776684348,22.3606618595335,22.3606797749979,2.10594853092461,1.65042847278332,0.0717080801798227
"quadneg",1000,284,2,1,500,516.34776051808,9.87216902698982,506.47559149109,496.735636502273,498.014535082147,2.5577971597477,22.4757540746691,22.3493848511099,22.3606797749979,0.872590256622826,0.378581176408673,0.275773712208069
"quadneg",1000,284,5,0,200,213.185041452426,3.685009969349,209.500031483077,197.787997994621,198.230115308731,2.21058657054749,17.9185199735865,17.8884320332114,17.8885438199983,0.859280983055606,0.630011403650294,0.218373282663231
"quadneg",1000,284,5,1,200,221.684757693453,3.37842506809534,218.306332625358,197.262713051281,197.714859733496,2.26073341107739,17.8775047220497,17.8527391869089,17.8885438199983,1.36607681115869,1.15340691847225,0.11920048951675
"quadneg",1000,284,10,0,100,108.186132542278,1.76632566502492,106.419806877253,97.8653004211818,98.0785122988092,2.13211877627394,13.4260803363422,13.4160795569049,13.4164078649987,0.768715206712934,0.621738604266876,0.226313689719971
"quadneg",1000,284,10,1,100,120.483949904764,1.47459552552203,119.009354379242,97.5683347132244,97.784283732507,2.15949019282594,13.390889213452,13.3825186729116,13.4164078649987,1.71128405487209,1.58602959319591,0.0612735087265335
"quadneg",1000,284,25,0,40,62.8555101819292,0.734420510418929,62.1210896715103,37.9240025329221,38.0068031495041,2.0700154145505,8.76465886702103,8.76227350648805,8.76356092008266,2.84454968838747,2.75205818491635,0.0068083841696559
"quadneg",1000,284,25,1,40,50.566236383644,0.568750620418275,49.9974857632257,37.7848156620195,37.8685523900975,2.09341820195054,8.73958339197104,8.7375797371433,8.76356092008266,1.46247482841878,1.3881342131355,0.0834522707523142
"quadneg",1000,284,50,0,20,39.2427112796436,0.342259387954625,38.900451891689,17.9446244572899,17.9854925646137,2.04340536619299,6.25803453777992,6.25727666009616,6.26099033699941,3.40331883657346,3.34250193226294,0.00264329941727039
"quadneg",1000,284,50,1,20,34.5562810652202,0.241336525079425,34.3149445401408,17.8799320543882,17.9209699664254,2.05189560185957,6.24054582222552,6.23991345879852,6.26099033699941,2.67225808220809,2.62727595213669,0.0107437027903672
"quadneg",1000,285,2,0,500,526.594712269877,22.5110668287927,504.083645441084,497.445993175035,498.722680328232,2.5533743063936,22.7548217780156,22.3606601041275,22.3606797749979,1.28099087653606,0.239749859256744,0.181331636084041
"quadneg",1000,285,2,1,500,561.860423748999,19.9173453680417,541.943078380957,497.117589584173,498.386002569636,2.53682597092554,22.7320106994193,22.3527700106899,22.3606797749979,2.84809095952428,1.94862094454021,0.0247734741084318
"quadneg",1000,285,5,0,200,225.936212832323,8.98931971067152,216.946893121651,197.781071883221,198.224550836459,2.2173947661913,17.9677217899165,17.8884170988141,17.8885438199983,1.56698446682885,1.04661816536203,0.0844250454018989
"quadneg",1000,285,5,1,200,216.561058841894,8.09877762500733,208.462281216887,197.5359301611,197.982979430113,2.23524634506829,17.9466946796085,17.8707380655589,17.8885438199983,1.06009095381843,0.586394459385506,0.174036179941145
"quadneg",1000,285,10,0,100,121.629097272152,4.53839342676952,117.090703845382,97.8486853056239,98.0635420772559,2.14856771631985,13.4424681586856,13.4160518863153,13.4164078649987,1.76905101695648,1.41823853465673,0.0531264176188365
"quadneg",1000,285,10,1,100,114.741276638536,4.11398129424677,110.62729534429,97.7490796721517,97.9611531654789,2.12073493327181,13.4253404147841,13.3999634408338,13.4164078649987,1.2656809020405,0.945237069842527,0.118844397139823
"quadneg",1000,285,25,0,40,64.8198415513189,1.74895432751876,63.0708872238002,37.9190640941754,38.0020538037308,2.07474273888584,8.76862617328813,8.76222321641198,8.76356092008266,3.06784403001366,2.86101287320716,0.00429927520574769
"quadneg",1000,285,25,1,40,73.4179810577754,1.55093212668592,71.8670489310894,37.867880458841,37.9507338215487,2.07133406769261,8.75668456043144,8.75052655134246,8.76356092008266,4.05976718169952,3.87591705602419,0.000491205939201354
"quadneg",1000,285,50,0,20,44.8929895039496,0.918609924238859,43.9743795797108,17.9349108580788,17.9759739966797,2.05315693004194,6.25940808655347,6.25727622348444,6.26099033699941,4.30680956938763,4.15490776728945,0.000429418707569542
"quadneg",1000,285,50,1,20,48.8005821408923,0.836172806500942,47.9644093343914,17.9229957260858,17.9637426321202,2.03734530171892,6.25074981899191,6.24869477424147,6.26099033699941,4.93982119088976,4.80110931741149,0.000114366046705624
"quadneg",1000,286,2,0,500,573.091197135915,34.7668009704602,538.324396165454,497.454184967878,498.726627935604,2.54488593545231,23.5358171034679,22.3606279691344,22.3606797749979,3.21369816206176,1.77087013318719,0.0110058374380558
"quadneg",1000,286,2,1,500,586.928096128512,36.4617683421603,550.466327786352,497.236981382368,498.501867051066,2.52977133739564,23.5367148096765,22.3548051234082,22.3606797749979,3.81068961711133,2.32453203901444,0.00361070685392809
"quadneg",1000,286,5,0,200,222.804305238091,13.8372337973652,208.967071440726,197.744244485441,198.194951621054,2.25353567806408,18.1278084867203,17.8883349763814,17.8885438199983,1.38240983575084,0.602186834822495,0.109145122311799
"quadneg",1000,286,5,1,200,248.209150022929,14.9857605748049,233.223389448124,197.584267359831,198.038299944797,2.27016292482975,18.119312793409,17.8769253745651,17.8885438199983,2.79397365895211,1.96818461598483,0.00890455483966547
"quadneg",1000,286,10,0,100,124.161457158585,6.87877730072756,117.282679857858,97.8511276804644,98.0655845332027,2.14456852738317,13.4957859913476,13.4158194317379,13.4164078649987,1.94952183555584,1.43242054072321,0.0382846886726916
"quadneg",1000,286,10,1,100,143.613421603556,7.48427911899006,136.129142484566,97.7385045764496,97.9561835674834,2.17678991033741,13.486607070949,13.405510352945,13.4164078649987,3.40151654050362,2.84755730382889,0.00184840429829013
"quadneg",1000,286,25,0,40,79.0829941230876,2.63258659093567,76.450407532152,37.884431994085,37.9686787431565,2.10616872678859,8.78089190500197,8.76148789749629,8.76356092008266,4.69184253430272,4.39214540260817,0.00010407401333111
"quadneg",1000,286,25,1,40,90.852824892417,2.84844003905653,88.0043848533605,37.8633170328169,37.9470403405601,2.09308269358008,8.7738748762989,8.75412011105372,8.76356092008266,6.03946472985865,5.71814687001993,3.21109338723578e-06
"quadneg",1000,286,50,0,20,59.4689676368977,1.41694814033043,58.0520194965673,17.9109858167604,17.9524146317157,2.07144074776503,6.26198691159139,6.25547348336564,6.26099033699941,6.63654881539444,6.41032289106224,2.49237421269703e-06
"quadneg",1000,286,50,1,20,65.2596150546035,1.47445250046328,63.7851625541403,17.9085760578345,17.9496825142528,2.05532282091849,6.25633912353121,6.24971354734588,6.26099033699941,7.56848982477202,7.3340129419776,2.8146935531085e-07
"quadneg",1000,287,2,0,500,486.91317703225,10.7608831008322,476.152293931418,497.445767530608,498.722542422722,2.55354978422622,22.6065942276909,22.3606612361278,22.3606797749979,-0.465907884764727,-1.00937303476683,0.630347990498682
"quadneg",1000,287,2,1,500,507.537945255812,11.5747372164035,495.963208039409,497.214541668379,498.502854816014,2.57662629527024,22.5952881360963,22.3570449282373,22.3606797749979,0.456883024693172,-0.113594922081922,0.373951413432773
"quadneg",1000,287,5,0,200,203.67537986037,4.24441048053473,199.430969379835,197.752836138797,198.201963564365,2.24563712783795,17.937753427903,17.8884178240948,17.8885438199983,0.330171988670549,0.068703997612073,0.376020819215519
"quadneg",1000,287,5,1,200,210.190631781313,3.98158439326375,206.209047388049,197.586169499065,198.039613626053,2.26722063493877,17.9249888278788,17.8774593395491,17.8885438199983,0.70317825038999,0.456968387220647,0.263104425750934
"quadneg",1000,287,10,0,100,104.699237155525,2.06510767033258,102.634129485192,97.8819632438897,98.0934893180259,2.11526074136211,13.4324538276902,13.4160473817897,13.4164078649987,0.507522601535534,0.338448429552337,0.303134849404957
"quadneg",1000,287,10,1,100,111.379040909853,1.9662396189358,109.412801290917,97.7684137789982,97.9827225625857,2.1430878358753,13.4211442688903,13.4053315564278,13.4164078649987,1.01411823449389,0.852651699080934,0.16791284691247
"quadneg",1000,287,25,0,40,61.2746743162318,0.881499438721732,60.3931748775101,37.9361468471972,38.0184678134537,2.05802415641111,8.76625468283351,8.76230081748148,8.76356092008266,2.66231455888878,2.55351962117268,0.00975108062599025
"quadneg",1000,287,25,1,40,58.093464122612,0.754901099768066,57.3385630228439,37.8892163354665,37.9718593376536,2.066075054677,8.75780736334222,8.75399853681201,8.76356092008266,2.30699842425341,2.21232658467443,0.0194818596978127
"quadneg",1000,287,50,0,20,33.1583224787717,0.29256975665527,32.8657527221164,17.9449992127837,17.9858683341626,2.04345606894193,6.25868992987563,6.25739952374803,6.26099033699941,2.43075203220528,2.37796617132753,0.0159690031912362
"quadneg",1000,287,50,1,20,32.7802804823049,0.311863699168321,32.4684167831366,17.9241723048386,17.9650659264275,2.04468107944654,6.25258292430755,6.25133965277674,6.26099033699941,2.37599538579676,2.32003884963552,0.0177415058720239
"quadneg",1000,288,2,0,500,538.993068069297,15.3173244230242,523.675743646273,497.487523273134,498.743349460984,2.51165237569899,22.6160928999022,22.3606521924438,22.3606797749979,1.83522171490293,1.11501194020244,0.0992426639946087
"quadneg",1000,288,2,1,500,536.239646478406,15.2926280862837,520.947018392123,497.458506772135,498.728076592834,2.53913964139909,22.6156648914993,22.3606271178415,22.3606797749979,1.71479104825474,0.993663625004519,0.114494051307835
"quadneg",1000,288,5,0,200,241.092455199662,6.19036745048556,234.902087749177,197.769732336271,198.21541659317,2.22842128449282,17.9395971255976,17.8883792372774,17.8885438199983,2.41492172650716,2.05086613322441,0.0197628440726862
"quadneg",1000,288,5,1,200,221.343560453537,6.19160222977257,215.151958223765,197.739006625966,198.190646405044,2.25819889539013,17.9394001917514,17.8883077227577,17.8885438199983,1.31579392706924,0.948178669642534,0.12239811748496
"quadneg",1000,288,10,0,100,131.486303353948,3.11545921047202,128.370844143476,97.848838786413,98.0636282184904,2.14789432077402,13.43297828707,13.4159738741601,13.4164078649987,2.50409580427248,2.2590395754541,0.0135562059174154
"quadneg",1000,288,10,1,100,146.647109544738,3.13430289025643,143.512806654481,97.8385484406001,98.0543146149642,2.15766174364055,13.4328768309318,13.4159090014392,13.4164078649987,3.63351512251987,3.38840193643534,0.00106908247047996
"quadneg",1000,288,25,0,40,65.6761472661857,1.22440728978617,64.4517399763996,37.8983650666898,37.9821363341649,2.09428168687807,8.76599097040982,8.76195279235279,8.76356092008266,3.16881254991726,3.02097081204737,0.0035029048184133
"quadneg",1000,288,25,1,40,70.9378253850003,1.21243718647201,69.7253881985283,37.8971317603801,37.9809418056314,2.09525113128407,8.76591590564479,8.76189614211911,8.76356092008266,3.76922320271676,3.62301103299991,0.000941183387879827
"quadneg",1000,288,50,0,20,46.4387395795604,0.691717472510835,45.7470221070496,17.9189035226441,17.9602553702771,2.06759238164663,6.25803636445879,6.2567704031876,6.26099033699941,4.55731389144504,4.44107182239197,0.000255938329127399
"quadneg",1000,288,50,1,20,48.2509708436132,0.67926352952643,47.5717073140868,17.9228314853495,17.9641022363807,2.06353755156044,6.25799161610629,6.2567310214406,6.26099033699941,4.84630552719304,4.73212049171468,0.000138156450762705
"quadneg",1000,289,2,0,500,454.962949442899,5.85702386519757,449.105925577701,497.44622259769,498.722743015565,2.55304083574858,22.5751459380768,22.3606535512365,22.3606797749979,-1.88186039954392,-2.2189341346474,0.916788515643351
"quadneg",1000,289,2,1,500,489.651496229988,6.01032776120936,483.641168468778,497.4653500422,498.728556682584,2.52641328076895,22.5757098270737,22.360531627717,22.3606797749979,-0.346117746554359,-0.674732983320671,0.596721249771833
"quadneg",1000,289,5,0,200,195.233725692845,2.36326623660174,192.870459456243,197.725679561364,198.180199209533,2.27259824084415,17.9314101943771,17.8883983590098,17.8885438199983,-0.13897143847061,-0.296825889424324,0.542254333561409
"quadneg",1000,289,5,1,200,203.065593639285,2.26412446722489,200.80146917206,197.738874946531,198.189795848845,2.25460451157141,17.9312789919443,17.888040302207,17.8885438199983,0.297062953242066,0.146001086708923,0.387494498466117
"quadneg",1000,289,10,0,100,93.0745148115497,1.14731955292977,91.9271952586199,97.8238242480836,98.0411430421346,2.1731879405097,13.4303050571364,13.41601674504,13.4164078649987,-0.353626326157818,-0.455720047142534,0.621738246332987
"quadneg",1000,289,10,1,100,107.322496538418,1.16256588170335,106.159930656715,97.8394069037651,98.0549021136654,2.15495209900317,13.4300714867179,13.4156869287392,13.4164078649987,0.706108649088855,0.604145623410967,0.244106661996942
"quadneg",1000,289,25,0,40,31.250369010036,0.487743424975434,30.7626255850605,37.8826948711463,37.9671388499113,2.11109946912338,8.76563448647897,8.76221503752935,8.76356092008266,-0.756628156391962,-0.822225114767576,0.772693362004976
"quadneg",1000,289,25,1,40,37.7479703589685,0.497811159129413,37.2501591998391,37.8714501634818,37.9563063825277,2.12140547614536,8.7654568382453,8.76201494757573,8.76356092008266,-0.0140870928682903,-0.0805918714945758,0.481003757894089
"quadneg",1000,289,50,0,20,19.8790455629701,0.24472169518436,19.6343238677857,17.9099875521812,17.9515356964748,2.07740721468113,6.25815612216118,6.25706264093623,6.26099033699941,0.314638684678401,0.268942196662922,0.339670368481559
"quadneg",1000,289,50,1,20,20.7882528901545,0.231616071930106,20.5566368182244,17.9209792006159,17.9622980168791,2.06594081315974,6.25801984169743,6.25691584933362,6.26099033699941,0.458175870653808,0.414635399263285,0.290230254011346
"quadneg",1000,290,2,0,500,556.633314399294,10.8737638037512,545.759550595542,497.450010248051,498.724627276427,2.54923405675295,22.5439570069956,22.3606561751111,22.3606797749979,2.62524028647134,2.10346793720072,0.0351082442912409
"quadneg",1000,290,2,1,500,581.021270437337,11.5524847042429,569.468785733094,497.243908452463,498.530511829235,2.57320675354375,22.5411462664459,22.3577414141617,22.3606797749979,3.71664160263145,3.17287299239115,0.00590040364920246
"quadneg",1000,290,5,0,200,239.851467759216,4.24502823571709,235.606439523499,197.746799096643,198.197109720771,2.25155312064,17.9251365977044,17.8884035065314,17.8885438199983,2.34891759028301,2.09126151414628,0.0225432812873558
"quadneg",1000,290,5,1,200,231.940047692905,4.54474870083477,227.39529899207,197.597322424222,198.053123555063,2.27900565420334,17.9166796292354,17.8792481554222,17.8885438199983,1.91680188401899,1.64113027471511,0.0494846936390637
"quadneg",1000,290,10,0,100,136.783772742945,2.20468570499447,134.57908703795,97.8263574379438,98.043434230414,2.17076792470194,13.4282388170821,13.4160323734941,13.4164078649987,2.90115597701786,2.72328299383947,0.00590913972227636
"quadneg",1000,290,10,1,100,125.862491095237,2.58020095949972,123.282290135738,97.7345617431652,97.9538906518888,2.19328908723593,13.4199396258009,13.4073953713039,13.4164078649987,2.09598032006002,1.88913646404877,0.0304404589813109
"quadneg",1000,290,25,0,40,64.375910504339,0.7360346908335,63.6398758135055,37.8839618481308,37.9683363624283,2.10936285743697,8.76503102930622,8.7621142939033,8.76356092008266,3.02245919810567,2.92983389510675,0.00477597136929338
"quadneg",1000,290,25,1,40,84.4483868075489,0.945246392629015,83.5031404149199,37.8304948883367,37.915795873802,2.13252463663265,8.75867707703146,8.75565686426154,8.76356092008266,5.32248095336931,5.20661616231153,2.21670141223123e-05
"quadneg",1000,290,50,0,20,43.3717552850835,0.315005551554841,43.0567497335287,17.8964216600889,17.9382396977666,2.09090188388276,6.25796068041196,6.2570417433143,6.26099033699941,4.07086827898024,4.01443862230925,0.000708874443324384
"quadneg",1000,290,50,1,20,54.8986425885117,0.448278918071556,54.4503636704401,17.884916108211,17.9266617533034,2.08728225462156,6.25332454107908,6.25236850067085,6.26099033699941,5.91904773807143,5.84157858149562,1.32811751795597e-05
"quadneg",1000,291,2,0,500,533.896121089819,6.6184913364656,527.277629753353,497.420638009506,498.709828067209,2.578380115406,22.7965742116539,22.3606287284951,22.3606797749979,1.60004230204319,1.27759384733845,0.12877932775505
"quadneg",1000,291,2,1,500,538.128767631818,6.20483768338119,531.923929948437,497.457811980032,498.725160911478,2.53469786289067,22.7973747415451,22.3604964701964,22.3606797749979,1.78401926155421,1.48470625780644,0.103855625892181
"quadneg",1000,291,5,0,200,238.083563621703,2.76420021014949,235.319363411553,197.740539485463,198.192034392915,2.25747453725993,17.9760966623375,17.8883655682969,17.8885438199983,2.24425941259896,2.07550146920287,0.0270884811407013
"quadneg",1000,291,5,1,200,252.600538319534,2.61747793730576,249.983060382228,197.713091000187,198.16920805375,2.28058526781415,17.9760791461946,17.88802655394,17.8885438199983,3.05336035032792,2.89656615682215,0.00525625399922787
"quadneg",1000,291,10,0,100,120.966795038923,1.20358099819141,119.763214040731,97.8175596019807,98.0354418756256,2.17882273644845,13.4450801719583,13.4159163602596,13.4164078649987,1.72176254368666,1.61955185032812,0.0577203985532254
"quadneg",1000,291,10,1,100,144.277607223128,1.12390098392858,143.153706239199,97.8178843714822,98.0355205887671,2.17636217284963,13.4449275865193,13.4156451969178,13.4164078649987,3.45555768542995,3.36310218317327,0.00164222122641879
"quadneg",1000,291,25,0,40,54.4298691875238,0.728969968973508,53.7008992185503,37.8815184901277,37.9659350064809,2.11041290882983,8.76875795718084,8.76178653760362,8.76356092008266,1.88719437555515,1.79586253836914,0.0409205706713252
"quadneg",1000,291,25,1,40,52.3628034442031,0.739784444043487,51.6230190001596,37.8832621824884,37.9675685854145,2.1076600731522,8.76857093505428,8.76157027104929,8.76356092008266,1.65130000874253,1.55856199200576,0.060479354759478
"quadneg",1000,291,50,0,20,29.1433065239693,0.299272273693238,28.8440342502761,17.9084913954871,17.9500086758569,2.07586401848718,6.25831707795975,6.25608810643937,6.26099033699941,1.79518151422024,1.74134785013753,0.0466555318886089
"quadneg",1000,291,50,1,20,30.282053989556,0.276789666236775,30.0052643233193,17.9124367264665,17.9538651498101,2.07142116718034,6.25817384568333,6.25593417494667,6.26099033699941,1.97655379478179,1.92639481754328,0.0347929157456543
"quadneg",1000,292,2,0,500,495.281123377452,2.8447283655226,492.436395011929,497.474509081569,498.736899120384,2.52478007763052,22.6007179685964,22.3606505486857,22.3606797749979,-0.097049381668536,-0.281767477861926,0.525981625478535
"quadneg",1000,292,2,1,500,492.2031438132,3.85739300422095,488.345750808979,497.290450666238,498.560366199037,2.539831065598,22.59800263548,22.3577695480138,22.3606797749979,-0.225121969189019,-0.456870948961242,0.564839694586301
"quadneg",1000,292,5,0,200,200.348619755458,1.08308413666591,199.265535618792,197.732864484571,198.18594282992,2.26539172674305,17.9365298405524,17.8883927195261,17.8885438199983,0.145833965328822,0.0603515813745262,0.439973837556819
"quadneg",1000,292,5,1,200,187.024447189451,1.25978426715365,185.764662922297,197.630726700491,198.082985250888,2.26129275198235,17.9290727492566,17.8803099406367,17.8885438199983,-0.591568769861823,-0.688932259535113,0.701392406341559
"quadneg",1000,292,10,0,100,102.191285425118,0.547806442662191,101.643478982456,97.8255014747529,98.0426552584166,2.17153783663787,13.4320041228227,13.4160156220653,13.4164078649987,0.325028484985908,0.268397400947962,0.365916564592005
"quadneg",1000,292,10,1,100,118.923108978671,0.758969330379823,118.164139648291,97.7807797494342,97.9961802070101,2.15400457575868,13.4245251760217,13.408221546547,13.4164078649987,1.57490331702757,1.50414873227351,0.074011679182833
"quadneg",1000,292,25,0,40,54.4178157565511,0.246791556876199,54.1710241996749,37.8805687933077,37.9650649568338,2.11240408815426,8.76585366618754,8.76203511659311,8.76356092008266,1.88655293517303,1.84956565765766,0.0410163822923646
"quadneg",1000,292,25,1,40,67.3215478571732,0.218590957848962,67.1029568993243,37.8837707589175,37.9671103736609,2.08349036858404,8.76044724369509,8.75653732035899,8.76356092008266,3.36030527658757,3.32732511262441,0.00234587033664022
"quadneg",1000,292,50,0,20,30.5743428187226,0.0766124950345537,30.4977303236881,17.903694352613,17.9453418581959,2.08237527914659,6.25784398950012,6.25664579961666,6.26099033699941,2.02476259992569,2.00624885402035,0.0322230771273441
"quadneg",1000,292,50,1,20,43.6527169820184,0.153872963987394,43.498844018031,17.9079096236452,17.9492319886986,2.0661182526693,6.25415777719395,6.25292049940835,6.26099033699941,4.11643074504017,4.08602860563315,0.000646598179078486
"quadneg",1000,293,2,0,500,551.574192921748,13.8668302111715,537.707362710577,497.452510867138,498.725855296245,2.54668885821448,22.6378844825649,22.3606444431695,22.3606797749979,2.39075705577938,1.74330876345737,0.0483378285354066
"quadneg",1000,293,2,1,500,560.604592372718,14.0059985701565,546.598593802561,497.456342673062,498.717463865692,2.52224238525997,22.6385199785299,22.3602644985419,22.3606797749979,2.78941599360492,2.14134899611727,0.0269836031119856
"quadneg",1000,293,5,0,200,245.107326752774,5.63008130850355,239.47724544427,197.74679391023,198.197046855126,2.25126472447922,17.9440139838239,17.888377448508,17.8885438199983,2.6393499740492,2.30765471647557,0.0127156284919954
"quadneg",1000,293,5,1,200,271.652439414822,5.78615533558893,265.866284079233,197.741325793636,198.190184734018,2.24429470190627,17.9434656949164,17.8874237119682,17.8885438199983,4.11911025873474,3.78344586872697,0.000397871136413027
"quadneg",1000,293,10,0,100,151.555330346235,2.8039563927416,148.751373953494,97.8348464180489,98.0510293235702,2.1618290552132,13.4344325218452,13.4159659805212,13.4164078649987,3.99871627185098,3.77910503824592,0.000424180120648785
"quadneg",1000,293,10,1,100,150.069910502835,3.0570306267012,147.012879876134,97.8309952392935,98.0468555127643,2.15860273470829,13.4337130231935,13.4150783685129,13.4164078649987,3.88864308574631,3.65007367219709,0.000563871118005826
"quadneg",1000,293,25,0,40,72.2572831010244,1.12124478668833,71.1360383143361,37.9001948257802,37.9838839251368,2.09222748391504,8.76629456977811,8.76190538993834,8.76356092008266,3.91922584870586,3.78366952321458,0.00066748348299506
"quadneg",1000,293,25,1,40,82.4405765585089,1.22051967459692,81.220056883912,37.9015337918016,37.9850342329918,2.08751102975687,8.76562203355959,8.76118097406029,8.76356092008266,5.08110463766148,4.93483958143639,3.98647969872337e-05
"quadneg",1000,293,50,0,20,53.5258002562019,0.598764544234382,52.9270357119676,17.9302652164849,17.9713741373221,2.05544604186285,6.2579290409484,6.25652954788135,6.26099033699941,5.68806945665247,5.5870688865335,2.17477487010158e-05
"quadneg",1000,293,50,1,20,51.3587165969582,0.722310535571927,50.6364060613863,17.9247593168034,17.9659461491443,2.05934161704523,6.25744918310601,6.25603160149998,6.26099033699941,5.3430649297833,5.22223383660798,4.69131081746239e-05
"quadneg",1000,294,2,0,500,502.599313772423,10.1790935974056,492.420220175018,497.49374615585,498.746526930712,2.5055615497231,22.6006311609258,22.3606620255425,22.3606797749979,0.225903762608196,-0.282921263622135,0.433921652269838
"quadneg",1000,294,2,1,500,540.342531041634,11.2689182734185,529.073612768215,495.264478161931,496.522077962259,2.51519960065455,22.4930068490923,22.3169979412376,22.3606797749979,2.00409190208029,1.4585982797358,0.0923518488069147
"quadneg",1000,294,5,0,200,215.371511221421,4.11709393885054,211.25441728257,197.816255592566,198.252714702086,2.18229554759987,17.9365749117137,17.8884270771429,17.8885438199983,0.978740685736467,0.726822013160494,0.188908736815235
"quadneg",1000,294,5,1,200,206.848123070389,3.21728003478217,203.630843035607,196.356137281741,196.801729837711,2.22796277985171,17.8128930851851,17.7800252228853,17.8885438199983,0.589010765318876,0.384089061308286,0.318618436646823
"quadneg",1000,294,10,0,100,118.892335115992,2.05359102876295,116.838744087229,97.8983519079361,98.1082657162423,2.09913808306109,13.4321124883257,13.4160872899059,13.4164078649987,1.56296957952836,1.396120788889,0.0742829497100756
"quadneg",1000,294,10,1,100,115.584350490795,1.73589660989923,113.848453880895,97.0721955707816,97.2846013017246,2.12405730942979,13.3269736366948,13.3155128988547,13.4164078649987,1.38907417577846,1.2439515251865,0.108439660621517
"quadneg",1000,294,25,0,40,65.7972066517896,0.823798702016066,64.9734079497736,37.9535000443679,38.0351273708459,2.04068316194937,8.76618156585451,8.76231173797982,8.76356092008266,3.17626396376238,3.07433487696689,0.00340218814026294
"quadneg",1000,294,25,1,40,61.307483680655,0.832504350615712,60.4749793300393,37.588329969171,37.6707854533381,2.06138710417601,8.69136253081824,8.68864526210331,8.76356092008266,2.7290489411044,2.62459718273512,0.00967962281285946
"quadneg",1000,294,50,0,20,36.7859467997678,0.370488606050147,36.4154581937177,17.9762812608942,18.0165391960146,2.01289675601922,6.25891657629212,6.257632858524,6.26099033699941,3.00525902679738,2.94023625445532,0.00558735793822503
"quadneg",1000,294,50,1,20,42.2860943895273,0.354884931796516,41.9312094577308,17.7809800020802,17.8217214985785,2.03707482491138,6.20555554747104,6.20468889577055,6.26099033699941,3.94889936928107,3.88568844693996,0.00100852501238513
"quadneg",1000,295,2,0,500,528.458445870241,23.1325883681131,505.325857502128,497.428343047833,498.713625782588,2.57056546951006,23.1345630594332,22.360617099661,22.3606797749979,1.34128761121148,0.295708821007475,0.166739305803732
"quadneg",1000,295,2,1,500,514.705844664197,23.8099215727815,490.895923091415,497.263492127088,498.515826056535,2.50466785889344,23.1302395918631,22.3549849715017,22.3606797749979,0.754093033400518,-0.340859230047944,0.293011993431474
"quadneg",1000,295,5,0,200,199.466634788701,9.23153072983048,190.235104058871,197.737416360154,198.189506419594,2.26045029720176,18.0450128881307,17.8883470391498,17.8885438199983,0.0958280517319209,-0.444669501509286,0.45739102362695
"quadneg",1000,295,5,1,200,207.818054984837,9.49238672302421,198.325668261813,197.604983203643,198.055299561509,2.25158178933129,18.034767949074,17.8772241604597,17.8885438199983,0.566299040277862,0.0151236398826453,0.301942375805897
"quadneg",1000,295,10,0,100,104.76086205845,4.52186310154037,100.238998956909,97.8335983240458,98.0498756455936,2.16277321547831,13.4681121601648,13.4159090764607,13.4164078649987,0.514345563210628,0.163173684231106,0.301666061735366
"quadneg",1000,295,10,1,100,99.7139509806392,4.85577664776292,94.8581743328763,97.752149039657,97.9687939804435,2.16644940786491,13.4586548091736,13.4060230257028,13.4164078649987,0.145765083420153,-0.232031501184455,0.432783523719038
"quadneg",1000,295,25,0,40,48.7713894476149,1.68294150339691,47.088447944218,37.9086328082274,37.9919557913273,2.08307457749754,8.77427698472269,8.76172035352717,8.76356092008266,1.23802299133036,1.03820845517271,0.11315904911858
"quadneg",1000,295,25,1,40,52.7888107174824,1.76564208106036,51.0231686364221,37.8756995154804,37.9589237571501,2.08060604174119,8.76679198211474,8.75412235803774,8.76356092008266,1.70109102992594,1.49235347016561,0.0558977047632281
"quadneg",1000,295,50,0,20,26.6630390295659,0.646861857056378,26.0161771725095,17.9217670128097,17.9630030650141,2.06180261021985,6.25989173398551,6.25581402893492,6.26099033699941,1.39639348222256,1.28731034366547,0.0855361515981179
"quadneg",1000,295,50,1,20,32.505868758836,0.716905347638496,31.7889634111975,17.922385340878,17.9632686155918,2.04416373568947,6.25466446422605,6.25053985508844,6.26099033699941,2.33161722764974,2.21192010868478,0.0191400151963884
"quadneg",1000,296,2,0,500,526.295711251185,15.5118509357476,510.783860315438,497.432889483912,498.716110279501,2.56644159117696,22.8820989453935,22.360650820774,22.3606797749979,1.26137125078218,0.539686887142178,0.183748320795601
"quadneg",1000,296,2,1,500,531.087973690534,16.1016049259967,514.986368764538,496.974566866149,498.243645879031,2.53815802576357,22.8682907085657,22.3515424977843,22.3606797749979,1.49173400229723,0.749063420887679,0.14753026519632
"quadneg",1000,296,5,0,200,207.825759288918,6.06839143838694,201.757367850531,197.721865326151,198.177156300182,2.27645487015873,17.9935178906352,17.8883967286037,17.8885438199983,0.561529658857083,0.200141555705982,0.301811701085245
"quadneg",1000,296,5,1,200,186.742381089019,7.36945939167021,179.372921697349,197.433818066648,197.884538127373,2.25360030362309,17.9694633435032,17.864424990795,17.8885438199983,-0.594978089954737,-1.03622794685877,0.706482506832787
"quadneg",1000,296,10,0,100,114.82591633653,3.01477008709847,111.811146249431,97.7905924471821,98.0112555245829,2.20663077400845,13.4510666705391,13.416039210623,13.4164078649987,1.26646639308232,1.02861138881594,0.117766725638397
"quadneg",1000,296,10,1,100,94.065134432998,3.51450406432299,90.550630368675,97.6472636068459,97.8651440966583,2.17880489812397,13.4296066561067,13.3944973989817,13.4164078649987,-0.266733737299672,-0.546083478170625,0.593714648686653
"quadneg",1000,296,25,0,40,43.3300221677329,1.26170056911595,42.0683215986169,37.8611686990892,37.9464522699237,2.13208927086216,8.77056404052821,8.76209209660297,8.76356092008266,0.623546381210197,0.470420680728892,0.254416287508134
"quadneg",1000,296,25,1,40,50.4411376344002,1.48316444726692,48.9579731871333,37.807881442793,37.892307040005,2.11063993029963,8.7546434543457,8.74609161660314,8.76356092008266,1.44303491712575,1.26521269524799,0.0852906076545348
"quadneg",1000,296,50,0,20,26.2235393947776,0.635704506033554,25.587834888744,17.8785535635549,17.9207285823461,2.10875093956284,6.2598491305683,6.25702580451391,6.26099033699941,1.33309695763628,1.22535954716165,0.0947555125601297
"quadneg",1000,296,50,1,20,33.4280845166498,0.862825935387163,32.5652585812627,17.8779638836734,17.919337333512,2.06867249193056,6.24726549276001,6.24442953679734,6.26099033699941,2.48910833884002,2.34543782765821,0.0148059835188733
"quadneg",1000,297,2,0,500,524.8195979356,1.88587505086124,522.933722884739,497.447379805093,498.723267802677,2.55177599516922,22.6536214528971,22.3606470363352,22.3606797749979,1.2082932606348,1.08272605183207,0.195984774895198
"quadneg",1000,297,2,1,500,515.383780686961,1.56330903113338,513.820471655827,497.334692096375,498.607551279656,2.54571836656154,22.6530789404781,22.3585167132815,22.3606797749979,0.796760945300643,0.680408301286575,0.285829551602532
"quadneg",1000,297,5,0,200,221.311215686065,0.583745477232396,220.727470208832,197.733212826343,198.186216370811,2.26501772234198,17.9472047074902,17.8883883286876,17.8885438199983,1.31374234840491,1.26010535012099,0.122704511252974
"quadneg",1000,297,5,1,200,230.382889301506,0.764900730759119,229.617988570747,197.665266381807,198.11602046601,2.25377042101661,17.9421855051155,17.8823857152775,17.8885438199983,1.82350265581477,1.76161998775274,0.057137249387423
"quadneg",1000,297,10,0,100,111.644437307667,0.344568465568802,111.299868842098,97.8170282743731,98.0350103541204,2.17982079747327,13.4355269913245,13.4159879128897,13.4164078649987,1.02916759738729,0.988735125143702,0.16358332955131
"quadneg",1000,297,10,1,100,112.423343679124,0.368927269079333,112.054416410044,97.8064275485684,98.0210969665243,2.14669417955874,13.4304961089574,13.4105224478846,13.4164078649987,1.08833776593008,1.04644091966259,0.151335962432212
"quadneg",1000,297,25,0,40,45.2736102873565,0.169357505432758,45.1042527819238,37.8768482681366,37.9614852846866,2.11592541374979,8.76666380590032,8.76198492187926,8.76356092008266,0.843737387789595,0.815199701999169,0.19440460628546
"quadneg",1000,297,25,1,40,62.3415281915639,0.146427578013275,62.1951006135506,37.8726154320771,37.9566765104601,2.10152695957523,8.7628008018981,8.75800809698927,8.76356092008266,2.79236208977689,2.76757269857092,0.00766008700382985
"quadneg",1000,297,50,0,20,21.1441029672654,0.279103744877692,20.8649992223877,17.9082141453929,17.9497415945757,2.07637245914085,6.25762879310005,6.25616903324972,6.26099033699941,0.517111022219885,0.465981275812449,0.272205329303771
"quadneg",1000,297,50,1,20,31.137680009647,0.297861838465266,30.8398181711817,17.9026105578648,17.9440485431724,2.07189926537824,6.25455940869203,6.25305509648247,6.26099033699941,2.11606742968805,2.06231504904915,0.027749211504087
"quadneg",1000,298,2,0,500,453.026924440022,2.64339790342944,450.383526536593,497.497613468117,498.748465124591,2.50170331294808,22.6569459727827,22.3606563735733,22.3606797749979,-1.96278391101417,-2.16294807182664,0.926337582324296
"quadneg",1000,298,2,1,500,490.279794121672,3.13696122739332,487.142832894278,497.072599531379,498.327086853064,2.50897464336864,22.6353800147086,22.3539106009638,22.3606797749979,-0.300096813276102,-0.500326504763915,0.588911615390498
"quadneg",1000,298,5,0,200,211.345054998373,1.13974977189599,210.205305226477,197.778014147424,198.222086687456,2.22036270015812,17.947892431679,17.8884050634006,17.8885438199983,0.755912757032254,0.669887477198214,0.245273486603012
"quadneg",1000,298,5,1,200,219.389487195084,1.27844079956267,218.111046395522,197.468720492431,197.925345242641,2.28312375105148,17.9255417965649,17.8697575124892,17.8885438199983,1.2228788926678,1.12960129082741,0.141939833687097
"quadneg",1000,298,10,0,100,89.1638100748235,0.565398725517272,88.5984113493062,97.8494005359475,98.0641846212451,2.14784085297582,13.4358417295377,13.4160469089812,13.4164078649987,-0.646449298522872,-0.70555606552047,0.726805907970901
"quadneg",1000,298,10,1,100,116.738307380497,0.676084987516017,116.062222392981,97.6811796790434,97.8987292541743,2.17549575130904,13.4169437399556,13.3984447829604,13.4164078649987,1.42037770082479,1.35564189971558,0.0953553729612587
"quadneg",1000,298,25,0,40,37.884660332759,0.304520001675971,37.580140331083,37.9110460143522,37.9943285966573,2.08206455762901,8.76681076207559,8.76206401657313,8.76356092008266,-0.00300972409571636,-0.0472706276501643,0.474747150312736
"quadneg",1000,298,25,1,40,42.3126202368445,0.418762287508792,41.8938579493357,37.8350677911205,37.9189700610293,2.09755674771935,8.75354342585996,8.74913474036823,8.76356092008266,0.511513135640166,0.454317827563726,0.290132540925689
"quadneg",1000,298,50,0,20,23.0031068201498,0.1494713863269,22.8536354338229,17.9222640929785,17.9635522720199,2.06440895207193,6.25837083930133,6.25683289497491,6.26099033699941,0.811847501152311,0.78155885635532,0.190470770005327
"quadneg",1000,298,50,1,20,28.7526637917757,0.172345866177414,28.5803179255983,17.8947404797347,17.9359826664992,2.0621093382239,6.24902848780945,6.24761091306484,6.26099033699941,1.73753781619376,1.70374490460665,0.0514869277232754
"quadneg",1000,299,2,0,500,502.354915522293,8.85351215646179,493.501403365831,497.49748707826,498.748437631573,2.50190110662609,22.5153930358182,22.3606625979107,22.3606797749979,0.215738114644737,-0.23465468622707,0.436952060231358
"quadneg",1000,299,2,1,500,531.839345039979,8.87294952871691,522.966395511262,497.450335131932,498.716526088404,2.53238191294343,22.5156221333463,22.3604008883752,22.3606797749979,1.52733998218577,1.08450065559715,0.142336049181624
"quadneg",1000,299,5,0,200,196.729433526221,3.65318762715487,193.076245899067,197.726375820765,198.180804155408,2.27214167321553,17.919401542945,17.8884194087813,17.8885438199983,-0.0556347985257556,-0.285355465996958,0.512149167003504
"quadneg",1000,299,5,1,200,238.12084743547,3.6991447620225,234.421702673448,197.728415838126,198.180307172403,2.25945667138543,17.9188049020584,17.887624672816,17.8885438199983,2.25419227555206,2.02605970127053,0.0269850240056162
"quadneg",1000,299,10,0,100,98.6102659838411,1.68988743129197,96.9203785525492,97.8411706034492,98.056774723977,2.15604120527803,13.4263282051251,13.4160456673311,13.4164078649987,0.0572826292223647,-0.0847042563514079,0.463699462136379
"quadneg",1000,299,10,1,100,115.805204936296,1.75379940755234,114.051405528744,97.8168387934073,98.0343095618835,2.17470768476255,13.4257071756556,13.41534051016,13.4164078649987,1.33984496366094,1.19393883105164,0.105833571196183
"quadneg",1000,299,25,0,40,52.0301907170442,0.752361684515547,51.2778290325287,37.8767196125897,37.9614197828678,2.11750425695275,8.76475184215204,8.76231002281533,8.76356092008266,1.61481709457953,1.51973728560021,0.0642749684804835
"quadneg",1000,299,25,1,40,49.1070364691007,0.725046108589934,48.3819903605108,37.8970378311496,37.9808286749304,2.09477109452042,8.76426048730196,8.76179516200325,8.76356092008266,1.27905813093902,1.18710395452823,0.107038325792353
"quadneg",1000,299,50,0,20,25.3804378991145,0.318466231393333,25.0619716677212,17.9207197774856,17.9620802609171,2.06802417157526,6.25824367759418,6.25748620626289,6.26099033699941,1.19198268810405,1.13462358090347,0.11479069866276
"quadneg",1000,299,50,1,20,26.5271307954359,0.274016468884641,26.2531143265513,17.9213622494565,17.962691649881,2.0664700212253,6.2579706664412,6.25720466376141,6.26099033699941,1.37516920495145,1.32494030835914,0.0883019881077335
"quadneg",1000,300,2,0,500,485.251452003073,8.66056151620342,476.590890486869,497.477100710861,498.738053776885,2.52190613204854,22.7293186847756,22.3606342854938,22.3606797749979,-0.537880122028347,-0.990453267436321,0.650355722978383
"quadneg",1000,300,2,1,500,505.726799550988,9.02127413895636,496.705525412032,496.6133833912,497.910192749044,2.59361871568679,22.7055745949667,22.3444802536652,22.3606797749979,0.401373509473221,-0.0539134194814991,0.395629105231868
"quadneg",1000,300,5,0,200,209.794300546132,3.52504930175409,206.269251244378,197.747769215619,198.197839419138,2.25035101759592,17.9624977245948,17.8883782667927,17.8885438199983,0.67064901080091,0.451209813704758,0.269390744933348
"quadneg",1000,300,5,1,200,207.837099812978,3.52866232639316,204.308437486585,197.163728227538,197.616144393114,2.26208082787985,17.9193389222142,17.8446072337477,17.8885438199983,0.595634226897098,0.375031683567375,0.301619403594093
"quadneg",1000,300,10,0,100,119.452818468907,1.7247256884848,117.728092780422,97.8318069576579,98.0482776062833,2.16470648625368,13.4405975772563,13.4159403168256,13.4164078649987,1.60863468956435,1.4668979370352,0.0694669522743911
"quadneg",1000,300,10,1,100,130.926628914558,1.83821503947929,129.088413875078,97.5092134525828,97.7252932027676,2.16079750184844,13.4002715656531,13.3749392858916,13.4164078649987,2.49378643546514,2.34491686294186,0.0147429920030252
"quadneg",1000,300,25,0,40,38.4320579555834,0.561986016144798,37.8700719394386,37.8890960588735,37.9732126643071,2.10291513583783,8.76770018983561,8.76181098665413,8.76356092008266,0.0619275163331058,-0.0117716217601131,0.449918031208226
"quadneg",1000,300,25,1,40,63.1356807398872,0.660075377063505,62.4756053628237,37.7551591526233,37.8390545167023,2.0973841019772,8.73806326463771,8.73198194147578,8.76356092008266,2.90459348011097,2.82141568904316,0.00638196775514168
"quadneg",1000,300,50,0,20,22.7394626002071,0.346524905703216,22.3929376945039,17.8994540915054,17.941163527374,2.08547179342985,6.25816711043565,6.25627461251089,6.26099033699941,0.77339074257555,0.711569495083788,0.200801357575562
"quadneg",1000,300,50,1,20,43.8676353347568,0.304625225024811,43.563010109732,17.8458561098918,17.8871925140863,2.06682020972475,6.23589199259991,6.23392676385716,6.26099033699941,4.1729040938722,4.11872300850694,0.000602563524909359
